id,Expression,theta,size,MSE_train,MSE_test,R2_train,R2_test
0,Log(Exp(x3)),,3,0.8283367989601935,0.7616755062298751,0.19375951061084262,0.18118135488684894