4200 3
2.000000000000000000e+02 0.000000000000000000e+00 0.000000000000000000e+00
2.000000000000000000e+02 1.000000000000000000e+00 1.506770756000000056e+01
2.000000000000000000e+02 2.000000000000000000e+00 3.292914271000000070e+01
2.000000000000000000e+02 3.000000000000000000e+00 4.905083984000000186e+01
2.000000000000000000e+02 4.000000000000000000e+00 5.939326183000000015e+01
2.000000000000000000e+02 5.000000000000000000e+00 6.841416897999999946e+01
2.000000000000000000e+02 6.000000000000000000e+00 7.212556458999999620e+01
2.000000000000000000e+02 7.000000000000000000e+00 7.583696019999999294e+01
2.000000000000000000e+02 8.000000000000000000e+00 8.176594756999999447e+01
2.000000000000000000e+02 9.000000000000000000e+00 8.412290457000000288e+01
2.000000000000000000e+02 1.000000000000000000e+01 8.647986156000000335e+01
2.000000000000000000e+02 1.100000000000000000e+01 8.838292307000000392e+01
2.000000000000000000e+02 1.200000000000000000e+01 9.028598458000000448e+01
2.000000000000000000e+02 1.300000000000000000e+01 9.344763367999999559e+01
2.000000000000000000e+02 1.400000000000000000e+01 9.480221419000000083e+01
2.000000000000000000e+02 1.500000000000000000e+01 9.615679470000000606e+01
2.000000000000000000e+02 1.600000000000000000e+01 9.734661891000000367e+01
2.000000000000000000e+02 1.700000000000000000e+01 9.853644312000000127e+01
2.000000000000000000e+02 1.800000000000000000e+01 1.006600351000000018e+02
2.000000000000000000e+02 1.900000000000000000e+01 1.016164169000000044e+02
2.000000000000000000e+02 2.000000000000000000e+01 1.025727985999999987e+02
2.000000000000000000e+02 2.100000000000000000e+01 1.034388287999999960e+02
2.000000000000000000e+02 2.200000000000000000e+01 1.043048588999999993e+02
2.000000000000000000e+02 2.300000000000000000e+01 1.050919559999999962e+02
2.000000000000000000e+02 2.400000000000000000e+01 1.058790529999999990e+02
2.000000000000000000e+02 2.500000000000000000e+01 1.065977015999999935e+02
2.000000000000000000e+02 2.600000000000000000e+01 1.073163500999999940e+02
2.000000000000000000e+02 2.700000000000000000e+01 1.086363498999999990e+02
2.000000000000000000e+02 2.800000000000000000e+01 1.092452708999999942e+02
2.000000000000000000e+02 2.900000000000000000e+01 1.098541919000000036e+02
2.000000000000000000e+02 3.000000000000000000e+01 1.104167276000000015e+02
2.000000000000000000e+02 3.100000000000000000e+01 1.109792632999999995e+02
2.000000000000000000e+02 3.200000000000000000e+01 1.114983486999999940e+02
2.000000000000000000e+02 3.300000000000000000e+01 1.120174341000000027e+02
2.000000000000000000e+02 3.400000000000000000e+01 1.124957251000000014e+02
2.000000000000000000e+02 3.500000000000000000e+01 1.129740161000000001e+02
2.000000000000000000e+02 3.600000000000000000e+01 1.138543279000000013e+02
2.000000000000000000e+02 3.700000000000000000e+01 1.142594239000000016e+02
2.000000000000000000e+02 3.800000000000000000e+01 1.146645197999999937e+02
2.000000000000000000e+02 3.900000000000000000e+01 1.150402971999999977e+02
2.000000000000000000e+02 4.000000000000000000e+01 1.154160746000000017e+02
2.000000000000000000e+02 4.100000000000000000e+01 1.157698867999999948e+02
2.000000000000000000e+02 4.200000000000000000e+01 1.161236988999999937e+02
2.000000000000000000e+02 4.300000000000000000e+01 1.164592377000000027e+02
2.000000000000000000e+02 4.400000000000000000e+01 1.167947764000000035e+02
2.000000000000000000e+02 4.500000000000000000e+01 1.174284832000000023e+02
2.000000000000000000e+02 4.600000000000000000e+01 1.177266355999999945e+02
2.000000000000000000e+02 4.700000000000000000e+01 1.180247880000000009e+02
2.000000000000000000e+02 4.800000000000000000e+01 1.183061588999999998e+02
2.000000000000000000e+02 4.900000000000000000e+01 1.185875297999999987e+02
2.000000000000000000e+02 5.000000000000000000e+01 1.188538929999999993e+02
2.000000000000000000e+02 5.100000000000000000e+01 1.191202562000000000e+02
2.000000000000000000e+02 5.200000000000000000e+01 1.193724469999999940e+02
2.000000000000000000e+02 5.300000000000000000e+01 1.196246378000000021e+02
2.000000000000000000e+02 5.400000000000000000e+01 1.198645285999999999e+02
2.000000000000000000e+02 5.500000000000000000e+01 1.201044193000000035e+02
2.000000000000000000e+02 5.600000000000000000e+01 1.205645973999999967e+02
2.000000000000000000e+02 5.700000000000000000e+01 1.207848180999999954e+02
2.000000000000000000e+02 5.800000000000000000e+01 1.210050387000000001e+02
2.000000000000000000e+02 5.900000000000000000e+01 1.212139686000000012e+02
2.000000000000000000e+02 6.000000000000000000e+01 1.214228983999999940e+02
2.000000000000000000e+02 6.100000000000000000e+01 1.216215480999999983e+02
2.000000000000000000e+02 6.200000000000000000e+01 1.218201978000000025e+02
2.000000000000000000e+02 6.300000000000000000e+01 1.220113292999999999e+02
2.000000000000000000e+02 6.400000000000000000e+01 1.222024607000000032e+02
2.000000000000000000e+02 6.500000000000000000e+01 1.223876106000000021e+02
2.000000000000000000e+02 6.600000000000000000e+01 1.225727605000000011e+02
2.000000000000000000e+02 6.700000000000000000e+01 1.229305442999999940e+02
2.000000000000000000e+02 6.800000000000000000e+01 1.231029518999999937e+02
2.000000000000000000e+02 6.900000000000000000e+01 1.232753594999999933e+02
2.000000000000000000e+02 7.000000000000000000e+01 1.234426356000000027e+02
2.000000000000000000e+02 7.100000000000000000e+01 1.236099116000000038e+02
2.000000000000000000e+02 7.200000000000000000e+01 1.237727066000000065e+02
2.000000000000000000e+02 7.300000000000000000e+01 1.239355015999999949e+02
2.000000000000000000e+02 7.400000000000000000e+01 1.240912699000000003e+02
2.000000000000000000e+02 7.500000000000000000e+01 1.242470380999999975e+02
2.000000000000000000e+02 7.600000000000000000e+01 1.243929926999999935e+02
2.000000000000000000e+02 7.700000000000000000e+01 1.245389471999999955e+02
2.000000000000000000e+02 7.800000000000000000e+01 1.248122189999999989e+02
2.000000000000000000e+02 7.900000000000000000e+01 1.249426126000000039e+02
2.000000000000000000e+02 8.000000000000000000e+01 1.250730061000000006e+02
2.000000000000000000e+02 8.100000000000000000e+01 1.251997632000000067e+02
2.000000000000000000e+02 8.200000000000000000e+01 1.253265202000000045e+02
2.000000000000000000e+02 8.300000000000000000e+01 1.254492500000000064e+02
2.000000000000000000e+02 8.400000000000000000e+01 1.255719797000000000e+02
2.000000000000000000e+02 8.500000000000000000e+01 1.256886157999999938e+02
2.000000000000000000e+02 8.600000000000000000e+01 1.258052517999999935e+02
2.000000000000000000e+02 8.700000000000000000e+01 1.259155511999999959e+02
2.000000000000000000e+02 8.800000000000000000e+01 1.260258505000000042e+02
2.000000000000000000e+02 8.900000000000000000e+01 1.262381648000000069e+02
2.000000000000000000e+02 9.000000000000000000e+01 1.263422398000000015e+02
2.000000000000000000e+02 9.100000000000000000e+01 1.264463147999999961e+02
2.000000000000000000e+02 9.200000000000000000e+01 1.265482753999999943e+02
2.000000000000000000e+02 9.300000000000000000e+01 1.266502360000000067e+02
2.000000000000000000e+02 9.400000000000000000e+01 1.267489960999999994e+02
2.000000000000000000e+02 9.500000000000000000e+01 1.268477562000000063e+02
2.000000000000000000e+02 9.600000000000000000e+01 1.269425741000000016e+02
2.000000000000000000e+02 9.700000000000000000e+01 1.270373919000000029e+02
2.000000000000000000e+02 9.800000000000000000e+01 1.271278796000000000e+02
2.000000000000000000e+02 9.900000000000000000e+01 1.272183672999999970e+02
2.000000000000000000e+02 1.000000000000000000e+02 1.273050759000000056e+02
2.000000000000000000e+02 1.010000000000000000e+02 1.273917844000000059e+02
2.000000000000000000e+02 1.020000000000000000e+02 1.275613544999999931e+02
2.000000000000000000e+02 1.030000000000000000e+02 1.276463092000000046e+02
2.000000000000000000e+02 1.040000000000000000e+02 1.277312639000000019e+02
2.000000000000000000e+02 1.050000000000000000e+02 1.278176196999999945e+02
2.000000000000000000e+02 1.060000000000000000e+02 1.279039755000000014e+02
2.000000000000000000e+02 1.070000000000000000e+02 1.279914085999999998e+02
2.000000000000000000e+02 1.080000000000000000e+02 1.280788416999999981e+02
2.000000000000000000e+02 1.090000000000000000e+02 1.281659497999999928e+02
2.000000000000000000e+02 1.100000000000000000e+02 1.282530578999999875e+02
2.000000000000000000e+02 1.110000000000000000e+02 1.283390048999999919e+02
2.000000000000000000e+02 1.120000000000000000e+02 1.284249518000000023e+02
2.000000000000000000e+02 1.130000000000000000e+02 1.285950593999999967e+02
2.000000000000000000e+02 1.140000000000000000e+02 1.286800308999999913e+02
2.000000000000000000e+02 1.150000000000000000e+02 1.287650023999999860e+02
2.000000000000000000e+02 1.160000000000000000e+02 1.288505793999999867e+02
2.000000000000000000e+02 1.170000000000000000e+02 1.289361563999999873e+02
2.000000000000000000e+02 1.180000000000000000e+02 1.290218771000000118e+02
2.000000000000000000e+02 1.190000000000000000e+02 1.291075977000000137e+02
2.000000000000000000e+02 1.200000000000000000e+02 1.291917859000000135e+02
2.000000000000000000e+02 1.210000000000000000e+02 1.292759739999999908e+02
2.000000000000000000e+02 1.220000000000000000e+02 1.293576745000000017e+02
2.000000000000000000e+02 1.230000000000000000e+02 1.294393750000000125e+02
2.000000000000000000e+02 1.240000000000000000e+02 1.295997125000000096e+02
2.000000000000000000e+02 1.250000000000000000e+02 1.296797043999999914e+02
2.000000000000000000e+02 1.260000000000000000e+02 1.297596963000000017e+02
2.000000000000000000e+02 1.270000000000000000e+02 1.298402294999999924e+02
2.000000000000000000e+02 1.280000000000000000e+02 1.299207625999999891e+02
2.000000000000000000e+02 1.290000000000000000e+02 1.300023887000000116e+02
2.000000000000000000e+02 1.300000000000000000e+02 1.300840148000000056e+02
2.000000000000000000e+02 1.310000000000000000e+02 1.301666836999999930e+02
2.000000000000000000e+02 1.320000000000000000e+02 1.302493526000000088e+02
2.000000000000000000e+02 1.330000000000000000e+02 1.303323437999999896e+02
2.000000000000000000e+02 1.340000000000000000e+02 1.304153349999999989e+02
2.000000000000000000e+02 1.350000000000000000e+02 1.305804955000000120e+02
2.000000000000000000e+02 1.360000000000000000e+02 1.306614589000000137e+02
2.000000000000000000e+02 1.370000000000000000e+02 1.307424222999999870e+02
2.000000000000000000e+02 1.380000000000000000e+02 1.308206625999999915e+02
2.000000000000000000e+02 1.390000000000000000e+02 1.308989028000000019e+02
2.000000000000000000e+02 1.400000000000000000e+02 1.309751540999999975e+02
2.000000000000000000e+02 1.410000000000000000e+02 1.310514053999999931e+02
2.000000000000000000e+02 1.420000000000000000e+02 1.311271168000000102e+02
2.000000000000000000e+02 1.430000000000000000e+02 1.312028281999999990e+02
2.000000000000000000e+02 1.440000000000000000e+02 1.312781951999999990e+02
2.000000000000000000e+02 1.450000000000000000e+02 1.313535621999999989e+02
2.000000000000000000e+02 1.460000000000000000e+02 1.314283261999999866e+02
2.000000000000000000e+02 1.470000000000000000e+02 1.315030901000000085e+02
2.000000000000000000e+02 1.480000000000000000e+02 1.316515320000000031e+02
2.000000000000000000e+02 1.490000000000000000e+02 1.317247912999999926e+02
2.000000000000000000e+02 1.500000000000000000e+02 1.317980504999999880e+02
2.000000000000000000e+02 1.510000000000000000e+02 1.318692642000000035e+02
2.000000000000000000e+02 1.520000000000000000e+02 1.319404778999999905e+02
2.000000000000000000e+02 1.530000000000000000e+02 1.320094646000000012e+02
2.000000000000000000e+02 1.540000000000000000e+02 1.320784511999999893e+02
2.000000000000000000e+02 1.550000000000000000e+02 1.321463838999999894e+02
2.000000000000000000e+02 1.560000000000000000e+02 1.322143165999999894e+02
2.000000000000000000e+02 1.570000000000000000e+02 1.322811045999999919e+02
2.000000000000000000e+02 1.580000000000000000e+02 1.323478925999999944e+02
2.000000000000000000e+02 1.590000000000000000e+02 1.324762527999999975e+02
2.000000000000000000e+02 1.600000000000000000e+02 1.325382097000000101e+02
2.000000000000000000e+02 1.610000000000000000e+02 1.326001665000000003e+02
2.000000000000000000e+02 1.620000000000000000e+02 1.326615285999999969e+02
2.000000000000000000e+02 1.630000000000000000e+02 1.327228905999999995e+02
2.000000000000000000e+02 1.640000000000000000e+02 1.327836001999999951e+02
2.000000000000000000e+02 1.650000000000000000e+02 1.328443096999999966e+02
2.000000000000000000e+02 1.660000000000000000e+02 1.329031415000000038e+02
2.000000000000000000e+02 1.670000000000000000e+02 1.329619731999999885e+02
2.000000000000000000e+02 1.680000000000000000e+02 1.330189072999999951e+02
2.000000000000000000e+02 1.690000000000000000e+02 1.330758413000000075e+02
2.000000000000000000e+02 1.700000000000000000e+02 1.331891545999999948e+02
2.000000000000000000e+02 1.710000000000000000e+02 1.332466560999999956e+02
2.000000000000000000e+02 1.720000000000000000e+02 1.333041575999999964e+02
2.000000000000000000e+02 1.730000000000000000e+02 1.333616653999999926e+02
2.000000000000000000e+02 1.740000000000000000e+02 1.334191730999999947e+02
2.000000000000000000e+02 1.750000000000000000e+02 1.334751500000000135e+02
2.000000000000000000e+02 1.760000000000000000e+02 1.335311269000000038e+02
2.000000000000000000e+02 1.770000000000000000e+02 1.335853424000000018e+02
2.000000000000000000e+02 1.780000000000000000e+02 1.336395578000000057e+02
2.000000000000000000e+02 1.790000000000000000e+02 1.336933940000000121e+02
2.000000000000000000e+02 1.800000000000000000e+02 1.337472300999999959e+02
2.000000000000000000e+02 1.810000000000000000e+02 1.338012543000000107e+02
2.000000000000000000e+02 1.820000000000000000e+02 1.338552784999999972e+02
2.000000000000000000e+02 1.830000000000000000e+02 1.339613367999999980e+02
2.000000000000000000e+02 1.840000000000000000e+02 1.340134007999999994e+02
2.000000000000000000e+02 1.850000000000000000e+02 1.340654648000000009e+02
2.000000000000000000e+02 1.860000000000000000e+02 1.341181982999999889e+02
2.000000000000000000e+02 1.870000000000000000e+02 1.341709317000000112e+02
2.000000000000000000e+02 1.880000000000000000e+02 1.342245404999999892e+02
2.000000000000000000e+02 1.890000000000000000e+02 1.342781492000000014e+02
2.000000000000000000e+02 1.900000000000000000e+02 1.343311624000000108e+02
2.000000000000000000e+02 1.910000000000000000e+02 1.343841754999999978e+02
2.000000000000000000e+02 1.920000000000000000e+02 1.344355420999999922e+02
2.000000000000000000e+02 1.930000000000000000e+02 1.344869085999999925e+02
2.000000000000000000e+02 1.940000000000000000e+02 1.345867341000000010e+02
2.000000000000000000e+02 1.950000000000000000e+02 1.346354171000000122e+02
2.000000000000000000e+02 1.960000000000000000e+02 1.346841000000000008e+02
2.000000000000000000e+02 1.970000000000000000e+02 1.347302569999999946e+02
2.000000000000000000e+02 1.980000000000000000e+02 1.347764139999999884e+02
2.000000000000000000e+02 1.990000000000000000e+02 1.348183851000000004e+02
2.000000000000000000e+02 2.000000000000000000e+02 1.348603562000000124e+02
2.000000000000000000e+02 2.010000000000000000e+02 1.348988913000000025e+02
2.000000000000000000e+02 2.020000000000000000e+02 1.349374263999999926e+02
2.000000000000000000e+02 2.030000000000000000e+02 1.349760740000000112e+02
2.000000000000000000e+02 2.040000000000000000e+02 1.350147216000000014e+02
2.000000000000000000e+02 2.050000000000000000e+02 1.350982692000000043e+02
2.000000000000000000e+02 2.060000000000000000e+02 1.351423019000000068e+02
2.000000000000000000e+02 2.070000000000000000e+02 1.351863344999999867e+02
2.000000000000000000e+02 2.080000000000000000e+02 1.352291586999999993e+02
2.000000000000000000e+02 2.090000000000000000e+02 1.352719829000000118e+02
2.000000000000000000e+02 2.100000000000000000e+02 1.353108661999999924e+02
2.000000000000000000e+02 2.110000000000000000e+02 1.353497495000000015e+02
2.000000000000000000e+02 2.120000000000000000e+02 1.353847457999999904e+02
2.000000000000000000e+02 2.130000000000000000e+02 1.354197420000000136e+02
2.000000000000000000e+02 2.140000000000000000e+02 1.354539135999999928e+02
2.000000000000000000e+02 2.150000000000000000e+02 1.354880851000000064e+02
2.000000000000000000e+02 2.160000000000000000e+02 1.355605711000000042e+02
2.000000000000000000e+02 2.170000000000000000e+02 1.355984410000000082e+02
2.000000000000000000e+02 2.180000000000000000e+02 1.356363109000000122e+02
2.000000000000000000e+02 2.190000000000000000e+02 1.356734999999999900e+02
2.000000000000000000e+02 2.200000000000000000e+02 1.357106890000000021e+02
2.000000000000000000e+02 2.210000000000000000e+02 1.357461174000000028e+02
2.000000000000000000e+02 2.220000000000000000e+02 1.357815457000000094e+02
2.000000000000000000e+02 2.230000000000000000e+02 1.358154318999999930e+02
2.000000000000000000e+02 2.240000000000000000e+02 1.358493181000000050e+02
2.000000000000000000e+02 2.250000000000000000e+02 1.358824438000000043e+02
2.000000000000000000e+02 2.260000000000000000e+02 1.359155695000000037e+02
2.000000000000000000e+02 2.270000000000000000e+02 1.359501943999999867e+02
2.000000000000000000e+02 2.280000000000000000e+02 1.359848192000000040e+02
2.000000000000000000e+02 2.290000000000000000e+02 1.360613681000000099e+02
2.000000000000000000e+02 2.300000000000000000e+02 1.361018596000000116e+02
2.000000000000000000e+02 2.310000000000000000e+02 1.361423511000000133e+02
2.000000000000000000e+02 2.320000000000000000e+02 1.361822822999999971e+02
2.000000000000000000e+02 2.330000000000000000e+02 1.362222133999999869e+02
2.000000000000000000e+02 2.340000000000000000e+02 1.362622492000000136e+02
2.000000000000000000e+02 2.350000000000000000e+02 1.363022850000000119e+02
2.000000000000000000e+02 2.360000000000000000e+02 1.363446222000000034e+02
2.000000000000000000e+02 2.370000000000000000e+02 1.363869593000000009e+02
2.000000000000000000e+02 2.380000000000000000e+02 1.364311358999999868e+02
2.000000000000000000e+02 2.390000000000000000e+02 1.364753124000000071e+02
2.000000000000000000e+02 2.400000000000000000e+02 1.365639640999999926e+02
2.000000000000000000e+02 2.410000000000000000e+02 1.366086524000000111e+02
2.000000000000000000e+02 2.420000000000000000e+02 1.366533406000000070e+02
2.000000000000000000e+02 2.430000000000000000e+02 1.366996182999999974e+02
2.000000000000000000e+02 2.440000000000000000e+02 1.367458959999999877e+02
2.000000000000000000e+02 2.450000000000000000e+02 1.367934868000000108e+02
2.000000000000000000e+02 2.460000000000000000e+02 1.368410775000000115e+02
2.000000000000000000e+02 2.470000000000000000e+02 1.368885672000000113e+02
2.000000000000000000e+02 2.480000000000000000e+02 1.369360569000000112e+02
2.000000000000000000e+02 2.490000000000000000e+02 1.369831442999999922e+02
2.000000000000000000e+02 2.500000000000000000e+02 1.370302317000000016e+02
2.000000000000000000e+02 2.510000000000000000e+02 1.371260219000000120e+02
2.000000000000000000e+02 2.520000000000000000e+02 1.371755894000000069e+02
2.000000000000000000e+02 2.530000000000000000e+02 1.372251569000000018e+02
2.000000000000000000e+02 2.540000000000000000e+02 1.372751149999999996e+02
2.000000000000000000e+02 2.550000000000000000e+02 1.373250730000000033e+02
2.000000000000000000e+02 2.560000000000000000e+02 1.373728753000000040e+02
2.000000000000000000e+02 2.570000000000000000e+02 1.374206776000000048e+02
2.000000000000000000e+02 2.580000000000000000e+02 1.374657419000000118e+02
2.000000000000000000e+02 2.590000000000000000e+02 1.375108060999999964e+02
2.000000000000000000e+02 2.600000000000000000e+02 1.375548515000000123e+02
2.000000000000000000e+02 2.610000000000000000e+02 1.375988968000000057e+02
2.000000000000000000e+02 2.620000000000000000e+02 1.376877661000000046e+02
2.000000000000000000e+02 2.630000000000000000e+02 1.377333372999999881e+02
2.000000000000000000e+02 2.640000000000000000e+02 1.377789084000000059e+02
2.000000000000000000e+02 2.650000000000000000e+02 1.378255931999999859e+02
2.000000000000000000e+02 2.660000000000000000e+02 1.378722779999999943e+02
2.000000000000000000e+02 2.670000000000000000e+02 1.379184558999999979e+02
2.000000000000000000e+02 2.680000000000000000e+02 1.379646337000000074e+02
2.000000000000000000e+02 2.690000000000000000e+02 1.380091391999999928e+02
2.000000000000000000e+02 2.700000000000000000e+02 1.380536447000000067e+02
2.000000000000000000e+02 2.710000000000000000e+02 1.380967492000000050e+02
2.000000000000000000e+02 2.720000000000000000e+02 1.381398536000000092e+02
2.000000000000000000e+02 2.730000000000000000e+02 1.382215841999999952e+02
2.000000000000000000e+02 2.740000000000000000e+02 1.382587354000000062e+02
2.000000000000000000e+02 2.750000000000000000e+02 1.382958864999999946e+02
2.000000000000000000e+02 2.760000000000000000e+02 1.383299020000000041e+02
2.000000000000000000e+02 2.770000000000000000e+02 1.383639175000000137e+02
2.000000000000000000e+02 2.780000000000000000e+02 1.383958997999999951e+02
2.000000000000000000e+02 2.790000000000000000e+02 1.384278820000000110e+02
2.000000000000000000e+02 2.800000000000000000e+02 1.384575637000000086e+02
2.000000000000000000e+02 2.810000000000000000e+02 1.384872454000000062e+02
2.000000000000000000e+02 2.820000000000000000e+02 1.385139404999999897e+02
2.000000000000000000e+02 2.830000000000000000e+02 1.385406356000000017e+02
2.000000000000000000e+02 2.840000000000000000e+02 1.385870408000000111e+02
2.000000000000000000e+02 2.850000000000000000e+02 1.386071502000000066e+02
2.000000000000000000e+02 2.860000000000000000e+02 1.386272595000000081e+02
2.000000000000000000e+02 2.870000000000000000e+02 1.386459532000000081e+02
2.000000000000000000e+02 2.880000000000000000e+02 1.386646469000000081e+02
2.000000000000000000e+02 2.890000000000000000e+02 1.386831350999999870e+02
2.000000000000000000e+02 2.900000000000000000e+02 1.387016232999999943e+02
2.000000000000000000e+02 2.910000000000000000e+02 1.387196182000000135e+02
2.000000000000000000e+02 2.920000000000000000e+02 1.387376130000000103e+02
2.000000000000000000e+02 2.930000000000000000e+02 1.387550717999999961e+02
2.000000000000000000e+02 2.940000000000000000e+02 1.387725306000000103e+02
2.000000000000000000e+02 2.950000000000000000e+02 1.388084643999999912e+02
2.000000000000000000e+02 2.960000000000000000e+02 1.388270047999999974e+02
2.000000000000000000e+02 2.970000000000000000e+02 1.388455452000000037e+02
2.000000000000000000e+02 2.980000000000000000e+02 1.388634528999999986e+02
2.000000000000000000e+02 2.990000000000000000e+02 1.388813605999999936e+02
2.000000000000000000e+02 3.000000000000000000e+02 1.388983050999999875e+02
2.000000000000000000e+02 3.010000000000000000e+02 1.389152496000000099e+02
2.000000000000000000e+02 3.020000000000000000e+02 1.389322622999999908e+02
2.000000000000000000e+02 3.030000000000000000e+02 1.389492750000000001e+02
2.000000000000000000e+02 3.040000000000000000e+02 1.389678834999999992e+02
2.000000000000000000e+02 3.050000000000000000e+02 1.389864919999999984e+02
2.000000000000000000e+02 3.060000000000000000e+02 1.390280421999999874e+02
2.000000000000000000e+02 3.070000000000000000e+02 1.390490858000000003e+02
2.000000000000000000e+02 3.080000000000000000e+02 1.390701292999999907e+02
2.000000000000000000e+02 3.090000000000000000e+02 1.390888832999999920e+02
2.000000000000000000e+02 3.100000000000000000e+02 1.391076371999999992e+02
2.000000000000000000e+02 3.110000000000000000e+02 1.391244416000000115e+02
2.000000000000000000e+02 3.120000000000000000e+02 1.391412459999999953e+02
2.000000000000000000e+02 3.130000000000000000e+02 1.391585205000000087e+02
2.000000000000000000e+02 3.140000000000000000e+02 1.391757948999999996e+02
2.000000000000000000e+02 3.150000000000000000e+02 1.391942265000000134e+02
2.000000000000000000e+02 3.160000000000000000e+02 1.392126580000000047e+02
2.000000000000000000e+02 3.170000000000000000e+02 1.392502526000000103e+02
2.000000000000000000e+02 3.180000000000000000e+02 1.392702427000000114e+02
2.000000000000000000e+02 3.190000000000000000e+02 1.392902328000000125e+02
2.000000000000000000e+02 3.200000000000000000e+02 1.393124469999999917e+02
2.000000000000000000e+02 3.210000000000000000e+02 1.393346611000000053e+02
2.000000000000000000e+02 3.220000000000000000e+02 1.393570349000000022e+02
2.000000000000000000e+02 3.230000000000000000e+02 1.393794086000000050e+02
2.000000000000000000e+02 3.240000000000000000e+02 1.393989167000000009e+02
2.000000000000000000e+02 3.250000000000000000e+02 1.394184247000000028e+02
2.000000000000000000e+02 3.260000000000000000e+02 1.394351071000000104e+02
2.000000000000000000e+02 3.270000000000000000e+02 1.394517894999999896e+02
2.000000000000000000e+02 3.280000000000000000e+02 1.394838057000000049e+02
2.000000000000000000e+02 3.290000000000000000e+02 1.394998069000000100e+02
2.000000000000000000e+02 3.300000000000000000e+02 1.395158079999999927e+02
2.000000000000000000e+02 3.310000000000000000e+02 1.395313864000000024e+02
2.000000000000000000e+02 3.320000000000000000e+02 1.395469646999999895e+02
2.000000000000000000e+02 3.330000000000000000e+02 1.395632718999999895e+02
2.000000000000000000e+02 3.340000000000000000e+02 1.395795789999999954e+02
2.000000000000000000e+02 3.350000000000000000e+02 1.395981573999999910e+02
2.000000000000000000e+02 3.360000000000000000e+02 1.396167356999999924e+02
2.000000000000000000e+02 3.370000000000000000e+02 1.396371958000000006e+02
2.000000000000000000e+02 3.380000000000000000e+02 1.396576559000000088e+02
2.000000000000000000e+02 3.390000000000000000e+02 1.397000481999999977e+02
2.000000000000000000e+02 3.400000000000000000e+02 1.397218281000000104e+02
2.000000000000000000e+02 3.410000000000000000e+02 1.397436079999999947e+02
2.000000000000000000e+02 3.420000000000000000e+02 1.397660921000000087e+02
2.000000000000000000e+02 3.430000000000000000e+02 1.397885761000000002e+02
2.000000000000000000e+02 3.440000000000000000e+02 1.398112350000000106e+02
2.000000000000000000e+02 3.450000000000000000e+02 1.398338937999999985e+02
2.000000000000000000e+02 3.460000000000000000e+02 1.398561928999999964e+02
2.000000000000000000e+02 3.470000000000000000e+02 1.398784919000000002e+02
2.000000000000000000e+02 3.480000000000000000e+02 1.399226520999999934e+02
2.000000000000000000e+02 3.490000000000000000e+02 1.399448887000000070e+02
2.000000000000000000e+02 3.500000000000000000e+02 1.399671252999999922e+02
2.000000000000000000e+02 3.510000000000000000e+02 1.399895616000000018e+02
2.000000000000000000e+02 3.520000000000000000e+02 1.400119979000000114e+02
2.000000000000000000e+02 3.530000000000000000e+02 1.400345815000000016e+02
2.000000000000000000e+02 3.540000000000000000e+02 1.400571650999999918e+02
2.000000000000000000e+02 3.550000000000000000e+02 1.400799931999999899e+02
2.000000000000000000e+02 3.560000000000000000e+02 1.401028212999999880e+02
2.000000000000000000e+02 3.570000000000000000e+02 1.401260771000000034e+02
2.000000000000000000e+02 3.580000000000000000e+02 1.401493328999999903e+02
2.000000000000000000e+02 3.590000000000000000e+02 1.401975932000000000e+02
2.000000000000000000e+02 3.600000000000000000e+02 1.402231932999999913e+02
2.000000000000000000e+02 3.610000000000000000e+02 1.402487932999999884e+02
2.000000000000000000e+02 3.620000000000000000e+02 1.402758506000000125e+02
2.000000000000000000e+02 3.630000000000000000e+02 1.403029079000000081e+02
2.000000000000000000e+02 3.640000000000000000e+02 1.403307460999999989e+02
2.000000000000000000e+02 3.650000000000000000e+02 1.403585842999999898e+02
2.000000000000000000e+02 3.660000000000000000e+02 1.403869924999999910e+02
2.000000000000000000e+02 3.670000000000000000e+02 1.404154005999999981e+02
2.000000000000000000e+02 3.680000000000000000e+02 1.404442079000000092e+02
2.000000000000000000e+02 3.690000000000000000e+02 1.404730151999999919e+02
2.000000000000000000e+02 3.700000000000000000e+02 1.405274923999999999e+02
2.000000000000000000e+02 3.710000000000000000e+02 1.405510400999999945e+02
2.000000000000000000e+02 3.720000000000000000e+02 1.405745876999999950e+02
2.000000000000000000e+02 3.730000000000000000e+02 1.405954581999999959e+02
2.000000000000000000e+02 3.740000000000000000e+02 1.406163286999999968e+02
2.000000000000000000e+02 3.750000000000000000e+02 1.406379000000000019e+02
2.000000000000000000e+02 3.760000000000000000e+02 1.406594713000000070e+02
2.000000000000000000e+02 3.770000000000000000e+02 1.406840290000000095e+02
2.000000000000000000e+02 3.780000000000000000e+02 1.407085865999999896e+02
2.000000000000000000e+02 3.790000000000000000e+02 1.407352395999999999e+02
2.000000000000000000e+02 3.800000000000000000e+02 1.407618926000000101e+02
2.000000000000000000e+02 3.810000000000000000e+02 1.408137585000000058e+02
2.000000000000000000e+02 3.820000000000000000e+02 1.408366841000000136e+02
2.000000000000000000e+02 3.830000000000000000e+02 1.408596095999999989e+02
2.000000000000000000e+02 3.840000000000000000e+02 1.408787009000000126e+02
2.000000000000000000e+02 3.850000000000000000e+02 1.408977921999999978e+02
2.000000000000000000e+02 3.860000000000000000e+02 1.409134789999999953e+02
2.000000000000000000e+02 3.870000000000000000e+02 1.409291656999999987e+02
2.000000000000000000e+02 3.880000000000000000e+02 1.409415387999999894e+02
2.000000000000000000e+02 3.890000000000000000e+02 1.409539117999999860e+02
2.000000000000000000e+02 3.900000000000000000e+02 1.409706716000000029e+02
2.000000000000000000e+02 3.910000000000000000e+02 1.409759792000000118e+02
2.000000000000000000e+02 3.920000000000000000e+02 1.409812866999999983e+02
2.000000000000000000e+02 3.930000000000000000e+02 1.409863101999999913e+02
2.000000000000000000e+02 3.940000000000000000e+02 1.409913335999999902e+02
2.000000000000000000e+02 3.950000000000000000e+02 1.409975961000000098e+02
2.000000000000000000e+02 3.960000000000000000e+02 1.410038585000000069e+02
2.000000000000000000e+02 3.970000000000000000e+02 1.410104584999999986e+02
2.000000000000000000e+02 3.980000000000000000e+02 1.410170584999999903e+02
2.000000000000000000e+02 3.990000000000000000e+02 1.410230155000000138e+02
2.000000000000000000e+02 4.000000000000000000e+02 1.410289723999999865e+02
2.000000000000000000e+02 4.010000000000000000e+02 1.410391954000000112e+02
2.000000000000000000e+02 4.020000000000000000e+02 1.410432613000000117e+02
2.000000000000000000e+02 4.030000000000000000e+02 1.410473272000000122e+02
2.000000000000000000e+02 4.040000000000000000e+02 1.410503971999999919e+02
2.000000000000000000e+02 4.050000000000000000e+02 1.410534672000000000e+02
2.000000000000000000e+02 4.060000000000000000e+02 1.410555420999999967e+02
2.000000000000000000e+02 4.070000000000000000e+02 1.410576168999999993e+02
2.000000000000000000e+02 4.080000000000000000e+02 1.410591151000000139e+02
2.000000000000000000e+02 4.090000000000000000e+02 1.410606133000000000e+02
2.000000000000000000e+02 4.100000000000000000e+02 1.410656714000000136e+02
2.000000000000000000e+02 4.110000000000000000e+02 1.410702908000000093e+02
2.000000000000000000e+02 4.120000000000000000e+02 1.410749102000000050e+02
2.000000000000000000e+02 4.130000000000000000e+02 1.410809624999999983e+02
2.000000000000000000e+02 4.140000000000000000e+02 1.410870147999999915e+02
2.000000000000000000e+02 4.150000000000000000e+02 1.410929160000000024e+02
2.000000000000000000e+02 4.160000000000000000e+02 1.410988170999999909e+02
2.000000000000000000e+02 4.170000000000000000e+02 1.411034903999999983e+02
2.000000000000000000e+02 4.180000000000000000e+02 1.411081637000000057e+02
2.000000000000000000e+02 4.190000000000000000e+02 1.411122703000000058e+02
2.000000000000000000e+02 4.200000000000000000e+02 1.411163768000000118e+02
2.000000000000000000e+02 4.210000000000000000e+02 1.411271691999999973e+02
2.000000000000000000e+02 4.220000000000000000e+02 1.411353522999999939e+02
2.000000000000000000e+02 4.230000000000000000e+02 1.411435352999999964e+02
2.000000000000000000e+02 4.240000000000000000e+02 1.411542158999999970e+02
2.000000000000000000e+02 4.250000000000000000e+02 1.411648964999999976e+02
2.000000000000000000e+02 4.260000000000000000e+02 1.411760912999999960e+02
2.000000000000000000e+02 4.270000000000000000e+02 1.411872860999999943e+02
2.000000000000000000e+02 4.280000000000000000e+02 1.411969850000000122e+02
2.000000000000000000e+02 4.290000000000000000e+02 1.412066839000000016e+02
2.000000000000000000e+02 4.300000000000000000e+02 1.412210073999999906e+02
2.000000000000000000e+02 4.310000000000000000e+02 1.412265106000000117e+02
2.000000000000000000e+02 4.320000000000000000e+02 1.412320138000000043e+02
2.000000000000000000e+02 4.330000000000000000e+02 1.412383662999999956e+02
2.000000000000000000e+02 4.340000000000000000e+02 1.412447187999999869e+02
2.000000000000000000e+02 4.350000000000000000e+02 1.412527234000000078e+02
2.000000000000000000e+02 4.360000000000000000e+02 1.412607280000000003e+02
2.000000000000000000e+02 4.370000000000000000e+02 1.412682710999999927e+02
2.000000000000000000e+02 4.380000000000000000e+02 1.412758142000000134e+02
2.000000000000000000e+02 4.390000000000000000e+02 1.412813462999999956e+02
2.000000000000000000e+02 4.400000000000000000e+02 1.412868783000000121e+02
2.000000000000000000e+02 4.410000000000000000e+02 1.412960399000000109e+02
2.000000000000000000e+02 4.420000000000000000e+02 1.413012514000000124e+02
2.000000000000000000e+02 4.430000000000000000e+02 1.413064627999999914e+02
2.000000000000000000e+02 4.440000000000000000e+02 1.413127772999999934e+02
2.000000000000000000e+02 4.450000000000000000e+02 1.413190917999999954e+02
2.000000000000000000e+02 4.460000000000000000e+02 1.413264239000000089e+02
2.000000000000000000e+02 4.470000000000000000e+02 1.413337559999999939e+02
2.000000000000000000e+02 4.480000000000000000e+02 1.413424679000000026e+02
2.000000000000000000e+02 4.490000000000000000e+02 1.413511798000000113e+02
2.000000000000000000e+02 4.500000000000000000e+02 1.413733061000000077e+02
2.000000000000000000e+02 4.510000000000000000e+02 1.413869569000000013e+02
2.000000000000000000e+02 4.520000000000000000e+02 1.414006076999999948e+02
2.000000000000000000e+02 4.530000000000000000e+02 1.414157125000000121e+02
2.000000000000000000e+02 4.540000000000000000e+02 1.414308172000000070e+02
2.000000000000000000e+02 4.550000000000000000e+02 1.414456318000000010e+02
2.000000000000000000e+02 4.560000000000000000e+02 1.414604463000000010e+02
2.000000000000000000e+02 4.570000000000000000e+02 1.414737100000000112e+02
2.000000000000000000e+02 4.580000000000000000e+02 1.414869735999999989e+02
2.000000000000000000e+02 4.590000000000000000e+02 1.414993828000000065e+02
2.000000000000000000e+02 4.600000000000000000e+02 1.415117918999999915e+02
2.000000000000000000e+02 4.610000000000000000e+02 1.415387637999999981e+02
2.000000000000000000e+02 4.620000000000000000e+02 1.415542269000000033e+02
2.000000000000000000e+02 4.630000000000000000e+02 1.415696898999999860e+02
2.000000000000000000e+02 4.640000000000000000e+02 1.415865038999999967e+02
2.000000000000000000e+02 4.650000000000000000e+02 1.416033179000000075e+02
2.000000000000000000e+02 4.660000000000000000e+02 1.416199412999999936e+02
2.000000000000000000e+02 4.670000000000000000e+02 1.416365646000000140e+02
2.000000000000000000e+02 4.680000000000000000e+02 1.416521151000000032e+02
2.000000000000000000e+02 4.690000000000000000e+02 1.416676654999999982e+02
2.000000000000000000e+02 4.700000000000000000e+02 1.416982203999999967e+02
2.000000000000000000e+02 4.710000000000000000e+02 1.417141595999999879e+02
2.000000000000000000e+02 4.720000000000000000e+02 1.417300988000000075e+02
2.000000000000000000e+02 4.730000000000000000e+02 1.417463539000000026e+02
2.000000000000000000e+02 4.740000000000000000e+02 1.417626089000000036e+02
2.000000000000000000e+02 4.750000000000000000e+02 1.417783220999999969e+02
2.000000000000000000e+02 4.760000000000000000e+02 1.417940351999999962e+02
2.000000000000000000e+02 4.770000000000000000e+02 1.418090746999999965e+02
2.000000000000000000e+02 4.780000000000000000e+02 1.418241141000000027e+02
2.000000000000000000e+02 4.790000000000000000e+02 1.418529736000000128e+02
2.000000000000000000e+02 4.800000000000000000e+02 1.418663549999999987e+02
2.000000000000000000e+02 4.810000000000000000e+02 1.418797364000000130e+02
2.000000000000000000e+02 4.820000000000000000e+02 1.418920205999999951e+02
2.000000000000000000e+02 4.830000000000000000e+02 1.419043048000000056e+02
2.000000000000000000e+02 4.840000000000000000e+02 1.419160603999999921e+02
2.000000000000000000e+02 4.850000000000000000e+02 1.419278160000000071e+02
2.000000000000000000e+02 4.860000000000000000e+02 1.419390627999999879e+02
2.000000000000000000e+02 4.870000000000000000e+02 1.419503095000000030e+02
2.000000000000000000e+02 4.880000000000000000e+02 1.419696366000000012e+02
2.000000000000000000e+02 4.890000000000000000e+02 1.419771634999999890e+02
2.000000000000000000e+02 4.900000000000000000e+02 1.419846903000000111e+02
2.000000000000000000e+02 4.910000000000000000e+02 1.419913238000000035e+02
2.000000000000000000e+02 4.920000000000000000e+02 1.419979572000000019e+02
2.000000000000000000e+02 4.930000000000000000e+02 1.420045809000000077e+02
2.000000000000000000e+02 4.940000000000000000e+02 1.420112046000000134e+02
2.000000000000000000e+02 4.950000000000000000e+02 1.420169812999999976e+02
2.000000000000000000e+02 4.960000000000000000e+02 1.420227580000000103e+02
2.000000000000000000e+02 4.970000000000000000e+02 1.420274937000000079e+02
2.000000000000000000e+02 4.980000000000000000e+02 1.420322293000000116e+02
2.000000000000000000e+02 4.990000000000000000e+02 1.420417525999999953e+02
2.000000000000000000e+02 5.000000000000000000e+02 1.420464580999999953e+02
2.000000000000000000e+02 5.010000000000000000e+02 1.420511635000000012e+02
2.000000000000000000e+02 5.020000000000000000e+02 1.420546215999999902e+02
2.000000000000000000e+02 5.030000000000000000e+02 1.420580797000000075e+02
2.000000000000000000e+02 5.040000000000000000e+02 1.420602483000000120e+02
2.000000000000000000e+02 5.050000000000000000e+02 1.420624168999999881e+02
2.000000000000000000e+02 5.060000000000000000e+02 1.420643269999999916e+02
2.000000000000000000e+02 5.070000000000000000e+02 1.420662370999999951e+02
2.000000000000000000e+02 5.080000000000000000e+02 1.420703779000000111e+02
2.000000000000000000e+02 5.090000000000000000e+02 1.420728484999999921e+02
2.000000000000000000e+02 5.100000000000000000e+02 1.420753190000000075e+02
2.000000000000000000e+02 5.110000000000000000e+02 1.420793186999999875e+02
2.000000000000000000e+02 5.120000000000000000e+02 1.420833183000000020e+02
2.000000000000000000e+02 5.130000000000000000e+02 1.420889386000000059e+02
2.000000000000000000e+02 5.140000000000000000e+02 1.420945589000000098e+02
2.000000000000000000e+02 5.150000000000000000e+02 1.420996790000000090e+02
2.000000000000000000e+02 5.160000000000000000e+02 1.421047990000000141e+02
2.000000000000000000e+02 5.170000000000000000e+02 1.421114551999999946e+02
2.000000000000000000e+02 5.180000000000000000e+02 1.421145315999999923e+02
2.000000000000000000e+02 5.190000000000000000e+02 1.421176079999999899e+02
2.000000000000000000e+02 5.200000000000000000e+02 1.421229505000000017e+02
2.000000000000000000e+02 5.210000000000000000e+02 1.421282928999999911e+02
2.000000000000000000e+02 5.220000000000000000e+02 1.421367658000000063e+02
2.000000000000000000e+02 5.230000000000000000e+02 1.421452386999999931e+02
2.000000000000000000e+02 5.240000000000000000e+02 1.421551389999999913e+02
2.000000000000000000e+02 5.250000000000000000e+02 1.421650392999999895e+02
2.000000000000000000e+02 5.260000000000000000e+02 1.421833614999999895e+02
2.000000000000000000e+02 5.270000000000000000e+02 1.421915884000000005e+02
2.000000000000000000e+02 5.280000000000000000e+02 1.421998153000000116e+02
2.000000000000000000e+02 5.290000000000000000e+02 1.422076317000000074e+02
2.000000000000000000e+02 5.300000000000000000e+02 1.422154481000000033e+02
2.000000000000000000e+02 5.310000000000000000e+02 1.422220959999999934e+02
2.000000000000000000e+02 5.320000000000000000e+02 1.422287439000000120e+02
2.000000000000000000e+02 5.330000000000000000e+02 1.422336492999999962e+02
2.000000000000000000e+02 5.340000000000000000e+02 1.422385545999999863e+02
2.000000000000000000e+02 5.350000000000000000e+02 1.422471757000000139e+02
2.000000000000000000e+02 5.360000000000000000e+02 1.422520725999999911e+02
2.000000000000000000e+02 5.370000000000000000e+02 1.422569694000000027e+02
2.000000000000000000e+02 5.380000000000000000e+02 1.422625725999999986e+02
2.000000000000000000e+02 5.390000000000000000e+02 1.422681757999999945e+02
2.000000000000000000e+02 5.400000000000000000e+02 1.422749306000000047e+02
2.000000000000000000e+02 5.410000000000000000e+02 1.422816852999999924e+02
2.000000000000000000e+02 5.420000000000000000e+02 1.422902511000000061e+02
2.000000000000000000e+02 5.430000000000000000e+02 1.422988167999999973e+02
2.000000000000000000e+02 5.440000000000000000e+02 1.423181222000000048e+02
2.000000000000000000e+02 5.450000000000000000e+02 1.423274884999999870e+02
2.000000000000000000e+02 5.460000000000000000e+02 1.423368547999999976e+02
2.000000000000000000e+02 5.470000000000000000e+02 1.423454713000000140e+02
2.000000000000000000e+02 5.480000000000000000e+02 1.423540877000000080e+02
2.000000000000000000e+02 5.490000000000000000e+02 1.423620328000000086e+02
2.000000000000000000e+02 5.500000000000000000e+02 1.423699777999999867e+02
2.000000000000000000e+02 5.510000000000000000e+02 1.423773210999999890e+02
2.000000000000000000e+02 5.520000000000000000e+02 1.423846643999999912e+02
2.000000000000000000e+02 5.530000000000000000e+02 1.423987084000000038e+02
2.000000000000000000e+02 5.540000000000000000e+02 1.424056678999999974e+02
2.000000000000000000e+02 5.550000000000000000e+02 1.424126272999999969e+02
2.000000000000000000e+02 5.560000000000000000e+02 1.424195841000000087e+02
2.000000000000000000e+02 5.570000000000000000e+02 1.424265408999999920e+02
2.000000000000000000e+02 5.580000000000000000e+02 1.424335046999999861e+02
2.000000000000000000e+02 5.590000000000000000e+02 1.424404685000000086e+02
2.000000000000000000e+02 5.600000000000000000e+02 1.424473529999999926e+02
2.000000000000000000e+02 5.610000000000000000e+02 1.424542374000000109e+02
2.000000000000000000e+02 5.620000000000000000e+02 1.424679275000000018e+02
2.000000000000000000e+02 5.630000000000000000e+02 1.424751161000000081e+02
2.000000000000000000e+02 5.640000000000000000e+02 1.424823045999999920e+02
2.000000000000000000e+02 5.650000000000000000e+02 1.424908069999999896e+02
2.000000000000000000e+02 5.660000000000000000e+02 1.424993093999999871e+02
2.000000000000000000e+02 5.670000000000000000e+02 1.425103247000000124e+02
2.000000000000000000e+02 5.680000000000000000e+02 1.425213400000000092e+02
2.000000000000000000e+02 5.690000000000000000e+02 1.425346471999999949e+02
2.000000000000000000e+02 5.700000000000000000e+02 1.425479544000000089e+02
2.000000000000000000e+02 5.710000000000000000e+02 1.425760744000000102e+02
2.000000000000000000e+02 5.720000000000000000e+02 1.425902729000000022e+02
2.000000000000000000e+02 5.730000000000000000e+02 1.426044713000000002e+02
2.000000000000000000e+02 5.740000000000000000e+02 1.426189559000000031e+02
2.000000000000000000e+02 5.750000000000000000e+02 1.426334405000000061e+02
2.000000000000000000e+02 5.760000000000000000e+02 1.426476323999999920e+02
2.000000000000000000e+02 5.770000000000000000e+02 1.426618242000000123e+02
2.000000000000000000e+02 5.780000000000000000e+02 1.426754286999999977e+02
2.000000000000000000e+02 5.790000000000000000e+02 1.426890332000000114e+02
2.000000000000000000e+02 5.800000000000000000e+02 1.427156276999999989e+02
2.000000000000000000e+02 5.810000000000000000e+02 1.427283271999999954e+02
2.000000000000000000e+02 5.820000000000000000e+02 1.427410265999999979e+02
2.000000000000000000e+02 5.830000000000000000e+02 1.427528738999999973e+02
2.000000000000000000e+02 5.840000000000000000e+02 1.427647211000000027e+02
2.000000000000000000e+02 5.850000000000000000e+02 1.427756311999999923e+02
2.000000000000000000e+02 5.860000000000000000e+02 1.427865411999999878e+02
2.000000000000000000e+02 5.870000000000000000e+02 1.427956931999999881e+02
2.000000000000000000e+02 5.880000000000000000e+02 1.428048450999999943e+02
2.000000000000000000e+02 5.890000000000000000e+02 1.428177016999999864e+02
2.000000000000000000e+02 5.900000000000000000e+02 1.428215937999999881e+02
2.000000000000000000e+02 5.910000000000000000e+02 1.428254858999999897e+02
2.000000000000000000e+02 5.920000000000000000e+02 1.428281591999999875e+02
2.000000000000000000e+02 5.930000000000000000e+02 1.428308325000000139e+02
2.000000000000000000e+02 5.940000000000000000e+02 1.428334633000000053e+02
2.000000000000000000e+02 5.950000000000000000e+02 1.428360940999999968e+02
2.000000000000000000e+02 5.960000000000000000e+02 1.428392843999999968e+02
2.000000000000000000e+02 5.970000000000000000e+02 1.428424746000000027e+02
2.000000000000000000e+02 5.980000000000000000e+02 1.428505793999999867e+02
2.000000000000000000e+02 5.990000000000000000e+02 1.428553181999999993e+02
2.500000000000000000e+02 0.000000000000000000e+00 0.000000000000000000e+00
2.500000000000000000e+02 1.000000000000000000e+00 1.634202465999999987e+01
2.500000000000000000e+02 2.000000000000000000e+00 3.394848386999999690e+01
2.500000000000000000e+02 3.000000000000000000e+00 4.847905054000000291e+01
2.500000000000000000e+02 4.000000000000000000e+00 5.691422268000000173e+01
2.500000000000000000e+02 5.000000000000000000e+00 6.034203358999999978e+01
2.500000000000000000e+02 6.000000000000000000e+00 6.376984449999999782e+01
2.500000000000000000e+02 7.000000000000000000e+00 6.643354890000000523e+01
2.500000000000000000e+02 8.000000000000000000e+00 6.909725330000000554e+01
2.500000000000000000e+02 9.000000000000000000e+00 7.317558128999999667e+01
2.500000000000000000e+02 1.000000000000000000e+01 7.475124080000000504e+01
2.500000000000000000e+02 1.100000000000000000e+01 7.632690030999999919e+01
2.500000000000000000e+02 1.200000000000000000e+01 7.757731221999999605e+01
2.500000000000000000e+02 1.300000000000000000e+01 7.882772412999999290e+01
2.500000000000000000e+02 1.400000000000000000e+01 8.088194749000000172e+01
2.500000000000000000e+02 1.500000000000000000e+01 8.175304106000000104e+01
2.500000000000000000e+02 1.600000000000000000e+01 8.262413462000000663e+01
2.500000000000000000e+02 1.700000000000000000e+01 8.338150387999999680e+01
2.500000000000000000e+02 1.800000000000000000e+01 8.413887314000000117e+01
2.500000000000000000e+02 1.900000000000000000e+01 8.548192201999999895e+01
2.500000000000000000e+02 2.000000000000000000e+01 8.608679096000000186e+01
2.500000000000000000e+02 2.100000000000000000e+01 8.669165988999999684e+01
2.500000000000000000e+02 2.200000000000000000e+01 8.724163638000000276e+01
2.500000000000000000e+02 2.300000000000000000e+01 8.779161286999999447e+01
2.500000000000000000e+02 2.400000000000000000e+01 8.829236554000000581e+01
2.500000000000000000e+02 2.500000000000000000e+01 8.879311819999999500e+01
2.500000000000000000e+02 2.600000000000000000e+01 8.924932943999999679e+01
2.500000000000000000e+02 2.700000000000000000e+01 8.970554067000000487e+01
2.500000000000000000e+02 2.800000000000000000e+01 9.054343547000000569e+01
2.500000000000000000e+02 2.900000000000000000e+01 9.093083171000000675e+01
2.500000000000000000e+02 3.000000000000000000e+01 9.131822794999999360e+01
2.500000000000000000e+02 3.100000000000000000e+01 9.167513796999999443e+01
2.500000000000000000e+02 3.200000000000000000e+01 9.203204798999999525e+01
2.500000000000000000e+02 3.300000000000000000e+01 9.235913793000000283e+01
2.500000000000000000e+02 3.400000000000000000e+01 9.268622786000000247e+01
2.500000000000000000e+02 3.500000000000000000e+01 9.298668410999999878e+01
2.500000000000000000e+02 3.600000000000000000e+01 9.328714035000000138e+01
2.500000000000000000e+02 3.700000000000000000e+01 9.356536139000000674e+01
2.500000000000000000e+02 3.800000000000000000e+01 9.384358242999999788e+01
2.500000000000000000e+02 3.900000000000000000e+01 9.436437075999999990e+01
2.500000000000000000e+02 4.000000000000000000e+01 9.461008049000000142e+01
2.500000000000000000e+02 4.100000000000000000e+01 9.485579020999999500e+01
2.500000000000000000e+02 4.200000000000000000e+01 9.508752096999999992e+01
2.500000000000000000e+02 4.300000000000000000e+01 9.531925173000000484e+01
2.500000000000000000e+02 4.400000000000000000e+01 9.553678723999999534e+01
2.500000000000000000e+02 4.500000000000000000e+01 9.575432274000000632e+01
2.500000000000000000e+02 4.600000000000000000e+01 9.595917937000000109e+01
2.500000000000000000e+02 4.700000000000000000e+01 9.616403599000000213e+01
2.500000000000000000e+02 4.800000000000000000e+01 9.635866735000000460e+01
2.500000000000000000e+02 4.900000000000000000e+01 9.655329869999999914e+01
2.500000000000000000e+02 5.000000000000000000e+01 9.692310627000000522e+01
2.500000000000000000e+02 5.100000000000000000e+01 9.709792953000000182e+01
2.500000000000000000e+02 5.200000000000000000e+01 9.727275278999999841e+01
2.500000000000000000e+02 5.300000000000000000e+01 9.743929973000000189e+01
2.500000000000000000e+02 5.400000000000000000e+01 9.760584665999999743e+01
2.500000000000000000e+02 5.500000000000000000e+01 9.776637544999999818e+01
2.500000000000000000e+02 5.600000000000000000e+01 9.792690423999999894e+01
2.500000000000000000e+02 5.700000000000000000e+01 9.808123485999999502e+01
2.500000000000000000e+02 5.800000000000000000e+01 9.823556548000000532e+01
2.500000000000000000e+02 5.900000000000000000e+01 9.838295829000000481e+01
2.500000000000000000e+02 6.000000000000000000e+01 9.853035108999999636e+01
2.500000000000000000e+02 6.100000000000000000e+01 9.867204329000000484e+01
2.500000000000000000e+02 6.200000000000000000e+01 9.881373548000000540e+01
2.500000000000000000e+02 6.300000000000000000e+01 9.908822451999999714e+01
2.500000000000000000e+02 6.400000000000000000e+01 9.922017250000000388e+01
2.500000000000000000e+02 6.500000000000000000e+01 9.935212047999999641e+01
2.500000000000000000e+02 6.600000000000000000e+01 9.947765101000000243e+01
2.500000000000000000e+02 6.700000000000000000e+01 9.960318153000000052e+01
2.500000000000000000e+02 6.800000000000000000e+01 9.972230258999999819e+01
2.500000000000000000e+02 6.900000000000000000e+01 9.984142364999999586e+01
2.500000000000000000e+02 7.000000000000000000e+01 9.995493618000000424e+01
2.500000000000000000e+02 7.100000000000000000e+01 1.000684487000000047e+02
2.500000000000000000e+02 7.200000000000000000e+01 1.001784633000000042e+02
2.500000000000000000e+02 7.300000000000000000e+01 1.002884779000000037e+02
2.500000000000000000e+02 7.400000000000000000e+01 1.005063147999999984e+02
2.500000000000000000e+02 7.500000000000000000e+01 1.006144180000000006e+02
2.500000000000000000e+02 7.600000000000000000e+01 1.007225210999999945e+02
2.500000000000000000e+02 7.700000000000000000e+01 1.008280488000000048e+02
2.500000000000000000e+02 7.800000000000000000e+01 1.009335764000000069e+02
2.500000000000000000e+02 7.900000000000000000e+01 1.010346779000000055e+02
2.500000000000000000e+02 8.000000000000000000e+01 1.011357794000000041e+02
2.500000000000000000e+02 8.100000000000000000e+01 1.012319379000000055e+02
2.500000000000000000e+02 8.200000000000000000e+01 1.013280964000000068e+02
2.500000000000000000e+02 8.300000000000000000e+01 1.014200005999999945e+02
2.500000000000000000e+02 8.400000000000000000e+01 1.015119047999999964e+02
2.500000000000000000e+02 8.500000000000000000e+01 1.016003934999999956e+02
2.500000000000000000e+02 8.600000000000000000e+01 1.016888821999999948e+02
2.500000000000000000e+02 8.700000000000000000e+01 1.018608964999999955e+02
2.500000000000000000e+02 8.800000000000000000e+01 1.019453208999999987e+02
2.500000000000000000e+02 8.900000000000000000e+01 1.020297453000000019e+02
2.500000000000000000e+02 9.000000000000000000e+01 1.021121677999999946e+02
2.500000000000000000e+02 9.100000000000000000e+01 1.021945901999999933e+02
2.500000000000000000e+02 9.200000000000000000e+01 1.022741240000000005e+02
2.500000000000000000e+02 9.300000000000000000e+01 1.023536577999999935e+02
2.500000000000000000e+02 9.400000000000000000e+01 1.024307584000000020e+02
2.500000000000000000e+02 9.500000000000000000e+01 1.025078589999999963e+02
2.500000000000000000e+02 9.600000000000000000e+01 1.025831229000000064e+02
2.500000000000000000e+02 9.700000000000000000e+01 1.026583868000000024e+02
2.500000000000000000e+02 9.800000000000000000e+01 1.028052152000000063e+02
2.500000000000000000e+02 9.900000000000000000e+01 1.028769678999999968e+02
2.500000000000000000e+02 1.000000000000000000e+02 1.029487204999999932e+02
2.500000000000000000e+02 1.010000000000000000e+02 1.030190335000000061e+02
2.500000000000000000e+02 1.020000000000000000e+02 1.030893463999999966e+02
2.500000000000000000e+02 1.030000000000000000e+02 1.031586434999999966e+02
2.500000000000000000e+02 1.040000000000000000e+02 1.032279405000000025e+02
2.500000000000000000e+02 1.050000000000000000e+02 1.032961152000000027e+02
2.500000000000000000e+02 1.060000000000000000e+02 1.033642899000000028e+02
2.500000000000000000e+02 1.070000000000000000e+02 1.034296345000000059e+02
2.500000000000000000e+02 1.080000000000000000e+02 1.034949790999999948e+02
2.500000000000000000e+02 1.090000000000000000e+02 1.035565519999999964e+02
2.500000000000000000e+02 1.100000000000000000e+02 1.036181248000000039e+02
2.500000000000000000e+02 1.110000000000000000e+02 1.037373864000000054e+02
2.500000000000000000e+02 1.120000000000000000e+02 1.037971033999999975e+02
2.500000000000000000e+02 1.130000000000000000e+02 1.038568202999999954e+02
2.500000000000000000e+02 1.140000000000000000e+02 1.039163453999999973e+02
2.500000000000000000e+02 1.150000000000000000e+02 1.039758704000000051e+02
2.500000000000000000e+02 1.160000000000000000e+02 1.040339692999999954e+02
2.500000000000000000e+02 1.170000000000000000e+02 1.040920681000000059e+02
2.500000000000000000e+02 1.180000000000000000e+02 1.041487623000000013e+02
2.500000000000000000e+02 1.190000000000000000e+02 1.042054564999999968e+02
2.500000000000000000e+02 1.200000000000000000e+02 1.042622049000000004e+02
2.500000000000000000e+02 1.210000000000000000e+02 1.043189531999999957e+02
2.500000000000000000e+02 1.220000000000000000e+02 1.043770351000000005e+02
2.500000000000000000e+02 1.230000000000000000e+02 1.044351168999999970e+02
2.500000000000000000e+02 1.240000000000000000e+02 1.045515838000000031e+02
2.500000000000000000e+02 1.250000000000000000e+02 1.046065148999999934e+02
2.500000000000000000e+02 1.260000000000000000e+02 1.046614459000000039e+02
2.500000000000000000e+02 1.270000000000000000e+02 1.047114131999999955e+02
2.500000000000000000e+02 1.280000000000000000e+02 1.047613803999999931e+02
2.500000000000000000e+02 1.290000000000000000e+02 1.048080077000000045e+02
2.500000000000000000e+02 1.300000000000000000e+02 1.048546350000000018e+02
2.500000000000000000e+02 1.310000000000000000e+02 1.048995838999999961e+02
2.500000000000000000e+02 1.320000000000000000e+02 1.049445328000000046e+02
2.500000000000000000e+02 1.330000000000000000e+02 1.049886041000000034e+02
2.500000000000000000e+02 1.340000000000000000e+02 1.050326752999999940e+02
2.500000000000000000e+02 1.350000000000000000e+02 1.051215746999999965e+02
2.500000000000000000e+02 1.360000000000000000e+02 1.051670390000000026e+02
2.500000000000000000e+02 1.370000000000000000e+02 1.052125032000000004e+02
2.500000000000000000e+02 1.380000000000000000e+02 1.052582373000000047e+02
2.500000000000000000e+02 1.390000000000000000e+02 1.053039713000000006e+02
2.500000000000000000e+02 1.400000000000000000e+02 1.053493641999999966e+02
2.500000000000000000e+02 1.410000000000000000e+02 1.053947569999999985e+02
2.500000000000000000e+02 1.420000000000000000e+02 1.054400021999999950e+02
2.500000000000000000e+02 1.430000000000000000e+02 1.054852474000000058e+02
2.500000000000000000e+02 1.440000000000000000e+02 1.055304742999999945e+02
2.500000000000000000e+02 1.450000000000000000e+02 1.055757011999999975e+02
2.500000000000000000e+02 1.460000000000000000e+02 1.056204538000000070e+02
2.500000000000000000e+02 1.470000000000000000e+02 1.056652064000000024e+02
2.500000000000000000e+02 1.480000000000000000e+02 1.057520216000000062e+02
2.500000000000000000e+02 1.490000000000000000e+02 1.057941052999999982e+02
2.500000000000000000e+02 1.500000000000000000e+02 1.058361890000000045e+02
2.500000000000000000e+02 1.510000000000000000e+02 1.058786211999999978e+02
2.500000000000000000e+02 1.520000000000000000e+02 1.059210534000000052e+02
2.500000000000000000e+02 1.530000000000000000e+02 1.059644286000000051e+02
2.500000000000000000e+02 1.540000000000000000e+02 1.060078038000000049e+02
2.500000000000000000e+02 1.550000000000000000e+02 1.060504135000000048e+02
2.500000000000000000e+02 1.560000000000000000e+02 1.060930230999999964e+02
2.500000000000000000e+02 1.570000000000000000e+02 1.061333628000000004e+02
2.500000000000000000e+02 1.580000000000000000e+02 1.061737025000000045e+02
2.500000000000000000e+02 1.590000000000000000e+02 1.062107383000000027e+02
2.500000000000000000e+02 1.600000000000000000e+02 1.062477740000000068e+02
2.500000000000000000e+02 1.610000000000000000e+02 1.063146298999999999e+02
2.500000000000000000e+02 1.620000000000000000e+02 1.063464732000000055e+02
2.500000000000000000e+02 1.630000000000000000e+02 1.063783164999999968e+02
2.500000000000000000e+02 1.640000000000000000e+02 1.064111024999999984e+02
2.500000000000000000e+02 1.650000000000000000e+02 1.064438884999999999e+02
2.500000000000000000e+02 1.660000000000000000e+02 1.064788288999999963e+02
2.500000000000000000e+02 1.670000000000000000e+02 1.065137691999999987e+02
2.500000000000000000e+02 1.680000000000000000e+02 1.065510107000000062e+02
2.500000000000000000e+02 1.690000000000000000e+02 1.065882521999999994e+02
2.500000000000000000e+02 1.700000000000000000e+02 1.066264359999999982e+02
2.500000000000000000e+02 1.710000000000000000e+02 1.066646197999999970e+02
2.500000000000000000e+02 1.720000000000000000e+02 1.067013617000000067e+02
2.500000000000000000e+02 1.730000000000000000e+02 1.067381036000000023e+02
2.500000000000000000e+02 1.740000000000000000e+02 1.068057744000000042e+02
2.500000000000000000e+02 1.750000000000000000e+02 1.068369150000000047e+02
2.500000000000000000e+02 1.760000000000000000e+02 1.068680556000000053e+02
2.500000000000000000e+02 1.770000000000000000e+02 1.068972883999999937e+02
2.500000000000000000e+02 1.780000000000000000e+02 1.069265211000000022e+02
2.500000000000000000e+02 1.790000000000000000e+02 1.069546354999999949e+02
2.500000000000000000e+02 1.800000000000000000e+02 1.069827499000000017e+02
2.500000000000000000e+02 1.810000000000000000e+02 1.070107763000000034e+02
2.500000000000000000e+02 1.820000000000000000e+02 1.070388027000000051e+02
2.500000000000000000e+02 1.830000000000000000e+02 1.070672153000000009e+02
2.500000000000000000e+02 1.840000000000000000e+02 1.070956278000000026e+02
2.500000000000000000e+02 1.850000000000000000e+02 1.071241868999999980e+02
2.500000000000000000e+02 1.860000000000000000e+02 1.071527458999999993e+02
2.500000000000000000e+02 1.870000000000000000e+02 1.072098938000000032e+02
2.500000000000000000e+02 1.880000000000000000e+02 1.072387355999999983e+02
2.500000000000000000e+02 1.890000000000000000e+02 1.072675772999999992e+02
2.500000000000000000e+02 1.900000000000000000e+02 1.072976211000000006e+02
2.500000000000000000e+02 1.910000000000000000e+02 1.073276649000000020e+02
2.500000000000000000e+02 1.920000000000000000e+02 1.073594856999999934e+02
2.500000000000000000e+02 1.930000000000000000e+02 1.073913064000000048e+02
2.500000000000000000e+02 1.940000000000000000e+02 1.074232389999999953e+02
2.500000000000000000e+02 1.950000000000000000e+02 1.074551715999999999e+02
2.500000000000000000e+02 1.960000000000000000e+02 1.074845069999999936e+02
2.500000000000000000e+02 1.970000000000000000e+02 1.075138424000000015e+02
2.500000000000000000e+02 1.980000000000000000e+02 1.075663969000000009e+02
2.500000000000000000e+02 1.990000000000000000e+02 1.075919403999999986e+02
2.500000000000000000e+02 2.000000000000000000e+02 1.076174838000000022e+02
2.500000000000000000e+02 2.010000000000000000e+02 1.076441262000000023e+02
2.500000000000000000e+02 2.020000000000000000e+02 1.076707686000000024e+02
2.500000000000000000e+02 2.030000000000000000e+02 1.076972128999999967e+02
2.500000000000000000e+02 2.040000000000000000e+02 1.077236572000000052e+02
2.500000000000000000e+02 2.050000000000000000e+02 1.077475524999999976e+02
2.500000000000000000e+02 2.060000000000000000e+02 1.077714476999999960e+02
2.500000000000000000e+02 2.070000000000000000e+02 1.077929244999999980e+02
2.500000000000000000e+02 2.080000000000000000e+02 1.078144013000000001e+02
2.500000000000000000e+02 2.090000000000000000e+02 1.078356459000000029e+02
2.500000000000000000e+02 2.100000000000000000e+02 1.078568903999999975e+02
2.500000000000000000e+02 2.110000000000000000e+02 1.079013834000000003e+02
2.500000000000000000e+02 2.120000000000000000e+02 1.079240956000000011e+02
2.500000000000000000e+02 2.130000000000000000e+02 1.079468078000000020e+02
2.500000000000000000e+02 2.140000000000000000e+02 1.079699508000000066e+02
2.500000000000000000e+02 2.150000000000000000e+02 1.079930937999999969e+02
2.500000000000000000e+02 2.160000000000000000e+02 1.080179463999999996e+02
2.500000000000000000e+02 2.170000000000000000e+02 1.080427990000000023e+02
2.500000000000000000e+02 2.180000000000000000e+02 1.080696029000000067e+02
2.500000000000000000e+02 2.190000000000000000e+02 1.080964067999999969e+02
2.500000000000000000e+02 2.200000000000000000e+02 1.081236688999999984e+02
2.500000000000000000e+02 2.210000000000000000e+02 1.081509309000000059e+02
2.500000000000000000e+02 2.220000000000000000e+02 1.081770178000000016e+02
2.500000000000000000e+02 2.230000000000000000e+02 1.082031046999999973e+02
2.500000000000000000e+02 2.240000000000000000e+02 1.082510738999999944e+02
2.500000000000000000e+02 2.250000000000000000e+02 1.082731481000000002e+02
2.500000000000000000e+02 2.260000000000000000e+02 1.082952223000000060e+02
2.500000000000000000e+02 2.270000000000000000e+02 1.083167258999999945e+02
2.500000000000000000e+02 2.280000000000000000e+02 1.083382294999999971e+02
2.500000000000000000e+02 2.290000000000000000e+02 1.083603995999999938e+02
2.500000000000000000e+02 2.300000000000000000e+02 1.083825695999999965e+02
2.500000000000000000e+02 2.310000000000000000e+02 1.084052221999999972e+02
2.500000000000000000e+02 2.320000000000000000e+02 1.084278747999999979e+02
2.500000000000000000e+02 2.330000000000000000e+02 1.084503226000000069e+02
2.500000000000000000e+02 2.340000000000000000e+02 1.084727702999999934e+02
2.500000000000000000e+02 2.350000000000000000e+02 1.084957976000000031e+02
2.500000000000000000e+02 2.360000000000000000e+02 1.085188248000000044e+02
2.500000000000000000e+02 2.370000000000000000e+02 1.085684542999999991e+02
2.500000000000000000e+02 2.380000000000000000e+02 1.085942392999999981e+02
2.500000000000000000e+02 2.390000000000000000e+02 1.086200242999999972e+02
2.500000000000000000e+02 2.400000000000000000e+02 1.086442315000000036e+02
2.500000000000000000e+02 2.410000000000000000e+02 1.086684386999999958e+02
2.500000000000000000e+02 2.420000000000000000e+02 1.086891782999999947e+02
2.500000000000000000e+02 2.430000000000000000e+02 1.087099178999999936e+02
2.500000000000000000e+02 2.440000000000000000e+02 1.087285988999999944e+02
2.500000000000000000e+02 2.450000000000000000e+02 1.087472798999999952e+02
2.500000000000000000e+02 2.460000000000000000e+02 1.087676239999999979e+02
2.500000000000000000e+02 2.470000000000000000e+02 1.087879681000000005e+02
2.500000000000000000e+02 2.480000000000000000e+02 1.088342159999999978e+02
2.500000000000000000e+02 2.490000000000000000e+02 1.088578628000000066e+02
2.500000000000000000e+02 2.500000000000000000e+02 1.088815096000000011e+02
2.500000000000000000e+02 2.510000000000000000e+02 1.089039094000000034e+02
2.500000000000000000e+02 2.520000000000000000e+02 1.089263092000000057e+02
2.500000000000000000e+02 2.530000000000000000e+02 1.089469426999999939e+02
2.500000000000000000e+02 2.540000000000000000e+02 1.089675761000000023e+02
2.500000000000000000e+02 2.550000000000000000e+02 1.089859457999999961e+02
2.500000000000000000e+02 2.560000000000000000e+02 1.090043153999999959e+02
2.500000000000000000e+02 2.570000000000000000e+02 1.090211881999999974e+02
2.500000000000000000e+02 2.580000000000000000e+02 1.090380609000000049e+02
2.500000000000000000e+02 2.590000000000000000e+02 1.090552706999999941e+02
2.500000000000000000e+02 2.600000000000000000e+02 1.090724804999999975e+02
2.500000000000000000e+02 2.610000000000000000e+02 1.091080270000000070e+02
2.500000000000000000e+02 2.620000000000000000e+02 1.091251419000000027e+02
2.500000000000000000e+02 2.630000000000000000e+02 1.091422567000000043e+02
2.500000000000000000e+02 2.640000000000000000e+02 1.091583607000000029e+02
2.500000000000000000e+02 2.650000000000000000e+02 1.091744647000000015e+02
2.500000000000000000e+02 2.660000000000000000e+02 1.091904102000000023e+02
2.500000000000000000e+02 2.670000000000000000e+02 1.092063555999999949e+02
2.500000000000000000e+02 2.680000000000000000e+02 1.092224927000000037e+02
2.500000000000000000e+02 2.690000000000000000e+02 1.092386297999999982e+02
2.500000000000000000e+02 2.700000000000000000e+02 1.092541594000000060e+02
2.500000000000000000e+02 2.710000000000000000e+02 1.092696889000000056e+02
2.500000000000000000e+02 2.720000000000000000e+02 1.092841314000000068e+02
2.500000000000000000e+02 2.730000000000000000e+02 1.092985738999999938e+02
2.500000000000000000e+02 2.740000000000000000e+02 1.093272154999999941e+02
2.500000000000000000e+02 2.750000000000000000e+02 1.093427281000000022e+02
2.500000000000000000e+02 2.760000000000000000e+02 1.093582406999999961e+02
2.500000000000000000e+02 2.770000000000000000e+02 1.093743992999999932e+02
2.500000000000000000e+02 2.780000000000000000e+02 1.093905579000000046e+02
2.500000000000000000e+02 2.790000000000000000e+02 1.094056290000000047e+02
2.500000000000000000e+02 2.800000000000000000e+02 1.094206999999999965e+02
2.500000000000000000e+02 2.810000000000000000e+02 1.094344291999999967e+02
2.500000000000000000e+02 2.820000000000000000e+02 1.094481583999999970e+02
2.500000000000000000e+02 2.830000000000000000e+02 1.094610600000000034e+02
2.500000000000000000e+02 2.840000000000000000e+02 1.094739615000000015e+02
2.500000000000000000e+02 2.850000000000000000e+02 1.094968547999999942e+02
2.500000000000000000e+02 2.860000000000000000e+02 1.095063487000000038e+02
2.500000000000000000e+02 2.870000000000000000e+02 1.095158425000000051e+02
2.500000000000000000e+02 2.880000000000000000e+02 1.095242434000000031e+02
2.500000000000000000e+02 2.890000000000000000e+02 1.095326443000000012e+02
2.500000000000000000e+02 2.900000000000000000e+02 1.095408292999999986e+02
2.500000000000000000e+02 2.910000000000000000e+02 1.095490142000000020e+02
2.500000000000000000e+02 2.920000000000000000e+02 1.095575881000000038e+02
2.500000000000000000e+02 2.930000000000000000e+02 1.095661618999999973e+02
2.500000000000000000e+02 2.940000000000000000e+02 1.095763271999999944e+02
2.500000000000000000e+02 2.950000000000000000e+02 1.095864923999999974e+02
2.500000000000000000e+02 2.960000000000000000e+02 1.095989026000000024e+02
2.500000000000000000e+02 2.970000000000000000e+02 1.096113127999999932e+02
2.500000000000000000e+02 2.980000000000000000e+02 1.096380443000000042e+02
2.500000000000000000e+02 2.990000000000000000e+02 1.096504099999999937e+02
2.500000000000000000e+02 3.000000000000000000e+02 1.096627756000000034e+02
2.500000000000000000e+02 3.010000000000000000e+02 1.096738710000000054e+02
2.500000000000000000e+02 3.020000000000000000e+02 1.096849663999999933e+02
2.500000000000000000e+02 3.030000000000000000e+02 1.096954178000000013e+02
2.500000000000000000e+02 3.040000000000000000e+02 1.097058691000000010e+02
2.500000000000000000e+02 3.050000000000000000e+02 1.097153033999999963e+02
2.500000000000000000e+02 3.060000000000000000e+02 1.097247377000000057e+02
2.500000000000000000e+02 3.070000000000000000e+02 1.097329904000000056e+02
2.500000000000000000e+02 3.080000000000000000e+02 1.097412431000000055e+02
2.500000000000000000e+02 3.090000000000000000e+02 1.097491238000000067e+02
2.500000000000000000e+02 3.100000000000000000e+02 1.097570043999999996e+02
2.500000000000000000e+02 3.110000000000000000e+02 1.097733841000000012e+02
2.500000000000000000e+02 3.120000000000000000e+02 1.097818261999999976e+02
2.500000000000000000e+02 3.130000000000000000e+02 1.097902681999999999e+02
2.500000000000000000e+02 3.140000000000000000e+02 1.097981846999999931e+02
2.500000000000000000e+02 3.150000000000000000e+02 1.098061011000000065e+02
2.500000000000000000e+02 3.160000000000000000e+02 1.098131578999999931e+02
2.500000000000000000e+02 3.170000000000000000e+02 1.098202145999999999e+02
2.500000000000000000e+02 3.180000000000000000e+02 1.098271816999999970e+02
2.500000000000000000e+02 3.190000000000000000e+02 1.098341487000000001e+02
2.500000000000000000e+02 3.200000000000000000e+02 1.098418379000000016e+02
2.500000000000000000e+02 3.210000000000000000e+02 1.098495269999999948e+02
2.500000000000000000e+02 3.220000000000000000e+02 1.098665756999999985e+02
2.500000000000000000e+02 3.230000000000000000e+02 1.098754811000000018e+02
2.500000000000000000e+02 3.240000000000000000e+02 1.098843865000000051e+02
2.500000000000000000e+02 3.250000000000000000e+02 1.098931254999999965e+02
2.500000000000000000e+02 3.260000000000000000e+02 1.099018643999999938e+02
2.500000000000000000e+02 3.270000000000000000e+02 1.099097801000000061e+02
2.500000000000000000e+02 3.280000000000000000e+02 1.099176956999999959e+02
2.500000000000000000e+02 3.290000000000000000e+02 1.099236413999999940e+02
2.500000000000000000e+02 3.300000000000000000e+02 1.099295871000000062e+02
2.500000000000000000e+02 3.310000000000000000e+02 1.099332973000000067e+02
2.500000000000000000e+02 3.320000000000000000e+02 1.099370073999999988e+02
2.500000000000000000e+02 3.330000000000000000e+02 1.099407367000000022e+02
2.500000000000000000e+02 3.340000000000000000e+02 1.099444658999999973e+02
2.500000000000000000e+02 3.350000000000000000e+02 1.099562700999999976e+02
2.500000000000000000e+02 3.360000000000000000e+02 1.099627729000000045e+02
2.500000000000000000e+02 3.370000000000000000e+02 1.099692756000000031e+02
2.500000000000000000e+02 3.380000000000000000e+02 1.099735179999999986e+02
2.500000000000000000e+02 3.390000000000000000e+02 1.099777602999999999e+02
2.500000000000000000e+02 3.400000000000000000e+02 1.099794966999999986e+02
2.500000000000000000e+02 3.410000000000000000e+02 1.099812330999999972e+02
2.500000000000000000e+02 3.420000000000000000e+02 1.099817275999999993e+02
2.500000000000000000e+02 3.430000000000000000e+02 1.099822221000000013e+02
2.500000000000000000e+02 3.440000000000000000e+02 1.099820567999999952e+02
2.500000000000000000e+02 3.450000000000000000e+02 1.099818913999999950e+02
2.500000000000000000e+02 3.460000000000000000e+02 1.099807131999999967e+02
2.500000000000000000e+02 3.470000000000000000e+02 1.099795349000000044e+02
2.500000000000000000e+02 3.480000000000000000e+02 1.099744917000000015e+02
2.500000000000000000e+02 3.490000000000000000e+02 1.099716097999999960e+02
2.500000000000000000e+02 3.500000000000000000e+02 1.099687277999999964e+02
2.500000000000000000e+02 3.510000000000000000e+02 1.099669674000000015e+02
2.500000000000000000e+02 3.520000000000000000e+02 1.099652068999999983e+02
2.500000000000000000e+02 3.530000000000000000e+02 1.099649935999999997e+02
2.500000000000000000e+02 3.540000000000000000e+02 1.099647802000000070e+02
2.500000000000000000e+02 3.550000000000000000e+02 1.099661473999999970e+02
2.500000000000000000e+02 3.560000000000000000e+02 1.099675144999999929e+02
2.500000000000000000e+02 3.570000000000000000e+02 1.099705122000000017e+02
2.500000000000000000e+02 3.580000000000000000e+02 1.099735098999999963e+02
2.500000000000000000e+02 3.590000000000000000e+02 1.099809041999999977e+02
2.500000000000000000e+02 3.600000000000000000e+02 1.099837916999999976e+02
2.500000000000000000e+02 3.610000000000000000e+02 1.099866791999999975e+02
2.500000000000000000e+02 3.620000000000000000e+02 1.099880586000000022e+02
2.500000000000000000e+02 3.630000000000000000e+02 1.099894378999999986e+02
2.500000000000000000e+02 3.640000000000000000e+02 1.099901174999999967e+02
2.500000000000000000e+02 3.650000000000000000e+02 1.099907970999999947e+02
2.500000000000000000e+02 3.660000000000000000e+02 1.099925383000000068e+02
2.500000000000000000e+02 3.670000000000000000e+02 1.099942793999999964e+02
2.500000000000000000e+02 3.680000000000000000e+02 1.099975067999999965e+02
2.500000000000000000e+02 3.690000000000000000e+02 1.100007341000000025e+02
2.500000000000000000e+02 3.700000000000000000e+02 1.100036697000000032e+02
2.500000000000000000e+02 3.710000000000000000e+02 1.100066051999999956e+02
2.500000000000000000e+02 3.720000000000000000e+02 1.100080796000000021e+02
2.500000000000000000e+02 3.730000000000000000e+02 1.100061823000000061e+02
2.500000000000000000e+02 3.740000000000000000e+02 1.100042849999999959e+02
2.500000000000000000e+02 3.750000000000000000e+02 1.100009028000000058e+02
2.500000000000000000e+02 3.760000000000000000e+02 1.099975204999999931e+02
2.500000000000000000e+02 3.770000000000000000e+02 1.099946434000000011e+02
2.500000000000000000e+02 3.780000000000000000e+02 1.099917662999999948e+02
2.500000000000000000e+02 3.790000000000000000e+02 1.099907673000000017e+02
2.500000000000000000e+02 3.800000000000000000e+02 1.099897682000000003e+02
2.500000000000000000e+02 3.810000000000000000e+02 1.099904439000000025e+02
2.500000000000000000e+02 3.820000000000000000e+02 1.099911196000000047e+02
2.500000000000000000e+02 3.830000000000000000e+02 1.099931598999999949e+02
2.500000000000000000e+02 3.840000000000000000e+02 1.099933369000000027e+02
2.500000000000000000e+02 3.850000000000000000e+02 1.099935138000000023e+02
2.500000000000000000e+02 3.860000000000000000e+02 1.099925341999999944e+02
2.500000000000000000e+02 3.870000000000000000e+02 1.099915546000000006e+02
2.500000000000000000e+02 3.880000000000000000e+02 1.099899242000000044e+02
2.500000000000000000e+02 3.890000000000000000e+02 1.099882936999999998e+02
2.500000000000000000e+02 3.900000000000000000e+02 1.099866379999999992e+02
2.500000000000000000e+02 3.910000000000000000e+02 1.099849822999999986e+02
2.500000000000000000e+02 3.920000000000000000e+02 1.099834314999999947e+02
2.500000000000000000e+02 3.930000000000000000e+02 1.099818805999999967e+02
2.500000000000000000e+02 3.940000000000000000e+02 1.099804842000000065e+02
2.500000000000000000e+02 3.950000000000000000e+02 1.099790876999999938e+02
2.500000000000000000e+02 3.960000000000000000e+02 1.099764736999999997e+02
2.500000000000000000e+02 3.970000000000000000e+02 1.099749625000000037e+02
2.500000000000000000e+02 3.980000000000000000e+02 1.099734512999999936e+02
2.500000000000000000e+02 3.990000000000000000e+02 1.099720113999999995e+02
2.500000000000000000e+02 4.000000000000000000e+02 1.099705713999999972e+02
2.500000000000000000e+02 4.010000000000000000e+02 1.099700071000000037e+02
2.500000000000000000e+02 4.020000000000000000e+02 1.099694427999999959e+02
2.500000000000000000e+02 4.030000000000000000e+02 1.099699367999999993e+02
2.500000000000000000e+02 4.040000000000000000e+02 1.099704306999999943e+02
2.500000000000000000e+02 4.050000000000000000e+02 1.099706125999999955e+02
2.500000000000000000e+02 4.060000000000000000e+02 1.099707944000000026e+02
2.500000000000000000e+02 4.070000000000000000e+02 1.099678447999999946e+02
2.500000000000000000e+02 4.080000000000000000e+02 1.099658514000000054e+02
2.500000000000000000e+02 4.090000000000000000e+02 1.099638578999999936e+02
2.500000000000000000e+02 4.100000000000000000e+02 1.099636553999999933e+02
2.500000000000000000e+02 4.110000000000000000e+02 1.099634527999999989e+02
2.500000000000000000e+02 4.120000000000000000e+02 1.099653894000000065e+02
2.500000000000000000e+02 4.130000000000000000e+02 1.099673259999999999e+02
2.500000000000000000e+02 4.140000000000000000e+02 1.099693670999999995e+02
2.500000000000000000e+02 4.150000000000000000e+02 1.099714081000000050e+02
2.500000000000000000e+02 4.160000000000000000e+02 1.099716698999999949e+02
2.500000000000000000e+02 4.170000000000000000e+02 1.099719316000000049e+02
2.500000000000000000e+02 4.180000000000000000e+02 1.099706345999999968e+02
2.500000000000000000e+02 4.190000000000000000e+02 1.099693376000000029e+02
2.500000000000000000e+02 4.200000000000000000e+02 1.099659680000000037e+02
2.500000000000000000e+02 4.210000000000000000e+02 1.099643820000000005e+02
2.500000000000000000e+02 4.220000000000000000e+02 1.099627959000000033e+02
2.500000000000000000e+02 4.230000000000000000e+02 1.099613135000000028e+02
2.500000000000000000e+02 4.240000000000000000e+02 1.099598309999999941e+02
2.500000000000000000e+02 4.250000000000000000e+02 1.099585433999999964e+02
2.500000000000000000e+02 4.260000000000000000e+02 1.099572557000000046e+02
2.500000000000000000e+02 4.270000000000000000e+02 1.099564359999999965e+02
2.500000000000000000e+02 4.280000000000000000e+02 1.099556161999999944e+02
2.500000000000000000e+02 4.290000000000000000e+02 1.099553192999999993e+02
2.500000000000000000e+02 4.300000000000000000e+02 1.099550224000000043e+02
2.500000000000000000e+02 4.310000000000000000e+02 1.099537378999999930e+02
2.500000000000000000e+02 4.320000000000000000e+02 1.099515071999999947e+02
2.500000000000000000e+02 4.330000000000000000e+02 1.099492764999999963e+02
2.500000000000000000e+02 4.340000000000000000e+02 1.099451514999999944e+02
2.500000000000000000e+02 4.350000000000000000e+02 1.099410263999999984e+02
2.500000000000000000e+02 4.360000000000000000e+02 1.099358986000000016e+02
2.500000000000000000e+02 4.370000000000000000e+02 1.099307708000000048e+02
2.500000000000000000e+02 4.380000000000000000e+02 1.099261462000000051e+02
2.500000000000000000e+02 4.390000000000000000e+02 1.099215216000000055e+02
2.500000000000000000e+02 4.400000000000000000e+02 1.099181212000000016e+02
2.500000000000000000e+02 4.410000000000000000e+02 1.099147207999999978e+02
2.500000000000000000e+02 4.420000000000000000e+02 1.099115565999999973e+02
2.500000000000000000e+02 4.430000000000000000e+02 1.099083923999999968e+02
2.500000000000000000e+02 4.440000000000000000e+02 1.099009364000000062e+02
2.500000000000000000e+02 4.450000000000000000e+02 1.098975080999999960e+02
2.500000000000000000e+02 4.460000000000000000e+02 1.098940798000000001e+02
2.500000000000000000e+02 4.470000000000000000e+02 1.098918483000000066e+02
2.500000000000000000e+02 4.480000000000000000e+02 1.098896167999999989e+02
2.500000000000000000e+02 4.490000000000000000e+02 1.098887832000000060e+02
2.500000000000000000e+02 4.500000000000000000e+02 1.098879495999999989e+02
2.500000000000000000e+02 4.510000000000000000e+02 1.098884620999999981e+02
2.500000000000000000e+02 4.520000000000000000e+02 1.098889745999999974e+02
2.500000000000000000e+02 4.530000000000000000e+02 1.098898376000000070e+02
2.500000000000000000e+02 4.540000000000000000e+02 1.098907004999999941e+02
2.500000000000000000e+02 4.550000000000000000e+02 1.098903846999999985e+02
2.500000000000000000e+02 4.560000000000000000e+02 1.098888819000000012e+02
2.500000000000000000e+02 4.570000000000000000e+02 1.098873791000000040e+02
2.500000000000000000e+02 4.580000000000000000e+02 1.098847820999999954e+02
2.500000000000000000e+02 4.590000000000000000e+02 1.098821851000000009e+02
2.500000000000000000e+02 4.600000000000000000e+02 1.098786242000000044e+02
2.500000000000000000e+02 4.610000000000000000e+02 1.098750631999999996e+02
2.500000000000000000e+02 4.620000000000000000e+02 1.098712033999999989e+02
2.500000000000000000e+02 4.630000000000000000e+02 1.098673435999999981e+02
2.500000000000000000e+02 4.640000000000000000e+02 1.098644148999999999e+02
2.500000000000000000e+02 4.650000000000000000e+02 1.098614862000000016e+02
2.500000000000000000e+02 4.660000000000000000e+02 1.098575756000000041e+02
2.500000000000000000e+02 4.670000000000000000e+02 1.098549112000000036e+02
2.500000000000000000e+02 4.680000000000000000e+02 1.098522468000000032e+02
2.500000000000000000e+02 4.690000000000000000e+02 1.098477823000000058e+02
2.500000000000000000e+02 4.700000000000000000e+02 1.098433177999999941e+02
2.500000000000000000e+02 4.710000000000000000e+02 1.098376042999999953e+02
2.500000000000000000e+02 4.720000000000000000e+02 1.098318907000000024e+02
2.500000000000000000e+02 4.730000000000000000e+02 1.098259280000000047e+02
2.500000000000000000e+02 4.740000000000000000e+02 1.098199653000000069e+02
2.500000000000000000e+02 4.750000000000000000e+02 1.098148790000000048e+02
2.500000000000000000e+02 4.760000000000000000e+02 1.098097927000000027e+02
2.500000000000000000e+02 4.770000000000000000e+02 1.098024319999999960e+02
2.500000000000000000e+02 4.780000000000000000e+02 1.097989426999999978e+02
2.500000000000000000e+02 4.790000000000000000e+02 1.097954533000000055e+02
2.500000000000000000e+02 4.800000000000000000e+02 1.097901391999999987e+02
2.500000000000000000e+02 4.810000000000000000e+02 1.097848249999999979e+02
2.500000000000000000e+02 4.820000000000000000e+02 1.097771189000000049e+02
2.500000000000000000e+02 4.830000000000000000e+02 1.097694127999999978e+02
2.500000000000000000e+02 4.840000000000000000e+02 1.097615887000000043e+02
2.500000000000000000e+02 4.850000000000000000e+02 1.097537645000000026e+02
2.500000000000000000e+02 4.860000000000000000e+02 1.097489290999999980e+02
2.500000000000000000e+02 4.870000000000000000e+02 1.097440936999999934e+02
2.500000000000000000e+02 4.880000000000000000e+02 1.097429925999999938e+02
2.500000000000000000e+02 4.890000000000000000e+02 1.097418914000000001e+02
2.500000000000000000e+02 4.900000000000000000e+02 1.097442407000000060e+02
2.500000000000000000e+02 4.910000000000000000e+02 1.097455566000000005e+02
2.500000000000000000e+02 4.920000000000000000e+02 1.097468724000000009e+02
2.500000000000000000e+02 4.930000000000000000e+02 1.097465262999999993e+02
2.500000000000000000e+02 4.940000000000000000e+02 1.097461801999999977e+02
2.500000000000000000e+02 4.950000000000000000e+02 1.097434692000000069e+02
2.500000000000000000e+02 4.960000000000000000e+02 1.097407582000000019e+02
2.500000000000000000e+02 4.970000000000000000e+02 1.097359112999999979e+02
2.500000000000000000e+02 4.980000000000000000e+02 1.097310642999999999e+02
2.500000000000000000e+02 4.990000000000000000e+02 1.097248340999999954e+02
2.500000000000000000e+02 5.000000000000000000e+02 1.097186037999999968e+02
2.500000000000000000e+02 5.010000000000000000e+02 1.097057113000000044e+02
2.500000000000000000e+02 5.020000000000000000e+02 1.097006614999999954e+02
2.500000000000000000e+02 5.030000000000000000e+02 1.096956117000000006e+02
2.500000000000000000e+02 5.040000000000000000e+02 1.096934099000000060e+02
2.500000000000000000e+02 5.050000000000000000e+02 1.096912080999999972e+02
2.500000000000000000e+02 5.060000000000000000e+02 1.096916269999999969e+02
2.500000000000000000e+02 5.070000000000000000e+02 1.096920458000000025e+02
2.500000000000000000e+02 5.080000000000000000e+02 1.096930811000000006e+02
2.500000000000000000e+02 5.090000000000000000e+02 1.096941163000000046e+02
2.500000000000000000e+02 5.100000000000000000e+02 1.096941051000000016e+02
2.500000000000000000e+02 5.110000000000000000e+02 1.096940938999999986e+02
2.500000000000000000e+02 5.120000000000000000e+02 1.096911209999999954e+02
2.500000000000000000e+02 5.130000000000000000e+02 1.096877451999999948e+02
2.500000000000000000e+02 5.140000000000000000e+02 1.096843693999999942e+02
2.500000000000000000e+02 5.150000000000000000e+02 1.096792178999999976e+02
2.500000000000000000e+02 5.160000000000000000e+02 1.096740664000000010e+02
2.500000000000000000e+02 5.170000000000000000e+02 1.096691818999999981e+02
2.500000000000000000e+02 5.180000000000000000e+02 1.096642973999999953e+02
2.500000000000000000e+02 5.190000000000000000e+02 1.096620676999999944e+02
2.500000000000000000e+02 5.200000000000000000e+02 1.096598379999999935e+02
2.500000000000000000e+02 5.210000000000000000e+02 1.096602766000000031e+02
2.500000000000000000e+02 5.220000000000000000e+02 1.096607151999999985e+02
2.500000000000000000e+02 5.230000000000000000e+02 1.096620482000000010e+02
2.500000000000000000e+02 5.240000000000000000e+02 1.096607853999999946e+02
2.500000000000000000e+02 5.250000000000000000e+02 1.096595224999999942e+02
2.500000000000000000e+02 5.260000000000000000e+02 1.096567029999999932e+02
2.500000000000000000e+02 5.270000000000000000e+02 1.096538833999999980e+02
2.500000000000000000e+02 5.280000000000000000e+02 1.096513065000000040e+02
2.500000000000000000e+02 5.290000000000000000e+02 1.096487295999999958e+02
2.500000000000000000e+02 5.300000000000000000e+02 1.096471013000000028e+02
2.500000000000000000e+02 5.310000000000000000e+02 1.096454729999999955e+02
2.500000000000000000e+02 5.320000000000000000e+02 1.096443699000000009e+02
2.500000000000000000e+02 5.330000000000000000e+02 1.096432666999999981e+02
2.500000000000000000e+02 5.340000000000000000e+02 1.096420793000000060e+02
2.500000000000000000e+02 5.350000000000000000e+02 1.096418031999999982e+02
2.500000000000000000e+02 5.360000000000000000e+02 1.096415271000000047e+02
2.500000000000000000e+02 5.370000000000000000e+02 1.096399858999999992e+02
2.500000000000000000e+02 5.380000000000000000e+02 1.096384445999999997e+02
2.500000000000000000e+02 5.390000000000000000e+02 1.096348054999999988e+02
2.500000000000000000e+02 5.400000000000000000e+02 1.096311663000000038e+02
2.500000000000000000e+02 5.410000000000000000e+02 1.096275512999999933e+02
2.500000000000000000e+02 5.420000000000000000e+02 1.096239362999999969e+02
2.500000000000000000e+02 5.430000000000000000e+02 1.096224603000000002e+02
2.500000000000000000e+02 5.440000000000000000e+02 1.096209843000000035e+02
2.500000000000000000e+02 5.450000000000000000e+02 1.096198961999999995e+02
2.500000000000000000e+02 5.460000000000000000e+02 1.096175123000000013e+02
2.500000000000000000e+02 5.470000000000000000e+02 1.096151284000000032e+02
2.500000000000000000e+02 5.480000000000000000e+02 1.096101728000000008e+02
2.500000000000000000e+02 5.490000000000000000e+02 1.096052171999999985e+02
2.500000000000000000e+02 5.500000000000000000e+02 1.096000106999999986e+02
2.500000000000000000e+02 5.510000000000000000e+02 1.095948041999999987e+02
2.500000000000000000e+02 5.520000000000000000e+02 1.095917318000000051e+02
2.500000000000000000e+02 5.530000000000000000e+02 1.095886593999999974e+02
2.500000000000000000e+02 5.540000000000000000e+02 1.095872511000000031e+02
2.500000000000000000e+02 5.550000000000000000e+02 1.095858427999999947e+02
2.500000000000000000e+02 5.560000000000000000e+02 1.095847645999999997e+02
2.500000000000000000e+02 5.570000000000000000e+02 1.095836864000000048e+02
2.500000000000000000e+02 5.580000000000000000e+02 1.095832501000000008e+02
2.500000000000000000e+02 5.590000000000000000e+02 1.095841558999999990e+02
2.500000000000000000e+02 5.600000000000000000e+02 1.095850616999999971e+02
2.500000000000000000e+02 5.610000000000000000e+02 1.095849290000000025e+02
2.500000000000000000e+02 5.620000000000000000e+02 1.095847962999999936e+02
2.500000000000000000e+02 5.630000000000000000e+02 1.095825523999999973e+02
2.500000000000000000e+02 5.640000000000000000e+02 1.095803084000000069e+02
2.500000000000000000e+02 5.650000000000000000e+02 1.095784079000000020e+02
2.500000000000000000e+02 5.660000000000000000e+02 1.095765073999999970e+02
2.500000000000000000e+02 5.670000000000000000e+02 1.095775711999999942e+02
2.500000000000000000e+02 5.680000000000000000e+02 1.095796320000000037e+02
2.500000000000000000e+02 5.690000000000000000e+02 1.095816927999999990e+02
2.500000000000000000e+02 5.700000000000000000e+02 1.095836273999999975e+02
2.500000000000000000e+02 5.710000000000000000e+02 1.095855619999999959e+02
2.500000000000000000e+02 5.720000000000000000e+02 1.095870469000000043e+02
2.500000000000000000e+02 5.730000000000000000e+02 1.095885317999999984e+02
2.500000000000000000e+02 5.740000000000000000e+02 1.095905180999999970e+02
2.500000000000000000e+02 5.750000000000000000e+02 1.095925043000000016e+02
2.500000000000000000e+02 5.760000000000000000e+02 1.095957621999999958e+02
2.500000000000000000e+02 5.770000000000000000e+02 1.095990201000000042e+02
2.500000000000000000e+02 5.780000000000000000e+02 1.096063130000000001e+02
2.500000000000000000e+02 5.790000000000000000e+02 1.096087193000000042e+02
2.500000000000000000e+02 5.800000000000000000e+02 1.096111255000000000e+02
2.500000000000000000e+02 5.810000000000000000e+02 1.096118629999999996e+02
2.500000000000000000e+02 5.820000000000000000e+02 1.096126004999999992e+02
2.500000000000000000e+02 5.830000000000000000e+02 1.096123716999999971e+02
2.500000000000000000e+02 5.840000000000000000e+02 1.096121428000000009e+02
2.500000000000000000e+02 5.850000000000000000e+02 1.096114792999999992e+02
2.500000000000000000e+02 5.860000000000000000e+02 1.096108157000000034e+02
2.500000000000000000e+02 5.870000000000000000e+02 1.096094946000000050e+02
2.500000000000000000e+02 5.880000000000000000e+02 1.096081735000000066e+02
2.500000000000000000e+02 5.890000000000000000e+02 1.096040765000000050e+02
2.500000000000000000e+02 5.900000000000000000e+02 1.096022442000000012e+02
2.500000000000000000e+02 5.910000000000000000e+02 1.096004118999999974e+02
2.500000000000000000e+02 5.920000000000000000e+02 1.095992580000000061e+02
2.500000000000000000e+02 5.930000000000000000e+02 1.095981041000000005e+02
2.500000000000000000e+02 5.940000000000000000e+02 1.095966995999999938e+02
2.500000000000000000e+02 5.950000000000000000e+02 1.095952951000000013e+02
2.500000000000000000e+02 5.960000000000000000e+02 1.095934584000000029e+02
2.500000000000000000e+02 5.970000000000000000e+02 1.095916217000000046e+02
2.500000000000000000e+02 5.980000000000000000e+02 1.095907457999999934e+02
2.500000000000000000e+02 5.990000000000000000e+02 1.095898698000000024e+02
3.000000000000000000e+02 0.000000000000000000e+00 0.000000000000000000e+00
3.000000000000000000e+02 1.000000000000000000e+00 1.496906260999999994e+01
3.000000000000000000e+02 2.000000000000000000e+00 3.067113648000000126e+01
3.000000000000000000e+02 3.000000000000000000e+00 3.951200379000000140e+01
3.000000000000000000e+02 4.000000000000000000e+00 4.736414216000000010e+01
3.000000000000000000e+02 5.000000000000000000e+00 5.368358188999999925e+01
3.000000000000000000e+02 6.000000000000000000e+00 5.607433870999999925e+01
3.000000000000000000e+02 7.000000000000000000e+00 5.846509551999999843e+01
3.000000000000000000e+02 8.000000000000000000e+00 6.197985912000000042e+01
3.000000000000000000e+02 9.000000000000000000e+00 6.327115023000000349e+01
3.000000000000000000e+02 1.000000000000000000e+01 6.456244134000000656e+01
3.000000000000000000e+02 1.100000000000000000e+01 6.553455395000000294e+01
3.000000000000000000e+02 1.200000000000000000e+01 6.650666655000000560e+01
3.000000000000000000e+02 1.300000000000000000e+01 6.726910920999999632e+01
3.000000000000000000e+02 1.400000000000000000e+01 6.803155187000000126e+01
3.000000000000000000e+02 1.500000000000000000e+01 6.928203440000000057e+01
3.000000000000000000e+02 1.600000000000000000e+01 6.981435089999999377e+01
3.000000000000000000e+02 1.700000000000000000e+01 7.034666738999999325e+01
3.000000000000000000e+02 1.800000000000000000e+01 7.081253447000000278e+01
3.000000000000000000e+02 1.900000000000000000e+01 7.127840154999999811e+01
3.000000000000000000e+02 2.000000000000000000e+01 7.169293935000000317e+01
3.000000000000000000e+02 2.100000000000000000e+01 7.210747714000000030e+01
3.000000000000000000e+02 2.200000000000000000e+01 7.247897992999999417e+01
3.000000000000000000e+02 2.300000000000000000e+01 7.285048272000000225e+01
3.000000000000000000e+02 2.400000000000000000e+01 7.351977705000000185e+01
3.000000000000000000e+02 2.500000000000000000e+01 7.382292923999999346e+01
3.000000000000000000e+02 2.600000000000000000e+01 7.412608142000000555e+01
3.000000000000000000e+02 2.700000000000000000e+01 7.440139274999999941e+01
3.000000000000000000e+02 2.800000000000000000e+01 7.467670407999999327e+01
3.000000000000000000e+02 2.900000000000000000e+01 7.492692275999999652e+01
3.000000000000000000e+02 3.000000000000000000e+01 7.517714143999999976e+01
3.000000000000000000e+02 3.100000000000000000e+01 7.540515166999999508e+01
3.000000000000000000e+02 3.200000000000000000e+01 7.563316190000000461e+01
3.000000000000000000e+02 3.300000000000000000e+01 7.584252807999999391e+01
3.000000000000000000e+02 3.400000000000000000e+01 7.605189425000000369e+01
3.000000000000000000e+02 3.500000000000000000e+01 7.643964257000000373e+01
3.000000000000000000e+02 3.600000000000000000e+01 7.661921266000000230e+01
3.000000000000000000e+02 3.700000000000000000e+01 7.679878275000000087e+01
3.000000000000000000e+02 3.800000000000000000e+01 7.696481701999999814e+01
3.000000000000000000e+02 3.900000000000000000e+01 7.713085128999999540e+01
3.000000000000000000e+02 4.000000000000000000e+01 7.728468863999999883e+01
3.000000000000000000e+02 4.100000000000000000e+01 7.743852599000000225e+01
3.000000000000000000e+02 4.200000000000000000e+01 7.758136199000000488e+01
3.000000000000000000e+02 4.300000000000000000e+01 7.772419797999999957e+01
3.000000000000000000e+02 4.400000000000000000e+01 7.785761470999999290e+01
3.000000000000000000e+02 4.500000000000000000e+01 7.799103143000000671e+01
3.000000000000000000e+02 4.600000000000000000e+01 7.824270860999999400e+01
3.000000000000000000e+02 4.700000000000000000e+01 7.836169633000000090e+01
3.000000000000000000e+02 4.800000000000000000e+01 7.848068404999999359e+01
3.000000000000000000e+02 4.900000000000000000e+01 7.859256050999999843e+01
3.000000000000000000e+02 5.000000000000000000e+01 7.870443695999999534e+01
3.000000000000000000e+02 5.100000000000000000e+01 7.880978428999999608e+01
3.000000000000000000e+02 5.200000000000000000e+01 7.891513161999999681e+01
3.000000000000000000e+02 5.300000000000000000e+01 7.901582842000000539e+01
3.000000000000000000e+02 5.400000000000000000e+01 7.911652521000000604e+01
3.000000000000000000e+02 5.500000000000000000e+01 7.921376666999999827e+01
3.000000000000000000e+02 5.600000000000000000e+01 7.931100813000000471e+01
3.000000000000000000e+02 5.700000000000000000e+01 7.949756270000000313e+01
3.000000000000000000e+02 5.800000000000000000e+01 7.958611263999999608e+01
3.000000000000000000e+02 5.900000000000000000e+01 7.967466256999999530e+01
3.000000000000000000e+02 6.000000000000000000e+01 7.975835202999999751e+01
3.000000000000000000e+02 6.100000000000000000e+01 7.984204148000000600e+01
3.000000000000000000e+02 6.200000000000000000e+01 7.992124782999999866e+01
3.000000000000000000e+02 6.300000000000000000e+01 8.000045418000000552e+01
3.000000000000000000e+02 6.400000000000000000e+01 8.007595947000000081e+01
3.000000000000000000e+02 6.500000000000000000e+01 8.015146475999999609e+01
3.000000000000000000e+02 6.600000000000000000e+01 8.022332579999999780e+01
3.000000000000000000e+02 6.700000000000000000e+01 8.029518683000000578e+01
3.000000000000000000e+02 6.800000000000000000e+01 8.043056764000000669e+01
3.000000000000000000e+02 6.900000000000000000e+01 8.049458683000000292e+01
3.000000000000000000e+02 7.000000000000000000e+01 8.055860601000000543e+01
3.000000000000000000e+02 7.100000000000000000e+01 8.061949472000000583e+01
3.000000000000000000e+02 7.200000000000000000e+01 8.068038341999999830e+01
3.000000000000000000e+02 7.300000000000000000e+01 8.073758906000000479e+01
3.000000000000000000e+02 7.400000000000000000e+01 8.079479469000000336e+01
3.000000000000000000e+02 7.500000000000000000e+01 8.084812823999999409e+01
3.000000000000000000e+02 7.600000000000000000e+01 8.090146178000000532e+01
3.000000000000000000e+02 7.700000000000000000e+01 8.095197640000000661e+01
3.000000000000000000e+02 7.800000000000000000e+01 8.100249101999999368e+01
3.000000000000000000e+02 7.900000000000000000e+01 8.110162212999999554e+01
3.000000000000000000e+02 8.000000000000000000e+01 8.115120684999999412e+01
3.000000000000000000e+02 8.100000000000000000e+01 8.120079157000000691e+01
3.000000000000000000e+02 8.200000000000000000e+01 8.124867394000000331e+01
3.000000000000000000e+02 8.300000000000000000e+01 8.129655630999999971e+01
3.000000000000000000e+02 8.400000000000000000e+01 8.134064906999999778e+01
3.000000000000000000e+02 8.500000000000000000e+01 8.138474182000000212e+01
3.000000000000000000e+02 8.600000000000000000e+01 8.142590190999999322e+01
3.000000000000000000e+02 8.700000000000000000e+01 8.146706199000000481e+01
3.000000000000000000e+02 8.800000000000000000e+01 8.150771181999999726e+01
3.000000000000000000e+02 8.900000000000000000e+01 8.154836165000000392e+01
3.000000000000000000e+02 9.000000000000000000e+01 8.158972550000000012e+01
3.000000000000000000e+02 9.100000000000000000e+01 8.163108934000000261e+01
3.000000000000000000e+02 9.200000000000000000e+01 8.171390637999999740e+01
3.000000000000000000e+02 9.300000000000000000e+01 8.175333249000000535e+01
3.000000000000000000e+02 9.400000000000000000e+01 8.179275859000000537e+01
3.000000000000000000e+02 9.500000000000000000e+01 8.182913894000000710e+01
3.000000000000000000e+02 9.600000000000000000e+01 8.186551928999999461e+01
3.000000000000000000e+02 9.700000000000000000e+01 8.190008761999999365e+01
3.000000000000000000e+02 9.800000000000000000e+01 8.193465595000000690e+01
3.000000000000000000e+02 9.900000000000000000e+01 8.196897771999999804e+01
3.000000000000000000e+02 1.000000000000000000e+02 8.200329947999999547e+01
3.000000000000000000e+02 1.010000000000000000e+02 8.203731424999999433e+01
3.000000000000000000e+02 1.020000000000000000e+02 8.207132901999999319e+01
3.000000000000000000e+02 1.030000000000000000e+02 8.213564198000000260e+01
3.000000000000000000e+02 1.040000000000000000e+02 8.216538373999999578e+01
3.000000000000000000e+02 1.050000000000000000e+02 8.219512550000000317e+01
3.000000000000000000e+02 1.060000000000000000e+02 8.222441836000000137e+01
3.000000000000000000e+02 1.070000000000000000e+02 8.225371121999999957e+01
3.000000000000000000e+02 1.080000000000000000e+02 8.228405714000000160e+01
3.000000000000000000e+02 1.090000000000000000e+02 8.231440306000000362e+01
3.000000000000000000e+02 1.100000000000000000e+02 8.234463223999999570e+01
3.000000000000000000e+02 1.110000000000000000e+02 8.237486142000000200e+01
3.000000000000000000e+02 1.120000000000000000e+02 8.240354218000000230e+01
3.000000000000000000e+02 1.130000000000000000e+02 8.243222294000000261e+01
3.000000000000000000e+02 1.140000000000000000e+02 8.245890255999999852e+01
3.000000000000000000e+02 1.150000000000000000e+02 8.248558217000000070e+01
3.000000000000000000e+02 1.160000000000000000e+02 8.253365109000000643e+01
3.000000000000000000e+02 1.170000000000000000e+02 8.255510203999999419e+01
3.000000000000000000e+02 1.180000000000000000e+02 8.257655298000000244e+01
3.000000000000000000e+02 1.190000000000000000e+02 8.259717274000000486e+01
3.000000000000000000e+02 1.200000000000000000e+02 8.261779248999999936e+01
3.000000000000000000e+02 1.210000000000000000e+02 8.263987043000000199e+01
3.000000000000000000e+02 1.220000000000000000e+02 8.266194835999999668e+01
3.000000000000000000e+02 1.230000000000000000e+02 8.268722501000000591e+01
3.000000000000000000e+02 1.240000000000000000e+02 8.271250166000000092e+01
3.000000000000000000e+02 1.250000000000000000e+02 8.274105814000000692e+01
3.000000000000000000e+02 1.260000000000000000e+02 8.276961461999999869e+01
3.000000000000000000e+02 1.270000000000000000e+02 8.279875201000000118e+01
3.000000000000000000e+02 1.280000000000000000e+02 8.282788940000000366e+01
3.000000000000000000e+02 1.290000000000000000e+02 8.288000080000000480e+01
3.000000000000000000e+02 1.300000000000000000e+02 8.290253724000000091e+01
3.000000000000000000e+02 1.310000000000000000e+02 8.292507367999999701e+01
3.000000000000000000e+02 1.320000000000000000e+02 8.294701313000000198e+01
3.000000000000000000e+02 1.330000000000000000e+02 8.296895256999999901e+01
3.000000000000000000e+02 1.340000000000000000e+02 8.299209989999999948e+01
3.000000000000000000e+02 1.350000000000000000e+02 8.301524722000000622e+01
3.000000000000000000e+02 1.360000000000000000e+02 8.303857281999999884e+01
3.000000000000000000e+02 1.370000000000000000e+02 8.306189840999999774e+01
3.000000000000000000e+02 1.380000000000000000e+02 8.308420974000000570e+01
3.000000000000000000e+02 1.390000000000000000e+02 8.310652106999999944e+01
3.000000000000000000e+02 1.400000000000000000e+02 8.315024468999999385e+01
3.000000000000000000e+02 1.410000000000000000e+02 8.317213434999999322e+01
3.000000000000000000e+02 1.420000000000000000e+02 8.319402401000000680e+01
3.000000000000000000e+02 1.430000000000000000e+02 8.321495197999999505e+01
3.000000000000000000e+02 1.440000000000000000e+02 8.323587994999999751e+01
3.000000000000000000e+02 1.450000000000000000e+02 8.325495802000000367e+01
3.000000000000000000e+02 1.460000000000000000e+02 8.327403608000000190e+01
3.000000000000000000e+02 1.470000000000000000e+02 8.329100585999999851e+01
3.000000000000000000e+02 1.480000000000000000e+02 8.330797563000000139e+01
3.000000000000000000e+02 1.490000000000000000e+02 8.332311360999999295e+01
3.000000000000000000e+02 1.500000000000000000e+02 8.333825158999999871e+01
3.000000000000000000e+02 1.510000000000000000e+02 8.335267192999999963e+01
3.000000000000000000e+02 1.520000000000000000e+02 8.336709227000000055e+01
3.000000000000000000e+02 1.530000000000000000e+02 8.339724108999999430e+01
3.000000000000000000e+02 1.540000000000000000e+02 8.341419910999999843e+01
3.000000000000000000e+02 1.550000000000000000e+02 8.343115711999999462e+01
3.000000000000000000e+02 1.560000000000000000e+02 8.344990805000000478e+01
3.000000000000000000e+02 1.570000000000000000e+02 8.346865897000000700e+01
3.000000000000000000e+02 1.580000000000000000e+02 8.348666359999999997e+01
3.000000000000000000e+02 1.590000000000000000e+02 8.350466822999999295e+01
3.000000000000000000e+02 1.600000000000000000e+02 8.351937712000000147e+01
3.000000000000000000e+02 1.610000000000000000e+02 8.353408600999999578e+01
3.000000000000000000e+02 1.620000000000000000e+02 8.354629633999999783e+01
3.000000000000000000e+02 1.630000000000000000e+02 8.355850666999999987e+01
3.000000000000000000e+02 1.640000000000000000e+02 8.357169170999999608e+01
3.000000000000000000e+02 1.650000000000000000e+02 8.358487675000000650e+01
3.000000000000000000e+02 1.660000000000000000e+02 8.361795227000000352e+01
3.000000000000000000e+02 1.670000000000000000e+02 8.363688784999999370e+01
3.000000000000000000e+02 1.680000000000000000e+02 8.365582342000000438e+01
3.000000000000000000e+02 1.690000000000000000e+02 8.367433047000000101e+01
3.000000000000000000e+02 1.700000000000000000e+02 8.369283751000000393e+01
3.000000000000000000e+02 1.710000000000000000e+02 8.370896050999999716e+01
3.000000000000000000e+02 1.720000000000000000e+02 8.372508351000000459e+01
3.000000000000000000e+02 1.730000000000000000e+02 8.373840271000000257e+01
3.000000000000000000e+02 1.740000000000000000e+02 8.375172191000000055e+01
3.000000000000000000e+02 1.750000000000000000e+02 8.376265522999999291e+01
3.000000000000000000e+02 1.760000000000000000e+02 8.377358854999999949e+01
3.000000000000000000e+02 1.770000000000000000e+02 8.379323474000000260e+01
3.000000000000000000e+02 1.780000000000000000e+02 8.380342217000000460e+01
3.000000000000000000e+02 1.790000000000000000e+02 8.381360958999999866e+01
3.000000000000000000e+02 1.800000000000000000e+02 8.382447206000000506e+01
3.000000000000000000e+02 1.810000000000000000e+02 8.383533452999999724e+01
3.000000000000000000e+02 1.820000000000000000e+02 8.384610304999999641e+01
3.000000000000000000e+02 1.830000000000000000e+02 8.385687156999999559e+01
3.000000000000000000e+02 1.840000000000000000e+02 8.386688089999999818e+01
3.000000000000000000e+02 1.850000000000000000e+02 8.387689022000000705e+01
3.000000000000000000e+02 1.860000000000000000e+02 8.388666625999999837e+01
3.000000000000000000e+02 1.870000000000000000e+02 8.389644228999999598e+01
3.000000000000000000e+02 1.880000000000000000e+02 8.390714456000000609e+01
3.000000000000000000e+02 1.890000000000000000e+02 8.391784681999999407e+01
3.000000000000000000e+02 1.900000000000000000e+02 8.394142641000000538e+01
3.000000000000000000e+02 1.910000000000000000e+02 8.395384076999999934e+01
3.000000000000000000e+02 1.920000000000000000e+02 8.396625512999999330e+01
3.000000000000000000e+02 1.930000000000000000e+02 8.397952580000000466e+01
3.000000000000000000e+02 1.940000000000000000e+02 8.399279647000000182e+01
3.000000000000000000e+02 1.950000000000000000e+02 8.400690548999999407e+01
3.000000000000000000e+02 1.960000000000000000e+02 8.402101450000000682e+01
3.000000000000000000e+02 1.970000000000000000e+02 8.403440229000000272e+01
3.000000000000000000e+02 1.980000000000000000e+02 8.404779007000000490e+01
3.000000000000000000e+02 1.990000000000000000e+02 8.405922259999999824e+01
3.000000000000000000e+02 2.000000000000000000e+02 8.407065513000000578e+01
3.000000000000000000e+02 2.010000000000000000e+02 8.409110429000000408e+01
3.000000000000000000e+02 2.020000000000000000e+02 8.410149029000000098e+01
3.000000000000000000e+02 2.030000000000000000e+02 8.411187628999999788e+01
3.000000000000000000e+02 2.040000000000000000e+02 8.412307717999999568e+01
3.000000000000000000e+02 2.050000000000000000e+02 8.413427806999999348e+01
3.000000000000000000e+02 2.060000000000000000e+02 8.414628319999999917e+01
3.000000000000000000e+02 2.070000000000000000e+02 8.415828833000000486e+01
3.000000000000000000e+02 2.080000000000000000e+02 8.417159682000000487e+01
3.000000000000000000e+02 2.090000000000000000e+02 8.418490529999999694e+01
3.000000000000000000e+02 2.100000000000000000e+02 8.419979030999999736e+01
3.000000000000000000e+02 2.110000000000000000e+02 8.421467531000000406e+01
3.000000000000000000e+02 2.120000000000000000e+02 8.422871881000000371e+01
3.000000000000000000e+02 2.130000000000000000e+02 8.424276229999999543e+01
3.000000000000000000e+02 2.140000000000000000e+02 8.426392266999999947e+01
3.000000000000000000e+02 2.150000000000000000e+02 8.427215744000000086e+01
3.000000000000000000e+02 2.160000000000000000e+02 8.428039221000000225e+01
3.000000000000000000e+02 2.170000000000000000e+02 8.428871039000000565e+01
3.000000000000000000e+02 2.180000000000000000e+02 8.429702856999999483e+01
3.000000000000000000e+02 2.190000000000000000e+02 8.430544152999999596e+01
3.000000000000000000e+02 2.200000000000000000e+02 8.431385448000000338e+01
3.000000000000000000e+02 2.210000000000000000e+02 8.432104062000000511e+01
3.000000000000000000e+02 2.220000000000000000e+02 8.432822674999999890e+01
3.000000000000000000e+02 2.230000000000000000e+02 8.433412565000000427e+01
3.000000000000000000e+02 2.240000000000000000e+02 8.434002454000000171e+01
3.000000000000000000e+02 2.250000000000000000e+02 8.434601976000000434e+01
3.000000000000000000e+02 2.260000000000000000e+02 8.435201498000000697e+01
3.000000000000000000e+02 2.270000000000000000e+02 8.436713301999999715e+01
3.000000000000000000e+02 2.280000000000000000e+02 8.437679167000000291e+01
3.000000000000000000e+02 2.290000000000000000e+02 8.438645031999999446e+01
3.000000000000000000e+02 2.300000000000000000e+02 8.439732001000000139e+01
3.000000000000000000e+02 2.310000000000000000e+02 8.440818969000000038e+01
3.000000000000000000e+02 2.320000000000000000e+02 8.441868632000000616e+01
3.000000000000000000e+02 2.330000000000000000e+02 8.442918294000000401e+01
3.000000000000000000e+02 2.340000000000000000e+02 8.443847820000000581e+01
3.000000000000000000e+02 2.350000000000000000e+02 8.444777345999999341e+01
3.000000000000000000e+02 2.360000000000000000e+02 8.445563178999999820e+01
3.000000000000000000e+02 2.370000000000000000e+02 8.446349010999999507e+01
3.000000000000000000e+02 2.380000000000000000e+02 8.447671323999999515e+01
3.000000000000000000e+02 2.390000000000000000e+02 8.448362828999999863e+01
3.000000000000000000e+02 2.400000000000000000e+02 8.449054332999999417e+01
3.000000000000000000e+02 2.410000000000000000e+02 8.449947138999999652e+01
3.000000000000000000e+02 2.420000000000000000e+02 8.450839944000000514e+01
3.000000000000000000e+02 2.430000000000000000e+02 8.451882503000000213e+01
3.000000000000000000e+02 2.440000000000000000e+02 8.452925061999999912e+01
3.000000000000000000e+02 2.450000000000000000e+02 8.453894176999999388e+01
3.000000000000000000e+02 2.460000000000000000e+02 8.454863292000000285e+01
3.000000000000000000e+02 2.470000000000000000e+02 8.455630582000000572e+01
3.000000000000000000e+02 2.480000000000000000e+02 8.456397871999999438e+01
3.000000000000000000e+02 2.490000000000000000e+02 8.457038950999999827e+01
3.000000000000000000e+02 2.500000000000000000e+02 8.457680030000000215e+01
3.000000000000000000e+02 2.510000000000000000e+02 8.458998561999999311e+01
3.000000000000000000e+02 2.520000000000000000e+02 8.459740485000000376e+01
3.000000000000000000e+02 2.530000000000000000e+02 8.460482408000000021e+01
3.000000000000000000e+02 2.540000000000000000e+02 8.461259603999999968e+01
3.000000000000000000e+02 2.550000000000000000e+02 8.462036799000000542e+01
3.000000000000000000e+02 2.560000000000000000e+02 8.462734294000000546e+01
3.000000000000000000e+02 2.570000000000000000e+02 8.463431789000000549e+01
3.000000000000000000e+02 2.580000000000000000e+02 8.463963660999999661e+01
3.000000000000000000e+02 2.590000000000000000e+02 8.464495531999999400e+01
3.000000000000000000e+02 2.600000000000000000e+02 8.464882095999999478e+01
3.000000000000000000e+02 2.610000000000000000e+02 8.465268659999999556e+01
3.000000000000000000e+02 2.620000000000000000e+02 8.465599391000000651e+01
3.000000000000000000e+02 2.630000000000000000e+02 8.465930122000000324e+01
3.000000000000000000e+02 2.640000000000000000e+02 8.466722138999999459e+01
3.000000000000000000e+02 2.650000000000000000e+02 8.467331127999999296e+01
3.000000000000000000e+02 2.660000000000000000e+02 8.467940115999999762e+01
3.000000000000000000e+02 2.670000000000000000e+02 8.468790534999999409e+01
3.000000000000000000e+02 2.680000000000000000e+02 8.469640954000000477e+01
3.000000000000000000e+02 2.690000000000000000e+02 8.470513352999999768e+01
3.000000000000000000e+02 2.700000000000000000e+02 8.471385750999999686e+01
3.000000000000000000e+02 2.710000000000000000e+02 8.471978178999999898e+01
3.000000000000000000e+02 2.720000000000000000e+02 8.472570605999999316e+01
3.000000000000000000e+02 2.730000000000000000e+02 8.472865376999999398e+01
3.000000000000000000e+02 2.740000000000000000e+02 8.473160147999999481e+01
3.000000000000000000e+02 2.750000000000000000e+02 8.473784202999999593e+01
3.000000000000000000e+02 2.760000000000000000e+02 8.474273938000000328e+01
3.000000000000000000e+02 2.770000000000000000e+02 8.474763672000000270e+01
3.000000000000000000e+02 2.780000000000000000e+02 8.475257012000000145e+01
3.000000000000000000e+02 2.790000000000000000e+02 8.475750351000000649e+01
3.000000000000000000e+02 2.800000000000000000e+02 8.476152127000000291e+01
3.000000000000000000e+02 2.810000000000000000e+02 8.476553902999999934e+01
3.000000000000000000e+02 2.820000000000000000e+02 8.476958188999999777e+01
3.000000000000000000e+02 2.830000000000000000e+02 8.477362474999999620e+01
3.000000000000000000e+02 2.840000000000000000e+02 8.477787356999999702e+01
3.000000000000000000e+02 2.850000000000000000e+02 8.478212238000000411e+01
3.000000000000000000e+02 2.860000000000000000e+02 8.478577787999999771e+01
3.000000000000000000e+02 2.870000000000000000e+02 8.478943338000000551e+01
3.000000000000000000e+02 2.880000000000000000e+02 8.479442684999999358e+01
3.000000000000000000e+02 2.890000000000000000e+02 8.479530452000000196e+01
3.000000000000000000e+02 2.900000000000000000e+02 8.479618218999999613e+01
3.000000000000000000e+02 2.910000000000000000e+02 8.479583576000000278e+01
3.000000000000000000e+02 2.920000000000000000e+02 8.479548932000000150e+01
3.000000000000000000e+02 2.930000000000000000e+02 8.479572715000000471e+01
3.000000000000000000e+02 2.940000000000000000e+02 8.479596497999999372e+01
3.000000000000000000e+02 2.950000000000000000e+02 8.479734464999999943e+01
3.000000000000000000e+02 2.960000000000000000e+02 8.479872432000000515e+01
3.000000000000000000e+02 2.970000000000000000e+02 8.479988744999999994e+01
3.000000000000000000e+02 2.980000000000000000e+02 8.480105057000000102e+01
3.000000000000000000e+02 2.990000000000000000e+02 8.480161413999999809e+01
3.000000000000000000e+02 3.000000000000000000e+02 8.480217770999999516e+01
3.000000000000000000e+02 3.010000000000000000e+02 8.480337348000000475e+01
3.000000000000000000e+02 3.020000000000000000e+02 8.480389526999999816e+01
3.000000000000000000e+02 3.030000000000000000e+02 8.480441704999999786e+01
3.000000000000000000e+02 3.040000000000000000e+02 8.480436717999999985e+01
3.000000000000000000e+02 3.050000000000000000e+02 8.480431731000000184e+01
3.000000000000000000e+02 3.060000000000000000e+02 8.480357410000000584e+01
3.000000000000000000e+02 3.070000000000000000e+02 8.480283088000000191e+01
3.000000000000000000e+02 3.080000000000000000e+02 8.480177084999999693e+01
3.000000000000000000e+02 3.090000000000000000e+02 8.480071080999999822e+01
3.000000000000000000e+02 3.100000000000000000e+02 8.480017519000000448e+01
3.000000000000000000e+02 3.110000000000000000e+02 8.479963956999999652e+01
3.000000000000000000e+02 3.120000000000000000e+02 8.480037529000000518e+01
3.000000000000000000e+02 3.130000000000000000e+02 8.480111100999999962e+01
3.000000000000000000e+02 3.140000000000000000e+02 8.480482612999999503e+01
3.000000000000000000e+02 3.150000000000000000e+02 8.480659445999999946e+01
3.000000000000000000e+02 3.160000000000000000e+02 8.480836277999999595e+01
3.000000000000000000e+02 3.170000000000000000e+02 8.480910310999999524e+01
3.000000000000000000e+02 3.180000000000000000e+02 8.480984343000000081e+01
3.000000000000000000e+02 3.190000000000000000e+02 8.481028799000000618e+01
3.000000000000000000e+02 3.200000000000000000e+02 8.481073254999999733e+01
3.000000000000000000e+02 3.210000000000000000e+02 8.481156747999999368e+01
3.000000000000000000e+02 3.220000000000000000e+02 8.481240239999999631e+01
3.000000000000000000e+02 3.230000000000000000e+02 8.481219484999999736e+01
3.000000000000000000e+02 3.240000000000000000e+02 8.481198729000000469e+01
3.000000000000000000e+02 3.250000000000000000e+02 8.480705244000000675e+01
3.000000000000000000e+02 3.260000000000000000e+02 8.480386540000000650e+01
3.000000000000000000e+02 3.270000000000000000e+02 8.480067836000000625e+01
3.000000000000000000e+02 3.280000000000000000e+02 8.479892003999999872e+01
3.000000000000000000e+02 3.290000000000000000e+02 8.479716172000000540e+01
3.000000000000000000e+02 3.300000000000000000e+02 8.479661882999999989e+01
3.000000000000000000e+02 3.310000000000000000e+02 8.479607593999999438e+01
3.000000000000000000e+02 3.320000000000000000e+02 8.479528611000000637e+01
3.000000000000000000e+02 3.330000000000000000e+02 8.479449626999999623e+01
3.000000000000000000e+02 3.340000000000000000e+02 8.479348826999999744e+01
3.000000000000000000e+02 3.350000000000000000e+02 8.479248026999999865e+01
3.000000000000000000e+02 3.360000000000000000e+02 8.479204507999999407e+01
3.000000000000000000e+02 3.370000000000000000e+02 8.479160987999999577e+01
3.000000000000000000e+02 3.380000000000000000e+02 8.479096432999999422e+01
3.000000000000000000e+02 3.390000000000000000e+02 8.478968498999999781e+01
3.000000000000000000e+02 3.400000000000000000e+02 8.478840563999999347e+01
3.000000000000000000e+02 3.410000000000000000e+02 8.478567741000000524e+01
3.000000000000000000e+02 3.420000000000000000e+02 8.478294918000000280e+01
3.000000000000000000e+02 3.430000000000000000e+02 8.477908170999999982e+01
3.000000000000000000e+02 3.440000000000000000e+02 8.477521423999999683e+01
3.000000000000000000e+02 3.450000000000000000e+02 8.477132808999999725e+01
3.000000000000000000e+02 3.460000000000000000e+02 8.476744193000000394e+01
3.000000000000000000e+02 3.470000000000000000e+02 8.476485162000000173e+01
3.000000000000000000e+02 3.480000000000000000e+02 8.476226130000000580e+01
3.000000000000000000e+02 3.490000000000000000e+02 8.476015246999999420e+01
3.000000000000000000e+02 3.500000000000000000e+02 8.475890266000000395e+01
3.000000000000000000e+02 3.510000000000000000e+02 8.475765284000000577e+01
3.000000000000000000e+02 3.520000000000000000e+02 8.475401383999999894e+01
3.000000000000000000e+02 3.530000000000000000e+02 8.475037482999999838e+01
3.000000000000000000e+02 3.540000000000000000e+02 8.474499674000000482e+01
3.000000000000000000e+02 3.550000000000000000e+02 8.473961864999999705e+01
3.000000000000000000e+02 3.560000000000000000e+02 8.473523677000000021e+01
3.000000000000000000e+02 3.570000000000000000e+02 8.473085489000000337e+01
3.000000000000000000e+02 3.580000000000000000e+02 8.472784289000000513e+01
3.000000000000000000e+02 3.590000000000000000e+02 8.472483087999999896e+01
3.000000000000000000e+02 3.600000000000000000e+02 8.472117753999999934e+01
3.000000000000000000e+02 3.610000000000000000e+02 8.471752419999999972e+01
3.000000000000000000e+02 3.620000000000000000e+02 8.470690254999999524e+01
3.000000000000000000e+02 3.630000000000000000e+02 8.470043252000000678e+01
3.000000000000000000e+02 3.640000000000000000e+02 8.469396247999999616e+01
3.000000000000000000e+02 3.650000000000000000e+02 8.468714475999999536e+01
3.000000000000000000e+02 3.660000000000000000e+02 8.468032703000000083e+01
3.000000000000000000e+02 3.670000000000000000e+02 8.467409779000000469e+01
3.000000000000000000e+02 3.680000000000000000e+02 8.466786854000000062e+01
3.000000000000000000e+02 3.690000000000000000e+02 8.466287509000000000e+01
3.000000000000000000e+02 3.700000000000000000e+02 8.465788163999999938e+01
3.000000000000000000e+02 3.710000000000000000e+02 8.465357222999999465e+01
3.000000000000000000e+02 3.720000000000000000e+02 8.464926282000000413e+01
3.000000000000000000e+02 3.730000000000000000e+02 8.464042734999999595e+01
3.000000000000000000e+02 3.740000000000000000e+02 8.463577329999999677e+01
3.000000000000000000e+02 3.750000000000000000e+02 8.463111924999999758e+01
3.000000000000000000e+02 3.760000000000000000e+02 8.462611961000000349e+01
3.000000000000000000e+02 3.770000000000000000e+02 8.462111996999999519e+01
3.000000000000000000e+02 3.780000000000000000e+02 8.461641760000000545e+01
3.000000000000000000e+02 3.790000000000000000e+02 8.461171523000000150e+01
3.000000000000000000e+02 3.800000000000000000e+02 8.460874216999999931e+01
3.000000000000000000e+02 3.810000000000000000e+02 8.460576910000000339e+01
3.000000000000000000e+02 3.820000000000000000e+02 8.460426189000000363e+01
3.000000000000000000e+02 3.830000000000000000e+02 8.460275466999999594e+01
3.000000000000000000e+02 3.840000000000000000e+02 8.460064780999999812e+01
3.000000000000000000e+02 3.850000000000000000e+02 8.459854094000000657e+01
3.000000000000000000e+02 3.860000000000000000e+02 8.459176904999999635e+01
3.000000000000000000e+02 3.870000000000000000e+02 8.458811298000000534e+01
3.000000000000000000e+02 3.880000000000000000e+02 8.458445690000000639e+01
3.000000000000000000e+02 3.890000000000000000e+02 8.458050901000000010e+01
3.000000000000000000e+02 3.900000000000000000e+02 8.457656111999999382e+01
3.000000000000000000e+02 3.910000000000000000e+02 8.457160555999999474e+01
3.000000000000000000e+02 3.920000000000000000e+02 8.456664999999999566e+01
3.000000000000000000e+02 3.930000000000000000e+02 8.456082268000000113e+01
3.000000000000000000e+02 3.940000000000000000e+02 8.455499534999999867e+01
3.000000000000000000e+02 3.950000000000000000e+02 8.454852617000000237e+01
3.000000000000000000e+02 3.960000000000000000e+02 8.454205697999999813e+01
3.000000000000000000e+02 3.970000000000000000e+02 8.453522535999999832e+01
3.000000000000000000e+02 3.980000000000000000e+02 8.452839373999999850e+01
3.000000000000000000e+02 3.990000000000000000e+02 8.451604412000000366e+01
3.000000000000000000e+02 4.000000000000000000e+02 8.451181169000000182e+01
3.000000000000000000e+02 4.010000000000000000e+02 8.450757925999999998e+01
3.000000000000000000e+02 4.020000000000000000e+02 8.450571920000000148e+01
3.000000000000000000e+02 4.030000000000000000e+02 8.450385914000000298e+01
3.000000000000000000e+02 4.040000000000000000e+02 8.450257200000000068e+01
3.000000000000000000e+02 4.050000000000000000e+02 8.450128485000000467e+01
3.000000000000000000e+02 4.060000000000000000e+02 8.449767825000000698e+01
3.000000000000000000e+02 4.070000000000000000e+02 8.449407164999999509e+01
3.000000000000000000e+02 4.080000000000000000e+02 8.448740146000000095e+01
3.000000000000000000e+02 4.090000000000000000e+02 8.448073127000000682e+01
3.000000000000000000e+02 4.100000000000000000e+02 8.446425580000000366e+01
3.000000000000000000e+02 4.110000000000000000e+02 8.445612844000000052e+01
3.000000000000000000e+02 4.120000000000000000e+02 8.444800107999999739e+01
3.000000000000000000e+02 4.130000000000000000e+02 8.444074218999999459e+01
3.000000000000000000e+02 4.140000000000000000e+02 8.443348328999999808e+01
3.000000000000000000e+02 4.150000000000000000e+02 8.442691304000000230e+01
3.000000000000000000e+02 4.160000000000000000e+02 8.442034279000000652e+01
3.000000000000000000e+02 4.170000000000000000e+02 8.441509311999999454e+01
3.000000000000000000e+02 4.180000000000000000e+02 8.440984344000000306e+01
3.000000000000000000e+02 4.190000000000000000e+02 8.440759615000000338e+01
3.000000000000000000e+02 4.200000000000000000e+02 8.440534884999999576e+01
3.000000000000000000e+02 4.210000000000000000e+02 8.440594384999999988e+01
3.000000000000000000e+02 4.220000000000000000e+02 8.440653883999999607e+01
3.000000000000000000e+02 4.230000000000000000e+02 8.440860478000000455e+01
3.000000000000000000e+02 4.240000000000000000e+02 8.440797847000000331e+01
3.000000000000000000e+02 4.250000000000000000e+02 8.440735216000000207e+01
3.000000000000000000e+02 4.260000000000000000e+02 8.440429975000000695e+01
3.000000000000000000e+02 4.270000000000000000e+02 8.440124733999999762e+01
3.000000000000000000e+02 4.280000000000000000e+02 8.439605731999999705e+01
3.000000000000000000e+02 4.290000000000000000e+02 8.439086729000000275e+01
3.000000000000000000e+02 4.300000000000000000e+02 8.438441444999999419e+01
3.000000000000000000e+02 4.310000000000000000e+02 8.437796160999999984e+01
3.000000000000000000e+02 4.320000000000000000e+02 8.437090005000000303e+01
3.000000000000000000e+02 4.330000000000000000e+02 8.436383849000000623e+01
3.000000000000000000e+02 4.340000000000000000e+02 8.434980631999999900e+01
3.000000000000000000e+02 4.350000000000000000e+02 8.434411473999999487e+01
3.000000000000000000e+02 4.360000000000000000e+02 8.433842316000000494e+01
3.000000000000000000e+02 4.370000000000000000e+02 8.433482820999999774e+01
3.000000000000000000e+02 4.380000000000000000e+02 8.433123324999999681e+01
3.000000000000000000e+02 4.390000000000000000e+02 8.432856689000000472e+01
3.000000000000000000e+02 4.400000000000000000e+02 8.432590052999999841e+01
3.000000000000000000e+02 4.410000000000000000e+02 8.432215682000000356e+01
3.000000000000000000e+02 4.420000000000000000e+02 8.431841310000000078e+01
3.000000000000000000e+02 4.430000000000000000e+02 8.431334028999999930e+01
3.000000000000000000e+02 4.440000000000000000e+02 8.430826747999999782e+01
3.000000000000000000e+02 4.450000000000000000e+02 8.430334489999999903e+01
3.000000000000000000e+02 4.460000000000000000e+02 8.429842231000000652e+01
3.000000000000000000e+02 4.470000000000000000e+02 8.429034618999999395e+01
3.000000000000000000e+02 4.480000000000000000e+02 8.428643954000000349e+01
3.000000000000000000e+02 4.490000000000000000e+02 8.428253288999999882e+01
3.000000000000000000e+02 4.500000000000000000e+02 8.427748923999999420e+01
3.000000000000000000e+02 4.510000000000000000e+02 8.427244557999999586e+01
3.000000000000000000e+02 4.520000000000000000e+02 8.426550727000000052e+01
3.000000000000000000e+02 4.530000000000000000e+02 8.425856896000000518e+01
3.000000000000000000e+02 4.540000000000000000e+02 8.425017241000000467e+01
3.000000000000000000e+02 4.550000000000000000e+02 8.424177584999999624e+01
3.000000000000000000e+02 4.560000000000000000e+02 8.423300453000000232e+01
3.000000000000000000e+02 4.570000000000000000e+02 8.422423320999999419e+01
3.000000000000000000e+02 4.580000000000000000e+02 8.420786563000000058e+01
3.000000000000000000e+02 4.590000000000000000e+02 8.420071097000000293e+01
3.000000000000000000e+02 4.600000000000000000e+02 8.419355629999999735e+01
3.000000000000000000e+02 4.610000000000000000e+02 8.418695717999999317e+01
3.000000000000000000e+02 4.620000000000000000e+02 8.418035806000000321e+01
3.000000000000000000e+02 4.630000000000000000e+02 8.417319655000000012e+01
3.000000000000000000e+02 4.640000000000000000e+02 8.416603503999999703e+01
3.000000000000000000e+02 4.650000000000000000e+02 8.415727979000000403e+01
3.000000000000000000e+02 4.660000000000000000e+02 8.414852453999999682e+01
3.000000000000000000e+02 4.670000000000000000e+02 8.413817720000000122e+01
3.000000000000000000e+02 4.680000000000000000e+02 8.412782984999999769e+01
3.000000000000000000e+02 4.690000000000000000e+02 8.410685214999999459e+01
3.000000000000000000e+02 4.700000000000000000e+02 8.409770862000000591e+01
3.000000000000000000e+02 4.710000000000000000e+02 8.408856507999999508e+01
3.000000000000000000e+02 4.720000000000000000e+02 8.408119394999999940e+01
3.000000000000000000e+02 4.730000000000000000e+02 8.407382282000000373e+01
3.000000000000000000e+02 4.740000000000000000e+02 8.406841733000000261e+01
3.000000000000000000e+02 4.750000000000000000e+02 8.406301182999999355e+01
3.000000000000000000e+02 4.760000000000000000e+02 8.405956383000000187e+01
3.000000000000000000e+02 4.770000000000000000e+02 8.405611582000000226e+01
3.000000000000000000e+02 4.780000000000000000e+02 8.405380486999999334e+01
3.000000000000000000e+02 4.790000000000000000e+02 8.405149391000000492e+01
3.000000000000000000e+02 4.800000000000000000e+02 8.404685084999999845e+01
3.000000000000000000e+02 4.810000000000000000e+02 8.404366383999999357e+01
3.000000000000000000e+02 4.820000000000000000e+02 8.404047681999999497e+01
3.000000000000000000e+02 4.830000000000000000e+02 8.403602150000000393e+01
3.000000000000000000e+02 4.840000000000000000e+02 8.403156617999999867e+01
3.000000000000000000e+02 4.850000000000000000e+02 8.402571407000000647e+01
3.000000000000000000e+02 4.860000000000000000e+02 8.401986196000000007e+01
3.000000000000000000e+02 4.870000000000000000e+02 8.401269456999999363e+01
3.000000000000000000e+02 4.880000000000000000e+02 8.400552718000000141e+01
3.000000000000000000e+02 4.890000000000000000e+02 8.399731106000000125e+01
3.000000000000000000e+02 4.900000000000000000e+02 8.398909494000000109e+01
3.000000000000000000e+02 4.910000000000000000e+02 8.398030482000000063e+01
3.000000000000000000e+02 4.920000000000000000e+02 8.397151470000000018e+01
3.000000000000000000e+02 4.930000000000000000e+02 8.395354550000000415e+01
3.000000000000000000e+02 4.940000000000000000e+02 8.394411207999999647e+01
3.000000000000000000e+02 4.950000000000000000e+02 8.393467864999999506e+01
3.000000000000000000e+02 4.960000000000000000e+02 8.392481236000000422e+01
3.000000000000000000e+02 4.970000000000000000e+02 8.391494606000000545e+01
3.000000000000000000e+02 4.980000000000000000e+02 8.390526361000000577e+01
3.000000000000000000e+02 4.990000000000000000e+02 8.389558116000000609e+01
3.000000000000000000e+02 5.000000000000000000e+02 8.388592026000000601e+01
3.000000000000000000e+02 5.010000000000000000e+02 8.387625934999999799e+01
3.000000000000000000e+02 5.020000000000000000e+02 8.386596289999999954e+01
3.000000000000000000e+02 5.030000000000000000e+02 8.385566645000000108e+01
3.000000000000000000e+02 5.040000000000000000e+02 8.383492750999999998e+01
3.000000000000000000e+02 5.050000000000000000e+02 8.382596451000000570e+01
3.000000000000000000e+02 5.060000000000000000e+02 8.381700150000000349e+01
3.000000000000000000e+02 5.070000000000000000e+02 8.380946000999999512e+01
3.000000000000000000e+02 5.080000000000000000e+02 8.380191852000000097e+01
3.000000000000000000e+02 5.090000000000000000e+02 8.379420192000000611e+01
3.000000000000000000e+02 5.100000000000000000e+02 8.378648531000000332e+01
3.000000000000000000e+02 5.110000000000000000e+02 8.377801218999999833e+01
3.000000000000000000e+02 5.120000000000000000e+02 8.376953906999999333e+01
3.000000000000000000e+02 5.130000000000000000e+02 8.376130906999999581e+01
3.000000000000000000e+02 5.140000000000000000e+02 8.375307906999999830e+01
3.000000000000000000e+02 5.150000000000000000e+02 8.373875748999999757e+01
3.000000000000000000e+02 5.160000000000000000e+02 8.373225198000000091e+01
3.000000000000000000e+02 5.170000000000000000e+02 8.372574647000000425e+01
3.000000000000000000e+02 5.180000000000000000e+02 8.371886428000000535e+01
3.000000000000000000e+02 5.190000000000000000e+02 8.371198207999999852e+01
3.000000000000000000e+02 5.200000000000000000e+02 8.370438566999999352e+01
3.000000000000000000e+02 5.210000000000000000e+02 8.369678926000000274e+01
3.000000000000000000e+02 5.220000000000000000e+02 8.368894457000000386e+01
3.000000000000000000e+02 5.230000000000000000e+02 8.368109986999999705e+01
3.000000000000000000e+02 5.240000000000000000e+02 8.367340342999999336e+01
3.000000000000000000e+02 5.250000000000000000e+02 8.366570699000000388e+01
3.000000000000000000e+02 5.260000000000000000e+02 8.364915492000000086e+01
3.000000000000000000e+02 5.270000000000000000e+02 8.363892660000000490e+01
3.000000000000000000e+02 5.280000000000000000e+02 8.362869827999999472e+01
3.000000000000000000e+02 5.290000000000000000e+02 8.361703475999999569e+01
3.000000000000000000e+02 5.300000000000000000e+02 8.360537123000000292e+01
3.000000000000000000e+02 5.310000000000000000e+02 8.359444904000000065e+01
3.000000000000000000e+02 5.320000000000000000e+02 8.358352684000000465e+01
3.000000000000000000e+02 5.330000000000000000e+02 8.357424183999999912e+01
3.000000000000000000e+02 5.340000000000000000e+02 8.356495682999999985e+01
3.000000000000000000e+02 5.350000000000000000e+02 8.355685001000000511e+01
3.000000000000000000e+02 5.360000000000000000e+02 8.354874318000000244e+01
3.000000000000000000e+02 5.370000000000000000e+02 8.353438199999999370e+01
3.000000000000000000e+02 5.380000000000000000e+02 8.352805535000000248e+01
3.000000000000000000e+02 5.390000000000000000e+02 8.352172869999999705e+01
3.000000000000000000e+02 5.400000000000000000e+02 8.351580525999999338e+01
3.000000000000000000e+02 5.410000000000000000e+02 8.350988180999999599e+01
3.000000000000000000e+02 5.420000000000000000e+02 8.350368654000000390e+01
3.000000000000000000e+02 5.430000000000000000e+02 8.349749126999999760e+01
3.000000000000000000e+02 5.440000000000000000e+02 8.349145701999999858e+01
3.000000000000000000e+02 5.450000000000000000e+02 8.348542276000000584e+01
3.000000000000000000e+02 5.460000000000000000e+02 8.348082716999999775e+01
3.000000000000000000e+02 5.470000000000000000e+02 8.347623156999999594e+01
3.000000000000000000e+02 5.480000000000000000e+02 8.346844953000000089e+01
3.000000000000000000e+02 5.490000000000000000e+02 8.346316138000000251e+01
3.000000000000000000e+02 5.500000000000000000e+02 8.345787323000000413e+01
3.000000000000000000e+02 5.510000000000000000e+02 8.345108385000000339e+01
3.000000000000000000e+02 5.520000000000000000e+02 8.344429447000000266e+01
3.000000000000000000e+02 5.530000000000000000e+02 8.343716849999999852e+01
3.000000000000000000e+02 5.540000000000000000e+02 8.343004252999999437e+01
3.000000000000000000e+02 5.550000000000000000e+02 8.342262309999999559e+01
3.000000000000000000e+02 5.560000000000000000e+02 8.341520366000000308e+01
3.000000000000000000e+02 5.570000000000000000e+02 8.340721618000000603e+01
3.000000000000000000e+02 5.580000000000000000e+02 8.339922869999999477e+01
3.000000000000000000e+02 5.590000000000000000e+02 8.338353030999999760e+01
3.000000000000000000e+02 5.600000000000000000e+02 8.337633438999999669e+01
3.000000000000000000e+02 5.610000000000000000e+02 8.336913846000000206e+01
3.000000000000000000e+02 5.620000000000000000e+02 8.336225181000000362e+01
3.000000000000000000e+02 5.630000000000000000e+02 8.335536516000000518e+01
3.000000000000000000e+02 5.640000000000000000e+02 8.334882276999999817e+01
3.000000000000000000e+02 5.650000000000000000e+02 8.334228036999999745e+01
3.000000000000000000e+02 5.660000000000000000e+02 8.333644126000000085e+01
3.000000000000000000e+02 5.670000000000000000e+02 8.333060215000000426e+01
3.000000000000000000e+02 5.680000000000000000e+02 8.332493284000000244e+01
3.000000000000000000e+02 5.690000000000000000e+02 8.331926353000000063e+01
3.000000000000000000e+02 5.700000000000000000e+02 8.330637170999999341e+01
3.000000000000000000e+02 5.710000000000000000e+02 8.329896302000000219e+01
3.000000000000000000e+02 5.720000000000000000e+02 8.329155432000000303e+01
3.000000000000000000e+02 5.730000000000000000e+02 8.328350708000000679e+01
3.000000000000000000e+02 5.740000000000000000e+02 8.327545983999999635e+01
3.000000000000000000e+02 5.750000000000000000e+02 8.326724710999999957e+01
3.000000000000000000e+02 5.760000000000000000e+02 8.325903438000000278e+01
3.000000000000000000e+02 5.770000000000000000e+02 8.325147420999999781e+01
3.000000000000000000e+02 5.780000000000000000e+02 8.324391404000000705e+01
3.000000000000000000e+02 5.790000000000000000e+02 8.323735120999999992e+01
3.000000000000000000e+02 5.800000000000000000e+02 8.323078836999999908e+01
3.000000000000000000e+02 5.810000000000000000e+02 8.321898693999999352e+01
3.000000000000000000e+02 5.820000000000000000e+02 8.321417125000000681e+01
3.000000000000000000e+02 5.830000000000000000e+02 8.320935556000000588e+01
3.000000000000000000e+02 5.840000000000000000e+02 8.320597938999999599e+01
3.000000000000000000e+02 5.850000000000000000e+02 8.320260321000000658e+01
3.000000000000000000e+02 5.860000000000000000e+02 8.319879572000000678e+01
3.000000000000000000e+02 5.870000000000000000e+02 8.319498823000000698e+01
3.000000000000000000e+02 5.880000000000000000e+02 8.318865264999999454e+01
3.000000000000000000e+02 5.890000000000000000e+02 8.318231706000000258e+01
3.000000000000000000e+02 5.900000000000000000e+02 8.317495284999999683e+01
3.000000000000000000e+02 5.910000000000000000e+02 8.316758862999999735e+01
3.000000000000000000e+02 5.920000000000000000e+02 8.315812599999999577e+01
3.000000000000000000e+02 5.930000000000000000e+02 8.315685012999999515e+01
3.000000000000000000e+02 5.940000000000000000e+02 8.315557425000000080e+01
3.000000000000000000e+02 5.950000000000000000e+02 8.315503418000000124e+01
3.000000000000000000e+02 5.960000000000000000e+02 8.315449411000000168e+01
3.000000000000000000e+02 5.970000000000000000e+02 8.315198628000000269e+01
3.000000000000000000e+02 5.980000000000000000e+02 8.314947843999999577e+01
3.000000000000000000e+02 5.990000000000000000e+02 8.314426448000000391e+01
3.500000000000000000e+02 0.000000000000000000e+00 0.000000000000000000e+00
3.500000000000000000e+02 1.000000000000000000e+00 4.132673689999999844e+00
3.500000000000000000e+02 2.000000000000000000e+00 1.183384181999999996e+01
3.500000000000000000e+02 3.000000000000000000e+00 2.231869358999999875e+01
3.500000000000000000e+02 4.000000000000000000e+00 3.393489232999999672e+01
3.500000000000000000e+02 5.000000000000000000e+00 4.067338819999999799e+01
3.500000000000000000e+02 6.000000000000000000e+00 4.326372977999999847e+01
3.500000000000000000e+02 7.000000000000000000e+00 4.585407135999999895e+01
3.500000000000000000e+02 8.000000000000000000e+00 4.954790656000000126e+01
3.500000000000000000e+02 9.000000000000000000e+00 5.083095751999999834e+01
3.500000000000000000e+02 1.000000000000000000e+01 5.211400848000000252e+01
3.500000000000000000e+02 1.100000000000000000e+01 5.301700249000000298e+01
3.500000000000000000e+02 1.200000000000000000e+01 5.391999650000000344e+01
3.500000000000000000e+02 1.300000000000000000e+01 5.524397007999999687e+01
3.500000000000000000e+02 1.400000000000000000e+01 5.575647163000000006e+01
3.500000000000000000e+02 1.500000000000000000e+01 5.626897317000000243e+01
3.500000000000000000e+02 1.600000000000000000e+01 5.668952347999999830e+01
3.500000000000000000e+02 1.700000000000000000e+01 5.711007378000000045e+01
3.500000000000000000e+02 1.800000000000000000e+01 5.747247220999999939e+01
3.500000000000000000e+02 1.900000000000000000e+01 5.783487063999999833e+01
3.500000000000000000e+02 2.000000000000000000e+01 5.847308610000000328e+01
3.500000000000000000e+02 2.100000000000000000e+01 5.875635063000000002e+01
3.500000000000000000e+02 2.200000000000000000e+01 5.903961515999999676e+01
3.500000000000000000e+02 2.300000000000000000e+01 5.929462012999999843e+01
3.500000000000000000e+02 2.400000000000000000e+01 5.954962508999999926e+01
3.500000000000000000e+02 2.500000000000000000e+01 5.978054891000000026e+01
3.500000000000000000e+02 2.600000000000000000e+01 6.001147272000000044e+01
3.500000000000000000e+02 2.700000000000000000e+01 6.021981743999999992e+01
3.500000000000000000e+02 2.800000000000000000e+01 6.042816214999999858e+01
3.500000000000000000e+02 2.900000000000000000e+01 6.061680806999999760e+01
3.500000000000000000e+02 3.000000000000000000e+01 6.080545398000000290e+01
3.500000000000000000e+02 3.100000000000000000e+01 6.114378355000000198e+01
3.500000000000000000e+02 3.200000000000000000e+01 6.129007201999999666e+01
3.500000000000000000e+02 3.300000000000000000e+01 6.143636047999999761e+01
3.500000000000000000e+02 3.400000000000000000e+01 6.156197928000000275e+01
3.500000000000000000e+02 3.500000000000000000e+01 6.168759806999999995e+01
3.500000000000000000e+02 3.600000000000000000e+01 6.179993822000000137e+01
3.500000000000000000e+02 3.700000000000000000e+01 6.191227836000000195e+01
3.500000000000000000e+02 3.800000000000000000e+01 6.201603201000000354e+01
3.500000000000000000e+02 3.900000000000000000e+01 6.211978565999999802e+01
3.500000000000000000e+02 4.000000000000000000e+01 6.221595941000000352e+01
3.500000000000000000e+02 4.100000000000000000e+01 6.231213315000000108e+01
3.500000000000000000e+02 4.200000000000000000e+01 6.239891783000000203e+01
3.500000000000000000e+02 4.300000000000000000e+01 6.248570251000000297e+01
3.500000000000000000e+02 4.400000000000000000e+01 6.263968758000000037e+01
3.500000000000000000e+02 4.500000000000000000e+01 6.270952556999999672e+01
3.500000000000000000e+02 4.600000000000000000e+01 6.277936354999999935e+01
3.500000000000000000e+02 4.700000000000000000e+01 6.284181591000000111e+01
3.500000000000000000e+02 4.800000000000000000e+01 6.290426827000000287e+01
3.500000000000000000e+02 4.900000000000000000e+01 6.295946913000000222e+01
3.500000000000000000e+02 5.000000000000000000e+01 6.301466998000000075e+01
3.500000000000000000e+02 5.100000000000000000e+01 6.306698844999999665e+01
3.500000000000000000e+02 5.200000000000000000e+01 6.311930690999999882e+01
3.500000000000000000e+02 5.300000000000000000e+01 6.316977359999999919e+01
3.500000000000000000e+02 5.400000000000000000e+01 6.322024028999999956e+01
3.500000000000000000e+02 5.500000000000000000e+01 6.326710045000000093e+01
3.500000000000000000e+02 5.600000000000000000e+01 6.331396060000000148e+01
3.500000000000000000e+02 5.700000000000000000e+01 6.340270961000000227e+01
3.500000000000000000e+02 5.800000000000000000e+01 6.344607698000000084e+01
3.500000000000000000e+02 5.900000000000000000e+01 6.348944433999999859e+01
3.500000000000000000e+02 6.000000000000000000e+01 6.353138939000000107e+01
3.500000000000000000e+02 6.100000000000000000e+01 6.357333443999999645e+01
3.500000000000000000e+02 6.200000000000000000e+01 6.361307880999999753e+01
3.500000000000000000e+02 6.300000000000000000e+01 6.365282316999999779e+01
3.500000000000000000e+02 6.400000000000000000e+01 6.369202170999999879e+01
3.500000000000000000e+02 6.500000000000000000e+01 6.373122024999999979e+01
3.500000000000000000e+02 6.600000000000000000e+01 6.377147039999999834e+01
3.500000000000000000e+02 6.700000000000000000e+01 6.381172054999999688e+01
3.500000000000000000e+02 6.800000000000000000e+01 6.385045803999999947e+01
3.500000000000000000e+02 6.900000000000000000e+01 6.388919552000000124e+01
3.500000000000000000e+02 7.000000000000000000e+01 6.392297752000000344e+01
3.500000000000000000e+02 7.100000000000000000e+01 6.395675951999999853e+01
3.500000000000000000e+02 7.200000000000000000e+01 6.401307918000000541e+01
3.500000000000000000e+02 7.300000000000000000e+01 6.403756497000000536e+01
3.500000000000000000e+02 7.400000000000000000e+01 6.406205076000000531e+01
3.500000000000000000e+02 7.500000000000000000e+01 6.408541239999999561e+01
3.500000000000000000e+02 7.600000000000000000e+01 6.410877404000000013e+01
3.500000000000000000e+02 7.700000000000000000e+01 6.413197069000000283e+01
3.500000000000000000e+02 7.800000000000000000e+01 6.415516732999999761e+01
3.500000000000000000e+02 7.900000000000000000e+01 6.417693653999999981e+01
3.500000000000000000e+02 8.000000000000000000e+01 6.419870575000000201e+01
3.500000000000000000e+02 8.100000000000000000e+01 6.421812792000000059e+01
3.500000000000000000e+02 8.200000000000000000e+01 6.423755008000000544e+01
3.500000000000000000e+02 8.300000000000000000e+01 6.425567105999999740e+01
3.500000000000000000e+02 8.400000000000000000e+01 6.427379202999999563e+01
3.500000000000000000e+02 8.500000000000000000e+01 6.430808666999999446e+01
3.500000000000000000e+02 8.600000000000000000e+01 6.432412152999999932e+01
3.500000000000000000e+02 8.700000000000000000e+01 6.434015637999999626e+01
3.500000000000000000e+02 8.800000000000000000e+01 6.435674383999999293e+01
3.500000000000000000e+02 8.900000000000000000e+01 6.437333128999999587e+01
3.500000000000000000e+02 9.000000000000000000e+01 6.439007847999999967e+01
3.500000000000000000e+02 9.100000000000000000e+01 6.440682567000000347e+01
3.500000000000000000e+02 9.200000000000000000e+01 6.442069632999999840e+01
3.500000000000000000e+02 9.300000000000000000e+01 6.443456698999999333e+01
3.500000000000000000e+02 9.400000000000000000e+01 6.444646215999999583e+01
3.500000000000000000e+02 9.500000000000000000e+01 6.445835732999999834e+01
3.500000000000000000e+02 9.600000000000000000e+01 6.447161346000000037e+01
3.500000000000000000e+02 9.700000000000000000e+01 6.448486957999999447e+01
3.500000000000000000e+02 9.800000000000000000e+01 6.449984252000000140e+01
3.500000000000000000e+02 9.900000000000000000e+01 6.451481545000000040e+01
3.500000000000000000e+02 1.000000000000000000e+02 6.454483539000000292e+01
3.500000000000000000e+02 1.010000000000000000e+02 6.455813777999999559e+01
3.500000000000000000e+02 1.020000000000000000e+02 6.457144017000000247e+01
3.500000000000000000e+02 1.030000000000000000e+02 6.458109650000000101e+01
3.500000000000000000e+02 1.040000000000000000e+02 6.459075282000000584e+01
3.500000000000000000e+02 1.050000000000000000e+02 6.459644321000000389e+01
3.500000000000000000e+02 1.060000000000000000e+02 6.460213360000000193e+01
3.500000000000000000e+02 1.070000000000000000e+02 6.460585532000000342e+01
3.500000000000000000e+02 1.080000000000000000e+02 6.460957704000000490e+01
3.500000000000000000e+02 1.090000000000000000e+02 6.461348512000000710e+01
3.500000000000000000e+02 1.100000000000000000e+02 6.461739319999999509e+01
3.500000000000000000e+02 1.110000000000000000e+02 6.462381009000000631e+01
3.500000000000000000e+02 1.120000000000000000e+02 6.463022698000000332e+01
3.500000000000000000e+02 1.130000000000000000e+02 6.464821365000000242e+01
3.500000000000000000e+02 1.140000000000000000e+02 6.465702729000000204e+01
3.500000000000000000e+02 1.150000000000000000e+02 6.466584093000000166e+01
3.500000000000000000e+02 1.160000000000000000e+02 6.467220917000000213e+01
3.500000000000000000e+02 1.170000000000000000e+02 6.467857739999999467e+01
3.500000000000000000e+02 1.180000000000000000e+02 6.468203334000000382e+01
3.500000000000000000e+02 1.190000000000000000e+02 6.468548927999999876e+01
3.500000000000000000e+02 1.200000000000000000e+02 6.468779705000000035e+01
3.500000000000000000e+02 1.210000000000000000e+02 6.469010480999999402e+01
3.500000000000000000e+02 1.220000000000000000e+02 6.469324176000000648e+01
3.500000000000000000e+02 1.230000000000000000e+02 6.469637869999999680e+01
3.500000000000000000e+02 1.240000000000000000e+02 6.470162521000000311e+01
3.500000000000000000e+02 1.250000000000000000e+02 6.470687171999999521e+01
3.500000000000000000e+02 1.260000000000000000e+02 6.471450692999999887e+01
3.500000000000000000e+02 1.270000000000000000e+02 6.472214214000000254e+01
3.500000000000000000e+02 1.280000000000000000e+02 6.473870963999999617e+01
3.500000000000000000e+02 1.290000000000000000e+02 6.474468423999999800e+01
3.500000000000000000e+02 1.300000000000000000e+02 6.475065883999999983e+01
3.500000000000000000e+02 1.310000000000000000e+02 6.475175362999999606e+01
3.500000000000000000e+02 1.320000000000000000e+02 6.475284840999999858e+01
3.500000000000000000e+02 1.330000000000000000e+02 6.475070603000000347e+01
3.500000000000000000e+02 1.340000000000000000e+02 6.474856364000000042e+01
3.500000000000000000e+02 1.350000000000000000e+02 6.474791928000000496e+01
3.500000000000000000e+02 1.360000000000000000e+02 6.474727491000000157e+01
3.500000000000000000e+02 1.370000000000000000e+02 6.474934604000000604e+01
3.500000000000000000e+02 1.380000000000000000e+02 6.475141716999999630e+01
3.500000000000000000e+02 1.390000000000000000e+02 6.475447287000000074e+01
3.500000000000000000e+02 1.400000000000000000e+02 6.475752857000000517e+01
3.500000000000000000e+02 1.410000000000000000e+02 6.476123758999999325e+01
3.500000000000000000e+02 1.420000000000000000e+02 6.476494660999999553e+01
3.500000000000000000e+02 1.430000000000000000e+02 6.477382233999999528e+01
3.500000000000000000e+02 1.440000000000000000e+02 6.477796490000000063e+01
3.500000000000000000e+02 1.450000000000000000e+02 6.478210744999999804e+01
3.500000000000000000e+02 1.460000000000000000e+02 6.478581542000000582e+01
3.500000000000000000e+02 1.470000000000000000e+02 6.478952338999999938e+01
3.500000000000000000e+02 1.480000000000000000e+02 6.479415351000000101e+01
3.500000000000000000e+02 1.490000000000000000e+02 6.479878363000000263e+01
3.500000000000000000e+02 1.500000000000000000e+02 6.480545634000000632e+01
3.500000000000000000e+02 1.510000000000000000e+02 6.481212904999999580e+01
3.500000000000000000e+02 1.520000000000000000e+02 6.482003831999999477e+01
3.500000000000000000e+02 1.530000000000000000e+02 6.482794758000000002e+01
3.500000000000000000e+02 1.540000000000000000e+02 6.483455431999999519e+01
3.500000000000000000e+02 1.550000000000000000e+02 6.484116106000000457e+01
3.500000000000000000e+02 1.560000000000000000e+02 6.484944790000000125e+01
3.500000000000000000e+02 1.570000000000000000e+02 6.485302280999999880e+01
3.500000000000000000e+02 1.580000000000000000e+02 6.485659771000000262e+01
3.500000000000000000e+02 1.590000000000000000e+02 6.486247025000000122e+01
3.500000000000000000e+02 1.600000000000000000e+02 6.486834278000000609e+01
3.500000000000000000e+02 1.610000000000000000e+02 6.487696832000000313e+01
3.500000000000000000e+02 1.620000000000000000e+02 6.488559385000000646e+01
3.500000000000000000e+02 1.630000000000000000e+02 6.489404645999999843e+01
3.500000000000000000e+02 1.640000000000000000e+02 6.490249907000000462e+01
3.500000000000000000e+02 1.650000000000000000e+02 6.490837206999999864e+01
3.500000000000000000e+02 1.660000000000000000e+02 6.491424507000000688e+01
3.500000000000000000e+02 1.670000000000000000e+02 6.491869198999999924e+01
3.500000000000000000e+02 1.680000000000000000e+02 6.492313891000000581e+01
3.500000000000000000e+02 1.690000000000000000e+02 6.492762824999999793e+01
3.500000000000000000e+02 1.700000000000000000e+02 6.493211757999999634e+01
3.500000000000000000e+02 1.710000000000000000e+02 6.494050876999999389e+01
3.500000000000000000e+02 1.720000000000000000e+02 6.494408117000000402e+01
3.500000000000000000e+02 1.730000000000000000e+02 6.494765356000000622e+01
3.500000000000000000e+02 1.740000000000000000e+02 6.495017928000000040e+01
3.500000000000000000e+02 1.750000000000000000e+02 6.495270499000000086e+01
3.500000000000000000e+02 1.760000000000000000e+02 6.495301550000000645e+01
3.500000000000000000e+02 1.770000000000000000e+02 6.495332600999999784e+01
3.500000000000000000e+02 1.780000000000000000e+02 6.495042469999999923e+01
3.500000000000000000e+02 1.790000000000000000e+02 6.494752338000000691e+01
3.500000000000000000e+02 1.800000000000000000e+02 6.494259696000000304e+01
3.500000000000000000e+02 1.810000000000000000e+02 6.493767053000000544e+01
3.500000000000000000e+02 1.820000000000000000e+02 6.493347172000000000e+01
3.500000000000000000e+02 1.830000000000000000e+02 6.492927290999999457e+01
3.500000000000000000e+02 1.840000000000000000e+02 6.492565596000000028e+01
3.500000000000000000e+02 1.850000000000000000e+02 6.492203901000000599e+01
3.500000000000000000e+02 1.860000000000000000e+02 6.491076273999999557e+01
3.500000000000000000e+02 1.870000000000000000e+02 6.490331641000000218e+01
3.500000000000000000e+02 1.880000000000000000e+02 6.489587007000000085e+01
3.500000000000000000e+02 1.890000000000000000e+02 6.489000031999999862e+01
3.500000000000000000e+02 1.900000000000000000e+02 6.488413056999999640e+01
3.500000000000000000e+02 1.910000000000000000e+02 6.488205560999999477e+01
3.500000000000000000e+02 1.920000000000000000e+02 6.487998063999999943e+01
3.500000000000000000e+02 1.930000000000000000e+02 6.488027135999999473e+01
3.500000000000000000e+02 1.940000000000000000e+02 6.488056206999999631e+01
3.500000000000000000e+02 1.950000000000000000e+02 6.487947930999999357e+01
3.500000000000000000e+02 1.960000000000000000e+02 6.487839655000000505e+01
3.500000000000000000e+02 1.970000000000000000e+02 6.487393201999999803e+01
3.500000000000000000e+02 1.980000000000000000e+02 6.486946749000000523e+01
3.500000000000000000e+02 1.990000000000000000e+02 6.485862224000000253e+01
3.500000000000000000e+02 2.000000000000000000e+02 6.485627820000000554e+01
3.500000000000000000e+02 2.010000000000000000e+02 6.485393415000000061e+01
3.500000000000000000e+02 2.020000000000000000e+02 6.485543988000000581e+01
3.500000000000000000e+02 2.030000000000000000e+02 6.485694560000000308e+01
3.500000000000000000e+02 2.040000000000000000e+02 6.485908014999999693e+01
3.500000000000000000e+02 2.050000000000000000e+02 6.486121470000000500e+01
3.500000000000000000e+02 2.060000000000000000e+02 6.486014230000000680e+01
3.500000000000000000e+02 2.070000000000000000e+02 6.485906989999999439e+01
3.500000000000000000e+02 2.080000000000000000e+02 6.485447607000000403e+01
3.500000000000000000e+02 2.090000000000000000e+02 6.484988223999999946e+01
3.500000000000000000e+02 2.100000000000000000e+02 6.484627863000000048e+01
3.500000000000000000e+02 2.110000000000000000e+02 6.484267502000000150e+01
3.500000000000000000e+02 2.120000000000000000e+02 6.484343196999999748e+01
3.500000000000000000e+02 2.130000000000000000e+02 6.484418891999999346e+01
3.500000000000000000e+02 2.140000000000000000e+02 6.484921721999999988e+01
3.500000000000000000e+02 2.150000000000000000e+02 6.485085030999999844e+01
3.500000000000000000e+02 2.160000000000000000e+02 6.485248339999999700e+01
3.500000000000000000e+02 2.170000000000000000e+02 6.485403141000000460e+01
3.500000000000000000e+02 2.180000000000000000e+02 6.485557941999999798e+01
3.500000000000000000e+02 2.190000000000000000e+02 6.485638754000000006e+01
3.500000000000000000e+02 2.200000000000000000e+02 6.485719564999999420e+01
3.500000000000000000e+02 2.210000000000000000e+02 6.485532012000000179e+01
3.500000000000000000e+02 2.220000000000000000e+02 6.485344458000000145e+01
3.500000000000000000e+02 2.230000000000000000e+02 6.485024622000000249e+01
3.500000000000000000e+02 2.240000000000000000e+02 6.484704786000000354e+01
3.500000000000000000e+02 2.250000000000000000e+02 6.484458804000000498e+01
3.500000000000000000e+02 2.260000000000000000e+02 6.484212820999999849e+01
3.500000000000000000e+02 2.270000000000000000e+02 6.483960611999999912e+01
3.500000000000000000e+02 2.280000000000000000e+02 6.483708402000000603e+01
3.500000000000000000e+02 2.290000000000000000e+02 6.483305608999999947e+01
3.500000000000000000e+02 2.300000000000000000e+02 6.483291092000000333e+01
3.500000000000000000e+02 2.310000000000000000e+02 6.483276573999999925e+01
3.500000000000000000e+02 2.320000000000000000e+02 6.483221236999999348e+01
3.500000000000000000e+02 2.330000000000000000e+02 6.483165900000000192e+01
3.500000000000000000e+02 2.340000000000000000e+02 6.482880029999999749e+01
3.500000000000000000e+02 2.350000000000000000e+02 6.482594158999999934e+01
3.500000000000000000e+02 2.360000000000000000e+02 6.482239559999999301e+01
3.500000000000000000e+02 2.370000000000000000e+02 6.481884961000000089e+01
3.500000000000000000e+02 2.380000000000000000e+02 6.481673392000000433e+01
3.500000000000000000e+02 2.390000000000000000e+02 6.481461822999999356e+01
3.500000000000000000e+02 2.400000000000000000e+02 6.481281493999999554e+01
3.500000000000000000e+02 2.410000000000000000e+02 6.481101164000000381e+01
3.500000000000000000e+02 2.420000000000000000e+02 6.480594890000000419e+01
3.500000000000000000e+02 2.430000000000000000e+02 6.480088616000000457e+01
3.500000000000000000e+02 2.440000000000000000e+02 6.478497487999999294e+01
3.500000000000000000e+02 2.450000000000000000e+02 6.477831261000000040e+01
3.500000000000000000e+02 2.460000000000000000e+02 6.477165032999999994e+01
3.500000000000000000e+02 2.470000000000000000e+02 6.476821126999999478e+01
3.500000000000000000e+02 2.480000000000000000e+02 6.476477221000000384e+01
3.500000000000000000e+02 2.490000000000000000e+02 6.476240165000000104e+01
3.500000000000000000e+02 2.500000000000000000e+02 6.476003108999999824e+01
3.500000000000000000e+02 2.510000000000000000e+02 6.475461672999999507e+01
3.500000000000000000e+02 2.520000000000000000e+02 6.474920235999999818e+01
3.500000000000000000e+02 2.530000000000000000e+02 6.473992735999999582e+01
3.500000000000000000e+02 2.540000000000000000e+02 6.473065235999999345e+01
3.500000000000000000e+02 2.550000000000000000e+02 6.472020634000000427e+01
3.500000000000000000e+02 2.560000000000000000e+02 6.470976030999999296e+01
3.500000000000000000e+02 2.570000000000000000e+02 6.469943299000000536e+01
3.500000000000000000e+02 2.580000000000000000e+02 6.468910565999999562e+01
3.500000000000000000e+02 2.590000000000000000e+02 6.466919230000000596e+01
3.500000000000000000e+02 2.600000000000000000e+02 6.466015056999999899e+01
3.500000000000000000e+02 2.610000000000000000e+02 6.465110882999999831e+01
3.500000000000000000e+02 2.620000000000000000e+02 6.464296206000000211e+01
3.500000000000000000e+02 2.630000000000000000e+02 6.463481529000000592e+01
3.500000000000000000e+02 2.640000000000000000e+02 6.462842315000000326e+01
3.500000000000000000e+02 2.650000000000000000e+02 6.462203101000000061e+01
3.500000000000000000e+02 2.660000000000000000e+02 6.461838600999999471e+01
3.500000000000000000e+02 2.670000000000000000e+02 6.461474099999999510e+01
3.500000000000000000e+02 2.680000000000000000e+02 6.461266974000000118e+01
3.500000000000000000e+02 2.690000000000000000e+02 6.461059847999999306e+01
3.500000000000000000e+02 2.700000000000000000e+02 6.460950845000000697e+01
3.500000000000000000e+02 2.710000000000000000e+02 6.460841840999999874e+01
3.500000000000000000e+02 2.720000000000000000e+02 6.460931290000000615e+01
3.500000000000000000e+02 2.730000000000000000e+02 6.461020738000000563e+01
3.500000000000000000e+02 2.740000000000000000e+02 6.461245983000000592e+01
3.500000000000000000e+02 2.750000000000000000e+02 6.460960215999999434e+01
3.500000000000000000e+02 2.760000000000000000e+02 6.460674448000000325e+01
3.500000000000000000e+02 2.770000000000000000e+02 6.459991343000000086e+01
3.500000000000000000e+02 2.780000000000000000e+02 6.459308237999999847e+01
3.500000000000000000e+02 2.790000000000000000e+02 6.458571732000000054e+01
3.500000000000000000e+02 2.800000000000000000e+02 6.457835226000000262e+01
3.500000000000000000e+02 2.810000000000000000e+02 6.457166309000000126e+01
3.500000000000000000e+02 2.820000000000000000e+02 6.456497391000000619e+01
3.500000000000000000e+02 2.830000000000000000e+02 6.455868947000000446e+01
3.500000000000000000e+02 2.840000000000000000e+02 6.455240501999999481e+01
3.500000000000000000e+02 2.850000000000000000e+02 6.454558496999999306e+01
3.500000000000000000e+02 2.860000000000000000e+02 6.453876492000000553e+01
3.500000000000000000e+02 2.870000000000000000e+02 6.453099435000000028e+01
3.500000000000000000e+02 2.880000000000000000e+02 6.452322377999999503e+01
3.500000000000000000e+02 2.890000000000000000e+02 6.450857600999999875e+01
3.500000000000000000e+02 2.900000000000000000e+02 6.450242482999999538e+01
3.500000000000000000e+02 2.910000000000000000e+02 6.449627365000000623e+01
3.500000000000000000e+02 2.920000000000000000e+02 6.449114256999999384e+01
3.500000000000000000e+02 2.930000000000000000e+02 6.448601148999999566e+01
3.500000000000000000e+02 2.940000000000000000e+02 6.448126845999999546e+01
3.500000000000000000e+02 2.950000000000000000e+02 6.447652542999999525e+01
3.500000000000000000e+02 2.960000000000000000e+02 6.447152339000000154e+01
3.500000000000000000e+02 2.970000000000000000e+02 6.446652133999999990e+01
3.500000000000000000e+02 2.980000000000000000e+02 6.446236716999999317e+01
3.500000000000000000e+02 2.990000000000000000e+02 6.445821300000000065e+01
3.500000000000000000e+02 3.000000000000000000e+02 6.445471424000000127e+01
3.500000000000000000e+02 3.010000000000000000e+02 6.445121548000000189e+01
3.500000000000000000e+02 3.020000000000000000e+02 6.444506454000000417e+01
3.500000000000000000e+02 3.030000000000000000e+02 6.443891360000000645e+01
3.500000000000000000e+02 3.040000000000000000e+02 6.442218501000000686e+01
3.500000000000000000e+02 3.050000000000000000e+02 6.441629860000000463e+01
3.500000000000000000e+02 3.060000000000000000e+02 6.441041219000000240e+01
3.500000000000000000e+02 3.070000000000000000e+02 6.440677121999999599e+01
3.500000000000000000e+02 3.080000000000000000e+02 6.440313023999999587e+01
3.500000000000000000e+02 3.090000000000000000e+02 6.439675592000000393e+01
3.500000000000000000e+02 3.100000000000000000e+02 6.439038159000000405e+01
3.500000000000000000e+02 3.110000000000000000e+02 6.437889572000000271e+01
3.500000000000000000e+02 3.120000000000000000e+02 6.436740983999999344e+01
3.500000000000000000e+02 3.130000000000000000e+02 6.435345458000000463e+01
3.500000000000000000e+02 3.140000000000000000e+02 6.433949930999999367e+01
3.500000000000000000e+02 3.150000000000000000e+02 6.432767789999999763e+01
3.500000000000000000e+02 3.160000000000000000e+02 6.431585647999999367e+01
3.500000000000000000e+02 3.170000000000000000e+02 6.429876040000000614e+01
3.500000000000000000e+02 3.180000000000000000e+02 6.429136348000000112e+01
3.500000000000000000e+02 3.190000000000000000e+02 6.428396655000000237e+01
3.500000000000000000e+02 3.200000000000000000e+02 6.427699291000000414e+01
3.500000000000000000e+02 3.210000000000000000e+02 6.427001927000000592e+01
3.500000000000000000e+02 3.220000000000000000e+02 6.426312371999999584e+01
3.500000000000000000e+02 3.230000000000000000e+02 6.425622816000000626e+01
3.500000000000000000e+02 3.240000000000000000e+02 6.424901914000000147e+01
3.500000000000000000e+02 3.250000000000000000e+02 6.424181011999999669e+01
3.500000000000000000e+02 3.260000000000000000e+02 6.423495509999999342e+01
3.500000000000000000e+02 3.270000000000000000e+02 6.422810008000000437e+01
3.500000000000000000e+02 3.280000000000000000e+02 6.421965568999999618e+01
3.500000000000000000e+02 3.290000000000000000e+02 6.421121128999999428e+01
3.500000000000000000e+02 3.300000000000000000e+02 6.419938845000000072e+01
3.500000000000000000e+02 3.310000000000000000e+02 6.418756559999999922e+01
3.500000000000000000e+02 3.320000000000000000e+02 6.416137616000000321e+01
3.500000000000000000e+02 3.330000000000000000e+02 6.414879586000000700e+01
3.500000000000000000e+02 3.340000000000000000e+02 6.413621555000000285e+01
3.500000000000000000e+02 3.350000000000000000e+02 6.412613231999999641e+01
3.500000000000000000e+02 3.360000000000000000e+02 6.411604909000000418e+01
3.500000000000000000e+02 3.370000000000000000e+02 6.411114396000000681e+01
3.500000000000000000e+02 3.380000000000000000e+02 6.410623882000000151e+01
3.500000000000000000e+02 3.390000000000000000e+02 6.410470990000000313e+01
3.500000000000000000e+02 3.400000000000000000e+02 6.410318098000000475e+01
3.500000000000000000e+02 3.410000000000000000e+02 6.409973933000000557e+01
3.500000000000000000e+02 3.420000000000000000e+02 6.409629766999999845e+01
3.500000000000000000e+02 3.430000000000000000e+02 6.408818743999999867e+01
3.500000000000000000e+02 3.440000000000000000e+02 6.408007720999999890e+01
3.500000000000000000e+02 3.450000000000000000e+02 6.407006434999999556e+01
3.500000000000000000e+02 3.460000000000000000e+02 6.406005147999999849e+01
3.500000000000000000e+02 3.470000000000000000e+02 6.404269121000000098e+01
3.500000000000000000e+02 3.480000000000000000e+02 6.403383288999999934e+01
3.500000000000000000e+02 3.490000000000000000e+02 6.402497456999999770e+01
3.500000000000000000e+02 3.500000000000000000e+02 6.401414859999999862e+01
3.500000000000000000e+02 3.510000000000000000e+02 6.400332262000000583e+01
3.500000000000000000e+02 3.520000000000000000e+02 6.399030280000000204e+01
3.500000000000000000e+02 3.530000000000000000e+02 6.397728297999999825e+01
3.500000000000000000e+02 3.540000000000000000e+02 6.396262287999999785e+01
3.500000000000000000e+02 3.550000000000000000e+02 6.394796277999999745e+01
3.500000000000000000e+02 3.560000000000000000e+02 6.393488965000000235e+01
3.500000000000000000e+02 3.570000000000000000e+02 6.392181652000000014e+01
3.500000000000000000e+02 3.580000000000000000e+02 6.391184494000000171e+01
3.500000000000000000e+02 3.590000000000000000e+02 6.390187336000000329e+01
3.500000000000000000e+02 3.600000000000000000e+02 6.389248276000000004e+01
3.500000000000000000e+02 3.610000000000000000e+02 6.388309215999999680e+01
3.500000000000000000e+02 3.620000000000000000e+02 6.386316749000000215e+01
3.500000000000000000e+02 3.630000000000000000e+02 6.385384524999999911e+01
3.500000000000000000e+02 3.640000000000000000e+02 6.384452301000000318e+01
3.500000000000000000e+02 3.650000000000000000e+02 6.383493657999999726e+01
3.500000000000000000e+02 3.660000000000000000e+02 6.382535014999999845e+01
3.500000000000000000e+02 3.670000000000000000e+02 6.381283324999999707e+01
3.500000000000000000e+02 3.680000000000000000e+02 6.380031634000000196e+01
3.500000000000000000e+02 3.690000000000000000e+02 6.378554780000000335e+01
3.500000000000000000e+02 3.700000000000000000e+02 6.377077924999999681e+01
3.500000000000000000e+02 3.710000000000000000e+02 6.375754313000000195e+01
3.500000000000000000e+02 3.720000000000000000e+02 6.374430700999999999e+01
3.500000000000000000e+02 3.730000000000000000e+02 6.373455443999999659e+01
3.500000000000000000e+02 3.740000000000000000e+02 6.372480185999999946e+01
3.500000000000000000e+02 3.750000000000000000e+02 6.371667811999999742e+01
3.500000000000000000e+02 3.760000000000000000e+02 6.370855437000000165e+01
3.500000000000000000e+02 3.770000000000000000e+02 6.368696649999999693e+01
3.500000000000000000e+02 3.780000000000000000e+02 6.367089107999999698e+01
3.500000000000000000e+02 3.790000000000000000e+02 6.365481565999999702e+01
3.500000000000000000e+02 3.800000000000000000e+02 6.363782874000000334e+01
3.500000000000000000e+02 3.810000000000000000e+02 6.362084182000000254e+01
3.500000000000000000e+02 3.820000000000000000e+02 6.361013564000000287e+01
3.500000000000000000e+02 3.830000000000000000e+02 6.359942945000000236e+01
3.500000000000000000e+02 3.840000000000000000e+02 6.359433229999999782e+01
3.500000000000000000e+02 3.850000000000000000e+02 6.358923515000000037e+01
3.500000000000000000e+02 3.860000000000000000e+02 6.358387694999999695e+01
3.500000000000000000e+02 3.870000000000000000e+02 6.357851873999999981e+01
3.500000000000000000e+02 3.880000000000000000e+02 6.357199509000000148e+01
3.500000000000000000e+02 3.890000000000000000e+02 6.356547144000000316e+01
3.500000000000000000e+02 3.900000000000000000e+02 6.355200147000000044e+01
3.500000000000000000e+02 3.910000000000000000e+02 6.354357622999999933e+01
3.500000000000000000e+02 3.920000000000000000e+02 6.353515098999999822e+01
3.500000000000000000e+02 3.930000000000000000e+02 6.352509425000000221e+01
3.500000000000000000e+02 3.940000000000000000e+02 6.351503750999999909e+01
3.500000000000000000e+02 3.950000000000000000e+02 6.350438690000000008e+01
3.500000000000000000e+02 3.960000000000000000e+02 6.349373628000000025e+01
3.500000000000000000e+02 3.970000000000000000e+02 6.348321098000000262e+01
3.500000000000000000e+02 3.980000000000000000e+02 6.347268567999999789e+01
3.500000000000000000e+02 3.990000000000000000e+02 6.346231114999999789e+01
3.500000000000000000e+02 4.000000000000000000e+02 6.345193661999999790e+01
3.500000000000000000e+02 4.010000000000000000e+02 6.344105678999999753e+01
3.500000000000000000e+02 4.020000000000000000e+02 6.343017695999999717e+01
3.500000000000000000e+02 4.030000000000000000e+02 6.341955200000000303e+01
3.500000000000000000e+02 4.040000000000000000e+02 6.340892704000000180e+01
3.500000000000000000e+02 4.050000000000000000e+02 6.338903582999999742e+01
3.500000000000000000e+02 4.060000000000000000e+02 6.337990965000000188e+01
3.500000000000000000e+02 4.070000000000000000e+02 6.337078346999999923e+01
3.500000000000000000e+02 4.080000000000000000e+02 6.336229270999999841e+01
3.500000000000000000e+02 4.090000000000000000e+02 6.335380193999999676e+01
3.500000000000000000e+02 4.100000000000000000e+02 6.334408808999999962e+01
3.500000000000000000e+02 4.110000000000000000e+02 6.333437424000000249e+01
3.500000000000000000e+02 4.120000000000000000e+02 6.332369034999999968e+01
3.500000000000000000e+02 4.130000000000000000e+02 6.331300645000000316e+01
3.500000000000000000e+02 4.140000000000000000e+02 6.330245834000000116e+01
3.500000000000000000e+02 4.150000000000000000e+02 6.329191021999999833e+01
3.500000000000000000e+02 4.160000000000000000e+02 6.328120782999999960e+01
3.500000000000000000e+02 4.170000000000000000e+02 6.327050543000000005e+01
3.500000000000000000e+02 4.180000000000000000e+02 6.326013317999999686e+01
3.500000000000000000e+02 4.190000000000000000e+02 6.324976091999999994e+01
3.500000000000000000e+02 4.200000000000000000e+02 6.323136350000000050e+01
3.500000000000000000e+02 4.210000000000000000e+02 6.322474354999999946e+01
3.500000000000000000e+02 4.220000000000000000e+02 6.321812359999999842e+01
3.500000000000000000e+02 4.230000000000000000e+02 6.321317101999999721e+01
3.500000000000000000e+02 4.240000000000000000e+02 6.320821843000000229e+01
3.500000000000000000e+02 4.250000000000000000e+02 6.320144561000000039e+01
3.500000000000000000e+02 4.260000000000000000e+02 6.319467277999999766e+01
3.500000000000000000e+02 4.270000000000000000e+02 6.318466191000000265e+01
3.500000000000000000e+02 4.280000000000000000e+02 6.317465104000000053e+01
3.500000000000000000e+02 4.290000000000000000e+02 6.316179190999999804e+01
3.500000000000000000e+02 4.300000000000000000e+02 6.314893278000000265e+01
3.500000000000000000e+02 4.310000000000000000e+02 6.313582097999999831e+01
3.500000000000000000e+02 4.320000000000000000e+02 6.312270918000000108e+01
3.500000000000000000e+02 4.330000000000000000e+02 6.311160564000000051e+01
3.500000000000000000e+02 4.340000000000000000e+02 6.310050208999999910e+01
3.500000000000000000e+02 4.350000000000000000e+02 6.308002021000000070e+01
3.500000000000000000e+02 4.360000000000000000e+02 6.306976353999999674e+01
3.500000000000000000e+02 4.370000000000000000e+02 6.305950685999999905e+01
3.500000000000000000e+02 4.380000000000000000e+02 6.304924297000000166e+01
3.500000000000000000e+02 4.390000000000000000e+02 6.303897907999999717e+01
3.500000000000000000e+02 4.400000000000000000e+02 6.302868007000000006e+01
3.500000000000000000e+02 4.410000000000000000e+02 6.301838106000000295e+01
3.500000000000000000e+02 4.420000000000000000e+02 6.300804455000000104e+01
3.500000000000000000e+02 4.430000000000000000e+02 6.299770803999999913e+01
3.500000000000000000e+02 4.440000000000000000e+02 6.298680739000000273e+01
3.500000000000000000e+02 4.450000000000000000e+02 6.297590672999999839e+01
3.500000000000000000e+02 4.460000000000000000e+02 6.296442437999999697e+01
3.500000000000000000e+02 4.470000000000000000e+02 6.295294203000000266e+01
3.500000000000000000e+02 4.480000000000000000e+02 6.293045373000000353e+01
3.500000000000000000e+02 4.490000000000000000e+02 6.292010582000000340e+01
3.500000000000000000e+02 4.500000000000000000e+02 6.290975791000000328e+01
3.500000000000000000e+02 4.510000000000000000e+02 6.289926176000000169e+01
3.500000000000000000e+02 4.520000000000000000e+02 6.288876559999999927e+01
3.500000000000000000e+02 4.530000000000000000e+02 6.287716109000000131e+01
3.500000000000000000e+02 4.540000000000000000e+02 6.286555658000000335e+01
3.500000000000000000e+02 4.550000000000000000e+02 6.285433339000000075e+01
3.500000000000000000e+02 4.560000000000000000e+02 6.284311018999999732e+01
3.500000000000000000e+02 4.570000000000000000e+02 6.283346995000000135e+01
3.500000000000000000e+02 4.580000000000000000e+02 6.282382969999999744e+01
3.500000000000000000e+02 4.590000000000000000e+02 6.281461986000000053e+01
3.500000000000000000e+02 4.600000000000000000e+02 6.280541001000000279e+01
3.500000000000000000e+02 4.610000000000000000e+02 6.279377453000000031e+01
3.500000000000000000e+02 4.620000000000000000e+02 6.278213903999999701e+01
3.500000000000000000e+02 4.630000000000000000e+02 6.275259511000000145e+01
3.500000000000000000e+02 4.640000000000000000e+02 6.273754429000000243e+01
3.500000000000000000e+02 4.650000000000000000e+02 6.272249346000000259e+01
3.500000000000000000e+02 4.660000000000000000e+02 6.270850026000000099e+01
3.500000000000000000e+02 4.670000000000000000e+02 6.269450705999999940e+01
3.500000000000000000e+02 4.680000000000000000e+02 6.268080735000000203e+01
3.500000000000000000e+02 4.690000000000000000e+02 6.266710762999999673e+01
3.500000000000000000e+02 4.700000000000000000e+02 6.265342060999999774e+01
3.500000000000000000e+02 4.710000000000000000e+02 6.263973357999999791e+01
3.500000000000000000e+02 4.720000000000000000e+02 6.262718454000000179e+01
3.500000000000000000e+02 4.730000000000000000e+02 6.261463548999999773e+01
3.500000000000000000e+02 4.740000000000000000e+02 6.260373427999999763e+01
3.500000000000000000e+02 4.750000000000000000e+02 6.259283305999999669e+01
3.500000000000000000e+02 4.760000000000000000e+02 6.258140513000000027e+01
3.500000000000000000e+02 4.770000000000000000e+02 6.256997719999999674e+01
3.500000000000000000e+02 4.780000000000000000e+02 6.254606856000000192e+01
3.500000000000000000e+02 4.790000000000000000e+02 6.253524833000000172e+01
3.500000000000000000e+02 4.800000000000000000e+02 6.252442810000000151e+01
3.500000000000000000e+02 4.810000000000000000e+02 6.251231296000000270e+01
3.500000000000000000e+02 4.820000000000000000e+02 6.250019781000000307e+01
3.500000000000000000e+02 4.830000000000000000e+02 6.248433679000000041e+01
3.500000000000000000e+02 4.840000000000000000e+02 6.246847576999999774e+01
3.500000000000000000e+02 4.850000000000000000e+02 6.245151378999999991e+01
3.500000000000000000e+02 4.860000000000000000e+02 6.243455181000000209e+01
3.500000000000000000e+02 4.870000000000000000e+02 6.242025688999999744e+01
3.500000000000000000e+02 4.880000000000000000e+02 6.240596196999999989e+01
3.500000000000000000e+02 4.890000000000000000e+02 6.239537394999999975e+01
3.500000000000000000e+02 4.900000000000000000e+02 6.238478591999999878e+01
3.500000000000000000e+02 4.910000000000000000e+02 6.236935924000000142e+01
3.500000000000000000e+02 4.920000000000000000e+02 6.236208381000000145e+01
3.500000000000000000e+02 4.930000000000000000e+02 6.235480838000000148e+01
3.500000000000000000e+02 4.940000000000000000e+02 6.234445896999999803e+01
3.500000000000000000e+02 4.950000000000000000e+02 6.233410955000000087e+01
3.500000000000000000e+02 4.960000000000000000e+02 6.232045120000000082e+01
3.500000000000000000e+02 4.970000000000000000e+02 6.230679283999999996e+01
3.500000000000000000e+02 4.980000000000000000e+02 6.229378616999999707e+01
3.500000000000000000e+02 4.990000000000000000e+02 6.228077950000000129e+01
3.500000000000000000e+02 5.000000000000000000e+02 6.226976151000000215e+01
3.500000000000000000e+02 5.010000000000000000e+02 6.225874351000000217e+01
3.500000000000000000e+02 5.020000000000000000e+02 6.224793576999999800e+01
3.500000000000000000e+02 5.030000000000000000e+02 6.223712802000000011e+01
3.500000000000000000e+02 5.040000000000000000e+02 6.222607840999999951e+01
3.500000000000000000e+02 5.050000000000000000e+02 6.221502878999999808e+01
3.500000000000000000e+02 5.060000000000000000e+02 6.219362034000000250e+01
3.500000000000000000e+02 5.070000000000000000e+02 6.218443932999999646e+01
3.500000000000000000e+02 5.080000000000000000e+02 6.217525830999999670e+01
3.500000000000000000e+02 5.090000000000000000e+02 6.216713645000000099e+01
3.500000000000000000e+02 5.100000000000000000e+02 6.215901458999999818e+01
3.500000000000000000e+02 5.110000000000000000e+02 6.215006843999999830e+01
3.500000000000000000e+02 5.120000000000000000e+02 6.214112227999999760e+01
3.500000000000000000e+02 5.130000000000000000e+02 6.213109965000000301e+01
3.500000000000000000e+02 5.140000000000000000e+02 6.212107702000000131e+01
3.500000000000000000e+02 5.150000000000000000e+02 6.211006650000000207e+01
3.500000000000000000e+02 5.160000000000000000e+02 6.209905598000000282e+01
3.500000000000000000e+02 5.170000000000000000e+02 6.208708527000000288e+01
3.500000000000000000e+02 5.180000000000000000e+02 6.207511456000000294e+01
3.500000000000000000e+02 5.190000000000000000e+02 6.205088088000000113e+01
3.500000000000000000e+02 5.200000000000000000e+02 6.203992747000000207e+01
3.500000000000000000e+02 5.210000000000000000e+02 6.202897405000000219e+01
3.500000000000000000e+02 5.220000000000000000e+02 6.201957936000000160e+01
3.500000000000000000e+02 5.230000000000000000e+02 6.201018466000000018e+01
3.500000000000000000e+02 5.240000000000000000e+02 6.200117485999999900e+01
3.500000000000000000e+02 5.250000000000000000e+02 6.199216504999999700e+01
3.500000000000000000e+02 5.260000000000000000e+02 6.198366748000000115e+01
3.500000000000000000e+02 5.270000000000000000e+02 6.197516990999999820e+01
3.500000000000000000e+02 5.280000000000000000e+02 6.196874213000000253e+01
3.500000000000000000e+02 5.290000000000000000e+02 6.196231434999999976e+01
3.500000000000000000e+02 5.300000000000000000e+02 6.195634012000000013e+01
3.500000000000000000e+02 5.310000000000000000e+02 6.195036589000000049e+01
3.500000000000000000e+02 5.320000000000000000e+02 6.193036233000000124e+01
3.500000000000000000e+02 5.330000000000000000e+02 6.191637525000000153e+01
3.500000000000000000e+02 5.340000000000000000e+02 6.190238817000000182e+01
3.500000000000000000e+02 5.350000000000000000e+02 6.188850391999999800e+01
3.500000000000000000e+02 5.360000000000000000e+02 6.187461966000000047e+01
3.500000000000000000e+02 5.370000000000000000e+02 6.186158365000000003e+01
3.500000000000000000e+02 5.380000000000000000e+02 6.184854762999999878e+01
3.500000000000000000e+02 5.390000000000000000e+02 6.183596905999999649e+01
3.500000000000000000e+02 5.400000000000000000e+02 6.182339048000000048e+01
3.500000000000000000e+02 5.410000000000000000e+02 6.181277190000000132e+01
3.500000000000000000e+02 5.420000000000000000e+02 6.180215332000000217e+01
3.500000000000000000e+02 5.430000000000000000e+02 6.179442728000000074e+01
3.500000000000000000e+02 5.440000000000000000e+02 6.178670122999999847e+01
3.500000000000000000e+02 5.450000000000000000e+02 6.178187077999999843e+01
3.500000000000000000e+02 5.460000000000000000e+02 6.177704032999999839e+01
3.500000000000000000e+02 5.470000000000000000e+02 6.176857574999999656e+01
3.500000000000000000e+02 5.480000000000000000e+02 6.176129284999999669e+01
3.500000000000000000e+02 5.490000000000000000e+02 6.175400994000000310e+01
3.500000000000000000e+02 5.500000000000000000e+02 6.174308672000000087e+01
3.500000000000000000e+02 5.510000000000000000e+02 6.173216348999999781e+01
3.500000000000000000e+02 5.520000000000000000e+02 6.171982229999999703e+01
3.500000000000000000e+02 5.530000000000000000e+02 6.170748111000000335e+01
3.500000000000000000e+02 5.540000000000000000e+02 6.169626395000000230e+01
3.500000000000000000e+02 5.550000000000000000e+02 6.168504678000000041e+01
3.500000000000000000e+02 5.560000000000000000e+02 6.167646674000000218e+01
3.500000000000000000e+02 5.570000000000000000e+02 6.166788669999999684e+01
3.500000000000000000e+02 5.580000000000000000e+02 6.166130478000000181e+01
3.500000000000000000e+02 5.590000000000000000e+02 6.165472285999999968e+01
3.500000000000000000e+02 5.600000000000000000e+02 6.164239955000000037e+01
3.500000000000000000e+02 5.610000000000000000e+02 6.163535850000000238e+01
3.500000000000000000e+02 5.620000000000000000e+02 6.162831744999999728e+01
3.500000000000000000e+02 5.630000000000000000e+02 6.161865231000000165e+01
3.500000000000000000e+02 5.640000000000000000e+02 6.160898716999999891e+01
3.500000000000000000e+02 5.650000000000000000e+02 6.159655682999999726e+01
3.500000000000000000e+02 5.660000000000000000e+02 6.158412649000000272e+01
3.500000000000000000e+02 5.670000000000000000e+02 6.157099352000000181e+01
3.500000000000000000e+02 5.680000000000000000e+02 6.155786055000000090e+01
3.500000000000000000e+02 5.690000000000000000e+02 6.154553184000000243e+01
3.500000000000000000e+02 5.700000000000000000e+02 6.153320312999999686e+01
3.500000000000000000e+02 5.710000000000000000e+02 6.152242786000000052e+01
3.500000000000000000e+02 5.720000000000000000e+02 6.151165258000000335e+01
3.500000000000000000e+02 5.730000000000000000e+02 6.149415523999999778e+01
3.500000000000000000e+02 5.740000000000000000e+02 6.148725718000000029e+01
3.500000000000000000e+02 5.750000000000000000e+02 6.148035912000000280e+01
3.500000000000000000e+02 5.760000000000000000e+02 6.147449859000000316e+01
3.500000000000000000e+02 5.770000000000000000e+02 6.146863806000000352e+01
3.500000000000000000e+02 5.780000000000000000e+02 6.146394697000000207e+01
3.500000000000000000e+02 5.790000000000000000e+02 6.145925588000000062e+01
3.500000000000000000e+02 5.800000000000000000e+02 6.145502477000000141e+01
3.500000000000000000e+02 5.810000000000000000e+02 6.145079366000000221e+01
3.500000000000000000e+02 5.820000000000000000e+02 6.144330135999999953e+01
3.500000000000000000e+02 5.830000000000000000e+02 6.143580905000000314e+01
3.500000000000000000e+02 5.840000000000000000e+02 6.142489043999999865e+01
3.500000000000000000e+02 5.850000000000000000e+02 6.141397182000000043e+01
3.500000000000000000e+02 5.860000000000000000e+02 6.139304315999999773e+01
3.500000000000000000e+02 5.870000000000000000e+02 6.138394009999999668e+01
3.500000000000000000e+02 5.880000000000000000e+02 6.137483704000000273e+01
3.500000000000000000e+02 5.890000000000000000e+02 6.136691413999999867e+01
3.500000000000000000e+02 5.900000000000000000e+02 6.135899123000000088e+01
3.500000000000000000e+02 5.910000000000000000e+02 6.135245317999999770e+01
3.500000000000000000e+02 5.920000000000000000e+02 6.134591513000000162e+01
3.500000000000000000e+02 5.930000000000000000e+02 6.133878625999999912e+01
3.500000000000000000e+02 5.940000000000000000e+02 6.133165738000000289e+01
3.500000000000000000e+02 5.950000000000000000e+02 6.132314419000000072e+01
3.500000000000000000e+02 5.960000000000000000e+02 6.131463099999999855e+01
3.500000000000000000e+02 5.970000000000000000e+02 6.130615923999999950e+01
3.500000000000000000e+02 5.980000000000000000e+02 6.129768748000000045e+01
3.500000000000000000e+02 5.990000000000000000e+02 6.127961920999999990e+01
4.000000000000000000e+02 0.000000000000000000e+00 0.000000000000000000e+00
4.000000000000000000e+02 1.000000000000000000e+00 4.159777903000000165e+00
4.000000000000000000e+02 2.000000000000000000e+00 1.543415208999999955e+01
4.000000000000000000e+02 3.000000000000000000e+00 2.563935405000000145e+01
4.000000000000000000e+02 4.000000000000000000e+00 3.199450079000000002e+01
4.000000000000000000e+02 5.000000000000000000e+00 3.448744992000000309e+01
4.000000000000000000e+02 6.000000000000000000e+00 3.698039904000000178e+01
4.000000000000000000e+02 7.000000000000000000e+00 4.048265537000000336e+01
4.000000000000000000e+02 8.000000000000000000e+00 4.163991332999999884e+01
4.000000000000000000e+02 9.000000000000000000e+00 4.279717128000000059e+01
4.000000000000000000e+02 1.000000000000000000e+01 4.429361526000000282e+01
4.000000000000000000e+02 1.100000000000000000e+01 4.478710156999999725e+01
4.000000000000000000e+02 1.200000000000000000e+01 4.528058787999999879e+01
4.000000000000000000e+02 1.300000000000000000e+01 4.562847664000000236e+01
4.000000000000000000e+02 1.400000000000000000e+01 4.597636539999999883e+01
4.000000000000000000e+02 1.500000000000000000e+01 4.624256099000000120e+01
4.000000000000000000e+02 1.600000000000000000e+01 4.650875657999999646e+01
4.000000000000000000e+02 1.700000000000000000e+01 4.694343185999999690e+01
4.000000000000000000e+02 1.800000000000000000e+01 4.713108758999999992e+01
4.000000000000000000e+02 1.900000000000000000e+01 4.731874332000000294e+01
4.000000000000000000e+02 2.000000000000000000e+01 4.748819351000000211e+01
4.000000000000000000e+02 2.100000000000000000e+01 4.765764370000000127e+01
4.000000000000000000e+02 2.200000000000000000e+01 4.781123649999999969e+01
4.000000000000000000e+02 2.300000000000000000e+01 4.796482928999999729e+01
4.000000000000000000e+02 2.400000000000000000e+01 4.810033518000000186e+01
4.000000000000000000e+02 2.500000000000000000e+01 4.823584105999999849e+01
4.000000000000000000e+02 2.600000000000000000e+01 4.835323765999999779e+01
4.000000000000000000e+02 2.700000000000000000e+01 4.847063425999999708e+01
4.000000000000000000e+02 2.800000000000000000e+01 4.857308554000000100e+01
4.000000000000000000e+02 2.900000000000000000e+01 4.867553681999999782e+01
4.000000000000000000e+02 3.000000000000000000e+01 4.885519017000000019e+01
4.000000000000000000e+02 3.100000000000000000e+01 4.893342461000000299e+01
4.000000000000000000e+02 3.200000000000000000e+01 4.901165903999999784e+01
4.000000000000000000e+02 3.300000000000000000e+01 4.908042254000000071e+01
4.000000000000000000e+02 3.400000000000000000e+01 4.914918603999999647e+01
4.000000000000000000e+02 3.500000000000000000e+01 4.920892133000000257e+01
4.000000000000000000e+02 3.600000000000000000e+01 4.926865661000000074e+01
4.000000000000000000e+02 3.700000000000000000e+01 4.931757360000000290e+01
4.000000000000000000e+02 3.800000000000000000e+01 4.936649057999999712e+01
4.000000000000000000e+02 3.900000000000000000e+01 4.940507466999999764e+01
4.000000000000000000e+02 4.000000000000000000e+01 4.944365875999999815e+01
4.000000000000000000e+02 4.100000000000000000e+01 4.947687060999999886e+01
4.000000000000000000e+02 4.200000000000000000e+01 4.951008244999999874e+01
4.000000000000000000e+02 4.300000000000000000e+01 4.954319636000000315e+01
4.000000000000000000e+02 4.400000000000000000e+01 4.957631025999999963e+01
4.000000000000000000e+02 4.500000000000000000e+01 4.964023602999999696e+01
4.000000000000000000e+02 4.600000000000000000e+01 4.966474755000000130e+01
4.000000000000000000e+02 4.700000000000000000e+01 4.968925906999999853e+01
4.000000000000000000e+02 4.800000000000000000e+01 4.970561706000000157e+01
4.000000000000000000e+02 4.900000000000000000e+01 4.972197503999999668e+01
4.000000000000000000e+02 5.000000000000000000e+01 4.973663007999999763e+01
4.000000000000000000e+02 5.100000000000000000e+01 4.975128510999999776e+01
4.000000000000000000e+02 5.200000000000000000e+01 4.976636317999999903e+01
4.000000000000000000e+02 5.300000000000000000e+01 4.978144125000000031e+01
4.000000000000000000e+02 5.400000000000000000e+01 4.979450160999999753e+01
4.000000000000000000e+02 5.500000000000000000e+01 4.980756196000000102e+01
4.000000000000000000e+02 5.600000000000000000e+01 4.981869231000000298e+01
4.000000000000000000e+02 5.700000000000000000e+01 4.982982264999999700e+01
4.000000000000000000e+02 5.800000000000000000e+01 4.984070258999999936e+01
4.000000000000000000e+02 5.900000000000000000e+01 4.985158252000000090e+01
4.000000000000000000e+02 6.000000000000000000e+01 4.987279382999999910e+01
4.000000000000000000e+02 6.100000000000000000e+01 4.988151145999999869e+01
4.000000000000000000e+02 6.200000000000000000e+01 4.989022908999999828e+01
4.000000000000000000e+02 6.300000000000000000e+01 4.989654295999999789e+01
4.000000000000000000e+02 6.400000000000000000e+01 4.990285682999999750e+01
4.000000000000000000e+02 6.500000000000000000e+01 4.990830339000000038e+01
4.000000000000000000e+02 6.600000000000000000e+01 4.991374994000000243e+01
4.000000000000000000e+02 6.700000000000000000e+01 4.991996681999999907e+01
4.000000000000000000e+02 6.800000000000000000e+01 4.992618370000000283e+01
4.000000000000000000e+02 6.900000000000000000e+01 4.993299865000000182e+01
4.000000000000000000e+02 7.000000000000000000e+01 4.993981360000000080e+01
4.000000000000000000e+02 7.100000000000000000e+01 4.994502664000000181e+01
4.000000000000000000e+02 7.200000000000000000e+01 4.995023967000000198e+01
4.000000000000000000e+02 7.300000000000000000e+01 4.995296265999999719e+01
4.000000000000000000e+02 7.400000000000000000e+01 4.995568564999999950e+01
4.000000000000000000e+02 7.500000000000000000e+01 4.996128377000000143e+01
4.000000000000000000e+02 7.600000000000000000e+01 4.996515677000000011e+01
4.000000000000000000e+02 7.700000000000000000e+01 4.996902975999999796e+01
4.000000000000000000e+02 7.800000000000000000e+01 4.997122782999999657e+01
4.000000000000000000e+02 7.900000000000000000e+01 4.997342590000000229e+01
4.000000000000000000e+02 8.000000000000000000e+01 4.997266869999999983e+01
4.000000000000000000e+02 8.100000000000000000e+01 4.997191148999999655e+01
4.000000000000000000e+02 8.200000000000000000e+01 4.996989280999999750e+01
4.000000000000000000e+02 8.300000000000000000e+01 4.996787412999999844e+01
4.000000000000000000e+02 8.400000000000000000e+01 4.996632404999999721e+01
4.000000000000000000e+02 8.500000000000000000e+01 4.996477396000000226e+01
4.000000000000000000e+02 8.600000000000000000e+01 4.996174546000000305e+01
4.000000000000000000e+02 8.700000000000000000e+01 4.995871695999999673e+01
4.000000000000000000e+02 8.800000000000000000e+01 4.995101823000000252e+01
4.000000000000000000e+02 8.900000000000000000e+01 4.994331950000000120e+01
4.000000000000000000e+02 9.000000000000000000e+01 4.992910976999999662e+01
4.000000000000000000e+02 9.100000000000000000e+01 4.992934440999999879e+01
4.000000000000000000e+02 9.200000000000000000e+01 4.992957905000000096e+01
4.000000000000000000e+02 9.300000000000000000e+01 4.993401241000000113e+01
4.000000000000000000e+02 9.400000000000000000e+01 4.993844576000000046e+01
4.000000000000000000e+02 9.500000000000000000e+01 4.994187852999999677e+01
4.000000000000000000e+02 9.600000000000000000e+01 4.994531128999999936e+01
4.000000000000000000e+02 9.700000000000000000e+01 4.994658966000000078e+01
4.000000000000000000e+02 9.800000000000000000e+01 4.994786802000000137e+01
4.000000000000000000e+02 9.900000000000000000e+01 4.994816884000000101e+01
4.000000000000000000e+02 1.000000000000000000e+02 4.994846964999999983e+01
4.000000000000000000e+02 1.010000000000000000e+02 4.994882244000000071e+01
4.000000000000000000e+02 1.020000000000000000e+02 4.994917522000000076e+01
4.000000000000000000e+02 1.030000000000000000e+02 4.995008674000000326e+01
4.000000000000000000e+02 1.040000000000000000e+02 4.995099825999999865e+01
4.000000000000000000e+02 1.050000000000000000e+02 4.995631973999999786e+01
4.000000000000000000e+02 1.060000000000000000e+02 4.995981517999999966e+01
4.000000000000000000e+02 1.070000000000000000e+02 4.996331062000000145e+01
4.000000000000000000e+02 1.080000000000000000e+02 4.996584305999999742e+01
4.000000000000000000e+02 1.090000000000000000e+02 4.996837550000000050e+01
4.000000000000000000e+02 1.100000000000000000e+02 4.996998044000000050e+01
4.000000000000000000e+02 1.110000000000000000e+02 4.997158536999999967e+01
4.000000000000000000e+02 1.120000000000000000e+02 4.997133431999999686e+01
4.000000000000000000e+02 1.130000000000000000e+02 4.997108327000000116e+01
4.000000000000000000e+02 1.140000000000000000e+02 4.996850322000000233e+01
4.000000000000000000e+02 1.150000000000000000e+02 4.996592316000000267e+01
4.000000000000000000e+02 1.160000000000000000e+02 4.996408822000000072e+01
4.000000000000000000e+02 1.170000000000000000e+02 4.996225326999999794e+01
4.000000000000000000e+02 1.180000000000000000e+02 4.996322597999999715e+01
4.000000000000000000e+02 1.190000000000000000e+02 4.996419869000000347e+01
4.000000000000000000e+02 1.200000000000000000e+02 4.996747426999999675e+01
4.000000000000000000e+02 1.210000000000000000e+02 4.996820183999999898e+01
4.000000000000000000e+02 1.220000000000000000e+02 4.996892941000000121e+01
4.000000000000000000e+02 1.230000000000000000e+02 4.996957223999999798e+01
4.000000000000000000e+02 1.240000000000000000e+02 4.997021507000000184e+01
4.000000000000000000e+02 1.250000000000000000e+02 4.997205027999999771e+01
4.000000000000000000e+02 1.260000000000000000e+02 4.997388547999999986e+01
4.000000000000000000e+02 1.270000000000000000e+02 4.997693703000000198e+01
4.000000000000000000e+02 1.280000000000000000e+02 4.997998857999999700e+01
4.000000000000000000e+02 1.290000000000000000e+02 4.998023770000000354e+01
4.000000000000000000e+02 1.300000000000000000e+02 4.998048681000000215e+01
4.000000000000000000e+02 1.310000000000000000e+02 4.997468239999999895e+01
4.000000000000000000e+02 1.320000000000000000e+02 4.996887799000000285e+01
4.000000000000000000e+02 1.330000000000000000e+02 4.996014841000000217e+01
4.000000000000000000e+02 1.340000000000000000e+02 4.995141883000000149e+01
4.000000000000000000e+02 1.350000000000000000e+02 4.993889478999999909e+01
4.000000000000000000e+02 1.360000000000000000e+02 4.993752475000000146e+01
4.000000000000000000e+02 1.370000000000000000e+02 4.993615470000000300e+01
4.000000000000000000e+02 1.380000000000000000e+02 4.993811274000000111e+01
4.000000000000000000e+02 1.390000000000000000e+02 4.994007076999999839e+01
4.000000000000000000e+02 1.400000000000000000e+02 4.994183758999999867e+01
4.000000000000000000e+02 1.410000000000000000e+02 4.994360439999999812e+01
4.000000000000000000e+02 1.420000000000000000e+02 4.994329343999999793e+01
4.000000000000000000e+02 1.430000000000000000e+02 4.994298247999999774e+01
4.000000000000000000e+02 1.440000000000000000e+02 4.994232347999999888e+01
4.000000000000000000e+02 1.450000000000000000e+02 4.994166448000000003e+01
4.000000000000000000e+02 1.460000000000000000e+02 4.994286098999999979e+01
4.000000000000000000e+02 1.470000000000000000e+02 4.994405748999999872e+01
4.000000000000000000e+02 1.480000000000000000e+02 4.994630343000000039e+01
4.000000000000000000e+02 1.490000000000000000e+02 4.994854936000000123e+01
4.000000000000000000e+02 1.500000000000000000e+02 4.995003888000000103e+01
4.000000000000000000e+02 1.510000000000000000e+02 4.994807655999999696e+01
4.000000000000000000e+02 1.520000000000000000e+02 4.994611422999999917e+01
4.000000000000000000e+02 1.530000000000000000e+02 4.994193180999999981e+01
4.000000000000000000e+02 1.540000000000000000e+02 4.993774939000000046e+01
4.000000000000000000e+02 1.550000000000000000e+02 4.993247900000000072e+01
4.000000000000000000e+02 1.560000000000000000e+02 4.992720860000000016e+01
4.000000000000000000e+02 1.570000000000000000e+02 4.992377892999999744e+01
4.000000000000000000e+02 1.580000000000000000e+02 4.992034925000000101e+01
4.000000000000000000e+02 1.590000000000000000e+02 4.992094235999999796e+01
4.000000000000000000e+02 1.600000000000000000e+02 4.992153546000000119e+01
4.000000000000000000e+02 1.610000000000000000e+02 4.992480411999999745e+01
4.000000000000000000e+02 1.620000000000000000e+02 4.992807276999999999e+01
4.000000000000000000e+02 1.630000000000000000e+02 4.993252283999999719e+01
4.000000000000000000e+02 1.640000000000000000e+02 4.993697290000000066e+01
4.000000000000000000e+02 1.650000000000000000e+02 4.994557293999999814e+01
4.000000000000000000e+02 1.660000000000000000e+02 4.994751947999999686e+01
4.000000000000000000e+02 1.670000000000000000e+02 4.994946602000000269e+01
4.000000000000000000e+02 1.680000000000000000e+02 4.994808689999999984e+01
4.000000000000000000e+02 1.690000000000000000e+02 4.994670777000000328e+01
4.000000000000000000e+02 1.700000000000000000e+02 4.994152924000000127e+01
4.000000000000000000e+02 1.710000000000000000e+02 4.993635070999999925e+01
4.000000000000000000e+02 1.720000000000000000e+02 4.992877856999999864e+01
4.000000000000000000e+02 1.730000000000000000e+02 4.992120641999999719e+01
4.000000000000000000e+02 1.740000000000000000e+02 4.991602361000000343e+01
4.000000000000000000e+02 1.750000000000000000e+02 4.991084080000000256e+01
4.000000000000000000e+02 1.760000000000000000e+02 4.990979431000000233e+01
4.000000000000000000e+02 1.770000000000000000e+02 4.990874782000000209e+01
4.000000000000000000e+02 1.780000000000000000e+02 4.990885267000000169e+01
4.000000000000000000e+02 1.790000000000000000e+02 4.990895751000000047e+01
4.000000000000000000e+02 1.800000000000000000e+02 4.990787427000000065e+01
4.000000000000000000e+02 1.810000000000000000e+02 4.990679102000000000e+01
4.000000000000000000e+02 1.820000000000000000e+02 4.990397004999999808e+01
4.000000000000000000e+02 1.830000000000000000e+02 4.990498562999999876e+01
4.000000000000000000e+02 1.840000000000000000e+02 4.990600120999999945e+01
4.000000000000000000e+02 1.850000000000000000e+02 4.990936403999999982e+01
4.000000000000000000e+02 1.860000000000000000e+02 4.991272685999999936e+01
4.000000000000000000e+02 1.870000000000000000e+02 4.991485277000000309e+01
4.000000000000000000e+02 1.880000000000000000e+02 4.991697866999999889e+01
4.000000000000000000e+02 1.890000000000000000e+02 4.991543647000000306e+01
4.000000000000000000e+02 1.900000000000000000e+02 4.991389425999999929e+01
4.000000000000000000e+02 1.910000000000000000e+02 4.990994581999999724e+01
4.000000000000000000e+02 1.920000000000000000e+02 4.990599738000000229e+01
4.000000000000000000e+02 1.930000000000000000e+02 4.990250653999999741e+01
4.000000000000000000e+02 1.940000000000000000e+02 4.989901568999999881e+01
4.000000000000000000e+02 1.950000000000000000e+02 4.989659140999999920e+01
4.000000000000000000e+02 1.960000000000000000e+02 4.989416712999999959e+01
4.000000000000000000e+02 1.970000000000000000e+02 4.988936465999999825e+01
4.000000000000000000e+02 1.980000000000000000e+02 4.988645247000000182e+01
4.000000000000000000e+02 1.990000000000000000e+02 4.988354026999999746e+01
4.000000000000000000e+02 2.000000000000000000e+02 4.988005551999999909e+01
4.000000000000000000e+02 2.010000000000000000e+02 4.987657075999999989e+01
4.000000000000000000e+02 2.020000000000000000e+02 4.987267691000000269e+01
4.000000000000000000e+02 2.030000000000000000e+02 4.986878305999999839e+01
4.000000000000000000e+02 2.040000000000000000e+02 4.986435119000000071e+01
4.000000000000000000e+02 2.050000000000000000e+02 4.985991932000000304e+01
4.000000000000000000e+02 2.060000000000000000e+02 4.985549319999999796e+01
4.000000000000000000e+02 2.070000000000000000e+02 4.985106707999999998e+01
4.000000000000000000e+02 2.080000000000000000e+02 4.984754484999999846e+01
4.000000000000000000e+02 2.090000000000000000e+02 4.984402261000000323e+01
4.000000000000000000e+02 2.100000000000000000e+02 4.984048862000000213e+01
4.000000000000000000e+02 2.110000000000000000e+02 4.983695462000000020e+01
4.000000000000000000e+02 2.120000000000000000e+02 4.982789321999999999e+01
4.000000000000000000e+02 2.130000000000000000e+02 4.982333824999999905e+01
4.000000000000000000e+02 2.140000000000000000e+02 4.981878326999999729e+01
4.000000000000000000e+02 2.150000000000000000e+02 4.981540937999999841e+01
4.000000000000000000e+02 2.160000000000000000e+02 4.981203548999999953e+01
4.000000000000000000e+02 2.170000000000000000e+02 4.980937595000000329e+01
4.000000000000000000e+02 2.180000000000000000e+02 4.980671640999999994e+01
4.000000000000000000e+02 2.190000000000000000e+02 4.980372580000000227e+01
4.000000000000000000e+02 2.200000000000000000e+02 4.980073517999999666e+01
4.000000000000000000e+02 2.210000000000000000e+02 4.979871253999999681e+01
4.000000000000000000e+02 2.220000000000000000e+02 4.979668989999999695e+01
4.000000000000000000e+02 2.230000000000000000e+02 4.979759136999999924e+01
4.000000000000000000e+02 2.240000000000000000e+02 4.979849284000000154e+01
4.000000000000000000e+02 2.250000000000000000e+02 4.980029950000000127e+01
4.000000000000000000e+02 2.260000000000000000e+02 4.980210616000000101e+01
4.000000000000000000e+02 2.270000000000000000e+02 4.980123054999999965e+01
4.000000000000000000e+02 2.280000000000000000e+02 4.979871692999999766e+01
4.000000000000000000e+02 2.290000000000000000e+02 4.979620331000000277e+01
4.000000000000000000e+02 2.300000000000000000e+02 4.979298330000000306e+01
4.000000000000000000e+02 2.310000000000000000e+02 4.978976329000000334e+01
4.000000000000000000e+02 2.320000000000000000e+02 4.978679912999999857e+01
4.000000000000000000e+02 2.330000000000000000e+02 4.978383497000000091e+01
4.000000000000000000e+02 2.340000000000000000e+02 4.978102265999999787e+01
4.000000000000000000e+02 2.350000000000000000e+02 4.977821035000000194e+01
4.000000000000000000e+02 2.360000000000000000e+02 4.977365461000000124e+01
4.000000000000000000e+02 2.370000000000000000e+02 4.976909887000000055e+01
4.000000000000000000e+02 2.380000000000000000e+02 4.976226245000000148e+01
4.000000000000000000e+02 2.390000000000000000e+02 4.975542602000000159e+01
4.000000000000000000e+02 2.400000000000000000e+02 4.974854894999999999e+01
4.000000000000000000e+02 2.410000000000000000e+02 4.974167187999999840e+01
4.000000000000000000e+02 2.420000000000000000e+02 4.973631203000000056e+01
4.000000000000000000e+02 2.430000000000000000e+02 4.973095217000000190e+01
4.000000000000000000e+02 2.440000000000000000e+02 4.971958187999999979e+01
4.000000000000000000e+02 2.450000000000000000e+02 4.971122178000000247e+01
4.000000000000000000e+02 2.460000000000000000e+02 4.970286167999999805e+01
4.000000000000000000e+02 2.470000000000000000e+02 4.969515129999999914e+01
4.000000000000000000e+02 2.480000000000000000e+02 4.968744092000000023e+01
4.000000000000000000e+02 2.490000000000000000e+02 4.968462619000000302e+01
4.000000000000000000e+02 2.500000000000000000e+02 4.968181145999999870e+01
4.000000000000000000e+02 2.510000000000000000e+02 4.968039559999999710e+01
4.000000000000000000e+02 2.520000000000000000e+02 4.967897973000000178e+01
4.000000000000000000e+02 2.530000000000000000e+02 4.967426915000000065e+01
4.000000000000000000e+02 2.540000000000000000e+02 4.966955855999999869e+01
4.000000000000000000e+02 2.550000000000000000e+02 4.966187524000000053e+01
4.000000000000000000e+02 2.560000000000000000e+02 4.965419191000000154e+01
4.000000000000000000e+02 2.570000000000000000e+02 4.964536506999999688e+01
4.000000000000000000e+02 2.580000000000000000e+02 4.963653821999999849e+01
4.000000000000000000e+02 2.590000000000000000e+02 4.961946149999999989e+01
4.000000000000000000e+02 2.600000000000000000e+02 4.961291804999999755e+01
4.000000000000000000e+02 2.610000000000000000e+02 4.960637460000000232e+01
4.000000000000000000e+02 2.620000000000000000e+02 4.960278163000000262e+01
4.000000000000000000e+02 2.630000000000000000e+02 4.959918865000000210e+01
4.000000000000000000e+02 2.640000000000000000e+02 4.959483699999999828e+01
4.000000000000000000e+02 2.650000000000000000e+02 4.959048534000000075e+01
4.000000000000000000e+02 2.660000000000000000e+02 4.958125067000000286e+01
4.000000000000000000e+02 2.670000000000000000e+02 4.957201599999999786e+01
4.000000000000000000e+02 2.680000000000000000e+02 4.956165909999999997e+01
4.000000000000000000e+02 2.690000000000000000e+02 4.955130220000000207e+01
4.000000000000000000e+02 2.700000000000000000e+02 4.954545576000000295e+01
4.000000000000000000e+02 2.710000000000000000e+02 4.953960931999999673e+01
4.000000000000000000e+02 2.720000000000000000e+02 4.953707519999999676e+01
4.000000000000000000e+02 2.730000000000000000e+02 4.953454107000000306e+01
4.000000000000000000e+02 2.740000000000000000e+02 4.953154666999999733e+01
4.000000000000000000e+02 2.750000000000000000e+02 4.952855226999999871e+01
4.000000000000000000e+02 2.760000000000000000e+02 4.951999141999999665e+01
4.000000000000000000e+02 2.770000000000000000e+02 4.951458319999999702e+01
4.000000000000000000e+02 2.780000000000000000e+02 4.950917497999999739e+01
4.000000000000000000e+02 2.790000000000000000e+02 4.950263274999999652e+01
4.000000000000000000e+02 2.800000000000000000e+02 4.949609052000000275e+01
4.000000000000000000e+02 2.810000000000000000e+02 4.948845872999999784e+01
4.000000000000000000e+02 2.820000000000000000e+02 4.948082694000000004e+01
4.000000000000000000e+02 2.830000000000000000e+02 4.947187641000000013e+01
4.000000000000000000e+02 2.840000000000000000e+02 4.946292588000000023e+01
4.000000000000000000e+02 2.850000000000000000e+02 4.945431425000000303e+01
4.000000000000000000e+02 2.860000000000000000e+02 4.944570260999999789e+01
4.000000000000000000e+02 2.870000000000000000e+02 4.943971266999999870e+01
4.000000000000000000e+02 2.880000000000000000e+02 4.943372271999999867e+01
4.000000000000000000e+02 2.890000000000000000e+02 4.942912748999999906e+01
4.000000000000000000e+02 2.900000000000000000e+02 4.942453224999999861e+01
4.000000000000000000e+02 2.910000000000000000e+02 4.941134278999999907e+01
4.000000000000000000e+02 2.920000000000000000e+02 4.940017555000000016e+01
4.000000000000000000e+02 2.930000000000000000e+02 4.938900831000000125e+01
4.000000000000000000e+02 2.940000000000000000e+02 4.937325796999999739e+01
4.000000000000000000e+02 2.950000000000000000e+02 4.935750763000000063e+01
4.000000000000000000e+02 2.960000000000000000e+02 4.934221947000000341e+01
4.000000000000000000e+02 2.970000000000000000e+02 4.932693130999999909e+01
4.000000000000000000e+02 2.980000000000000000e+02 4.931834590999999790e+01
4.000000000000000000e+02 2.990000000000000000e+02 4.930976050000000299e+01
4.000000000000000000e+02 3.000000000000000000e+02 4.930686459999999727e+01
4.000000000000000000e+02 3.010000000000000000e+02 4.930396868999999782e+01
4.000000000000000000e+02 3.020000000000000000e+02 4.929964542999999821e+01
4.000000000000000000e+02 3.030000000000000000e+02 4.929532216999999861e+01
4.000000000000000000e+02 3.040000000000000000e+02 4.928545675000000159e+01
4.000000000000000000e+02 3.050000000000000000e+02 4.927559131999999664e+01
4.000000000000000000e+02 3.060000000000000000e+02 4.924909841000000199e+01
4.000000000000000000e+02 3.070000000000000000e+02 4.923705926000000233e+01
4.000000000000000000e+02 3.080000000000000000e+02 4.922502010000000183e+01
4.000000000000000000e+02 3.090000000000000000e+02 4.921594208999999864e+01
4.000000000000000000e+02 3.100000000000000000e+02 4.920686408000000256e+01
4.000000000000000000e+02 3.110000000000000000e+02 4.919866815000000315e+01
4.000000000000000000e+02 3.120000000000000000e+02 4.919047221000000292e+01
4.000000000000000000e+02 3.130000000000000000e+02 4.918131058000000166e+01
4.000000000000000000e+02 3.140000000000000000e+02 4.917214895000000041e+01
4.000000000000000000e+02 3.150000000000000000e+02 4.916180105000000111e+01
4.000000000000000000e+02 3.160000000000000000e+02 4.915145314000000099e+01
4.000000000000000000e+02 3.170000000000000000e+02 4.914121971000000144e+01
4.000000000000000000e+02 3.180000000000000000e+02 4.913098627000000107e+01
4.000000000000000000e+02 3.190000000000000000e+02 4.912299624999999992e+01
4.000000000000000000e+02 3.200000000000000000e+02 4.911500622999999877e+01
4.000000000000000000e+02 3.210000000000000000e+02 4.910871456999999651e+01
4.000000000000000000e+02 3.220000000000000000e+02 4.910242290000000054e+01
4.000000000000000000e+02 3.230000000000000000e+02 4.908632226999999659e+01
4.000000000000000000e+02 3.240000000000000000e+02 4.907520262999999971e+01
4.000000000000000000e+02 3.250000000000000000e+02 4.906408298000000201e+01
4.000000000000000000e+02 3.260000000000000000e+02 4.905245314999999806e+01
4.000000000000000000e+02 3.270000000000000000e+02 4.904082332000000122e+01
4.000000000000000000e+02 3.280000000000000000e+02 4.903068846000000036e+01
4.000000000000000000e+02 3.290000000000000000e+02 4.902055359999999951e+01
4.000000000000000000e+02 3.300000000000000000e+02 4.901203137000000254e+01
4.000000000000000000e+02 3.310000000000000000e+02 4.900350912999999764e+01
4.000000000000000000e+02 3.320000000000000000e+02 4.899704167000000155e+01
4.000000000000000000e+02 3.330000000000000000e+02 4.899057420999999835e+01
4.000000000000000000e+02 3.340000000000000000e+02 4.898643507999999969e+01
4.000000000000000000e+02 3.350000000000000000e+02 4.898229595000000103e+01
4.000000000000000000e+02 3.360000000000000000e+02 4.897789779000000010e+01
4.000000000000000000e+02 3.370000000000000000e+02 4.897349962999999917e+01
4.000000000000000000e+02 3.380000000000000000e+02 4.895679828000000100e+01
4.000000000000000000e+02 3.390000000000000000e+02 4.894457787999999709e+01
4.000000000000000000e+02 3.400000000000000000e+02 4.893235746999999947e+01
4.000000000000000000e+02 3.410000000000000000e+02 4.892035211000000317e+01
4.000000000000000000e+02 3.420000000000000000e+02 4.890834673999999893e+01
4.000000000000000000e+02 3.430000000000000000e+02 4.889837891999999897e+01
4.000000000000000000e+02 3.440000000000000000e+02 4.888841108999999818e+01
4.000000000000000000e+02 3.450000000000000000e+02 4.887680908000000102e+01
4.000000000000000000e+02 3.460000000000000000e+02 4.886520706999999675e+01
4.000000000000000000e+02 3.470000000000000000e+02 4.885173266999999697e+01
4.000000000000000000e+02 3.480000000000000000e+02 4.883825826999999720e+01
4.000000000000000000e+02 3.490000000000000000e+02 4.882802877999999680e+01
4.000000000000000000e+02 3.500000000000000000e+02 4.881779928000000268e+01
4.000000000000000000e+02 3.510000000000000000e+02 4.881056075000000050e+01
4.000000000000000000e+02 3.520000000000000000e+02 4.880332221999999831e+01
4.000000000000000000e+02 3.530000000000000000e+02 4.878362951999999808e+01
4.000000000000000000e+02 3.540000000000000000e+02 4.877069249000000184e+01
4.000000000000000000e+02 3.550000000000000000e+02 4.875775545999999849e+01
4.000000000000000000e+02 3.560000000000000000e+02 4.874559459999999689e+01
4.000000000000000000e+02 3.570000000000000000e+02 4.873343374000000239e+01
4.000000000000000000e+02 3.580000000000000000e+02 4.872258649999999847e+01
4.000000000000000000e+02 3.590000000000000000e+02 4.871173925000000082e+01
4.000000000000000000e+02 3.600000000000000000e+02 4.870324503999999877e+01
4.000000000000000000e+02 3.610000000000000000e+02 4.869475082000000299e+01
4.000000000000000000e+02 3.620000000000000000e+02 4.869058179000000308e+01
4.000000000000000000e+02 3.630000000000000000e+02 4.868641276000000317e+01
4.000000000000000000e+02 3.640000000000000000e+02 4.868294939999999826e+01
4.000000000000000000e+02 3.650000000000000000e+02 4.867948602999999963e+01
4.000000000000000000e+02 3.660000000000000000e+02 4.867174053000000100e+01
4.000000000000000000e+02 3.670000000000000000e+02 4.866399502000000155e+01
4.000000000000000000e+02 3.680000000000000000e+02 4.865201848000000240e+01
4.000000000000000000e+02 3.690000000000000000e+02 4.864004194000000325e+01
4.000000000000000000e+02 3.700000000000000000e+02 4.861437028999999654e+01
4.000000000000000000e+02 3.710000000000000000e+02 4.860302421000000095e+01
4.000000000000000000e+02 3.720000000000000000e+02 4.859167811999999742e+01
4.000000000000000000e+02 3.730000000000000000e+02 4.858171970000000073e+01
4.000000000000000000e+02 3.740000000000000000e+02 4.857176127999999693e+01
4.000000000000000000e+02 3.750000000000000000e+02 4.856175357000000048e+01
4.000000000000000000e+02 3.760000000000000000e+02 4.855174585999999692e+01
4.000000000000000000e+02 3.770000000000000000e+02 4.854152994999999748e+01
4.000000000000000000e+02 3.780000000000000000e+02 4.853131402999999722e+01
4.000000000000000000e+02 3.790000000000000000e+02 4.852344038999999754e+01
4.000000000000000000e+02 3.800000000000000000e+02 4.851556673999999703e+01
4.000000000000000000e+02 3.810000000000000000e+02 4.851030188000000010e+01
4.000000000000000000e+02 3.820000000000000000e+02 4.850503702000000317e+01
4.000000000000000000e+02 3.830000000000000000e+02 4.849789214999999842e+01
4.000000000000000000e+02 3.840000000000000000e+02 4.849074726999999996e+01
4.000000000000000000e+02 3.850000000000000000e+02 4.846806930000000335e+01
4.000000000000000000e+02 3.860000000000000000e+02 4.845473272000000264e+01
4.000000000000000000e+02 3.870000000000000000e+02 4.844139614000000194e+01
4.000000000000000000e+02 3.880000000000000000e+02 4.842842421999999658e+01
4.000000000000000000e+02 3.890000000000000000e+02 4.841545229999999833e+01
4.000000000000000000e+02 3.900000000000000000e+02 4.840338188999999858e+01
4.000000000000000000e+02 3.910000000000000000e+02 4.839131146999999800e+01
4.000000000000000000e+02 3.920000000000000000e+02 4.837955233999999649e+01
4.000000000000000000e+02 3.930000000000000000e+02 4.836779321000000209e+01
4.000000000000000000e+02 3.940000000000000000e+02 4.835673079000000030e+01
4.000000000000000000e+02 3.950000000000000000e+02 4.834566835999999768e+01
4.000000000000000000e+02 3.960000000000000000e+02 4.833567744999999860e+01
4.000000000000000000e+02 3.970000000000000000e+02 4.832568652999999870e+01
4.000000000000000000e+02 3.980000000000000000e+02 4.831554211000000265e+01
4.000000000000000000e+02 3.990000000000000000e+02 4.830539768999999950e+01
4.000000000000000000e+02 4.000000000000000000e+02 4.829461649999999651e+01
4.000000000000000000e+02 4.010000000000000000e+02 4.828383531000000062e+01
4.000000000000000000e+02 4.020000000000000000e+02 4.826446347000000259e+01
4.000000000000000000e+02 4.030000000000000000e+02 4.825713428000000249e+01
4.000000000000000000e+02 4.040000000000000000e+02 4.824980509000000239e+01
4.000000000000000000e+02 4.050000000000000000e+02 4.824275540000000007e+01
4.000000000000000000e+02 4.060000000000000000e+02 4.823570569999999691e+01
4.000000000000000000e+02 4.070000000000000000e+02 4.822677972999999696e+01
4.000000000000000000e+02 4.080000000000000000e+02 4.821785375000000329e+01
4.000000000000000000e+02 4.090000000000000000e+02 4.820805979000000008e+01
4.000000000000000000e+02 4.100000000000000000e+02 4.819826582999999687e+01
4.000000000000000000e+02 4.110000000000000000e+02 4.818857291999999859e+01
4.000000000000000000e+02 4.120000000000000000e+02 4.817888001000000031e+01
4.000000000000000000e+02 4.130000000000000000e+02 4.816785028999999696e+01
4.000000000000000000e+02 4.140000000000000000e+02 4.815682057000000071e+01
4.000000000000000000e+02 4.150000000000000000e+02 4.814410518999999766e+01
4.000000000000000000e+02 4.160000000000000000e+02 4.813138980000000089e+01
4.000000000000000000e+02 4.170000000000000000e+02 4.810653629000000109e+01
4.000000000000000000e+02 4.180000000000000000e+02 4.809419857999999692e+01
4.000000000000000000e+02 4.190000000000000000e+02 4.808186086999999986e+01
4.000000000000000000e+02 4.200000000000000000e+02 4.806845521000000332e+01
4.000000000000000000e+02 4.210000000000000000e+02 4.805504953999999884e+01
4.000000000000000000e+02 4.220000000000000000e+02 4.804294743999999895e+01
4.000000000000000000e+02 4.230000000000000000e+02 4.803084532999999823e+01
4.000000000000000000e+02 4.240000000000000000e+02 4.802155729999999778e+01
4.000000000000000000e+02 4.250000000000000000e+02 4.801226925999999651e+01
4.000000000000000000e+02 4.260000000000000000e+02 4.800352852999999698e+01
4.000000000000000000e+02 4.270000000000000000e+02 4.799478779999999745e+01
4.000000000000000000e+02 4.280000000000000000e+02 4.798480104000000068e+01
4.000000000000000000e+02 4.290000000000000000e+02 4.797481427000000309e+01
4.000000000000000000e+02 4.300000000000000000e+02 4.796267656999999929e+01
4.000000000000000000e+02 4.310000000000000000e+02 4.795053887000000259e+01
4.000000000000000000e+02 4.320000000000000000e+02 4.792345590000000044e+01
4.000000000000000000e+02 4.330000000000000000e+02 4.791228736000000055e+01
4.000000000000000000e+02 4.340000000000000000e+02 4.790111882000000065e+01
4.000000000000000000e+02 4.350000000000000000e+02 4.789423430000000081e+01
4.000000000000000000e+02 4.360000000000000000e+02 4.788734978000000098e+01
4.000000000000000000e+02 4.370000000000000000e+02 4.788065258000000313e+01
4.000000000000000000e+02 4.380000000000000000e+02 4.787395536999999734e+01
4.000000000000000000e+02 4.390000000000000000e+02 4.786309959999999819e+01
4.000000000000000000e+02 4.400000000000000000e+02 4.785224382999999904e+01
4.000000000000000000e+02 4.410000000000000000e+02 4.783989250999999854e+01
4.000000000000000000e+02 4.420000000000000000e+02 4.782754118999999804e+01
4.000000000000000000e+02 4.430000000000000000e+02 4.781723103000000208e+01
4.000000000000000000e+02 4.440000000000000000e+02 4.780692086999999901e+01
4.000000000000000000e+02 4.450000000000000000e+02 4.779779067999999853e+01
4.000000000000000000e+02 4.460000000000000000e+02 4.778866047999999722e+01
4.000000000000000000e+02 4.470000000000000000e+02 4.777197672999999867e+01
4.000000000000000000e+02 4.480000000000000000e+02 4.776380715999999893e+01
4.000000000000000000e+02 4.490000000000000000e+02 4.775563758999999919e+01
4.000000000000000000e+02 4.500000000000000000e+02 4.774601174000000015e+01
4.000000000000000000e+02 4.510000000000000000e+02 4.773638588000000027e+01
4.000000000000000000e+02 4.520000000000000000e+02 4.772597947999999946e+01
4.000000000000000000e+02 4.530000000000000000e+02 4.771557307999999864e+01
4.000000000000000000e+02 4.540000000000000000e+02 4.770478166000000186e+01
4.000000000000000000e+02 4.550000000000000000e+02 4.769399023999999798e+01
4.000000000000000000e+02 4.560000000000000000e+02 4.768258337999999696e+01
4.000000000000000000e+02 4.570000000000000000e+02 4.767117651000000222e+01
4.000000000000000000e+02 4.580000000000000000e+02 4.766033601000000175e+01
4.000000000000000000e+02 4.590000000000000000e+02 4.764949550000000045e+01
4.000000000000000000e+02 4.600000000000000000e+02 4.763905798999999774e+01
4.000000000000000000e+02 4.610000000000000000e+02 4.762862047000000132e+01
4.000000000000000000e+02 4.620000000000000000e+02 4.760669567000000058e+01
4.000000000000000000e+02 4.630000000000000000e+02 4.759642605999999887e+01
4.000000000000000000e+02 4.640000000000000000e+02 4.758615644000000344e+01
4.000000000000000000e+02 4.650000000000000000e+02 4.757736489999999918e+01
4.000000000000000000e+02 4.660000000000000000e+02 4.756857335000000120e+01
4.000000000000000000e+02 4.670000000000000000e+02 4.755944287999999887e+01
4.000000000000000000e+02 4.680000000000000000e+02 4.755031240999999653e+01
4.000000000000000000e+02 4.690000000000000000e+02 4.754009283999999980e+01
4.000000000000000000e+02 4.700000000000000000e+02 4.752987327000000306e+01
4.000000000000000000e+02 4.710000000000000000e+02 4.752015392999999932e+01
4.000000000000000000e+02 4.720000000000000000e+02 4.751043459000000269e+01
4.000000000000000000e+02 4.730000000000000000e+02 4.750218998999999798e+01
4.000000000000000000e+02 4.740000000000000000e+02 4.749394537999999955e+01
4.000000000000000000e+02 4.750000000000000000e+02 4.748619803999999789e+01
4.000000000000000000e+02 4.760000000000000000e+02 4.747845069000000251e+01
4.000000000000000000e+02 4.770000000000000000e+02 4.745751350999999829e+01
4.000000000000000000e+02 4.780000000000000000e+02 4.744290657999999894e+01
4.000000000000000000e+02 4.790000000000000000e+02 4.742829964999999959e+01
4.000000000000000000e+02 4.800000000000000000e+02 4.741388307999999796e+01
4.000000000000000000e+02 4.810000000000000000e+02 4.739946650000000261e+01
4.000000000000000000e+02 4.820000000000000000e+02 4.738867375000000237e+01
4.000000000000000000e+02 4.830000000000000000e+02 4.737788100000000213e+01
4.000000000000000000e+02 4.840000000000000000e+02 4.736838674999999910e+01
4.000000000000000000e+02 4.850000000000000000e+02 4.735889249000000234e+01
4.000000000000000000e+02 4.860000000000000000e+02 4.734892389000000179e+01
4.000000000000000000e+02 4.870000000000000000e+02 4.733895528000000041e+01
4.000000000000000000e+02 4.880000000000000000e+02 4.732912353999999766e+01
4.000000000000000000e+02 4.890000000000000000e+02 4.731929180000000201e+01
4.000000000000000000e+02 4.900000000000000000e+02 4.730859095999999653e+01
4.000000000000000000e+02 4.910000000000000000e+02 4.729789010999999732e+01
4.000000000000000000e+02 4.920000000000000000e+02 4.728626519000000172e+01
4.000000000000000000e+02 4.930000000000000000e+02 4.727464026999999902e+01
4.000000000000000000e+02 4.940000000000000000e+02 4.725202115999999819e+01
4.000000000000000000e+02 4.950000000000000000e+02 4.724054276999999757e+01
4.000000000000000000e+02 4.960000000000000000e+02 4.722906437000000324e+01
4.000000000000000000e+02 4.970000000000000000e+02 4.721798538000000178e+01
4.000000000000000000e+02 4.980000000000000000e+02 4.720690639000000033e+01
4.000000000000000000e+02 4.990000000000000000e+02 4.719744015999999931e+01
4.000000000000000000e+02 5.000000000000000000e+02 4.718797392999999829e+01
4.000000000000000000e+02 5.010000000000000000e+02 4.717976618000000144e+01
4.000000000000000000e+02 5.020000000000000000e+02 4.717155842999999749e+01
4.000000000000000000e+02 5.030000000000000000e+02 4.716372128999999802e+01
4.000000000000000000e+02 5.040000000000000000e+02 4.715588413999999773e+01
4.000000000000000000e+02 5.050000000000000000e+02 4.714686387999999795e+01
4.000000000000000000e+02 5.060000000000000000e+02 4.713784360999999734e+01
4.000000000000000000e+02 5.070000000000000000e+02 4.712801243999999912e+01
4.000000000000000000e+02 5.080000000000000000e+02 4.711818127000000089e+01
4.000000000000000000e+02 5.090000000000000000e+02 4.710203262999999652e+01
4.000000000000000000e+02 5.100000000000000000e+02 4.709503576000000180e+01
4.000000000000000000e+02 5.110000000000000000e+02 4.708803887999999915e+01
4.000000000000000000e+02 5.120000000000000000e+02 4.707946713999999844e+01
4.000000000000000000e+02 5.130000000000000000e+02 4.707089538999999689e+01
4.000000000000000000e+02 5.140000000000000000e+02 4.706063964999999882e+01
4.000000000000000000e+02 5.150000000000000000e+02 4.705038389999999993e+01
4.000000000000000000e+02 5.160000000000000000e+02 4.703951703999999978e+01
4.000000000000000000e+02 5.170000000000000000e+02 4.702865017999999964e+01
4.000000000000000000e+02 5.180000000000000000e+02 4.701769884000000133e+01
4.000000000000000000e+02 5.190000000000000000e+02 4.700674749000000219e+01
4.000000000000000000e+02 5.200000000000000000e+02 4.699594845000000021e+01
4.000000000000000000e+02 5.210000000000000000e+02 4.698514939999999740e+01
4.000000000000000000e+02 5.220000000000000000e+02 4.696444366000000059e+01
4.000000000000000000e+02 5.230000000000000000e+02 4.695394995000000193e+01
4.000000000000000000e+02 5.240000000000000000e+02 4.694345623000000245e+01
4.000000000000000000e+02 5.250000000000000000e+02 4.693215383999999801e+01
4.000000000000000000e+02 5.260000000000000000e+02 4.692085145000000068e+01
4.000000000000000000e+02 5.270000000000000000e+02 4.691077334999999948e+01
4.000000000000000000e+02 5.280000000000000000e+02 4.690069524999999828e+01
4.000000000000000000e+02 5.290000000000000000e+02 4.689341724999999883e+01
4.000000000000000000e+02 5.300000000000000000e+02 4.688613923999999855e+01
4.000000000000000000e+02 5.310000000000000000e+02 4.687944052999999656e+01
4.000000000000000000e+02 5.320000000000000000e+02 4.687274181000000084e+01
4.000000000000000000e+02 5.330000000000000000e+02 4.686475899999999939e+01
4.000000000000000000e+02 5.340000000000000000e+02 4.685677618999999794e+01
4.000000000000000000e+02 5.350000000000000000e+02 4.684865839999999793e+01
4.000000000000000000e+02 5.360000000000000000e+02 4.684054059999999708e+01
4.000000000000000000e+02 5.370000000000000000e+02 4.682455637000000337e+01
4.000000000000000000e+02 5.380000000000000000e+02 4.681528550000000166e+01
4.000000000000000000e+02 5.390000000000000000e+02 4.680601462999999995e+01
4.000000000000000000e+02 5.400000000000000000e+02 4.679639089999999868e+01
4.000000000000000000e+02 5.410000000000000000e+02 4.678676716999999741e+01
4.000000000000000000e+02 5.420000000000000000e+02 4.677820949000000184e+01
4.000000000000000000e+02 5.430000000000000000e+02 4.676965180999999916e+01
4.000000000000000000e+02 5.440000000000000000e+02 4.676066190000000233e+01
4.000000000000000000e+02 5.450000000000000000e+02 4.675167197999999757e+01
4.000000000000000000e+02 5.460000000000000000e+02 4.674055816999999990e+01
4.000000000000000000e+02 5.470000000000000000e+02 4.672944436000000223e+01
4.000000000000000000e+02 5.480000000000000000e+02 4.671703458000000353e+01
4.000000000000000000e+02 5.490000000000000000e+02 4.670462478999999689e+01
4.000000000000000000e+02 5.500000000000000000e+02 4.669271786000000191e+01
4.000000000000000000e+02 5.510000000000000000e+02 4.668081092999999981e+01
4.000000000000000000e+02 5.520000000000000000e+02 4.665976891999999765e+01
4.000000000000000000e+02 5.530000000000000000e+02 4.665094999000000087e+01
4.000000000000000000e+02 5.540000000000000000e+02 4.664213105000000326e+01
4.000000000000000000e+02 5.550000000000000000e+02 4.663488704000000240e+01
4.000000000000000000e+02 5.560000000000000000e+02 4.662764302000000072e+01
4.000000000000000000e+02 5.570000000000000000e+02 4.662016871000000151e+01
4.000000000000000000e+02 5.580000000000000000e+02 4.661269439000000148e+01
4.000000000000000000e+02 5.590000000000000000e+02 4.660244589999999931e+01
4.000000000000000000e+02 5.600000000000000000e+02 4.659219740000000343e+01
4.000000000000000000e+02 5.610000000000000000e+02 4.658033739999999767e+01
4.000000000000000000e+02 5.620000000000000000e+02 4.656847738999999819e+01
4.000000000000000000e+02 5.630000000000000000e+02 4.655828659000000158e+01
4.000000000000000000e+02 5.640000000000000000e+02 4.654809577999999703e+01
4.000000000000000000e+02 5.650000000000000000e+02 4.653880416999999881e+01
4.000000000000000000e+02 5.660000000000000000e+02 4.652951256000000058e+01
4.000000000000000000e+02 5.670000000000000000e+02 4.650724988000000337e+01
4.000000000000000000e+02 5.680000000000000000e+02 4.649484791999999800e+01
4.000000000000000000e+02 5.690000000000000000e+02 4.648244595999999973e+01
4.000000000000000000e+02 5.700000000000000000e+02 4.647157467000000253e+01
4.000000000000000000e+02 5.710000000000000000e+02 4.646070337999999822e+01
4.000000000000000000e+02 5.720000000000000000e+02 4.645169425000000274e+01
4.000000000000000000e+02 5.730000000000000000e+02 4.644268510999999933e+01
4.000000000000000000e+02 5.740000000000000000e+02 4.643328054999999921e+01
4.000000000000000000e+02 5.750000000000000000e+02 4.642387598999999909e+01
4.000000000000000000e+02 5.760000000000000000e+02 4.641331234999999822e+01
4.000000000000000000e+02 5.770000000000000000e+02 4.640274869999999652e+01
4.000000000000000000e+02 5.780000000000000000e+02 4.639255628000000087e+01
4.000000000000000000e+02 5.790000000000000000e+02 4.638236384999999729e+01
4.000000000000000000e+02 5.800000000000000000e+02 4.637359063000000248e+01
4.000000000000000000e+02 5.810000000000000000e+02 4.636481739999999974e+01
4.000000000000000000e+02 5.820000000000000000e+02 4.634969312999999858e+01
4.000000000000000000e+02 5.830000000000000000e+02 4.634288641999999925e+01
4.000000000000000000e+02 5.840000000000000000e+02 4.633607969999999909e+01
4.000000000000000000e+02 5.850000000000000000e+02 4.632769157999999976e+01
4.000000000000000000e+02 5.860000000000000000e+02 4.631930344999999960e+01
4.000000000000000000e+02 5.870000000000000000e+02 4.630778761999999915e+01
4.000000000000000000e+02 5.880000000000000000e+02 4.629627178999999870e+01
4.000000000000000000e+02 5.890000000000000000e+02 4.628463233000000088e+01
4.000000000000000000e+02 5.900000000000000000e+02 4.627299287000000305e+01
4.000000000000000000e+02 5.910000000000000000e+02 4.626357965999999777e+01
4.000000000000000000e+02 5.920000000000000000e+02 4.625416643999999877e+01
4.000000000000000000e+02 5.930000000000000000e+02 4.624721789000000172e+01
4.000000000000000000e+02 5.940000000000000000e+02 4.624026933999999756e+01
4.000000000000000000e+02 5.950000000000000000e+02 4.623101024000000336e+01
4.000000000000000000e+02 5.960000000000000000e+02 4.622614069000000114e+01
4.000000000000000000e+02 5.970000000000000000e+02 4.622127112999999810e+01
4.000000000000000000e+02 5.980000000000000000e+02 4.621391899000000336e+01
4.000000000000000000e+02 5.990000000000000000e+02 4.620656684000000070e+01
4.500000000000000000e+02 0.000000000000000000e+00 0.000000000000000000e+00
4.500000000000000000e+02 1.000000000000000000e+00 2.809002875000000010e+00
4.500000000000000000e+02 2.000000000000000000e+00 9.183593560000000267e+00
4.500000000000000000e+02 3.000000000000000000e+00 1.727306311999999977e+01
4.500000000000000000e+02 4.000000000000000000e+00 2.336587096999999957e+01
4.500000000000000000e+02 5.000000000000000000e+00 2.871639044999999868e+01
4.500000000000000000e+02 6.000000000000000000e+00 3.266776844999999696e+01
4.500000000000000000e+02 7.000000000000000000e+00 3.394018009999999919e+01
4.500000000000000000e+02 8.000000000000000000e+00 3.521259175000000141e+01
4.500000000000000000e+02 9.000000000000000000e+00 3.671477835000000312e+01
4.500000000000000000e+02 1.000000000000000000e+01 3.714132552000000231e+01
4.500000000000000000e+02 1.100000000000000000e+01 3.756787268000000068e+01
4.500000000000000000e+02 1.200000000000000000e+01 3.781159591000000120e+01
4.500000000000000000e+02 1.300000000000000000e+01 3.805531914000000171e+01
4.500000000000000000e+02 1.400000000000000000e+01 3.820122908999999822e+01
4.500000000000000000e+02 1.500000000000000000e+01 3.834713904000000184e+01
4.500000000000000000e+02 1.600000000000000000e+01 3.854226974000000183e+01
4.500000000000000000e+02 1.700000000000000000e+01 3.862007115000000113e+01
4.500000000000000000e+02 1.800000000000000000e+01 3.869787256000000042e+01
4.500000000000000000e+02 1.900000000000000000e+01 3.876669204000000235e+01
4.500000000000000000e+02 2.000000000000000000e+01 3.883551151000000345e+01
4.500000000000000000e+02 2.100000000000000000e+01 3.889609765000000152e+01
4.500000000000000000e+02 2.200000000000000000e+01 3.895668378999999959e+01
4.500000000000000000e+02 2.300000000000000000e+01 3.901078815000000333e+01
4.500000000000000000e+02 2.400000000000000000e+01 3.906489249999999913e+01
4.500000000000000000e+02 2.500000000000000000e+01 3.911563645999999750e+01
4.500000000000000000e+02 2.600000000000000000e+01 3.916638042000000297e+01
4.500000000000000000e+02 2.700000000000000000e+01 3.926241857000000124e+01
4.500000000000000000e+02 2.800000000000000000e+01 3.930709715999999787e+01
4.500000000000000000e+02 2.900000000000000000e+01 3.935177574000000078e+01
4.500000000000000000e+02 3.000000000000000000e+01 3.939114373999999685e+01
4.500000000000000000e+02 3.100000000000000000e+01 3.943051172999999920e+01
4.500000000000000000e+02 3.200000000000000000e+01 3.946221400999999673e+01
4.500000000000000000e+02 3.300000000000000000e+01 3.949391629000000137e+01
4.500000000000000000e+02 3.400000000000000000e+01 3.951827937000000190e+01
4.500000000000000000e+02 3.500000000000000000e+01 3.954264245000000244e+01
4.500000000000000000e+02 3.600000000000000000e+01 3.956146182999999894e+01
4.500000000000000000e+02 3.700000000000000000e+01 3.958028120000000172e+01
4.500000000000000000e+02 3.800000000000000000e+01 3.959327908000000207e+01
4.500000000000000000e+02 3.900000000000000000e+01 3.960627695000000159e+01
4.500000000000000000e+02 4.000000000000000000e+01 3.961166004999999757e+01
4.500000000000000000e+02 4.100000000000000000e+01 3.961704313999999982e+01
4.500000000000000000e+02 4.200000000000000000e+01 3.961679411000000073e+01
4.500000000000000000e+02 4.300000000000000000e+01 3.961595257999999831e+01
4.500000000000000000e+02 4.400000000000000000e+01 3.961511105000000299e+01
4.500000000000000000e+02 4.500000000000000000e+01 3.961571590999999870e+01
4.500000000000000000e+02 4.600000000000000000e+01 3.961632077000000152e+01
4.500000000000000000e+02 4.700000000000000000e+01 3.961871826000000141e+01
4.500000000000000000e+02 4.800000000000000000e+01 3.962111575000000130e+01
4.500000000000000000e+02 4.900000000000000000e+01 3.962435482000000064e+01
4.500000000000000000e+02 5.000000000000000000e+01 3.962759388999999999e+01
4.500000000000000000e+02 5.100000000000000000e+01 3.962935104999999680e+01
4.500000000000000000e+02 5.200000000000000000e+01 3.963110819999999990e+01
4.500000000000000000e+02 5.300000000000000000e+01 3.962965554000000168e+01
4.500000000000000000e+02 5.400000000000000000e+01 3.962820288000000346e+01
4.500000000000000000e+02 5.500000000000000000e+01 3.962230301999999682e+01
4.500000000000000000e+02 5.600000000000000000e+01 3.962037361000000146e+01
4.500000000000000000e+02 5.700000000000000000e+01 3.961844419999999900e+01
4.500000000000000000e+02 5.800000000000000000e+01 3.961518264000000045e+01
4.500000000000000000e+02 5.900000000000000000e+01 3.961192107000000107e+01
4.500000000000000000e+02 6.000000000000000000e+01 3.960681697999999784e+01
4.500000000000000000e+02 6.100000000000000000e+01 3.960171288000000089e+01
4.500000000000000000e+02 6.200000000000000000e+01 3.959929366000000073e+01
4.500000000000000000e+02 6.300000000000000000e+01 3.959687442999999973e+01
4.500000000000000000e+02 6.400000000000000000e+01 3.959921729999999940e+01
4.500000000000000000e+02 6.500000000000000000e+01 3.960156016999999906e+01
4.500000000000000000e+02 6.600000000000000000e+01 3.960715668000000278e+01
4.500000000000000000e+02 6.700000000000000000e+01 3.961275318999999939e+01
4.500000000000000000e+02 6.800000000000000000e+01 3.962351015000000132e+01
4.500000000000000000e+02 6.900000000000000000e+01 3.962609875999999787e+01
4.500000000000000000e+02 7.000000000000000000e+01 3.962868736000000069e+01
4.500000000000000000e+02 7.100000000000000000e+01 3.962966639999999785e+01
4.500000000000000000e+02 7.200000000000000000e+01 3.963064544000000211e+01
4.500000000000000000e+02 7.300000000000000000e+01 3.963208989999999687e+01
4.500000000000000000e+02 7.400000000000000000e+01 3.963353434999999791e+01
4.500000000000000000e+02 7.500000000000000000e+01 3.963481085000000093e+01
4.500000000000000000e+02 7.600000000000000000e+01 3.963608734999999683e+01
4.500000000000000000e+02 7.700000000000000000e+01 3.963486868999999757e+01
4.500000000000000000e+02 7.800000000000000000e+01 3.963365001999999748e+01
4.500000000000000000e+02 7.900000000000000000e+01 3.962935190999999691e+01
4.500000000000000000e+02 8.000000000000000000e+01 3.962505380000000343e+01
4.500000000000000000e+02 8.100000000000000000e+01 3.961886943999999744e+01
4.500000000000000000e+02 8.200000000000000000e+01 3.961268506999999772e+01
4.500000000000000000e+02 8.300000000000000000e+01 3.960140580000000199e+01
4.500000000000000000e+02 8.400000000000000000e+01 3.959974655999999982e+01
4.500000000000000000e+02 8.500000000000000000e+01 3.959808731999999765e+01
4.500000000000000000e+02 8.600000000000000000e+01 3.960093350999999728e+01
4.500000000000000000e+02 8.700000000000000000e+01 3.960377969000000320e+01
4.500000000000000000e+02 8.800000000000000000e+01 3.960705957999999782e+01
4.500000000000000000e+02 8.900000000000000000e+01 3.961033946999999955e+01
4.500000000000000000e+02 9.000000000000000000e+01 3.961053945999999826e+01
4.500000000000000000e+02 9.100000000000000000e+01 3.961073944999999696e+01
4.500000000000000000e+02 9.200000000000000000e+01 3.960947850000000159e+01
4.500000000000000000e+02 9.300000000000000000e+01 3.960821753999999828e+01
4.500000000000000000e+02 9.400000000000000000e+01 3.960813518999999872e+01
4.500000000000000000e+02 9.500000000000000000e+01 3.960805282999999832e+01
4.500000000000000000e+02 9.600000000000000000e+01 3.960798094999999819e+01
4.500000000000000000e+02 9.700000000000000000e+01 3.960790906999999805e+01
4.500000000000000000e+02 9.800000000000000000e+01 3.960661962999999730e+01
4.500000000000000000e+02 9.900000000000000000e+01 3.960789974000000058e+01
4.500000000000000000e+02 1.000000000000000000e+02 3.960917984999999675e+01
4.500000000000000000e+02 1.010000000000000000e+02 3.961252541000000349e+01
4.500000000000000000e+02 1.020000000000000000e+02 3.961587096000000230e+01
4.500000000000000000e+02 1.030000000000000000e+02 3.961854695000000248e+01
4.500000000000000000e+02 1.040000000000000000e+02 3.962122293000000184e+01
4.500000000000000000e+02 1.050000000000000000e+02 3.962200659999999885e+01
4.500000000000000000e+02 1.060000000000000000e+02 3.962279027000000298e+01
4.500000000000000000e+02 1.070000000000000000e+02 3.962342747000000287e+01
4.500000000000000000e+02 1.080000000000000000e+02 3.962406467000000276e+01
4.500000000000000000e+02 1.090000000000000000e+02 3.962626369000000182e+01
4.500000000000000000e+02 1.100000000000000000e+02 3.962846270000000004e+01
4.500000000000000000e+02 1.110000000000000000e+02 3.963182979999999844e+01
4.500000000000000000e+02 1.120000000000000000e+02 3.963170757000000322e+01
4.500000000000000000e+02 1.130000000000000000e+02 3.963158534000000088e+01
4.500000000000000000e+02 1.140000000000000000e+02 3.963235264000000058e+01
4.500000000000000000e+02 1.150000000000000000e+02 3.963311994000000027e+01
4.500000000000000000e+02 1.160000000000000000e+02 3.963539375999999947e+01
4.500000000000000000e+02 1.170000000000000000e+02 3.963766756999999785e+01
4.500000000000000000e+02 1.180000000000000000e+02 3.963916970999999734e+01
4.500000000000000000e+02 1.190000000000000000e+02 3.964067184999999682e+01
4.500000000000000000e+02 1.200000000000000000e+02 3.964208597999999739e+01
4.500000000000000000e+02 1.210000000000000000e+02 3.964350009999999713e+01
4.500000000000000000e+02 1.220000000000000000e+02 3.964708550999999659e+01
4.500000000000000000e+02 1.230000000000000000e+02 3.965067091000000232e+01
4.500000000000000000e+02 1.240000000000000000e+02 3.965706109999999995e+01
4.500000000000000000e+02 1.250000000000000000e+02 3.965649779000000308e+01
4.500000000000000000e+02 1.260000000000000000e+02 3.965593447999999910e+01
4.500000000000000000e+02 1.270000000000000000e+02 3.965421761000000345e+01
4.500000000000000000e+02 1.280000000000000000e+02 3.965250074000000069e+01
4.500000000000000000e+02 1.290000000000000000e+02 3.965348783000000310e+01
4.500000000000000000e+02 1.300000000000000000e+02 3.965447491999999841e+01
4.500000000000000000e+02 1.310000000000000000e+02 3.965741131000000053e+01
4.500000000000000000e+02 1.320000000000000000e+02 3.966034770000000265e+01
4.500000000000000000e+02 1.330000000000000000e+02 3.966277979000000187e+01
4.500000000000000000e+02 1.340000000000000000e+02 3.966521188000000109e+01
4.500000000000000000e+02 1.350000000000000000e+02 3.966753362000000038e+01
4.500000000000000000e+02 1.360000000000000000e+02 3.966985534999999885e+01
4.500000000000000000e+02 1.370000000000000000e+02 3.967281110999999783e+01
4.500000000000000000e+02 1.380000000000000000e+02 3.967576686000000308e+01
4.500000000000000000e+02 1.390000000000000000e+02 3.967668241999999879e+01
4.500000000000000000e+02 1.400000000000000000e+02 3.967273795999999919e+01
4.500000000000000000e+02 1.410000000000000000e+02 3.966879348999999877e+01
4.500000000000000000e+02 1.420000000000000000e+02 3.966534851000000117e+01
4.500000000000000000e+02 1.430000000000000000e+02 3.966190352000000274e+01
4.500000000000000000e+02 1.440000000000000000e+02 3.966405109000000095e+01
4.500000000000000000e+02 1.450000000000000000e+02 3.966619864999999834e+01
4.500000000000000000e+02 1.460000000000000000e+02 3.967298057000000000e+01
4.500000000000000000e+02 1.470000000000000000e+02 3.967976249000000166e+01
4.500000000000000000e+02 1.480000000000000000e+02 3.968697267999999667e+01
4.500000000000000000e+02 1.490000000000000000e+02 3.969418285999999796e+01
4.500000000000000000e+02 1.500000000000000000e+02 3.969870949999999965e+01
4.500000000000000000e+02 1.510000000000000000e+02 3.970323613000000051e+01
4.500000000000000000e+02 1.520000000000000000e+02 3.970540905000000009e+01
4.500000000000000000e+02 1.530000000000000000e+02 3.970758195999999884e+01
4.500000000000000000e+02 1.540000000000000000e+02 3.970946941999999780e+01
4.500000000000000000e+02 1.550000000000000000e+02 3.970846158999999886e+01
4.500000000000000000e+02 1.560000000000000000e+02 3.970745374999999910e+01
4.500000000000000000e+02 1.570000000000000000e+02 3.970511587000000020e+01
4.500000000000000000e+02 1.580000000000000000e+02 3.970277799000000130e+01
4.500000000000000000e+02 1.590000000000000000e+02 3.970193038000000030e+01
4.500000000000000000e+02 1.600000000000000000e+02 3.970108275999999847e+01
4.500000000000000000e+02 1.610000000000000000e+02 3.970355375999999836e+01
4.500000000000000000e+02 1.620000000000000000e+02 3.970602475999999825e+01
4.500000000000000000e+02 1.630000000000000000e+02 3.971113634000000303e+01
4.500000000000000000e+02 1.640000000000000000e+02 3.971624790999999988e+01
4.500000000000000000e+02 1.650000000000000000e+02 3.972133352000000173e+01
4.500000000000000000e+02 1.660000000000000000e+02 3.972641912999999647e+01
4.500000000000000000e+02 1.670000000000000000e+02 3.973073535999999706e+01
4.500000000000000000e+02 1.680000000000000000e+02 3.973063864000000223e+01
4.500000000000000000e+02 1.690000000000000000e+02 3.973054192000000029e+01
4.500000000000000000e+02 1.700000000000000000e+02 3.973241112000000186e+01
4.500000000000000000e+02 1.710000000000000000e+02 3.973428031000000260e+01
4.500000000000000000e+02 1.720000000000000000e+02 3.973867691000000235e+01
4.500000000000000000e+02 1.730000000000000000e+02 3.974307350000000127e+01
4.500000000000000000e+02 1.740000000000000000e+02 3.974711674000000272e+01
4.500000000000000000e+02 1.750000000000000000e+02 3.975115997000000334e+01
4.500000000000000000e+02 1.760000000000000000e+02 3.975406339999999972e+01
4.500000000000000000e+02 1.770000000000000000e+02 3.975696683000000320e+01
4.500000000000000000e+02 1.780000000000000000e+02 3.975810605000000209e+01
4.500000000000000000e+02 1.790000000000000000e+02 3.975924527000000097e+01
4.500000000000000000e+02 1.800000000000000000e+02 3.975869961000000075e+01
4.500000000000000000e+02 1.810000000000000000e+02 3.975815395000000052e+01
4.500000000000000000e+02 1.820000000000000000e+02 3.975803928999999926e+01
4.500000000000000000e+02 1.830000000000000000e+02 3.975868075999999718e+01
4.500000000000000000e+02 1.840000000000000000e+02 3.975932223000000221e+01
4.500000000000000000e+02 1.850000000000000000e+02 3.975884147000000013e+01
4.500000000000000000e+02 1.860000000000000000e+02 3.975836070999999805e+01
4.500000000000000000e+02 1.870000000000000000e+02 3.975718041999999741e+01
4.500000000000000000e+02 1.880000000000000000e+02 3.975600012000000305e+01
4.500000000000000000e+02 1.890000000000000000e+02 3.975643531000000053e+01
4.500000000000000000e+02 1.900000000000000000e+02 3.975687048999999718e+01
4.500000000000000000e+02 1.910000000000000000e+02 3.975914638999999795e+01
4.500000000000000000e+02 1.920000000000000000e+02 3.976142228999999872e+01
4.500000000000000000e+02 1.930000000000000000e+02 3.976369626999999696e+01
4.500000000000000000e+02 1.940000000000000000e+02 3.976597024000000147e+01
4.500000000000000000e+02 1.950000000000000000e+02 3.976677465000000211e+01
4.500000000000000000e+02 1.960000000000000000e+02 3.976378222000000306e+01
4.500000000000000000e+02 1.970000000000000000e+02 3.976078978000000319e+01
4.500000000000000000e+02 1.980000000000000000e+02 3.975442112000000350e+01
4.500000000000000000e+02 1.990000000000000000e+02 3.974805245000000298e+01
4.500000000000000000e+02 2.000000000000000000e+02 3.974244297999999986e+01
4.500000000000000000e+02 2.010000000000000000e+02 3.973683350999999675e+01
4.500000000000000000e+02 2.020000000000000000e+02 3.973609419000000287e+01
4.500000000000000000e+02 2.030000000000000000e+02 3.973535487000000188e+01
4.500000000000000000e+02 2.040000000000000000e+02 3.973737034999999906e+01
4.500000000000000000e+02 2.050000000000000000e+02 3.973938582000000252e+01
4.500000000000000000e+02 2.060000000000000000e+02 3.974101976000000036e+01
4.500000000000000000e+02 2.070000000000000000e+02 3.974265369999999820e+01
4.500000000000000000e+02 2.080000000000000000e+02 3.974531752000000040e+01
4.500000000000000000e+02 2.090000000000000000e+02 3.974798133000000178e+01
4.500000000000000000e+02 2.100000000000000000e+02 3.975591407999999660e+01
4.500000000000000000e+02 2.110000000000000000e+02 3.975744299000000126e+01
4.500000000000000000e+02 2.120000000000000000e+02 3.975897189999999881e+01
4.500000000000000000e+02 2.130000000000000000e+02 3.975757467999999761e+01
4.500000000000000000e+02 2.140000000000000000e+02 3.975617745000000269e+01
4.500000000000000000e+02 2.150000000000000000e+02 3.975457011999999679e+01
4.500000000000000000e+02 2.160000000000000000e+02 3.975296278999999799e+01
4.500000000000000000e+02 2.170000000000000000e+02 3.975186423000000246e+01
4.500000000000000000e+02 2.180000000000000000e+02 3.975076566999999983e+01
4.500000000000000000e+02 2.190000000000000000e+02 3.975118169999999651e+01
4.500000000000000000e+02 2.200000000000000000e+02 3.975159773000000030e+01
4.500000000000000000e+02 2.210000000000000000e+02 3.975431219000000027e+01
4.500000000000000000e+02 2.220000000000000000e+02 3.975702665000000025e+01
4.500000000000000000e+02 2.230000000000000000e+02 3.975837594000000053e+01
4.500000000000000000e+02 2.240000000000000000e+02 3.975972521999999998e+01
4.500000000000000000e+02 2.250000000000000000e+02 3.975109600999999770e+01
4.500000000000000000e+02 2.260000000000000000e+02 3.974346494000000263e+01
4.500000000000000000e+02 2.270000000000000000e+02 3.973583387000000045e+01
4.500000000000000000e+02 2.280000000000000000e+02 3.972890660000000196e+01
4.500000000000000000e+02 2.290000000000000000e+02 3.972197933000000347e+01
4.500000000000000000e+02 2.300000000000000000e+02 3.971545383000000129e+01
4.500000000000000000e+02 2.310000000000000000e+02 3.970892831999999828e+01
4.500000000000000000e+02 2.320000000000000000e+02 3.970316915000000080e+01
4.500000000000000000e+02 2.330000000000000000e+02 3.969740998000000332e+01
4.500000000000000000e+02 2.340000000000000000e+02 3.969343769999999694e+01
4.500000000000000000e+02 2.350000000000000000e+02 3.968946541999999766e+01
4.500000000000000000e+02 2.360000000000000000e+02 3.968764974999999851e+01
4.500000000000000000e+02 2.370000000000000000e+02 3.968583406999999852e+01
4.500000000000000000e+02 2.380000000000000000e+02 3.968986773999999684e+01
4.500000000000000000e+02 2.390000000000000000e+02 3.969415871999999723e+01
4.500000000000000000e+02 2.400000000000000000e+02 3.969844969999999762e+01
4.500000000000000000e+02 2.410000000000000000e+02 3.970028633999999812e+01
4.500000000000000000e+02 2.420000000000000000e+02 3.970212297999999862e+01
4.500000000000000000e+02 2.430000000000000000e+02 3.970009278999999935e+01
4.500000000000000000e+02 2.440000000000000000e+02 3.969806260000000009e+01
4.500000000000000000e+02 2.450000000000000000e+02 3.969466890000000348e+01
4.500000000000000000e+02 2.460000000000000000e+02 3.969127518999999893e+01
4.500000000000000000e+02 2.470000000000000000e+02 3.968877479999999736e+01
4.500000000000000000e+02 2.480000000000000000e+02 3.968627441000000289e+01
4.500000000000000000e+02 2.490000000000000000e+02 3.968355764999999735e+01
4.500000000000000000e+02 2.500000000000000000e+02 3.968084088999999892e+01
4.500000000000000000e+02 2.510000000000000000e+02 3.967590108000000271e+01
4.500000000000000000e+02 2.520000000000000000e+02 3.967096126999999939e+01
4.500000000000000000e+02 2.530000000000000000e+02 3.965820903000000186e+01
4.500000000000000000e+02 2.540000000000000000e+02 3.965274296999999848e+01
4.500000000000000000e+02 2.550000000000000000e+02 3.964727690000000138e+01
4.500000000000000000e+02 2.560000000000000000e+02 3.964312136000000208e+01
4.500000000000000000e+02 2.570000000000000000e+02 3.963896581000000197e+01
4.500000000000000000e+02 2.580000000000000000e+02 3.963510423000000316e+01
4.500000000000000000e+02 2.590000000000000000e+02 3.963124264000000352e+01
4.500000000000000000e+02 2.600000000000000000e+02 3.962637620000000283e+01
4.500000000000000000e+02 2.610000000000000000e+02 3.962150976000000213e+01
4.500000000000000000e+02 2.620000000000000000e+02 3.961361777999999845e+01
4.500000000000000000e+02 2.630000000000000000e+02 3.960572579000000104e+01
4.500000000000000000e+02 2.640000000000000000e+02 3.959704562000000294e+01
4.500000000000000000e+02 2.650000000000000000e+02 3.958836544999999774e+01
4.500000000000000000e+02 2.660000000000000000e+02 3.958420302999999763e+01
4.500000000000000000e+02 2.670000000000000000e+02 3.958004059999999669e+01
4.500000000000000000e+02 2.680000000000000000e+02 3.958166250000000019e+01
4.500000000000000000e+02 2.690000000000000000e+02 3.958286998999999895e+01
4.500000000000000000e+02 2.700000000000000000e+02 3.958407747999999771e+01
4.500000000000000000e+02 2.710000000000000000e+02 3.958143482999999918e+01
4.500000000000000000e+02 2.720000000000000000e+02 3.957879216999999983e+01
4.500000000000000000e+02 2.730000000000000000e+02 3.957370910000000208e+01
4.500000000000000000e+02 2.740000000000000000e+02 3.956862602999999723e+01
4.500000000000000000e+02 2.750000000000000000e+02 3.956426419999999666e+01
4.500000000000000000e+02 2.760000000000000000e+02 3.955990236000000237e+01
4.500000000000000000e+02 2.770000000000000000e+02 3.955485055999999844e+01
4.500000000000000000e+02 2.780000000000000000e+02 3.954979875000000078e+01
4.500000000000000000e+02 2.790000000000000000e+02 3.954354038999999688e+01
4.500000000000000000e+02 2.800000000000000000e+02 3.953728201999999925e+01
4.500000000000000000e+02 2.810000000000000000e+02 3.953188801000000296e+01
4.500000000000000000e+02 2.820000000000000000e+02 3.952649399999999957e+01
4.500000000000000000e+02 2.830000000000000000e+02 3.951475675999999737e+01
4.500000000000000000e+02 2.840000000000000000e+02 3.950663251999999659e+01
4.500000000000000000e+02 2.850000000000000000e+02 3.949850828000000291e+01
4.500000000000000000e+02 2.860000000000000000e+02 3.948985157999999984e+01
4.500000000000000000e+02 2.870000000000000000e+02 3.948119487999999677e+01
4.500000000000000000e+02 2.880000000000000000e+02 3.947320724000000070e+01
4.500000000000000000e+02 2.890000000000000000e+02 3.946521959999999751e+01
4.500000000000000000e+02 2.900000000000000000e+02 3.945763621999999771e+01
4.500000000000000000e+02 2.910000000000000000e+02 3.945005283999999790e+01
4.500000000000000000e+02 2.920000000000000000e+02 3.944424821999999864e+01
4.500000000000000000e+02 2.930000000000000000e+02 3.943844359999999938e+01
4.500000000000000000e+02 2.940000000000000000e+02 3.943561405999999891e+01
4.500000000000000000e+02 2.950000000000000000e+02 3.943278451999999845e+01
4.500000000000000000e+02 2.960000000000000000e+02 3.943127273000000343e+01
4.500000000000000000e+02 2.970000000000000000e+02 3.942976094000000131e+01
4.500000000000000000e+02 2.980000000000000000e+02 3.942433624000000236e+01
4.500000000000000000e+02 2.990000000000000000e+02 3.941931943000000160e+01
4.500000000000000000e+02 3.000000000000000000e+02 3.941430261000000002e+01
4.500000000000000000e+02 3.010000000000000000e+02 3.940748511000000320e+01
4.500000000000000000e+02 3.020000000000000000e+02 3.940066759999999846e+01
4.500000000000000000e+02 3.030000000000000000e+02 3.939249686000000139e+01
4.500000000000000000e+02 3.040000000000000000e+02 3.938432611000000350e+01
4.500000000000000000e+02 3.050000000000000000e+02 3.937535103999999819e+01
4.500000000000000000e+02 3.060000000000000000e+02 3.936637597000000000e+01
4.500000000000000000e+02 3.070000000000000000e+02 3.935841643999999917e+01
4.500000000000000000e+02 3.080000000000000000e+02 3.935045689999999752e+01
4.500000000000000000e+02 3.090000000000000000e+02 3.934409688000000216e+01
4.500000000000000000e+02 3.100000000000000000e+02 3.933773684999999887e+01
4.500000000000000000e+02 3.110000000000000000e+02 3.932535288999999779e+01
4.500000000000000000e+02 3.120000000000000000e+02 3.931848614999999825e+01
4.500000000000000000e+02 3.130000000000000000e+02 3.931161940999999871e+01
4.500000000000000000e+02 3.140000000000000000e+02 3.930460392999999897e+01
4.500000000000000000e+02 3.150000000000000000e+02 3.929758844999999923e+01
4.500000000000000000e+02 3.160000000000000000e+02 3.929118462999999650e+01
4.500000000000000000e+02 3.170000000000000000e+02 3.928478080000000006e+01
4.500000000000000000e+02 3.180000000000000000e+02 3.927973197000000027e+01
4.500000000000000000e+02 3.190000000000000000e+02 3.927468314000000049e+01
4.500000000000000000e+02 3.200000000000000000e+02 3.927099443000000178e+01
4.500000000000000000e+02 3.210000000000000000e+02 3.926730571000000225e+01
4.500000000000000000e+02 3.220000000000000000e+02 3.926294867000000011e+01
4.500000000000000000e+02 3.230000000000000000e+02 3.925859162999999796e+01
4.500000000000000000e+02 3.240000000000000000e+02 3.925210243000000077e+01
4.500000000000000000e+02 3.250000000000000000e+02 3.924561322000000274e+01
4.500000000000000000e+02 3.260000000000000000e+02 3.923131656000000334e+01
4.500000000000000000e+02 3.270000000000000000e+02 3.922517744000000306e+01
4.500000000000000000e+02 3.280000000000000000e+02 3.921903832000000278e+01
4.500000000000000000e+02 3.290000000000000000e+02 3.921370645999999738e+01
4.500000000000000000e+02 3.300000000000000000e+02 3.920837458999999825e+01
4.500000000000000000e+02 3.310000000000000000e+02 3.920414451999999983e+01
4.500000000000000000e+02 3.320000000000000000e+02 3.919991444000000058e+01
4.500000000000000000e+02 3.330000000000000000e+02 3.919735599999999920e+01
4.500000000000000000e+02 3.340000000000000000e+02 3.919479754999999699e+01
4.500000000000000000e+02 3.350000000000000000e+02 3.919155081000000251e+01
4.500000000000000000e+02 3.360000000000000000e+02 3.918830406000000011e+01
4.500000000000000000e+02 3.370000000000000000e+02 3.918093885999999770e+01
4.500000000000000000e+02 3.380000000000000000e+02 3.917357365000000158e+01
4.500000000000000000e+02 3.390000000000000000e+02 3.915055604999999872e+01
4.500000000000000000e+02 3.400000000000000000e+02 3.913834669999999960e+01
4.500000000000000000e+02 3.410000000000000000e+02 3.912613733999999965e+01
4.500000000000000000e+02 3.420000000000000000e+02 3.911523445000000265e+01
4.500000000000000000e+02 3.430000000000000000e+02 3.910433154999999772e+01
4.500000000000000000e+02 3.440000000000000000e+02 3.909445671000000289e+01
4.500000000000000000e+02 3.450000000000000000e+02 3.908458187000000095e+01
4.500000000000000000e+02 3.460000000000000000e+02 3.907637360999999743e+01
4.500000000000000000e+02 3.470000000000000000e+02 3.906816535000000101e+01
4.500000000000000000e+02 3.480000000000000000e+02 3.906131186999999727e+01
4.500000000000000000e+02 3.490000000000000000e+02 3.905445839000000063e+01
4.500000000000000000e+02 3.500000000000000000e+02 3.904754803000000152e+01
4.500000000000000000e+02 3.510000000000000000e+02 3.904063766000000157e+01
4.500000000000000000e+02 3.520000000000000000e+02 3.903452197000000012e+01
4.500000000000000000e+02 3.530000000000000000e+02 3.902840627999999867e+01
4.500000000000000000e+02 3.540000000000000000e+02 3.901958390000000065e+01
4.500000000000000000e+02 3.550000000000000000e+02 3.901518502999999782e+01
4.500000000000000000e+02 3.560000000000000000e+02 3.901078616000000210e+01
4.500000000000000000e+02 3.570000000000000000e+02 3.900487015000000213e+01
4.500000000000000000e+02 3.580000000000000000e+02 3.899895414000000216e+01
4.500000000000000000e+02 3.590000000000000000e+02 3.899267886999999888e+01
4.500000000000000000e+02 3.600000000000000000e+02 3.898640359000000188e+01
4.500000000000000000e+02 3.610000000000000000e+02 3.898086507000000012e+01
4.500000000000000000e+02 3.620000000000000000e+02 3.897532654999999835e+01
4.500000000000000000e+02 3.630000000000000000e+02 3.896881951000000299e+01
4.500000000000000000e+02 3.640000000000000000e+02 3.896231247000000053e+01
4.500000000000000000e+02 3.650000000000000000e+02 3.895416623999999928e+01
4.500000000000000000e+02 3.660000000000000000e+02 3.894602000999999802e+01
4.500000000000000000e+02 3.670000000000000000e+02 3.893811395000000175e+01
4.500000000000000000e+02 3.680000000000000000e+02 3.893020787999999754e+01
4.500000000000000000e+02 3.690000000000000000e+02 3.891476014999999933e+01
4.500000000000000000e+02 3.700000000000000000e+02 3.890691577999999851e+01
4.500000000000000000e+02 3.710000000000000000e+02 3.889907139999999686e+01
4.500000000000000000e+02 3.720000000000000000e+02 3.889248821999999706e+01
4.500000000000000000e+02 3.730000000000000000e+02 3.888590503000000353e+01
4.500000000000000000e+02 3.740000000000000000e+02 3.888000159999999994e+01
4.500000000000000000e+02 3.750000000000000000e+02 3.887409817000000345e+01
4.500000000000000000e+02 3.760000000000000000e+02 3.886828428999999829e+01
4.500000000000000000e+02 3.770000000000000000e+02 3.886247039999999942e+01
4.500000000000000000e+02 3.780000000000000000e+02 3.885686254000000162e+01
4.500000000000000000e+02 3.790000000000000000e+02 3.885125467999999671e+01
4.500000000000000000e+02 3.800000000000000000e+02 3.884437095999999912e+01
4.500000000000000000e+02 3.810000000000000000e+02 3.883748724000000152e+01
4.500000000000000000e+02 3.820000000000000000e+02 3.883016374000000326e+01
4.500000000000000000e+02 3.830000000000000000e+02 3.882284023999999789e+01
4.500000000000000000e+02 3.840000000000000000e+02 3.881179259999999687e+01
4.500000000000000000e+02 3.850000000000000000e+02 3.880476360000000113e+01
4.500000000000000000e+02 3.860000000000000000e+02 3.879773459999999830e+01
4.500000000000000000e+02 3.870000000000000000e+02 3.878559469000000348e+01
4.500000000000000000e+02 3.880000000000000000e+02 3.877345477000000074e+01
4.500000000000000000e+02 3.890000000000000000e+02 3.876093981000000355e+01
4.500000000000000000e+02 3.900000000000000000e+02 3.874842484999999925e+01
4.500000000000000000e+02 3.910000000000000000e+02 3.874121440999999777e+01
4.500000000000000000e+02 3.920000000000000000e+02 3.873400396000000256e+01
4.500000000000000000e+02 3.930000000000000000e+02 3.873064472000000080e+01
4.500000000000000000e+02 3.940000000000000000e+02 3.872728546999999821e+01
4.500000000000000000e+02 3.950000000000000000e+02 3.872361457000000229e+01
4.500000000000000000e+02 3.960000000000000000e+02 3.871994365999999843e+01
4.500000000000000000e+02 3.970000000000000000e+02 3.870946413000000064e+01
4.500000000000000000e+02 3.980000000000000000e+02 3.870317421000000024e+01
4.500000000000000000e+02 3.990000000000000000e+02 3.869688428999999985e+01
4.500000000000000000e+02 4.000000000000000000e+02 3.868848273999999776e+01
4.500000000000000000e+02 4.010000000000000000e+02 3.868008119000000278e+01
4.500000000000000000e+02 4.020000000000000000e+02 3.866974483999999990e+01
4.500000000000000000e+02 4.030000000000000000e+02 3.865940848999999702e+01
4.500000000000000000e+02 4.040000000000000000e+02 3.864982348000000201e+01
4.500000000000000000e+02 4.050000000000000000e+02 3.864023846999999989e+01
4.500000000000000000e+02 4.060000000000000000e+02 3.863201029999999747e+01
4.500000000000000000e+02 4.070000000000000000e+02 3.862378213000000216e+01
4.500000000000000000e+02 4.080000000000000000e+02 3.861626844999999975e+01
4.500000000000000000e+02 4.090000000000000000e+02 3.860875475999999651e+01
4.500000000000000000e+02 4.100000000000000000e+02 3.860173398999999961e+01
4.500000000000000000e+02 4.110000000000000000e+02 3.859471321000000188e+01
4.500000000000000000e+02 4.120000000000000000e+02 3.857980983000000208e+01
4.500000000000000000e+02 4.130000000000000000e+02 3.857280904999999649e+01
4.500000000000000000e+02 4.140000000000000000e+02 3.856580825999999718e+01
4.500000000000000000e+02 4.150000000000000000e+02 3.856186927000000253e+01
4.500000000000000000e+02 4.160000000000000000e+02 3.855793026999999995e+01
4.500000000000000000e+02 4.170000000000000000e+02 3.855650487999999854e+01
4.500000000000000000e+02 4.180000000000000000e+02 3.855507948999999712e+01
4.500000000000000000e+02 4.190000000000000000e+02 3.855152788000000186e+01
4.500000000000000000e+02 4.200000000000000000e+02 3.854797625999999866e+01
4.500000000000000000e+02 4.210000000000000000e+02 3.853965391999999923e+01
4.500000000000000000e+02 4.220000000000000000e+02 3.853133156999999898e+01
4.500000000000000000e+02 4.230000000000000000e+02 3.852157676000000208e+01
4.500000000000000000e+02 4.240000000000000000e+02 3.851182193999999726e+01
4.500000000000000000e+02 4.250000000000000000e+02 3.849455532000000346e+01
4.500000000000000000e+02 4.260000000000000000e+02 3.848544222000000303e+01
4.500000000000000000e+02 4.270000000000000000e+02 3.847632911000000178e+01
4.500000000000000000e+02 4.280000000000000000e+02 3.846772087000000084e+01
4.500000000000000000e+02 4.290000000000000000e+02 3.845911262999999991e+01
4.500000000000000000e+02 4.300000000000000000e+02 3.845289412999999712e+01
4.500000000000000000e+02 4.310000000000000000e+02 3.844667563000000143e+01
4.500000000000000000e+02 4.320000000000000000e+02 3.844011356000000035e+01
4.500000000000000000e+02 4.330000000000000000e+02 3.843355147999999843e+01
4.500000000000000000e+02 4.340000000000000000e+02 3.842515897999999908e+01
4.500000000000000000e+02 4.350000000000000000e+02 3.841676646999999889e+01
4.500000000000000000e+02 4.360000000000000000e+02 3.840984894999999710e+01
4.500000000000000000e+02 4.370000000000000000e+02 3.840293142000000159e+01
4.500000000000000000e+02 4.380000000000000000e+02 3.839413662999999843e+01
4.500000000000000000e+02 4.390000000000000000e+02 3.838881399000000272e+01
4.500000000000000000e+02 4.400000000000000000e+02 3.838349133999999907e+01
4.500000000000000000e+02 4.410000000000000000e+02 3.837522754999999819e+01
4.500000000000000000e+02 4.420000000000000000e+02 3.836696375999999731e+01
4.500000000000000000e+02 4.430000000000000000e+02 3.835751288000000159e+01
4.500000000000000000e+02 4.440000000000000000e+02 3.834806199999999876e+01
4.500000000000000000e+02 4.450000000000000000e+02 3.833943396000000092e+01
4.500000000000000000e+02 4.460000000000000000e+02 3.833080591000000226e+01
4.500000000000000000e+02 4.470000000000000000e+02 3.832269303999999721e+01
4.500000000000000000e+02 4.480000000000000000e+02 3.831458016999999927e+01
4.500000000000000000e+02 4.490000000000000000e+02 3.830623887000000138e+01
4.500000000000000000e+02 4.500000000000000000e+02 3.829789756000000267e+01
4.500000000000000000e+02 4.510000000000000000e+02 3.828949467000000340e+01
4.500000000000000000e+02 4.520000000000000000e+02 3.828109177000000329e+01
4.500000000000000000e+02 4.530000000000000000e+02 3.826221061999999762e+01
4.500000000000000000e+02 4.540000000000000000e+02 3.825107466000000045e+01
4.500000000000000000e+02 4.550000000000000000e+02 3.823993870000000328e+01
4.500000000000000000e+02 4.560000000000000000e+02 3.822986871999999892e+01
4.500000000000000000e+02 4.570000000000000000e+02 3.821979873000000083e+01
4.500000000000000000e+02 4.580000000000000000e+02 3.821322512999999788e+01
4.500000000000000000e+02 4.590000000000000000e+02 3.820665152000000120e+01
4.500000000000000000e+02 4.600000000000000000e+02 3.820226962000000270e+01
4.500000000000000000e+02 4.610000000000000000e+02 3.819788771000000338e+01
4.500000000000000000e+02 4.620000000000000000e+02 3.819299905999999822e+01
4.500000000000000000e+02 4.630000000000000000e+02 3.818811041000000017e+01
4.500000000000000000e+02 4.640000000000000000e+02 3.818187576999999777e+01
4.500000000000000000e+02 4.650000000000000000e+02 3.817564112000000165e+01
4.500000000000000000e+02 4.660000000000000000e+02 3.816337672000000225e+01
4.500000000000000000e+02 4.670000000000000000e+02 3.815776876999999701e+01
4.500000000000000000e+02 4.680000000000000000e+02 3.815216081999999886e+01
4.500000000000000000e+02 4.690000000000000000e+02 3.814535782000000097e+01
4.500000000000000000e+02 4.700000000000000000e+02 3.813855481000000225e+01
4.500000000000000000e+02 4.710000000000000000e+02 3.812907390000000163e+01
4.500000000000000000e+02 4.720000000000000000e+02 3.811959299000000101e+01
4.500000000000000000e+02 4.730000000000000000e+02 3.810725080000000276e+01
4.500000000000000000e+02 4.740000000000000000e+02 3.809490860999999740e+01
4.500000000000000000e+02 4.750000000000000000e+02 3.808172526999999974e+01
4.500000000000000000e+02 4.760000000000000000e+02 3.806854193000000208e+01
4.500000000000000000e+02 4.770000000000000000e+02 3.805816087000000181e+01
4.500000000000000000e+02 4.780000000000000000e+02 3.804777981000000153e+01
4.500000000000000000e+02 4.790000000000000000e+02 3.804118430999999845e+01
4.500000000000000000e+02 4.800000000000000000e+02 3.803458880000000164e+01
4.500000000000000000e+02 4.810000000000000000e+02 3.802572480999999982e+01
4.500000000000000000e+02 4.820000000000000000e+02 3.802197386999999651e+01
4.500000000000000000e+02 4.830000000000000000e+02 3.801822291999999948e+01
4.500000000000000000e+02 4.840000000000000000e+02 3.801227564999999942e+01
4.500000000000000000e+02 4.850000000000000000e+02 3.800632837999999936e+01
4.500000000000000000e+02 4.860000000000000000e+02 3.799655984999999703e+01
4.500000000000000000e+02 4.870000000000000000e+02 3.798679132000000180e+01
4.500000000000000000e+02 4.880000000000000000e+02 3.797589690000000218e+01
4.500000000000000000e+02 4.890000000000000000e+02 3.796500247000000172e+01
4.500000000000000000e+02 4.900000000000000000e+02 3.795572645000000023e+01
4.500000000000000000e+02 4.910000000000000000e+02 3.794645041999999791e+01
4.500000000000000000e+02 4.920000000000000000e+02 3.793924971999999940e+01
4.500000000000000000e+02 4.930000000000000000e+02 3.793204901000000007e+01
4.500000000000000000e+02 4.940000000000000000e+02 3.791932013000000268e+01
4.500000000000000000e+02 4.950000000000000000e+02 3.791256175000000184e+01
4.500000000000000000e+02 4.960000000000000000e+02 3.790580336000000017e+01
4.500000000000000000e+02 4.970000000000000000e+02 3.789840035999999657e+01
4.500000000000000000e+02 4.980000000000000000e+02 3.789099734999999924e+01
4.500000000000000000e+02 4.990000000000000000e+02 3.788312865999999701e+01
4.500000000000000000e+02 5.000000000000000000e+02 3.787525996000000106e+01
4.500000000000000000e+02 5.010000000000000000e+02 3.786803132000000005e+01
4.500000000000000000e+02 5.020000000000000000e+02 3.786080266999999822e+01
4.500000000000000000e+02 5.030000000000000000e+02 3.785399325000000204e+01
4.500000000000000000e+02 5.040000000000000000e+02 3.784718381999999792e+01
4.500000000000000000e+02 5.050000000000000000e+02 3.783963434999999720e+01
4.500000000000000000e+02 5.060000000000000000e+02 3.783208487000000275e+01
4.500000000000000000e+02 5.070000000000000000e+02 3.781763209999999731e+01
4.500000000000000000e+02 5.080000000000000000e+02 3.781158303000000132e+01
4.500000000000000000e+02 5.090000000000000000e+02 3.780553394999999739e+01
4.500000000000000000e+02 5.100000000000000000e+02 3.779893136999999825e+01
4.500000000000000000e+02 5.110000000000000000e+02 3.779232878999999912e+01
4.500000000000000000e+02 5.120000000000000000e+02 3.778357256999999692e+01
4.500000000000000000e+02 5.130000000000000000e+02 3.777481634000000099e+01
4.500000000000000000e+02 5.140000000000000000e+02 3.776433752999999882e+01
4.500000000000000000e+02 5.150000000000000000e+02 3.775385871000000293e+01
4.500000000000000000e+02 5.160000000000000000e+02 3.774281655000000057e+01
4.500000000000000000e+02 5.170000000000000000e+02 3.773177438999999822e+01
4.500000000000000000e+02 5.180000000000000000e+02 3.772150180999999947e+01
4.500000000000000000e+02 5.190000000000000000e+02 3.771122921999999988e+01
4.500000000000000000e+02 5.200000000000000000e+02 3.770356970999999646e+01
4.500000000000000000e+02 5.210000000000000000e+02 3.769591020000000015e+01
4.500000000000000000e+02 5.220000000000000000e+02 3.768627469999999846e+01
4.500000000000000000e+02 5.230000000000000000e+02 3.768153214000000162e+01
4.500000000000000000e+02 5.240000000000000000e+02 3.767678956999999684e+01
4.500000000000000000e+02 5.250000000000000000e+02 3.767056713000000201e+01
4.500000000000000000e+02 5.260000000000000000e+02 3.766434469000000007e+01
4.500000000000000000e+02 5.270000000000000000e+02 3.765785557000000239e+01
4.500000000000000000e+02 5.280000000000000000e+02 3.765136643999999677e+01
4.500000000000000000e+02 5.290000000000000000e+02 3.764497481000000079e+01
4.500000000000000000e+02 5.300000000000000000e+02 3.763858317999999770e+01
4.500000000000000000e+02 5.310000000000000000e+02 3.763213876999999741e+01
4.500000000000000000e+02 5.320000000000000000e+02 3.762569435000000340e+01
4.500000000000000000e+02 5.330000000000000000e+02 3.761900768000000284e+01
4.500000000000000000e+02 5.340000000000000000e+02 3.761232101000000227e+01
4.500000000000000000e+02 5.350000000000000000e+02 3.759651659000000024e+01
4.500000000000000000e+02 5.360000000000000000e+02 3.758833474000000052e+01
4.500000000000000000e+02 5.370000000000000000e+02 3.758015289000000081e+01
4.500000000000000000e+02 5.380000000000000000e+02 3.757314560999999742e+01
4.500000000000000000e+02 5.390000000000000000e+02 3.756613833000000113e+01
4.500000000000000000e+02 5.400000000000000000e+02 3.755916317999999876e+01
4.500000000000000000e+02 5.410000000000000000e+02 3.755218803000000349e+01
4.500000000000000000e+02 5.420000000000000000e+02 3.754356675999999737e+01
4.500000000000000000e+02 5.430000000000000000e+02 3.753494548999999836e+01
4.500000000000000000e+02 5.440000000000000000e+02 3.752496625999999935e+01
4.500000000000000000e+02 5.450000000000000000e+02 3.751498703000000035e+01
4.500000000000000000e+02 5.460000000000000000e+02 3.750553922999999656e+01
4.500000000000000000e+02 5.470000000000000000e+02 3.749609141999999906e+01
4.500000000000000000e+02 5.480000000000000000e+02 3.747904445000000351e+01
4.500000000000000000e+02 5.490000000000000000e+02 3.747031926999999740e+01
4.500000000000000000e+02 5.500000000000000000e+02 3.746159407999999758e+01
4.500000000000000000e+02 5.510000000000000000e+02 3.745343876999999821e+01
4.500000000000000000e+02 5.520000000000000000e+02 3.744528345999999885e+01
4.500000000000000000e+02 5.530000000000000000e+02 3.743990897999999845e+01
4.500000000000000000e+02 5.540000000000000000e+02 3.743453449999999805e+01
4.500000000000000000e+02 5.550000000000000000e+02 3.743218293000000330e+01
4.500000000000000000e+02 5.560000000000000000e+02 3.742983135000000061e+01
4.500000000000000000e+02 5.570000000000000000e+02 3.742879607999999791e+01
4.500000000000000000e+02 5.580000000000000000e+02 3.742776080000000150e+01
4.500000000000000000e+02 5.590000000000000000e+02 3.742557110999999992e+01
4.500000000000000000e+02 5.600000000000000000e+02 3.742338141999999834e+01
4.500000000000000000e+02 5.610000000000000000e+02 3.741118737000000039e+01
4.500000000000000000e+02 5.620000000000000000e+02 3.740233644999999996e+01
4.500000000000000000e+02 5.630000000000000000e+02 3.739348551999999870e+01
4.500000000000000000e+02 5.640000000000000000e+02 3.738704160000000343e+01
4.500000000000000000e+02 5.650000000000000000e+02 3.738059767000000022e+01
4.500000000000000000e+02 5.660000000000000000e+02 3.737839186000000069e+01
4.500000000000000000e+02 5.670000000000000000e+02 3.737618604000000033e+01
4.500000000000000000e+02 5.680000000000000000e+02 3.737359503999999788e+01
4.500000000000000000e+02 5.690000000000000000e+02 3.737100403000000171e+01
4.500000000000000000e+02 5.700000000000000000e+02 3.736404000000000281e+01
4.500000000000000000e+02 5.710000000000000000e+02 3.735707596000000308e+01
4.500000000000000000e+02 5.720000000000000000e+02 3.734807183000000208e+01
4.500000000000000000e+02 5.730000000000000000e+02 3.733906770000000108e+01
4.500000000000000000e+02 5.740000000000000000e+02 3.732337560999999937e+01
4.500000000000000000e+02 5.750000000000000000e+02 3.731635270000000304e+01
4.500000000000000000e+02 5.760000000000000000e+02 3.730932977999999878e+01
4.500000000000000000e+02 5.770000000000000000e+02 3.730167105999999677e+01
4.500000000000000000e+02 5.780000000000000000e+02 3.729401233000000104e+01
4.500000000000000000e+02 5.790000000000000000e+02 3.728577389000000153e+01
4.500000000000000000e+02 5.800000000000000000e+02 3.727753545000000202e+01
4.500000000000000000e+02 5.810000000000000000e+02 3.727103321999999963e+01
4.500000000000000000e+02 5.820000000000000000e+02 3.726453098000000352e+01
4.500000000000000000e+02 5.830000000000000000e+02 3.726112927999999869e+01
4.500000000000000000e+02 5.840000000000000000e+02 3.725772758000000096e+01
4.500000000000000000e+02 5.850000000000000000e+02 3.725523921999999999e+01
4.500000000000000000e+02 5.860000000000000000e+02 3.725275085999999902e+01
4.500000000000000000e+02 5.870000000000000000e+02 3.724416017000000068e+01
4.500000000000000000e+02 5.880000000000000000e+02 3.723754479000000117e+01
4.500000000000000000e+02 5.890000000000000000e+02 3.723092941000000167e+01
4.500000000000000000e+02 5.900000000000000000e+02 3.722329549999999898e+01
4.500000000000000000e+02 5.910000000000000000e+02 3.721566158000000257e+01
4.500000000000000000e+02 5.920000000000000000e+02 3.720812484999999725e+01
4.500000000000000000e+02 5.930000000000000000e+02 3.720058811999999904e+01
4.500000000000000000e+02 5.940000000000000000e+02 3.719347451000000149e+01
4.500000000000000000e+02 5.950000000000000000e+02 3.718636089000000311e+01
4.500000000000000000e+02 5.960000000000000000e+02 3.718061113000000262e+01
4.500000000000000000e+02 5.970000000000000000e+02 3.717486137000000213e+01
4.500000000000000000e+02 5.980000000000000000e+02 3.717025416999999976e+01
4.500000000000000000e+02 5.990000000000000000e+02 3.716564695999999657e+01
5.000000000000000000e+02 0.000000000000000000e+00 0.000000000000000000e+00
5.000000000000000000e+02 1.000000000000000000e+00 5.858481776999999724e+00
5.000000000000000000e+02 2.000000000000000000e+00 1.505277878000000058e+01
5.000000000000000000e+02 3.000000000000000000e+00 2.057282500999999897e+01
5.000000000000000000e+02 4.000000000000000000e+00 2.501889097000000106e+01
5.000000000000000000e+02 5.000000000000000000e+00 2.649868195000000171e+01
5.000000000000000000e+02 6.000000000000000000e+00 2.797847292999999880e+01
5.000000000000000000e+02 7.000000000000000000e+00 2.968460256999999913e+01
5.000000000000000000e+02 8.000000000000000000e+00 3.012752735000000115e+01
5.000000000000000000e+02 9.000000000000000000e+00 3.057045211999999879e+01
5.000000000000000000e+02 1.000000000000000000e+01 3.077977046000000172e+01
5.000000000000000000e+02 1.100000000000000000e+01 3.098908879000000027e+01
5.000000000000000000e+02 1.200000000000000000e+01 3.116507281999999890e+01
5.000000000000000000e+02 1.300000000000000000e+01 3.119904964999999919e+01
5.000000000000000000e+02 1.400000000000000000e+01 3.123302647999999948e+01
5.000000000000000000e+02 1.500000000000000000e+01 3.125035236000000083e+01
5.000000000000000000e+02 1.600000000000000000e+01 3.126767823999999862e+01
5.000000000000000000e+02 1.700000000000000000e+01 3.128241007000000096e+01
5.000000000000000000e+02 1.800000000000000000e+01 3.129714188999999891e+01
5.000000000000000000e+02 1.900000000000000000e+01 3.131067047000000159e+01
5.000000000000000000e+02 2.000000000000000000e+01 3.132419905000000071e+01
5.000000000000000000e+02 2.100000000000000000e+01 3.133728834000000063e+01
5.000000000000000000e+02 2.200000000000000000e+01 3.135037763000000055e+01
5.000000000000000000e+02 2.300000000000000000e+01 3.136468088999999893e+01
5.000000000000000000e+02 2.400000000000000000e+01 3.137898414000000002e+01
5.000000000000000000e+02 2.500000000000000000e+01 3.140824207000000001e+01
5.000000000000000000e+02 2.600000000000000000e+01 3.142134508999999909e+01
5.000000000000000000e+02 2.700000000000000000e+01 3.143444810000000089e+01
5.000000000000000000e+02 2.800000000000000000e+01 3.144768029999999825e+01
5.000000000000000000e+02 2.900000000000000000e+01 3.146091249999999917e+01
5.000000000000000000e+02 3.000000000000000000e+01 3.147433121999999983e+01
5.000000000000000000e+02 3.100000000000000000e+01 3.148774992999999967e+01
5.000000000000000000e+02 3.200000000000000000e+01 3.149617489999999975e+01
5.000000000000000000e+02 3.300000000000000000e+01 3.150459985999999901e+01
5.000000000000000000e+02 3.400000000000000000e+01 3.150792309999999929e+01
5.000000000000000000e+02 3.500000000000000000e+01 3.151124632999999875e+01
5.000000000000000000e+02 3.600000000000000000e+01 3.151959872000000118e+01
5.000000000000000000e+02 3.700000000000000000e+01 3.152497423000000154e+01
5.000000000000000000e+02 3.800000000000000000e+01 3.153034973000000107e+01
5.000000000000000000e+02 3.900000000000000000e+01 3.153272228000000155e+01
5.000000000000000000e+02 4.000000000000000000e+01 3.153509482000000119e+01
5.000000000000000000e+02 4.100000000000000000e+01 3.153500482000000105e+01
5.000000000000000000e+02 4.200000000000000000e+01 3.153491481000000007e+01
5.000000000000000000e+02 4.300000000000000000e+01 3.153417638000000167e+01
5.000000000000000000e+02 4.400000000000000000e+01 3.153343794999999972e+01
5.000000000000000000e+02 4.500000000000000000e+01 3.153035678999999902e+01
5.000000000000000000e+02 4.600000000000000000e+01 3.152727562999999833e+01
5.000000000000000000e+02 4.700000000000000000e+01 3.152202997999999923e+01
5.000000000000000000e+02 4.800000000000000000e+01 3.151678431999999930e+01
5.000000000000000000e+02 4.900000000000000000e+01 3.151312563999999838e+01
5.000000000000000000e+02 5.000000000000000000e+01 3.150946695000000020e+01
5.000000000000000000e+02 5.100000000000000000e+01 3.150753243999999853e+01
5.000000000000000000e+02 5.200000000000000000e+01 3.150627929999999921e+01
5.000000000000000000e+02 5.300000000000000000e+01 3.150502614999999906e+01
5.000000000000000000e+02 5.400000000000000000e+01 3.150271051000000000e+01
5.000000000000000000e+02 5.500000000000000000e+01 3.150039486000000011e+01
5.000000000000000000e+02 5.600000000000000000e+01 3.149901033000000083e+01
5.000000000000000000e+02 5.700000000000000000e+01 3.149762580000000156e+01
5.000000000000000000e+02 5.800000000000000000e+01 3.149546236999999849e+01
5.000000000000000000e+02 5.900000000000000000e+01 3.149329893999999896e+01
5.000000000000000000e+02 6.000000000000000000e+01 3.148703198999999842e+01
5.000000000000000000e+02 6.100000000000000000e+01 3.148076504000000142e+01
5.000000000000000000e+02 6.200000000000000000e+01 3.147276948000000019e+01
5.000000000000000000e+02 6.300000000000000000e+01 3.146477391999999895e+01
5.000000000000000000e+02 6.400000000000000000e+01 3.145258318000000131e+01
5.000000000000000000e+02 6.500000000000000000e+01 3.144804476999999920e+01
5.000000000000000000e+02 6.600000000000000000e+01 3.144350634999999983e+01
5.000000000000000000e+02 6.700000000000000000e+01 3.143980502000000143e+01
5.000000000000000000e+02 6.800000000000000000e+01 3.143610367999999866e+01
5.000000000000000000e+02 6.900000000000000000e+01 3.143203542999999911e+01
5.000000000000000000e+02 7.000000000000000000e+01 3.142796716999999873e+01
5.000000000000000000e+02 7.100000000000000000e+01 3.142199461999999954e+01
5.000000000000000000e+02 7.200000000000000000e+01 3.141602207000000035e+01
5.000000000000000000e+02 7.300000000000000000e+01 3.140925797999999958e+01
5.000000000000000000e+02 7.400000000000000000e+01 3.140249388000000152e+01
5.000000000000000000e+02 7.500000000000000000e+01 3.139678032000000130e+01
5.000000000000000000e+02 7.600000000000000000e+01 3.139106675000000024e+01
5.000000000000000000e+02 7.700000000000000000e+01 3.138297525000000121e+01
5.000000000000000000e+02 7.800000000000000000e+01 3.138019548000000114e+01
5.000000000000000000e+02 7.900000000000000000e+01 3.137741570000000024e+01
5.000000000000000000e+02 8.000000000000000000e+01 3.137366959999999949e+01
5.000000000000000000e+02 8.100000000000000000e+01 3.136992349999999874e+01
5.000000000000000000e+02 8.200000000000000000e+01 3.136466309000000052e+01
5.000000000000000000e+02 8.300000000000000000e+01 3.135940267999999875e+01
5.000000000000000000e+02 8.400000000000000000e+01 3.135626630999999875e+01
5.000000000000000000e+02 8.500000000000000000e+01 3.135312993999999875e+01
5.000000000000000000e+02 8.600000000000000000e+01 3.135159396999999970e+01
5.000000000000000000e+02 8.700000000000000000e+01 3.135005800000000065e+01
5.000000000000000000e+02 8.800000000000000000e+01 3.134606418999999988e+01
5.000000000000000000e+02 8.900000000000000000e+01 3.134207036999999829e+01
5.000000000000000000e+02 9.000000000000000000e+01 3.133294211000000118e+01
5.000000000000000000e+02 9.100000000000000000e+01 3.133171224999999893e+01
5.000000000000000000e+02 9.200000000000000000e+01 3.133048239000000024e+01
5.000000000000000000e+02 9.300000000000000000e+01 3.133200961000000007e+01
5.000000000000000000e+02 9.400000000000000000e+01 3.133353681999999907e+01
5.000000000000000000e+02 9.500000000000000000e+01 3.133427486000000073e+01
5.000000000000000000e+02 9.600000000000000000e+01 3.133501289999999884e+01
5.000000000000000000e+02 9.700000000000000000e+01 3.133266589999999852e+01
5.000000000000000000e+02 9.800000000000000000e+01 3.133031890000000175e+01
5.000000000000000000e+02 9.900000000000000000e+01 3.132737175000000107e+01
5.000000000000000000e+02 1.000000000000000000e+02 3.132442460000000040e+01
5.000000000000000000e+02 1.010000000000000000e+02 3.132486073999999832e+01
5.000000000000000000e+02 1.020000000000000000e+02 3.132529686999999896e+01
5.000000000000000000e+02 1.030000000000000000e+02 3.132624922999999839e+01
5.000000000000000000e+02 1.040000000000000000e+02 3.132165007000000045e+01
5.000000000000000000e+02 1.050000000000000000e+02 3.131705090999999896e+01
5.000000000000000000e+02 1.060000000000000000e+02 3.131116034000000070e+01
5.000000000000000000e+02 1.070000000000000000e+02 3.130526976999999889e+01
5.000000000000000000e+02 1.080000000000000000e+02 3.130186016000000038e+01
5.000000000000000000e+02 1.090000000000000000e+02 3.129845054999999832e+01
5.000000000000000000e+02 1.100000000000000000e+02 3.129714951000000056e+01
5.000000000000000000e+02 1.110000000000000000e+02 3.129584846999999925e+01
5.000000000000000000e+02 1.120000000000000000e+02 3.129678854000000143e+01
5.000000000000000000e+02 1.130000000000000000e+02 3.129772861000000006e+01
5.000000000000000000e+02 1.140000000000000000e+02 3.129885304000000090e+01
5.000000000000000000e+02 1.150000000000000000e+02 3.129997747000000174e+01
5.000000000000000000e+02 1.160000000000000000e+02 3.130101287000000099e+01
5.000000000000000000e+02 1.170000000000000000e+02 3.130224306999999939e+01
5.000000000000000000e+02 1.180000000000000000e+02 3.130347327000000135e+01
5.000000000000000000e+02 1.190000000000000000e+02 3.130365463000000048e+01
5.000000000000000000e+02 1.200000000000000000e+02 3.130383598999999961e+01
5.000000000000000000e+02 1.210000000000000000e+02 3.130176970000000125e+01
5.000000000000000000e+02 1.220000000000000000e+02 3.129970339999999851e+01
5.000000000000000000e+02 1.230000000000000000e+02 3.129748750999999984e+01
5.000000000000000000e+02 1.240000000000000000e+02 3.129527162000000118e+01
5.000000000000000000e+02 1.250000000000000000e+02 3.129477739000000014e+01
5.000000000000000000e+02 1.260000000000000000e+02 3.129428315999999910e+01
5.000000000000000000e+02 1.270000000000000000e+02 3.129488338999999897e+01
5.000000000000000000e+02 1.280000000000000000e+02 3.129548361999999884e+01
5.000000000000000000e+02 1.290000000000000000e+02 3.129600191000000109e+01
5.000000000000000000e+02 1.300000000000000000e+02 3.129610136000000153e+01
5.000000000000000000e+02 1.310000000000000000e+02 3.129620080000000115e+01
5.000000000000000000e+02 1.320000000000000000e+02 3.129630807999999931e+01
5.000000000000000000e+02 1.330000000000000000e+02 3.129641536000000102e+01
5.000000000000000000e+02 1.340000000000000000e+02 3.129678085000000110e+01
5.000000000000000000e+02 1.350000000000000000e+02 3.129714633000000035e+01
5.000000000000000000e+02 1.360000000000000000e+02 3.129877597000000122e+01
5.000000000000000000e+02 1.370000000000000000e+02 3.130040560000000127e+01
5.000000000000000000e+02 1.380000000000000000e+02 3.130186777000000120e+01
5.000000000000000000e+02 1.390000000000000000e+02 3.130332993000000030e+01
5.000000000000000000e+02 1.400000000000000000e+02 3.130195263999999966e+01
5.000000000000000000e+02 1.410000000000000000e+02 3.130057534999999902e+01
5.000000000000000000e+02 1.420000000000000000e+02 3.129413087000000004e+01
5.000000000000000000e+02 1.430000000000000000e+02 3.129291564000000037e+01
5.000000000000000000e+02 1.440000000000000000e+02 3.129170039999999986e+01
5.000000000000000000e+02 1.450000000000000000e+02 3.129365681000000166e+01
5.000000000000000000e+02 1.460000000000000000e+02 3.129561321999999990e+01
5.000000000000000000e+02 1.470000000000000000e+02 3.129722643999999931e+01
5.000000000000000000e+02 1.480000000000000000e+02 3.129883965000000146e+01
5.000000000000000000e+02 1.490000000000000000e+02 3.129707078999999936e+01
5.000000000000000000e+02 1.500000000000000000e+02 3.129530193000000082e+01
5.000000000000000000e+02 1.510000000000000000e+02 3.129275698000000006e+01
5.000000000000000000e+02 1.520000000000000000e+02 3.129021202999999929e+01
5.000000000000000000e+02 1.530000000000000000e+02 3.129055439000000050e+01
5.000000000000000000e+02 1.540000000000000000e+02 3.129089675000000170e+01
5.000000000000000000e+02 1.550000000000000000e+02 3.129259173999999888e+01
5.000000000000000000e+02 1.560000000000000000e+02 3.129428671999999878e+01
5.000000000000000000e+02 1.570000000000000000e+02 3.129331917000000018e+01
5.000000000000000000e+02 1.580000000000000000e+02 3.129014511999999826e+01
5.000000000000000000e+02 1.590000000000000000e+02 3.128697106999999988e+01
5.000000000000000000e+02 1.600000000000000000e+02 3.128346351000000070e+01
5.000000000000000000e+02 1.610000000000000000e+02 3.127995595000000151e+01
5.000000000000000000e+02 1.620000000000000000e+02 3.127855698999999845e+01
5.000000000000000000e+02 1.630000000000000000e+02 3.127715802999999894e+01
5.000000000000000000e+02 1.640000000000000000e+02 3.127844346999999914e+01
5.000000000000000000e+02 1.650000000000000000e+02 3.127972889999999850e+01
5.000000000000000000e+02 1.660000000000000000e+02 3.128196275000000171e+01
5.000000000000000000e+02 1.670000000000000000e+02 3.128419660000000135e+01
5.000000000000000000e+02 1.680000000000000000e+02 3.128439549999999869e+01
5.000000000000000000e+02 1.690000000000000000e+02 3.128459439999999958e+01
5.000000000000000000e+02 1.700000000000000000e+02 3.128211422000000042e+01
5.000000000000000000e+02 1.710000000000000000e+02 3.128263026999999852e+01
5.000000000000000000e+02 1.720000000000000000e+02 3.128314630999999935e+01
5.000000000000000000e+02 1.730000000000000000e+02 3.128406382000000008e+01
5.000000000000000000e+02 1.740000000000000000e+02 3.128498131999999998e+01
5.000000000000000000e+02 1.750000000000000000e+02 3.128443344000000081e+01
5.000000000000000000e+02 1.760000000000000000e+02 3.128388556000000165e+01
5.000000000000000000e+02 1.770000000000000000e+02 3.128426145999999974e+01
5.000000000000000000e+02 1.780000000000000000e+02 3.128463735000000057e+01
5.000000000000000000e+02 1.790000000000000000e+02 3.128655279999999905e+01
5.000000000000000000e+02 1.800000000000000000e+02 3.128846824000000026e+01
5.000000000000000000e+02 1.810000000000000000e+02 3.128941753999999875e+01
5.000000000000000000e+02 1.820000000000000000e+02 3.129036684000000079e+01
5.000000000000000000e+02 1.830000000000000000e+02 3.128810095000000047e+01
5.000000000000000000e+02 1.840000000000000000e+02 3.128584134000000105e+01
5.000000000000000000e+02 1.850000000000000000e+02 3.128358172000000081e+01
5.000000000000000000e+02 1.860000000000000000e+02 3.128198989999999924e+01
5.000000000000000000e+02 1.870000000000000000e+02 3.128039807000000039e+01
5.000000000000000000e+02 1.880000000000000000e+02 3.128129386000000167e+01
5.000000000000000000e+02 1.890000000000000000e+02 3.128218963999999858e+01
5.000000000000000000e+02 1.900000000000000000e+02 3.128615341000000072e+01
5.000000000000000000e+02 1.910000000000000000e+02 3.129011716999999848e+01
5.000000000000000000e+02 1.920000000000000000e+02 3.129529666999999904e+01
5.000000000000000000e+02 1.930000000000000000e+02 3.130047616999999960e+01
5.000000000000000000e+02 1.940000000000000000e+02 3.130379970999999983e+01
5.000000000000000000e+02 1.950000000000000000e+02 3.130712325000000007e+01
5.000000000000000000e+02 1.960000000000000000e+02 3.130695847999999870e+01
5.000000000000000000e+02 1.970000000000000000e+02 3.130448975999999917e+01
5.000000000000000000e+02 1.980000000000000000e+02 3.130202103999999963e+01
5.000000000000000000e+02 1.990000000000000000e+02 3.129913343000000125e+01
5.000000000000000000e+02 2.000000000000000000e+02 3.129624581999999933e+01
5.000000000000000000e+02 2.010000000000000000e+02 3.129225342000000154e+01
5.000000000000000000e+02 2.020000000000000000e+02 3.128826102000000020e+01
5.000000000000000000e+02 2.030000000000000000e+02 3.128248650000000097e+01
5.000000000000000000e+02 2.040000000000000000e+02 3.127671198000000174e+01
5.000000000000000000e+02 2.050000000000000000e+02 3.127194833000000074e+01
5.000000000000000000e+02 2.060000000000000000e+02 3.126718466999999890e+01
5.000000000000000000e+02 2.070000000000000000e+02 3.126468475000000069e+01
5.000000000000000000e+02 2.080000000000000000e+02 3.126218482000000165e+01
5.000000000000000000e+02 2.090000000000000000e+02 3.125921366000000035e+01
5.000000000000000000e+02 2.100000000000000000e+02 3.125837746999999922e+01
5.000000000000000000e+02 2.110000000000000000e+02 3.125754127000000082e+01
5.000000000000000000e+02 2.120000000000000000e+02 3.125747712000000078e+01
5.000000000000000000e+02 2.130000000000000000e+02 3.125741297000000074e+01
5.000000000000000000e+02 2.140000000000000000e+02 3.125596057999999999e+01
5.000000000000000000e+02 2.150000000000000000e+02 3.125450817999999842e+01
5.000000000000000000e+02 2.160000000000000000e+02 3.124999376999999967e+01
5.000000000000000000e+02 2.170000000000000000e+02 3.124547936000000092e+01
5.000000000000000000e+02 2.180000000000000000e+02 3.124148045999999823e+01
5.000000000000000000e+02 2.190000000000000000e+02 3.123748154999999826e+01
5.000000000000000000e+02 2.200000000000000000e+02 3.123750665000000026e+01
5.000000000000000000e+02 2.210000000000000000e+02 3.123753174999999871e+01
5.000000000000000000e+02 2.220000000000000000e+02 3.124381864000000064e+01
5.000000000000000000e+02 2.230000000000000000e+02 3.124637110999999834e+01
5.000000000000000000e+02 2.240000000000000000e+02 3.124892356999999876e+01
5.000000000000000000e+02 2.250000000000000000e+02 3.124733855999999932e+01
5.000000000000000000e+02 2.260000000000000000e+02 3.124575354999999988e+01
5.000000000000000000e+02 2.270000000000000000e+02 3.124153099999999839e+01
5.000000000000000000e+02 2.280000000000000000e+02 3.123730843999999962e+01
5.000000000000000000e+02 2.290000000000000000e+02 3.123560664000000031e+01
5.000000000000000000e+02 2.300000000000000000e+02 3.123390484000000100e+01
5.000000000000000000e+02 2.310000000000000000e+02 3.123577209999999837e+01
5.000000000000000000e+02 2.320000000000000000e+02 3.123763934999999847e+01
5.000000000000000000e+02 2.330000000000000000e+02 3.123928241000000128e+01
5.000000000000000000e+02 2.340000000000000000e+02 3.124092547000000053e+01
5.000000000000000000e+02 2.350000000000000000e+02 3.123850153000000063e+01
5.000000000000000000e+02 2.360000000000000000e+02 3.123600889000000080e+01
5.000000000000000000e+02 2.370000000000000000e+02 3.123351625000000098e+01
5.000000000000000000e+02 2.380000000000000000e+02 3.123223592000000082e+01
5.000000000000000000e+02 2.390000000000000000e+02 3.123095559000000065e+01
5.000000000000000000e+02 2.400000000000000000e+02 3.122856877999999980e+01
5.000000000000000000e+02 2.410000000000000000e+02 3.122618196999999896e+01
5.000000000000000000e+02 2.420000000000000000e+02 3.122064389999999889e+01
5.000000000000000000e+02 2.430000000000000000e+02 3.121510582000000156e+01
5.000000000000000000e+02 2.440000000000000000e+02 3.120888517999999934e+01
5.000000000000000000e+02 2.450000000000000000e+02 3.120266452999999984e+01
5.000000000000000000e+02 2.460000000000000000e+02 3.119719509999999829e+01
5.000000000000000000e+02 2.470000000000000000e+02 3.119172565999999946e+01
5.000000000000000000e+02 2.480000000000000000e+02 3.118750122999999874e+01
5.000000000000000000e+02 2.490000000000000000e+02 3.118327679000000074e+01
5.000000000000000000e+02 2.500000000000000000e+02 3.117716069000000090e+01
5.000000000000000000e+02 2.510000000000000000e+02 3.117327743999999967e+01
5.000000000000000000e+02 2.520000000000000000e+02 3.116939418999999845e+01
5.000000000000000000e+02 2.530000000000000000e+02 3.116360548999999835e+01
5.000000000000000000e+02 2.540000000000000000e+02 3.115781678000000099e+01
5.000000000000000000e+02 2.550000000000000000e+02 3.115279001000000036e+01
5.000000000000000000e+02 2.560000000000000000e+02 3.114776322999999891e+01
5.000000000000000000e+02 2.570000000000000000e+02 3.114688861999999858e+01
5.000000000000000000e+02 2.580000000000000000e+02 3.114601400000000098e+01
5.000000000000000000e+02 2.590000000000000000e+02 3.114685516000000121e+01
5.000000000000000000e+02 2.600000000000000000e+02 3.114769632000000144e+01
5.000000000000000000e+02 2.610000000000000000e+02 3.114467927000000103e+01
5.000000000000000000e+02 2.620000000000000000e+02 3.114166220999999979e+01
5.000000000000000000e+02 2.630000000000000000e+02 3.112892795000000135e+01
5.000000000000000000e+02 2.640000000000000000e+02 3.112521608999999856e+01
5.000000000000000000e+02 2.650000000000000000e+02 3.112150421999999850e+01
5.000000000000000000e+02 2.660000000000000000e+02 3.112224678000000111e+01
5.000000000000000000e+02 2.670000000000000000e+02 3.112298932999999934e+01
5.000000000000000000e+02 2.680000000000000000e+02 3.112396779999999907e+01
5.000000000000000000e+02 2.690000000000000000e+02 3.112494626999999880e+01
5.000000000000000000e+02 2.700000000000000000e+02 3.112304883999999916e+01
5.000000000000000000e+02 2.710000000000000000e+02 3.112115140999999952e+01
5.000000000000000000e+02 2.720000000000000000e+02 3.111708179000000030e+01
5.000000000000000000e+02 2.730000000000000000e+02 3.111301217000000108e+01
5.000000000000000000e+02 2.740000000000000000e+02 3.110820246999999839e+01
5.000000000000000000e+02 2.750000000000000000e+02 3.110339275999999842e+01
5.000000000000000000e+02 2.760000000000000000e+02 3.109207694999999916e+01
5.000000000000000000e+02 2.770000000000000000e+02 3.108415669000000037e+01
5.000000000000000000e+02 2.780000000000000000e+02 3.107623643000000158e+01
5.000000000000000000e+02 2.790000000000000000e+02 3.106683539000000138e+01
5.000000000000000000e+02 2.800000000000000000e+02 3.105743435000000119e+01
5.000000000000000000e+02 2.810000000000000000e+02 3.105053296000000174e+01
5.000000000000000000e+02 2.820000000000000000e+02 3.104363156000000146e+01
5.000000000000000000e+02 2.830000000000000000e+02 3.104036779000000124e+01
5.000000000000000000e+02 2.840000000000000000e+02 3.103710402000000101e+01
5.000000000000000000e+02 2.850000000000000000e+02 3.103390647999999885e+01
5.000000000000000000e+02 2.860000000000000000e+02 3.103070892999999941e+01
5.000000000000000000e+02 2.870000000000000000e+02 3.102462119999999857e+01
5.000000000000000000e+02 2.880000000000000000e+02 3.101853346000000045e+01
5.000000000000000000e+02 2.890000000000000000e+02 3.100489519999999999e+01
5.000000000000000000e+02 2.900000000000000000e+02 3.100103778000000077e+01
5.000000000000000000e+02 2.910000000000000000e+02 3.099718036000000154e+01
5.000000000000000000e+02 2.920000000000000000e+02 3.099549436999999941e+01
5.000000000000000000e+02 2.930000000000000000e+02 3.099380837000000000e+01
5.000000000000000000e+02 2.940000000000000000e+02 3.099144202000000092e+01
5.000000000000000000e+02 2.950000000000000000e+02 3.098907566000000102e+01
5.000000000000000000e+02 2.960000000000000000e+02 3.098521394999999856e+01
5.000000000000000000e+02 2.970000000000000000e+02 3.098135222999999883e+01
5.000000000000000000e+02 2.980000000000000000e+02 3.097690791000000132e+01
5.000000000000000000e+02 2.990000000000000000e+02 3.097246357999999944e+01
5.000000000000000000e+02 3.000000000000000000e+02 3.096785489000000169e+01
5.000000000000000000e+02 3.010000000000000000e+02 3.096324620000000039e+01
5.000000000000000000e+02 3.020000000000000000e+02 3.095843453999999895e+01
5.000000000000000000e+02 3.030000000000000000e+02 3.095362287000000023e+01
5.000000000000000000e+02 3.040000000000000000e+02 3.094531797000000140e+01
5.000000000000000000e+02 3.050000000000000000e+02 3.094184923999999981e+01
5.000000000000000000e+02 3.060000000000000000e+02 3.093838050000000095e+01
5.000000000000000000e+02 3.070000000000000000e+02 3.093336708000000002e+01
5.000000000000000000e+02 3.080000000000000000e+02 3.092835364999999825e+01
5.000000000000000000e+02 3.090000000000000000e+02 3.092069262000000052e+01
5.000000000000000000e+02 3.100000000000000000e+02 3.091303157999999840e+01
5.000000000000000000e+02 3.110000000000000000e+02 3.090513371000000120e+01
5.000000000000000000e+02 3.120000000000000000e+02 3.089723584000000045e+01
5.000000000000000000e+02 3.130000000000000000e+02 3.089180739000000031e+01
5.000000000000000000e+02 3.140000000000000000e+02 3.088637894000000017e+01
5.000000000000000000e+02 3.150000000000000000e+02 3.088283291999999847e+01
5.000000000000000000e+02 3.160000000000000000e+02 3.087928690000000032e+01
5.000000000000000000e+02 3.170000000000000000e+02 3.086803322000000094e+01
5.000000000000000000e+02 3.180000000000000000e+02 3.085908866000000117e+01
5.000000000000000000e+02 3.190000000000000000e+02 3.085014410000000140e+01
5.000000000000000000e+02 3.200000000000000000e+02 3.084191578000000078e+01
5.000000000000000000e+02 3.210000000000000000e+02 3.083368746000000016e+01
5.000000000000000000e+02 3.220000000000000000e+02 3.082884901999999983e+01
5.000000000000000000e+02 3.230000000000000000e+02 3.082401057999999949e+01
5.000000000000000000e+02 3.240000000000000000e+02 3.082201053000000002e+01
5.000000000000000000e+02 3.250000000000000000e+02 3.082001046999999971e+01
5.000000000000000000e+02 3.260000000000000000e+02 3.081829210000000074e+01
5.000000000000000000e+02 3.270000000000000000e+02 3.081657372000000095e+01
5.000000000000000000e+02 3.280000000000000000e+02 3.081141335999999953e+01
5.000000000000000000e+02 3.290000000000000000e+02 3.080625299000000084e+01
5.000000000000000000e+02 3.300000000000000000e+02 3.078861649999999983e+01
5.000000000000000000e+02 3.310000000000000000e+02 3.077973178999999959e+01
5.000000000000000000e+02 3.320000000000000000e+02 3.077084706999999852e+01
5.000000000000000000e+02 3.330000000000000000e+02 3.076445375999999854e+01
5.000000000000000000e+02 3.340000000000000000e+02 3.075806044000000128e+01
5.000000000000000000e+02 3.350000000000000000e+02 3.075396564000000055e+01
5.000000000000000000e+02 3.360000000000000000e+02 3.074987083999999982e+01
5.000000000000000000e+02 3.370000000000000000e+02 3.074636066000000056e+01
5.000000000000000000e+02 3.380000000000000000e+02 3.074285048000000131e+01
5.000000000000000000e+02 3.390000000000000000e+02 3.073757293999999973e+01
5.000000000000000000e+02 3.400000000000000000e+02 3.073229539000000088e+01
5.000000000000000000e+02 3.410000000000000000e+02 3.072522216000000128e+01
5.000000000000000000e+02 3.420000000000000000e+02 3.071814893000000168e+01
5.000000000000000000e+02 3.430000000000000000e+02 3.070664207000000090e+01
5.000000000000000000e+02 3.440000000000000000e+02 3.070274979999999942e+01
5.000000000000000000e+02 3.450000000000000000e+02 3.069885753000000150e+01
5.000000000000000000e+02 3.460000000000000000e+02 3.069543782999999948e+01
5.000000000000000000e+02 3.470000000000000000e+02 3.069201812000000018e+01
5.000000000000000000e+02 3.480000000000000000e+02 3.068899181000000098e+01
5.000000000000000000e+02 3.490000000000000000e+02 3.068596549000000095e+01
5.000000000000000000e+02 3.500000000000000000e+02 3.068171089000000151e+01
5.000000000000000000e+02 3.510000000000000000e+02 3.067745628000000124e+01
5.000000000000000000e+02 3.520000000000000000e+02 3.067196008000000162e+01
5.000000000000000000e+02 3.530000000000000000e+02 3.066646387999999845e+01
5.000000000000000000e+02 3.540000000000000000e+02 3.066249789000000092e+01
5.000000000000000000e+02 3.550000000000000000e+02 3.065853189999999984e+01
5.000000000000000000e+02 3.560000000000000000e+02 3.065304090000000059e+01
5.000000000000000000e+02 3.570000000000000000e+02 3.064899477000000161e+01
5.000000000000000000e+02 3.580000000000000000e+02 3.064494862999999825e+01
5.000000000000000000e+02 3.590000000000000000e+02 3.063751815999999906e+01
5.000000000000000000e+02 3.600000000000000000e+02 3.063008768999999987e+01
5.000000000000000000e+02 3.610000000000000000e+02 3.061963339000000062e+01
5.000000000000000000e+02 3.620000000000000000e+02 3.060917909000000137e+01
5.000000000000000000e+02 3.630000000000000000e+02 3.059988852000000037e+01
5.000000000000000000e+02 3.640000000000000000e+02 3.059059794999999937e+01
5.000000000000000000e+02 3.650000000000000000e+02 3.058378017000000071e+01
5.000000000000000000e+02 3.660000000000000000e+02 3.057696238000000122e+01
5.000000000000000000e+02 3.670000000000000000e+02 3.056939609000000146e+01
5.000000000000000000e+02 3.680000000000000000e+02 3.056182979000000088e+01
5.000000000000000000e+02 3.690000000000000000e+02 3.055238492999999877e+01
5.000000000000000000e+02 3.700000000000000000e+02 3.054294007000000022e+01
5.000000000000000000e+02 3.710000000000000000e+02 3.052343644000000111e+01
5.000000000000000000e+02 3.720000000000000000e+02 3.051630044999999924e+01
5.000000000000000000e+02 3.730000000000000000e+02 3.050916445000000010e+01
5.000000000000000000e+02 3.740000000000000000e+02 3.050530060000000177e+01
5.000000000000000000e+02 3.750000000000000000e+02 3.050143674999999988e+01
5.000000000000000000e+02 3.760000000000000000e+02 3.049709746999999993e+01
5.000000000000000000e+02 3.770000000000000000e+02 3.049275818999999998e+01
5.000000000000000000e+02 3.780000000000000000e+02 3.048639328999999876e+01
5.000000000000000000e+02 3.790000000000000000e+02 3.048002839000000108e+01
5.000000000000000000e+02 3.800000000000000000e+02 3.047348729999999861e+01
5.000000000000000000e+02 3.810000000000000000e+02 3.046694619999999887e+01
5.000000000000000000e+02 3.820000000000000000e+02 3.046191151000000019e+01
5.000000000000000000e+02 3.830000000000000000e+02 3.045687682000000152e+01
5.000000000000000000e+02 3.840000000000000000e+02 3.045126207999999934e+01
5.000000000000000000e+02 3.850000000000000000e+02 3.044881917000000016e+01
5.000000000000000000e+02 3.860000000000000000e+02 3.044637626000000097e+01
5.000000000000000000e+02 3.870000000000000000e+02 3.044161377000000002e+01
5.000000000000000000e+02 3.880000000000000000e+02 3.043685127999999906e+01
5.000000000000000000e+02 3.890000000000000000e+02 3.042975308000000112e+01
5.000000000000000000e+02 3.900000000000000000e+02 3.042265486999999879e+01
5.000000000000000000e+02 3.910000000000000000e+02 3.041523862000000022e+01
5.000000000000000000e+02 3.920000000000000000e+02 3.040782236000000083e+01
5.000000000000000000e+02 3.930000000000000000e+02 3.040152658999999957e+01
5.000000000000000000e+02 3.940000000000000000e+02 3.039523081999999832e+01
5.000000000000000000e+02 3.950000000000000000e+02 3.038960326000000123e+01
5.000000000000000000e+02 3.960000000000000000e+02 3.038397570000000059e+01
5.000000000000000000e+02 3.970000000000000000e+02 3.037411724000000035e+01
5.000000000000000000e+02 3.980000000000000000e+02 3.037068916000000129e+01
5.000000000000000000e+02 3.990000000000000000e+02 3.036726107999999869e+01
5.000000000000000000e+02 4.000000000000000000e+02 3.036389471000000029e+01
5.000000000000000000e+02 4.010000000000000000e+02 3.036052833000000106e+01
5.000000000000000000e+02 4.020000000000000000e+02 3.035533513000000028e+01
5.000000000000000000e+02 4.030000000000000000e+02 3.035014192999999949e+01
5.000000000000000000e+02 4.040000000000000000e+02 3.034444893999999948e+01
5.000000000000000000e+02 4.050000000000000000e+02 3.033875593999999865e+01
5.000000000000000000e+02 4.060000000000000000e+02 3.033471049999999991e+01
5.000000000000000000e+02 4.070000000000000000e+02 3.033066506000000118e+01
5.000000000000000000e+02 4.080000000000000000e+02 3.032744264999999828e+01
5.000000000000000000e+02 4.090000000000000000e+02 3.032422023999999894e+01
5.000000000000000000e+02 4.100000000000000000e+02 3.031540096000000162e+01
5.000000000000000000e+02 4.110000000000000000e+02 3.030927886999999998e+01
5.000000000000000000e+02 4.120000000000000000e+02 3.030315677999999835e+01
5.000000000000000000e+02 4.130000000000000000e+02 3.029608646999999877e+01
5.000000000000000000e+02 4.140000000000000000e+02 3.028901614999999836e+01
5.000000000000000000e+02 4.150000000000000000e+02 3.028136569999999850e+01
5.000000000000000000e+02 4.160000000000000000e+02 3.027371524000000136e+01
5.000000000000000000e+02 4.170000000000000000e+02 3.026526050000000012e+01
5.000000000000000000e+02 4.180000000000000000e+02 3.025680575999999888e+01
5.000000000000000000e+02 4.190000000000000000e+02 3.024894703000000007e+01
5.000000000000000000e+02 4.200000000000000000e+02 3.024108830000000125e+01
5.000000000000000000e+02 4.210000000000000000e+02 3.023602384999999870e+01
5.000000000000000000e+02 4.220000000000000000e+02 3.023095938999999888e+01
5.000000000000000000e+02 4.230000000000000000e+02 3.022590427000000091e+01
5.000000000000000000e+02 4.240000000000000000e+02 3.022495143000000084e+01
5.000000000000000000e+02 4.250000000000000000e+02 3.022399859000000077e+01
5.000000000000000000e+02 4.260000000000000000e+02 3.022415760999999890e+01
5.000000000000000000e+02 4.270000000000000000e+02 3.022431663000000057e+01
5.000000000000000000e+02 4.280000000000000000e+02 3.022171081000000115e+01
5.000000000000000000e+02 4.290000000000000000e+02 3.021910498000000089e+01
5.000000000000000000e+02 4.300000000000000000e+02 3.021058846000000031e+01
5.000000000000000000e+02 4.310000000000000000e+02 3.020207193999999973e+01
5.000000000000000000e+02 4.320000000000000000e+02 3.019164811999999998e+01
5.000000000000000000e+02 4.330000000000000000e+02 3.018122430000000023e+01
5.000000000000000000e+02 4.340000000000000000e+02 3.017350666000000103e+01
5.000000000000000000e+02 4.350000000000000000e+02 3.016578901999999829e+01
5.000000000000000000e+02 4.360000000000000000e+02 3.016007073000000105e+01
5.000000000000000000e+02 4.370000000000000000e+02 3.015435244000000026e+01
5.000000000000000000e+02 4.380000000000000000e+02 3.014204081999999829e+01
5.000000000000000000e+02 4.390000000000000000e+02 3.013476408000000006e+01
5.000000000000000000e+02 4.400000000000000000e+02 3.012748733000000101e+01
5.000000000000000000e+02 4.410000000000000000e+02 3.012001241000000107e+01
5.000000000000000000e+02 4.420000000000000000e+02 3.011253749000000113e+01
5.000000000000000000e+02 4.430000000000000000e+02 3.010523072999999883e+01
5.000000000000000000e+02 4.440000000000000000e+02 3.009792395999999925e+01
5.000000000000000000e+02 4.450000000000000000e+02 3.009063966000000079e+01
5.000000000000000000e+02 4.460000000000000000e+02 3.008335535000000149e+01
5.000000000000000000e+02 4.470000000000000000e+02 3.007745630999999875e+01
5.000000000000000000e+02 4.480000000000000000e+02 3.007155725999999873e+01
5.000000000000000000e+02 4.490000000000000000e+02 3.006775921999999923e+01
5.000000000000000000e+02 4.500000000000000000e+02 3.006396116999999890e+01
5.000000000000000000e+02 4.510000000000000000e+02 3.005750343000000058e+01
5.000000000000000000e+02 4.520000000000000000e+02 3.005374469999999931e+01
5.000000000000000000e+02 4.530000000000000000e+02 3.004998597000000160e+01
5.000000000000000000e+02 4.540000000000000000e+02 3.004567301000000157e+01
5.000000000000000000e+02 4.550000000000000000e+02 3.004136004000000071e+01
5.000000000000000000e+02 4.560000000000000000e+02 3.003665704999999875e+01
5.000000000000000000e+02 4.570000000000000000e+02 3.003195406000000034e+01
5.000000000000000000e+02 4.580000000000000000e+02 3.002697238000000013e+01
5.000000000000000000e+02 4.590000000000000000e+02 3.002199068999999909e+01
5.000000000000000000e+02 4.600000000000000000e+02 3.001604474000000167e+01
5.000000000000000000e+02 4.610000000000000000e+02 3.001009879000000069e+01
5.000000000000000000e+02 4.620000000000000000e+02 3.000301071999999891e+01
5.000000000000000000e+02 4.630000000000000000e+02 2.999592263999999986e+01
5.000000000000000000e+02 4.640000000000000000e+02 2.998219617999999898e+01
5.000000000000000000e+02 4.650000000000000000e+02 2.997602825999999965e+01
5.000000000000000000e+02 4.660000000000000000e+02 2.996986034000000032e+01
5.000000000000000000e+02 4.670000000000000000e+02 2.996375607999999957e+01
5.000000000000000000e+02 4.680000000000000000e+02 2.995765181000000155e+01
5.000000000000000000e+02 4.690000000000000000e+02 2.995197887999999864e+01
5.000000000000000000e+02 4.700000000000000000e+02 2.994630593999999846e+01
5.000000000000000000e+02 4.710000000000000000e+02 2.994148098999999874e+01
5.000000000000000000e+02 4.720000000000000000e+02 2.993665603000000175e+01
5.000000000000000000e+02 4.730000000000000000e+02 2.993132951999999847e+01
5.000000000000000000e+02 4.740000000000000000e+02 2.992600300999999874e+01
5.000000000000000000e+02 4.750000000000000000e+02 2.991900685999999965e+01
5.000000000000000000e+02 4.760000000000000000e+02 2.991201071000000056e+01
5.000000000000000000e+02 4.770000000000000000e+02 2.989595989000000031e+01
5.000000000000000000e+02 4.780000000000000000e+02 2.988705553000000137e+01
5.000000000000000000e+02 4.790000000000000000e+02 2.987815116999999887e+01
5.000000000000000000e+02 4.800000000000000000e+02 2.986906944000000053e+01
5.000000000000000000e+02 4.810000000000000000e+02 2.985998770999999863e+01
5.000000000000000000e+02 4.820000000000000000e+02 2.985309853000000047e+01
5.000000000000000000e+02 4.830000000000000000e+02 2.984620934000000148e+01
5.000000000000000000e+02 4.840000000000000000e+02 2.984127326000000124e+01
5.000000000000000000e+02 4.850000000000000000e+02 2.983633718000000101e+01
5.000000000000000000e+02 4.860000000000000000e+02 2.983172271000000109e+01
5.000000000000000000e+02 4.870000000000000000e+02 2.982710824000000116e+01
5.000000000000000000e+02 4.880000000000000000e+02 2.982263623000000052e+01
5.000000000000000000e+02 4.890000000000000000e+02 2.981816421999999989e+01
5.000000000000000000e+02 4.900000000000000000e+02 2.980605363000000096e+01
5.000000000000000000e+02 4.910000000000000000e+02 2.979844196000000167e+01
5.000000000000000000e+02 4.920000000000000000e+02 2.979083028999999883e+01
5.000000000000000000e+02 4.930000000000000000e+02 2.978633402000000174e+01
5.000000000000000000e+02 4.940000000000000000e+02 2.978183774000000028e+01
5.000000000000000000e+02 4.950000000000000000e+02 2.978153707999999966e+01
5.000000000000000000e+02 4.960000000000000000e+02 2.978123641000000177e+01
5.000000000000000000e+02 4.970000000000000000e+02 2.978033844000000130e+01
5.000000000000000000e+02 4.980000000000000000e+02 2.977944047000000083e+01
5.000000000000000000e+02 4.990000000000000000e+02 2.977497440999999867e+01
5.000000000000000000e+02 5.000000000000000000e+02 2.977050833999999924e+01
5.000000000000000000e+02 5.010000000000000000e+02 2.975739735000000152e+01
5.000000000000000000e+02 5.020000000000000000e+02 2.975000649000000053e+01
5.000000000000000000e+02 5.030000000000000000e+02 2.974261562999999953e+01
5.000000000000000000e+02 5.040000000000000000e+02 2.973419927000000129e+01
5.000000000000000000e+02 5.050000000000000000e+02 2.972578290999999950e+01
5.000000000000000000e+02 5.060000000000000000e+02 2.971770791000000145e+01
5.000000000000000000e+02 5.070000000000000000e+02 2.970963289999999901e+01
5.000000000000000000e+02 5.080000000000000000e+02 2.970241714000000144e+01
5.000000000000000000e+02 5.090000000000000000e+02 2.969520138000000031e+01
5.000000000000000000e+02 5.100000000000000000e+02 2.968748130000000174e+01
5.000000000000000000e+02 5.110000000000000000e+02 2.967976121999999961e+01
5.000000000000000000e+02 5.120000000000000000e+02 2.967273296999999843e+01
5.000000000000000000e+02 5.130000000000000000e+02 2.966570472000000080e+01
5.000000000000000000e+02 5.140000000000000000e+02 2.965626234999999866e+01
5.000000000000000000e+02 5.150000000000000000e+02 2.965183671000000132e+01
5.000000000000000000e+02 5.160000000000000000e+02 2.964741107000000042e+01
5.000000000000000000e+02 5.170000000000000000e+02 2.964255271000000036e+01
5.000000000000000000e+02 5.180000000000000000e+02 2.963769433999999947e+01
5.000000000000000000e+02 5.190000000000000000e+02 2.963493035999999847e+01
5.000000000000000000e+02 5.200000000000000000e+02 2.963216637000000020e+01
5.000000000000000000e+02 5.210000000000000000e+02 2.963028206999999981e+01
5.000000000000000000e+02 5.220000000000000000e+02 2.962839775999999858e+01
5.000000000000000000e+02 5.230000000000000000e+02 2.962307668000000049e+01
5.000000000000000000e+02 5.240000000000000000e+02 2.961775559000000158e+01
5.000000000000000000e+02 5.250000000000000000e+02 2.960958263999999929e+01
5.000000000000000000e+02 5.260000000000000000e+02 2.960140969000000055e+01
5.000000000000000000e+02 5.270000000000000000e+02 2.958785672999999861e+01
5.000000000000000000e+02 5.280000000000000000e+02 2.958337764999999919e+01
5.000000000000000000e+02 5.290000000000000000e+02 2.957889856999999978e+01
5.000000000000000000e+02 5.300000000000000000e+02 2.957435744000000000e+01
5.000000000000000000e+02 5.310000000000000000e+02 2.956981629999999939e+01
5.000000000000000000e+02 5.320000000000000000e+02 2.956358927000000136e+01
5.000000000000000000e+02 5.330000000000000000e+02 2.955736222999999896e+01
5.000000000000000000e+02 5.340000000000000000e+02 2.954950031999999993e+01
5.000000000000000000e+02 5.350000000000000000e+02 2.954163840000000008e+01
5.000000000000000000e+02 5.360000000000000000e+02 2.953329456000000164e+01
5.000000000000000000e+02 5.370000000000000000e+02 2.952495071999999965e+01
5.000000000000000000e+02 5.380000000000000000e+02 2.951727688000000072e+01
5.000000000000000000e+02 5.390000000000000000e+02 2.950960303999999823e+01
5.000000000000000000e+02 5.400000000000000000e+02 2.949726714000000172e+01
5.000000000000000000e+02 5.410000000000000000e+02 2.949234385000000103e+01
5.000000000000000000e+02 5.420000000000000000e+02 2.948742056000000034e+01
5.000000000000000000e+02 5.430000000000000000e+02 2.948115051999999991e+01
5.000000000000000000e+02 5.440000000000000000e+02 2.947488047999999949e+01
5.000000000000000000e+02 5.450000000000000000e+02 2.946669977999999901e+01
5.000000000000000000e+02 5.460000000000000000e+02 2.945851907000000125e+01
5.000000000000000000e+02 5.470000000000000000e+02 2.945226268000000047e+01
5.000000000000000000e+02 5.480000000000000000e+02 2.944600628999999969e+01
5.000000000000000000e+02 5.490000000000000000e+02 2.944295675000000045e+01
5.000000000000000000e+02 5.500000000000000000e+02 2.943990721000000121e+01
5.000000000000000000e+02 5.510000000000000000e+02 2.943616064000000065e+01
5.000000000000000000e+02 5.520000000000000000e+02 2.943241407000000009e+01
5.000000000000000000e+02 5.530000000000000000e+02 2.941923359000000104e+01
5.000000000000000000e+02 5.540000000000000000e+02 2.941228223999999969e+01
5.000000000000000000e+02 5.550000000000000000e+02 2.940533088999999833e+01
5.000000000000000000e+02 5.560000000000000000e+02 2.940045629999999832e+01
5.000000000000000000e+02 5.570000000000000000e+02 2.939558170999999831e+01
5.000000000000000000e+02 5.580000000000000000e+02 2.939116578000000146e+01
5.000000000000000000e+02 5.590000000000000000e+02 2.938674984000000023e+01
5.000000000000000000e+02 5.600000000000000000e+02 2.937973488000000089e+01
5.000000000000000000e+02 5.610000000000000000e+02 2.937271991000000071e+01
5.000000000000000000e+02 5.620000000000000000e+02 2.936409546999999876e+01
5.000000000000000000e+02 5.630000000000000000e+02 2.935547101999999953e+01
5.000000000000000000e+02 5.640000000000000000e+02 2.934809089000000171e+01
5.000000000000000000e+02 5.650000000000000000e+02 2.934071076000000033e+01
5.000000000000000000e+02 5.660000000000000000e+02 2.933056871000000143e+01
5.000000000000000000e+02 5.670000000000000000e+02 2.932727432000000078e+01
5.000000000000000000e+02 5.680000000000000000e+02 2.932397991999999931e+01
5.000000000000000000e+02 5.690000000000000000e+02 2.932044817999999964e+01
5.000000000000000000e+02 5.700000000000000000e+02 2.931691642999999914e+01
5.000000000000000000e+02 5.710000000000000000e+02 2.931212711999999954e+01
5.000000000000000000e+02 5.720000000000000000e+02 2.930733779999999911e+01
5.000000000000000000e+02 5.730000000000000000e+02 2.930282048999999844e+01
5.000000000000000000e+02 5.740000000000000000e+02 2.929830318000000133e+01
5.000000000000000000e+02 5.750000000000000000e+02 2.929560401000000169e+01
5.000000000000000000e+02 5.760000000000000000e+02 2.929290483999999850e+01
5.000000000000000000e+02 5.770000000000000000e+02 2.928624353000000013e+01
5.000000000000000000e+02 5.780000000000000000e+02 2.927943379999999962e+01
5.000000000000000000e+02 5.790000000000000000e+02 2.927262405999999828e+01
5.000000000000000000e+02 5.800000000000000000e+02 2.926561689000000044e+01
5.000000000000000000e+02 5.810000000000000000e+02 2.925860971999999904e+01
5.000000000000000000e+02 5.820000000000000000e+02 2.925493859999999913e+01
5.000000000000000000e+02 5.830000000000000000e+02 2.925126746999999838e+01
5.000000000000000000e+02 5.840000000000000000e+02 2.924915036000000157e+01
5.000000000000000000e+02 5.850000000000000000e+02 2.924703325000000120e+01
5.000000000000000000e+02 5.860000000000000000e+02 2.924436223000000012e+01
5.000000000000000000e+02 5.870000000000000000e+02 2.924169120999999905e+01
5.000000000000000000e+02 5.880000000000000000e+02 2.923814052000000174e+01
5.000000000000000000e+02 5.890000000000000000e+02 2.923458983000000089e+01
5.000000000000000000e+02 5.900000000000000000e+02 2.922692152999999848e+01
5.000000000000000000e+02 5.910000000000000000e+02 2.922389567000000099e+01
5.000000000000000000e+02 5.920000000000000000e+02 2.922086980999999994e+01
5.000000000000000000e+02 5.930000000000000000e+02 2.921715877999999833e+01
5.000000000000000000e+02 5.940000000000000000e+02 2.921344775000000027e+01
5.000000000000000000e+02 5.950000000000000000e+02 2.920786646999999903e+01
5.000000000000000000e+02 5.960000000000000000e+02 2.920228519000000134e+01
5.000000000000000000e+02 5.970000000000000000e+02 2.919702971999999974e+01
5.000000000000000000e+02 5.980000000000000000e+02 2.919177425000000170e+01
5.000000000000000000e+02 5.990000000000000000e+02 2.918803275000000141e+01
