Id,Expression,size,MSE_train,MSE_test,nll_train,nll_test,R2_train,R2_test
0,(-1.3008253915757224)(0.1872122316913252 + (-0.20425649272102558)(X_3) + sin(exp(-1.4056033854597865) + X_0 + (sqrt(-1.4056033854597865))(-1.147012399339575 + X_1) + sqrt(X_0))),21,0.18921501366619864,0.16876130539173448,0.18921501366619864,0.16876130539173448,0.8151480996929525,0.8222452848137354
1,(-1.3008253915757224)(0.1872122316913252 + (-0.20425649272102558)(X_3) + sin(exp(-1.4056033854597865) + X_0 + (sqrt(-1.4056033854597865))(-1.147012399339575 + X_1) + sqrt(X_0))),21,0.18921501366619864,0.16876130539173448,0.18921501366619864,0.16876130539173448,0.8151480996929525,0.8222452848137354
2,(1.3043028217830095)(-0.4331119695170548 + (0.20437794829677758)(X_3) + sin(exp(1.7956516511588437e-06) + X_0 + (sqrt(1.7956516511588437e-06))(exp(6.301432906344289 + X_1)) + sqrt(X_0))),22,0.1825884416419206,0.18217663723349234,0.1825884416419206,0.18217663723349234,0.8216218694402637,0.8081150404124753
3,(-1.3008253915757224)(0.1872122316913252 + (-0.20425649272102558)(X_3) + sin(exp(-1.4056033854597865) + X_0 + (sqrt(-1.4056033854597865))(-1.147012399339575 + X_1) + sqrt(X_0))),21,0.18921501366619864,0.16876130539173448,0.18921501366619864,0.16876130539173448,0.8151480996929525,0.8222452848137354
4,(-1.3008253915757224)(0.1872122316913252 + (-0.20425649272102558)(X_3) + sin(exp(-1.4056033854597865) + X_0 + (sqrt(-1.4056033854597865))(-1.147012399339575 + X_1) + sqrt(X_0))),21,0.18921501366619864,0.16876130539173448,0.18921501366619864,0.16876130539173448,0.8151480996929525,0.8222452848137354
5,(-1.3008253915757224)(0.1872122316913252 + (-0.20425649272102558)(X_3) + sin(exp(-1.4056033854597865) + X_0 + (sqrt(-1.4056033854597865))(-1.147012399339575 + X_1) + sqrt(X_0))),21,0.18921501366619864,0.16876130539173448,0.18921501366619864,0.16876130539173448,0.8151480996929525,0.8222452848137354
6,(-1.3008253915757224)(0.1872122316913252 + (-0.20425649272102558)(X_3) + sin(exp(-1.4056033854597865) + X_0 + (sqrt(-1.4056033854597865))(-1.147012399339575 + X_1) + sqrt(X_0))),21,0.18921501366619864,0.16876130539173448,0.18921501366619864,0.16876130539173448,0.8151480996929525,0.8222452848137354
7,(-1.3008253915757224)(0.1872122316913252 + (-0.20425649272102558)(X_3) + sin(exp(-1.4056033854597865) + X_0 + (sqrt(-1.4056033854597865))(-1.147012399339575 + X_1) + sqrt(X_0))),21,0.18921501366619864,0.16876130539173448,0.18921501366619864,0.16876130539173448,0.8151480996929525,0.8222452848137354
8,(-1.3008253915757224)(0.1872122316913252 + (-0.20425649272102558)(X_3) + sin(exp(-1.4056033854597865) + X_0 + (sqrt(-1.4056033854597865))(-1.147012399339575 + X_1) + sqrt(X_0))),21,0.18921501366619864,0.16876130539173448,0.18921501366619864,0.16876130539173448,0.8151480996929525,0.8222452848137354
9,(-1.3008253915757224)(0.1872122316913252 + (-0.20425649272102558)(X_3) + sin(exp(-1.4056033854597865) + X_0 + (sqrt(-1.4056033854597865))(-1.147012399339575 + X_1) + sqrt(X_0))),21,0.18921501366619864,0.16876130539173448,0.18921501366619864,0.16876130539173448,0.8151480996929525,0.8222452848137354
10,(-1.3008253915757224)(0.1872122316913252 + (-0.20425649272102558)(X_3) + sin(exp(-1.4056033854597865) + X_0 + (sqrt(-1.4056033854597865))(-1.147012399339575 + X_1) + sqrt(X_0))),21,0.18921501366619864,0.16876130539173448,0.18921501366619864,0.16876130539173448,0.8151480996929525,0.8222452848137354
11,(-1.300825578908592)(0.18721190306212487 + (-0.20425644851722946)(X_3) + sin(1.4056055578046855 + X_0 + (sqrt(1.4056055578046855))(8.473562137355238 + X_1) + sqrt(X_0))),20,0.18921501366567026,0.16876117046830913,0.18921501366567026,0.16876117046830913,0.8151480996934687,0.8222454269273258
12,(-1.3008253915757224)(0.1872122316913252 + (-0.20425649272102558)(X_3) + sin(exp(-1.4056033854597865) + X_0 + (sqrt(-1.4056033854597865))(-1.147012399339575 + X_1) + sqrt(X_0))),21,0.18921501366619864,0.16876130539173448,0.18921501366619864,0.16876130539173448,0.8151480996929525,0.8222452848137354
13,(-1.3008253915757224)(0.1872122316913252 + (-0.20425649272102558)(X_3) + sin(exp(-1.4056033854597865) + X_0 + (sqrt(-1.4056033854597865))(-1.147012399339575 + X_1) + sqrt(X_0))),21,0.18921501366619864,0.16876130539173448,0.18921501366619864,0.16876130539173448,0.8151480996929525,0.8222452848137354
14,(-1.3008253915757224)(0.1872122316913252 + (-0.20425649272102558)(X_3) + sin(exp(-1.4056033854597865) + X_0 + (sqrt(-1.4056033854597865))(-1.147012399339575 + X_1) + sqrt(X_0))),21,0.18921501366619864,0.16876130539173448,0.18921501366619864,0.16876130539173448,0.8151480996929525,0.8222452848137354
15,(-1.3008250361920495)(0.18721266600275588 + (-0.20425653650451775)(X_3) + sin(exp(-3.272580996441386) + X_0 + (log(-3.272580996441386))(-6.271830574172518 + X_1) + sqrt(X_0))),21,0.18921501367560753,0.16876133878191885,0.18921501367560753,0.16876133878191885,0.8151480996837606,0.8222452496441643
16,(1.3008256949499466)(-0.18721163447742503 + (0.2042564074080741)(X_3) + sin(exp(-1.40560629713564) + X_0 + (sqrt(-1.40560629713564))(1.5028166905015234 + X_1) + sqrt(X_0))),21,0.1892150136697657,0.1687610105996504,0.1892150136697657,0.1687610105996504,0.8151480996894678,0.822245595315499
17,(-1.3008253915757224)(0.1872122316913252 + (-0.20425649272102558)(X_3) + sin(exp(-1.4056033854597865) + X_0 + (sqrt(-1.4056033854597865))(-1.147012399339575 + X_1) + sqrt(X_0))),21,0.18921501366619864,0.16876130539173448,0.18921501366619864,0.16876130539173448,0.8151480996929525,0.8222452848137354
18,(-1.3008253915757224)(0.1872122316913252 + (-0.20425649272102558)(X_3) + sin(exp(-1.4056033854597865) + X_0 + (sqrt(-1.4056033854597865))(-1.147012399339575 + X_1) + sqrt(X_0))),21,0.18921501366619864,0.16876130539173448,0.18921501366619864,0.16876130539173448,0.8151480996929525,0.8222452848137354
19,(-1.3008253915757224)(0.1872122316913252 + (-0.20425649272102558)(X_3) + sin(exp(-1.4056033854597865) + X_0 + (sqrt(-1.4056033854597865))(-1.147012399339575 + X_1) + sqrt(X_0))),21,0.18921501366619864,0.16876130539173448,0.18921501366619864,0.16876130539173448,0.8151480996929525,0.8222452848137354
20,(-1.3008253915757224)(0.1872122316913252 + (-0.20425649272102558)(X_3) + sin(exp(-1.4056033854597865) + X_0 + (sqrt(-1.4056033854597865))(-1.147012399339575 + X_1) + sqrt(X_0))),21,0.18921501366619864,0.16876130539173448,0.18921501366619864,0.16876130539173448,0.8151480996929525,0.8222452848137354
21,(1.263147529439065)(-0.14501654599873975 + (0.21305289106602696)(X_3) + sin((2.010955602410567)(-2.100745201301438 + X_1) + sqrt(X_0))),17,0.28864045751603107,0.3090359676889703,0.28864045751603107,0.3090359676889703,0.7180153094433572,0.6744952861596255
22,(-1.1218124615949927)(0.0035758744777597048 + (-0.23479746206279942)(X_3) + sin(exp(-1.0612317693376914) - (-1137.6121970317986) + X_1 + (sqrt(-1.0612317693376914))(-1137.6121970317986 + X_1) + sqrt(X_1 - (-1137.6121970317986)))),22,0.4009854553616025,0.3895313653349208,0.4009854553616025,0.3895313653349208,0.6082608774912437,0.5897102316167739
23,(1.3008253925967135)(-0.18721216611187025 + (0.20425647892657764)(X_3) + sin(1.4056027952673917 + X_0 + (sqrt(1.4056027952673917))(-4.7755933703016815 + X_1) + sqrt(X_0))),20,0.18921501366569232,0.1687612293813207,0.18921501366569232,0.1687612293813207,0.8151480996934471,0.822245364874798
24,(-1.3008254751011306)(0.18721203292284225 + (-0.20425646191255592)(X_3) + sin(6.00175551428845 + X_0 + (sqrt((2)(-0.7028019304368753)))(-0.7028019304368753 + X_1) + sqrt(X_0))),22,0.1892150136653254,0.16876118360691486,0.1892150136653254,0.16876118360691486,0.8151480996938056,0.8222454130885546
25,(0.7536476363037823)(-0.04081526632864524 + (0.35253268254061193)(X_3) + sin(-4.335468085899546 + X_0 + (sqrt(-4.335468085899546))(exp(-4.335468085899546) + X_1) + sqrt(X_0))),20,0.6623963298011375,0.6926818469850524,0.6623963298011375,0.6926818469850524,0.3528778824276373,0.2704046455452803
26,(-1.3008253915757224)(0.1872122316913252 + (-0.20425649272102558)(X_3) + sin(exp(-1.4056033854597865) + X_0 + (sqrt(-1.4056033854597865))(-1.147012399339575 + X_1) + sqrt(X_0))),21,0.18921501366619864,0.16876130539173448,0.18921501366619864,0.16876130539173448,0.8151480996929525,0.8222452848137354
27,(-1.3008253915757224)(0.1872122316913252 + (-0.20425649272102558)(X_3) + sin(exp(-1.4056033854597865) + X_0 + (sqrt(-1.4056033854597865))(-1.147012399339575 + X_1) + sqrt(X_0))),21,0.18921501366619864,0.16876130539173448,0.18921501366619864,0.16876130539173448,0.8151480996929525,0.8222452848137354
28,(-0.08861441149834796)(0.0012307312836599888 + (-3.026734749024118)(X_3) + sin(2.766118842358051 + X_0 + X_1 + (-2.561637632730657)(2.766118842358051 + X_1) + (exp(2.766118842358051))(X_5) + sqrt(X_0))),24,0.9491277489097293,0.9226862400300953,0.9491277489097293,0.9226862400300953,0.07275820971781743,0.028143155078558246
29,(1.1109671325959913)(-0.05278662058172552 + (0.2376334324658985)(X_3) + sin(exp(-2.2194341037072487) + X_0 + (sqrt(-2.2194341037072487))(1 + X_1) + sqrt(X_0))),21,0.3825784403085227,0.3396015331521516,0.3825784403085227,0.3396015331521516,0.6262434447601647,0.642300860009607
30,(-1.3008253915757224)(0.1872122316913252 + (-0.20425649272102558)(X_3) + sin(exp(-1.4056033854597865) + X_0 + (sqrt(-1.4056033854597865))(-1.147012399339575 + X_1) + sqrt(X_0))),21,0.18921501366619864,0.16876130539173448,0.18921501366619864,0.16876130539173448,0.8151480996929525,0.8222452848137354
31,(-1.3008253915757224)(0.1872122316913252 + (-0.20425649272102558)(X_3) + sin(exp(-1.4056033854597865) + X_0 + (sqrt(-1.4056033854597865))(-1.147012399339575 + X_1) + sqrt(X_0))),21,0.18921501366619864,0.16876130539173448,0.18921501366619864,0.16876130539173448,0.8151480996929525,0.8222452848137354
32,(-1.3008253915757224)(0.1872122316913252 + (-0.20425649272102558)(X_3) + sin(exp(-1.4056033854597865) + X_0 + (sqrt(-1.4056033854597865))(-1.147012399339575 + X_1) + sqrt(X_0))),21,0.18921501366619864,0.16876130539173448,0.18921501366619864,0.16876130539173448,0.8151480996929525,0.8222452848137354
33,(-1.3008255701479767)(0.187211960343604 + (-0.2042564594899337)(X_3) + sin(exp(exp(sin(exp(-0.5158799357567282)))) + X_0 + (1.185582494772504)(-0.5158799357567282 + X_1) + sqrt(X_0))),23,0.1892150136656129,0.16876122625610715,0.1892150136656129,0.16876122625610715,0.8151480996935248,0.8222453681665565
34,(-1.3008253915757224)(0.1872122316913252 + (-0.20425649272102558)(X_3) + sin(exp(-1.4056033854597865) + X_0 + (sqrt(-1.4056033854597865))(-1.147012399339575 + X_1) + sqrt(X_0))),21,0.18921501366619864,0.16876130539173448,0.18921501366619864,0.16876130539173448,0.8151480996929525,0.8222452848137354
35,(-0.17445634249961442)(0.0020610416110025225 + (-1.579277832323941)(X_3) + sin(13.395624564578123 + X_0 + (sqrt(exp(2.950768641268593)))(2.950768641268593 + X_1) + sqrt(X_0))),21,0.9374319854447704,0.886366865590402,0.9374319854447704,0.886366865590402,0.08418428030359781,0.0663980147709815
36,(-1.3008253915757224)(0.1872122316913252 + (-0.20425649272102558)(X_3) + sin(exp(-1.4056033854597865) + X_0 + (sqrt(-1.4056033854597865))(-1.147012399339575 + X_1) + sqrt(X_0))),21,0.18921501366619864,0.16876130539173448,0.18921501366619864,0.16876130539173448,0.8151480996929525,0.8222452848137354
37,(-1.3008253915757224)(0.1872122316913252 + (-0.20425649272102558)(X_3) + sin(exp(-1.4056033854597865) + X_0 + (sqrt(-1.4056033854597865))(-1.147012399339575 + X_1) + sqrt(X_0))),21,0.18921501366619864,0.16876130539173448,0.18921501366619864,0.16876130539173448,0.8151480996929525,0.8222452848137354
38,(-1.3008253915757224)(0.1872122316913252 + (-0.20425649272102558)(X_3) + sin(exp(-1.4056033854597865) + X_0 + (sqrt(-1.4056033854597865))(-1.147012399339575 + X_1) + sqrt(X_0))),21,0.18921501366619864,0.16876130539173448,0.18921501366619864,0.16876130539173448,0.8151480996929525,0.8222452848137354
39,(-1.3008255867999379)(0.18721191051023625 + (-0.20425645117805372)(X_3) + sin(1.405605850270673 + X_0 + (sqrt(1.405605850270673))(13.773222153283449 + X_1) + sqrt(X_0))),20,0.18921501366568536,0.168761189913998,0.18921501366568536,0.168761189913998,0.8151480996934539,0.8222454064453625
40,(-1.3008253915757224)(0.1872122316913252 + (-0.20425649272102558)(X_3) + sin(exp(-1.4056033854597865) + X_0 + (sqrt(-1.4056033854597865))(-1.147012399339575 + X_1) + sqrt(X_0))),21,0.18921501366619864,0.16876130539173448,0.18921501366619864,0.16876130539173448,0.8151480996929525,0.8222452848137354
41,(-1.3008253915757224)(0.1872122316913252 + (-0.20425649272102558)(X_3) + sin(exp(-1.4056033854597865) + X_0 + (sqrt(-1.4056033854597865))(-1.147012399339575 + X_1) + sqrt(X_0))),21,0.18921501366619864,0.16876130539173448,0.18921501366619864,0.16876130539173448,0.8151480996929525,0.8222452848137354
42,(-1.30082551416657)(0.18721206848969824 + (-0.20425647481677292)(X_3) + sin(X_0 + (1.185582260719021)(-0.9401777331889319 + X_1) + sqrt(X_0))),18,0.18921501366569848,0.16876127831414917,0.18921501366569848,0.16876127831414917,0.8151480996934412,0.8222453133343044
43,(-1.3008253915757224)(0.1872122316913252 + (-0.20425649272102558)(X_3) + sin(exp(-1.4056033854597865) + X_0 + (sqrt(-1.4056033854597865))(-1.147012399339575 + X_1) + sqrt(X_0))),21,0.18921501366619864,0.16876130539173448,0.18921501366619864,0.16876130539173448,0.8151480996929525,0.8222452848137354
44,(-0.617212290561417)(0.013558285719325255 + (-0.4187098884342799)(X_3) + sin(X_0 + (-2.4798945699274837)(-6.154193728822577 + X_1) + sqrt(X_0))),18,0.7723807441059609,0.7304225629924155,0.7723807441059609,0.7304225629924155,0.24542960126602387,0.23065269998381221
45,(-1.3008253915757224)(0.1872122316913252 + (-0.20425649272102558)(X_3) + sin(exp(-1.4056033854597865) + X_0 + (sqrt(-1.4056033854597865))(-1.147012399339575 + X_1) + sqrt(X_0))),21,0.18921501366619864,0.16876130539173448,0.18921501366619864,0.16876130539173448,0.8151480996929525,0.8222452848137354
46,(1.3008251319544792)(-0.18721260058536665 + (0.20425653564761506)(X_3) + sin(-1.4055995643219865 + X_0 + (sqrt(-1.4055995643219865))(-7.704107641035115 + X_1) + sqrt(X_0))),20,0.18921501367270266,0.16876139088420802,0.18921501367270266,0.16876139088420802,0.8151480996865985,0.8222451947653072
47,(-1.3008253915757224)(0.1872122316913252 + (-0.20425649272102558)(X_3) + sin(exp(-1.4056033854597865) + X_0 + (sqrt(-1.4056033854597865))(-1.147012399339575 + X_1) + sqrt(X_0))),21,0.18921501366619864,0.16876130539173448,0.18921501366619864,0.16876130539173448,0.8151480996929525,0.8222452848137354
48,(-1.3008253915757224)(0.1872122316913252 + (-0.20425649272102558)(X_3) + sin(exp(-1.4056033854597865) + X_0 + (sqrt(-1.4056033854597865))(-1.147012399339575 + X_1) + sqrt(X_0))),21,0.18921501366619864,0.16876130539173448,0.18921501366619864,0.16876130539173448,0.8151480996929525,0.8222452848137354
49,(-1.3008254902614949)(0.18721201204987295 + (-0.2042564595506358)(X_3) + sin(exp(-1.4056040906387366) + X_0 + (sqrt(-1.4056040906387366))(4.1526512092583685 + X_1) + sqrt(X_0))),21,0.18921501366532165,0.16876117943792626,0.18921501366532165,0.16876117943792626,0.8151480996938093,0.8222454174797115
50,(-1.3008256002238825)(0.1872119247331272 + (-0.2042564560434181)(X_3) + sin(exp(-0.7114367337557751) + X_0 + ((sqrt(-0.7114367337557751))^(-1))(-1.3542682609770906 + X_1) + sqrt(X_0))),23,0.18921501366592372,0.16876122486367234,0.18921501366592372,0.16876122486367234,0.8151480996932211,0.8222453696331952
51,(-1.3008253915757224)(0.1872122316913252 + (-0.20425649272102558)(X_3) + sin(exp(-1.4056033854597865) + X_0 + (sqrt(-1.4056033854597865))(-1.147012399339575 + X_1) + sqrt(X_0))),21,0.18921501366619864,0.16876130539173448,0.18921501366619864,0.16876130539173448,0.8151480996929525,0.8222452848137354
52,(-1.3008253915757224)(0.1872122316913252 + (-0.20425649272102558)(X_3) + sin(exp(-1.4056033854597865) + X_0 + (sqrt(-1.4056033854597865))(-1.147012399339575 + X_1) + sqrt(X_0))),21,0.18921501366619864,0.16876130539173448,0.18921501366619864,0.16876130539173448,0.8151480996929525,0.8222452848137354
53,(0.9570812831803714)(-0.031004724983413987 + (0.2815281421163694)(X_3) + sin(2.898142538689712 + (2)(X_0))),14,0.4971065456388689,0.42999215741211694,0.4971065456388689,0.42999215741211694,0.5143562456490609,0.5470932552003014
54,(-1.3008259886535294)(0.1872114145252951 + (-0.2042564009415759)(X_3) + sin((2)(1.405612503317111) + X_0 + (sqrt(1.405612503317111))(12.587597733145325 + X_1) + sqrt(X_0))),22,0.18921501367774707,0.16876114772515116,0.18921501367774707,0.16876114772515116,0.8151480996816703,0.8222454508824829
55,(-1.1626647165289812)(-0.20346735980228375 + (-0.23343547775153317)(X_3) + sin(exp(-9.601616926717906e-06) + X_0 + (-9.601616926717906e-06)(133048.81152703345 + X_1) + sqrt(X_0))),20,0.58256823175952,0.5411852472910835,0.58256823175952,0.5411852472910835,0.43086522251748116,0.4299746066082144
56,(-0.9951381195668477)(0.0278220404277983 + (-0.27369969141158385)(X_3) + sin(X_0 + X_1 + sin(1.128886821983014 + X_1) + sqrt(X_0) - ((1.1546359566002455)^(exp(X_5))))),23,0.4910803725253999,0.49124934480979515,0.4910803725253999,0.49124934480979515,0.5202434610978791,0.48257162879008497
57,(-1.3008258345062595)(0.1872115231743802 + (-0.20425640282475854)(X_3) + sin(1.4056091755724924 + X_0 + (sqrt(1.4056091755724924))(8.473546992903298 + X_1) + sqrt(X_0))),20,0.18921501367172683,0.1687610671706462,0.18921501367172683,0.1687610671706462,0.8151480996875518,0.8222455357297946
58,(-1.3008253915757224)(0.1872122316913252 + (-0.20425649272102558)(X_3) + sin(exp(-1.4056033854597865) + X_0 + (sqrt(-1.4056033854597865))(-1.147012399339575 + X_1) + sqrt(X_0))),21,0.18921501366619864,0.16876130539173448,0.18921501366619864,0.16876130539173448,0.8151480996929525,0.8222452848137354
59,(-1.3008253915757224)(0.1872122316913252 + (-0.20425649272102558)(X_3) + sin(exp(-1.4056033854597865) + X_0 + (sqrt(-1.4056033854597865))(-1.147012399339575 + X_1) + sqrt(X_0))),21,0.18921501366619864,0.16876130539173448,0.18921501366619864,0.16876130539173448,0.8151480996929525,0.8222452848137354
60,(1.3008254470677048)(-0.18721207139494103 + (0.20425646625432695)(X_3) + sin(-1.4056034349194444 + X_0 + (sqrt(-1.4056034349194444))(2.8952352999434763 + X_1) + sqrt(X_0))),20,0.18921501366539417,0.16876119116749297,0.18921501366539417,0.16876119116749297,0.8151480996937384,0.8222454051250678
61,(0.8947893065006759)(-0.04049254994755788 + (0.29800077404335573)(X_3) + sin(exp(3.6738540757657034) + X_0 + (sqrt(3.6738540757657034))(exp(3.6738540757657034) + X_1) + sqrt(X_0))),20,0.552053860457876,0.5695829148792426,0.552053860457876,0.5695829148792426,0.46067596222830864,0.40006360715030975
62,(-1.3008253915757224)(0.1872122316913252 + (-0.20425649272102558)(X_3) + sin(exp(-1.4056033854597865) + X_0 + (sqrt(-1.4056033854597865))(-1.147012399339575 + X_1) + sqrt(X_0))),21,0.18921501366619864,0.16876130539173448,0.18921501366619864,0.16876130539173448,0.8151480996929525,0.8222452848137354
63,(-1.3008253915757224)(0.1872122316913252 + (-0.20425649272102558)(X_3) + sin(exp(-1.4056033854597865) + X_0 + (sqrt(-1.4056033854597865))(-1.147012399339575 + X_1) + sqrt(X_0))),21,0.18921501366619864,0.16876130539173448,0.18921501366619864,0.16876130539173448,0.8151480996929525,0.8222452848137354
64,(-1.3008253915757224)(0.1872122316913252 + (-0.20425649272102558)(X_3) + sin(exp(-1.4056033854597865) + X_0 + (sqrt(-1.4056033854597865))(-1.147012399339575 + X_1) + sqrt(X_0))),21,0.18921501366619864,0.16876130539173448,0.18921501366619864,0.16876130539173448,0.8151480996929525,0.8222452848137354
65,(-1.3008253915757224)(0.1872122316913252 + (-0.20425649272102558)(X_3) + sin(exp(-1.4056033854597865) + X_0 + (sqrt(-1.4056033854597865))(-1.147012399339575 + X_1) + sqrt(X_0))),21,0.18921501366619864,0.16876130539173448,0.18921501366619864,0.16876130539173448,0.8151480996929525,0.8222452848137354
66,(-1.3008253915757224)(0.1872122316913252 + (-0.20425649272102558)(X_3) + sin(exp(-1.4056033854597865) + X_0 + (sqrt(-1.4056033854597865))(-1.147012399339575 + X_1) + sqrt(X_0))),21,0.18921501366619864,0.16876130539173448,0.18921501366619864,0.16876130539173448,0.8151480996929525,0.8222452848137354
67,(-1.3008253915757224)(0.1872122316913252 + (-0.20425649272102558)(X_3) + sin(exp(-1.4056033854597865) + X_0 + (sqrt(-1.4056033854597865))(-1.147012399339575 + X_1) + sqrt(X_0))),21,0.18921501366619864,0.16876130539173448,0.18921501366619864,0.16876130539173448,0.8151480996929525,0.8222452848137354
68,(0.6172108736937224)(-0.013588274243197066 + X_3 + (-0.5812885312472511)(X_3) + sin(exp(-2.4798073585939977) + X_0 + (-2.4798073585939977)(-7.3875239545601055 + X_1) + sqrt(X_0))),21,0.7723807415145753,0.7304234438381945,0.7723807415145753,0.7304234438381945,0.24542960379765477,0.23065177219713628
69,(-1.3008253915757224)(0.1872122316913252 + (-0.20425649272102558)(X_3) + sin(exp(-1.4056033854597865) + X_0 + (sqrt(-1.4056033854597865))(-1.147012399339575 + X_1) + sqrt(X_0))),21,0.18921501366619864,0.16876130539173448,0.18921501366619864,0.16876130539173448,0.8151480996929525,0.8222452848137354
70,(-1.3008252472134734)(0.1872123538960547 + (0.7957435010225953)(X_3) + sin(1.4056004785253438 + X_0 + (sqrt(1.4056004785253438))(-2.1257593771261036 + X_1) + sqrt(X_0)) - (X_3)),21,0.18921501366815857,0.16876125485580687,0.18921501366815857,0.16876125485580687,0.8151480996910377,0.8222453380427585
71,(-1.3008253915757224)(0.1872122316913252 + (-0.20425649272102558)(X_3) + sin(exp(-1.4056033854597865) + X_0 + (sqrt(-1.4056033854597865))(-1.147012399339575 + X_1) + sqrt(X_0))),21,0.18921501366619864,0.16876130539173448,0.18921501366619864,0.16876130539173448,0.8151480996929525,0.8222452848137354
72,(-1.3008253915757224)(0.1872122316913252 + (-0.20425649272102558)(X_3) + sin(exp(-1.4056033854597865) + X_0 + (sqrt(-1.4056033854597865))(-1.147012399339575 + X_1) + sqrt(X_0))),21,0.18921501366619864,0.16876130539173448,0.18921501366619864,0.16876130539173448,0.8151480996929525,0.8222452848137354
73,(-1.3008253915757224)(0.1872122316913252 + (-0.20425649272102558)(X_3) + sin(exp(-1.4056033854597865) + X_0 + (sqrt(-1.4056033854597865))(-1.147012399339575 + X_1) + sqrt(X_0))),21,0.18921501366619864,0.16876130539173448,0.18921501366619864,0.16876130539173448,0.8151480996929525,0.8222452848137354
74,(-1.3008253915757224)(0.1872122316913252 + (-0.20425649272102558)(X_3) + sin(exp(-1.4056033854597865) + X_0 + (sqrt(-1.4056033854597865))(-1.147012399339575 + X_1) + sqrt(X_0))),21,0.18921501366619864,0.16876130539173448,0.18921501366619864,0.16876130539173448,0.8151480996929525,0.8222452848137354
75,(-1.3008253915757224)(0.1872122316913252 + (-0.20425649272102558)(X_3) + sin(exp(-1.4056033854597865) + X_0 + (sqrt(-1.4056033854597865))(-1.147012399339575 + X_1) + sqrt(X_0))),21,0.18921501366619864,0.16876130539173448,0.18921501366619864,0.16876130539173448,0.8151480996929525,0.8222452848137354
76,(-1.3008253915757224)(0.1872122316913252 + (-0.20425649272102558)(X_3) + sin(exp(-1.4056033854597865) + X_0 + (sqrt(-1.4056033854597865))(-1.147012399339575 + X_1) + sqrt(X_0))),21,0.18921501366619864,0.16876130539173448,0.18921501366619864,0.16876130539173448,0.8151480996929525,0.8222452848137354
77,(-1.3008253915757224)(0.1872122316913252 + (-0.20425649272102558)(X_3) + sin(exp(-1.4056033854597865) + X_0 + (sqrt(-1.4056033854597865))(-1.147012399339575 + X_1) + sqrt(X_0))),21,0.18921501366619864,0.16876130539173448,0.18921501366619864,0.16876130539173448,0.8151480996929525,0.8222452848137354
78,(-1.3008253915757224)(0.1872122316913252 + (-0.20425649272102558)(X_3) + sin(exp(-1.4056033854597865) + X_0 + (sqrt(-1.4056033854597865))(-1.147012399339575 + X_1) + sqrt(X_0))),21,0.18921501366619864,0.16876130539173448,0.18921501366619864,0.16876130539173448,0.8151480996929525,0.8222452848137354
79,(-1.3008253915757224)(0.1872122316913252 + (-0.20425649272102558)(X_3) + sin(exp(-1.4056033854597865) + X_0 + (sqrt(-1.4056033854597865))(-1.147012399339575 + X_1) + sqrt(X_0))),21,0.18921501366619864,0.16876130539173448,0.18921501366619864,0.16876130539173448,0.8151480996929525,0.8222452848137354
80,(-0.010202526031410883)(0.09248087871777023 + (-26.51587888727695)(X_3) + sin(-15.928126529421503 + X_0 + (sqrt(-15.928126529421503))(-14.478570481001036 + X_1) + sqrt(X_0))),20,0.9513904077139589,0.917135926037029,0.9513904077139589,0.917135926037029,0.07054772561508027,0.0339892492453564
81,(-1.3008255708709175)(0.18721184770453742 + (-0.20425643569085003)(X_3) + sin(exp(-1.4056048117524642) + X_0 + (sqrt(-1.4056048117524642))(4.152649501559151 + X_1) + sqrt(X_0))),21,0.18921501366652385,0.1687610944402509,0.18921501366652385,0.1687610944402509,0.8151480996926348,0.8222455070069733
82,(-1.3008253915757224)(0.1872122316913252 + (-0.20425649272102558)(X_3) + sin(exp(-1.4056033854597865) + X_0 + (sqrt(-1.4056033854597865))(-1.147012399339575 + X_1) + sqrt(X_0))),21,0.18921501366619864,0.16876130539173448,0.18921501366619864,0.16876130539173448,0.8151480996929525,0.8222452848137354
83,(1.300825525666133)(-0.18721191922964736 + (0.20425644469759816)(X_3) + sin(-4.110888726948725 + X_0 + (sqrt(log((2)(-0.12260942354298325))))(-0.12260942354298325 + X_1) + sqrt(X_0))),23,0.18921501366600194,0.1687611178420729,0.18921501366600194,0.1687611178420729,0.8151480996931446,0.8222454823580516
84,(-1.020766659761064)(-0.06242130341998608 + (-0.274008981140185)(X_3) + sin(X_0 + exp(sqrt(X_1)) + sqrt(X_0) + (-3.911804661862774 + X_1)(sqrt(X_1)))),20,0.4694164591431951,0.4346405033577267,0.4694164591431951,0.4346405033577267,0.5414078258023234,0.5421971955986579
85,(-1.239335158741478)(0.2107321990731538 + (-0.21281548867899294)(X_3) + sin(-1.0826024011022553 + X_0 + X_1 + sqrt(X_0))),16,0.22036434942925798,0.19683422279689403,0.22036434942925798,0.19683422279689403,0.7847170371808533,0.7926763417066737
86,1 + (1.3008255429957982)(-0.9559543747682941 + (0.20425641817190912)(X_3) + sin(-15.15616679368664 + X_0 + (sqrt(-1.405603423573496))(-1.405603423573496 + X_1) + sqrt(X_0))),22,0.18921501366992588,0.16876098051068597,0.18921501366992588,0.16876098051068597,0.8151480996893112,0.8222456270079257
87,(-1.3008253915757224)(0.1872122316913252 + (-0.20425649272102558)(X_3) + sin(exp(-1.4056033854597865) + X_0 + (sqrt(-1.4056033854597865))(-1.147012399339575 + X_1) + sqrt(X_0))),21,0.18921501366619864,0.16876130539173448,0.18921501366619864,0.16876130539173448,0.8151480996929525,0.8222452848137354
88,(1.3008266830782198)(-0.18721054764313833 + (0.20425631172282618)(X_3) + sin(exp(0.03444368210037026) + X_0 + X_1 + (sqrt(0.03444368210037026))(208.47555728673444 + X_1) + sqrt(X_0))),22,0.18921501374130947,0.1687609627478361,0.18921501374130947,0.1687609627478361,0.8151480996195737,0.8222456457173705
89,(-1.3008253915757224)(0.1872122316913252 + (-0.20425649272102558)(X_3) + sin(exp(-1.4056033854597865) + X_0 + (sqrt(-1.4056033854597865))(-1.147012399339575 + X_1) + sqrt(X_0))),21,0.18921501366619864,0.16876130539173448,0.18921501366619864,0.16876130539173448,0.8151480996929525,0.8222452848137354
90,(1.3008255813403518)(-0.1872119208600717 + (0.20425645262975575)(X_3) + sin((1.4056057941821487)^(1.4056057941821487) + X_0 + (sqrt(1.4056057941821487))(42.745790796449015 + X_1) + sqrt(X_0))),21,0.18921501366563248,0.16876119474064774,0.18921501366563248,0.16876119474064774,0.8151480996935057,0.8222454013614972
91,(1.119090499351035)((-0.3769048302056719)(X_2) + (0.4565575796046232)(X_3) + sin(exp(sqrt(-2.1098554248142327)) + X_0 + (sqrt(-2.1098554248142327))(2.6744630040545734 + X_1) + sqrt(X_0))),23,0.17547216511400449,0.1798440533681052,0.17547216511400449,0.1798440533681052,0.8285740515837821,0.8105719293283173
92,(-1.3008256094485227)(0.18721158319087727 + (-0.2042563851613872)(X_3) + sin(-0.2814336792290412 + X_0 + (sqrt((2)(-0.7028017169154446)))(-0.7028017169154446 + X_1) + sqrt(X_0))),22,0.18921501367750707,0.16876083611781506,0.18921501367750707,0.16876083611781506,0.8151480996819048,0.8222457790955953
93,(-1.1626525779648214)(-0.20345734860681708 + (-0.23343776701409644)(X_3) + sin(6.005611618003128 + X_0 + sqrt(X_0))),14,0.5825662210433598,0.5411820106399002,0.5825662210433598,0.5411820106399002,0.4308671868684911,0.42997801574283745
94,(-1.3008253915757224)(0.1872122316913252 + (-0.20425649272102558)(X_3) + sin(exp(-1.4056033854597865) + X_0 + (sqrt(-1.4056033854597865))(-1.147012399339575 + X_1) + sqrt(X_0))),21,0.18921501366619864,0.16876130539173448,0.18921501366619864,0.16876130539173448,0.8151480996929525,0.8222452848137354
95,(1.300825863661495)(-0.1872114556473065 + (0.20425639248484015)(X_3) + sin(sqrt(-1.4056093608871305) + X_0 + (sqrt(-1.4056093608871305))(0.7096483189681335 + X_1) + sqrt(X_0))),20,0.18921501367338214,0.16876102722122963,0.18921501367338214,0.16876102722122963,0.8151480996859346,0.822245577808144
96,(-1.3008257138035715)(0.18721174061009146 + (-0.20425643247513892)(X_3) + sin(1.4056078252976958 + X_0 + (sqrt(1.4056078252976958))(3.1738958434894764 + X_1) + sqrt(X_0))),20,0.18921501366772256,0.1687611609812697,0.18921501366772256,0.1687611609812697,0.8151480996914637,0.8222454369199363
97,(-1.3008253915757224)(0.1872122316913252 + (-0.20425649272102558)(X_3) + sin(exp(-1.4056033854597865) + X_0 + (sqrt(-1.4056033854597865))(-1.147012399339575 + X_1) + sqrt(X_0))),21,0.18921501366619864,0.16876130539173448,0.18921501366619864,0.16876130539173448,0.8151480996929525,0.8222452848137354
98,(-1.3008253915757224)(0.1872122316913252 + (-0.20425649272102558)(X_3) + sin(exp(-1.4056033854597865) + X_0 + (sqrt(-1.4056033854597865))(-1.147012399339575 + X_1) + sqrt(X_0))),21,0.18921501366619864,0.16876130539173448,0.18921501366619864,0.16876130539173448,0.8151480996929525,0.8222452848137354
99,(1.3008251390262047)(-0.18721266208851514 + (0.20425654971908047)(X_3) + sin(-1.405600346484866 + X_0 + (sqrt(-1.405600346484866))(-2.4044328180488628 + X_1) + sqrt(X_0))),20,0.18921501367477273,0.16876147306255346,0.18921501367477273,0.16876147306255346,0.8151480996845761,0.8222451082076194
100,(-1.3008253915757224)(0.1872122316913252 + (-0.20425649272102558)(X_3) + sin(exp(-1.4056033854597865) + X_0 + (sqrt(-1.4056033854597865))(-1.147012399339575 + X_1) + sqrt(X_0))),21,0.18921501366619864,0.16876130539173448,0.18921501366619864,0.16876130539173448,0.8151480996929525,0.8222452848137354
101,(-1.3008253915757224)(0.1872122316913252 + (-0.20425649272102558)(X_3) + sin(exp(-1.4056033854597865) + X_0 + (sqrt(-1.4056033854597865))(-1.147012399339575 + X_1) + sqrt(X_0))),21,0.18921501366619864,0.16876130539173448,0.18921501366619864,0.16876130539173448,0.8151480996929525,0.8222452848137354
102,(-1.3008253915757224)(0.1872122316913252 + (-0.20425649272102558)(X_3) + sin(exp(-1.4056033854597865) + X_0 + (sqrt(-1.4056033854597865))(-1.147012399339575 + X_1) + sqrt(X_0))),21,0.18921501366619864,0.16876130539173448,0.18921501366619864,0.16876130539173448,0.8151480996929525,0.8222452848137354
103,(-1.3008253915757224)(0.1872122316913252 + (-0.20425649272102558)(X_3) + sin(exp(-1.4056033854597865) + X_0 + (sqrt(-1.4056033854597865))(-1.147012399339575 + X_1) + sqrt(X_0))),21,0.18921501366619864,0.16876130539173448,0.18921501366619864,0.16876130539173448,0.8151480996929525,0.8222452848137354
104,X_3 + (-1.3008253851609772)(0.18721218367053735 + (0.5644862038950765)(X_3) + sin(exp(1.4056027515682408) + X_0 + (sqrt(1.4056027515682408))(-4.379828434633868 + X_1) + sqrt(X_0))),22,0.18921501366577106,0.16876124006281407,0.18921501366577106,0.16876124006281407,0.8151480996933702,0.8222453536240804
105,(-1.3008253915757224)(0.1872122316913252 + (-0.20425649272102558)(X_3) + sin(exp(-1.4056033854597865) + X_0 + (sqrt(-1.4056033854597865))(-1.147012399339575 + X_1) + sqrt(X_0))),21,0.18921501366619864,0.16876130539173448,0.18921501366619864,0.16876130539173448,0.8151480996929525,0.8222452848137354
106,(-0.9664586789754315)(-0.0062136311649281135 + (-0.23056853212975603)(X_3) + sin(exp(-4.065846975967131) + (sqrt(-4.065846975967131))(9.21481416888137 + X_1) + log(sqrt(exp(X_3))))),21,0.5321991701090252,0.46466331785933573,0.5321991701090252,0.46466331785933573,0.48007282281500496,0.510574443994338
107,(-1.3008253915757224)(0.1872122316913252 + (-0.20425649272102558)(X_3) + sin(exp(-1.4056033854597865) + X_0 + (sqrt(-1.4056033854597865))(-1.147012399339575 + X_1) + sqrt(X_0))),21,0.18921501366619864,0.16876130539173448,0.18921501366619864,0.16876130539173448,0.8151480996929525,0.8222452848137354
108,(-1.3008253915757224)(0.1872122316913252 + (-0.20425649272102558)(X_3) + sin(exp(-1.4056033854597865) + X_0 + (sqrt(-1.4056033854597865))(-1.147012399339575 + X_1) + sqrt(X_0))),21,0.18921501366619864,0.16876130539173448,0.18921501366619864,0.16876130539173448,0.8151480996929525,0.8222452848137354
109,(-1.3008259618055082)(0.18721150812341456 + (-0.2042564172101247)(X_3) + sin(1.4056126354141767 + X_0 + (sqrt(1.4056126354141767))(3.173886487130563 + X_1) + sqrt(X_0))),20,0.18921501367729635,0.1687612223935027,0.18921501367729635,0.1687612223935027,0.8151480996821107,0.8222453722350018
110,(-0.21539549539643346)(0.7255989816615651 + (-0.8708058883932897)(X_3) + sin(-4.690098517882196e-10 + X_0 + (sqrt(-4.690098517882196e-10))(1.0159748285539014 + X_1) + sqrt(X_0))),20,0.9142308655131757,0.8686999328841264,0.9142308655131757,0.8686999328841264,0.10685040507619625,0.08500643086570991
111,(-0.10035892797319085)(-3.169160036774999 + X_0 + (sqrt(-11.233760590302136))(exp(-11.233760590302136) + X_1) + (-2.5474594458512283)(X_3) + exp(sqrt(sin(exp(-11.233760590302136) + X_0 + X_1 + sqrt(X_0)))) + sqrt(X_0)),25,0.7693953647295146,0.6806610625323715,0.7693953647295146,0.6806610625323715,0.2483461407106533,0.283066026136891
112,(-1.1190918420053804)((0.37689833828934277)(X_2) + (-0.4565533861677836)(X_3) + sin(exp(-2.109829571739984) + X_0 + (sqrt(-2.109829571739984))(-18.25792168257156 + X_1) + sqrt(X_0))),23,0.1754721651119906,0.17984375376625178,0.1754721651119906,0.17984375376625178,0.8285740515857496,0.8105722448961662
113,(-1.3008253915757224)(0.1872122316913252 + (-0.20425649272102558)(X_3) + sin(exp(-1.4056033854597865) + X_0 + (sqrt(-1.4056033854597865))(-1.147012399339575 + X_1) + sqrt(X_0))),21,0.18921501366619864,0.16876130539173448,0.18921501366619864,0.16876130539173448,0.8151480996929525,0.8222452848137354
114,(-1.3008253915757224)(0.1872122316913252 + (-0.20425649272102558)(X_3) + sin(exp(-1.4056033854597865) + X_0 + (sqrt(-1.4056033854597865))(-1.147012399339575 + X_1) + sqrt(X_0))),21,0.18921501366619864,0.16876130539173448,0.18921501366619864,0.16876130539173448,0.8151480996929525,0.8222452848137354
115,(-0.17399691132380132)(0.1059979308110307 + (-1.537283334754612)(X_3) + sin(exp(10.450533386453813) + X_0 + (sqrt(10.450533386453813))(exp(10.450533386453813) + X_1) + sqrt(X_0))),20,0.937723113702236,0.9218392833242411,0.937723113702236,0.9218392833242411,0.0838998651793279,0.029035246708655205
116,(-1.3008253915757224)(0.1872122316913252 + (-0.20425649272102558)(X_3) + sin(exp(-1.4056033854597865) + X_0 + (sqrt(-1.4056033854597865))(-1.147012399339575 + X_1) + sqrt(X_0))),21,0.18921501366619864,0.16876130539173448,0.18921501366619864,0.16876130539173448,0.8151480996929525,0.8222452848137354
117,(-1.3008253915757224)(0.1872122316913252 + (-0.20425649272102558)(X_3) + sin(exp(-1.4056033854597865) + X_0 + (sqrt(-1.4056033854597865))(-1.147012399339575 + X_1) + sqrt(X_0))),21,0.18921501366619864,0.16876130539173448,0.18921501366619864,0.16876130539173448,0.8151480996929525,0.8222452848137354
118,(-1.3008253915757224)(0.1872122316913252 + (-0.20425649272102558)(X_3) + sin(exp(-1.4056033854597865) + X_0 + (sqrt(-1.4056033854597865))(-1.147012399339575 + X_1) + sqrt(X_0))),21,0.18921501366619864,0.16876130539173448,0.18921501366619864,0.16876130539173448,0.8151480996929525,0.8222452848137354
119,(-1.3008256314235132)(0.18721186345771115 + (-0.20425644729213227)(X_3) + sin(1.4056066634478697 + X_0 + (sqrt(1.4056066634478697))(3.17389852142552 + X_1) + sqrt(X_0))),20,0.18921501366622115,0.16876119467882084,0.18921501366622115,0.16876119467882084,0.8151480996929306,0.8222454014266188
120,(-1.3008253915757224)(0.1872122316913252 + (-0.20425649272102558)(X_3) + sin(exp(-1.4056033854597865) + X_0 + (sqrt(-1.4056033854597865))(-1.147012399339575 + X_1) + sqrt(X_0))),21,0.18921501366619864,0.16876130539173448,0.18921501366619864,0.16876130539173448,0.8151480996929525,0.8222452848137354
121,(-1.3008253915757224)(0.1872122316913252 + (-0.20425649272102558)(X_3) + sin(exp(-1.4056033854597865) + X_0 + (sqrt(-1.4056033854597865))(-1.147012399339575 + X_1) + sqrt(X_0))),21,0.18921501366619864,0.16876130539173448,0.18921501366619864,0.16876130539173448,0.8151480996929525,0.8222452848137354
122,(-1.3008253915757224)(0.1872122316913252 + (-0.20425649272102558)(X_3) + sin(exp(-1.4056033854597865) + X_0 + (sqrt(-1.4056033854597865))(-1.147012399339575 + X_1) + sqrt(X_0))),21,0.18921501366619864,0.16876130539173448,0.18921501366619864,0.16876130539173448,0.8151480996929525,0.8222452848137354
123,(1.1626525778966588)(0.20345734861277437 + (0.23343776705091485)(X_3) + sin(-3.419166342816573 + X_0 + sqrt(X_0))),14,0.5825662210433596,0.5411820106409606,0.5825662210433596,0.5411820106409606,0.43086718686849124,0.42997801574172057
124,(-1.3008253915757224)(0.1872122316913252 + (-0.20425649272102558)(X_3) + sin(exp(-1.4056033854597865) + X_0 + (sqrt(-1.4056033854597865))(-1.147012399339575 + X_1) + sqrt(X_0))),21,0.18921501366619864,0.16876130539173448,0.18921501366619864,0.16876130539173448,0.8151480996929525,0.8222452848137354
125,(-1.3008253915757224)(0.1872122316913252 + (-0.20425649272102558)(X_3) + sin(exp(-1.4056033854597865) + X_0 + (sqrt(-1.4056033854597865))(-1.147012399339575 + X_1) + sqrt(X_0))),21,0.18921501366619864,0.16876130539173448,0.18921501366619864,0.16876130539173448,0.8151480996929525,0.8222452848137354
126,(-1.3008253915757224)(0.1872122316913252 + (-0.20425649272102558)(X_3) + sin(exp(-1.4056033854597865) + X_0 + (sqrt(-1.4056033854597865))(-1.147012399339575 + X_1) + sqrt(X_0))),21,0.18921501366619864,0.16876130539173448,0.18921501366619864,0.16876130539173448,0.8151480996929525,0.8222452848137354
127,(-1.3008253915757224)(0.1872122316913252 + (-0.20425649272102558)(X_3) + sin(exp(-1.4056033854597865) + X_0 + (sqrt(-1.4056033854597865))(-1.147012399339575 + X_1) + sqrt(X_0))),21,0.18921501366619864,0.16876130539173448,0.18921501366619864,0.16876130539173448,0.8151480996929525,0.8222452848137354
128,(-1.3008253915757224)(0.1872122316913252 + (-0.20425649272102558)(X_3) + sin(exp(-1.4056033854597865) + X_0 + (sqrt(-1.4056033854597865))(-1.147012399339575 + X_1) + sqrt(X_0))),21,0.18921501366619864,0.16876130539173448,0.18921501366619864,0.16876130539173448,0.8151480996929525,0.8222452848137354
129,(-1.3008253915757224)(0.1872122316913252 + (-0.20425649272102558)(X_3) + sin(exp(-1.4056033854597865) + X_0 + (sqrt(-1.4056033854597865))(-1.147012399339575 + X_1) + sqrt(X_0))),21,0.18921501366619864,0.16876130539173448,0.18921501366619864,0.16876130539173448,0.8151480996929525,0.8222452848137354
130,(-1.3008253915757224)(0.1872122316913252 + (-0.20425649272102558)(X_3) + sin(exp(-1.4056033854597865) + X_0 + (sqrt(-1.4056033854597865))(-1.147012399339575 + X_1) + sqrt(X_0))),21,0.18921501366619864,0.16876130539173448,0.18921501366619864,0.16876130539173448,0.8151480996929525,0.8222452848137354
131,(0.6750023496518)(-0.31840246475345974 + (0.4001904770375526)(X_3) + sin(exp(-1.7893907449630464) + (sqrt(-1.7893907449630464))(11.530826989207144 + X_1) + (-4.761827154863904)(X_0 + sqrt(X_0)))),23,0.7650430862734997,0.7685945509736062,0.7650430862734997,0.7685945509736062,0.25259805987748585,0.19044649965880345
132,(1.3008253868584165)(-0.18721218546922513 + (0.20425648225229479)(X_3) + sin(X_0 + (1.1855812145283602)(-3.590012009661494 + X_1) + sqrt(X_0))),18,0.18921501366576143,0.16876124446392837,0.18921501366576143,0.16876124446392837,0.8151480996933796,0.8222453489884276
133,(-1.3008253915757224)(0.1872122316913252 + (-0.20425649272102558)(X_3) + sin(exp(-1.4056033854597865) + X_0 + (sqrt(-1.4056033854597865))(-1.147012399339575 + X_1) + sqrt(X_0))),21,0.18921501366619864,0.16876130539173448,0.18921501366619864,0.16876130539173448,0.8151480996929525,0.8222452848137354
134,(1.3008256289573674)(-0.1872118709596046 + (0.20425644854914915)(X_3) + sin((2)(1.40560666485444) + X_0 + (sqrt(1.40560666485444))(-0.6615140040870264 + X_1) + sqrt(X_0))),22,0.1892150136661973,0.16876120020626798,0.1892150136661973,0.16876120020626798,0.8151480996929538,0.8222453956046101
135,(-1.3008253915757224)(0.1872122316913252 + (-0.20425649272102558)(X_3) + sin(exp(-1.4056033854597865) + X_0 + (sqrt(-1.4056033854597865))(-1.147012399339575 + X_1) + sqrt(X_0))),21,0.18921501366619864,0.16876130539173448,0.18921501366619864,0.16876130539173448,0.8151480996929525,0.8222452848137354
136,(-1.3008253915757224)(0.1872122316913252 + (-0.20425649272102558)(X_3) + sin(exp(-1.4056033854597865) + X_0 + (sqrt(-1.4056033854597865))(-1.147012399339575 + X_1) + sqrt(X_0))),21,0.18921501366619864,0.16876130539173448,0.18921501366619864,0.16876130539173448,0.8151480996929525,0.8222452848137354
137,(-1.3008253915757224)(0.1872122316913252 + (-0.20425649272102558)(X_3) + sin(exp(-1.4056033854597865) + X_0 + (sqrt(-1.4056033854597865))(-1.147012399339575 + X_1) + sqrt(X_0))),21,0.18921501366619864,0.16876130539173448,0.18921501366619864,0.16876130539173448,0.8151480996929525,0.8222452848137354
138,(-0.41734090012186753)(X_1) + (0.2581768044550685)(X_3),7,0.776622721002014,0.6919766679112013,0.776622721002014,0.6919766679112013,0.24128544021294096,0.27114740411269456
139,(-1.3008251932444603)(0.18721245736193903 + (-0.20425651358322586)(X_3) + sin(X_0 + (1.1855800000321208)(-0.9401788609017406 + X_1) + sqrt(X_0))),18,0.18921501366971183,0.1687613040920998,0.18921501366971183,0.1687613040920998,0.8151480996895203,0.8222452861826285
140,(-1.300825626548992)(0.18721166605391543 + (-0.20425640485265045)(X_3) + sin(-7.801498820497835 + X_0 + (sqrt(exp(0.3404675858944973)))(0.3404675858944973 + X_1) + sqrt(X_0))),21,0.18921501367106472,0.16876095611098668,0.18921501367106472,0.16876095611098668,0.8151480996881987,0.8222456527079023
141,(-1.3008253915757224)(0.1872122316913252 + (-0.20425649272102558)(X_3) + sin(exp(-1.4056033854597865) + X_0 + (sqrt(-1.4056033854597865))(-1.147012399339575 + X_1) + sqrt(X_0))),21,0.18921501366619864,0.16876130539173448,0.18921501366619864,0.16876130539173448,0.8151480996929525,0.8222452848137354
142,(-1.3008253915757224)(0.1872122316913252 + (-0.20425649272102558)(X_3) + sin(exp(-1.4056033854597865) + X_0 + (sqrt(-1.4056033854597865))(-1.147012399339575 + X_1) + sqrt(X_0))),21,0.18921501366619864,0.16876130539173448,0.18921501366619864,0.16876130539173448,0.8151480996929525,0.8222452848137354
143,(-1.3008253915757224)(0.1872122316913252 + (-0.20425649272102558)(X_3) + sin(exp(-1.4056033854597865) + X_0 + (sqrt(-1.4056033854597865))(-1.147012399339575 + X_1) + sqrt(X_0))),21,0.18921501366619864,0.16876130539173448,0.18921501366619864,0.16876130539173448,0.8151480996929525,0.8222452848137354
144,(-1.3008253915757224)(0.1872122316913252 + (-0.20425649272102558)(X_3) + sin(exp(-1.4056033854597865) + X_0 + (sqrt(-1.4056033854597865))(-1.147012399339575 + X_1) + sqrt(X_0))),21,0.18921501366619864,0.16876130539173448,0.18921501366619864,0.16876130539173448,0.8151480996929525,0.8222452848137354
145,(-1.3008253915757224)(0.1872122316913252 + (-0.20425649272102558)(X_3) + sin(exp(-1.4056033854597865) + X_0 + (sqrt(-1.4056033854597865))(-1.147012399339575 + X_1) + sqrt(X_0))),21,0.18921501366619864,0.16876130539173448,0.18921501366619864,0.16876130539173448,0.8151480996929525,0.8222452848137354
146,(-1.3008253915757224)(0.1872122316913252 + (-0.20425649272102558)(X_3) + sin(exp(-1.4056033854597865) + X_0 + (sqrt(-1.4056033854597865))(-1.147012399339575 + X_1) + sqrt(X_0))),21,0.18921501366619864,0.16876130539173448,0.18921501366619864,0.16876130539173448,0.8151480996929525,0.8222452848137354
147,(-1.3008253915757224)(0.1872122316913252 + (-0.20425649272102558)(X_3) + sin(exp(-1.4056033854597865) + X_0 + (sqrt(-1.4056033854597865))(-1.147012399339575 + X_1) + sqrt(X_0))),21,0.18921501366619864,0.16876130539173448,0.18921501366619864,0.16876130539173448,0.8151480996929525,0.8222452848137354
148,(1.3008249237552612)(-0.18721308736020037 + (0.20425661089387756)(X_3) + sin(-1.4055983231586695 + X_0 + (sqrt(-1.4055983231586695))(-7.704109429322234 + X_1) + sqrt(X_0))),20,0.18921501369355598,0.16876168808618455,0.18921501369355598,0.16876168808618455,0.815148099666226,0.8222448817252264
149,(-1.3008256280641808)(0.18721182015286797 + (-0.20425643763381734)(X_3) + sin(sqrt(sqrt(1.4056061601305103)) + X_0 + (sqrt(1.4056061601305103))(-1.8585833927219613 + X_1) + sqrt(X_0))),21,0.18921501366637344,0.1687611390826724,0.18921501366637344,0.1687611390826724,0.8151480996927818,0.8222454599855256
150,(-1.3008253915757224)(0.1872122316913252 + (-0.20425649272102558)(X_3) + sin(exp(-1.4056033854597865) + X_0 + (sqrt(-1.4056033854597865))(-1.147012399339575 + X_1) + sqrt(X_0))),21,0.18921501366619864,0.16876130539173448,0.18921501366619864,0.16876130539173448,0.8151480996929525,0.8222452848137354
151,(-1.3008253915757224)(0.1872122316913252 + (-0.20425649272102558)(X_3) + sin(exp(-1.4056033854597865) + X_0 + (sqrt(-1.4056033854597865))(-1.147012399339575 + X_1) + sqrt(X_0))),21,0.18921501366619864,0.16876130539173448,0.18921501366619864,0.16876130539173448,0.8151480996929525,0.8222452848137354
152,(-1.3008253915757224)(0.1872122316913252 + (-0.20425649272102558)(X_3) + sin(exp(-1.4056033854597865) + X_0 + (sqrt(-1.4056033854597865))(-1.147012399339575 + X_1) + sqrt(X_0))),21,0.18921501366619864,0.16876130539173448,0.18921501366619864,0.16876130539173448,0.8151480996929525,0.8222452848137354
153,(-1.3008253915757224)(0.1872122316913252 + (-0.20425649272102558)(X_3) + sin(exp(-1.4056033854597865) + X_0 + (sqrt(-1.4056033854597865))(-1.147012399339575 + X_1) + sqrt(X_0))),21,0.18921501366619864,0.16876130539173448,0.18921501366619864,0.16876130539173448,0.8151480996929525,0.8222452848137354
154,(-1.3008253915757224)(0.1872122316913252 + (-0.20425649272102558)(X_3) + sin(exp(-1.4056033854597865) + X_0 + (sqrt(-1.4056033854597865))(-1.147012399339575 + X_1) + sqrt(X_0))),21,0.18921501366619864,0.16876130539173448,0.18921501366619864,0.16876130539173448,0.8151480996929525,0.8222452848137354
155,(-1.3008253915757224)(0.1872122316913252 + (-0.20425649272102558)(X_3) + sin(exp(-1.4056033854597865) + X_0 + (sqrt(-1.4056033854597865))(-1.147012399339575 + X_1) + sqrt(X_0))),21,0.18921501366619864,0.16876130539173448,0.18921501366619864,0.16876130539173448,0.8151480996929525,0.8222452848137354
156,(1.3008256515975636)(-0.1872118281226712 + (0.2042564425464343)(X_3) + sin(exp(1.1855829360550634) + X_0 + (1.1855829360550634)(14.848303615204037 + X_1) + sqrt(X_0))),20,0.1892150136665189,0.16876118020779332,0.1892150136665189,0.16876118020779332,0.8151480996926396,0.8222454166688177
157,(1.191820257087421)(-0.15685191493069964 + (0.22350612910029852)(X_3 + X_4 - (X_2)) + sin(exp(-1.715148267179644) + X_0 + (sqrt(-1.715148267179644))(1.3685556734386801 + X_1) + sqrt(X_0))),25,0.1448024200013428,0.16018302833918152,0.1448024200013428,0.16018302833918152,0.8585365823373396,0.8312807043414876
158,(-1.3008253915757224)(0.1872122316913252 + (-0.20425649272102558)(X_3) + sin(exp(-1.4056033854597865) + X_0 + (sqrt(-1.4056033854597865))(-1.147012399339575 + X_1) + sqrt(X_0))),21,0.18921501366619864,0.16876130539173448,0.18921501366619864,0.16876130539173448,0.8151480996929525,0.8222452848137354
159,(-1.3008253915757224)(0.1872122316913252 + (-0.20425649272102558)(X_3) + sin(exp(-1.4056033854597865) + X_0 + (sqrt(-1.4056033854597865))(-1.147012399339575 + X_1) + sqrt(X_0))),21,0.18921501366619864,0.16876130539173448,0.18921501366619864,0.16876130539173448,0.8151480996929525,0.8222452848137354
160,(0.6172111703485423)(-0.013582005873430896 + (0.4187111380157497)(X_3) + sin(-2.479825583143856 + X_0 + (-2.479825583143856)(-0.8200796834294846 + X_1) + sqrt(X_0))),19,0.7723807419247714,0.7304232599102978,0.7723807419247714,0.7304232599102978,0.24542960339691733,0.23065196592668125
161,(-1.3008253915757224)(0.1872122316913252 + (-0.20425649272102558)(X_3) + sin(exp(-1.4056033854597865) + X_0 + (sqrt(-1.4056033854597865))(-1.147012399339575 + X_1) + sqrt(X_0))),21,0.18921501366619864,0.16876130539173448,0.18921501366619864,0.16876130539173448,0.8151480996929525,0.8222452848137354
162,(-1.4116603569901596)(1.5791565744694358 + (-0.4663535093625395)(X_3) + sin(exp(0.4525488216477722) + (sqrt(0.4525488216477722))((-0.571251740896102)^(X_1)) + X_0 + sqrt(X_0))),21,inf,inf,inf,inf,-inf,-inf
163,(-1.3008253915757224)(0.1872122316913252 + (-0.20425649272102558)(X_3) + sin(exp(-1.4056033854597865) + X_0 + (sqrt(-1.4056033854597865))(-1.147012399339575 + X_1) + sqrt(X_0))),21,0.18921501366619864,0.16876130539173448,0.18921501366619864,0.16876130539173448,0.8151480996929525,0.8222452848137354
164,(-1.3008253915757224)(0.1872122316913252 + (-0.20425649272102558)(X_3) + sin(exp(-1.4056033854597865) + X_0 + (sqrt(-1.4056033854597865))(-1.147012399339575 + X_1) + sqrt(X_0))),21,0.18921501366619864,0.16876130539173448,0.18921501366619864,0.16876130539173448,0.8151480996929525,0.8222452848137354
165,(-1.3008253915757224)(0.1872122316913252 + (-0.20425649272102558)(X_3) + sin(exp(-1.4056033854597865) + X_0 + (sqrt(-1.4056033854597865))(-1.147012399339575 + X_1) + sqrt(X_0))),21,0.18921501366619864,0.16876130539173448,0.18921501366619864,0.16876130539173448,0.8151480996929525,0.8222452848137354
166,(-1.3008251272396714)(0.18721269727765144 + (-0.20425655560581213)(X_3) + sin(exp(-1.4056003486359703) + X_0 + (sqrt(-1.4056003486359703))(-1.1470123516607655 + X_1) + sqrt(X_0))),21,0.18921501367606583,0.1687614986047459,0.18921501367606583,0.1687614986047459,0.8151480996833128,0.8222450813042654
167,(-1.2752033114438246)(0.19470525532133784 + (-0.20636646416632487)(X_3) + sin((-1.1661972489042476)(exp(-0.0768417723862582)) + X_0 + (sqrt(-1.1661972489042476))(-0.0768417723862582 + X_1) + sqrt(X_0))),22,0.20302529418367887,0.17534568414915538,0.20302529418367887,0.17534568414915538,0.8016562707520778,0.8153100198370451
168,(-1.3008253915757224)(0.1872122316913252 + (-0.20425649272102558)(X_3) + sin(exp(-1.4056033854597865) + X_0 + (sqrt(-1.4056033854597865))(-1.147012399339575 + X_1) + sqrt(X_0))),21,0.18921501366619864,0.16876130539173448,0.18921501366619864,0.16876130539173448,0.8151480996929525,0.8222452848137354
169,(0.16150539808884584)(-0.02013306074501936 + (-0.12336812568654146)(X_7) + sin(X_0 + (4.858843428831791)(2.020573740432983 + X_1) + sqrt(X_0))),18,1.0101167377321532,0.9472214954540592,1.0101167377321532,0.9472214954540592,0.013175567393677645,0.0023003984716130077
170,(-1.3008253915757224)(0.1872122316913252 + (-0.20425649272102558)(X_3) + sin(exp(-1.4056033854597865) + X_0 + (sqrt(-1.4056033854597865))(-1.147012399339575 + X_1) + sqrt(X_0))),21,0.18921501366619864,0.16876130539173448,0.18921501366619864,0.16876130539173448,0.8151480996929525,0.8222452848137354
171,(-1.3008253915757224)(0.1872122316913252 + (-0.20425649272102558)(X_3) + sin(exp(-1.4056033854597865) + X_0 + (sqrt(-1.4056033854597865))(-1.147012399339575 + X_1) + sqrt(X_0))),21,0.18921501366619864,0.16876130539173448,0.18921501366619864,0.16876130539173448,0.8151480996929525,0.8222452848137354
172,(-0.011286002227459277)(4.999618146176871 + (-25.157798257560664)(X_3) + sin(1.027034441214692 + X_0 + (sqrt(1.027034441214692))(-8.257452534268586 + X_1) + sqrt(X_0))),20,0.9427804037824281,0.9131464432126468,0.9427804037824281,0.9131464432126468,0.07895919126760176,0.038191334442211344
173,(-1.3008253915757224)(0.1872122316913252 + (-0.20425649272102558)(X_3) + sin(exp(-1.4056033854597865) + X_0 + (sqrt(-1.4056033854597865))(-1.147012399339575 + X_1) + sqrt(X_0))),21,0.18921501366619864,0.16876130539173448,0.18921501366619864,0.16876130539173448,0.8151480996929525,0.8222452848137354
174,(-1.3008253915757224)(0.1872122316913252 + (-0.20425649272102558)(X_3) + sin(exp(-1.4056033854597865) + X_0 + (sqrt(-1.4056033854597865))(-1.147012399339575 + X_1) + sqrt(X_0))),21,0.18921501366619864,0.16876130539173448,0.18921501366619864,0.16876130539173448,0.8151480996929525,0.8222452848137354
175,(-1.300825710597539)(0.1872117706474892 + (-0.2042564384255519)(X_3) + sin(-1.4056080192181712 + X_0 + (sqrt(-1.4056080192181712))(10.844719442871861 + X_1) + sqrt(X_0))),20,0.18921501366768856,0.16876119213641344,0.18921501366768856,0.16876119213641344,0.8151480996914969,0.8222454041045129
176,(-1.3008253915757224)(0.1872122316913252 + (-0.20425649272102558)(X_3) + sin(exp(-1.4056033854597865) + X_0 + (sqrt(-1.4056033854597865))(-1.147012399339575 + X_1) + sqrt(X_0))),21,0.18921501366619864,0.16876130539173448,0.18921501366619864,0.16876130539173448,0.8151480996929525,0.8222452848137354
177,(-1.3008253678584683)(0.18721226401896793 + (-0.20425649634747614)(X_3) + sin(10.61848480282093 + X_0 + (sqrt((2)(0.702801511522827)))(0.702801511522827 + X_1) + sqrt(X_0))),22,0.18921501366648077,0.1687613115104172,0.18921501366648077,0.1687613115104172,0.8151480996926769,0.8222452783689838
178,(-1.3008253915757224)(0.1872122316913252 + (-0.20425649272102558)(X_3) + sin(exp(-1.4056033854597865) + X_0 + (sqrt(-1.4056033854597865))(-1.147012399339575 + X_1) + sqrt(X_0))),21,0.18921501366619864,0.16876130539173448,0.18921501366619864,0.16876130539173448,0.8151480996929525,0.8222452848137354
179,(1.3008252404441527)(-0.1872124640293109 + (0.20425652144502063)(X_3) + sin(4.444321883323418 + X_0 + (sqrt(log((2)(-2.0389890985347487))))(-2.0389890985347487 + X_1) + sqrt(X_0))),23,0.18921501366953122,0.1687613755542151,0.18921501366953122,0.1687613755542151,0.8151480996896968,0.8222452109122463
180,(0.6172073131135568)(-0.013662695943298109 + (0.41871542218152347)(X_3) + sin(-0.4460329179964166 + X_0 + (-2.479590950113347)(X_1) + sqrt(X_0))),18,0.772380741933324,0.7304256380573431,0.772380741933324,0.7304256380573431,0.245429603388562,0.2306494610464912
181,(1.2393351560588626)(-0.21073219990196224 + (0.2128154896371292)(X_3) + sin(2.058990253563869 + X_0 + X_1 + sqrt(X_0))),16,0.22036434942925803,0.19683422278330082,0.22036434942925803,0.19683422278330082,0.7847170371808533,0.7926763417209913
182,(-1.3008253915757224)(0.1872122316913252 + (-0.20425649272102558)(X_3) + sin(exp(-1.4056033854597865) + X_0 + (sqrt(-1.4056033854597865))(-1.147012399339575 + X_1) + sqrt(X_0))),21,0.18921501366619864,0.16876130539173448,0.18921501366619864,0.16876130539173448,0.8151480996929525,0.8222452848137354
183,(-1.3008253915757224)(0.1872122316913252 + (-0.20425649272102558)(X_3) + sin(exp(-1.4056033854597865) + X_0 + (sqrt(-1.4056033854597865))(-1.147012399339575 + X_1) + sqrt(X_0))),21,0.18921501366619864,0.16876130539173448,0.18921501366619864,0.16876130539173448,0.8151480996929525,0.8222452848137354
184,(-1.3008253915757224)(0.1872122316913252 + (-0.20425649272102558)(X_3) + sin(exp(-1.4056033854597865) + X_0 + (sqrt(-1.4056033854597865))(-1.147012399339575 + X_1) + sqrt(X_0))),21,0.18921501366619864,0.16876130539173448,0.18921501366619864,0.16876130539173448,0.8151480996929525,0.8222452848137354
185,-1 + (-1.3008255546295016)(-0.5815306098098683 + (-0.2042564606005032)(X_3) + sin(exp(-1.4056055584333633) + X_0 + (sqrt(-1.4056055584333633))(4.152649600851837 + X_1) + sqrt(X_0))),23,0.18921501366547253,0.16876122326574824,0.18921501366547253,0.16876122326574824,0.8151480996936619,0.8222453713162737
186,(-1.300825166924468)(0.18721247413517492 + (-0.20425651356563768)(X_3) + sin(22.351633732400963 + X_0 + (sqrt(1.405599355586501))(1.405599355586501 + X_1) + sqrt(X_0))),20,0.18921501367043392,0.16876128846516245,0.18921501367043392,0.16876128846516245,0.8151480996888149,0.8222453026423364
187,(-1.3008253915757224)(0.1872122316913252 + (-0.20425649272102558)(X_3) + sin(exp(-1.4056033854597865) + X_0 + (sqrt(-1.4056033854597865))(-1.147012399339575 + X_1) + sqrt(X_0))),21,0.18921501366619864,0.16876130539173448,0.18921501366619864,0.16876130539173448,0.8151480996929525,0.8222452848137354
188,(-1.3008253915757224)(0.1872122316913252 + (-0.20425649272102558)(X_3) + sin(exp(-1.4056033854597865) + X_0 + (sqrt(-1.4056033854597865))(-1.147012399339575 + X_1) + sqrt(X_0))),21,0.18921501366619864,0.16876130539173448,0.18921501366619864,0.16876130539173448,0.8151480996929525,0.8222452848137354
189,(1.335836882295196)(-0.2471745652820698 + (0.19970535503256925)(X_3) + sin(exp(0.614355118734795) + X_0 + (sqrt(0.614355118734795))(-9.008808098968688 + X_1) + sqrt(X_1) + sqrt(X_0 + sqrt(X_1)))),24,0.18484798060110047,0.16163774449368248,0.18484798060110047,0.16163774449368248,0.8194144332419975,0.8297484653301813
190,(-1.3008252919848657)(0.18721235340627657 + (-0.20425650497004788)(X_3) + sin(exp(3.2725868477048294) + X_0 + (log(3.2725868477048294))(3.3078964178927226 + X_1) + sqrt(X_0))),21,0.18921501366756016,0.16876131547033407,0.18921501366756016,0.16876131547033407,0.8151480996916224,0.82224527419804
191,(-1.3008253915757224)(0.1872122316913252 + (-0.20425649272102558)(X_3) + sin(exp(-1.4056033854597865) + X_0 + (sqrt(-1.4056033854597865))(-1.147012399339575 + X_1) + sqrt(X_0))),21,0.18921501366619864,0.16876130539173448,0.18921501366619864,0.16876130539173448,0.8151480996929525,0.8222452848137354
192,(0.14363725247971798)(0.3820841879515724 + (2.8151808311439863)(X_3) + sin(exp(5.011034367643211) + X_0 + (sqrt(5.011034367643211))(2.09293302163576 + X_1) + (-5.017775154043177)(sqrt(2.09293302163576 + X_1)))),23,0.8447174713760504,0.8243115683386738,0.8447174713760504,0.8243115683386738,0.1747608882565056,0.131760282876074
193,(-1.3008253915757224)(0.1872122316913252 + (-0.20425649272102558)(X_3) + sin(exp(-1.4056033854597865) + X_0 + (sqrt(-1.4056033854597865))(-1.147012399339575 + X_1) + sqrt(X_0))),21,0.18921501366619864,0.16876130539173448,0.18921501366619864,0.16876130539173448,0.8151480996929525,0.8222452848137354
194,(-1.3567106708868397)(0.32436543723235806 + (-0.1960850392554626)(X_3) + sin(10.634273906499624 + X_0 + sqrt(X_0) + (0.6159555977962089 + X_1)(sqrt(0.6159555977962089 + X_1)))),20,0.15871564254629408,0.15052161463248556,0.15871564254629408,0.15052161463248556,0.8449441851115769,0.8414569816447711
195,(-1.3021164463488974)(0.18080435326398991 + (0.0031523902141106824)((X_3)(X_8)) + sin(exp(-1.398661369651643) + X_0 + (sqrt(-1.398661369651643))(-1.1562193796355815 + X_1) + sqrt(X_0))),23,0.2580633715213632,0.23194678628445792,0.2580633715213632,0.23194678628445792,0.7478873177076575,0.7556926047789239
196,(-1.3008253915757224)(0.1872122316913252 + (-0.20425649272102558)(X_3) + sin(exp(-1.4056033854597865) + X_0 + (sqrt(-1.4056033854597865))(-1.147012399339575 + X_1) + sqrt(X_0))),21,0.18921501366619864,0.16876130539173448,0.18921501366619864,0.16876130539173448,0.8151480996929525,0.8222452848137354
197,(-1.3008255909854993)(0.18721188905448352 + (-0.20425644719353633)(X_3) + sin(1.405605765720309 + X_0 + (sqrt(1.405605765720309))(8.473561316172587 + X_1) + sqrt(X_0))),20,0.18921501366577498,0.16876117024375833,0.18921501366577498,0.16876117024375833,0.8151480996933664,0.8222454271638432
198,(-1.3008253915757224)(0.1872122316913252 + (-0.20425649272102558)(X_3) + sin(exp(-1.4056033854597865) + X_0 + (sqrt(-1.4056033854597865))(-1.147012399339575 + X_1) + sqrt(X_0))),21,0.18921501366619864,0.16876130539173448,0.18921501366619864,0.16876130539173448,0.8151480996929525,0.8222452848137354
199,(-1.3008253915757224)(0.1872122316913252 + (-0.20425649272102558)(X_3) + sin(exp(-1.4056033854597865) + X_0 + (sqrt(-1.4056033854597865))(-1.147012399339575 + X_1) + sqrt(X_0))),21,0.18921501366619864,0.16876130539173448,0.18921501366619864,0.16876130539173448,0.8151480996929525,0.8222452848137354
200,(1.300825388423395)(-0.18721212834937456 + (0.20425647035624847)(X_3) + sin(X_0 + (1.1855810066890644)(-3.590013159449067 + X_1) + sqrt(X_0))),18,0.189215013665996,0.168761179311443,0.189215013665996,0.168761179311443,0.8151480996931505,0.8222454176129351
201,(-1.3008253915757224)(0.1872122316913252 + (-0.20425649272102558)(X_3) + sin(exp(-1.4056033854597865) + X_0 + (sqrt(-1.4056033854597865))(-1.147012399339575 + X_1) + sqrt(X_0))),21,0.18921501366619864,0.16876130539173448,0.18921501366619864,0.16876130539173448,0.8151480996929525,0.8222452848137354
202,(-1.3008253915757224)(0.1872122316913252 + (-0.20425649272102558)(X_3) + sin(exp(-1.4056033854597865) + X_0 + (sqrt(-1.4056033854597865))(-1.147012399339575 + X_1) + sqrt(X_0))),21,0.18921501366619864,0.16876130539173448,0.18921501366619864,0.16876130539173448,0.8151480996929525,0.8222452848137354
203,(-1.3008253915757224)(0.1872122316913252 + (-0.20425649272102558)(X_3) + sin(exp(-1.4056033854597865) + X_0 + (sqrt(-1.4056033854597865))(-1.147012399339575 + X_1) + sqrt(X_0))),21,0.18921501366619864,0.16876130539173448,0.18921501366619864,0.16876130539173448,0.8151480996929525,0.8222452848137354
204,(-1.3008253915757224)(0.1872122316913252 + (-0.20425649272102558)(X_3) + sin(exp(-1.4056033854597865) + X_0 + (sqrt(-1.4056033854597865))(-1.147012399339575 + X_1) + sqrt(X_0))),21,0.18921501366619864,0.16876130539173448,0.18921501366619864,0.16876130539173448,0.8151480996929525,0.8222452848137354
205,(-1.3008253915757224)(0.1872122316913252 + (-0.20425649272102558)(X_3) + sin(exp(-1.4056033854597865) + X_0 + (sqrt(-1.4056033854597865))(-1.147012399339575 + X_1) + sqrt(X_0))),21,0.18921501366619864,0.16876130539173448,0.18921501366619864,0.16876130539173448,0.8151480996929525,0.8222452848137354
206,(1.3008254751114934)(-0.1872120999482847 + (0.20425647614858392)(X_3) + sin(exp(2.202125842668051) + X_0 + ((2.202125842668051)(exp(-0.619189458613378)))(-0.619189458613378 + X_1) + sqrt(X_0))),22,0.18921501366543056,0.16876126266414496,0.18921501366543056,0.16876126266414496,0.8151480996937028,0.8222453298183086
207,(1.3591007867374316)(-0.40853761415856843 + (0.19617739397204376)(X_3) + sin(1.0667933437907955 + X_0 + sqrt(X_0) + (1.151990360950469 + X_1)(sqrt(X_1)))),20,0.15889157981979796,0.1480960736626982,0.15889157981979796,0.1480960736626982,0.8447723047797159,0.8440117814151116
208,(-1.3008252948289356)(0.18721247268308258 + (-0.20425653078709635)(X_3) + sin(sqrt(-1.4056029442405038) + X_0 + (sqrt(-1.4056029442405038))(-1.940176764379431 + X_1) + sqrt(X_0))),20,0.18921501367114782,0.1687614595939498,0.18921501367114782,0.1687614595939498,0.8151480996881174,0.8222451223939745
209,(-1.3008253915757224)(0.1872122316913252 + (-0.20425649272102558)(X_3) + sin(exp(-1.4056033854597865) + X_0 + (sqrt(-1.4056033854597865))(-1.147012399339575 + X_1) + sqrt(X_0))),21,0.18921501366619864,0.16876130539173448,0.18921501366619864,0.16876130539173448,0.8151480996929525,0.8222452848137354
210,(-1.3008253915757224)(0.1872122316913252 + (-0.20425649272102558)(X_3) + sin(exp(-1.4056033854597865) + X_0 + (sqrt(-1.4056033854597865))(-1.147012399339575 + X_1) + sqrt(X_0))),21,0.18921501366619864,0.16876130539173448,0.18921501366619864,0.16876130539173448,0.8151480996929525,0.8222452848137354
211,(-1.3008253915757224)(0.1872122316913252 + (-0.20425649272102558)(X_3) + sin(exp(-1.4056033854597865) + X_0 + (sqrt(-1.4056033854597865))(-1.147012399339575 + X_1) + sqrt(X_0))),21,0.18921501366619864,0.16876130539173448,0.18921501366619864,0.16876130539173448,0.8151480996929525,0.8222452848137354
212,(0.8440338361017072)(0.12252459805901805 + (0.33911109371588305)(X_3) + sin(3.319137282275409 + X_0 + (X_0)(0.608758020960712 - (X_1)))),17,0.6719068230978329,0.6007136558651176,0.6719068230978329,0.6007136558651176,0.34358669181496737,0.36727388687268614
213,(-1.3008253915757224)(0.1872122316913252 + (-0.20425649272102558)(X_3) + sin(exp(-1.4056033854597865) + X_0 + (sqrt(-1.4056033854597865))(-1.147012399339575 + X_1) + sqrt(X_0))),21,0.18921501366619864,0.16876130539173448,0.18921501366619864,0.16876130539173448,0.8151480996929525,0.8222452848137354
214,-26.46878955141411 + (1.3008254823065424)(20.160477408731868 + (0.20425646769015082)(X_3) + sin(exp(-1.405604276285812) + X_0 + (sqrt(-1.405604276285812))(1.5028193229389224 + X_1) + sqrt(X_0))),23,0.18921501367684956,0.16876143193595913,0.18921501367684956,0.16876143193595913,0.8151480996825472,0.8222451515258792
215,(-1.3008253915757224)(0.1872122316913252 + (-0.20425649272102558)(X_3) + sin(exp(-1.4056033854597865) + X_0 + (sqrt(-1.4056033854597865))(-1.147012399339575 + X_1) + sqrt(X_0))),21,0.18921501366619864,0.16876130539173448,0.18921501366619864,0.16876130539173448,0.8151480996929525,0.8222452848137354
216,(-1.3008253915757224)(0.1872122316913252 + (-0.20425649272102558)(X_3) + sin(exp(-1.4056033854597865) + X_0 + (sqrt(-1.4056033854597865))(-1.147012399339575 + X_1) + sqrt(X_0))),21,0.18921501366619864,0.16876130539173448,0.18921501366619864,0.16876130539173448,0.8151480996929525,0.8222452848137354
217,(-0.6172075204846743)(0.013658402278946104 + (-0.418715192744062)(X_3) + sin(exp(-2.479603437513938) + X_0 + (-2.479603437513938)(-3.5872515366596773 + X_1) + sqrt(X_0))),20,0.7723807416437241,0.7304255109563715,0.7723807416437241,0.7304255109563715,0.24542960367148403,0.23064959492076376
218,(-1.3008253915757224)(0.1872122316913252 + (-0.20425649272102558)(X_3) + sin(exp(-1.4056033854597865) + X_0 + (sqrt(-1.4056033854597865))(-1.147012399339575 + X_1) + sqrt(X_0))),21,0.18921501366619864,0.16876130539173448,0.18921501366619864,0.16876130539173448,0.8151480996929525,0.8222452848137354
219,(-1.3008253915757224)(0.1872122316913252 + (-0.20425649272102558)(X_3) + sin(exp(-1.4056033854597865) + X_0 + (sqrt(-1.4056033854597865))(-1.147012399339575 + X_1) + sqrt(X_0))),21,0.18921501366619864,0.16876130539173448,0.18921501366619864,0.16876130539173448,0.8151480996929525,0.8222452848137354
220,(-1.3008253915757224)(0.1872122316913252 + (-0.20425649272102558)(X_3) + sin(exp(-1.4056033854597865) + X_0 + (sqrt(-1.4056033854597865))(-1.147012399339575 + X_1) + sqrt(X_0))),21,0.18921501366619864,0.16876130539173448,0.18921501366619864,0.16876130539173448,0.8151480996929525,0.8222452848137354
221,(-1.3008253915757224)(0.1872122316913252 + (-0.20425649272102558)(X_3) + sin(exp(-1.4056033854597865) + X_0 + (sqrt(-1.4056033854597865))(-1.147012399339575 + X_1) + sqrt(X_0))),21,0.18921501366619864,0.16876130539173448,0.18921501366619864,0.16876130539173448,0.8151480996929525,0.8222452848137354
222,(1.3008254502349574)(-0.1872120043775678 + (0.2042564524961042)(X_3) + sin(-3.4230238946543703 + X_0 + (sqrt((2)(-0.7028014477723658)))(-0.7028014477723658 + X_1) + sqrt(X_0))),22,0.18921501366629923,0.16876111658565393,0.18921501366629923,0.16876111658565393,0.8151480996928542,0.822245483681426
223,(0.534638275675468)(-0.14319840115171248 + (0.5270655233525517)(X_3) + sin(5.506574586983176 + X_0 + exp(1.2299274545862677 + X_1) + sqrt(X_0))),19,0.830661529941864,0.8199209856209836,0.830661529941864,0.8199209856209836,0.18849271341334872,0.13638484286435537
224,(-1.3008253915757224)(0.1872122316913252 + (-0.20425649272102558)(X_3) + sin(exp(-1.4056033854597865) + X_0 + (sqrt(-1.4056033854597865))(-1.147012399339575 + X_1) + sqrt(X_0))),21,0.18921501366619864,0.16876130539173448,0.18921501366619864,0.16876130539173448,0.8151480996929525,0.8222452848137354
225,(-1.3008253915757224)(0.1872122316913252 + (-0.20425649272102558)(X_3) + sin(exp(-1.4056033854597865) + X_0 + (sqrt(-1.4056033854597865))(-1.147012399339575 + X_1) + sqrt(X_0))),21,0.18921501366619864,0.16876130539173448,0.18921501366619864,0.16876130539173448,0.8151480996929525,0.8222452848137354
226,(-1.3008253915757224)(0.1872122316913252 + (-0.20425649272102558)(X_3) + sin(exp(-1.4056033854597865) + X_0 + (sqrt(-1.4056033854597865))(-1.147012399339575 + X_1) + sqrt(X_0))),21,0.18921501366619864,0.16876130539173448,0.18921501366619864,0.16876130539173448,0.8151480996929525,0.8222452848137354
227,(-1.1173098049586545)(0.13081411573511292 + (-0.23822127698480666)(X_3) + sin(-0.24296937629610604 + X_0 + sqrt(X_0) + (-0.908068778628599 + X_1)(sqrt(log((2)(-0.908068778628599) + X_0))))),24,0.295165032320475,0.248605246935195,0.295165032320475,0.248605246935195,0.7116411849596382,0.7381464029316467
228,(-1.3008253915757224)(0.1872122316913252 + (-0.20425649272102558)(X_3) + sin(exp(-1.4056033854597865) + X_0 + (sqrt(-1.4056033854597865))(-1.147012399339575 + X_1) + sqrt(X_0))),21,0.18921501366619864,0.16876130539173448,0.18921501366619864,0.16876130539173448,0.8151480996929525,0.8222452848137354
229,(-1.3008253915757224)(0.1872122316913252 + (-0.20425649272102558)(X_3) + sin(exp(-1.4056033854597865) + X_0 + (sqrt(-1.4056033854597865))(-1.147012399339575 + X_1) + sqrt(X_0))),21,0.18921501366619864,0.16876130539173448,0.18921501366619864,0.16876130539173448,0.8151480996929525,0.8222452848137354
230,(-1.3008253915757224)(0.1872122316913252 + (-0.20425649272102558)(X_3) + sin(exp(-1.4056033854597865) + X_0 + (sqrt(-1.4056033854597865))(-1.147012399339575 + X_1) + sqrt(X_0))),21,0.18921501366619864,0.16876130539173448,0.18921501366619864,0.16876130539173448,0.8151480996929525,0.8222452848137354
231,(-1.3008253915757224)(0.1872122316913252 + (-0.20425649272102558)(X_3) + sin(exp(-1.4056033854597865) + X_0 + (sqrt(-1.4056033854597865))(-1.147012399339575 + X_1) + sqrt(X_0))),21,0.18921501366619864,0.16876130539173448,0.18921501366619864,0.16876130539173448,0.8151480996929525,0.8222452848137354
232,(1.3008257526724245)(-0.18721163728018425 + (0.20425641585002388)(X_3) + sin(1.4056079455258566 + X_0 + (sqrt(1.4056079455258566))(21.722694672451354 + X_1) + sqrt(X_0))),20,0.1892150136691338,0.1687610910138116,0.1892150136691338,0.1687610910138116,0.8151480996900851,0.82224551061601
233,(-1.3008253915757224)(0.1872122316913252 + (-0.20425649272102558)(X_3) + sin(exp(-1.4056033854597865) + X_0 + (sqrt(-1.4056033854597865))(-1.147012399339575 + X_1) + sqrt(X_0))),21,0.18921501366619864,0.16876130539173448,0.18921501366619864,0.16876130539173448,0.8151480996929525,0.8222452848137354
234,(-1.3008251686609678)(0.18721279201481356 + (-0.20425658167959662)(X_3) + sin(1.405602431242283 + X_0 + (sqrt(1.405602431242283))(-2.1257561557365734 + X_1) + sqrt(X_0))),20,0.18921501368457852,0.1687616674491837,0.18921501368457852,0.1687616674491837,0.8151480996749965,0.8222449034619876
235,(-1.3008253915757224)(0.1872122316913252 + (-0.20425649272102558)(X_3) + sin(exp(-1.4056033854597865) + X_0 + (sqrt(-1.4056033854597865))(-1.147012399339575 + X_1) + sqrt(X_0))),21,0.18921501366619864,0.16876130539173448,0.18921501366619864,0.16876130539173448,0.8151480996929525,0.8222452848137354
236,(-1.3008253915757224)(0.1872122316913252 + (-0.20425649272102558)(X_3) + sin(exp(-1.4056033854597865) + X_0 + (sqrt(-1.4056033854597865))(-1.147012399339575 + X_1) + sqrt(X_0))),21,0.18921501366619864,0.16876130539173448,0.18921501366619864,0.16876130539173448,0.8151480996929525,0.8222452848137354
237,(-1.3008253915757224)(0.1872122316913252 + (-0.20425649272102558)(X_3) + sin(exp(-1.4056033854597865) + X_0 + (sqrt(-1.4056033854597865))(-1.147012399339575 + X_1) + sqrt(X_0))),21,0.18921501366619864,0.16876130539173448,0.18921501366619864,0.16876130539173448,0.8151480996929525,0.8222452848137354
238,-1 + (1.1626525780963135)(1.0635595139355585 + (0.23343776696116741)(X_3) + sin(9.14720427157912 + X_0 + sqrt(X_0))),16,0.5825662210433596,0.5411820106352386,0.5825662210433596,0.5411820106352386,0.43086718686849124,0.4299780157477474
239,(-0.6172061150438471)(0.013687440422479609 + (-0.4187167467432065)(X_3) + sin(X_0 + (-2.4795190007832026)(-1.087147169237105 + X_1) + sqrt(X_0))),18,0.7723807442341173,0.7304263702737281,0.7723807442341173,0.7304263702737281,0.24542960114082268,0.23064868980977504
240,(-0.17446869888758623)(0.0018614383493383729 + (-1.5793117329734354)(X_3) + sin(1 + exp(4.368937062513191) + X_0 + (4.368937062513191)(0.662220589355808 + X_1) + sqrt(X_0))),22,0.9374319709029598,0.886159549778987,0.9374319709029598,0.886159549778987,0.08418429451008846,0.06661637858919278
241,(-1.3008253915757224)(0.1872122316913252 + (-0.20425649272102558)(X_3) + sin(exp(-1.4056033854597865) + X_0 + (sqrt(-1.4056033854597865))(-1.147012399339575 + X_1) + sqrt(X_0))),21,0.18921501366619864,0.16876130539173448,0.18921501366619864,0.16876130539173448,0.8151480996929525,0.8222452848137354
242,(-1.3008253915757224)(0.1872122316913252 + (-0.20425649272102558)(X_3) + sin(exp(-1.4056033854597865) + X_0 + (sqrt(-1.4056033854597865))(-1.147012399339575 + X_1) + sqrt(X_0))),21,0.18921501366619864,0.16876130539173448,0.18921501366619864,0.16876130539173448,0.8151480996929525,0.8222452848137354
243,(-1.1531048991391155)((-0.2240341150378461)(X_3) + sin(4.419814518943697 + X_0 + (sqrt(0.8574281474498986))(0.8574281474498986 + X_1) + sqrt(X_0)) - (log(sqrt(0.8574281474498986)))),20,0.27431193107553364,0.2571308246613265,0.27431193107553364,0.2571308246613265,0.7320134340625712,0.7291664911148406
244,(-1.3008253915757224)(0.1872122316913252 + (-0.20425649272102558)(X_3) + sin(exp(-1.4056033854597865) + X_0 + (sqrt(-1.4056033854597865))(-1.147012399339575 + X_1) + sqrt(X_0))),21,0.18921501366619864,0.16876130539173448,0.18921501366619864,0.16876130539173448,0.8151480996929525,0.8222452848137354
245,(-0.6172075424723701)(0.01365792992272291 + (-0.4187151679578102)(X_3) + sin(-16.154004359681544 + X_0 + (-2.4796048012342444)(X_1) + sqrt(X_0))),18,0.7723807416139824,0.730425497193616,0.7723807416139824,0.730425497193616,0.2454296037005398,0.23064960941694634
246,(-1.3008253915757224)(0.1872122316913252 + (-0.20425649272102558)(X_3) + sin(exp(-1.4056033854597865) + X_0 + (sqrt(-1.4056033854597865))(-1.147012399339575 + X_1) + sqrt(X_0))),21,0.18921501366619864,0.16876130539173448,0.18921501366619864,0.16876130539173448,0.8151480996929525,0.8222452848137354
247,(0.7652809033533838)(-0.20067650956265945 + (0.33212543908118275)(X_3) + sin(exp(-4.408424224039868) + X_0 + ((sqrt(-4.408424224039868))^(X_1))(1.4700605435790541 + X_1) + sqrt(X_0))),22,0.7339707932701592,0.7882938610113093,0.7339707932701592,0.7882938610113093,0.2829538561606373,0.16969739940155137
248,(-1.3008253915757224)(0.1872122316913252 + (-0.20425649272102558)(X_3) + sin(exp(-1.4056033854597865) + X_0 + (sqrt(-1.4056033854597865))(-1.147012399339575 + X_1) + sqrt(X_0))),21,0.18921501366619864,0.16876130539173448,0.18921501366619864,0.16876130539173448,0.8151480996929525,0.8222452848137354
249,(-0.015066912506835685)(-10.096406656989952 + (-9.099316947725235)(X_3) + sin(exp(4.617888520124885) + X_0 + (sqrt(4.617888520124885))(exp(4.617888520124885) + X_1) + sqrt(X_0))),20,0.9808533372222383,0.931649131532068,0.9808533372222383,0.931649131532068,0.04176418247708158,0.018702624724278527
250,(1.3008257053679653)(-0.18721168442145594 + (0.2042564193924332)(X_3) + sin(1.4056070578493858 + X_0 + (sqrt(1.4056070578493858))(5.823726112831616 + X_1) + sqrt(X_0))),20,0.18921501366825158,0.16876108317348207,0.18921501366825158,0.16876108317348207,0.8151480996909469,0.8222455188741562
251,(-1.3008253915757224)(0.1872122316913252 + (-0.20425649272102558)(X_3) + sin(exp(-1.4056033854597865) + X_0 + (sqrt(-1.4056033854597865))(-1.147012399339575 + X_1) + sqrt(X_0))),21,0.18921501366619864,0.16876130539173448,0.18921501366619864,0.16876130539173448,0.8151480996929525,0.8222452848137354
252,(-1.3008253915757224)(0.1872122316913252 + (-0.20425649272102558)(X_3) + sin(exp(-1.4056033854597865) + X_0 + (sqrt(-1.4056033854597865))(-1.147012399339575 + X_1) + sqrt(X_0))),21,0.18921501366619864,0.16876130539173448,0.18921501366619864,0.16876130539173448,0.8151480996929525,0.8222452848137354
253,(-1.3008253915757224)(0.1872122316913252 + (-0.20425649272102558)(X_3) + sin(exp(-1.4056033854597865) + X_0 + (sqrt(-1.4056033854597865))(-1.147012399339575 + X_1) + sqrt(X_0))),21,0.18921501366619864,0.16876130539173448,0.18921501366619864,0.16876130539173448,0.8151480996929525,0.8222452848137354
254,(-1.3008253915757224)(0.1872122316913252 + (-0.20425649272102558)(X_3) + sin(exp(-1.4056033854597865) + X_0 + (sqrt(-1.4056033854597865))(-1.147012399339575 + X_1) + sqrt(X_0))),21,0.18921501366619864,0.16876130539173448,0.18921501366619864,0.16876130539173448,0.8151480996929525,0.8222452848137354
255,(-0.6172068685397711)(0.01367188508112383 + (-0.4187159137507709)(X_3) + sin(exp(-2.479564224682475) + X_0 + (-2.479564224682475)(6.548634630241028 + X_1) + sqrt(X_0))),20,0.7723807426625152,0.7304259103391162,0.7723807426625152,0.7304259103391162,0.24542960267618508,0.23064917425462916
256,(-1.3008253915757224)(0.1872122316913252 + (-0.20425649272102558)(X_3) + sin(exp(-1.4056033854597865) + X_0 + (sqrt(-1.4056033854597865))(-1.147012399339575 + X_1) + sqrt(X_0))),21,0.18921501366619864,0.16876130539173448,0.18921501366619864,0.16876130539173448,0.8151480996929525,0.8222452848137354
257,(0.03236007042700698)(-0.049090846568464026 + (9.2411370999603)(X_3) + sin(sqrt(-5.813759964712271) + X_0 + (sqrt(-5.813759964712271))(-13.36883105640402 + X_1) + sqrt(X_0))),20,0.935589638898072,0.913724735319866,0.935589638898072,0.913724735319866,0.08598414413883304,0.03758222473797801
258,(-1.3008253915757224)(0.1872122316913252 + (-0.20425649272102558)(X_3) + sin(exp(-1.4056033854597865) + X_0 + (sqrt(-1.4056033854597865))(-1.147012399339575 + X_1) + sqrt(X_0))),21,0.18921501366619864,0.16876130539173448,0.18921501366619864,0.16876130539173448,0.8151480996929525,0.8222452848137354
259,(-1.300825523731685)(0.18721201869804274 + (-0.20425646553453838)(X_3) + sin(exp(-1.4056050952646766) + X_0 + (sqrt(-1.4056050952646766))(-1.147012117759873 + X_1) + sqrt(X_0))),21,0.18921501366533564,0.16876123242876567,0.18921501366533564,0.16876123242876567,0.8151480996937956,0.8222453616649527
260,(-1.3008253915757224)(0.1872122316913252 + (-0.20425649272102558)(X_3) + sin(exp(-1.4056033854597865) + X_0 + (sqrt(-1.4056033854597865))(-1.147012399339575 + X_1) + sqrt(X_0))),21,0.18921501366619864,0.16876130539173448,0.18921501366619864,0.16876130539173448,0.8151480996929525,0.8222452848137354
261,(-1.3008253915757224)(0.1872122316913252 + (-0.20425649272102558)(X_3) + sin(exp(-1.4056033854597865) + X_0 + (sqrt(-1.4056033854597865))(-1.147012399339575 + X_1) + sqrt(X_0))),21,0.18921501366619864,0.16876130539173448,0.18921501366619864,0.16876130539173448,0.8151480996929525,0.8222452848137354
262,(-1.3008260114450718)(0.18721113121687585 + (-0.20425634394342496)(X_3) + sin(1.4056104753560528 + X_0 + (sqrt(1.4056104753560528))(3.1738876659247186 + X_1) + sqrt(X_0))),20,0.18921501368549,0.16876084376277314,0.18921501368549,0.16876084376277314,0.815148099674106,0.8222457710432318
263,(-1.3008253915757224)(0.1872122316913252 + (-0.20425649272102558)(X_3) + sin(exp(-1.4056033854597865) + X_0 + (sqrt(-1.4056033854597865))(-1.147012399339575 + X_1) + sqrt(X_0))),21,0.18921501366619864,0.16876130539173448,0.18921501366619864,0.16876130539173448,0.8151480996929525,0.8222452848137354
264,(-1.3008253915757224)(0.1872122316913252 + (-0.20425649272102558)(X_3) + sin(exp(-1.4056033854597865) + X_0 + (sqrt(-1.4056033854597865))(-1.147012399339575 + X_1) + sqrt(X_0))),21,0.18921501366619864,0.16876130539173448,0.18921501366619864,0.16876130539173448,0.8151480996929525,0.8222452848137354
265,(1.3008259558418334)(-0.18721118455060518 + (0.20425634768757958)(X_3) + sin(exp(1.1855839975759728) + X_0 + (1.1855839975759728)(4.248975623315115 + X_1) + sqrt(X_0))),20,0.18921501368391283,0.1687608319349886,0.18921501368391283,0.1687608319349886,0.8151480996756468,0.8222457835013275
266,(-0.5459434320641245)(-0.031256111535380646 + sin(-6.85526078822596 + X_0 + sqrt(X_0)) - ((X_3)(sqrt(-0.15244454360560275 + sin(4.73519190641093 + X_0 + X_1 + sqrt(X_0)))))),22,0.7171634733571947,0.7000607033019638,0.7171634733571947,0.7000607033019638,0.29937361569653187,0.26263256473582963
267,(0.6172072185296519)(-0.013664653820206775 + (0.41871552682797547)(X_3) + sin(X_0 + (-2.4795852565558287)(0.17988071585710452 + X_1) + sqrt(X_0))),18,0.7723807420760741,0.7304256959376882,0.7723807420760741,0.7304256959376882,0.24542960324910357,0.23064940008166135
268,(-1.300825705929071)(0.18721165341329227 + (-0.20425641290098231)(X_3) + sin(exp(1.4056067825165293) + X_0 + (sqrt(1.4056067825165293))(96.31368758344182 + X_1) + sqrt(X_0))),21,0.18921501366907026,0.16876104363590966,0.18921501366907026,0.16876104363590966,0.8151480996901471,0.822245560518714
269,(-1.3008253915757224)(0.1872122316913252 + (-0.20425649272102558)(X_3) + sin(exp(-1.4056033854597865) + X_0 + (sqrt(-1.4056033854597865))(-1.147012399339575 + X_1) + sqrt(X_0))),21,0.18921501366619864,0.16876130539173448,0.18921501366619864,0.16876130539173448,0.8151480996929525,0.8222452848137354
270,(-1.3008253915757224)(0.1872122316913252 + (-0.20425649272102558)(X_3) + sin(exp(-1.4056033854597865) + X_0 + (sqrt(-1.4056033854597865))(-1.147012399339575 + X_1) + sqrt(X_0))),21,0.18921501366619864,0.16876130539173448,0.18921501366619864,0.16876130539173448,0.8151480996929525,0.8222452848137354
271,(1.300825363812618)(-0.1872121832253386 + (0.20425647864011323)(X_3) + sin(-1.4056021477484564 + X_0 + (sqrt(-1.4056021477484564))(-2.404432165575802 + X_1) + sqrt(X_0))),20,0.18921501366607815,0.16876121078578546,0.18921501366607815,0.16876121078578546,0.8151480996930702,0.8222453844613027
272,(-1.3008253915757224)(0.1872122316913252 + (-0.20425649272102558)(X_3) + sin(exp(-1.4056033854597865) + X_0 + (sqrt(-1.4056033854597865))(-1.147012399339575 + X_1) + sqrt(X_0))),21,0.18921501366619864,0.16876130539173448,0.18921501366619864,0.16876130539173448,0.8151480996929525,0.8222452848137354
273,(-1.3008253915757224)(0.1872122316913252 + (-0.20425649272102558)(X_3) + sin(exp(-1.4056033854597865) + X_0 + (sqrt(-1.4056033854597865))(-1.147012399339575 + X_1) + sqrt(X_0))),21,0.18921501366619864,0.16876130539173448,0.18921501366619864,0.16876130539173448,0.8151480996929525,0.8222452848137354
274,(-1.3008253915757224)(0.1872122316913252 + (-0.20425649272102558)(X_3) + sin(exp(-1.4056033854597865) + X_0 + (sqrt(-1.4056033854597865))(-1.147012399339575 + X_1) + sqrt(X_0))),21,0.18921501366619864,0.16876130539173448,0.18921501366619864,0.16876130539173448,0.8151480996929525,0.8222452848137354
275,(-0.26755939376312693)(X_1 - (X_4)) + (1.1534122720436593)(sin(sin(2.25928430672618 + X_1) - (X_0 + X_1))),15,0.2214886503406648,0.2467718198523745,0.2214886503406648,0.2467718198523745,0.7836186615500635,0.740077534645549
276,(-1.3008253915757224)(0.1872122316913252 + (-0.20425649272102558)(X_3) + sin(exp(-1.4056033854597865) + X_0 + (sqrt(-1.4056033854597865))(-1.147012399339575 + X_1) + sqrt(X_0))),21,0.18921501366619864,0.16876130539173448,0.18921501366619864,0.16876130539173448,0.8151480996929525,0.8222452848137354
277,(-1.3008253915757224)(0.1872122316913252 + (-0.20425649272102558)(X_3) + sin(exp(-1.4056033854597865) + X_0 + (sqrt(-1.4056033854597865))(-1.147012399339575 + X_1) + sqrt(X_0))),21,0.18921501366619864,0.16876130539173448,0.18921501366619864,0.16876130539173448,0.8151480996929525,0.8222452848137354
278,(-1.3008251107152022)(0.18721264343194655 + (-0.2042565418572044)(X_3) + sin(exp(sqrt(1.4055993718340691)) + X_0 + (sqrt(1.4055993718340691))(-3.700501496734638 + X_1) + sqrt(X_0))),21,0.18921501367385593,0.1687614124198093,0.18921501367385593,0.1687614124198093,0.8151480996854717,0.8222451720820585
279,(-1.3008253915757224)(0.1872122316913252 + (-0.20425649272102558)(X_3) + sin(exp(-1.4056033854597865) + X_0 + (sqrt(-1.4056033854597865))(-1.147012399339575 + X_1) + sqrt(X_0))),21,0.18921501366619864,0.16876130539173448,0.18921501366619864,0.16876130539173448,0.8151480996929525,0.8222452848137354
280,(-1.3008253915757224)(0.1872122316913252 + (-0.20425649272102558)(X_3) + sin(exp(-1.4056033854597865) + X_0 + (sqrt(-1.4056033854597865))(-1.147012399339575 + X_1) + sqrt(X_0))),21,0.18921501366619864,0.16876130539173448,0.18921501366619864,0.16876130539173448,0.8151480996929525,0.8222452848137354
281,(-1.3008253915757224)(0.1872122316913252 + (-0.20425649272102558)(X_3) + sin(exp(-1.4056033854597865) + X_0 + (sqrt(-1.4056033854597865))(-1.147012399339575 + X_1) + sqrt(X_0))),21,0.18921501366619864,0.16876130539173448,0.18921501366619864,0.16876130539173448,0.8151480996929525,0.8222452848137354
282,(-1.3008253915757224)(0.1872122316913252 + (-0.20425649272102558)(X_3) + sin(exp(-1.4056033854597865) + X_0 + (sqrt(-1.4056033854597865))(-1.147012399339575 + X_1) + sqrt(X_0))),21,0.18921501366619864,0.16876130539173448,0.18921501366619864,0.16876130539173448,0.8151480996929525,0.8222452848137354
283,(-1.3008253915757224)(0.1872122316913252 + (-0.20425649272102558)(X_3) + sin(exp(-1.4056033854597865) + X_0 + (sqrt(-1.4056033854597865))(-1.147012399339575 + X_1) + sqrt(X_0))),21,0.18921501366619864,0.16876130539173448,0.18921501366619864,0.16876130539173448,0.8151480996929525,0.8222452848137354
284,(-1.3008253915757224)(0.1872122316913252 + (-0.20425649272102558)(X_3) + sin(exp(-1.4056033854597865) + X_0 + (sqrt(-1.4056033854597865))(-1.147012399339575 + X_1) + sqrt(X_0))),21,0.18921501366619864,0.16876130539173448,0.18921501366619864,0.16876130539173448,0.8151480996929525,0.8222452848137354
285,(-1.3008253915757224)(0.1872122316913252 + (-0.20425649272102558)(X_3) + sin(exp(-1.4056033854597865) + X_0 + (sqrt(-1.4056033854597865))(-1.147012399339575 + X_1) + sqrt(X_0))),21,0.18921501366619864,0.16876130539173448,0.18921501366619864,0.16876130539173448,0.8151480996929525,0.8222452848137354
286,(-1.3008253915757224)(0.1872122316913252 + (-0.20425649272102558)(X_3) + sin(exp(-1.4056033854597865) + X_0 + (sqrt(-1.4056033854597865))(-1.147012399339575 + X_1) + sqrt(X_0))),21,0.18921501366619864,0.16876130539173448,0.18921501366619864,0.16876130539173448,0.8151480996929525,0.8222452848137354
287,(-1.3008253915757224)(0.1872122316913252 + (-0.20425649272102558)(X_3) + sin(exp(-1.4056033854597865) + X_0 + (sqrt(-1.4056033854597865))(-1.147012399339575 + X_1) + sqrt(X_0))),21,0.18921501366619864,0.16876130539173448,0.18921501366619864,0.16876130539173448,0.8151480996929525,0.8222452848137354
288,(1.3008252874549269)(-0.1872124056845377 + (0.20425651547271537)(X_3) + sin(1.4056020986149227 + X_0 + (sqrt(1.4056020986149227))(-4.775592694771331 + X_1) + sqrt(X_0))),20,0.18921501366855475,0.16876137032266617,0.18921501366855475,0.16876137032266617,0.8151480996906507,0.8222452164225883
289,(-1.3008253915757224)(0.1872122316913252 + (-0.20425649272102558)(X_3) + sin(exp(-1.4056033854597865) + X_0 + (sqrt(-1.4056033854597865))(-1.147012399339575 + X_1) + sqrt(X_0))),21,0.18921501366619864,0.16876130539173448,0.18921501366619864,0.16876130539173448,0.8151480996929525,0.8222452848137354
290,(-1.3008253915757224)(0.1872122316913252 + (-0.20425649272102558)(X_3) + sin(exp(-1.4056033854597865) + X_0 + (sqrt(-1.4056033854597865))(-1.147012399339575 + X_1) + sqrt(X_0))),21,0.18921501366619864,0.16876130539173448,0.18921501366619864,0.16876130539173448,0.8151480996929525,0.8222452848137354
291,(-0.6172064125049019)(0.013681307045940443 + (-0.418716418046776)(X_3) + sin(X_0 + (-2.4795368325304477)(1.4468805892875882 + X_1) + sqrt(X_0))),18,0.7723807435636633,0.7304261888914343,0.7723807435636633,0.7304261888914343,0.24542960179581674,0.23064888085806012
292,(1.1735491761087737)(-0.799546610555998 + (0.23567201566477375)(X_3) + sin(exp(-0.302893348813293) + X_0 + (log(-0.302893348813293))(X_1) + sqrt(X_0))),19,0.891402458899276,0.8389339112390993,0.891402458899276,0.8389339112390993,0.12915241093607877,0.11635870493978273
293,(-1.3008251866051443)(0.187212484885145 + (-0.20425651852051058)(X_3) + sin(-1.4056000089728427 + X_0 + (sqrt(-1.4056000089728427))(-5.054270621340232 + X_1) + sqrt(X_0))),20,0.18921501367009813,0.1687613277384179,0.18921501367009813,0.1687613277384179,0.8151480996891429,0.8222452612761814
294,(-1.3008253915757224)(0.1872122316913252 + (-0.20425649272102558)(X_3) + sin(exp(-1.4056033854597865) + X_0 + (sqrt(-1.4056033854597865))(-1.147012399339575 + X_1) + sqrt(X_0))),21,0.18921501366619864,0.16876130539173448,0.18921501366619864,0.16876130539173448,0.8151480996929525,0.8222452848137354
295,(-1.3008253915757224)(0.1872122316913252 + (-0.20425649272102558)(X_3) + sin(exp(-1.4056033854597865) + X_0 + (sqrt(-1.4056033854597865))(-1.147012399339575 + X_1) + sqrt(X_0))),21,0.18921501366619864,0.16876130539173448,0.18921501366619864,0.16876130539173448,0.8151480996929525,0.8222452848137354
296,(-1.3008253915757224)(0.1872122316913252 + (-0.20425649272102558)(X_3) + sin(exp(-1.4056033854597865) + X_0 + (sqrt(-1.4056033854597865))(-1.147012399339575 + X_1) + sqrt(X_0))),21,0.18921501366619864,0.16876130539173448,0.18921501366619864,0.16876130539173448,0.8151480996929525,0.8222452848137354
297,(-1.3008253915757224)(0.1872122316913252 + (-0.20425649272102558)(X_3) + sin(exp(-1.4056033854597865) + X_0 + (sqrt(-1.4056033854597865))(-1.147012399339575 + X_1) + sqrt(X_0))),21,0.18921501366619864,0.16876130539173448,0.18921501366619864,0.16876130539173448,0.8151480996929525,0.8222452848137354
298,(-1.300826016693915)(0.1872110467854607 + (-0.20425632686962367)(X_3) + sin(-1.4056098378217483 + X_0 + (sqrt(-1.4056098378217483))(5.545056534333023 + X_1) + sqrt(X_0))),20,0.18921501369106908,0.16876075164362578,0.18921501369106908,0.16876075164362578,0.8151480996686555,0.822245868071474
299,(0.2520007182030406)(sin(sin(0.09856690875636923 + X_1) - (-1.7615438104140646e-10 + X_0))) + (((-1)(sqrt(-1.7615438104140646e-10)))(0.09856690875636923 + X_1) + X_4)(log(log(0.09856690875636923 + X_1))),21,4.043626673970986,3.6604461901417134,4.043626673970986,3.6604461901417134,-2.9503845933412376,-2.8555139667410714
300,(-1.3008253915757224)(0.1872122316913252 + (-0.20425649272102558)(X_3) + sin(exp(-1.4056033854597865) + X_0 + (sqrt(-1.4056033854597865))(-1.147012399339575 + X_1) + sqrt(X_0))),21,0.18921501366619864,0.16876130539173448,0.18921501366619864,0.16876130539173448,0.8151480996929525,0.8222452848137354
301,(-1.3008253915757224)(0.1872122316913252 + (-0.20425649272102558)(X_3) + sin(exp(-1.4056033854597865) + X_0 + (sqrt(-1.4056033854597865))(-1.147012399339575 + X_1) + sqrt(X_0))),21,0.18921501366619864,0.16876130539173448,0.18921501366619864,0.16876130539173448,0.8151480996929525,0.8222452848137354
302,(-1.3008253915757224)(0.1872122316913252 + (-0.20425649272102558)(X_3) + sin(exp(-1.4056033854597865) + X_0 + (sqrt(-1.4056033854597865))(-1.147012399339575 + X_1) + sqrt(X_0))),21,0.18921501366619864,0.16876130539173448,0.18921501366619864,0.16876130539173448,0.8151480996929525,0.8222452848137354
303,(0.08318941074540283)(-0.015964661134186982 + (3.257689682065879)(X_3) + sin(exp(-7.343494101792957) + X_0 + (sqrt(-7.343494101792957))(2.981455488868505 + X_1) + (sqrt(2.981455488868505))(X_9))),23,0.9497588776061975,0.9096329248564897,0.9497588776061975,0.9096329248564897,0.07214163423250053,0.04189209068636768
304,(-1.3008253915757224)(0.1872122316913252 + (-0.20425649272102558)(X_3) + sin(exp(-1.4056033854597865) + X_0 + (sqrt(-1.4056033854597865))(-1.147012399339575 + X_1) + sqrt(X_0))),21,0.18921501366619864,0.16876130539173448,0.18921501366619864,0.16876130539173448,0.8151480996929525,0.8222452848137354
305,(0.8665675504210966)(-0.03169276348797394 + (0.30741231919915285)(X_3) + sin(exp(3.813282007269954) + X_0 + (sqrt(3.813282007269954))(exp(3.813282007269954) + X_1) + sqrt(X_0))),20,0.5737587865083354,0.5946565746261706,0.5737587865083354,0.5946565746261706,0.43947153056767185,0.37365375427173175
306,(-1.3008257098888392)(0.18721170078024635 + (-0.20425642347849632)(X_3) + sin(exp(1.185583121989407) + X_0 + (1.185583121989407)(6.898812829458593 + X_1) + sqrt(X_0))),20,0.18921501366798352,0.16876110863903337,0.18921501366798352,0.16876110863903337,0.8151480996912088,0.8222454920515276
307,(-0.2260152031604684)(0.2682319019767693 + (-1.9301758883536067)(X_3) + sin(exp(3.745865856436557) + X_0 + (sqrt(3.745865856436557))(exp(3.745865856436557) + X_1) + sqrt(X_0))),20,0.808537536433265,0.8287651489918179,0.808537536433265,0.8287651489918179,0.21010654924595362,0.12706936774762623
308,(-1.3008253915757224)(0.1872122316913252 + (-0.20425649272102558)(X_3) + sin(exp(-1.4056033854597865) + X_0 + (sqrt(-1.4056033854597865))(-1.147012399339575 + X_1) + sqrt(X_0))),21,0.18921501366619864,0.16876130539173448,0.18921501366619864,0.16876130539173448,0.8151480996929525,0.8222452848137354
309,(-1.3008253915757224)(0.1872122316913252 + (-0.20425649272102558)(X_3) + sin(exp(-1.4056033854597865) + X_0 + (sqrt(-1.4056033854597865))(-1.147012399339575 + X_1) + sqrt(X_0))),21,0.18921501366619864,0.16876130539173448,0.18921501366619864,0.16876130539173448,0.8151480996929525,0.8222452848137354
310,(-1.3008253915757224)(0.1872122316913252 + (-0.20425649272102558)(X_3) + sin(exp(-1.4056033854597865) + X_0 + (sqrt(-1.4056033854597865))(-1.147012399339575 + X_1) + sqrt(X_0))),21,0.18921501366619864,0.16876130539173448,0.18921501366619864,0.16876130539173448,0.8151480996929525,0.8222452848137354
311,(-1.3008253915757224)(0.1872122316913252 + (-0.20425649272102558)(X_3) + sin(exp(-1.4056033854597865) + X_0 + (sqrt(-1.4056033854597865))(-1.147012399339575 + X_1) + sqrt(X_0))),21,0.18921501366619864,0.16876130539173448,0.18921501366619864,0.16876130539173448,0.8151480996929525,0.8222452848137354
312,(-1.1626587053192248)(-0.20346217874007538 + (-0.23343664703358352)(X_3) + sin(X_0 + (-3.3726020520960103e-06)(82295.68007848188 + X_1) + sqrt(X_0))),18,0.5825669260097281,0.541183149369318,0.5825669260097281,0.541183149369318,0.4308664981579584,0.4299768163297204
313,(-0.1744539009883987)(0.0020961577911712925 + (-1.5792735022774993)(X_3) + sin(exp(4.373383493712954) + X_0 + (4.373383493712954)(12.301707344430953 + X_1) + sqrt(X_0))),20,0.9374320137813134,0.8864043210010301,0.9374320137813134,0.8864043210010301,0.0841842526204678,0.06635856333492562
314,(-1.3008255853385446)(0.18721190696762782 + (-0.20425645022548758)(X_3) + sin(-11.741065573265358 + X_0 + (log((2)(-1.636296214596922)))(-1.636296214596922 + X_1) + sqrt(X_0))),22,0.1892150136656804,0.1687611837815836,0.1892150136656804,0.1687611837815836,0.8151480996934588,0.8222454129045775
315,(-1.3008253915757224)(0.1872122316913252 + (-0.20425649272102558)(X_3) + sin(exp(-1.4056033854597865) + X_0 + (sqrt(-1.4056033854597865))(-1.147012399339575 + X_1) + sqrt(X_0))),21,0.18921501366619864,0.16876130539173448,0.18921501366619864,0.16876130539173448,0.8151480996929525,0.8222452848137354
316,(-1.3008253915757224)(0.1872122316913252 + (-0.20425649272102558)(X_3) + sin(exp(-1.4056033854597865) + X_0 + (sqrt(-1.4056033854597865))(-1.147012399339575 + X_1) + sqrt(X_0))),21,0.18921501366619864,0.16876130539173448,0.18921501366619864,0.16876130539173448,0.8151480996929525,0.8222452848137354
317,(-1.3008253915757224)(0.1872122316913252 + (-0.20425649272102558)(X_3) + sin(exp(-1.4056033854597865) + X_0 + (sqrt(-1.4056033854597865))(-1.147012399339575 + X_1) + sqrt(X_0))),21,0.18921501366619864,0.16876130539173448,0.18921501366619864,0.16876130539173448,0.8151480996929525,0.8222452848137354
318,(-1.3008253915757224)(0.1872122316913252 + (-0.20425649272102558)(X_3) + sin(exp(-1.4056033854597865) + X_0 + (sqrt(-1.4056033854597865))(-1.147012399339575 + X_1) + sqrt(X_0))),21,0.18921501366619864,0.16876130539173448,0.18921501366619864,0.16876130539173448,0.8151480996929525,0.8222452848137354
319,(-1.3008253915757224)(0.1872122316913252 + (-0.20425649272102558)(X_3) + sin(exp(-1.4056033854597865) + X_0 + (sqrt(-1.4056033854597865))(-1.147012399339575 + X_1) + sqrt(X_0))),21,0.18921501366619864,0.16876130539173448,0.18921501366619864,0.16876130539173448,0.8151480996929525,0.8222452848137354
320,(-1.3008253915757224)(0.1872122316913252 + (-0.20425649272102558)(X_3) + sin(exp(-1.4056033854597865) + X_0 + (sqrt(-1.4056033854597865))(-1.147012399339575 + X_1) + sqrt(X_0))),21,0.18921501366619864,0.16876130539173448,0.18921501366619864,0.16876130539173448,0.8151480996929525,0.8222452848137354
321,(-1.3008253915757224)(0.1872122316913252 + (-0.20425649272102558)(X_3) + sin(exp(-1.4056033854597865) + X_0 + (sqrt(-1.4056033854597865))(-1.147012399339575 + X_1) + sqrt(X_0))),21,0.18921501366619864,0.16876130539173448,0.18921501366619864,0.16876130539173448,0.8151480996929525,0.8222452848137354
322,(1.3008249795746523)(-0.18721304097989297 + (0.20425660872142634)(X_3) + sin(sin(-1.4055994598220207) + X_0 + (sqrt(-1.4055994598220207))(2.541647175671046 + X_1) + sqrt(X_0))),21,0.18921501369252267,0.16876170572381774,0.18921501369252267,0.16876170572381774,0.8151480996672356,0.8222448631476712
323,(-1.3008250315711807)(0.1872126084822265 + X_3 + (-1.2042565237106921)(X_3) + sin(exp(-1.4055968246553514) + X_0 + (sqrt(-1.4055968246553514))(-6.446694256444851 + X_1) + sqrt(X_0))),22,0.18921501367579677,0.1687612648160118,0.18921501367579677,0.1687612648160118,0.8151480996835757,0.8222453275517672
324,(-1.3008254151831546)(0.18721213330453834 + (-0.2042564750432386)(X_3) + sin(11.048061496545222 + X_0 + (sqrt(exp(0.34046647850003087)))(0.34046647850003087 + X_1) + sqrt(X_0))),21,0.18921501366550134,0.16876122115214615,0.18921501366550134,0.16876122115214615,0.8151480996936338,0.8222453735425113
325,(-1.3008253915757224)(0.1872122316913252 + (-0.20425649272102558)(X_3) + sin(exp(-1.4056033854597865) + X_0 + (sqrt(-1.4056033854597865))(-1.147012399339575 + X_1) + sqrt(X_0))),21,0.18921501366619864,0.16876130539173448,0.18921501366619864,0.16876130539173448,0.8151480996929525,0.8222452848137354
326,(-1.3008253915757224)(0.1872122316913252 + (-0.20425649272102558)(X_3) + sin(exp(-1.4056033854597865) + X_0 + (sqrt(-1.4056033854597865))(-1.147012399339575 + X_1) + sqrt(X_0))),21,0.18921501366619864,0.16876130539173448,0.18921501366619864,0.16876130539173448,0.8151480996929525,0.8222452848137354
327,(-1.3008253915757224)(0.1872122316913252 + (-0.20425649272102558)(X_3) + sin(exp(-1.4056033854597865) + X_0 + (sqrt(-1.4056033854597865))(-1.147012399339575 + X_1) + sqrt(X_0))),21,0.18921501366619864,0.16876130539173448,0.18921501366619864,0.16876130539173448,0.8151480996929525,0.8222452848137354
328,(-1.3008253915757224)(0.1872122316913252 + (-0.20425649272102558)(X_3) + sin(exp(-1.4056033854597865) + X_0 + (sqrt(-1.4056033854597865))(-1.147012399339575 + X_1) + sqrt(X_0))),21,0.18921501366619864,0.16876130539173448,0.18921501366619864,0.16876130539173448,0.8151480996929525,0.8222452848137354
329,(-1.3008252858357565)(0.1872123472644099 + (-0.2042565028253696)(X_3) + sin(exp(0.7114391946897478) + X_0 + ((sqrt(0.7114391946897478))^(-1))(2.641412161324535 + X_1) + sqrt(X_0))),23,0.18921501366749785,0.16876129908997542,0.18921501366749785,0.16876129908997542,0.8151480996916832,0.8222452914513196
330,(-1.3008253369229785)(0.18721228184338506 + (-0.2042564959032365)(X_3) + sin(X_0 + (1.1855810054723663)(-0.9401783752831621 + X_1) + sqrt(X_0))),18,0.1892150136666018,0.16876129077861193,0.1892150136666018,0.16876129077861193,0.8151480996925586,0.8222453002056016
331,(-1.2102408071404924)(0.002284417353301658 + (-0.2215380163159985)(X_3) + sin(exp(1.4954366891618365) + X_0 + (sqrt(1.4954366891618365))(16.65531343990417 + X_1))),19,0.27505945250127306,0.24035953457741668,0.27505945250127306,0.24035953457741668,0.7312831497506089,0.7468315351558996
332,(-0.61720610111093)(0.01368772775129564 + (-0.4187167621420971)(X_3) + sin(X_0 + (-2.4795181655853584)(-1.087147733928528 + X_1) + sqrt(X_0))),18,0.7723807442671698,0.7304263787839571,0.7723807442671698,0.7304263787839571,0.2454296011085323,0.23064868084602996
333,(1.3008253907713474)(-0.18721218823186414 + (0.20425648337267666)(X_3) + sin(-1.4056029522971785 + X_0 + (sqrt(-1.4056029522971785))(-13.003763429651148 + X_1) + sqrt(X_0))),20,0.18921501366574991,0.16876125303372025,0.18921501366574991,0.16876125303372025,0.8151480996933909,0.8222453399619454
334,(-1.3008253915757224)(0.1872122316913252 + (-0.20425649272102558)(X_3) + sin(exp(-1.4056033854597865) + X_0 + (sqrt(-1.4056033854597865))(-1.147012399339575 + X_1) + sqrt(X_0))),21,0.18921501366619864,0.16876130539173448,0.18921501366619864,0.16876130539173448,0.8151480996929525,0.8222452848137354
335,(-1.3008253915757224)(0.1872122316913252 + (-0.20425649272102558)(X_3) + sin(exp(-1.4056033854597865) + X_0 + (sqrt(-1.4056033854597865))(-1.147012399339575 + X_1) + sqrt(X_0))),21,0.18921501366619864,0.16876130539173448,0.18921501366619864,0.16876130539173448,0.8151480996929525,0.8222452848137354
336,(-1.3008253915757224)(0.1872122316913252 + (-0.20425649272102558)(X_3) + sin(exp(-1.4056033854597865) + X_0 + (sqrt(-1.4056033854597865))(-1.147012399339575 + X_1) + sqrt(X_0))),21,0.18921501366619864,0.16876130539173448,0.18921501366619864,0.16876130539173448,0.8151480996929525,0.8222452848137354
337,(-1.3008253915757224)(0.1872122316913252 + (-0.20425649272102558)(X_3) + sin(exp(-1.4056033854597865) + X_0 + (sqrt(-1.4056033854597865))(-1.147012399339575 + X_1) + sqrt(X_0))),21,0.18921501366619864,0.16876130539173448,0.18921501366619864,0.16876130539173448,0.8151480996929525,0.8222452848137354
338,(-1.3008255442599952)(0.1872119287786211 + (-0.20425644924730843)(X_3) + sin(exp(0.7114375120817069) + X_0 + ((sqrt(0.7114375120817069))^(-1))(-2.658252527614577 + X_1) + sqrt(X_0))),23,0.1892150136655808,0.1687611541106151,0.1892150136655808,0.1687611541106151,0.8151480996935561,0.8222454441567331
339,(-1.3008253915757224)(0.1872122316913252 + (-0.20425649272102558)(X_3) + sin(exp(-1.4056033854597865) + X_0 + (sqrt(-1.4056033854597865))(-1.147012399339575 + X_1) + sqrt(X_0))),21,0.18921501366619864,0.16876130539173448,0.18921501366619864,0.16876130539173448,0.8151480996929525,0.8222452848137354
340,(-1.3008253915757224)(0.1872122316913252 + (-0.20425649272102558)(X_3) + sin(exp(-1.4056033854597865) + X_0 + (sqrt(-1.4056033854597865))(-1.147012399339575 + X_1) + sqrt(X_0))),21,0.18921501366619864,0.16876130539173448,0.18921501366619864,0.16876130539173448,0.8151480996929525,0.8222452848137354
341,(-1.3008253915757224)(0.1872122316913252 + (-0.20425649272102558)(X_3) + sin(exp(-1.4056033854597865) + X_0 + (sqrt(-1.4056033854597865))(-1.147012399339575 + X_1) + sqrt(X_0))),21,0.18921501366619864,0.16876130539173448,0.18921501366619864,0.16876130539173448,0.8151480996929525,0.8222452848137354
342,(-1.3008253915757224)(0.1872122316913252 + (-0.20425649272102558)(X_3) + sin(exp(-1.4056033854597865) + X_0 + (sqrt(-1.4056033854597865))(-1.147012399339575 + X_1) + sqrt(X_0))),21,0.18921501366619864,0.16876130539173448,0.18921501366619864,0.16876130539173448,0.8151480996929525,0.8222452848137354
343,(-1.3008253915757224)(0.1872122316913252 + (-0.20425649272102558)(X_3) + sin(exp(-1.4056033854597865) + X_0 + (sqrt(-1.4056033854597865))(-1.147012399339575 + X_1) + sqrt(X_0))),21,0.18921501366619864,0.16876130539173448,0.18921501366619864,0.16876130539173448,0.8151480996929525,0.8222452848137354
344,(0.6172118910165448)(-0.01356675326606128 + (0.4187103341952058)(X_3) + sin(exp(3.6920104250873726) + X_0 + (-2.4798699379759537)(3.6920104250873726 + X_1) + sqrt(X_0))),20,0.7723807432126336,0.73042281216731,0.7723807432126336,0.73042281216731,0.24542960213875198,0.2306524375302108
345,(-1.3008252038678296)(0.18721247813356995 + (-0.20425651944042678)(X_3) + sin(-1.4056004304567065 + X_0 + (sqrt(-1.4056004304567065))(-5.054269410800976 + X_1) + sqrt(X_0))),20,0.18921501366981758,0.168761343076886,0.18921501366981758,0.168761343076886,0.815148099689417,0.8222452451203154
346,(1.3008256059043397)(-0.18721197255202393 + (0.2042564670162581)(X_3) + sin(-2.5897870559366662 + X_0 + (sqrt(-1.4056069776934323))(-1.4056069776934323 + X_1) + sqrt(X_0))),20,0.1892150136667843,0.1687612890928242,0.1892150136667843,0.1687612890928242,0.8151480996923803,0.8222453019812261
347,(-1.119092775419274)((0.3768928957985333)(X_2) + (-0.4565499520872304)(X_3) + sin(exp(2.1098120116585166) + X_0 + (sqrt(2.1098120116585166))(2.1022770179193713 + X_1) + sqrt(X_0))),23,0.17547216523565629,0.17984429788933193,0.17547216523565629,0.17984429788933193,0.8285740514649355,0.8105716717763807
348,(-1.3008253915757224)(0.1872122316913252 + (-0.20425649272102558)(X_3) + sin(exp(-1.4056033854597865) + X_0 + (sqrt(-1.4056033854597865))(-1.147012399339575 + X_1) + sqrt(X_0))),21,0.18921501366619864,0.16876130539173448,0.18921501366619864,0.16876130539173448,0.8151480996929525,0.8222452848137354
349,(0.6172074052836873)(-0.013660785226825237 + (0.4187153201369351)(X_3) + sin(exp(-2.479596505394464) + X_0 + (-2.479596505394464)(0.21366912381029968 + X_1) + sqrt(X_0))),20,0.7723807418004897,0.7304255815578503,0.7723807418004897,0.7304255815578503,0.2454296035183332,0.23064952055688204
350,(-1.3008253915757224)(0.1872122316913252 + (-0.20425649272102558)(X_3) + sin(exp(-1.4056033854597865) + X_0 + (sqrt(-1.4056033854597865))(-1.147012399339575 + X_1) + sqrt(X_0))),21,0.18921501366619864,0.16876130539173448,0.18921501366619864,0.16876130539173448,0.8151480996929525,0.8222452848137354
351,(-1.3008253915757224)(0.1872122316913252 + (-0.20425649272102558)(X_3) + sin(exp(-1.4056033854597865) + X_0 + (sqrt(-1.4056033854597865))(-1.147012399339575 + X_1) + sqrt(X_0))),21,0.18921501366619864,0.16876130539173448,0.18921501366619864,0.16876130539173448,0.8151480996929525,0.8222452848137354
352,(-1.3008253915757224)(0.1872122316913252 + (-0.20425649272102558)(X_3) + sin(exp(-1.4056033854597865) + X_0 + (sqrt(-1.4056033854597865))(-1.147012399339575 + X_1) + sqrt(X_0))),21,0.18921501366619864,0.16876130539173448,0.18921501366619864,0.16876130539173448,0.8151480996929525,0.8222452848137354
353,(-1.3008253915757224)(0.1872122316913252 + (-0.20425649272102558)(X_3) + sin(exp(-1.4056033854597865) + X_0 + (sqrt(-1.4056033854597865))(-1.147012399339575 + X_1) + sqrt(X_0))),21,0.18921501366619864,0.16876130539173448,0.18921501366619864,0.16876130539173448,0.8151480996929525,0.8222452848137354
354,(-1.3008253915757224)(0.1872122316913252 + (-0.20425649272102558)(X_3) + sin(exp(-1.4056033854597865) + X_0 + (sqrt(-1.4056033854597865))(-1.147012399339575 + X_1) + sqrt(X_0))),21,0.18921501366619864,0.16876130539173448,0.18921501366619864,0.16876130539173448,0.8151480996929525,0.8222452848137354
355,(-1.3008253915757224)(0.1872122316913252 + (-0.20425649272102558)(X_3) + sin(exp(-1.4056033854597865) + X_0 + (sqrt(-1.4056033854597865))(-1.147012399339575 + X_1) + sqrt(X_0))),21,0.18921501366619864,0.16876130539173448,0.18921501366619864,0.16876130539173448,0.8151480996929525,0.8222452848137354
356,(-1.3008176787037373)(0.18721777803018086 + (-0.20425661860860694)(X_3) + sin(-1.4054388083412597 + X_0 + (sqrt(-1.4054388083412597))(exp(-1.4054388083412597) + X_1) + sqrt(X_0))),20,0.18921501927254902,0.16875745568799436,0.18921501927254902,0.16875745568799436,0.8151480942158791,0.8222493396709214
357,(-1.3008253915757224)(0.1872122316913252 + (-0.20425649272102558)(X_3) + sin(exp(-1.4056033854597865) + X_0 + (sqrt(-1.4056033854597865))(-1.147012399339575 + X_1) + sqrt(X_0))),21,0.18921501366619864,0.16876130539173448,0.18921501366619864,0.16876130539173448,0.8151480996929525,0.8222452848137354
358,(-1.3008253915757224)(0.1872122316913252 + (-0.20425649272102558)(X_3) + sin(exp(-1.4056033854597865) + X_0 + (sqrt(-1.4056033854597865))(-1.147012399339575 + X_1) + sqrt(X_0))),21,0.18921501366619864,0.16876130539173448,0.18921501366619864,0.16876130539173448,0.8151480996929525,0.8222452848137354
359,(-1.3008253915757224)(0.1872122316913252 + (-0.20425649272102558)(X_3) + sin(exp(-1.4056033854597865) + X_0 + (sqrt(-1.4056033854597865))(-1.147012399339575 + X_1) + sqrt(X_0))),21,0.18921501366619864,0.16876130539173448,0.18921501366619864,0.16876130539173448,0.8151480996929525,0.8222452848137354
360,(-1.3008253915757224)(0.1872122316913252 + (-0.20425649272102558)(X_3) + sin(exp(-1.4056033854597865) + X_0 + (sqrt(-1.4056033854597865))(-1.147012399339575 + X_1) + sqrt(X_0))),21,0.18921501366619864,0.16876130539173448,0.18921501366619864,0.16876130539173448,0.8151480996929525,0.8222452848137354
361,(-1.3008253915757224)(0.1872122316913252 + (-0.20425649272102558)(X_3) + sin(exp(-1.4056033854597865) + X_0 + (sqrt(-1.4056033854597865))(-1.147012399339575 + X_1) + sqrt(X_0))),21,0.18921501366619864,0.16876130539173448,0.18921501366619864,0.16876130539173448,0.8151480996929525,0.8222452848137354
362,(-1.3008253915757224)(0.1872122316913252 + (-0.20425649272102558)(X_3) + sin(exp(-1.4056033854597865) + X_0 + (sqrt(-1.4056033854597865))(-1.147012399339575 + X_1) + sqrt(X_0))),21,0.18921501366619864,0.16876130539173448,0.18921501366619864,0.16876130539173448,0.8151480996929525,0.8222452848137354
363,(-1.3008253915757224)(0.1872122316913252 + (-0.20425649272102558)(X_3) + sin(exp(-1.4056033854597865) + X_0 + (sqrt(-1.4056033854597865))(-1.147012399339575 + X_1) + sqrt(X_0))),21,0.18921501366619864,0.16876130539173448,0.18921501366619864,0.16876130539173448,0.8151480996929525,0.8222452848137354
364,(1.356719377646641)(-0.324365978819919 + (0.19608327004439102)(X_3) + sin(-5.073783310063546 + X_0 + sqrt(X_0) + (0.6160155580773687 + X_1)(sqrt(0.6160155580773687 + X_1)))),20,0.15871564248145142,0.15052253486202236,0.15871564248145142,0.15052253486202236,0.8449441851749244,0.8414560123755489
365,(-1.3008253915757224)(0.1872122316913252 + (-0.20425649272102558)(X_3) + sin(exp(-1.4056033854597865) + X_0 + (sqrt(-1.4056033854597865))(-1.147012399339575 + X_1) + sqrt(X_0))),21,0.18921501366619864,0.16876130539173448,0.18921501366619864,0.16876130539173448,0.8151480996929525,0.8222452848137354
366,(1.300825209774267)(-0.18721243973399357 + (0.20425651209162057)(X_3) + sin(exp(1.4056002345764285) + X_0 + (sqrt(1.4056002345764285))(-1.7299871319914413 + X_1) + sqrt(X_0))),21,0.1892150136692696,0.16876130563760575,0.1892150136692696,0.16876130563760575,0.8151480996899524,0.8222452845547615
367,(-1.3008253915757224)(0.1872122316913252 + (-0.20425649272102558)(X_3) + sin(exp(-1.4056033854597865) + X_0 + (sqrt(-1.4056033854597865))(-1.147012399339575 + X_1) + sqrt(X_0))),21,0.18921501366619864,0.16876130539173448,0.18921501366619864,0.16876130539173448,0.8151480996929525,0.8222452848137354
368,(-1.3008253915757224)(0.1872122316913252 + (-0.20425649272102558)(X_3) + sin(exp(-1.4056033854597865) + X_0 + (sqrt(-1.4056033854597865))(-1.147012399339575 + X_1) + sqrt(X_0))),21,0.18921501366619864,0.16876130539173448,0.18921501366619864,0.16876130539173448,0.8151480996929525,0.8222452848137354
369,(-1.3008253915757224)(0.1872122316913252 + (-0.20425649272102558)(X_3) + sin(exp(-1.4056033854597865) + X_0 + (sqrt(-1.4056033854597865))(-1.147012399339575 + X_1) + sqrt(X_0))),21,0.18921501366619864,0.16876130539173448,0.18921501366619864,0.16876130539173448,0.8151480996929525,0.8222452848137354
370,(1.4669479351021069)(sin(3.310233938466294 + sin(exp(-1.4285335361160447) + X_0 + (sqrt(-1.4285335361160447))(-1.1356149412592274 + X_1) + sqrt(X_0)))),18,0.2769044969928457,0.250678633422267,0.2769044969928457,0.250678633422267,0.7294806501824724,0.7359625242064554
371,(-1.3008257891903021)(0.18721154154611047 + (-0.20425640053606126)(X_3) + sin((1.4056080728091043)^(1.4056080728091043) + X_0 + (sqrt(1.4056080728091043))(1831.379923271276 + X_1) + sqrt(X_0))),21,0.18921501367520305,0.16876092599728798,0.18921501367520305,0.16876092599728798,0.8151480996841558,0.8222456844263814
372,(-1.3008253915757224)(0.1872122316913252 + (-0.20425649272102558)(X_3) + sin(exp(-1.4056033854597865) + X_0 + (sqrt(-1.4056033854597865))(-1.147012399339575 + X_1) + sqrt(X_0))),21,0.18921501366619864,0.16876130539173448,0.18921501366619864,0.16876130539173448,0.8151480996929525,0.8222452848137354
373,(-1.3008253915757224)(0.1872122316913252 + (-0.20425649272102558)(X_3) + sin(exp(-1.4056033854597865) + X_0 + (sqrt(-1.4056033854597865))(-1.147012399339575 + X_1) + sqrt(X_0))),21,0.18921501366619864,0.16876130539173448,0.18921501366619864,0.16876130539173448,0.8151480996929525,0.8222452848137354
374,(-1.3008253915757224)(0.1872122316913252 + (-0.20425649272102558)(X_3) + sin(exp(-1.4056033854597865) + X_0 + (sqrt(-1.4056033854597865))(-1.147012399339575 + X_1) + sqrt(X_0))),21,0.18921501366619864,0.16876130539173448,0.18921501366619864,0.16876130539173448,0.8151480996929525,0.8222452848137354
375,(-1.3008253915757224)(0.1872122316913252 + (-0.20425649272102558)(X_3) + sin(exp(-1.4056033854597865) + X_0 + (sqrt(-1.4056033854597865))(-1.147012399339575 + X_1) + sqrt(X_0))),21,0.18921501366619864,0.16876130539173448,0.18921501366619864,0.16876130539173448,0.8151480996929525,0.8222452848137354
376,(-1.3008253915757224)(0.1872122316913252 + (-0.20425649272102558)(X_3) + sin(exp(-1.4056033854597865) + X_0 + (sqrt(-1.4056033854597865))(-1.147012399339575 + X_1) + sqrt(X_0))),21,0.18921501366619864,0.16876130539173448,0.18921501366619864,0.16876130539173448,0.8151480996929525,0.8222452848137354
377,(-1.3008253915757224)(0.1872122316913252 + (-0.20425649272102558)(X_3) + sin(exp(-1.4056033854597865) + X_0 + (sqrt(-1.4056033854597865))(-1.147012399339575 + X_1) + sqrt(X_0))),21,0.18921501366619864,0.16876130539173448,0.18921501366619864,0.16876130539173448,0.8151480996929525,0.8222452848137354
378,(-1.3008253915757224)(0.1872122316913252 + (-0.20425649272102558)(X_3) + sin(exp(-1.4056033854597865) + X_0 + (sqrt(-1.4056033854597865))(-1.147012399339575 + X_1) + sqrt(X_0))),21,0.18921501366619864,0.16876130539173448,0.18921501366619864,0.16876130539173448,0.8151480996929525,0.8222452848137354
379,(0.9771448080028124)(sin(0.03344212758720685 + sin(-3.3949826203910347 + X_1) - (X_0))) + (exp(-3.3949826203910347))(log(log(X_1))),16,0.46478828506429426,0.3984771939460948,0.46478828506429426,0.3984771939460948,0.5459292787085177,0.580287673446859
380,(-1.3008253915757224)(0.1872122316913252 + (-0.20425649272102558)(X_3) + sin(exp(-1.4056033854597865) + X_0 + (sqrt(-1.4056033854597865))(-1.147012399339575 + X_1) + sqrt(X_0))),21,0.18921501366619864,0.16876130539173448,0.18921501366619864,0.16876130539173448,0.8151480996929525,0.8222452848137354
381,(0.5668260303986409)(-0.1045928364070865 + (0.6455982015449473)(X_3) + sin(X_0 + exp(X_3) + sqrt(X_0) + (1.7593247680037358 + X_1)(sqrt(X_3)))),20,0.7954680886998035,0.6732847853781161,0.7954680886998035,0.6732847853781161,0.22287462828304327,0.2908353903382763
382,(-1.3008253915757224)(0.1872122316913252 + (-0.20425649272102558)(X_3) + sin(exp(-1.4056033854597865) + X_0 + (sqrt(-1.4056033854597865))(-1.147012399339575 + X_1) + sqrt(X_0))),21,0.18921501366619864,0.16876130539173448,0.18921501366619864,0.16876130539173448,0.8151480996929525,0.8222452848137354
383,(-1.3008253915757224)(0.1872122316913252 + (-0.20425649272102558)(X_3) + sin(exp(-1.4056033854597865) + X_0 + (sqrt(-1.4056033854597865))(-1.147012399339575 + X_1) + sqrt(X_0))),21,0.18921501366619864,0.16876130539173448,0.18921501366619864,0.16876130539173448,0.8151480996929525,0.8222452848137354
384,(-1.3008253915757224)(0.1872122316913252 + (-0.20425649272102558)(X_3) + sin(exp(-1.4056033854597865) + X_0 + (sqrt(-1.4056033854597865))(-1.147012399339575 + X_1) + sqrt(X_0))),21,0.18921501366619864,0.16876130539173448,0.18921501366619864,0.16876130539173448,0.8151480996929525,0.8222452848137354
385,(1.3008255852739476)(-0.18721198992857196 + (0.20425646787292362)(X_3) + sin(-2.5897878341493117 + X_0 + (sqrt(-1.4056065595710063))(-1.4056065595710063 + X_1) + sqrt(X_0))),20,0.1892150136663709,0.16876128168932883,0.1892150136663709,0.16876128168932883,0.8151480996927842,0.822245309779259
386,(-1.3008253915757224)(0.1872122316913252 + (-0.20425649272102558)(X_3) + sin(exp(-1.4056033854597865) + X_0 + (sqrt(-1.4056033854597865))(-1.147012399339575 + X_1) + sqrt(X_0))),21,0.18921501366619864,0.16876130539173448,0.18921501366619864,0.16876130539173448,0.8151480996929525,0.8222452848137354
387,(1.3008251805680702)(-0.1872123327729769 + (0.20425648553307307)(X_3) + sin(6.370166189598324 + X_0 + (log((2)(1.6362911367826514)))(1.6362911367826514 + X_1) + sqrt(X_0))),22,0.18921501367158808,0.1687611407135655,0.18921501367158808,0.1687611407135655,0.8151480996876873,0.822245458267721
388,(-1.3008253915757224)(0.1872122316913252 + (-0.20425649272102558)(X_3) + sin(exp(-1.4056033854597865) + X_0 + (sqrt(-1.4056033854597865))(-1.147012399339575 + X_1) + sqrt(X_0))),21,0.18921501366619864,0.16876130539173448,0.18921501366619864,0.16876130539173448,0.8151480996929525,0.8222452848137354
389,(1.3008259753581406)(-0.18721138844481175 + (0.20425639353986905)(X_3) + sin(1.4056118786103085 + X_0 + (sqrt(1.4056118786103085))(0.5240621613652465 + X_1) + sqrt(X_0))),20,0.18921501367702998,0.16876109897471556,0.18921501367702998,0.16876109897471556,0.8151480996823709,0.8222455022308638
390,(-1.3008253915757224)(0.1872122316913252 + (-0.20425649272102558)(X_3) + sin(exp(-1.4056033854597865) + X_0 + (sqrt(-1.4056033854597865))(-1.147012399339575 + X_1) + sqrt(X_0))),21,0.18921501366619864,0.16876130539173448,0.18921501366619864,0.16876130539173448,0.8151480996929525,0.8222452848137354
391,(-1.3008253915757224)(0.1872122316913252 + (-0.20425649272102558)(X_3) + sin(exp(-1.4056033854597865) + X_0 + (sqrt(-1.4056033854597865))(-1.147012399339575 + X_1) + sqrt(X_0))),21,0.18921501366619864,0.16876130539173448,0.18921501366619864,0.16876130539173448,0.8151480996929525,0.8222452848137354
392,(-1.3008251475808967)(0.18721250146055987 + (-0.20425651673315118)(X_3) + sin(-0.28143245028285846 + X_0 + (sqrt((2)(-0.7027995348702242)))(-0.7027995348702242 + X_1) + sqrt(X_0))),22,0.18921501367108046,0.16876129459786732,0.18921501367108046,0.16876129459786732,0.8151480996881832,0.8222452961828154
393,(-1.3008253915757224)(0.1872122316913252 + (-0.20425649272102558)(X_3) + sin(exp(-1.4056033854597865) + X_0 + (sqrt(-1.4056033854597865))(-1.147012399339575 + X_1) + sqrt(X_0))),21,0.18921501366619864,0.16876130539173448,0.18921501366619864,0.16876130539173448,0.8151480996929525,0.8222452848137354
394,(-1.3008253915757224)(0.1872122316913252 + (-0.20425649272102558)(X_3) + sin(exp(-1.4056033854597865) + X_0 + (sqrt(-1.4056033854597865))(-1.147012399339575 + X_1) + sqrt(X_0))),21,0.18921501366619864,0.16876130539173448,0.18921501366619864,0.16876130539173448,0.8151480996929525,0.8222452848137354
395,(-1.3008253915757224)(0.1872122316913252 + (-0.20425649272102558)(X_3) + sin(exp(-1.4056033854597865) + X_0 + (sqrt(-1.4056033854597865))(-1.147012399339575 + X_1) + sqrt(X_0))),21,0.18921501366619864,0.16876130539173448,0.18921501366619864,0.16876130539173448,0.8151480996929525,0.8222452848137354
396,(-1.3008253915757224)(0.1872122316913252 + (-0.20425649272102558)(X_3) + sin(exp(-1.4056033854597865) + X_0 + (sqrt(-1.4056033854597865))(-1.147012399339575 + X_1) + sqrt(X_0))),21,0.18921501366619864,0.16876130539173448,0.18921501366619864,0.16876130539173448,0.8151480996929525,0.8222452848137354
397,(1.3008255305509853)(-0.1872120158874593 + (0.20425646587176657)(X_3) + sin(exp(2.323037583932951) + X_0 + ((2.323037583932951)^(exp(-1.5996454544178405)))(-1.5996454544178405 + X_1) + sqrt(X_0))),22,0.18921501366540017,0.1687612383231123,0.18921501366540017,0.1687612383231123,0.8151480996937326,0.8222453554564921
398,(-1.3008253915757224)(0.1872122316913252 + (-0.20425649272102558)(X_3) + sin(exp(-1.4056033854597865) + X_0 + (sqrt(-1.4056033854597865))(-1.147012399339575 + X_1) + sqrt(X_0))),21,0.18921501366619864,0.16876130539173448,0.18921501366619864,0.16876130539173448,0.8151480996929525,0.8222452848137354
399,(-1.3008253915757224)(0.1872122316913252 + (-0.20425649272102558)(X_3) + sin(exp(-1.4056033854597865) + X_0 + (sqrt(-1.4056033854597865))(-1.147012399339575 + X_1) + sqrt(X_0))),21,0.18921501366619864,0.16876130539173448,0.18921501366619864,0.16876130539173448,0.8151480996929525,0.8222452848137354
400,(1.3008259725877331)(-0.18721159370885834 + (0.20425643708474397)(X_3) + sin(sin(1.405613766099174) + X_0 + (sqrt(1.405613766099174))(0.877664036392674 + X_1) + sqrt(X_0))),21,0.18921501368135768,0.16876133889580447,0.18921501368135768,0.16876133889580447,0.8151480996781431,0.8222452495242097
401,(-1.3008253915757224)(0.1872122316913252 + (-0.20425649272102558)(X_3) + sin(exp(-1.4056033854597865) + X_0 + (sqrt(-1.4056033854597865))(-1.147012399339575 + X_1) + sqrt(X_0))),21,0.18921501366619864,0.16876130539173448,0.18921501366619864,0.16876130539173448,0.8151480996929525,0.8222452848137354
402,(-1.3008253915757224)(0.1872122316913252 + (-0.20425649272102558)(X_3) + sin(exp(-1.4056033854597865) + X_0 + (sqrt(-1.4056033854597865))(-1.147012399339575 + X_1) + sqrt(X_0))),21,0.18921501366619864,0.16876130539173448,0.18921501366619864,0.16876130539173448,0.8151480996929525,0.8222452848137354
403,(-1.3008256554940896)(0.18721183695093746 + (-0.20425644495883863)(X_3) + sin(1.4056070916688106 + X_0 + (sqrt(1.4056070916688106))(3.173897652095603 + X_1) + sqrt(X_0))),20,0.18921501366660282,0.16876119592240477,0.18921501366660282,0.16876119592240477,0.8151480996925576,0.8222454001167634
404,(-1.3008253915757224)(0.1872122316913252 + (-0.20425649272102558)(X_3) + sin(exp(-1.4056033854597865) + X_0 + (sqrt(-1.4056033854597865))(-1.147012399339575 + X_1) + sqrt(X_0))),21,0.18921501366619864,0.16876130539173448,0.18921501366619864,0.16876130539173448,0.8151480996929525,0.8222452848137354
405,(log((2)(-0.207803794992116)))(0.034233675738955145 + (-0.3034978304311045)(X_3) + sin(exp(3.762557680999131) + X_0 + (sqrt(3.762557680999131))(-0.207803794992116 + X_1) + sqrt(X_0))),23,0.5660069055911233,0.5856482510657329,0.5660069055911233,0.5856482510657329,0.44704466068423077,0.3831421377911314
406,(-1.3008253915757224)(0.1872122316913252 + (-0.20425649272102558)(X_3) + sin(exp(-1.4056033854597865) + X_0 + (sqrt(-1.4056033854597865))(-1.147012399339575 + X_1) + sqrt(X_0))),21,0.18921501366619864,0.16876130539173448,0.18921501366619864,0.16876130539173448,0.8151480996929525,0.8222452848137354
407,(-1.3008253915757224)(0.1872122316913252 + (-0.20425649272102558)(X_3) + sin(exp(-1.4056033854597865) + X_0 + (sqrt(-1.4056033854597865))(-1.147012399339575 + X_1) + sqrt(X_0))),21,0.18921501366619864,0.16876130539173448,0.18921501366619864,0.16876130539173448,0.8151480996929525,0.8222452848137354
408,(1.3655501094701192)(-0.35082793190300443 + (0.19129889128713612)(X_3) + sin((1.3814782738287807)(1.3814782738287807) + X_0 + (sqrt(1.3814782738287807))(15.385669677766304 + X_1) + sqrt(X_0) + sqrt(X_1))),23,0.14092574919115522,0.12909011224658795,0.14092574919115522,0.12909011224658795,0.8623238609060068,0.8640305840104089
409,(-1.3008253915757224)(0.1872122316913252 + (-0.20425649272102558)(X_3) + sin(exp(-1.4056033854597865) + X_0 + (sqrt(-1.4056033854597865))(-1.147012399339575 + X_1) + sqrt(X_0))),21,0.18921501366619864,0.16876130539173448,0.18921501366619864,0.16876130539173448,0.8151480996929525,0.8222452848137354
410,((sqrt(-9.193830881337479e-11))^(log((2)(-7.089898684426572))))(-0.6475016996875114 + (-4.188935792238925)(X_3) + sin(exp(-9.193830881337479e-11) + X_0 + (sqrt(-9.193830881337479e-11))(-7.089898684426572 + X_1) + sqrt(X_0))),24,1.0236554945345604,0.9496149444044584,1.0236554945345604,0.9496149444044584,-5.099890372517457e-05,-0.0002205990728390006
411,(-1.300826003514705)(0.18721136353118298 + (-0.20425639212326782)(X_3) + sin(exp(1.4056124390259175) + X_0 + (sqrt(1.4056124390259175))(32.71769144942519 + X_1) + sqrt(X_0))),21,0.1892150136784225,0.16876110693467236,0.1892150136784225,0.16876110693467236,0.8151480996810105,0.8222454938467153
412,(-0.6172115687036962)(0.01357358168396426 + (-0.4187106938261605)(X_3) + sin(X_0 + (-2.4798500805845847)(1.4467721618964522 + X_1) + sqrt(X_0))),18,0.7723807425853009,0.7304230126079598,0.7723807425853009,0.7304230126079598,0.24542960275161896,0.23065222640793637
413,(-1.3008253476176816)(0.1872122073316116 + (-0.2042564815489677)(X_3) + sin(-1.4056019195689176 + X_0 + (sqrt(-1.4056019195689176))(0.24540172790399883 + X_1) + sqrt(X_0))),20,0.1892150136662791,0.16876121737530358,0.1892150136662791,0.16876121737530358,0.8151480996928739,0.8222453775206244
414,(-1.3008253066144364)(0.18721236383946535 + (-0.2042565091923772)(X_3) + sin(-1.4056022421879986 + X_0 + (sqrt(-1.4056022421879986))(-26.25293594916329 + X_1) + sqrt(X_0))),20,0.18921501366780435,0.16876134743555984,0.18921501366780435,0.16876134743555984,0.8151480996913838,0.8222452405293648
415,(1.3008254970437683)(-0.18721205974631272 + (0.20425647060520974)(X_3) + sin(-1.4056047312253896 + X_0 + (sqrt(-1.4056047312253896))(2.8952354133523124 + X_1) + sqrt(X_0))),20,0.18921501366532129,0.1687612448297058,0.18921501366532129,0.1687612448297058,0.8151480996938096,0.8222453486031576
416,(1.300826202013823)(-0.18721090643629554 + (0.2042563223083089)(X_3) + sin((-1.405613728327952)(-1.405613728327952) + X_0 + (sqrt(-1.405613728327952))(5.342814103183791 + X_1) + sqrt(X_0))),21,0.18921501369591603,0.1687608357211323,0.18921501369591603,0.1687608357211323,0.8151480996639204,0.8222457795134175
417,(-1.3008253915757224)(0.1872122316913252 + (-0.20425649272102558)(X_3) + sin(exp(-1.4056033854597865) + X_0 + (sqrt(-1.4056033854597865))(-1.147012399339575 + X_1) + sqrt(X_0))),21,0.18921501366619864,0.16876130539173448,0.18921501366619864,0.16876130539173448,0.8151480996929525,0.8222452848137354
418,(1.1218172553593075)(-0.0035762125982214247 + (0.2347972129745623)(X_3) + sin(-3.1780072629336598 + exp(-4.1820916772083825) + (sqrt(-4.1820916772083825))(-3.1780072629336598 + X_1))),18,0.40098466020250545,0.3895310412408279,0.40098466020250545,0.3895310412408279,0.6082616543147488,0.5897105729820711
419,(-1.3008253915757224)(0.1872122316913252 + (-0.20425649272102558)(X_3) + sin(exp(-1.4056033854597865) + X_0 + (sqrt(-1.4056033854597865))(-1.147012399339575 + X_1) + sqrt(X_0))),21,0.18921501366619864,0.16876130539173448,0.18921501366619864,0.16876130539173448,0.8151480996929525,0.8222452848137354
420,(-1.3008253915757224)(0.1872122316913252 + (-0.20425649272102558)(X_3) + sin(exp(-1.4056033854597865) + X_0 + (sqrt(-1.4056033854597865))(-1.147012399339575 + X_1) + sqrt(X_0))),21,0.18921501366619864,0.16876130539173448,0.18921501366619864,0.16876130539173448,0.8151480996929525,0.8222452848137354
421,(-1.3008253915757224)(0.1872122316913252 + (-0.20425649272102558)(X_3) + sin(exp(-1.4056033854597865) + X_0 + (sqrt(-1.4056033854597865))(-1.147012399339575 + X_1) + sqrt(X_0))),21,0.18921501366619864,0.16876130539173448,0.18921501366619864,0.16876130539173448,0.8151480996929525,0.8222452848137354
422,(-1.3008253915757224)(0.1872122316913252 + (-0.20425649272102558)(X_3) + sin(exp(-1.4056033854597865) + X_0 + (sqrt(-1.4056033854597865))(-1.147012399339575 + X_1) + sqrt(X_0))),21,0.18921501366619864,0.16876130539173448,0.18921501366619864,0.16876130539173448,0.8151480996929525,0.8222452848137354
423,(-1.3008253915757224)(0.1872122316913252 + (-0.20425649272102558)(X_3) + sin(exp(-1.4056033854597865) + X_0 + (sqrt(-1.4056033854597865))(-1.147012399339575 + X_1) + sqrt(X_0))),21,0.18921501366619864,0.16876130539173448,0.18921501366619864,0.16876130539173448,0.8151480996929525,0.8222452848137354
424,(-1.3008253915757224)(0.1872122316913252 + (-0.20425649272102558)(X_3) + sin(exp(-1.4056033854597865) + X_0 + (sqrt(-1.4056033854597865))(-1.147012399339575 + X_1) + sqrt(X_0))),21,0.18921501366619864,0.16876130539173448,0.18921501366619864,0.16876130539173448,0.8151480996929525,0.8222452848137354
425,(-1.3008253416853048)(0.18721223732537198 + (-0.2042564871014221)(X_3) + sin(exp(1.405602034882066) + X_0 + (sqrt(1.405602034882066))(-4.379826986684366 + X_1) + sqrt(X_0))),21,0.18921501366631666,0.16876124472629175,0.18921501366631666,0.16876124472629175,0.8151480996928372,0.8222453487120827
426,(-1.3008253915757224)(0.1872122316913252 + (-0.20425649272102558)(X_3) + sin(exp(-1.4056033854597865) + X_0 + (sqrt(-1.4056033854597865))(-1.147012399339575 + X_1) + sqrt(X_0))),21,0.18921501366619864,0.16876130539173448,0.18921501366619864,0.16876130539173448,0.8151480996929525,0.8222452848137354
427,(1.3008257453389678)(-0.18721168839619096 + (0.2042564257021552)(X_3) + sin(exp(1.1855834940238164) + X_0 + (1.1855834940238164)(51.94589036284613 + X_1) + sqrt(X_0))),20,0.18921501366851826,0.16876114162471978,0.18921501366851826,0.16876114162471978,0.8151480996906864,0.8222454573080106
428,(exp(1.4829136342382252))(log(log((2)(1.4829136342382252)))) + (1.1706747019322237)(sin(-1.201154854145756 + sin(1.4829136342382252 + X_1) - (X_0))),18,0.6744059496952762,0.598613585531113,0.6744059496952762,0.598613585531113,0.34114519263530796,0.36948587144596023
429,(-1.3008253915757224)(0.1872122316913252 + (-0.20425649272102558)(X_3) + sin(exp(-1.4056033854597865) + X_0 + (sqrt(-1.4056033854597865))(-1.147012399339575 + X_1) + sqrt(X_0))),21,0.18921501366619864,0.16876130539173448,0.18921501366619864,0.16876130539173448,0.8151480996929525,0.8222452848137354
430,(-1.3008253915757224)(0.1872122316913252 + (-0.20425649272102558)(X_3) + sin(exp(-1.4056033854597865) + X_0 + (sqrt(-1.4056033854597865))(-1.147012399339575 + X_1) + sqrt(X_0))),21,0.18921501366619864,0.16876130539173448,0.18921501366619864,0.16876130539173448,0.8151480996929525,0.8222452848137354
431,(-1.3008253915757224)(0.1872122316913252 + (-0.20425649272102558)(X_3) + sin(exp(-1.4056033854597865) + X_0 + (sqrt(-1.4056033854597865))(-1.147012399339575 + X_1) + sqrt(X_0))),21,0.18921501366619864,0.16876130539173448,0.18921501366619864,0.16876130539173448,0.8151480996929525,0.8222452848137354
432,(-1.3008253915757224)(0.1872122316913252 + (-0.20425649272102558)(X_3) + sin(exp(-1.4056033854597865) + X_0 + (sqrt(-1.4056033854597865))(-1.147012399339575 + X_1) + sqrt(X_0))),21,0.18921501366619864,0.16876130539173448,0.18921501366619864,0.16876130539173448,0.8151480996929525,0.8222452848137354
433,(-1.3008253915757224)(0.1872122316913252 + (-0.20425649272102558)(X_3) + sin(exp(-1.4056033854597865) + X_0 + (sqrt(-1.4056033854597865))(-1.147012399339575 + X_1) + sqrt(X_0))),21,0.18921501366619864,0.16876130539173448,0.18921501366619864,0.16876130539173448,0.8151480996929525,0.8222452848137354
434,(-1.3008253915757224)(0.1872122316913252 + (-0.20425649272102558)(X_3) + sin(exp(-1.4056033854597865) + X_0 + (sqrt(-1.4056033854597865))(-1.147012399339575 + X_1) + sqrt(X_0))),21,0.18921501366619864,0.16876130539173448,0.18921501366619864,0.16876130539173448,0.8151480996929525,0.8222452848137354
435,(-1.2102399812945244)(0.0022877955061878044 + (-0.22153839244350318)(X_3) + sin(exp(-1.4953871582907592) + sqrt(-1.4953871582907592) + X_0 + (sqrt(-1.4953871582907592))(-1.431890597952396 + X_1))),20,0.27505945258047426,0.24035961310947912,0.27505945258047426,0.24035961310947912,0.7312831496732339,0.7468314524388078
436,(0.17443823540770295)(-0.0023718621627220366 + (1.5792445567874063)(X_3) + sin(exp(0.05217020342163204) + X_0 + ((sqrt(0.05217020342163204))^(-1))(247.58381055141658 + X_1) + sqrt(X_0))),23,0.9374324206749951,0.8866488488839971,0.9374324206749951,0.8866488488839971,0.08418385510935689,0.06610100438744637
437,(-0.18231730273954774)(0.22326026550011616 + (-1.4804741101131793)(X_3) + sin(exp(-2.8943567008624163) + X_0 + (sqrt(-2.8943567008624163))(exp(-2.8943567008624163) + X_1) + sqrt(X_0))),20,0.9374578297805912,0.9126509358297011,0.9374578297805912,0.9126509358297011,0.08415903191291207,0.038713247765432834
438,(-1.3008253915757224)(0.1872122316913252 + (-0.20425649272102558)(X_3) + sin(exp(-1.4056033854597865) + X_0 + (sqrt(-1.4056033854597865))(-1.147012399339575 + X_1) + sqrt(X_0))),21,0.18921501366619864,0.16876130539173448,0.18921501366619864,0.16876130539173448,0.8151480996929525,0.8222452848137354
439,(-1.3008253915757224)(0.1872122316913252 + (-0.20425649272102558)(X_3) + sin(exp(-1.4056033854597865) + X_0 + (sqrt(-1.4056033854597865))(-1.147012399339575 + X_1) + sqrt(X_0))),21,0.18921501366619864,0.16876130539173448,0.18921501366619864,0.16876130539173448,0.8151480996929525,0.8222452848137354
440,(-1.3008253915757224)(0.1872122316913252 + (-0.20425649272102558)(X_3) + sin(exp(-1.4056033854597865) + X_0 + (sqrt(-1.4056033854597865))(-1.147012399339575 + X_1) + sqrt(X_0))),21,0.18921501366619864,0.16876130539173448,0.18921501366619864,0.16876130539173448,0.8151480996929525,0.8222452848137354
441,(-1.3008253915757224)(0.1872122316913252 + (-0.20425649272102558)(X_3) + sin(exp(-1.4056033854597865) + X_0 + (sqrt(-1.4056033854597865))(-1.147012399339575 + X_1) + sqrt(X_0))),21,0.18921501366619864,0.16876130539173448,0.18921501366619864,0.16876130539173448,0.8151480996929525,0.8222452848137354
442,(-1.3008253915757224)(0.1872122316913252 + (-0.20425649272102558)(X_3) + sin(exp(-1.4056033854597865) + X_0 + (sqrt(-1.4056033854597865))(-1.147012399339575 + X_1) + sqrt(X_0))),21,0.18921501366619864,0.16876130539173448,0.18921501366619864,0.16876130539173448,0.8151480996929525,0.8222452848137354
443,(-1.3008253915757224)(0.1872122316913252 + (-0.20425649272102558)(X_3) + sin(exp(-1.4056033854597865) + X_0 + (sqrt(-1.4056033854597865))(-1.147012399339575 + X_1) + sqrt(X_0))),21,0.18921501366619864,0.16876130539173448,0.18921501366619864,0.16876130539173448,0.8151480996929525,0.8222452848137354
444,(0.41078103218081086)(-0.1758952643940557 + sin(exp(1.304596911885748) + X_0 + (sqrt(1.304596911885748))(-6.953677846939017 + X_1) + sqrt(X_0)) - (X_8)),19,0.7804944920338115,0.7361793638876433,0.7804944920338115,0.7361793638876433,0.23750294843856123,0.22458911508121904
445,(-1.3008253915757224)(0.1872122316913252 + (-0.20425649272102558)(X_3) + sin(exp(-1.4056033854597865) + X_0 + (sqrt(-1.4056033854597865))(-1.147012399339575 + X_1) + sqrt(X_0))),21,0.18921501366619864,0.16876130539173448,0.18921501366619864,0.16876130539173448,0.8151480996929525,0.8222452848137354
446,(-1.3008253915757224)(0.1872122316913252 + (-0.20425649272102558)(X_3) + sin(exp(-1.4056033854597865) + X_0 + (sqrt(-1.4056033854597865))(-1.147012399339575 + X_1) + sqrt(X_0))),21,0.18921501366619864,0.16876130539173448,0.18921501366619864,0.16876130539173448,0.8151480996929525,0.8222452848137354
447,(-1.3008247378545037)(0.18721301027200585 + (-0.20425656913562232)(X_3) + sin(1.3027004361830166 + X_0 + (sqrt(log((2)(-2.038970843461049))))(-2.038970843461049 + X_1) + sqrt(X_0))),23,0.18921501369333124,0.16876134330866616,0.18921501369333124,0.16876134330866616,0.8151480996664455,0.8222452448761836
448,(-1.3008253915757224)(0.1872122316913252 + (-0.20425649272102558)(X_3) + sin(exp(-1.4056033854597865) + X_0 + (sqrt(-1.4056033854597865))(-1.147012399339575 + X_1) + sqrt(X_0))),21,0.18921501366619864,0.16876130539173448,0.18921501366619864,0.16876130539173448,0.8151480996929525,0.8222452848137354
449,(1.2393351587412031)(-0.2107321972787096 + (0.21281548643091547)(X_3) + sin(-4.224195054617082 + X_0 + X_1 + sqrt(X_0))),16,0.22036434942925803,0.19683422286168045,0.22036434942925803,0.19683422286168045,0.7847170371808533,0.7926763416384347
450,(0.6172110325662218)(-0.01358491737216812 + (0.41871129162203335)(X_3) + sin(X_0 + (-2.479817117659092)(0.17991892076362426 + X_1) + sqrt(X_0))),18,0.7723807417255308,0.7304233454441014,0.7723807417255308,0.7304233454441014,0.24542960359156363,0.23065187583472047
451,(1.3008249342192881)(-0.18721284581073494 + (0.2042565608025939)(X_3) + sin(-1.4055963231593114 + X_0 + (sqrt(-1.4055963231593114))(-7.704118791235028 + X_1) + sqrt(X_0))),20,0.18921501368141092,0.16876141390863245,0.18921501368141092,0.16876141390863245,0.815148099678091,0.8222451705138949
452,(-1.3008253915757224)(0.1872122316913252 + (-0.20425649272102558)(X_3) + sin(exp(-1.4056033854597865) + X_0 + (sqrt(-1.4056033854597865))(-1.147012399339575 + X_1) + sqrt(X_0))),21,0.18921501366619864,0.16876130539173448,0.18921501366619864,0.16876130539173448,0.8151480996929525,0.8222452848137354
453,(1.318160852181916)(-0.24273837961358588 + (0.20148805627400695)(X_3) + sin(exp(-1.4102181856341427) + X_0 + (sqrt(-1.4102181856341427))(-4.038091789971683 + X_1) + (1.3545772097278048)(sqrt(X_0)))),23,0.18215853947381525,0.16813739016646465,0.18215853947381525,0.16813739016646465,0.822041858484371,0.8229024489243755
454,(-1.3008253915757224)(0.1872122316913252 + (-0.20425649272102558)(X_3) + sin(exp(-1.4056033854597865) + X_0 + (sqrt(-1.4056033854597865))(-1.147012399339575 + X_1) + sqrt(X_0))),21,0.18921501366619864,0.16876130539173448,0.18921501366619864,0.16876130539173448,0.8151480996929525,0.8222452848137354
455,(-0.8042442080255086)(4.053530331410792 + sin(-3.8867915386485388 + X_0 + (sqrt(exp(sin(exp(0.17054838453560794)))))(0.17054838453560794 + X_1) + sqrt(X_0)) - ((-1.193881215624847)^(X_3))),23,inf,inf,inf,inf,-inf,-inf
456,(-1.3008253915757224)(0.1872122316913252 + (-0.20425649272102558)(X_3) + sin(exp(-1.4056033854597865) + X_0 + (sqrt(-1.4056033854597865))(-1.147012399339575 + X_1) + sqrt(X_0))),21,0.18921501366619864,0.16876130539173448,0.18921501366619864,0.16876130539173448,0.8151480996929525,0.8222452848137354
457,(-1.3008253915757224)(0.1872122316913252 + (-0.20425649272102558)(X_3) + sin(exp(-1.4056033854597865) + X_0 + (sqrt(-1.4056033854597865))(-1.147012399339575 + X_1) + sqrt(X_0))),21,0.18921501366619864,0.16876130539173448,0.18921501366619864,0.16876130539173448,0.8151480996929525,0.8222452848137354
458,(-1.3008253915757224)(0.1872122316913252 + (-0.20425649272102558)(X_3) + sin(exp(-1.4056033854597865) + X_0 + (sqrt(-1.4056033854597865))(-1.147012399339575 + X_1) + sqrt(X_0))),21,0.18921501366619864,0.16876130539173448,0.18921501366619864,0.16876130539173448,0.8151480996929525,0.8222452848137354
459,(0.8411029049027909)(0.2660734758090143 + (0.3367202397167306)(X_3) + sin(exp(-2.712594517356168e-09) + (-2.3419666498033487)(X_0) + (sqrt(-2.712594517356168e-09))(85428.26223494405 + X_1) + sqrt((-2.3419666498033487)(X_0)))),23,0.627698220188411,0.5797540501865913,0.627698220188411,0.5797540501865913,0.38677588753144965,0.3893504448203432
460,(-1.3008253915757224)(0.1872122316913252 + (-0.20425649272102558)(X_3) + sin(exp(-1.4056033854597865) + X_0 + (sqrt(-1.4056033854597865))(-1.147012399339575 + X_1) + sqrt(X_0))),21,0.18921501366619864,0.16876130539173448,0.18921501366619864,0.16876130539173448,0.8151480996929525,0.8222452848137354
461,(1.3008253345649068)(-0.1872124341633955 + (0.20425652805933345)(X_3) + sin(1.8251110635653105 + X_0 + (exp(0.17023344596649181))(0.17023344596649181 + X_1) + sqrt(X_0))),20,0.18921501367109222,0.16876146785553672,0.18921501367109222,0.16876146785553672,0.8151480996881717,0.8222451136921218
462,(1.2393351574273725)(-0.21073219956009476 + (0.21281548913072457)(X_3) + sin(2.0589902527257973 + X_0 + X_1 + sqrt(X_0))),16,0.22036434942925803,0.19683422275841542,0.22036434942925803,0.19683422275841542,0.7847170371808533,0.7926763417472028
463,(-1.3008253915757224)(0.1872122316913252 + (-0.20425649272102558)(X_3) + sin(exp(-1.4056033854597865) + X_0 + (sqrt(-1.4056033854597865))(-1.147012399339575 + X_1) + sqrt(X_0))),21,0.18921501366619864,0.16876130539173448,0.18921501366619864,0.16876130539173448,0.8151480996929525,0.8222452848137354
464,(-0.9671583851835804)(0.22621500480404375 + (-0.28853514584367684)(X_3) + sin(exp(-0.48294206291465236) + X_0 + (sqrt(-0.48294206291465236))(6.773069665429119 + X_1) + sqrt(X_0)) - (sin(X_1))),23,0.7630227186353316,0.7277387321511327,0.7630227186353316,0.7277387321511327,0.25457183981174136,0.23347955407630083
465,(-1.3008253915757224)(0.1872122316913252 + (-0.20425649272102558)(X_3) + sin(exp(-1.4056033854597865) + X_0 + (sqrt(-1.4056033854597865))(-1.147012399339575 + X_1) + sqrt(X_0))),21,0.18921501366619864,0.16876130539173448,0.18921501366619864,0.16876130539173448,0.8151480996929525,0.8222452848137354
466,(-1.3008253915757224)(0.1872122316913252 + (-0.20425649272102558)(X_3) + sin(exp(-1.4056033854597865) + X_0 + (sqrt(-1.4056033854597865))(-1.147012399339575 + X_1) + sqrt(X_0))),21,0.18921501366619864,0.16876130539173448,0.18921501366619864,0.16876130539173448,0.8151480996929525,0.8222452848137354
467,(1.3008256550637425)(-0.18721182097847783 + (0.20425644150299654)(X_3) + sin(1.4056069284504396 + X_0 + (sqrt(1.4056069284504396))(11.123386272255363 + X_1) + sqrt(X_0))),20,0.18921501366657734,0.16876117644766686,0.18921501366657734,0.16876117644766686,0.8151480996925826,0.8222454206293239
468,(-1.3008253915757224)(0.1872122316913252 + (-0.20425649272102558)(X_3) + sin(exp(-1.4056033854597865) + X_0 + (sqrt(-1.4056033854597865))(-1.147012399339575 + X_1) + sqrt(X_0))),21,0.18921501366619864,0.16876130539173448,0.18921501366619864,0.16876130539173448,0.8151480996929525,0.8222452848137354
469,(-1.3008253915757224)(0.1872122316913252 + (-0.20425649272102558)(X_3) + sin(exp(-1.4056033854597865) + X_0 + (sqrt(-1.4056033854597865))(-1.147012399339575 + X_1) + sqrt(X_0))),21,0.18921501366619864,0.16876130539173448,0.18921501366619864,0.16876130539173448,0.8151480996929525,0.8222452848137354
470,(-1.3008253915757224)(0.1872122316913252 + (-0.20425649272102558)(X_3) + sin(exp(-1.4056033854597865) + X_0 + (sqrt(-1.4056033854597865))(-1.147012399339575 + X_1) + sqrt(X_0))),21,0.18921501366619864,0.16876130539173448,0.18921501366619864,0.16876130539173448,0.8151480996929525,0.8222452848137354
471,(-0.6172070651660683)(0.013667859401379675 + (-0.4187156973579649)(X_3) + sin(exp(-2.1257600743295972) + X_0 + (-2.1257600743295972 - (exp(-1.0389786108391927)))(-1.0389786108391927 + X_1) + sqrt(X_0))),22,0.7723807423243819,0.7304257905676252,0.7723807423243819,0.7304257905676252,0.2454296030065214,0.2306493004088278
472,(-1.3008253915757224)(0.1872122316913252 + (-0.20425649272102558)(X_3) + sin(exp(-1.4056033854597865) + X_0 + (sqrt(-1.4056033854597865))(-1.147012399339575 + X_1) + sqrt(X_0))),21,0.18921501366619864,0.16876130539173448,0.18921501366619864,0.16876130539173448,0.8151480996929525,0.8222452848137354
473,(-1.300825303541413)(0.18721244875207366 + (-0.20425652687841625)(X_3) + sin(-11.277761143513713 + X_0 + (log(3.2725885462140725))(3.2725885462140725 + X_1) + sqrt(X_0))),20,0.18921501367042948,0.16876144305779478,0.18921501367042948,0.16876144305779478,0.8151480996888192,0.822245139811353
474,(-1.3008253915757224)(0.1872122316913252 + (-0.20425649272102558)(X_3) + sin(exp(-1.4056033854597865) + X_0 + (sqrt(-1.4056033854597865))(-1.147012399339575 + X_1) + sqrt(X_0))),21,0.18921501366619864,0.16876130539173448,0.18921501366619864,0.16876130539173448,0.8151480996929525,0.8222452848137354
475,(-1.3008253915757224)(0.1872122316913252 + (-0.20425649272102558)(X_3) + sin(exp(-1.4056033854597865) + X_0 + (sqrt(-1.4056033854597865))(-1.147012399339575 + X_1) + sqrt(X_0))),21,0.18921501366619864,0.16876130539173448,0.18921501366619864,0.16876130539173448,0.8151480996929525,0.8222452848137354
476,(1.3008258756942244)(-0.18721134744366583 + (0.20425637122776358)(X_3) + sin(exp(1.405608685091424) + X_0 + (sqrt(1.405608685091424))(45.96688581365011 + X_1) + sqrt(X_0))),21,0.189215013677515,0.16876091033154852,0.189215013677515,0.16876091033154852,0.815148099681897,0.8222457009269591
477,(-1.3008253915757224)(0.1872122316913252 + (-0.20425649272102558)(X_3) + sin(exp(-1.4056033854597865) + X_0 + (sqrt(-1.4056033854597865))(-1.147012399339575 + X_1) + sqrt(X_0))),21,0.18921501366619864,0.16876130539173448,0.18921501366619864,0.16876130539173448,0.8151480996929525,0.8222452848137354
478,(-1.3008258566249509)(0.18721157461533966 + (-0.20425641680593762)(X_3) + sin(exp(1.18558436520797) + X_0 + (1.18558436520797)(12.198454983132288 + X_1) + sqrt(X_0))),20,0.1892150136719563,0.16876115814103423,0.1892150136719563,0.16876115814103423,0.8151480996873276,0.82224543991153
479,(-1.3008253915757224)(0.1872122316913252 + (-0.20425649272102558)(X_3) + sin(exp(-1.4056033854597865) + X_0 + (sqrt(-1.4056033854597865))(-1.147012399339575 + X_1) + sqrt(X_0))),21,0.18921501366619864,0.16876130539173448,0.18921501366619864,0.16876130539173448,0.8151480996929525,0.8222452848137354
480,(-1.3008253915757224)(0.1872122316913252 + (-0.20425649272102558)(X_3) + sin(exp(-1.4056033854597865) + X_0 + (sqrt(-1.4056033854597865))(-1.147012399339575 + X_1) + sqrt(X_0))),21,0.18921501366619864,0.16876130539173448,0.18921501366619864,0.16876130539173448,0.8151480996929525,0.8222452848137354
481,(-1.3008257229440294)(0.1872117434714849 + (-0.2042564343398656)(X_3) + sin(1 + (2)(1.4056081103638882) + X_0 + (sqrt(1.4056081103638882))(6.444502119217903 + X_1) + sqrt(X_0))),24,0.18921501366793145,0.16876117671647642,0.18921501366793145,0.16876117671647642,0.8151480996912597,0.8222454203461893
482,(-1.3008251282514374)(0.18721274164730484 + (-0.20425656523175847)(X_3) + sin(exp(1.4056008006686267) + X_0 + (sqrt(1.4056008006686267))(0.919848609524591 + X_1) + sqrt(X_0))),21,0.18921501367845697,0.16876155261636328,0.18921501367845697,0.16876155261636328,0.8151480996809768,0.8222450244143306
483,(-1.3008253915757224)(0.1872122316913252 + (-0.20425649272102558)(X_3) + sin(exp(-1.4056033854597865) + X_0 + (sqrt(-1.4056033854597865))(-1.147012399339575 + X_1) + sqrt(X_0))),21,0.18921501366619864,0.16876130539173448,0.18921501366619864,0.16876130539173448,0.8151480996929525,0.8222452848137354
484,(-1.3008253915757224)(0.1872122316913252 + (-0.20425649272102558)(X_3) + sin(exp(-1.4056033854597865) + X_0 + (sqrt(-1.4056033854597865))(-1.147012399339575 + X_1) + sqrt(X_0))),21,0.18921501366619864,0.16876130539173448,0.18921501366619864,0.16876130539173448,0.8151480996929525,0.8222452848137354
485,(-1.3008253915757224)(0.1872122316913252 + (-0.20425649272102558)(X_3) + sin(exp(-1.4056033854597865) + X_0 + (sqrt(-1.4056033854597865))(-1.147012399339575 + X_1) + sqrt(X_0))),21,0.18921501366619864,0.16876130539173448,0.18921501366619864,0.16876130539173448,0.8151480996929525,0.8222452848137354
486,(-1.3008253915757224)(0.1872122316913252 + (-0.20425649272102558)(X_3) + sin(exp(-1.4056033854597865) + X_0 + (sqrt(-1.4056033854597865))(-1.147012399339575 + X_1) + sqrt(X_0))),21,0.18921501366619864,0.16876130539173448,0.18921501366619864,0.16876130539173448,0.8151480996929525,0.8222452848137354
487,(-0.14505236469734012 + (0.2032139449392671)(X_3) + sin(exp(-1.5309252750275526) + X_0 + (sqrt(-1.5309252750275526))(-3.6497251999573517 + X_1) + sqrt(X_0)))(log(-3.5917478321196437 - (X_0))),23,0.1660403001011898,0.1367169429928995,0.1660403001011898,0.1367169429928995,0.8377884270039806,0.8559973140381392
488,(-1.3008253639914453)(0.18721233378935898 + (-0.20425651068307815)(X_3) + sin(exp(1.4056035759901833) + X_0 + (sqrt(1.4056035759901833))(0.9198365156260868 + X_1) + sqrt(X_0))),21,0.18921501366813037,0.16876138884563946,0.18921501366813037,0.16876138884563946,0.8151480996910653,0.8222451969125125
489,(-1.3008253915757224)(0.1872122316913252 + (-0.20425649272102558)(X_3) + sin(exp(-1.4056033854597865) + X_0 + (sqrt(-1.4056033854597865))(-1.147012399339575 + X_1) + sqrt(X_0))),21,0.18921501366619864,0.16876130539173448,0.18921501366619864,0.16876130539173448,0.8151480996929525,0.8222452848137354
490,(0.1452246253833535)(0.036932789078744394 + (1.8655301292891322)(X_3) + sin(23.594959155365522 + X_0 + (23.594959155365522 - (exp(3.9570040665766104)))(3.9570040665766104 + X_1) + sqrt(X_0))),21,0.9426867140853055,0.9345343502597346,0.9426867140853055,0.9345343502597346,0.07905072057184015,0.01566365064194375
491,(1.1399057590106343)(0.18745492283438955 + (0.23738729138813286)(X_3) + sin(log(log(24348203.431191284)) + (log(24348203.431191284))^(-9.598777971298322 + X_1) + X_0 + sqrt(X_0))),21,0.5829202647284196,0.5400929036250884,0.5829202647284196,0.5400929036250884,0.4305213070849212,0.4311251620437969
492,(1.2967678986687785)(-0.190841116961165 + (0.20470161225048755)(X_3) + sin(exp(1.347519390972023) + X_0 + (sqrt(1.347519390972023))(exp(1.347519390972023) + X_1) + sqrt(X_0))),20,0.18981615816702302,0.16921566776162236,0.18981615816702302,0.16921566776162236,0.8145608169970214,0.8217667091505328
493,(-0.1335308870909075)(0.10163174833264917 + (-2.029944088131981)(X_3) + sin(-5.340346292774884 + X_0 + (-7.468488206835867)(X_1) + sqrt(X_0))),18,0.944078412019721,0.9366990446086355,0.944078412019721,0.9366990446086355,0.07769111383215532,0.013383598194132817
494,(-1.3008253915757224)(0.1872122316913252 + (-0.20425649272102558)(X_3) + sin(exp(-1.4056033854597865) + X_0 + (sqrt(-1.4056033854597865))(-1.147012399339575 + X_1) + sqrt(X_0))),21,0.18921501366619864,0.16876130539173448,0.18921501366619864,0.16876130539173448,0.8151480996929525,0.8222452848137354
495,(-1.3008253915757224)(0.1872122316913252 + (-0.20425649272102558)(X_3) + sin(exp(-1.4056033854597865) + X_0 + (sqrt(-1.4056033854597865))(-1.147012399339575 + X_1) + sqrt(X_0))),21,0.18921501366619864,0.16876130539173448,0.18921501366619864,0.16876130539173448,0.8151480996929525,0.8222452848137354
496,(-1.3008251584812907)(0.18721254300236367 + (-0.20425652702992045)(X_3) + sin(1.4055997665553777 + X_0 + (sqrt(1.4055997665553777))(-23.324448238916553 + X_1) + sqrt(X_0))),20,0.18921501367132457,0.1687613590284526,0.18921501367132457,0.1687613590284526,0.8151480996879448,0.8222452283186785
497,(0.1744570197758673)(-0.002029556274349366 + (1.5792830271057887)(X_3) + sin(exp(4.3722499334360005) + X_0 + (4.3722499334360005)(15.91840760344998 + X_1) + sqrt(X_0))),20,0.9374319750842011,0.8863495985598491,0.9374319750842011,0.8863495985598491,0.08418429042526243,0.06641620197385312
498,(0.13353087858963675)(-0.1016319309253009 + (2.0299442093108606)(X_3) + sin(X_0 + (-7.4684864350795905)(3.6595759626821454 + X_1) + sqrt(X_0))),18,0.9440784120499197,0.9366990366223029,0.9440784120499197,0.9366990366223029,0.07769111380265292,0.013383606606062748
499,(-1.3008253915757224)(0.1872122316913252 + (-0.20425649272102558)(X_3) + sin(exp(-1.4056033854597865) + X_0 + (sqrt(-1.4056033854597865))(-1.147012399339575 + X_1) + sqrt(X_0))),21,0.18921501366619864,0.16876130539173448,0.18921501366619864,0.16876130539173448,0.8151480996929525,0.8222452848137354
