Id,Expression,size,MSE_train,MSE_test,nll_train,nll_test,R2_train,R2_test
0,(-0.1858547638835269)((-1.8670567493110122 + (-1.1719727350410611)(X_2 + (2)(X_3)) + X_4)(sqrt(X_4))),15,0.0607953493589701,0.4260414517786555,0.0607953493589701,0.4260414517786555,0.9121526109354995,0.7778955002143035
1,0.011239365497014072 + (0.42319665747940066)(X_3) + (0.25826627068414176)(sqrt(X_2)) + (0.23569537506144952)((X_2)(0.011239365497014072 + (0.42319665747940066)(X_3) + (0.25826627068414176)(sqrt(X_2)))),16,0.068963082091382,0.3576331257520363,0.068963082091382,0.3576331257520363,0.900350491156856,0.8135582202850559
2,X_2 + (-0.7261902720202437)(X_2) + (0.4931879603029839)(X_3) + (0.07273255843601585)((X_2)(X_3)),12,0.07090519729492879,0.30363149519796695,0.07090519729492879,0.30363149519796695,0.8975441950882754,0.8417104225924851
3,(0.6489444006293706)((X_3)(1 + (1.256435222601819)(((X_2)(X_2) + sqrt(X_2))((X_4 + sqrt((-120.96969544977246)(X_3)))^(-1))))),20,0.08931448669832569,1.306355468346435,0.08931448669832569,1.306355468346435,0.8709433444364882,0.3189690190283725
4,(-0.1858547638835269)((-1.867056749311067 + (-1.1719727350411178)(X_2 + (2)(X_3)) + X_4)(sqrt(X_4))),15,0.060795349358970095,0.4260414517786787,0.060795349358970095,0.4260414517786787,0.9121526109354995,0.7778955002142915
5,(0.3601448081921421)(-0.27684176915431546 + X_2 + (1.7153269838627423)(X_3)),9,0.07806894407701494,0.2919751415145282,0.07806894407701494,0.2919751415145282,0.8871928037834957,0.8477871284936995
6,(-0.1858547638835269)((-1.8670567493110122 + (-1.1719727350410611)(X_2 + (2)(X_3)) + X_4)(sqrt(X_4))),15,0.0607953493589701,0.4260414517786555,0.0607953493589701,0.4260414517786555,0.9121526109354995,0.7778955002143035
7,(-0.18585476388352706)((-0.6950840142699445 + (-1.1719727350411242)(1 + X_2 + (2)(X_3)) + X_4)(sqrt(X_4))),17,0.0607953493589701,0.42604145177868147,0.0607953493589701,0.42604145177868147,0.9121526109354995,0.77789550021429
8,(0.40776371819743856)(X_2 + (X_3)^(1.2761568764566518)),7,0.07908481637429127,0.27773024084289566,0.07908481637429127,0.27773024084289566,0.8857248999079583,0.8552132991748886
9,(-1.958575565153584)((X_3)((1 + (sqrt(X_2))((sqrt(X_3))^(-1)))((-5.165176805426357 + (sqrt(X_2))((sqrt(X_3))^(-1)))^(-1)))),16,0.07857276034373212,0.30723196157140803,0.07857276034373212,0.30723196157140803,0.886464804946973,0.8398334226444053
10,(-0.1858547638835269)((-1.8670567493110122 + (-1.1719727350410611)(X_2 + (2)(X_3)) + X_4)(sqrt(X_4))),15,0.0607953493589701,0.4260414517786555,0.0607953493589701,0.4260414517786555,0.9121526109354995,0.7778955002143035
11,((exp(3.0156617070162834))^(-1))((X_3)((2)(sqrt(8.42979605601737 + (5)(X_2))) + (8.42979605601737 + (5)(X_2))((sqrt(X_3))^(-1)) - (3.0156617070162834))),20,0.07079334933369744,0.35105623492576044,0.07079334933369744,0.35105623492576044,0.8977058119137393,0.8169868938120488
12,(0.28764660950369475)(((exp(0.7865216043992092) + (2)(X_2))^(0.7865216043992092))((X_3)((sqrt(X_3))^((-1)(0.7865216043992092))))),16,0.07135140951665965,0.32718974786104343,0.07135140951665965,0.32718974786104343,0.8968994323052495,0.8294290027876439
13,((exp(1.9657293958840867))^(-1))((X_3)((4.351424432340651 + (2)(X_2) + log(X_4))((sqrt(X_3))^(-1)) + sqrt(sqrt(4.351424432340651 + (2)(X_2) + log(X_4))) - (1.9657293958840867))),22,0.07618695767923546,0.4042430186894803,0.07618695767923546,0.4042430186894803,0.8899122155977719,0.7892594885238228
14,(0.43938022587321307)(X_2 + X_3),5,0.09181576888495718,0.32926738720510396,0.09181576888495718,0.32926738720510396,0.8673290694676627,0.8283458850644244
15,(0.28764660950369475)(((exp(0.7865216043992092) + (2)(X_2))^(0.7865216043992092))((X_3)((sqrt(X_3))^((-1)(0.7865216043992092))))),16,0.07135140951665965,0.32718974786104343,0.07135140951665965,0.32718974786104343,0.8968994323052495,0.8294290027876439
16,(-0.1858547638835269)((-1.8670567493110122 + (-1.1719727350410611)(X_2 + (2)(X_3)) + X_4)(sqrt(X_4))),15,0.0607953493589701,0.4260414517786555,0.0607953493589701,0.4260414517786555,0.9121526109354995,0.7778955002143035
17,(0.3100141140230639)(X_2 + (2)(X_3)),7,0.08229728372101325,0.3053506494044912,0.08229728372101325,0.3053506494044912,0.8810829845009397,0.840814190820904
18,(0.40776371819743856)(X_2 + (X_3)^(1.2761568764566518)),7,0.07908481637429127,0.27773024084289566,0.07908481637429127,0.27773024084289566,0.8857248999079583,0.8552132991748886
19,((-0.32293800881601276)(-1.3732552159032838 - (X_2)) + (0.0948852029014594)(X_3))(sqrt(X_3)),11,0.07020670248328881,0.34487806776082786,0.07020670248328881,0.34487806776082786,0.8985534983676327,0.8202077041863236
20,(0.3094593266665827)((X_3)(1 + (0.7910938148665552 + X_2)((sqrt(X_3))^(-1)))),13,0.0701042476067172,0.3291987853699625,0.0701042476067172,0.3291987853699625,0.8987015424778917,0.8283816486649258
21,(0.16798911953035386)((X_3)(1 + (2.1918282592533833 + (2)(X_2))((sqrt(X_3))^(-1)))),15,0.07064774298093786,0.3595353087184616,0.07064774298093786,0.3595353087184616,0.8979162085650622,0.8125665717154273
22,(0.16798911953035386)((X_3)(1 + (2.1918282592533833 + (2)(X_2))((sqrt(X_3))^(-1)))),15,0.07064774298093786,0.3595353087184616,0.07064774298093786,0.3595353087184616,0.8979162085650622,0.8125665717154273
23,((exp(1.6584990815182947))^(-1))((X_3)((2.60991107353056 + X_2)((sqrt(X_3))^(-1)) + (sqrt(2.60991107353056 + X_2))(sqrt(sqrt(2.60991107353056 + X_2))) - (1.6584990815182947))),18,0.07189281288207917,0.39299990832840337,0.07189281288207917,0.39299990832840337,0.8961171212800753,0.7951207618632061
24,(X_3)((exp((-0.9971741423123168)^(-1.5005401334552184 + (-2.5566319324196374)((X_4)^(-1)))))^(-1)),13,inf,inf,inf,inf,-inf,-inf
25,((exp(0.2530356808091297))^(-1))((X_3)(1 + (0.21272962377131113)(((X_3)^(-1))((0.2530356808091297)(X_4) + sqrt(1.0725113386238712 - (exp(X_2))) - (X_3))))),22,0.07140912745540812,6.455568394507458,0.07140912745540812,6.455568394507458,0.8968160316788085,-2.365425554505313
26,(log(-0.3891234255463205))(-1.409488840201334 + (log((2)(log(-0.3891234255463205)) - ((-0.3891234255463205)^(-0.3891234255463205))))(log(-0.3891234255463205) - ((-0.3891234255463205)^(-0.3891234255463205)) + X_2) + X_3),16,inf,inf,inf,inf,-inf,-inf
27,(0.13065902553448283)(((exp(1.7791683576288955) + (5.691826489980227)(X_2))^(-1 + 1.7791683576288955))((X_3)((sqrt(X_3))^(1 - (1.7791683576288955))))),18,0.07131276701565042,0.3291976353287559,0.07131276701565042,0.3291976353287559,0.8969552695174109,0.8283822482059466
28,(0.42786897180447164)(X_3) + (0.2687181716894951)(sqrt(X_2)) + (0.22889019232426483)((X_2)((0.42786897180447164)(X_3) + (0.2687181716894951)(sqrt(X_2)))),13,0.06897485981014898,0.354280137472287,0.06897485981014898,0.354280137472287,0.9003334727195293,0.8153062046221479
29,((exp(2.256784441040398))^(-1))((X_3)((2)(sqrt(3.7253056159694555 + (2)(X_2))) + (3.7253056159694555 + (2)(X_2))((sqrt(X_3))^(-1)) - (2.256784441040398))),19,0.07193838406236952,0.34341056095286604,0.07193838406236952,0.34341056095286604,0.8960512723418373,0.8209727467993222
30,(0.13833996660768055)((X_3)(2.6957218801956384 + X_2 + (2.6957218801956384 + X_2)((X_3)^((-1)(0.5213546757923783))) - ((X_3)^(0.5213546757923783)))),16,0.07214912662406131,0.4667933684985381,0.07214912662406131,0.4667933684985381,0.895746755894369,0.7566506564541704
31,(0.40776371819743856)(X_2 + (X_3)^(1.2761568764566518)),7,0.07908481637429127,0.27773024084289566,0.07908481637429127,0.27773024084289566,0.8857248999079583,0.8552132991748886
32,(0.3201142337232537)((X_3)(0.8028423805620015 + (0.9029137155822475 + X_2)((sqrt(X_3))^(-1)))),13,0.06980024452992548,0.3405854843943142,0.06980024452992548,0.3405854843943142,0.8991408174692408,0.8224455194914485
33,0.12067630170760595 + (0.41820012436393134)(X_3) + (0.3404018436837633)((X_2)((X_3)^(sqrt(0.12067630170760595)))),12,0.07101501298498024,0.3027603490476962,0.07101501298498024,0.3027603490476962,0.8973855148314621,0.8421645696693443
34,((exp(2.586866487597787))^(-1))((X_3)((2)(sqrt(5.331356285821802 + (3)(X_2))) + (5.331356285821802 + (3)(X_2))((sqrt(X_3))^(-1)) - (2.586866487597787))),20,0.0712691775723951,0.3468703871394823,0.0712691775723951,0.3468703871394823,0.897018254907266,0.8191690655816479
35,((exp(-1 + 2.969881397328476))^(-1))((X_3)(1 - (2.969881397328476) + (3.7468228000441015 + (2)(X_2) + ((exp(-1 + 2.969881397328476))^(-1))(log(X_1 + X_3)))((sqrt(X_3))^(-1)) + sqrt(3.7468228000441015 + (2)(X_2) + ((exp(-1 + 2.969881397328476))^(-1))(log(X_1 + X_3))))),26,0.07156719490800853,0.3831841747331155,0.07156719490800853,0.3831841747331155,0.8965876291257606,0.8002379132368798
36,(1.5348340297608463)(X_3) + (0.41393996133416)((X_2)(sin(sqrt(X_3)))) - (X_3),11,0.07489721269296333,0.3050488712774442,0.07489721269296333,0.3050488712774442,0.8917758569913602,0.8409715141979468
37,(-0.18585476388352692)((-1.867056749311067 + (-1.1719727350411175)(X_2 + (2)(X_3)) + X_4)(sqrt(X_4))),15,0.060795349358970095,0.4260414517786785,0.060795349358970095,0.4260414517786785,0.9121526109354995,0.7778955002142915
38,(0.5641042877380225)(X_3) + (0.02384357280295929)((X_2)(9.54997633864374 + X_2 + (X_3)^(X_1))),13,0.0673518363590712,2.2127046835522117,0.0673518363590712,2.2127046835522117,0.9026786911296708,-0.1535301667527862
39,(0.2507662072523978)((X_3)(1.0248628739371886 + (1.1526082317976012 + (1.276543059066017)(X_2))((sqrt(X_3))^(-1)))),15,0.06980024453233385,0.34058518847959207,0.06980024453233385,0.34058518847959207,0.8991408174657608,0.8224456737581074
40,((exp(2.256784441470923))^(-1))((X_3)((2)(sqrt(3.7253056185901308 + (2)(X_2))) + (3.7253056185901308 + (2)(X_2))((sqrt(X_3))^(-1)) - (2.256784441470923))),19,0.07193838406236952,0.3434105607626508,0.07193838406236952,0.3434105607626508,0.8960512723418373,0.8209727468984854
41,(2)(7.1271717935406596) + (0.04373565088293112)(350.9117639484064 + (X_2)(X_2) + X_3 + (4.151066222235345)(X_2 + ((sin(sin(0.04373565088293112)))^(-1))(((7.1271717935406596)^(-1))(X_3) - (7.1271717935406596)))),24,0.07217659357839253,0.3772920702551452,0.07217659357839253,0.3772920702551452,0.8957070669995935,0.8033095930283676
42,(0.34919129257656695)((X_3)(1.4247099728652253 + (X_2)((X_3)^(-0.7109493645408198)))),10,0.0711319314475062,0.29482786859812987,0.0711319314475062,0.29482786859812987,0.8972165712893222,0.8462999409928512
43,-0.05228515209774741 + (0.5729657608203593)(X_3) + ((-1)(-0.05228515209774741))((X_2)(4.602551847935046 + X_1 + sqrt(X_3))),16,0.07132178863328115,0.294344584900759,0.07132178863328115,0.294344584900759,0.8969422335605103,0.8465518870967128
44,(0.4278689911376562)(X_3) + (0.2687182147175626)(sqrt(X_2)) + (0.22889013863922134)((X_2)((0.4278689911376562)(X_3) + (0.2687182147175626)(sqrt(X_2)))),13,0.06897485981014811,0.35428007721126276,0.06897485981014811,0.35428007721126276,0.9003334727195306,0.8153062360375056
45,(0.2876465444675663)(((exp(0.786521720440964) + (2)(X_2))^(0.786521720440964))((X_3)((sqrt(X_3))^((-1)(0.786521720440964))))),16,0.0713514095166646,0.32718978608936444,0.0713514095166646,0.32718978608936444,0.8968994323052423,0.8294289828584045
46,(-1.7392237189490273e-05)((X_3)(-31469.61850912469 + (-31469.61850912469 + X_2)((sqrt(X_3))^(-1)))),12,0.2103858490929553,0.6646979827084847,0.2103858490929553,0.6646979827084847,0.6959989911431076,0.6534787581309576
47,(0.16005711686162674)((X_3)(1.6056847611240004 + (1.8058274311644986 + (2)(X_2))((sqrt(X_3))^(-1)))),15,0.06980024452992548,0.3405854843943141,0.06980024452992548,0.3405854843943141,0.8991408174692408,0.8224455194914486
48,(0.3107406489278351)(((X_3)^(1.0662698702370985))(0.36493818985896387 + (exp(0.36493818985896387) + X_2)((sqrt(X_3))^(-1)))),15,0.07014780959512844,0.36374835601966626,0.07014780959512844,0.36374835601966626,0.8986385967594324,0.8103702202583074
49,(-0.18585476388352717)((-1.867056749311022 + (-1.1719727350411329)(X_2 + (2)(X_3)) + X_4)(sqrt(X_4))),15,0.0607953493589701,0.4260414517786852,0.0607953493589701,0.4260414517786852,0.9121526109354995,0.7778955002142881
50,-0.09970312585165424 + (0.3601448081921421)(X_2) + (0.617766107590053)(X_3),9,0.07806894407701494,0.2919751415145282,0.07806894407701494,0.2919751415145282,0.8871928037834957,0.8477871284936995
51,(-0.20579179382807258)((-1.685548018243514 + X_3 + (-1.4069302179430563)(X_2 + (2)(X_3)) + X_4)(sqrt(X_4))),16,0.06222837747318528,0.501775939046031,0.06222837747318528,0.501775939046031,0.910081929878195,0.73841349596138
52,(-0.5759236275044297)((-0.5957827671248197)(X_2) - (X_3)),7,0.08110628405536967,0.30440281747201037,0.08110628405536967,0.30440281747201037,0.8828039419772379,0.8413083158323688
53,((exp(1.9773677761931772))^(-1))((X_3)((2.1522118308583904 + X_2)((X_3)^(-1)) + ((X_0)^((-1)(X_0)))(2.1522118308583904 + X_2 + sqrt(2.1522118308583904 + X_2)) - (1.9773677761931772))),21,0.07772202976109897,0.46350460762107865,0.07772202976109897,0.46350460762107865,0.8876940841808231,0.7583651576759491
54,((-0.32293800881601276)(-1.3732552159032838 - (X_2)) + (0.09488520290145942)(X_3))(sqrt(X_3)),11,0.07020670248328881,0.34487806776082786,0.07020670248328881,0.34487806776082786,0.8985534983676325,0.8202077041863236
55,((exp(2.1035375942066272))^(-1))((X_3)(sqrt(3.766316072966462 + (-0.7628226351680115)(X_0) + (2)(X_2)) + (3.766316072966462 + (-0.7628226351680115)(X_0) + (2)(X_2))((sqrt(X_3))^(-1)) + sqrt(sqrt(3.766316072966462 + (-0.7628226351680115)(X_0) + (2)(X_2))) - (2.1035375942066272))),24,0.06685588894007884,0.34345093142601774,0.06685588894007884,0.34345093142601774,0.9033953197259554,0.8209517008102335
56,(0.2227699627186769)((1.7042620522414194 + (1.4766871890944802)(X_2 + X_3) - (X_4))(sqrt(X_4))),13,0.07209133927601055,0.5502227485199712,0.07209133927601055,0.5502227485199712,0.8958302568150931,0.713157140413111
57,(0.3431253724471528)(X_2) + (0.5759236275044284)(X_3),7,0.0811062840553697,0.3044028174720117,0.0811062840553697,0.3044028174720117,0.8828039419772378,0.841308315832368
58,(0.1608932873375423)((X_3)(2.1798519585769025 + ((X_0)^(X_0) + (2)(X_2))((sqrt(X_3))^(-1)))),16,0.07127048024531206,0.34847941161027646,0.07127048024531206,0.34847941161027646,0.8970163725854147,0.8183302467912774
59,(0.5759236275044293)((0.5957827671248017)(X_2) + X_3),7,0.0811062840553697,0.30440281747202014,0.0811062840553697,0.30440281747202014,0.8828039419772378,0.8413083158323637
60,(0.4077635863702664)(X_2 + (X_3)^(1.2761578575551353)),7,0.0790848163739928,0.2777301133226933,0.0790848163739928,0.2777301133226933,0.8857248999083897,0.8552133656538912
61,0.12067630170760595 + (0.41820012436393134)(X_3) + (0.3404018436837633)((X_2)((X_3)^(sqrt(0.12067630170760595)))),12,0.07101501298498024,0.3027603490476962,0.07101501298498024,0.3027603490476962,0.8973855148314621,0.8421645696693443
62,(0.3187336151904613)((X_3)(0.854113760698072 + (0.854113760698072 + X_2)((sqrt(X_3))^(-1)))),12,0.06982676032136349,0.3393764311471721,0.06982676032136349,0.3393764311471721,0.8991025029752644,0.8230758247482485
63,(0.23003587807361836)((1.8335055670991132 + X_2 + (2)(X_3) - (X_4))(sqrt(X_4))),13,0.06476763196746838,0.4062290402927159,0.06476763196746838,0.4062290402927159,0.9064127861057667,0.7882241330838564
64,((exp(2.256784441423212))^(-1))((X_3)((2)(sqrt(3.7253056172021313 + (2)(X_2))) + (3.7253056172021313 + (2)(X_2))((sqrt(X_3))^(-1)) - (2.256784441423212))),19,0.0719383840623695,0.343410560803447,0.0719383840623695,0.343410560803447,0.8960512723418373,0.8209727468772176
65,(-0.10044382432449016)((-3.4160871121648766)(X_2) + (-5.733779705256)(X_3)),9,0.08110628405939001,0.3044038651641937,0.08110628405939001,0.3044038651641937,0.8828039419714286,0.8413077696480776
66,(-0.1858547638835269)((-1.8670567493110122 + (-1.1719727350410611)(X_2 + (2)(X_3)) + X_4)(sqrt(X_4))),15,0.0607953493589701,0.4260414517786555,0.0607953493589701,0.4260414517786555,0.9121526109354995,0.7778955002143035
67,(0.3100141140230639)(X_2 + (2)(X_3)),7,0.08229728372101325,0.3053506494044912,0.08229728372101325,0.3053506494044912,0.8810829845009397,0.840814190820904
68,(0.16798911953035386)((X_3)(1 + (2.1918282592533833 + (2)(X_2))((sqrt(X_3))^(-1)))),15,0.07064774298093786,0.3595353087184616,0.07064774298093786,0.3595353087184616,0.8979162085650622,0.8125665717154273
69,(0.03769896788644497)((2.5861895115846747 + X_2 + X_3)(2.5861895115846747 + X_2 + X_3)),8,0.08413114850568763,0.637383934586929,0.08413114850568763,0.637383934586929,0.8784331069209993,0.6677181542503576
70,(0.5348340297608488)(X_3) + (0.413939961334163)((X_2)(sin(sqrt(X_3)))),10,0.07489721269296333,0.30504887127744124,0.07489721269296333,0.30504887127744124,0.8917758569913602,0.8409715141979484
71,(0.32011423372325365)((X_3)(0.8028423805619966 + (0.902913715582249 + X_2)((sqrt(X_3))^(-1)))),13,0.06980024452992548,0.3405854843943144,0.06980024452992548,0.3405854843943144,0.8991408174692408,0.8224455194914484
72,((exp(1.2734887030086348))^(-1))((X_3)((2.2826652222979997 + X_2)((sqrt(X_3))^(-1)) + sqrt((X_3)^(sqrt(1.2734887030086348))) - (1.2734887030086348))),18,0.0777654139465897,0.305161856113066,0.0777654139465897,0.305161856113066,0.8876313953820542,0.8409126127922399
73,((exp(2.1035375942066272))^(-1))((X_3)(sqrt(3.766316072966462 + (-0.7628226351680115)(X_0) + (2)(X_2)) + (3.766316072966462 + (-0.7628226351680115)(X_0) + (2)(X_2))((sqrt(X_3))^(-1)) + sqrt(sqrt(3.766316072966462 + (-0.7628226351680115)(X_0) + (2)(X_2))) - (2.1035375942066272))),24,0.06685588894007884,0.34345093142601774,0.06685588894007884,0.34345093142601774,0.9033953197259554,0.8209517008102335
74,((exp((2)(-0.1597367107999615)))^(-1))((X_3)((sqrt(log(3.318559974403803)))^(3.318559974403803) - (-0.1597367107999615) + (log(3.318559974403803) + (-0.1597367107999615)^(-1) + (2)(X_2))((sqrt(X_3))^(-1)))),23,13.248715425110724,61.65902381251399,13.248715425110724,61.65902381251399,-18.143981749038637,-31.14416480832879
75,(-0.18999389537371547)((X_4)(-2.4779055355731145 + (-0.6576981006554092)(X_2 + (2)(X_3)) + X_4)),14,0.06980688224851922,0.745088361674958,0.06980688224851922,0.745088361674958,0.8991312261723086,0.6115695381867736
76,(-0.18585476388352692)((-1.867056749311067 + (-1.1719727350411175)(X_2 + (2)(X_3)) + X_4)(sqrt(X_4))),15,0.060795349358970095,0.4260414517786785,0.060795349358970095,0.4260414517786785,0.9121526109354995,0.7778955002142915
77,(0.5848963893948964)(0.42725139875997376 + X_2),5,0.2353092451670883,0.6249348961139509,0.2353092451670883,0.6249348961139509,0.6599854589433791,0.6742081036468548
78,sqrt((-0.6688241747937687)(exp(-0.6999999215183177) + (sqrt(-0.6999999215183177 + (2)(X_2)))(sqrt(sqrt(-0.6999999215183177 + (2)(X_2)))))),13,0.3815298853484962,1.242785003982091,0.3815298853484962,1.242785003982091,0.44870118140050763,0.3521096585831419
79,(4.6699360555441925e-07)((1479403.8145736349)(X_2) + (X_3)^(-2.847160969071442)),9,0.2603333409901927,0.6684786694879828,0.2603333409901927,0.6684786694879828,0.6238264187381888,0.6515078054396145
80,(0.27380972797975633)(X_2) + (-0.07273255843601585)((-6.780841632799847 - (X_2))(X_3)),10,0.0709051972949288,0.303631495197967,0.0709051972949288,0.303631495197967,0.8975441950882754,0.8417104225924851
81,((exp(1.6237479499558196))^(-1))((X_3)(sqrt(-2.6452499297975023 + X_0) + (0.8146277983957484)((1.7423464141628575 + (2)(X_2))((sqrt(X_3))^(-1)) - (1.6237479499558196)) + sqrt(sqrt(-2.6452499297975023 + X_0)))),25,0.06577511758636698,0.3299346827492254,0.06577511758636698,0.3299346827492254,0.9049570007196561,0.8279980096583635
82,((exp(2.2781188107964794))^(-1))((X_3)((4.726784808771154 + (2)(X_2) + (-0.06553293981225351)(X_3))((sqrt(X_3))^(-1)) + (sqrt(4.726784808771154 + (2)(X_2) + (-0.06553293981225351)(X_3)))(sqrt(sqrt(4.726784808771154 + (2)(X_2) + (-0.06553293981225351)(X_3)))) - (2.2781188107964794))),23,0.07147784962882699,0.39178095706515914,0.07147784962882699,0.39178095706515914,0.8967167302755048,0.7957562271670062
83,(-0.6862507448943052)((-0.33923206173442066)(X_3) - (log(sqrt(exp(X_2 + X_3))))),11,0.08110628405536968,0.3044028174720108,0.08110628405536968,0.3044028174720108,0.8828039419772379,0.8413083158323685
84,(0.43938022587321307)(X_2 + X_3),5,0.09181576888495718,0.32926738720510396,0.09181576888495718,0.32926738720510396,0.8673290694676627,0.8283458850644244
85,(0.4528223506943776)((X_3)(((exp((1.0917682174445988)^(X_0)))^(-1))(sqrt((2)((1.0917682174445988)^((2)(X_0)))) + (1.278047636769527 + ((2)^(-1))((1.0917682174445988)^(X_0)) + (2)(X_2))((sqrt(X_3))^(-1)) + sqrt(sqrt((2)((1.0917682174445988)^((2)(X_0))))) - ((1.0917682174445988)^(X_0))))),30,0.06746323776937219,0.32297336273326693,0.06746323776937219,0.32297336273326693,0.9025177195564134,0.831627094324979
86,((exp(2.048860805663825))^(-1))((X_3)(sqrt(2.048860805663825) - (2.048860805663825) + sqrt(3.10614909755029 + (2)(X_2)) + (3.10614909755029 + (2)(X_2))((sqrt(X_3))^(-1)))),20,0.07057475670627894,0.3500744887546666,0.07057475670627894,0.3500744887546666,0.8980216714620426,0.8174986990397726
87,(-1.709170457052096)((X_3)(-0.2832298242250419 + (-0.1835628966422105)((X_2)((sqrt(X_3))^(-1))))),13,0.07714986686006346,0.34985955430790117,0.07714986686006346,0.34985955430790117,0.8885208417783287,0.8176107489531935
88,((exp(1.365888983077113))^(-1))((X_3)(sqrt(2.0647634019451204 + X_2) + (2.0647634019451204 + X_2)((sqrt(X_3))^(-1)) - (1.365888983077113))),16,0.07203553453898547,0.3772632748522494,0.07203553453898547,0.3772632748522494,0.8959108929245452,0.8033246046863403
89,(3.914340481356028)((X_3)(-0.24873765053250452 + (exp(-0.24873765053250452) + X_2 - ((-0.24873765053250452)^(X_2)))((sqrt(X_3))^(-1)))),15,inf,inf,inf,inf,-inf,-inf
90,((exp(2.703765233953895))^(-1))((X_3)((-2)(2.703765233953895) + 6.644627160414173 + (0.33472517597964524)(X_1) + (2)(X_2) + (6.644627160414173 + (0.33472517597964524)(X_1) + (2)(X_2))((sqrt(X_3))^(-1)))),25,0.07153196497269579,0.5056386313510772,0.07153196497269579,0.5056386313510772,0.8966385352866227,0.7363997920397154
91,(-0.1858547638835269)((-1.8670567493110122 + (-1.1719727350410611)(X_2 + (2)(X_3)) + X_4)(sqrt(X_4))),15,0.0607953493589701,0.4260414517786555,0.0607953493589701,0.4260414517786555,0.9121526109354995,0.7778955002143035
92,((exp(1.9459761011063414))^(-1))((X_3)((3.4184321206354893 + (2)(X_2))((sqrt(X_3))^(-1)) + sqrt(X_3) + sqrt(sqrt(3.4184321206354893 + (2)(X_2))) - (1.9459761011063414))),20,0.07150073720864768,0.3270953975293065,0.07150073720864768,0.3270953975293065,0.8966836584344765,0.8294781896288481
93,((exp(2.289617923660316))^(-1))((X_3)((4.70678359361391 + (2)(X_2))((sqrt(X_3))^(-1)) + (sqrt(4.70678359361391 + (2)(X_2)))(sqrt(sqrt(4.70678359361391 + (2)(X_2)))) - (2.289617923660316))),20,0.07156687684881344,0.38642354263755996,0.07156687684881344,0.38642354263755996,0.8965880887114057,0.7985491616258926
94,(X_3)(0.8327858599533946 + (1.2258648213763124)(X_2) + (-0.1685665400424381)(X_3) - (X_2)),11,0.07902117475136342,0.5256884239142166,0.07902117475136342,0.5256884239142166,0.8858168600738097,0.7259474073493247
95,(0.42786896942662483)(X_3) + (0.26871820771470617)(sqrt(X_2)) + (0.22889016475740467)((X_2)((0.42786896942662483)(X_3) + (0.26871820771470617)(sqrt(X_2)))),13,0.06897485981014816,0.3542801078379898,0.06897485981014816,0.3542801078379898,0.9003334727195306,0.8153062200711393
96,((exp(0.9897688454155119))^(-1))((X_3)(1 - (0.9897688454155119) + (1.3514073123144108 + X_2)((sqrt(X_3))^(-1)))),16,0.0768882082024877,0.412057700334301,0.0768882082024877,0.412057700334301,0.8888989304008388,0.7851855282308485
97,(-0.002061601935636634)((X_3)(-122.90285613359661 + (-76.06593922561888)((2.40713111023467 + (2)(X_2) - (X_0))((sqrt(X_3))^(-1))) - (X_4))),21,0.06720579435933045,0.3358738506636567,0.06720579435933045,0.3358738506636567,0.9028897172773327,0.8249017946931976
98,(0.3201142337232535)((X_3)(0.8028423805619995 + (0.902913715582249 + X_2)((sqrt(X_3))^(-1)))),13,0.06980024452992546,0.34058548439431413,0.06980024452992546,0.34058548439431413,0.8991408174692408,0.8224455194914485
99,((exp(0.6350645983571643))^(-1))((X_3)(sqrt((1.5113372337160054 + (2)(X_2))((sqrt(X_3))^(-1)) - (0.6350645983571643)))),17,0.07803142896249685,0.2874870512871175,0.07803142896249685,0.2874870512871175,0.8872470119572397,0.8501268656971819
100,((0.14232155744244218)((X_3)(1 + (3.1674138603509028 + (2)(X_2))((sqrt(X_3))^(-1)))))^(1.0880335460102575),17,0.0699368549927289,0.3818001948377407,0.0699368549927289,0.3818001948377407,0.8989434195991288,0.8009594114880296
101,((exp(2.10721818689694))^(-1))((X_3)(sqrt(3.4118701039843415 + (2)(X_2)) + (3.4118701039843415 + (2)(X_2))((sqrt(X_3))^(-1)) + sqrt(sqrt(3.4118701039843415 + (2)(X_2))) - (2.10721818689694))),20,0.07086191516551864,0.3478807059344725,0.07086191516551864,0.3478807059344725,0.8976067364191819,0.8186423648353975
102,((exp(42.1325299465361))^(-1))((X_3)((17.558014036026343 + X_2)((sqrt(X_3))^(-1)) + (sqrt(17.558014036026343 + X_2))(sqrt(sqrt(17.558014036026343 + X_2))) - (42.1325299465361))),18,1.8506694679397269,4.3052276567805166,1.8506694679397269,4.3052276567805166,-1.674159824626551,-1.2444070434478984
103,(exp(-5.310769278469703))((X_2 + X_3)(79.96449231186367 + (3.57078209830777)(X_2 + X_3) + log((exp(-5.310769278469703))(X_2 + X_3)) - (X_4))),16,0.08396535597792039,0.36972822272148087,0.08396535597792039,0.36972822272148087,0.8786726719674103,0.8072527881468383
104,(0.4077635902376236)(X_2 + (X_3)^(1.2761578287668587)),7,0.07908481637399624,0.27773011706539585,0.07908481637399624,0.27773011706539585,0.8857248999083847,0.8552133637027404
105,(0.2862338445811375)((X_3)(1 + -0.10212828315660552 + (exp(-0.10212828315660552) + X_2)((sqrt((-0.7995249048572173)(X_3)))^(-1)))),17,0.06980024452992548,0.3405854846751415,0.06980024452992548,0.3405854846751415,0.8991408174692408,0.8224455193450473
106,(0.09998718327393455)((X_3)(((exp(1.1684631835966424) + (2)(X_2) + X_3)^(1.1684631835966424))((sqrt(X_3))^((-1)(1.1684631835966424))))),17,0.07027384094825033,0.3675064856475231,0.07027384094825033,0.3675064856475231,0.8984564853737957,0.8084110270914449
107,(0.18585476388352654)((1.8670567493111165 + (1.1719727350411346)(X_2 + (2)(X_3)) - (X_4))(sqrt(X_4))),15,0.060795349358970116,0.42604145177868497,0.060795349358970116,0.42604145177868497,0.9121526109354995,0.7778955002142882
108,(0.5715728483266336 + (0.30353107854232886)(X_2))((X_3)^(0.6231232847640196)),9,0.07063462844854544,0.3891015303531813,0.07063462844854544,0.3891015303531813,0.8979351586565021,0.7971530694862026
109,(0.3094593266665825)((X_3)(1 + (0.7910938148665578 + X_2)((sqrt(X_3))^(-1)))),13,0.0701042476067172,0.3291987853699622,0.0701042476067172,0.3291987853699622,0.8987015424778917,0.828381648664926
110,(-3.0885801484616717)((X_3)((-0.27392458679045184 + X_2)^(1 - (X_2)) + (-0.27392458679045184 + (2)(X_2))((X_3)^(1.9539775125185255)))),17,inf,inf,inf,inf,-inf,-inf
111,(1.2131385265803888e-05)((18378.21665348206 + (10558.187927387753)(X_2 + (2)(X_3)) + X_4)(sqrt(X_4))),15,0.11106211759409915,0.5582007662650302,0.11106211759409915,0.5582007662650302,0.8395186941519466,0.7089980295257781
112,(0.16624721467567713)((X_3)(0.8859259810847276 + (exp(0.8859259810847276) + (2)(X_2))((sqrt(X_3))^(-1)))),15,0.07111001029452894,0.35444698287831056,0.07111001029452894,0.35444698287831056,0.8972482466736178,0.815219224551801
113,(-0.26914591333984844)(-0.41696540680912514 + ((-0.41696540680912514)^(-1))(X_3) + (-0.29138738744617493)((X_2)(X_2) + (2.743104012740598e-05)(((2)(X_3))^(X_4)))),20,0.07574004358586522,6.325623301157993,0.07574004358586522,6.325623301157993,0.8905579925634883,-2.2976824045430337
114,-0.09970312585165428 + (0.3601448081921422)(X_2) + (0.617766107590053)(X_3),9,0.07806894407701491,0.2919751415145282,0.07806894407701491,0.2919751415145282,0.8871928037834957,0.8477871284936995
115,(-0.18585476388352706)((-1.8670567493110664 + (-1.1719727350411164)(X_2 + (2)(X_3)) + X_4)(sqrt(X_4))),15,0.0607953493589701,0.4260414517786782,0.0607953493589701,0.4260414517786782,0.9121526109354995,0.7778955002142918
116,-0.014786390328890522 + (sin(-0.014786390328890522))(X_2 + (X_2)(-17.153954139672233 + (-0.4916036455449788)((X_2)(X_2)))) + (0.630114750713956)(X_3),16,0.0703507731544773,0.8676466710706523,0.0703507731544773,0.8676466710706523,0.8983453207284195,0.5476772763205421
117,(0.32011423372325354)((X_3)(0.802842380562 + (0.902913715582248 + X_2)((sqrt(X_3))^(-1)))),13,0.06980024452992548,0.3405854843943143,0.06980024452992548,0.3405854843943143,0.8991408174692408,0.8224455194914484
118,(0.37393737019769435)(X_3 + (X_2)(sqrt(X_3))),7,0.08225266644019895,0.45181872223033703,0.08225266644019895,0.45181872223033703,0.8811474550841014,0.7644572590863351
119,-0.04071841804094377 + (0.5359521924883991)(X_3) + (0.35745703740256574)((X_2)((X_3)^(sqrt(-0.04071841804094377)))),12,0.07254302965901854,0.28631804144451756,0.07254302965901854,0.28631804144451756,0.8951775782593947,0.8507362954727382
120,(0.21908992956035409)((X_3)(sqrt(1.3767143727860034 + X_2) + (1.3767143727860034 + X_2)((sqrt(X_3))^(-1)))),13,0.07283524083774913,0.32695141225406726,0.07283524083774913,0.32695141225406726,0.8947553421940113,0.8295532522252222
121,sin(-9.67433531280288) + (0.2901546459177706)(X_3) + (0.5623066992365308)((X_2)(sin(-9.67433531280288) + (0.2901546459177706)(X_3))),12,0.07502827754782122,0.46039515288105204,0.07502827754782122,0.46039515288105204,0.891586472352259,0.7599861827822072
122,((exp(2.289617927600771))^(-1))((X_3)((4.706783630026396 + (2)(X_2))((sqrt(X_3))^(-1)) + (sqrt(4.706783630026396 + (2)(X_2)))(sqrt(sqrt(4.706783630026396 + (2)(X_2)))) - (2.289617927600771))),20,0.07156687684881348,0.3864235400936006,0.07156687684881348,0.3864235400936006,0.8965880887114057,0.798549162952113
123,((exp(1.193298560866163))^(-1))((X_3)(1.193298560866163 + (0.634748303742001 + X_2)((sqrt(X_3))^(-1)))),14,0.07096279162134504,0.3239367144567236,0.07096279162134504,0.3239367144567236,0.8974609730778101,0.8311248785153137
124,(0.03769889215705916)((2.586196458534746 + X_2 + X_3)(2.586196458534746 + X_2 + X_3)),8,0.08413114850503947,0.6373818355215047,0.08413114850503947,0.6373818355215047,0.8784331069219359,0.6677192485379537
125,-0.6297605580985894 + (0.3638801097382692)(X_2 + exp(0.14328791304077532 + sqrt(X_3))),11,0.07908383399952565,0.28295665279234905,0.07908383399952565,0.28295665279234905,0.8857263194089424,0.8524886591032215
126,((exp(2.4020540461743165))^(-1))((X_3)((3.8326631546536607 + (2)(X_2) + sqrt(X_2))((sqrt(X_3))^(-1)) + (2)(sqrt(3.8326631546536607 + (2)(X_2) + sqrt(X_2))) - (2.4020540461743165))),21,0.07180856979901235,0.3214381601304528,0.07180856979901235,0.3214381601304528,0.8962388499151139,0.8324274282003432
127,exp(-2.565453912076669) + (0.4438984139068879)(X_3) + (0.17516778217692025)((X_2)(((X_3)^(1 + sqrt(exp(-2.565453912076669))))((exp(-2.565453912076669) + (0.4438984139068879)(X_3))^(-1)))),19,0.07070483545383116,0.30551878283197387,0.07070483545383116,0.30551878283197387,0.8978337117173296,0.8407265392774864
128,sin(2.8212501103459138) + (0.5316265450884435)(X_3) + (-1 + X_2)(0.18432950954544458 + (0.17779426675018603)(sin(2.8212501103459138) + (0.5316265450884435)(X_3))),16,0.0701212626828504,0.32579141223174474,0.0701212626828504,0.32579141223174474,0.8986769562220548,0.8301579849892144
129,(-0.18585476388352706)((-1.8670567493110664 + (-1.1719727350411164)(X_2 + (2)(X_3)) + X_4)(sqrt(X_4))),15,0.0607953493589701,0.4260414517786782,0.0607953493589701,0.4260414517786782,0.9121526109354995,0.7778955002142918
130,(-0.13888281302517988)((X_3)(sin(sqrt((2)(X_2))) + (2.936765505995056e-05)((-199074.388742761 + (2)(X_2) - (X_0))((sqrt(X_3))^(-1))) - (X_4))),22,0.12582103509383147,0.5231169021800836,0.12582103509383147,0.5231169021800836,0.8181925173729567,0.7272879965010686
131,((exp(1.52637058821784))^(-1))((X_3)(sqrt(1.52637058821784 + X_2) + (1.52637058821784 + X_2)((sqrt(X_3))^(-1)) + sqrt(sqrt(1.52637058821784 + X_2)) - (1.52637058821784))),17,0.07305019860421909,0.3577080328323322,0.07305019860421909,0.3577080328323322,0.894444734906733,0.8135191696257126
132,sqrt((X_2)(X_3)),4,0.09748762100556999,0.3060135245438589,0.09748762100556999,0.3060135245438589,0.859133419550203,0.8404686198661648
133,(-0.18585476388352706)((-1.8670567493110664 + (-1.1719727350411164)(X_2 + (2)(X_3)) + X_4)(sqrt(X_4))),15,0.0607953493589701,0.4260414517786782,0.0607953493589701,0.4260414517786782,0.9121526109354995,0.7778955002142918
134,(0.09027073366475939)((X_3)(X_2 + (2.4041671746475024)((2.617764374908545 + X_2)((sqrt(X_3))^(-1))))),14,0.07230391024003034,0.4485184040434136,0.07230391024003034,0.4485184040434136,0.8955230983831249,0.76617778538015
135,(-1.3407920773844598e-05)(-18638.327836632885 + (-43621.863494419515)(X_2) + X_3),9,0.23531607270415567,0.6249822998108787,0.23531607270415567,0.6249822998108787,0.6599755933646558,0.6741833910881351
136,((2)(-0.18821440366976463))(((2)(-0.18821440366976463))(X_2) - ((1.303914364905272 + ((-2)(-0.18821440366976463))(X_2))(X_3))),14,0.08459761665147146,0.4198801211521632,0.08459761665147146,0.4198801211521632,0.8777590749576839,0.7811075333418274
137,-0.1551014801648174 + (-3.735733268184609)(X_3) + ((-1.1873789015939993)((X_3)^(-3.586267300017761)))^(X_2),12,inf,inf,inf,inf,-inf,-inf
138,(0.4021258722726781)((0.11014099976244296 + X_2 + X_3)(sqrt(sqrt(sqrt(X_3))))),11,0.07581036783683291,0.2948151587488403,0.07581036783683291,0.2948151587488403,0.8904563762079518,0.8463065669084917
139,(0.3201142337232536)((X_3)(0.8028423805619991 + (0.9029137155822466 + X_2)((sqrt(X_3))^(-1)))),13,0.06980024452992548,0.34058548439431424,0.06980024452992548,0.34058548439431424,0.8991408174692408,0.8224455194914485
140,(0.4956850158531989)(X_3) + ((-1)(sin(sin(3.212962394982078))))((X_2)(3.02197357270543 + X_3 + sin((sin(sin(3.212962394982078)))(((X_2)^((-1)(X_2)))((sqrt((X_0)^(X_0)))^(-1))) + sqrt((X_0)^(X_0)) - (log((X_0)^(X_0)))))),27,0.0710062362497635,0.3020854353592261,0.0710062362497635,0.3020854353592261,0.8973981969408904,0.8425164165766119
141,(0.7180070025244703)((0.1123953903472539)((X_2)(X_2)) + X_3),8,0.08032497126548457,0.689308110316101,0.08032497126548457,0.689308110316101,0.8839329146594876,0.6406489734723709
142,((sin(2.466906766817112))(sin(2.466906766817112)))(-0.24987199645253264 + X_2 + (exp((sin(2.466906766817112))(sin(2.466906766817112))))(X_3)),11,0.07907394930520935,0.29597675094671816,0.07907394930520935,0.29597675094671816,0.8857406024848117,0.8457010041094083
143,((exp(2.256784437594772))^(-1))((X_3)((2)(sqrt(3.7253055727051287 + (2)(X_2))) + (3.7253055727051287 + (2)(X_2))((sqrt(X_3))^(-1)) - (2.256784437594772))),19,0.07193838406236955,0.3434105628756322,0.07193838406236955,0.3434105628756322,0.8960512723418372,0.8209727457969431
144,166002.20819661336 + (0.4161890378202099)(X_2) + (-166001.63484437735)((X_3)^(-2.696549065185335e-06)),11,0.14407910218314238,0.5078358369350469,0.14407910218314238,0.5078358369350469,0.7918101782619503,0.7352543418842985
145,(-0.1858547638835269)((-1.8670567493110122 + (-1.1719727350410611)(X_2 + (2)(X_3)) + X_4)(sqrt(X_4))),15,0.0607953493589701,0.4260414517786555,0.0607953493589701,0.4260414517786555,0.9121526109354995,0.7778955002143035
146,(0.9357177672190926)(sqrt((X_2)(X_3))),6,0.08917431807181948,0.33270647616426086,0.08917431807181948,0.33270647616426086,0.8711458837424904,0.8265530146059206
147,(0.07978803910335396)((X_3)(5.210727519531744 + ((sqrt(1))^(-1) + (4)(X_2))((sqrt(X_3))^(-1)))),17,0.0736691172784648,0.35050854326958897,0.0736691172784648,0.35050854326958897,0.8935504166710615,0.8172724171591854
148,(-0.18585476388352692)((-1.867056749311067 + (-1.1719727350411175)(X_2 + (2)(X_3)) + X_4)(sqrt(X_4))),15,0.060795349358970095,0.4260414517786785,0.060795349358970095,0.4260414517786785,0.9121526109354995,0.7778955002142915
149,(0.22028096008602016)(X_2) + (0.5419754082525174)(X_3) + (0.09224799484047276)((X_2)((0.22028096008602016)(X_2) + (0.5419754082525174)(X_3))),12,0.0699752476961122,0.35099782966336307,0.0699752476961122,0.35099782966336307,0.8988879433367681,0.817017341721602
150,(0.3775778585075229)((X_3)(1 + (0.39045665119997724)(((sqrt(X_3))^(-1))(1.9756172239275545 + sqrt(X_0 - (exp(X_2))))))),19,0.07474102775227832,20.72598473270355,0.07474102775227832,20.72598473270355,0.8920015393732371,-9.804898097133298
151,(0.1600571168616268)((X_3)(1.6056847611240168 + (2)((0.9029137155822586 + X_2)((sqrt(X_3))^(-1))))),15,0.06980024452992548,0.34058548439431346,0.06980024452992548,0.34058548439431346,0.8991408174692408,0.8224455194914488
152,(0.8761666216500742)((X_3)(1 + (0.7232544667450477)(((X_3 + X_4)^(-1))(-0.1711823358454594 + sqrt(1.2871600254509672 - (exp(X_2))) - (X_3))))),21,0.06481725616024327,10.064481775328613,0.06481725616024327,10.064481775328613,0.9063410806905388,-4.246829107776527
153,sqrt((X_2)(X_3)),4,0.09748762100556999,0.3060135245438589,0.09748762100556999,0.3060135245438589,0.859133419550203,0.8404686198661648
154,(0.32011423372325365)((X_3)(0.8028423805619969 + (0.9029137155822524 + X_2)((sqrt(X_3))^(-1)))),13,0.06980024452992548,0.3405854843943142,0.06980024452992548,0.3405854843943142,0.8991408174692408,0.8224455194914485
155,-0.05079915872944354 + (0.5394568390167593)(X_3) + ((-1)(-0.05079915872944354))((X_2)(5.972228601469771 + X_3)),13,0.07243392338018335,0.28744095705434314,0.07243392338018335,0.28744095705434314,0.8953352334390634,0.8501508956042967
156,(0.31001411402306434)(X_2 + (2)(X_3)),7,0.08229728372101323,0.3053506494044902,0.08229728372101323,0.3053506494044902,0.8810829845009397,0.8408141908209046
157,(0.4077635772540008)(X_2 + (X_3)^(1.2761579254171704)),7,0.07908481637398597,0.2777301044999037,0.07908481637398597,0.2777301044999037,0.8857248999083995,0.8552133702533996
158,X_2 + (-0.6568746275528474)(X_2) + (0.5759236275044296)(X_3),8,0.08110628405536968,0.30440281747201087,0.08110628405536968,0.30440281747201087,0.8828039419772379,0.8413083158323684
159,(0.3100141140230639)(X_2 + (2)(X_3)),7,0.08229728372101325,0.3053506494044912,0.08229728372101325,0.3053506494044912,0.8810829845009397,0.840814190820904
160,((exp(2.2781187950454616))^(-1))((X_3)((4.726784999332821 + (2)(X_2) + (-0.06553311340111799)(X_3))((sqrt(X_3))^(-1)) + (sqrt(4.726784999332821 + (2)(X_2) + (-0.06553311340111799)(X_3)))(sqrt(sqrt(4.726784999332821 + (2)(X_2) + (-0.06553311340111799)(X_3)))) - (2.2781187950454616))),23,0.07147784962882622,0.39178096190895734,0.07147784962882622,0.39178096190895734,0.8967167302755058,0.7957562246418309
161,(-9.320681222952428e-06)((X_3)(1 + (-38220.37494633725)(((X_3)^(-1))(sqrt(-1.9143733511466985 - (exp(X_2))))))),16,0.2967712471626226,32.17429005897066,0.2967712471626226,32.17429005897066,0.5711747775522018,-15.773143950369004
162,((exp(1.9459760979800664))^(-1))((X_3)((3.418432076523295 + (2)(X_2))((sqrt(X_3))^(-1)) + sqrt(X_3) + sqrt(sqrt(3.418432076523295 + (2)(X_2))) - (1.9459760979800664))),20,0.07150073720864768,0.3270953990857676,0.07150073720864768,0.3270953990857676,0.8966836584344765,0.8294781888174317
163,((exp(1.0443226079987578))^(-1))((X_3)((X_0)^((X_0)^(X_2)) + ((0.25381557606900906 + X_2)^(1.0443226079987578))((sqrt(X_3))^((-1)(1.0443226079987578))))),19,0.07783795844297896,0.46483069117431025,0.07783795844297896,0.46483069117431025,0.8875265708409339,0.7576738420233643
164,(-0.5759236275044292)((-0.5957827671248141)(X_2) - (X_3)),7,0.0811062840553697,0.3044028174720139,0.0811062840553697,0.3044028174720139,0.8828039419772378,0.8413083158323669
165,((exp(1.96638713270468))^(-1))((X_3)(((2)(X_2) + exp((116491.92415338822)((116491.92415338822 + X_2)^(-1))) + log((1.96638713270468)((sqrt(1.96638713270468) + X_2)^(-1))))((sqrt(X_3))^(-1)) + sqrt((2)(X_2) + exp((116491.92415338822)((116491.92415338822 + X_2)^(-1))) + log((1.96638713270468)((sqrt(1.96638713270468) + X_2)^(-1)))) + sqrt(sqrt((2)(X_2) + exp((116491.92415338822)((116491.92415338822 + X_2)^(-1))) + log((1.96638713270468)((sqrt(1.96638713270468) + X_2)^(-1))))) - (1.96638713270468))),30,0.0711059237925164,0.384766139653067,0.0711059237925164,0.384766139653067,0.8972541515419341,0.7994132011677666
166,(0.2876467018224177)(((exp(0.7865214396438448) + (2)(X_2))^(0.7865214396438448))((X_3)((sqrt(X_3))^((-1)(0.7865214396438448))))),16,0.07135140951665891,0.3271896935790393,0.07135140951665891,0.3271896935790393,0.8968994323052505,0.829429031086011
167,((-187698704.00673804)^(-1))((X_3)(sin(sqrt(-187698704.00673804)) + (-191714721.05265403 + X_2)((X_3)^(-0.08242148980926502)))),15,0.19846290639102981,0.5746119200396188,0.19846290639102981,0.5746119200396188,0.7132272725391953,0.7004425448779958
168,(X_3)(((exp(-0.5337609117010303) + log(X_3))^(-1))(((2)(-0.5337609117010303))(((-0.5337609117010303)(((2)^(-1))((-0.5337609117010303)^(-1))) + (2)(X_2))((sqrt(X_3))^(0.7384759000048914))) - (-0.5337609117010303))),24,148.104642046979,354.37059296154155,148.104642046979,354.37059296154155,-213.00660164542484,-183.74095175456122
169,(-0.1858547638835269)((-1.8670567493110122 + (-1.1719727350410611)(X_2 + (2)(X_3)) + X_4)(sqrt(X_4))),15,0.0607953493589701,0.4260414517786555,0.0607953493589701,0.4260414517786555,0.9121526109354995,0.7778955002143035
170,(X_3)(((exp(0.7873340900474174) + log(X_3))^(-1))(sqrt(log((2)(0.7873340900474174))) + sqrt(-0.020000010594447892 + (2)(X_2)))),19,0.08732027800077981,0.3356982516146282,0.08732027800077981,0.3356982516146282,0.8738249139837693,0.8249933382244303
171,((exp(2.10721818912098))^(-1))((X_3)(sqrt(3.411870125137171 + (2)(X_2)) + (3.411870125137171 + (2)(X_2))((sqrt(X_3))^(-1)) + sqrt(sqrt(3.411870125137171 + (2)(X_2))) - (2.10721818912098))),20,0.07086191516551865,0.3478807048113122,0.07086191516551865,0.3478807048113122,0.8976067364191819,0.818642365420925
172,-0.037270623772246714 + (0.5323476642912462)(X_3) + (X_2)(-0.037270623772246714 + (0.39393736354089376)((X_3)^(sqrt(-0.037270623772246714)))),13,0.07240462782517615,0.2869632280490028,0.07240462782517615,0.2869632280490028,0.8953775646049457,0.8503999459286754
173,(0.07361047406152003)(-0.6048117477952637 + (6.930449857096488)(X_2 + X_3) - (X_4)),11,0.08795025177641141,0.29030005557995414,0.08795025177641141,0.29030005557995414,0.8729146214704131,0.8486603865347737
174,(0.3431253724471528)(X_2) + (0.5759236275044302)(X_3),7,0.0811062840553697,0.3044028174720103,0.0811062840553697,0.3044028174720103,0.8828039419772378,0.8413083158323688
175,(-0.00014700755414345768)(((X_3)^(0.1720892289305194))(0.1720892289305194 + (-2738.472772002969)(X_2 + X_3) - (X_0))),13,0.07517119606819787,0.2979567535987676,0.07517119606819787,0.2979567535987676,0.8913799595351367,0.8446687864771291
176,((exp(2))^(-1))((X_3)((3.216584540626863 + (2)(X_2))((sqrt(X_3))^(-1)) + sqrt((-0.5682471536210439)(X_3)) - (-0.5682471536210439))),19,0.07345173685096652,0.2944040148832439,0.07345173685096652,0.2944040148832439,0.89386452462818,0.8465209049787124
177,(0.12414691942345216)((X_3)(1.5639868548712637 + X_2 + (1.5639868548712637 + X_2)((X_3)^(-1)) + sqrt(1.5639868548712637 + X_2))),14,0.07511050662088728,0.39998080564045047,0.07511050662088728,0.39998080564045047,0.8914676538990349,0.7914814711343944
178,(0.17928198930530706)((2.9635556656792033 + (2)(X_2))((X_3)((sqrt(X_3))^(-1)))),13,0.07677241545359187,0.39218305488112576,0.07677241545359187,0.39218305488112576,0.8890662473217934,0.7955466049954844
179,(0.3094593266665825)((X_3)(1 + (0.7910938148665672 + X_2)((sqrt(X_3))^(-1)))),13,0.07010424760671717,0.32919878536996183,0.07010424760671717,0.32919878536996183,0.8987015424778918,0.8283816486649263
180,(0.21908990661585706)((X_3)(sqrt(1.376714860755518 + X_2) + (1.376714860755518 + X_2)((sqrt(X_3))^(-1)))),13,0.07283524083774294,0.3269513668716162,0.07283524083774294,0.3269513668716162,0.8947553421940202,0.8295532758840624
181,((exp(2.1072181897829063))^(-1))((X_3)(sqrt(3.4118701314321203 + (2)(X_2)) + (3.4118701314321203 + (2)(X_2))((sqrt(X_3))^(-1)) + sqrt(sqrt(3.4118701314321203 + (2)(X_2))) - (2.1072181897829063))),20,0.07086191516551867,0.3478807044770471,0.07086191516551867,0.3478807044770471,0.8976067364191819,0.8186423655951846
182,(-0.18585476388352706)((-1.8670567493110664 + (-1.1719727350411164)(X_2 + (2)(X_3)) + X_4)(sqrt(X_4))),15,0.0607953493589701,0.4260414517786782,0.0607953493589701,0.4260414517786782,0.9121526109354995,0.7778955002142918
183,(0.3198618090419494)((X_3)(-0.3934213269423085 + sin(exp(-0.3934213269423085)) + ((-1)(exp(-0.3934213269423085)))((X_3)^(-1)) + (2.214789809328052 + X_2)((sqrt(X_3))^(-1)))),20,0.07103554068332738,0.3417949433871279,0.07103554068332738,0.3417949433871279,0.89735585294577,0.821815002710772
184,(0.969233111624429)(X_3),3,0.20187470601592417,0.5321954116624423,0.20187470601592417,0.5321954116624423,0.7082973281895295,0.7225551757885277
185,(0.22276996271867694)((1.7042620522414142 + (1.4766871890944833)(X_2 + X_3) - (X_4))(sqrt(X_4))),13,0.07209133927601057,0.5502227485199734,0.07209133927601057,0.5502227485199734,0.8958302568150931,0.7131571404131098
186,((2)(-0.18821440366976463))(((2)(-0.18821440366976463))(X_2) - ((1.303914364905272 + ((-2)(-0.18821440366976463))(X_2))(X_3))),14,0.08459761665147146,0.4198801211521632,0.08459761665147146,0.4198801211521632,0.8777590749576839,0.7811075333418274
187,(2)((0.24797898358056567)(sqrt(sqrt((0.24797898358056567)(0.24797898358056567))))) + (0.2901569882396346)(X_3) + (0.5623019570865206)((X_2)((2)((0.24797898358056567)(sqrt(sqrt((0.24797898358056567)(0.24797898358056567))))) + (0.2901569882396346)(X_3))),17,0.0750282775477438,0.4603936505032864,0.0750282775477438,0.4603936505032864,0.8915864723523709,0.7599869660037946
188,sqrt((X_2)(X_3)),4,0.09748762100556999,0.3060135245438589,0.09748762100556999,0.3060135245438589,0.859133419550203,0.8404686198661648
189,(-0.1858547638835269)((-1.8670567493110122 + (-1.1719727350410611)(X_2 + (2)(X_3)) + X_4)(sqrt(X_4))),15,0.0607953493589701,0.4260414517786555,0.0607953493589701,0.4260414517786555,0.9121526109354995,0.7778955002143035
190,(-0.18585476388352717)((-0.524474806249497 + (-1.171972735041115)(1.1455743831911365 + X_2 + (2)(X_3)) + X_4)(sqrt(X_4))),17,0.060795349358970095,0.42604145177867786,0.060795349358970095,0.42604145177867786,0.9121526109354995,0.777895500214292
191,(0.40776356226784294)(X_2 + (X_3)^(1.2761580369792256)),7,0.07908481637397864,0.2777300899950454,0.07908481637397864,0.2777300899950454,0.8857248999084101,0.8552133778150918
192,(0.16005711686162677)((X_3)(1.605684761124 + (1.8058274311644982 + (2)(X_2))((sqrt(X_3))^(-1)))),15,0.06980024452992549,0.3405854843943142,0.06980024452992549,0.3405854843943142,0.8991408174692408,0.8224455194914485
193,((exp(1.4143320848044358))^(-1))((X_3)(1 + ((2)(sin(1.4143320848044358)) + X_2)((sqrt(X_3))^(-1)))),17,0.08158001688817386,0.28965678262814115,0.08158001688817386,0.28965678262814115,0.8821194127671127,0.8489957384508645
194,((exp((2)(0.9679475619077244)))^(-1))((X_3)((3.7671701638671853 + (2)(X_2))((sqrt(X_3))^(-1)) + sqrt((0.9679475619077244)(X_4)) - (0.9679475619077244))),21,0.07218370552381453,0.4128356956371041,0.07218370552381453,0.4128356956371041,0.8956967904596429,0.7847799426784491
195,(-0.1858547638835269)((-1.8670567493110122 + (-1.1719727350410611)(X_2 + (2)(X_3)) + X_4)(sqrt(X_4))),15,0.0607953493589701,0.4260414517786555,0.0607953493589701,0.4260414517786555,0.9121526109354995,0.7778955002143035
196,(0.32860675977253007)((X_3)(((exp((0.09120883053361556)(X_0)))^(-1))(0.7572878024021202 + (X_2 + exp((0.09120883053361556)(X_0)))((sqrt(X_3))^(-1))))),18,0.06767939969659241,0.318070122568771,0.06767939969659241,0.318070122568771,0.9022053722943009,0.8341832580492317
197,((exp(2.256784441470923))^(-1))((X_3)((2)(sqrt(3.7253056185901308 + (2)(X_2))) + (3.7253056185901308 + (2)(X_2))((sqrt(X_3))^(-1)) - (2.256784441470923))),19,0.07193838406236952,0.3434105607626508,0.07193838406236952,0.3434105607626508,0.8960512723418373,0.8209727468984854
198,(0.5759236275044296)((0.595782767124819)(X_2) + X_3),7,0.0811062840553697,0.3044028174720108,0.0811062840553697,0.3044028174720108,0.8828039419772378,0.8413083158323685
199,((exp(1.30005572851496))^(-1))((X_3)(log(2.375961281608267 + X_2) + (2.375961281608267 + X_2)((sqrt(X_3))^(-1)) - (1.30005572851496))),16,0.0764709044578261,0.37647864247682256,0.0764709044578261,0.37647864247682256,0.8895019213335646,0.8037336502863219
200,(0.42786899014568713)(X_3) + (0.2687182142360078)(sqrt(X_2)) + (0.2288901399662461)((X_2)((0.42786899014568713)(X_3) + (0.2687182142360078)(sqrt(X_2)))),13,0.06897485981014809,0.3542800787555736,0.06897485981014809,0.3542800787555736,0.9003334727195307,0.8153062352324234
201,(-0.5759236275044297)((-0.5957827671248197)(X_2) - (X_3)),7,0.08110628405536967,0.30440281747201037,0.08110628405536967,0.30440281747201037,0.8828039419772379,0.8413083158323688
202,(-0.1899938953737152)((X_4)(-2.4779055355730466 + (-0.6576981006553941)(X_2 + (2)(X_3)) + X_4)),14,0.06980688224851922,0.7450883616748931,0.06980688224851922,0.7450883616748931,0.8991312261723086,0.6115695381868074
203,(X_3)(0.8327858599533946 + (1.2258648213763124)(X_2) + (-0.1685665400424381)(X_3) - (X_2)),11,0.07902117475136342,0.5256884239142166,0.07902117475136342,0.5256884239142166,0.8858168600738097,0.7259474073493247
204,(0.06769724326750493)((X_3)(-0.44423531682958206 + (2)(X_2) + sin((X_2)(sin(X_2))) + (8.678584651204941 + (2)(X_2))((sqrt(X_3))^(-1)))),20,0.06978014401487813,0.4237692927927692,0.06978014401487813,0.4237692927927692,0.8991698620883504,0.7790800251775132
205,(-0.18585476388352706)((-1.8670567493110632 + (-1.171972735041118)(X_2 + (2)(X_3)) + X_4)(sqrt(X_4))),15,0.0607953493589701,0.42604145177867897,0.0607953493589701,0.42604145177867897,0.9121526109354995,0.7778955002142913
206,(0.43938022587321335)(X_2 + X_3),5,0.09181576888495718,0.3292673872051035,0.09181576888495718,0.3292673872051035,0.8673290694676627,0.8283458850644246
207,0.14353535564960573 + (0.3856320089748415)(X_3) + (0.3202939097811397)((X_2)(sqrt(X_3))),11,0.0702935174177261,0.34269707595528354,0.0702935174177261,0.34269707595528354,0.8984280534873492,0.821344701753074
208,(-0.1858547638835269)((-1.8670567493110122 + (-1.1719727350410611)(X_2 + (2)(X_3)) + X_4)(sqrt(X_4))),15,0.0607953493589701,0.4260414517786555,0.0607953493589701,0.4260414517786555,0.9121526109354995,0.7778955002143035
209,(-0.18585476388352706)((-1.8670567493110632 + (-1.171972735041118)(X_2 + (2)(X_3)) + X_4)(sqrt(X_4))),15,0.0607953493589701,0.42604145177867897,0.0607953493589701,0.42604145177867897,0.9121526109354995,0.7778955002142913
210,(0.28764660950369475)(((exp(0.7865216043992092) + (2)(X_2))^(0.7865216043992092))((X_3)((sqrt(X_3))^((-1)(0.7865216043992092))))),16,0.07135140951665965,0.32718974786104343,0.07135140951665965,0.32718974786104343,0.8968994323052495,0.8294290027876439
211,(0.43938022587321335)(X_2 + X_3),5,0.09181576888495718,0.3292673872051035,0.09181576888495718,0.3292673872051035,0.8673290694676627,0.8283458850644246
212,(-0.40367147983252516)((-0.859613345595575 + X_4 + (-0.5395890639570717)(X_2 + (2)(X_3) + X_4))(sqrt(X_4))),16,0.060795349358970095,0.42604145177867847,0.060795349358970095,0.42604145177867847,0.9121526109354995,0.7778955002142915
213,(0.3835387053038559)((X_2 + X_3)(sqrt(sqrt(X_3)))),8,0.07832574276165899,0.3108086184901801,0.07832574276165899,0.3108086184901801,0.8868217376707249,0.8379688350730963
214,((exp(2.107218187197274))^(-1))((X_3)(sqrt(3.411870106840674 + (2)(X_2)) + (3.411870106840674 + (2)(X_2))((sqrt(X_3))^(-1)) + sqrt(sqrt(3.411870106840674 + (2)(X_2))) - (2.107218187197274))),20,0.07086191516551864,0.3478807057828044,0.07086191516551864,0.3478807057828044,0.8976067364191819,0.8186423649144654
215,(3.037554288684371e-05)(((X_4)^(0.053298414319978296))(-560.5653806633683 + (13751.01587794775)(X_2 + X_3) + X_4)),14,0.08976650960675153,0.3493832207775221,0.08976650960675153,0.3493832207775221,0.8702901853919026,0.8178590717866979
216,-0.08099375168037708 + (0.5749422582567207)(X_3) + ((-1)(-0.08099375168037708))((X_2)(3.434815087309801 + sqrt(X_3))),14,0.07415874108599435,0.2824383130113567,0.07415874108599435,0.2824383130113567,0.8928429254966738,0.85275888069151
217,(0.5759236275044297)((0.5957827671248188)(X_2) + X_3),7,0.08110628405536968,0.3044028174720108,0.08110628405536968,0.3044028174720108,0.8828039419772379,0.8413083158323685
218,((exp(0.989768084022152))^(-1))((X_3)(1 - (0.989768084022152) + (1.35140392402134 + X_2)((sqrt(X_3))^(-1)))),16,0.07688820820270278,0.4120581638221057,0.07688820820270278,0.4120581638221057,0.888898930400528,0.7851852866047659
219,((exp(-4.604438103830315))^(-1))((X_3)(1 + ((((-4.604438103830315)^(X_1))^((-4.604438103830315)^(X_1)) + log((-4.604438103830315)^(X_1)))^(-1))(sqrt(X_2)))),18,inf,inf,inf,inf,-inf,-inf
220,(0.18585476388352662)((1.8670567493110666 + (1.1719727350411184)(X_2 + (2)(X_3)) - (X_4))(sqrt(X_4))),15,0.0607953493589701,0.4260414517786785,0.0607953493589701,0.4260414517786785,0.9121526109354995,0.7778955002142915
221,(-0.0007076446761461166)(((-542.3245921662442)(X_2 + X_3) + X_4 - (X_3))(sqrt(sqrt(X_3)))),13,0.07832937324091416,0.3103585127107836,0.07832937324091416,0.3103585127107836,0.8868164917411105,0.8382034848203596
222,(-0.18585476388352706)((-1.8670567493110664 + (-1.1719727350411164)(X_2 + (2)(X_3)) + X_4)(sqrt(X_4))),15,0.0607953493589701,0.4260414517786782,0.0607953493589701,0.4260414517786782,0.9121526109354995,0.7778955002142918
223,(0.1662472949359852)((X_3)(0.8859249138522701 + (exp(0.8859249138522701) + (2)(X_2))((sqrt(X_3))^(-1)))),15,0.07111001029453183,0.35444719486599563,0.07111001029453183,0.35444719486599563,0.8972482466736137,0.8152191140380973
224,-0.128222543125142 + (sqrt(-0.128222543125142))(X_2) + (0.6376799720586099)(X_3),9,0.07836674311741691,0.2903885210639664,0.07836674311741691,0.2903885210639664,0.8867624934317819,0.8486142675902606
225,((exp(2.2567844384366444))^(-1))((X_3)((2)(sqrt(3.725305586835192 + (2)(X_2))) + (3.725305586835192 + (2)(X_2))((sqrt(X_3))^(-1)) - (2.2567844384366444))),19,0.07193838406236952,0.3434105623419041,0.07193838406236952,0.3434105623419041,0.8960512723418373,0.820972746075187
226,(0.16005711686162705)((X_3)(1.605684761123992 + (1.8058274311644933 + (2)(X_2))((sqrt(X_3))^(-1)))),15,0.06980024452992548,0.34058548439431485,0.06980024452992548,0.34058548439431485,0.8991408174692408,0.8224455194914482
227,(1.1992477716902192)(sqrt(X_3)),4,0.29741863056157747,1.0058661815606031,0.29741863056157747,1.0058661815606031,0.5702393286745897,0.4756204961414535
228,((exp(2.8587638560049657))^(-1))((X_3)(6.369617479369202 + (-2)(2.8587638560049657) + X_1 + (2)(X_2) + sqrt(6.369617479369202 - (2.8587638560049657) + (2)(X_2)) + (6.369617479369202 + (2)(X_2))((sqrt(X_3))^(-1)))),26,0.07472546016498678,0.4970363690331144,0.07472546016498678,0.4970363690331144,0.8920240340527154,0.7408843349431817
229,(0.28764660950369475)(((exp(0.7865216043992092) + (2)(X_2))^(0.7865216043992092))((X_3)((sqrt(X_3))^((-1)(0.7865216043992092))))),16,0.07135140951665965,0.32718974786104343,0.07135140951665965,0.32718974786104343,0.8968994323052495,0.8294290027876439
230,(-0.1858547638835269)((-1.8670567493110122 + (-1.1719727350410611)(X_2 + (2)(X_3)) + X_4)(sqrt(X_4))),15,0.0607953493589701,0.4260414517786555,0.0607953493589701,0.4260414517786555,0.9121526109354995,0.7778955002143035
231,(0.16798911953035386)((X_3)(1 + (2.1918282592533833 + (2)(X_2))((sqrt(X_3))^(-1)))),15,0.07064774298093786,0.3595353087184616,0.07064774298093786,0.3595353087184616,0.8979162085650622,0.8125665717154273
232,-0.10401603045616235 + (-0.10401603045616235)((X_2)(-4.92937210850216 + (-0.2907222986074734)((X_2)(-5.3221459041575025 + X_2)))) + (0.6368700467771831)(X_3),16,0.06764253979267416,4.31600292027283,0.06764253979267416,4.31600292027283,0.9022586337091053,-1.2500244182315674
233,(-0.18999389537371544)((X_4)(-2.477905535573066 + (-0.6576981006554421)(X_2 + (2)(X_3)) + X_4)),14,0.06980688224851922,0.7450883616750645,0.06980688224851922,0.7450883616750645,0.8991312261723086,0.611569538186718
234,(-0.32011423372325354)((X_3)(-0.8028423805619997 + (-0.9029137155822511 - (X_2))((sqrt(X_3))^(-1)))),13,0.06980024452992549,0.34058548439431413,0.06980024452992549,0.34058548439431413,0.8991408174692408,0.8224455194914486
235,(-0.18585476388352692)((-1.867056749311067 + (-1.1719727350411175)(X_2 + (2)(X_3)) + X_4)(sqrt(X_4))),15,0.060795349358970095,0.4260414517786785,0.060795349358970095,0.4260414517786785,0.9121526109354995,0.7778955002142915
236,0.09956473125021956 + (0.4215659682902163)(X_3) + (0.33344050421527266)((X_2)((X_3)^(0.4112693705670552))),12,0.06984540498298689,0.3166974826031177,0.06984540498298689,0.3166974826031177,0.8990755620190749,0.8348988445530436
237,(-0.13912924158199116)((X_3)((5.643174260672918)((sin(-13.704155150417606 - (X_0)))((sqrt(X_3))^(-1))) - (X_4))),16,0.12650467987326253,0.5332551859866481,0.12650467987326253,0.5332551859866481,0.8172046719282996,0.7220026928196035
238,(-0.1858547638835269)((-1.8670567493110122 + (-1.1719727350410611)(X_2 + (2)(X_3)) + X_4)(sqrt(X_4))),15,0.0607953493589701,0.4260414517786555,0.0607953493589701,0.4260414517786555,0.9121526109354995,0.7778955002143035
239,((exp(1.0204891257704398))^(-1))((X_3)(1 - (1.0204891257704398) + sqrt(X_3) + sqrt(sqrt(X_3)))),13,0.29444308204299935,0.4449724591504076,0.29444308204299935,0.4449724591504076,0.574538903743209,0.7680263621170866
240,((exp(2.289617922898118))^(-1))((X_3)((4.706783586500496 + (2)(X_2))((sqrt(X_3))^(-1)) + (sqrt(4.706783586500496 + (2)(X_2)))(sqrt(sqrt(4.706783586500496 + (2)(X_2)))) - (2.289617922898118))),20,0.07156687684881342,0.38642354313044275,0.07156687684881342,0.38642354313044275,0.8965880887114058,0.7985491613689424
241,(0.22028096099473812)(X_2) + (0.5419754084456068)(X_3) + (0.09224799403605509)((X_2)((0.22028096099473812)(X_2) + (0.5419754084456068)(X_3))),12,0.0699752476961122,0.3509978283685562,0.0699752476961122,0.3509978283685562,0.8988879433367681,0.8170173423966124
242,(0.32011423372325365)((X_3)(0.8028423805619987 + (0.9029137155822485 + X_2)((sqrt(X_3))^(-1)))),13,0.06980024452992548,0.3405854843943144,0.06980024452992548,0.3405854843943144,0.8991408174692408,0.8224455194914484
243,(-0.001861219192232425 + (-2.825590925306693e-05)(X_3))(41.98810518434636 + (-170.35898522457478)(X_2 + (2)(X_3)) + X_4),16,0.07882006577854508,0.2811001340941852,0.07882006577854508,0.2811001340941852,0.8861074562849642,0.8534565019154103
244,(0.2876466874687291)(((exp(0.7865214652628522) + (2)(X_2))^(0.7865214652628522))((X_3)((sqrt(X_3))^((-1)(0.7865214652628522))))),16,0.07135140951665855,0.32718970202022146,0.07135140951665855,0.32718970202022146,0.896899432305251,0.8294290266854426
245,(0.15804417274692562)((X_3)(1.654145698544239 + (2.3492694311746902 + (2)(X_2) - (X_0))((sqrt(X_3))^(-1)))),17,0.06721260975044172,0.3336611529734046,0.06721260975044172,0.3336611529734046,0.9028798692491382,0.8260553212141938
246,0.24697403731920797 + (1.290160377544324)(X_3) + (0.56229501299843)((X_2)(0.24697403731920797 + (1.290160377544324)(X_3) - (X_3))) - (X_3),13,0.07502827755583107,0.46039138033486027,0.07502827755583107,0.46039138033486027,0.891586472340685,0.7599881494910365
247,((exp(2.0281838087171025))^(-1))((2.0281838087171025 + (exp(2.0281838087171025))(((2.0281838087171025)^(-1))((exp(2.0281838087171025))^(-1))) + (2)(X_2))(X_3)),15,0.15408172835953862,0.9901579425029831,0.15408172835953862,0.9901579425029831,0.7773566945226553,0.48380953634831914
248,(-8.411254432585353e-06)((X_3)(-98411.3306176388 + (-22359.512843215907 + X_2)((sqrt(X_3))^(-1)))),13,0.1987479245235655,0.5657414090104318,0.1987479245235655,0.5657414090104318,0.7128154302018569,0.7050669315585779
249,(-0.5759236275044296)((-0.5957827671248189)(X_2) - (X_3)),7,0.0811062840553697,0.304402817472011,0.0811062840553697,0.304402817472011,0.8828039419772378,0.8413083158323684
250,((exp(2.256784441470923))^(-1))((X_3)((2)(sqrt(3.7253056185901308 + (2)(X_2))) + (3.7253056185901308 + (2)(X_2))((sqrt(X_3))^(-1)) - (2.256784441470923))),19,0.07193838406236952,0.3434105607626508,0.07193838406236952,0.3434105607626508,0.8960512723418373,0.8209727468984854
251,((exp(sqrt(exp(2.4029785345849524))))^(-1))((X_3)(2.4029785345849524 + (2)(4.960719054821473) + (2)(sin(exp(2.4029785345849524))) + (4)(X_2) + (2.4029785345849524 + 4.960719054821473 + sin(exp(2.4029785345849524)) + (2)(X_2))((sqrt(X_3))^(-1)))),28,0.08981032870188677,0.4241215634493376,0.08981032870188677,0.4241215634493376,0.8702268681622232,0.7788963789674093
252,((-0.32293800881601276)(-1.3732552159032838 - (X_2)) + (0.0948852029014594)(X_3))(sqrt(X_3)),11,0.07020670248328881,0.34487806776082786,0.07020670248328881,0.34487806776082786,0.8985534983676327,0.8202077041863236
253,((exp(2.1691188923711415))^(-1))((X_3)((3.77410267207327 + (2)(X_2) + log(sqrt(X_3)))((sqrt(X_3))^(-1)) + sqrt(3.77410267207327 + (2)(X_2) + log(sqrt(X_3))) + sqrt(sqrt(3.77410267207327 + (2)(X_2) + log(sqrt(X_3)))) - (2.1691188923711415))),22,0.07221100208735567,0.32399002129683663,0.07221100208735567,0.32399002129683663,0.8956573477742598,0.8310970885220887
254,(0.2876471034847288)(((exp(0.7865207217474066) + (2)(X_2))^(0.7865207217474066))((X_3)((sqrt(X_3))^((-1)(0.7865207217474066))))),16,0.0713514095167415,0.3271894568749879,0.0713514095167415,0.3271894568749879,0.8968994323051311,0.8294291544848837
255,(0.21908990371817813)((X_3)(sqrt(1.376714922277304 + X_2) + (1.376714922277304 + X_2)((sqrt(X_3))^(-1)))),13,0.07283524083774257,0.32695136114358647,0.07283524083774257,0.32695136114358647,0.8947553421940208,0.8295532788702065
256,(0.15971023128633782)((1.635856162328023 + X_2 + (1.635856162328023 + X_2)((X_3)^(-1)))(X_3)),12,0.07554850729741035,0.4639057809759545,0.07554850729741035,0.4639057809759545,0.8908347565434519,0.7581560174457201
257,((exp(2.2567844411165985))^(-1))((X_3)((2)(sqrt(3.7253056164497766 + (2)(X_2))) + (3.7253056164497766 + (2)(X_2))((sqrt(X_3))^(-1)) - (2.2567844411165985))),19,0.07193838406236952,0.3434105609189032,0.07193838406236952,0.3434105609189032,0.8960512723418373,0.8209727468170278
258,((exp(1.856121082709743))^(-1))((X_3)(sin(sqrt(2.5183603623719426 + (2)(X_2))) + sqrt(2.5183603623719426 + (2)(X_2)) + (2.5183603623719426 + (2)(X_2))((sqrt(X_3))^(-1)) - (1.856121082709743))),20,0.07076005169764121,0.3524343808805729,0.07076005169764121,0.3524343808805729,0.897753925962271,0.8162684369186001
259,((exp(2.107218189553901))^(-1))((X_3)(sqrt(3.4118701292550138 + (2)(X_2)) + (3.4118701292550138 + (2)(X_2))((sqrt(X_3))^(-1)) + sqrt(sqrt(3.4118701292550138 + (2)(X_2))) - (2.107218189553901))),20,0.07086191516551865,0.3478807045926756,0.07086191516551865,0.3478807045926756,0.8976067364191819,0.8186423655349049
260,(0.4077634517404218)(X_2 + (X_3)^(1.2761588599422122)),7,0.07908481637407389,0.2777299829738442,0.07908481637407389,0.2777299829738442,0.8857248999082725,0.8552134336075276
261,(0.43938022587321307)(X_2 + X_3),5,0.09181576888495718,0.32926738720510396,0.09181576888495718,0.32926738720510396,0.8673290694676627,0.8283458850644244
262,((exp(1.9692780173683455))^(-1))((X_3)(sqrt(3.8810581333529486 + (2)(X_2)) + (3.8810581333529486 + (2)(X_2))((sqrt(X_3))^(-1)) - (1.9692780173683455))),18,0.07292811092342036,0.3816064462456794,0.07292811092342036,0.3816064462456794,0.8946211478085124,0.8010604167633246
263,((-1.8781279794984682)^((2.7888638086188253)(X_3)) + (-3.2261076900829746)(X_2) - (X_2))(X_3),11,inf,inf,inf,inf,-inf,-inf
264,(-0.185854763883527)((-1.8670567493110513 + (-1.1719727350410951)(X_2 + (2)(X_3)) + X_4)(sqrt(X_4))),15,0.0607953493589701,0.4260414517786696,0.0607953493589701,0.4260414517786696,0.9121526109354995,0.7778955002142962
265,(1.3431253724471528)(X_2) + (0.5759236275044297)(X_3) - (X_2),8,0.08110628405536968,0.30440281747201064,0.08110628405536968,0.30440281747201064,0.8828039419772379,0.8413083158323686
266,0.2469745329237027 + (0.2901573797509366)(X_3) + (0.5623011699451708)((X_2)(0.2469745329237027 + (0.2901573797509366)(X_3))),11,0.07502827754818545,0.4603934055919559,0.07502827754818545,0.4603934055919559,0.8915864723517327,0.7599870936812971
267,(-0.1858547638835269)((-1.8670567493110648 + (-1.1719727350410878)(X_2 + (2)(X_3)) + X_4)(sqrt(X_4))),15,0.0607953493589701,0.4260414517786663,0.0607953493589701,0.4260414517786663,0.9121526109354995,0.777895500214298
268,0.1435353556496013 + (0.38563200897484107)(X_3) + (0.3202939097811406)((X_2)(sqrt(X_3))),11,0.0702935174177261,0.342697075955285,0.0702935174177261,0.342697075955285,0.8984280534873492,0.8213447017530732
269,(0.2876467018224177)(((exp(0.7865214396438448) + (2)(X_2))^(0.7865214396438448))((X_3)((sqrt(X_3))^((-1)(0.7865214396438448))))),16,0.07135140951665891,0.3271896935790393,0.07135140951665891,0.3271896935790393,0.8968994323052505,0.829429031086011
270,(-0.1858547638835269)((-1.8670567493110122 + (-1.1719727350410611)(X_2 + (2)(X_3)) + X_4)(sqrt(X_4))),15,0.0607953493589701,0.4260414517786555,0.0607953493589701,0.4260414517786555,0.9121526109354995,0.7778955002143035
271,(-0.18999389537371572)((X_4)(-2.4779055355730746 + (-0.6576981006554563)(X_2 + (2)(X_3)) + X_4)),14,0.0698068822485192,0.7450883616751169,0.0698068822485192,0.7450883616751169,0.8991312261723086,0.6115695381866908
272,(6.199855755183108)((0.037123829151801374 + (0.04021790034684343)(X_2 + X_3) + (-0.020697733083345247)(X_4))(sqrt(X_4 + sqrt(X_3)))),17,0.0695729811509285,0.4028289997454422,0.0695729811509285,0.4028289997454422,0.8994692059839112,0.7899966467720213
273,(-0.1858547638835269)((-1.8670567493110122 + (-1.1719727350410611)(X_2 + (2)(X_3)) + X_4)(sqrt(X_4))),15,0.0607953493589701,0.4260414517786555,0.0607953493589701,0.4260414517786555,0.9121526109354995,0.7778955002143035
274,((exp(2.2567844414492457))^(-1))((X_3)((2)(sqrt(3.725305618555956 + (2)(X_2))) + (3.725305618555956 + (2)(X_2))((sqrt(X_3))^(-1)) - (2.2567844414492457))),19,0.07193838406236952,0.343410560770472,0.07193838406236952,0.343410560770472,0.8960512723418373,0.8209727468944081
275,(0.6718687177924005)((X_3)(1 + (0.1136566879165466)(((X_2)(X_2) + sqrt(X_2))((sqrt((X_3)(X_3)))^(-1))))),17,0.07491208936133145,0.6205161392692928,0.07491208936133145,0.6205161392692928,0.8917543606682385,0.676511695878456
276,(0.2876466874687291)(((exp(0.7865214652628522) + (2)(X_2))^(0.7865214652628522))((X_3)((sqrt(X_3))^((-1)(0.7865214652628522))))),16,0.07135140951665855,0.32718970202022146,0.07135140951665855,0.32718970202022146,0.896899432305251,0.8294290266854426
277,(0.6718687177924005)((X_3)(1 + (0.1136566879165466)(((X_2)(X_2) + sqrt(X_2))((sqrt((X_3)(X_3)))^(-1))))),17,0.07491208936133145,0.6205161392692928,0.07491208936133145,0.6205161392692928,0.8917543606682385,0.676511695878456
278,((exp(1.768631888097666))^(-1))((X_3)(sqrt((2)((1.768631888097666)(1.768631888097666))) - (1.768631888097666) + (2.4105810715771394 + (2)(X_2))((sqrt(X_3))^(-1)))),20,0.07164353210478404,0.36625594111963716,0.07164353210478404,0.36625594111963716,0.8964773242505368,0.8090629626382473
279,(0.28764660950369475)(((exp(0.7865216043992092) + (2)(X_2))^(0.7865216043992092))((X_3)((sqrt(X_3))^((-1)(0.7865216043992092))))),16,0.07135140951665965,0.32718974786104343,0.07135140951665965,0.32718974786104343,0.8968994323052495,0.8294290027876439
280,(-0.1858547638835269)((-1.8670567493110122 + (-1.1719727350410611)(X_2 + (2)(X_3)) + X_4)(sqrt(X_4))),15,0.0607953493589701,0.4260414517786555,0.0607953493589701,0.4260414517786555,0.9121526109354995,0.7778955002143035
281,((exp(2.5868664887790827))^(-1))((X_3)((2)(sqrt(5.331356301404797 + (3)(X_2))) + (5.331356301404797 + (3)(X_2))((sqrt(X_3))^(-1)) - (2.5868664887790827))),20,0.07126917757239509,0.34687038655048835,0.07126917757239509,0.34687038655048835,0.897018254907266,0.819169065888703
282,-0.08099375168037708 + (0.5749422582567207)(X_3) + ((-1)(-0.08099375168037708))((X_2)(3.434815087309801 + sqrt(X_3))),14,0.07415874108599435,0.2824383130113567,0.07415874108599435,0.2824383130113567,0.8928429254966738,0.85275888069151
283,((exp(0.19297168299210574))^(-1))((X_3)((2)(sqrt(-4.498923724166577 + X_2)) + (-4.498923724166577 + X_2)((sqrt(X_3))^(-1)) - (0.19297168299210574))),18,1.0784450682189035,7.239622795135293,1.0784450682189035,7.239622795135293,-0.5583195835116874,-2.7741698438912494
284,0.2469739504295621 + (0.29016067751110436)(X_3) + (0.5622944454526645)((X_2)(0.2469739504295621 + (0.29016067751110436)(X_3))),11,0.07502827755703614,0.4603912332789576,0.07502827755703614,0.4603912332789576,0.8915864723389437,0.7599882261544165
285,(0.43938022587321307)(X_2 + X_3),5,0.09181576888495718,0.32926738720510396,0.09181576888495718,0.32926738720510396,0.8673290694676627,0.8283458850644244
286,(X_3)((sqrt(-0.08853470785596454 + (0.027462447045827017)(X_2)) + (-0.08853470785596454 + (0.027462447045827017)(X_2))((sqrt(X_3))^(-1)))((sqrt(-0.0022494770798271615 + (-0.08853470785596454 + (0.027462447045827017)(X_2))((sqrt(X_3))^(-1))))^(-1))),18,0.24244187091117336,0.37492904460855525,0.24244187091117336,0.37492904460855525,0.6496790365706346,0.8045414887207363
287,(-1.2817860585067746e-05)((-19699.347112660646 + (-13392.930203140564)(X_2 + X_3) - (X_4))(sqrt(X_4))),13,0.13109387102295694,0.6091573896013056,0.13109387102295694,0.6091573896013056,0.810573433442636,0.6824332544560705
288,(0.28354185460637915)(((exp(0.798953892171653) + (2)(X_2))^(0.798953892171653))((-0.014798574401226635 + X_3)((sqrt(X_3))^((-1)(0.798953892171653))))),18,0.07126736207652068,0.33343811695470527,0.07126736207652068,0.33343811695470527,0.8970208782423419,0.8261715946499373
289,(0.12419894414909673)((X_3)(sqrt(2.775510417098261 + (2)(X_2) + ((2)((log(0))^(-1)))(X_2)) + (2.775510417098261 + (2)(X_2) + ((2)((log(0))^(-1)))(X_2))((sqrt(X_3))^(-1)))),21,0.07092436727180028,0.3381859792879532,0.07092436727180028,0.3381859792879532,0.8975164950678899,0.8236964327046032
290,X_3 + (-0.5025036074108531)(X_3) + (0.3491913331384065)((X_2)((X_3)^(0.2890501828521061))),11,0.07113193144744093,0.2948277956278852,0.07113193144744093,0.2948277956278852,0.8972165712894165,0.8462999790337968
291,((exp(2.2896179246125334))^(-1))((X_3)((4.706783601134427 + (2)(X_2))((sqrt(X_3))^(-1)) + (sqrt(4.706783601134427 + (2)(X_2)))(sqrt(sqrt(4.706783601134427 + (2)(X_2)))) - (2.2896179246125334))),20,0.07156687684881345,0.3864235420375126,0.07156687684881345,0.3864235420375126,0.8965880887114057,0.7985491619387102
292,(-0.1858547638835269)((-1.8670567493110122 + (-1.1719727350410611)(X_2 + (2)(X_3)) + X_4)(sqrt(X_4))),15,0.0607953493589701,0.4260414517786555,0.0607953493589701,0.4260414517786555,0.9121526109354995,0.7778955002143035
293,(7.542104891454663e-06)((30657.042760528628 + (20310.057834056915)((0.5869270612338178)(X_2) + (2)(X_3)) + X_4)(sqrt(X_4))),17,0.10686230856646539,0.5371363660436904,0.10686230856646539,0.5371363660436904,0.8455872875811693,0.7199793508383273
294,(1.2346622572371487e-05)((18056.244698991355 + (10373.20664918029)(X_2 + (2)(X_3)) + X_4)(sqrt(X_4))),15,0.11106225790939282,0.5581976866244175,0.11106225790939282,0.5581976866244175,0.8395184914007111,0.7089996350081436
295,(1.2131385265803888e-05)((18378.21665348206 + (10558.187927387753)(X_2 + (2)(X_3)) + X_4)(sqrt(X_4))),15,0.11106211759409915,0.5582007662650302,0.11106211759409915,0.5582007662650302,0.8395186941519466,0.7089980295257781
296,(0.3601448081921422)(-0.27684176915431563 + X_2 + (1.715326983862742)(X_3)),9,0.07806894407701492,0.2919751415145282,0.07806894407701492,0.2919751415145282,0.8871928037834957,0.8477871284936995
297,(-7.66462424217562 + (-0.35856397861061423)(-22.857668048792117 - (X_2)))(sqrt(X_3)),10,0.07677241545359179,0.39218305488112226,0.07677241545359179,0.39218305488112226,0.8890662473217935,0.7955466049954861
298,((exp(0.19297168299210574))^(-1))((X_3)((2)(sqrt(-4.498923724166577 + X_2)) + (-4.498923724166577 + X_2)((sqrt(X_3))^(-1)) - (0.19297168299210574))),18,1.0784450682189035,7.239622795135293,1.0784450682189035,7.239622795135293,-0.5583195835116874,-2.7741698438912494
299,(-0.1858547638835269)((-1.8670567493110122 + (-1.1719727350410611)(X_2 + (2)(X_3)) + X_4)(sqrt(X_4))),15,0.0607953493589701,0.4260414517786555,0.0607953493589701,0.4260414517786555,0.9121526109354995,0.7778955002143035
300,(0.617766107590053)((0.5829792275220328)(-0.2768417691543149 + X_2) + X_3),9,0.07806894407701491,0.2919751415145282,0.07806894407701491,0.2919751415145282,0.8871928037834957,0.8477871284936995
301,(0.2876466874687291)(((exp(0.7865214652628522) + (2)(X_2))^(0.7865214652628522))((X_3)((sqrt(X_3))^((-1)(0.7865214652628522))))),16,0.07135140951665855,0.32718970202022146,0.07135140951665855,0.32718970202022146,0.896899432305251,0.8294290266854426
302,(1.5348340297608463)(X_3) + (0.41393996133416)((X_2)(sin(sqrt(X_3)))) - (X_3),11,0.07489721269296333,0.3050488712774442,0.07489721269296333,0.3050488712774442,0.8917758569913602,0.8409715141979468
303,(0.2876466751377587)(((exp(0.7865214872708068) + (2)(X_2))^(0.7865214872708068))((X_3)((sqrt(X_3))^((-1)(0.7865214872708068))))),16,0.07135140951665836,0.3271897092714638,0.07135140951665836,0.3271897092714638,0.8968994323052513,0.8294290229052153
304,-0.9522364123030435 + (-0.04586614137400077)((-7.4465386755067255 - (X_1))(X_2)) + exp((0.32110924602117846)(X_3)),14,0.07856114844587452,0.28171787154509836,0.07856114844587452,0.28171787154509836,0.8864815837782426,0.8531344622008212
305,(-0.1858547638835269)((-1.8670567493110122 + (-1.1719727350410611)(X_2 + (2)(X_3)) + X_4)(sqrt(X_4))),15,0.0607953493589701,0.4260414517786555,0.0607953493589701,0.4260414517786555,0.9121526109354995,0.7778955002143035
306,sqrt((X_2)(X_3)),4,0.09748762100556999,0.3060135245438589,0.09748762100556999,0.3060135245438589,0.859133419550203,0.8404686198661648
307,(-0.16856654004243643)((X_3)(-4.940398371727521 + (-1.3399149162072785)(X_2) + X_3)),10,0.07902117475136342,0.5256884239142174,0.07902117475136342,0.5256884239142174,0.8858168600738097,0.7259474073493243
308,(0.809338492416467)((X_3)(1 + (-0.004330837848357824)((-58.8625842507322 - ((X_2)((sin(((sqrt(-2.5713430172383154))^(-1))(log(sqrt(-2.5713430172383154) - (sin(X_2))))))^(-1))))((sqrt(X_3))^(-1))))),25,0.19119056460683523,0.5532111144694492,0.19119056460683523,0.5532111144694492,0.7237355802446744,0.7115992414771872
309,(2.5174651104156833e-05)(((10829.696180249352)(X_2 + (2)(X_3)) + X_4 - (X_1))((sqrt(X_4))^(0.22673855520610567))),17,0.07517286655901612,0.33404699825711637,0.07517286655901612,0.33404699825711637,0.8913775457278573,0.8258541718345368
310,((exp((2)(exp(-0.5984689007076823))))^(-1))((X_3)((1.0064601891159097 + X_2)((sqrt(X_3))^(-1)) - (-0.5984689007076823))),17,0.07018374489587474,0.35616109183977085,0.07018374489587474,0.35616109183977085,0.898586671367456,0.8143256229741284
311,X_3 + (0.15772113748511904)((X_3)(-9.77494947556931 + (3.8228062642288245 + (X_0)^(X_0) + (2)(X_2) + (2)(X_3))((sqrt(X_3))^(-1)))),21,0.07316727996253002,0.3407677086662338,0.07316727996253002,0.3407677086662338,0.8942755559852499,0.8223505220901521
312,(-1.2958450746394931e-05)((-45130.76850061378)(0.4272739325872717 + X_2) + X_3),9,0.2353158671957611,0.6250710149579826,0.2353158671957611,0.6250710149579826,0.6599758903178947,0.674137141988925
313,0.09559037341560965 + (((2)^(-1))((0.09559037341560965)^(-1)))(X_3) + (0.08085569440312329)((X_2)(X_2) + (-56.54454168791143)(X_3)),17,0.07726037497294082,0.6663538998502886,0.07726037497294082,0.6663538998502886,0.8883611609920665,0.6526154931905828
314,0.09956255131730667 + (0.42156782207843296)(X_3) + (0.3334410905449117)((X_2)((X_3)^(0.41126501286109635))),12,0.06984540498432973,0.316696390810961,0.06984540498432973,0.316696390810961,0.8990755620171346,0.8348994137275919
315,(-0.18999389537371544)((X_4)(-2.477905535573066 + (-0.6576981006554421)(X_2 + (2)(X_3)) + X_4)),14,0.06980688224851922,0.7450883616750645,0.06980688224851922,0.7450883616750645,0.8991312261723086,0.611569538186718
316,(0.08076940580704796)((0.29248008642944906 + X_3)(4.530047731124098 + X_2 + ((0.009972942740697504)^(X_0) + (2)(X_2))((sqrt(X_3))^(-1)))),20,0.06856752051368105,0.3736602347701106,0.06856752051368105,0.3736602347701106,0.9009220653345136,0.8052029463636825
317,(0.45574946893811963)(-0.13125600155391845 + X_2 + X_3),7,0.09067856831938298,0.32584459173540253,0.09067856831938298,0.32584459173540253,0.8689722889175339,0.8301302613792008
318,(-0.09913770010046927)(1.005699985682148 + (-3.632760460282896)(X_2 + X_3 + (0.715326983987975)(X_3))),12,0.07806894409991437,0.29197719981920617,0.07806894409991437,0.29197719981920617,0.8871928037504068,0.8477860554555503
319,(-0.1858547638835269)((-1.8670567493110122 + (-1.1719727350410611)(X_2 + (2)(X_3)) + X_4)(sqrt(X_4))),15,0.0607953493589701,0.4260414517786555,0.0607953493589701,0.4260414517786555,0.9121526109354995,0.7778955002143035
320,((exp(2.295740876126941))^(-1))((X_3)(X_3 + (5.30461929515322 + (2)(X_2) + (-1.184846790172286)(X_3))((sqrt(X_3))^(-1)) + (sqrt(5.30461929515322 + (2)(X_2) + (-1.184846790172286)(X_3)))(sqrt(sqrt(5.30461929515322 + (2)(X_2) + (-1.184846790172286)(X_3)))) - (2.295740876126941))),24,0.07279391470192556,0.4045434339516809,0.07279391470192556,0.4045434339516809,0.8948150571750173,0.7891028756373055
321,(-0.1858547638835269)((-1.8670567493110122 + (-1.1719727350410611)(X_2 + (2)(X_3)) + X_4)(sqrt(X_4))),15,0.0607953493589701,0.4260414517786555,0.0607953493589701,0.4260414517786555,0.9121526109354995,0.7778955002143035
322,(-0.1858547638835269)((-1.8670567493110122 + (-1.1719727350410611)(X_2 + (2)(X_3)) + X_4)(sqrt(X_4))),15,0.0607953493589701,0.4260414517786555,0.0607953493589701,0.4260414517786555,0.9121526109354995,0.7778955002143035
323,sqrt((X_2)(X_3)),4,0.09748762100556999,0.3060135245438589,0.09748762100556999,0.3060135245438589,0.859133419550203,0.8404686198661648
324,((exp(1.8507806882320978))^(-1))((X_3)(1.8507806882320978 + (1.6467996890212087 + (2)(X_2))((sqrt(X_3))^(-1)))),16,0.06992190492030517,0.3342958834388353,0.06992190492030517,0.3342958834388353,0.898965021988828,0.8257244226785356
325,(0.34919138285917234)((X_3)(1.4247100865338536 + (X_2)((X_3)^(-0.710950371899701)))),10,0.07113193144743626,0.29482770618587417,0.07113193144743626,0.29482770618587417,0.8972165712894232,0.8463000256618257
326,(0.3201142337232536)((X_3)(0.8028423805619873 + (0.9029137155822413 + X_2)((sqrt(X_3))^(-1)))),13,0.06980024452992548,0.340585484394315,0.06980024452992548,0.340585484394315,0.8991408174692408,0.8224455194914481
327,(1.2202809592750485)(X_2) + (0.5419754085863178)(X_3) + (0.09224799527872375)((X_2)((1.2202809592750485)(X_2) + (0.5419754085863178)(X_3) - (X_2))) - (X_2),14,0.06997524769611219,0.3509978300403284,0.06997524769611219,0.3509978300403284,0.8988879433367681,0.8170173415250819
328,(0.7644049328923369)((X_3)(1 + (0.20754524347603176)(((X_3)^(-1))((0.39177841220244675)(X_4) + sqrt(X_4 - (exp(X_2))) - (X_3))))),20,0.07865806501120247,5.9791149649276605,0.07865806501120247,5.9791149649276605,0.8863415423554869,-2.1170402149891494
329,(-0.1858547638835269)((-1.8670567493110122 + (-1.1719727350410611)(X_2 + (2)(X_3)) + X_4)(sqrt(X_4))),15,0.0607953493589701,0.4260414517786555,0.0607953493589701,0.4260414517786555,0.9121526109354995,0.7778955002143035
330,((exp(0.8380214484086378))^(-1))((X_3)(0.8380214484086378 + (0.6104380837300203 + X_2)((sqrt((2)(X_3)))^(-1)))),16,0.07097916829764941,0.3271159235102339,0.07097916829764941,0.3271159235102339,0.8974373092898713,0.8294674889970024
331,(0.08002855843081337)((X_3)(3.2113695222481073 + (2)((1.8058274311645919 + (2)(X_2))((sqrt(X_3))^(-1))))),16,0.0698002445299255,0.3405854843943112,0.0698002445299255,0.3405854843943112,0.8991408174692408,0.8224455194914501
332,(0.08085569440312326)(1.1822342770197773 + (X_2)(X_2) + (8.146662437442956)(X_3)),10,0.07726037497294078,0.666353899850288,0.07726037497294078,0.666353899850288,0.8883611609920666,0.652615493190583
333,(0.3715245186609907 + (0.02626485855987061)(X_1))(X_2 + (X_3)^(1.3188906164280825)),11,0.07254242634108335,0.30571659711550825,0.07254242634108335,0.30571659711550825,0.8951784500350476,0.8406234144704718
334,(0.03535948839635578)((2.215845966881819)^(X_3) + X_2 + (10.583355497168402)(X_2 + X_3)),11,0.08592807866813189,0.28878432809569987,0.08592807866813189,0.28878432809569987,0.8758365987215002,0.8494505676152677
335,(0.2876467018224177)(((exp(0.7865214396438448) + (2)(X_2))^(0.7865214396438448))((X_3)((sqrt(X_3))^((-1)(0.7865214396438448))))),16,0.07135140951665891,0.3271896935790393,0.07135140951665891,0.3271896935790393,0.8968994323052505,0.829429031086011
336,(-0.023461982513348537)((-6.965924587862219 - (X_2))(0.5008539196970924 + X_2 + (2.989738091470343)(X_3))),12,0.06903864488884698,0.400142365936757,0.06903864488884698,0.400142365936757,0.9002413052645517,0.7913972463045178
337,(0.06989921537342221)((X_3)(3.6767404624098274 + (-4.579654177991948)((3.6767404624098274 + -4.579654177991948 - (X_2))((sqrt(X_3))^(-1))))),15,0.06980024452992546,0.3405854843943175,0.06980024452992546,0.3405854843943175,0.8991408174692408,0.8224455194914468
338,(0.28764660950369475)(((exp(0.7865216043992092) + (2)(X_2))^(0.7865216043992092))((X_3)((sqrt(X_3))^((-1)(0.7865216043992092))))),16,0.07135140951665965,0.32718974786104343,0.07135140951665965,0.32718974786104343,0.8968994323052495,0.8294290027876439
339,((-0.32293800881601276)(-1.3732552159032838 - (X_2)) + (0.09488520290145942)(X_3))(sqrt(X_3)),11,0.07020670248328881,0.34487806776082786,0.07020670248328881,0.34487806776082786,0.8985534983676325,0.8202077041863236
340,(1.2346622572371487e-05)((18056.244698991355 + (10373.20664918029)(X_2 + (2)(X_3)) + X_4)(sqrt(X_4))),15,0.11106225790939282,0.5581976866244175,0.11106225790939282,0.5581976866244175,0.8395184914007111,0.7089996350081436
341,((exp(1.8942658509646306))^(-1))((X_3)((3.2011198455002217 + (2)(X_2) + (-0.24950327851684573)(((X_0)(X_0))(X_2)))((sqrt(X_3))^(-1)) + sqrt(X_3) + sqrt(sqrt(3.2011198455002217 + (2)(X_2) + (-0.24950327851684573)(((X_0)(X_0))(X_2)))) - (1.8942658509646306))),26,0.06934270243045122,0.3068327510523743,0.06934270243045122,0.3068327510523743,0.8998019515732424,0.8400415396064262
342,(0.3100141140230639)(X_2 + (2)(X_3)),7,0.08229728372101325,0.3053506494044912,0.08229728372101325,0.3053506494044912,0.8810829845009397,0.840814190820904
343,(0.3035304860374728)((1.8830846139507604 + X_2)((X_3)^(0.623124164886506))),9,0.07063462844877558,0.3891011206240524,0.07063462844877558,0.3891011206240524,0.8979351586561696,0.7971532830867404
344,((exp(sqrt(-7.041263946960766)))^(-1))((X_3)((2)(sqrt(-0.1399999994473031 + (2)(X_2))) + (-0.1399999994473031 + (2)(X_2))((sqrt(X_3))^(-1)) - (-7.041263946960766))),20,0.09754673218835469,0.28829643699800583,0.09754673218835469,0.28829643699800583,0.85904800572946,0.8497049156552315
345,(0.4077635902376236)(X_2 + (X_3)^(1.2761578287668587)),7,0.07908481637399624,0.27773011706539585,0.07908481637399624,0.27773011706539585,0.8857248999083847,0.8552133637027404
346,(0.43938022587321307)(X_2 + X_3),5,0.09181576888495718,0.32926738720510396,0.09181576888495718,0.32926738720510396,0.8673290694676627,0.8283458850644244
347,(0.3610448124071846)(((X_3)^(1.032633761551891))(((exp(X_2))^((-1)(1.032633761551891)))((X_2 + (exp(X_2) + (X_2)(exp(X_2)))((sqrt(X_3))^(-1)))^(1.032633761551891)))),19,0.07275879884390281,0.40744115031923056,0.07275879884390281,0.40744115031923056,0.8948657984977432,0.7875922342627432
348,(-0.5759236275044296)((-0.5957827671248189)(X_2) - (X_3)),7,0.0811062840553697,0.304402817472011,0.0811062840553697,0.304402817472011,0.8828039419772378,0.8413083158323684
349,(-0.18999389537371542)((X_4)(-2.477905535573048 + (-0.6576981006554221)(X_2 + (2)(X_3)) + X_4)),14,0.06980688224851922,0.745088361674992,0.06980688224851922,0.745088361674992,0.8991312261723086,0.6115695381867559
350,(0.3201142337232537)((X_3)(0.8028423805620015 + (0.9029137155822475 + X_2)((sqrt(X_3))^(-1)))),13,0.06980024452992548,0.3405854843943142,0.06980024452992548,0.3405854843943142,0.8991408174692408,0.8224455194914485
351,exp(-2.1149915533435313) + (0.4182279364856922)(X_3) + (0.3404133577395152)((X_2)((X_3)^(sqrt(exp(-2.1149915533435313))))),13,0.07101501291593657,0.30275243652540423,0.07101501291593657,0.30275243652540423,0.8973855149312281,0.8421686946360544
352,(-0.1858547638835269)((-1.8670567493110122 + (-1.1719727350410611)(X_2 + (2)(X_3)) + X_4)(sqrt(X_4))),15,0.0607953493589701,0.4260414517786555,0.0607953493589701,0.4260414517786555,0.9121526109354995,0.7778955002143035
353,(0.3431253724471526)(X_2 + X_3 + (0.6784641234688413)(X_3)),8,0.0811062840553697,0.3044028174720108,0.0811062840553697,0.3044028174720108,0.8828039419772378,0.8413083158323685
354,(-0.18585476388352692)((-1.867056749311067 + (-1.1719727350411175)(X_2 + (2)(X_3)) + X_4)(sqrt(X_4))),15,0.060795349358970095,0.4260414517786785,0.060795349358970095,0.4260414517786785,0.9121526109354995,0.7778955002142915
355,(0.22304646352174853)((X_3)(1.4139244785352398 + (1.4139244785352398 + (2)(X_2))((sqrt((2)(X_3)))^(-1)))),15,0.0702010025970636,0.3371140576227877,0.0702010025970636,0.3371140576227877,0.8985617345259593,0.8242552483415726
356,-0.09970312585165424 + X_2 + (-0.6398551918078579)(X_2) + (0.617766107590053)(X_3),10,0.07806894407701494,0.2919751415145282,0.07806894407701494,0.2919751415145282,0.8871928037834957,0.8477871284936995
357,(0.8228045384043118)((X_3)(((exp(sqrt((0.9844104053864456)^(X_2))))^(-1))(0.9844104053864456 + (0.9844104053864456 + X_2 - (log((-1.3968447439042702)^(X_0))))((sqrt(X_3))^(-1))))),22,0.06666344617748815,0.354893363592521,0.06666344617748815,0.354893363592521,0.9036733935328536,0.8149865167605056
358,(0.3431253724471525)(X_2 + (1.6784641234688416)(X_3)),7,0.08110628405536971,0.30440281747201087,0.08110628405536971,0.30440281747201087,0.8828039419772378,0.8413083158323684
359,(-0.0002721018586131806)((-590.8530589089836 + (-1264.889504378845)(X_2 + X_3) - (X_4))(sqrt(sqrt(X_3)))),14,0.07148621594451668,0.2808231899000105,0.07148621594451668,0.2808231899000105,0.8967046412095289,0.8536008788333345
360,((exp(exp(0.6080242492706069)))^(-1))((X_3)(sqrt(((exp(((0.6080242492706069)^(-1))(sqrt(log(0.6080242492706069)))))(exp(((0.6080242492706069)^(-1))(sqrt(log(0.6080242492706069))))))(log(0.6080242492706069))) - (0.6080242492706069) + (1.7955093699470386 + (2)(X_2))((sqrt(X_3))^(-1)))),26,0.06980353436798718,0.33889072826080224,0.06980353436798718,0.33889072826080224,0.8991360637555569,0.8233290320269564
361,(0.6373063252036707)(X_3 + (0.12662776773007736)((X_2)(X_2) + X_3)),9,0.08032497126548459,0.6893081103161012,0.08032497126548459,0.6893081103161012,0.8839329146594876,0.6406489734723708
362,(X_3)(0.8327858599533946 + (1.2258648213763124)(X_2) + (-0.1685665400424381)(X_3) - (X_2)),11,0.07902117475136342,0.5256884239142166,0.07902117475136342,0.5256884239142166,0.8858168600738097,0.7259474073493247
363,((exp(1.3658890052843702))^(-1))((X_3)(sqrt(2.0647635405974185 + X_2) + (2.0647635405974185 + X_2)((sqrt(X_3))^(-1)) - (1.3658890052843702))),16,0.0720355345389852,0.3772632600175843,0.0720355345389852,0.3772632600175843,0.8959108929245456,0.8033246124199678
364,(0.5856829177141696 + (0.03905060254015158)(X_3))(sqrt((2)((X_2)(X_3)))),11,0.08331122178209033,0.3023232129229736,0.08331122178209033,0.3023232129229736,0.8796178755365547,0.8423924580588764
365,(-0.17716593171334338)((sqrt(X_4))(-2.081749270505128 + (-1.8342283691920525)(X_2 + X_3) - (((X_4)^(1.5924826491869088))(-1.9696182687878234 + sqrt(sqrt(X_4)))))),19,0.06986810815886352,0.6587225348070985,0.06986810815886352,0.6587225348070985,0.8990427566360109,0.6565938866274739
366,(-0.1858547638835269)((-1.8670567493110122 + (-1.1719727350410611)(X_2 + (2)(X_3)) + X_4)(sqrt(X_4))),15,0.0607953493589701,0.4260414517786555,0.0607953493589701,0.4260414517786555,0.9121526109354995,0.7778955002143035
367,(0.1598754670684832)((X_3)(0.7911513226567871 + sin(2.2529392559222026 - (X_0)) + (2.2529392559222026 + (2)(X_2) - (X_0))((sqrt(X_3))^(-1)))),20,0.06699102725138441,0.33930579912753855,0.06699102725138441,0.33930579912753855,0.9032000490689734,0.8231126467272463
368,(0.12356565067705301)((X_3)(0.65276216881679 + (1.5418457545193034 + (2)(X_2) + sin(X_3))((sqrt(X_3))^(-1)) + sqrt(1.5418457545193034 + (2)(X_2) + sin(X_3)))),19,0.07231006467239234,0.34569018394079687,0.07231006467239234,0.34569018394079687,0.8955142054197671,0.8197843306925782
369,(0.17928198930530706)((2.963555665679204 + (2)(X_2))((X_3)((sqrt(X_3))^(-1)))),13,0.07677241545359187,0.3921830548811259,0.07677241545359187,0.3921830548811259,0.8890662473217934,0.7955466049954842
370,((exp(2.269082525393827))^(-1))((X_3)(X_2 + (6.73520166725747 + (2)(X_2))((sqrt(X_3))^(-1)) + sqrt(sqrt(X_3)) - (2.269082525393827))),19,0.07398667965879797,0.4797354408098953,0.07398667965879797,0.4797354408098953,0.8930915489077946,0.7499036779972532
371,(0.8282807254816242 + (0.05522589173112261)(X_3))(sqrt((X_2)(X_3))),9,0.08331122178209033,0.3023232129229745,0.08331122178209033,0.3023232129229745,0.8796178755365547,0.842392458058876
372,log(-1.1282585987810865) + (0.41820135557547244)(X_3) + (0.3404016503276607)((X_2)((X_3)^(sqrt(log(-1.1282585987810865))))),13,0.07101501297795249,0.3027599104949026,0.07101501297795249,0.3027599104949026,0.897385514841617,0.8421647982962734
373,((exp(0.9897688454155119))^(-1))((X_3)(1 - (0.9897688454155119) + (1.3514073123144108 + X_2)((sqrt(X_3))^(-1)))),16,0.0768882082024877,0.412057700334301,0.0768882082024877,0.412057700334301,0.8888989304008388,0.7851855282308485
374,((exp(0.4051361330817058))^(-1))((X_3)(log((3.0784332921888953 + (2)(X_2) - (X_0))((sqrt(X_3))^(-1)) - (0.4051361330817058)))),19,0.07726994205324116,0.30759832484143146,0.07726994205324116,0.30759832484143146,0.8883473368585726,0.8396424296541958
375,((exp(1.0881312819223847))^(-1))((X_3)(1.0881312819223847 + ((0.23867569888079088)(X_1) + X_2)((sqrt(X_3))^(-1)))),16,0.0693671221042328,0.4117387635307945,0.0693671221042328,0.4117387635307945,0.8997666659040894,0.7853517967920656
376,(0.0679077427734765)((-1.2323120642120344 + (-2.1439885959665848)(X_2 + X_3) + X_4)(log(((2)(0.06174767032472466))((X_4)^(-1)) + ((-1)(0.06174767032472466))((X_4)^(-1))))),22,0.07565283165940134,0.38560721843913204,0.07565283165940134,0.38560721843913204,0.8906840110849035,0.7989747288494524
377,((exp(1.9692780220069588))^(-1))((X_3)(sqrt(3.881058185687424 + (2)(X_2)) + (3.881058185687424 + (2)(X_2))((sqrt(X_3))^(-1)) - (1.9692780220069588))),18,0.07292811092342032,0.3816064432172026,0.07292811092342032,0.3816064432172026,0.8946211478085124,0.8010604183421342
378,(0.8282807254816271 + X_3 + (-0.944774108268879)(X_3))(sqrt((X_2)(X_3))),10,0.08331122178209031,0.3023232129229747,0.08331122178209031,0.3023232129229747,0.8796178755365547,0.8423924580588757
379,(-0.1858547638835269)((-1.8670567493110122 + (-1.1719727350410611)(X_2 + (2)(X_3)) + X_4)(sqrt(X_4))),15,0.0607953493589701,0.4260414517786555,0.0607953493589701,0.4260414517786555,0.9121526109354995,0.7778955002143035
380,((exp(3.739607609566846))^(-1))((X_3)((X_3)^(X_1) + (11.405216246198409 + ((2)(3.739607609566846))(X_2))((sqrt((-0.2846730812676016)(X_3)))^(-1)))),21,0.06911005883623986,1.3188450209169391,0.06911005883623986,1.3188450209169391,0.9001381143315708,0.31245794876833555
381,((exp(0.2849502650485004))^(-1))((X_3)(sqrt((-3.3345890984973314 + (2)(X_2))((sqrt(X_3))^(-1)) - (0.2849502650485004)))),17,0.3470712982297876,0.8654175746823201,0.3470712982297876,0.8654175746823201,0.49849276811146614,0.5488393518327668
382,((exp(2.202408694641483))^(-1))(((-4.3139999472792)^(X_3))((X_3)(2.202408694641483 + (2.202408694641483 + (2)(X_2))((sqrt(X_3))^(-1))))),18,inf,inf,inf,inf,-inf,-inf
383,-0.09970312585165426 + X_2 + (-0.6398551918078579)(X_2) + (0.617766107590053)(X_3),10,0.07806894407701491,0.2919751415145282,0.07806894407701491,0.2919751415145282,0.8871928037834957,0.8477871284936995
384,((exp(2.256784441470923))^(-1))((X_3)((2)(sqrt(3.7253056185901308 + (2)(X_2))) + (3.7253056185901308 + (2)(X_2))((sqrt(X_3))^(-1)) - (2.256784441470923))),19,0.07193838406236952,0.3434105607626508,0.07193838406236952,0.3434105607626508,0.8960512723418373,0.8209727468984854
385,-0.08099375168037708 + (0.5749422582567207)(X_3) + ((-1)(-0.08099375168037708))((X_2)(3.434815087309801 + sqrt(X_3))),14,0.07415874108599435,0.2824383130113567,0.07415874108599435,0.2824383130113567,0.8928429254966738,0.85275888069151
386,(0.5823769011979937)(X_3) + (0.027543388219992814)((X_2)(8.402750666592496 + (X_2)(sqrt(X_3)))),12,0.06916565524021243,0.531797311114698,0.06916565524021243,0.531797311114698,0.9000577792569003,0.7227627140988306
387,(-0.18585476388352706)((-1.8670567493110664 + (-1.1719727350411164)(X_2 + (2)(X_3)) + X_4)(sqrt(X_4))),15,0.0607953493589701,0.4260414517786782,0.0607953493589701,0.4260414517786782,0.9121526109354995,0.7778955002142918
388,(-0.18585476388352692)((-1.867056749311067 + (-1.1719727350411175)(X_2 + (2)(X_3)) + X_4)(sqrt(X_4))),15,0.060795349358970095,0.4260414517786785,0.060795349358970095,0.4260414517786785,0.9121526109354995,0.7778955002142915
389,((2)(0.2928845218030276))(((2)(0.2928845218030276))(X_2) + (0.9831923243314188)(X_3)),10,0.08110628405536967,0.30440281747201087,0.08110628405536967,0.30440281747201087,0.8828039419772379,0.8413083158323684
390,(0.32011423372325354)((X_3)(0.802842380561999 + (0.9029137155822495 + X_2)((sqrt(X_3))^(-1)))),13,0.06980024452992548,0.34058548439431424,0.06980024452992548,0.34058548439431424,0.8991408174692408,0.8224455194914485
391,(1.3431253724471528)(X_2) + (0.5759236275044297)(X_3) - (X_2),8,0.08110628405536968,0.30440281747201064,0.08110628405536968,0.30440281747201064,0.8828039419772379,0.8413083158323686
392,((exp(1.2689778141763952))^(-1))((X_3)(sqrt(1.2689778141763952) - (1.2689778141763952) + (1.2689778141763952 + X_2)((sqrt(X_3))^(-1)) + sqrt(log(1.2689778141763952 + X_2)))),18,0.07151684709708733,0.3406696212773408,0.07151684709708733,0.3406696212773408,0.8966603801467051,0.822401657138994
393,X_3 + (-0.42407637249557034)((-0.8091122135099301)(X_2) + X_3),8,0.08110628405536968,0.30440281747201087,0.08110628405536968,0.30440281747201087,0.8828039419772379,0.8413083158323684
394,(X_3)(((exp(2.0379978826616587) + log(sin((sqrt(X_3))^(2.0379978826616587))))^(-1))(sqrt(log((2)(2.0379978826616587))) - (2.0379978826616587) + sqrt(2.968841275303491 + (2)(X_2)) + (2.968841275303491 + (2)(X_2))((sqrt(X_3))^((-1)(2.0379978826616587))))),27,0.16157036563980703,0.4932073630764471,0.16157036563980703,0.4932073630764471,0.7665358465522242,0.7428804774526292
395,(0.1608932873375423)((X_3)(2.1798519585769025 + ((X_0)^(X_0) + (2)(X_2))((sqrt(X_3))^(-1)))),16,0.07127048024531206,0.34847941161027646,0.07127048024531206,0.34847941161027646,0.8970163725854147,0.8183302467912774
396,0.036752959721518055 + (0.5104677322619311)(X_3) + (X_2)(sqrt((-0.09881155305828238)(exp((0.20139120016652348)((X_2)(log(X_3))))))),16,0.06788845045204438,1.288053464243137,0.06788845045204438,1.288053464243137,0.9019033004542333,0.3285102442999235
397,(-0.18585476388352656)((-1.8670567493109642 + (-1.17197273504103)(X_2 + (2)(X_3)) + X_4)(sqrt(X_4))),15,0.0607953493589701,0.42604145177864244,0.0607953493589701,0.42604145177864244,0.9121526109354995,0.7778955002143104
398,(-0.1858547638835269)((-1.8670567493110122 + (-1.1719727350410611)(X_2 + (2)(X_3)) + X_4)(sqrt(X_4))),15,0.0607953493589701,0.4260414517786555,0.0607953493589701,0.4260414517786555,0.9121526109354995,0.7778955002143035
399,(0.28736020007376845)((X_3)((1.276722310142952 + X_2)((X_3)^(-0.444406763044958)) + sqrt(sin(X_2)))),13,0.06999670998235273,0.27054913267685227,0.06999670998235273,0.27054913267685227,0.898856931000636,0.8589569640940352
400,((exp(2.2896179209827965))^(-1))((X_3)((4.706783568641243 + (2)(X_2))((sqrt(X_3))^(-1)) + (sqrt(4.706783568641243 + (2)(X_2)))(sqrt(sqrt(4.706783568641243 + (2)(X_2)))) - (2.2896179209827965))),20,0.07156687684881344,0.38642354436881954,0.07156687684881344,0.38642354436881954,0.8965880887114057,0.7985491607233501
401,(0.42126344006930205 + (0.4423202406750304)(X_3))(sqrt(X_2)),8,0.08443008610559863,0.29943318899187327,0.08443008610559863,0.29943318899187327,0.8780011513862045,0.8438990892021747
402,(0.3431253724471526)(X_2) + (0.5759236275044296)(X_3),7,0.0811062840553697,0.30440281747201087,0.0811062840553697,0.30440281747201087,0.8828039419772378,0.8413083158323684
403,((exp(2.1072181831858114))^(-1))((X_3)(sqrt(3.4118700687053285 + (2)(X_2)) + (3.4118700687053285 + (2)(X_2))((sqrt(X_3))^(-1)) + sqrt(sqrt(3.4118700687053285 + (2)(X_2))) - (2.1072181831858114))),20,0.07086191516551868,0.3478807078082395,0.07086191516551868,0.3478807078082395,0.8976067364191819,0.8186423638585628
404,(0.30945932666658255)((X_3)(1 + (0.7910938148665573 + X_2)((sqrt(X_3))^(-1)))),13,0.07010424760671718,0.3291987853699622,0.07010424760671718,0.3291987853699622,0.8987015424778917,0.828381648664926
405,(0.12379247536781882)((X_3)(sqrt(3.308296763118859 + (2)(X_2) - (X_0)) + (3.308296763118859 + (2)(X_2) - (X_0))((sqrt(X_3))^(-1)))),17,0.06744859864711103,0.33296011374406287,0.06744859864711103,0.33296011374406287,0.9025388726327983,0.8264207879233909
406,((exp(1.7978076525163127))^(-1))((X_3)(1 + (2.2551459121079747 + (((1.7978076525163127)(1.7978076525163127))(((1.7978076525163127)(1.7978076525163127))^((-1)((1.7978076525163127)(1.7978076525163127)))))(X_0) + (2)(X_2))((sqrt(X_3))^(-1)))),24,0.0714529068341759,0.35454138490108233,0.0714529068341759,0.35454138490108233,0.8967527718380448,0.8151700107629573
407,(-0.18999389537371544)((X_4)(-2.477905535573066 + (-0.6576981006554421)(X_2 + (2)(X_3)) + X_4)),14,0.06980688224851922,0.7450883616750645,0.06980688224851922,0.7450883616750645,0.8991312261723086,0.611569538186718
408,((exp(-0.00039805507845741284))^(-1))((X_3)(388.7942881940799 + (-2)(-0.00039805507845741284) + (log(-0.00039805507845741284))((sqrt(-0.00039805507845741284))^(-1)) + (2)(X_2) + (388.7942881940799 + (log(-0.00039805507845741284))((sqrt(-0.00039805507845741284))^(-1)) + (2)(X_2))((sqrt(X_3))^(-1)))),26,31.883065159138432,244.2620089899009,31.883065159138432,244.2620089899009,-45.070037579122854,-126.33899740708095
409,((exp(2.2896179184452747))^(-1))((X_3)((4.706783543217418 + (2)(X_2))((sqrt(X_3))^(-1)) + (sqrt(4.706783543217418 + (2)(X_2)))(sqrt(sqrt(4.706783543217418 + (2)(X_2)))) - (2.2896179184452747))),20,0.07156687684881344,0.3864235460297618,0.07156687684881344,0.3864235460297618,0.8965880887114057,0.7985491598574654
410,((exp(2.10721818912098))^(-1))((X_3)(sqrt(3.411870125137171 + (2)(X_2)) + (3.411870125137171 + (2)(X_2))((sqrt(X_3))^(-1)) + sqrt(sqrt(3.411870125137171 + (2)(X_2))) - (2.10721818912098))),20,0.07086191516551865,0.3478807048113122,0.07086191516551865,0.3478807048113122,0.8976067364191819,0.818642365420925
411,(-0.18585476388352679)((-1.8670567493110606 + (-1.1719727350410987)(X_2 + (2)(X_3)) + X_4)(sqrt(X_4))),15,0.0607953493589701,0.42604145177867064,0.0607953493589701,0.42604145177867064,0.9121526109354995,0.7778955002142958
412,(0.3271187209461336)((X_3)(((exp((0.10379724552966091)(X_0)))^(-1))(0.7374778956676329 + (0.10379724552966091)(X_0) + (X_2 + exp((0.10379724552966091)(X_0)))((sqrt(X_3))^(-1))))),19,0.0687333539632102,0.31637277907620626,0.0687333539632102,0.31637277907620626,0.9006824411574292,0.8350681194302234
413,(0.3100141140230639)(X_2 + (2)(X_3)),7,0.08229728372101325,0.3053506494044912,0.08229728372101325,0.3053506494044912,0.8810829845009397,0.840814190820904
414,(0.30353163203792577)((1.8830727893361472 + X_2)((X_3)^(0.623122458661125))),9,0.0706346284490626,0.389101909875556,0.0706346284490626,0.389101909875556,0.8979351586557548,0.7971528716330903
415,0.09956463530429735 + (0.42156604987153096)(X_3) + (0.3334405300181591)((X_2)((X_3)^(0.4112691787846278))),12,0.06984540498300158,0.31669743455379185,0.06984540498300158,0.31669743455379185,0.8990755620190537,0.8348988696021825
416,(0.1167259285813839)((3.451309451796363)(X_2 + X_3) - ((0.5211857255511395 - (X_4))(log(X_3)))),13,0.072177650665269,0.36016760829375377,0.072177650665269,0.36016760829375377,0.8957055395419328,0.8122369404546693
417,(-0.18585476388352706)((-1.8670567493110664 + (-1.1719727350411164)(X_2 + (2)(X_3)) + X_4)(sqrt(X_4))),15,0.0607953493589701,0.4260414517786782,0.0607953493589701,0.4260414517786782,0.9121526109354995,0.7778955002142918
418,-0.39927109161617336 + (0.07995389091791712)((X_2)(X_2) + (2.682113111781025)(X_3)) + sqrt(X_3),12,0.08242607137659229,0.6264956031899375,0.08242607137659229,0.6264956031899375,0.8808968903439746,0.6733944737454056
419,((exp(1.0992936557108508))^(-1))(((2)(sin(1.0992936557108508)) + X_2)((X_3)((sqrt(X_3))^(-1)))),15,0.07812074695585168,0.35853660412380944,0.07812074695585168,0.35853660412380944,0.8871179502346666,0.8130872177312148
420,(0.4413039296868235)((X_3)(0.984848577508461 + (1.2239680991203739 + (2)(X_2) - (X_0))((exp(sqrt(X_3)))^(-1)))),18,0.07227085758566248,0.31046850053193875,0.07227085758566248,0.31046850053193875,0.8955708584407359,0.8381461458222452
421,(0.34312537244715213)(X_2) + (0.5759236275044293)(X_3),7,0.08110628405536967,0.3044028174720115,0.08110628405536967,0.3044028174720115,0.8828039419772379,0.8413083158323682
422,((exp(1.52637058821784))^(-1))((X_3)(sqrt(1.52637058821784 + X_2) + (1.52637058821784 + X_2)((sqrt(X_3))^(-1)) + sqrt(sqrt(1.52637058821784 + X_2)) - (1.52637058821784))),17,0.07305019860421909,0.3577080328323322,0.07305019860421909,0.3577080328323322,0.894444734906733,0.8135191696257126
423,(0.1600571168616268)((X_3)(1.6056847611239977 + ((2)((2)^(-1)))((1.8058274311645024 + (2)(X_2))((sqrt(X_3))^(-1))))),18,0.06980024452992549,0.34058548439431413,0.06980024452992549,0.34058548439431413,0.8991408174692408,0.8224455194914486
424,(7.789395736102414e-06)((38729.85994433042 + (13320.333387685168)(X_2 + X_3 + (X_3)^(1.421814489044956)) + X_4)(sqrt(X_4))),16,0.107803265370061,0.5385284076423164,0.107803265370061,0.5385284076423164,0.8442276342640993,0.71925364984925
425,(-0.21507443985861205)((-1.0983456500129676 + X_4 + (-0.9404895036020156)(X_2 + (2)(X_3) + sqrt(X_2)))(sqrt(X_4))),17,0.0599667003424883,0.4224669202080255,0.0599667003424883,0.4224669202080255,0.9133499829930063,0.779758979796275
426,(0.32011423372325354)((X_3)(0.8028423805620009 + (0.9029137155822478 + X_2)((sqrt(X_3))^(-1)))),13,0.06980024452992548,0.3405854843943142,0.06980024452992548,0.3405854843943142,0.8991408174692408,0.8224455194914485
427,((exp(-1 + 2.9791743519729104))^(-1))((X_3)(1 - (2.9791743519729104) + (3.6478066553467574 + (2)(X_2) + ((-1 + 2.9791743519729104)^((-1)(-2 + (2)(2.9791743519729104) - (log(X_3)))))(-2 + (2)(2.9791743519729104) - (log(X_3))))((sqrt(X_3))^(-1)) + sqrt(3.6478066553467574 + (2)(X_2) + ((-1 + 2.9791743519729104)^((-1)(-2 + (2)(2.9791743519729104) - (log(X_3)))))(-2 + (2)(2.9791743519729104) - (log(X_3)))))),30,0.07193066215175407,0.37597816625640856,0.07193066215175407,0.37597816625640856,0.8960624302625222,0.803994559219304
428,((exp(5.250402728780223))^(-1))((X_3)((49.01768869666793)((1.7021848548053986 + X_2)((sqrt(X_3))^(-1))) + (sqrt((49.01768869666793)(1.7021848548053986 + X_2)))(sqrt(sqrt((49.01768869666793)(1.7021848548053986 + X_2)))) - (5.250402728780223))),21,0.07065046259683586,0.37219440338088594,0.07065046259683586,0.37219440338088594,0.8979122788046707,0.805967115545143
429,(-0.1858547638835269)((-1.8670567493110122 + (-1.1719727350410611)(X_2 + (2)(X_3)) + X_4)(sqrt(X_4))),15,0.0607953493589701,0.4260414517786555,0.0607953493589701,0.4260414517786555,0.9121526109354995,0.7778955002143035
430,(0.31001411402306434)(X_2 + (2)(X_3)),7,0.08229728372101323,0.3053506494044902,0.08229728372101323,0.3053506494044902,0.8810829845009397,0.8408141908209046
431,((exp(1.340064952806308))^(-1))((X_3)((-0.34737943283274475)(X_0) + sqrt(2.114319578781671 + X_2) + (2.114319578781671 + X_2)((sqrt(X_3))^(-1)) - (1.340064952806308))),20,0.06827940624976955,0.3706529250837996,0.06827940624976955,0.3706529250837996,0.9013383814853991,0.8067707210738434
432,(0.3105609429190872)((X_3)(3.4408667992497812 + (-0.5788013197869816 + X_2 - (X_3))((sqrt(X_3))^(-1)))),14,0.07218607154239352,0.3334706323801106,0.07218607154239352,0.3334706323801106,0.8956933716363804,0.8261546436648516
433,((exp(3.0961541470746523))^(-1))((X_3)((2)(sqrt(2.80377246997694 + (2)(X_2))) + (3.0961541470746523)((2.80377246997694 + (2)(X_2))((sqrt(X_3))^(-1))))),19,0.0703614618528917,0.3520718232897886,0.0703614618528917,0.3520718232897886,0.8983298758916335,0.8164574459270157
434,((exp(2.22366378810516))^(-1))((X_3)((2)(sqrt(3.870945749060433 + (2)(X_2))) + (3.870945749060433 + (2)(X_2))((sqrt(X_3))^(-1)) - (2.22366378810516 + X_0))),21,0.06649203061305932,0.3392965316764679,0.06649203061305932,0.3392965316764679,0.903921083692362,0.8231174780472404
435,(0.28764670086066907)(((exp(0.7865214413604389) + (2)(X_2))^(0.7865214413604389))((X_3)((sqrt(X_3))^((-1)(0.7865214413604389))))),16,0.07135140951665889,0.32718969414464305,0.07135140951665889,0.32718969414464305,0.8968994323052506,0.8294290307911496
436,(-0.18585476388352717)((-1.867056749311022 + (-1.1719727350411329)(X_2 + (2)(X_3)) + X_4)(sqrt(X_4))),15,0.0607953493589701,0.4260414517786852,0.0607953493589701,0.4260414517786852,0.9121526109354995,0.7778955002142881
437,((exp(2.8587638560049657))^(-1))((X_3)(6.369617479369202 + (-2)(2.8587638560049657) + X_1 + (2)(X_2) + sqrt(6.369617479369202 - (2.8587638560049657) + (2)(X_2)) + (6.369617479369202 + (2)(X_2))((sqrt(X_3))^(-1)))),26,0.07472546016498678,0.4970363690331144,0.07472546016498678,0.4970363690331144,0.8920240340527154,0.7408843349431817
438,(-0.1858547638835269)((-1.8670567493110122 + (-1.1719727350410611)(X_2 + (2)(X_3)) + X_4)(sqrt(X_4))),15,0.0607953493589701,0.4260414517786555,0.0607953493589701,0.4260414517786555,0.9121526109354995,0.7778955002143035
439,(-0.1858547638835269)((-1.8670567493110122 + (-1.1719727350410611)(X_2 + (2)(X_3)) + X_4)(sqrt(X_4))),15,0.0607953493589701,0.4260414517786555,0.0607953493589701,0.4260414517786555,0.9121526109354995,0.7778955002143035
440,(2)((-3.141592659456771)(sqrt(sin(sin(-3.141592659456771))))) + (-0.00023673081234068963)(X_3) + (-793.9568806399842)((X_2)((2)((-3.141592659456771)(sqrt(sin(sin(-3.141592659456771))))) + (-0.00023673081234068963)(X_3))),17,0.16760952869116827,1.0236491675154349,0.16760952869116827,1.0236491675154349,0.7578094437633469,0.46634984610563024
441,(0.2202809618358308)(X_2) + (0.541975408425465)(X_3) + (0.09224799340001845)((X_2)((0.2202809618358308)(X_2) + (0.541975408425465)(X_3))),12,0.06997524769611219,0.3509978274717517,0.06997524769611219,0.3509978274717517,0.8988879433367681,0.8170173428641357
442,(0.2227699627186769)((1.7042620522414194 + (1.4766871890944802)(X_2 + X_3) - (X_4))(sqrt(X_4))),13,0.07209133927601055,0.5502227485199712,0.07209133927601055,0.5502227485199712,0.8958302568150931,0.713157140413111
443,(0.19993828543363185)((2.6929460230254034)(X_2) + (X_3)^(X_1)),9,0.16465899464191566,3.715974246422254,0.16465899464191566,3.715974246422254,0.7620728737017506,-0.9372166669991939
444,(-0.19422374708768658)((-2.234675195780998 + (-0.9315652826764714)(X_3 + (X_2 + X_3)^(1.1235158104942802)) + X_4)(sqrt(X_4))),16,0.05958566841969781,0.49919660736496524,0.05958566841969781,0.49919660736496524,0.9139005622711962,0.7397581566051104
445,(-0.5759236275044297)((-0.5957827671248197)(X_2) - (X_3)),7,0.08110628405536967,0.30440281747201037,0.08110628405536967,0.30440281747201037,0.8828039419772379,0.8413083158323688
446,X_2 + (-0.029612015800382543)(X_3) + (-0.43003816401764955)((X_2)(sin(sqrt(log(0.9688874893759077 - (X_1)))))) + (0.002055696436277109)(((X_2)((X_3)(X_3)))((sin(sqrt(log(0.9688874893759077 - (X_1)))))(((-0.029612015800382543)(X_3) + log(0.9688874893759077 - (X_1)))^(-1)))),25,0.2822921194868603,0.6621404548568643,0.2822921194868603,0.6621404548568643,0.5920966667371284,0.6548120519731427
447,(0.42786900673195194)(X_3) + (0.26871812287711855)(sqrt(X_2)) + (0.22889019993099236)((X_2)((0.42786900673195194)(X_3) + (0.26871812287711855)(sqrt(X_2)))),13,0.06897485981015179,0.35428014195850316,0.06897485981015179,0.35428014195850316,0.9003334727195252,0.8153062022833877
448,(-0.1858547638835269)((-1.8670567493110122 + (-1.1719727350410611)(X_2 + (2)(X_3)) + X_4)(sqrt(X_4))),15,0.0607953493589701,0.4260414517786555,0.0607953493589701,0.4260414517786555,0.9121526109354995,0.7778955002143035
449,(0.18585476388352726)((1.8670567493110877 + (1.1719727350411195)(X_2 + (2)(X_3)) - (X_4))(sqrt(X_4))),15,0.06079534935897008,0.42604145177867975,0.06079534935897008,0.42604145177867975,0.9121526109354995,0.7778955002142909
450,sqrt((X_2)(X_3)),4,0.09748762100556999,0.3060135245438589,0.09748762100556999,0.3060135245438589,0.859133419550203,0.8404686198661648
451,(-0.1858547638835269)((-1.8670567493110122 + (-1.1719727350410611)(X_2 + (2)(X_3)) + X_4)(sqrt(X_4))),15,0.0607953493589701,0.4260414517786555,0.0607953493589701,0.4260414517786555,0.9121526109354995,0.7778955002143035
452,(-0.18585476388352695)((-1.8670567493110666 + (-1.1719727350411175)(X_2 + (2)(X_3)) + X_4)(sqrt(X_4))),15,0.0607953493589701,0.4260414517786786,0.0607953493589701,0.4260414517786786,0.9121526109354995,0.7778955002142915
453,(0.3201142337232536)((X_3)(0.8028423805619987 + (0.902913715582249 + X_2)((sqrt(X_3))^(-1)))),13,0.06980024452992548,0.34058548439431435,0.06980024452992548,0.34058548439431435,0.8991408174692408,0.8224455194914484
454,sqrt((X_2)(X_3)),4,0.09748762100556999,0.3060135245438589,0.09748762100556999,0.3060135245438589,0.859133419550203,0.8404686198661648
455,(-0.18585476388352706)((-1.8670567493110632 + (-1.171972735041118)(X_2 + (2)(X_3)) + X_4)(sqrt(X_4))),15,0.0607953493589701,0.42604145177867897,0.0607953493589701,0.42604145177867897,0.9121526109354995,0.7778955002142913
456,(0.15936680759523061)((X_3)(1.7082275213961449 + (1.7082275213961449 + (2)(X_2))((sqrt(X_3))^(-1)))),14,0.06982676032136349,0.33937643114717203,0.06982676032136349,0.33937643114717203,0.8991025029752644,0.8230758247482485
457,(0.5715853013536683)((X_3)(0.8703802277204439 + ((2)^((-1)(0.7109507279838483)))((X_2)((X_3)^((-1)(0.7109507279838483)))))),15,0.07113193144747704,0.2948276487828683,0.07113193144747704,0.2948276487828683,0.8972165712893643,0.8463000555872375
458,(0.3094593266665827)((X_3)(1 + (0.791093814866568 + X_2)((sqrt(X_3))^(-1)))),13,0.07010424760671718,0.32919878536996205,0.07010424760671718,0.32919878536996205,0.8987015424778917,0.828381648664926
459,(0.28764705096227416)(((exp(0.7865208160760766) + (2)(X_2))^(0.7865208160760766))((X_3)((sqrt(X_3))^((-1)(0.7865208160760766))))),16,0.07135140951672266,0.3271894880523428,0.07135140951672266,0.3271894880523428,0.8968994323051585,0.8294291382314634
460,X_2 + (-0.6568746275528474)(X_2) + (-0.42407637249557034 + (X_0)^(X_0))(X_3),11,0.08110628405536967,0.3044028174720108,0.08110628405536967,0.3044028174720108,0.8828039419772379,0.8413083158323684
461,((exp(-2.8713218313548405))^(-1))((X_3)(-2.8713218313548405 + (0.8159618775073747)((X_2)((sqrt(X_3))^(-1))))) - ((617.361757938058)((sin((sin(617.361757938058) - (sqrt(-2.8713218313548405)))(sin(-2.8713218313548405))))(sin(sqrt(-2.8713218313548405 + 617.361757938058))))),27,738.6333896299069,1344.2681239371536,738.6333896299069,1344.2681239371536,-1066.3022762270784,-699.7956573203006
462,(0.22028096035681893)(X_2) + (0.5419754079979916)(X_3) + (0.09224799477226216)((X_2)((0.22028096035681893)(X_2) + (0.5419754079979916)(X_3))),12,0.06997524769611217,0.35099782975468563,0.06997524769611217,0.35099782975468563,0.8988879433367681,0.8170173416739935
463,((2)(-0.18821440367061512))(((2)(-0.18821440367061512))(X_2) - ((1.3039143647592923 + ((-2)(-0.18821440367061512))(X_2))(X_3))),14,0.08459761665147145,0.4198801211463291,0.08459761665147145,0.4198801211463291,0.877759074957684,0.7811075333448688
464,((exp(1.9459761014405796))^(-1))((X_3)((3.4184321231836807 + (2)(X_2))((sqrt(X_3))^(-1)) + sqrt(X_3) + sqrt(sqrt(3.4184321231836807 + (2)(X_2))) - (1.9459761014405796))),20,0.07150073720864768,0.32709539740279053,0.07150073720864768,0.32709539740279053,0.8966836584344765,0.8294781896948036
465,(-0.04878183982758653)(-7.364389065972218 + X_3 + (X_2)(-12.749374777039206 + (X_3)^(-1.8438043989817507))),12,0.2094425214417761,0.8324132234238866,0.2094425214417761,0.8324132234238866,0.6973620702612016,0.5660452243984584
466,(0.09055801963109439)((X_3)(1.4286167844949758 + sin(X_4) + (exp(1.4286167844949758) + (exp(1.4286167844949758))(X_2))((sqrt(X_3))^(-1)) - (X_0))),19,0.06709056569451168,0.3966885497497179,0.06709056569451168,0.3966885497497179,0.9030562191143392,0.7931977943811699
467,(-0.18585476388352695)((-0.6950840142699493 + (-1.1719727350411173)(1 + X_2 + (2)(X_3)) + X_4)(sqrt(X_4))),17,0.060795349358970095,0.4260414517786784,0.060795349358970095,0.4260414517786784,0.9121526109354995,0.7778955002142917
468,(0.15936680759523048)((X_3)(1.708227521396176 + (1.708227521396176 + (2)(X_2))((sqrt(X_3))^(-1)))),14,0.06982676032136352,0.33937643114717053,0.06982676032136352,0.33937643114717053,0.8991025029752644,0.8230758247482493
469,0.0011796437359361354 + (0.6305585678434745)(X_3) + (X_2)(sqrt((0.035916659026435364)(exp((0.31135179510994254)(X_2))))),14,0.07124949258035534,0.7310437219717352,0.07124949258035534,0.7310437219717352,0.8970466991085525,0.6188913085519145
470,((exp(1.1932984036986236))^(-1))((X_3)(1.1932984036986236 + (0.6347478733167486 + X_2)((sqrt(X_3))^(-1)))),14,0.07096279162136046,0.32393677034981194,0.07096279162136046,0.32393677034981194,0.8974609730777878,0.8311248493770541
471,(-8.587004949870614e-07)(X_2) + (-1.2345077199296361e-05)(X_3) + (-26934.298467217937)((X_2)((-8.587004949870614e-07)(X_2) + (-1.2345077199296361e-05)(X_3))),12,0.27368317163312894,2.4172998289775034,0.27368317163312894,2.4172998289775034,0.6045363286441152,-0.26018998176269936
472,(-1.4404181262506606e-05)((20136.96807995485 + X_3)(-0.8515381412161227 - (X_3))) + (-8.09994793099042e-06)((X_2)((20136.96807995485 + X_3)(-0.8515381412161227 - (X_3)))),13,0.07503175958054793,0.46037445428218554,0.07503175958054793,0.46037445428218554,0.8915814409232614,0.759996973403468
473,(-0.18585476388352717)((-1.867056749311089 + (-1.1719727350410958)(X_2 + (2)(X_3)) + X_4)(sqrt(X_4))),15,0.060795349358970095,0.42604145177867003,0.060795349358970095,0.42604145177867003,0.9121526109354995,0.777895500214296
474,(0.31697273743572907)((X_3)(0.9370589044409197 + (0.9370589044409197 + X_2 - (log((-1.3921566843231608)^(X_0))))((sqrt(X_3))^(-1)))),17,0.06676955713694353,0.334536558000063,0.06676955713694353,0.334536558000063,0.903520066496533,0.8255989538941968
475,((exp(2.7648394078707437))^(-1))((X_3)(6.095617208497771 + ((2.7648394078707437)(2.7648394078707437))(((2.7648394078707437)(2.7648394078707437))^((-1)((2.7648394078707437)(2.7648394078707437)))) - (2.7648394078707437) + (2)(X_2) + (6.095617208497771 + ((2.7648394078707437)(2.7648394078707437))(((2.7648394078707437)(2.7648394078707437))^((-1)((2.7648394078707437)(2.7648394078707437)))) + (2)(X_2))((sqrt(X_3))^(-1)))),23,0.07673557430036516,0.43247000234321303,0.07673557430036516,0.43247000234321303,0.8891194816424316,0.774544159631064
476,(0.31873361519046123)((X_3)(0.8541137606980721 + (0.8541137606980721 + X_2)((sqrt(X_3))^(-1)))),12,0.06982676032136349,0.33937643114717203,0.06982676032136349,0.33937643114717203,0.8991025029752644,0.8230758247482485
477,(-0.1858547638835269)((-1.8670567493110122 + (-1.1719727350410611)(X_2 + (2)(X_3)) + X_4)(sqrt(X_4))),15,0.0607953493589701,0.4260414517786555,0.0607953493589701,0.4260414517786555,0.9121526109354995,0.7778955002143035
478,((exp(1.9311936467726412))^(-1))((X_3)(((1 + 0.8173625358018113 + X_2)((X_3)^(-1)) - (1.9311936467726412))^(X_0) + ((X_0)^((-1)(X_0)))(1 + 0.8173625358018113 + X_2 + sqrt(1 + 0.8173625358018113 + X_2)))),24,0.07864656211264595,0.45664075114328395,0.07864656211264595,0.45664075114328395,0.8863581636861564,0.76194343252042
479,((exp(1.9587413509440108))^(-1))((X_3)((3.5924017206126 + (2)(X_2))((sqrt(X_3))^(-1)) + sqrt(X_3) + sqrt((1.9587413509440108)(sqrt(X_3))) - (1.9587413509440108))),20,0.07451854918033564,0.30436730149503716,0.07451854918033564,0.30436730149503716,0.8923230139905235,0.8413268310690132
480,(0.37393737019769535)((X_3)(1 + (X_2)((sqrt(X_3))^(-1)))),11,0.08225266644019895,0.4518187222303392,0.08225266644019895,0.4518187222303392,0.8811474550841014,0.7644572590863339
481,(0.7110393747971414)(((1 + (-544984.7007390818)((-5682901.367421792 + X_0)^(-1)))^(X_4))(X_3)),15,0.16178191334027373,0.4241549686740766,0.16178191334027373,0.4241549686740766,0.7662301667042662,0.7788789641109441
482,(-0.18999389537371542)((X_4)(-2.477905535573048 + (-0.6576981006554221)(X_2 + (2)(X_3)) + X_4)),14,0.06980688224851922,0.745088361674992,0.06980688224851922,0.745088361674992,0.8991312261723086,0.6115695381867559
483,(0.09054457933204284)((X_3)(1.429468301950129 + (exp(1.429468301950129) + (exp(1.429468301950129))(X_2))((sqrt(X_3))^(-1)) - (X_0))),16,0.0709589874912752,0.40497633769063757,0.0709589874912752,0.40497633769063757,0.897466469927451,0.7888771936807848
484,(0.28764630654831813)(((exp(0.7865221447981819) + (2)(X_2))^(0.7865221447981819))((X_3)((sqrt(X_3))^((-1)(0.7865221447981819))))),16,0.07135140951671368,0.32718992586234025,0.07135140951671368,0.32718992586234025,0.8968994323051713,0.8294289099917697
485,(0.31873361519046123)((X_3)(0.8541137606980721 + (0.8541137606980721 + X_2)((sqrt(X_3))^(-1)))),12,0.06982676032136349,0.33937643114717203,0.06982676032136349,0.33937643114717203,0.8991025029752644,0.8230758247482485
486,(-0.09985572121217948)((X_3)(-2.6180530237179904 + (-1.5827221145109645)((2.349269431195067 + (2)(X_2) - (X_0))((sqrt(X_3))^(-1))))),19,0.06721260975747405,0.33366085668558176,0.06721260975747405,0.33366085668558176,0.9028798692389768,0.8260554756753582
487,((exp(2.8936566590760657))^(-1))((X_3)(5.371130735186334 - (2.8936566590760657 + sin(2.8936566590760657)) + X_1 + (2)(X_2) + sqrt(5.371130735186334 - (2.8936566590760657) + (2)(X_2)) + (5.371130735186334 + (2)(X_2))((sqrt(X_3))^(-1)))),26,0.07708682099665687,0.481801447789894,0.07708682099665687,0.481801447789894,0.8886119410902001,0.7488266244736332
488,((exp(0.11656082206364997))^(-1))((X_3)(1 + (0.7052565620386461)(((X_3 + X_4)^(-1))((0.11656082206364997)(log(0.11656082206364997)) + sqrt(1.2872436577854043 - (exp(X_2))) - (X_3))))),24,0.064954697957378,9.8898425921015,0.064954697957378,9.8898425921015,0.9061424815681729,-4.155785975067946
489,(-0.18585476388352684)((-1.8670567493110526 + (-1.1719727350411375)(X_2 + (2)(X_3)) + X_4)(sqrt(X_4))),15,0.0607953493589701,0.42604145177868663,0.0607953493589701,0.42604145177868663,0.9121526109354995,0.7778955002142873
490,X_2,1,0.5787083331934315,0.9689360594268115,0.5787083331934315,0.9689360594268115,0.16378445659164476,0.49487295683349874
491,(-0.11774034959868891)((-3.089320937316038 - (X_4))(X_3 + sin(X_0))),10,0.21944775161444058,0.504117016686408,0.21944775161444058,0.504117016686408,0.6829048238282842,0.7371930422329819
492,(-0.18585476388352698)((-1.8670567493110664 + (-1.1719727350411173)(X_2 + (2)(X_3)) + X_4)(sqrt(X_4))),15,0.060795349358970116,0.4260414517786786,0.060795349358970116,0.4260414517786786,0.9121526109354995,0.7778955002142915
493,(1.2346622572371487e-05)((18056.244698991355 + (10373.20664918029)(X_2 + (2)(X_3)) + X_4)(sqrt(X_4))),15,0.11106225790939282,0.5581976866244175,0.11106225790939282,0.5581976866244175,0.8395184914007111,0.7089996350081436
494,(-0.1858547638835269)((-1.8670567493110122 + (-1.1719727350410611)(X_2 + (2)(X_3)) + X_4)(sqrt(X_4))),15,0.0607953493589701,0.4260414517786555,0.0607953493589701,0.4260414517786555,0.9121526109354995,0.7778955002143035
495,((exp(1.9459761014405796))^(-1))((X_3)((3.4184321231836807 + (2)(X_2))((sqrt(X_3))^(-1)) + sqrt(X_3) + sqrt(sqrt(3.4184321231836807 + (2)(X_2))) - (1.9459761014405796))),20,0.07150073720864768,0.32709539740279053,0.07150073720864768,0.32709539740279053,0.8966836584344765,0.8294781896948036
496,(2)((0.24797881298568)(sqrt(0.24797881298568))) + (0.2901583709142685)(X_3) + (0.5622991522983871)((X_2)((2)((0.24797881298568)(sqrt(0.24797881298568))) + (0.2901583709142685)(X_3))),15,0.07502827754988001,0.4603927568512436,0.07502827754988001,0.4603927568512436,0.8915864723492841,0.7599874318836735
497,(0.3431253724471528)(X_2) + (0.5759236275044302)(X_3),7,0.0811062840553697,0.3044028174720103,0.0811062840553697,0.3044028174720103,0.8828039419772378,0.8413083158323688
498,(0.3047471648933472)(X_0 + X_2 + (2)(X_3) - (sin(X_0))),11,0.08690361492244028,0.30793246303298544,0.08690361492244028,0.30793246303298544,0.8744269791735847,0.8394682362850188
499,(0.3201142337232536)((X_3)(0.8028423805619989 + (0.9029137155822488 + X_2)((sqrt(X_3))^(-1)))),13,0.0698002445299255,0.3405854843943143,0.0698002445299255,0.3405854843943143,0.8991408174692408,0.8224455194914484
