Id,Expression,size,MSE_train,MSE_test,nll_train,nll_test,R2_train,R2_test
0,(0.18485250672863318)(18.5479473997205 + X_7 + X_8 + X_9 + (-9.95607053788455 + X_2)((sqrt((X_2)(X_4)))^(-1))),19,0.37869818718528475,0.4402513370052572,0.37869818718528475,0.4402513370052572,0.4077287729163328,0.3651291288340621
1,log((4.319244684880481)((((X_2)^((-2)(-0.2104370161493696)))((X_7)^((-1)(-0.2104370161493696))))(((X_8)^((-1)(-0.2104370161493696)))((((2)(X_0) + X_3 + X_9)^((-2)(-0.2104370161493696)))(((X_1)(X_4) + sqrt((X_9)((((X_2)(sin(exp(sqrt(X_6)))))^(X_9))(exp(sqrt(X_6))))))^((-2)(-0.2104370161493696))))))),40,0.3666778092023808,0.4082294087573402,0.3666778092023808,0.4082294087573402,0.4265282397710837,0.41130681820000137
2,(0.02689127751126703)(109.43305779358315 + X_0 + (2)((X_2)(X_8 + exp(sqrt(X_9)))) - ((X_0 - (X_8))(sqrt(X_8)))),19,0.42833692586184363,0.4681979787091364,0.42833692586184363,0.4681979787091364,0.33009545524621997,0.3248282659556099
3,sqrt((5.6497873030706405)((((X_2)^((-1)(-0.1543511854356431)))((X_7)^((-1)(-0.1543511854356431))))(((X_8)^((-1)(-0.1543511854356431)))(((X_6 + (X_2)((X_9)(X_9)))^((-1)(-0.1543511854356431)))(((X_1)(X_4) + sqrt(sin(exp(X_3))))^((-1)(-0.1543511854356431))))))),31,0.3834397468084672,0.4135072641063981,0.3834397468084672,0.4135072641063981,0.400313133150044,0.40369580980162334
4,log((1.9369915013174843)((((X_2)^((-2)(3.2963606425131715)))((X_7)^((-1)(3.2963606425131715))))(((X_8)^((-1)(3.2963606425131715)))(((2.6909344156818786 + X_6 + (2)(X_9))^((-2)(3.2963606425131715)))(((-3.6842007838951907 + X_1)(X_4) + sqrt((X_9)(((2.6909344156818786)(sin(exp(sqrt(X_6)))))^(X_9) - (X_4))))^((-2)(3.2963606425131715))))))),41,inf,inf,inf,inf,-inf,-inf
5,sqrt(-5.278660960876027 + X_4 + X_6 + X_8 + X_9 + sqrt((X_2)(-86.20064224929152 - (X_4))) - (X_2)),17,0.39861321734368127,0.4340192809951668,0.39861321734368127,0.4340192809951668,0.37658233559908516,0.3741161562334445
6,log((3.9971824333237334)((((X_7)^((-1)(-0.22593382670209355)))((X_8)^((-1)(-0.22593382670209355))))(((sin(sqrt(X_9)))^((-1)(-0.22593382670209355)))((X_7 + (X_2)((X_0 + X_3 + X_9 + sqrt(X_6))((X_1)(X_4) + sqrt(((X_4)(X_9))(((sin(X_6))^(sin(X_6)))(((X_2)(sin(exp(sqrt(X_6)))))^(X_9) - (X_2)))))))^((-2)(-0.22593382670209355)))))),46,0.36435945627540706,0.41032928398348967,0.36435945627540706,0.41032928398348967,0.43015406577008686,0.40827866245779776
7,sqrt((7.419195385306936)((((X_2)^((-1)(-0.07472364012997952)))(((X_7)(X_8))^(((-1)(-0.07472364012997952))(X_2))))(((X_6 + (X_2)(X_9) + exp(X_9))^((-1)(-0.07472364012997952)))(((X_1)(X_4) + sqrt((X_8 - ((X_0)^((X_5)(X_9)) + X_3 + X_4))(X_9)))^((-1)(-0.07472364012997952)))))),38,0.4127931403404156,0.44842926556953305,0.4127931403404156,0.44842926556953305,0.3544054129799159,0.353336027495059
8,(-2.2103889293635416e-05)(-223506.10252471667 + exp(X_9) + (98255.74549146595 + X_2)((sqrt((X_2)(X_4)))^(-1))),16,0.4408287702167708,0.5155109826197132,0.4408287702167708,0.5155109826197132,0.31055863084359614,0.25659985757754145
9,(0.18035209031547728)(17.603552358453047 + X_7 + X_8 + X_9 + (-8.26579929894021 + X_2)((sqrt((X_2)((X_4)^(X_2))))^(-1))),20,0.37621658921429196,0.43399299247562734,0.37621658921429196,0.43399299247562734,0.41160990867336533,0.37415406597703604
10,sqrt((6.411869816559093e-09)((((X_2)^((-2)(-4.640957010153739)))((1 + (X_7)(X_8))^((-1)(-4.640957010153739))))(((X_6 + X_9)^((-2)(-4.640957010153739)))((X_4 + sqrt(((X_5)^(-1))((X_9)((sin(X_9))^(X_7) - (X_3)))))^((-2)(-4.640957010153739)))))),35,418302517981058.56,458050051548617.7,418302517981058.56,458050051548617.7,-654211068339795.5,-660537767454413.6
11,sqrt(-5.431744586611521 + X_4 + X_6 + X_7 + X_8 + X_9 + sqrt((-43.19724813406213)(X_2))),17,0.38732979826510955,0.4197390265474564,0.38732979826510955,0.4197390265474564,0.3942292235153858,0.3947092057477517
12,log((4.550581507470662)((((X_5)^((-1)(-0.21862956561427346)))((X_7)^((-1)(-0.21862956561427346))))(((X_8)^((-1)(-0.21862956561427346)))((X_7 + (X_2)((X_3 + X_9 + sqrt(X_6))((X_1)(X_4) + sqrt(((X_4)(X_9))(((sin(X_6))^(sin(X_6)))(((X_2)(sin(exp(sqrt(X_6)))))^(X_9) - (X_2)))))))^((-2)(-0.21862956561427346)))))),43,0.36973442866986783,0.40727545263496934,0.36973442866986783,0.40727545263496934,0.4217477897346259,0.41268248456045686
13,log((-10.670972769734153)((-4.074229741541512 + (2)(X_4) + X_7 + X_8 + (X_2)(X_4 + log(X_4) + (X_2 + log(X_4))(sqrt(X_9) + (X_2 + log(X_4))(sqrt(X_9)))) - (sqrt(X_4 + log(X_4) + (X_2 + log(X_4))(sqrt(X_9) + (X_2 + log(X_4))(sqrt(X_9))))))^(0.40027202185026306))),28,0.4061944192768319,0.47091770400241223,0.4061944192768319,0.47091770400241223,0.3647255907725795,0.320906246370117
14,log((-2.325207982412227)(((X_7)^((-1)(-0.23797541229913705)))(((X_8)^((-1)(-0.23797541229913705)))((X_7 + (2)((X_2)((X_0 + X_3 + X_9 + sqrt(X_6))((X_1)(X_4) + sqrt((3.155701274152503)((X_9)(((X_2)(sin(exp(sqrt(X_6)))))^(X_9) - (X_4))))))))^((-2)(-0.23797541229913705)))))),42,0.3667942754007732,0.4160220101919364,0.3667942754007732,0.4160220101919364,0.42634609055418793,0.4000693834767266
15,sqrt((5.445732862325994)((((X_2)^((-1)(-0.15248815843008534)))(((X_4)^(sin((X_8)^(X_8))) + X_7)^((-1)(-0.15248815843008534))))(((X_8)^((-1)(-0.15248815843008534)))(((X_6 + (X_2)(X_9))^((-1)(-0.15248815843008534)))(((X_1)(X_4) + (X_9)^(sqrt(X_2 + X_6 - ((X_2)(X_9)))))^((-1)(-0.15248815843008534))))))),34,0.3802460408139399,0.40942330543805844,0.3802460408139399,0.40942330543805844,0.4053079819038292,0.4095851420526313
16,log((4.319244693647448)((((X_2)^((-2)(-0.21043701614936947)))((X_7)^((-1)(-0.21043701614936947))))(((X_8)^((-1)(-0.21043701614936947)))((((2)(X_0) + X_3 + X_9)^((-2)(-0.21043701614936947)))(((X_1)(X_4) + sqrt((X_9)((((X_2)(sin(exp(sqrt(X_6)))))^(X_9))(exp(sqrt(X_6))))))^((-2)(-0.21043701614936947))))))),40,0.3666778092023808,0.40822940860295076,0.3666778092023808,0.40822940860295076,0.4265282397710837,0.41130681842264094
17,sqrt((4.247804916273075)((((X_2)^((-2)(-0.12609212218226484)))((((X_0)^(-1))(X_4) + (X_7)(X_8))^((-1)(-0.12609212218226484))))(((X_6 + X_9)^((-2)(-0.12609212218226484)))(((X_1)(X_4) + sqrt(((X_5)^(-1))((X_9)(sin(X_9) - (X_3 + X_7)))))^((-2)(-0.12609212218226484)))))),39,0.39299329026396895,0.4203995415959677,0.39299329026396895,0.4203995415959677,0.38537171252312474,0.3937567003740733
18,log((3.9367864809349586)((((X_2)^((-2)(-0.22145445432683913)))((X_7)^((-1)(-0.22145445432683913))))(((X_8)^((-1)(-0.22145445432683913)))(((X_3 + X_6 + (2)(X_9))^((-2)(-0.22145445432683913)))(((X_1)(X_4) + sqrt(-1 + (X_0)((X_4)(((X_2)(sin(exp(sqrt(X_2)))))^(X_9) - (X_2 + (X_2)(sin(exp(sqrt(X_2)))))))))^((-2)(-0.22145445432683913))))))),43,0.3694783487530259,0.4064227875873386,0.3694783487530259,0.4064227875873386,0.42214829011121013,0.4139120826470507
19,log(2.437693042628512 + X_7 + (X_4)(exp(sqrt(log(((X_9)^(-1))(exp(X_7)))))) + (X_2 + X_8)(X_0 + X_9 + (X_2 + log(X_4))(sqrt(X_9))) - (log(X_2 + log(X_4)))),29,0.3856394683263876,0.4316481149364981,0.3856394683263876,0.4316481149364981,0.39687284268458256,0.3775355308833577
20,log((5.083117858247094)((((X_2)^((-2)(-0.3390950551872263)))((X_4)^((-1)(-0.3390950551872263))))(((X_7)^((-1)(-0.3390950551872263)))((X_8 + exp(sqrt(X_9)))^((-2)(-0.3390950551872263)))))),23,0.3839629038219195,0.4315856387717102,0.3839629038219195,0.4315856387717102,0.39949493317761264,0.3776256255493632
21,(0.30727048285117203)(9.997001180882549 + (X_7)(((X_8)^(-1))((X_9)^(-2))) + X_9 + (log(X_8))^(X_4 + log(X_4)) + (-9.356892235057197 + X_2 + X_4)((sqrt((X_2)(X_2 + X_4)))^((-1)(sqrt((X_2)(X_2 + X_4)))))),30,0.4082639852737841,0.47487984343560957,0.4082639852737841,0.47487984343560957,0.36148885916407625,0.31519258532652794
22,log((-3.973228829012202)((((X_5)^((-1)(-0.22330930058365844)))((X_7)^((-1)(-0.22330930058365844))))(((X_8)^((-1)(-0.22330930058365844)))((X_7 + (X_2)((X_0 + X_3 + X_9)((X_1)(X_4) + sqrt((X_4)((X_9)(((X_2)(sin(exp(sqrt(X_6)))))^(X_9) - (X_4))) - (X_4)))))^((-2)(-0.22330930058365844)))))),42,0.36996388382342765,0.41463803588655723,0.36996388382342765,0.41463803588655723,0.4213889295922797,0.4020651638391537
23,log((-2.717168782963249)(((X_7)^((-1)(-0.20014764327366114)))(((X_8)^((-1)(-0.20014764327366114)))((-8.583583171342669 + (4)((X_2)(((2)(X_0) + X_3 + X_9)((X_1)(X_4) + sqrt(((X_5)(X_9))((((X_2)(sin(exp(sqrt(X_6)))))^(X_9))(exp(sqrt(X_6)))))))))^((-2)(-0.20014764327366114)))))),44,0.36630860944877347,0.4057178634509719,0.36630860944877347,0.4057178634509719,0.42710565576753523,0.41492862879454306
24,log((4.319244684880481)((((X_2)^((-2)(-0.2104370161493696)))((X_7)^((-1)(-0.2104370161493696))))(((X_8)^((-1)(-0.2104370161493696)))((((2)(X_0) + X_3 + X_9)^((-2)(-0.2104370161493696)))(((X_1)(X_4) + sqrt((X_9)((((X_2)(sin(exp(sqrt(X_6)))))^(X_9))(exp(sqrt(X_6))))))^((-2)(-0.2104370161493696))))))),40,0.3666778092023808,0.4082294087573402,0.3666778092023808,0.4082294087573402,0.4265282397710837,0.41130681820000137
25,sqrt((-5.119728720055072)((((X_2)^((-1)(-0.17769213303234302)))((X_7)^((-1)(-0.17769213303234302))))(((X_8)^((-1)(-0.17769213303234302)))(((X_6 + (X_2)(X_9))^((-1)(-0.17769213303234302)))(((X_1)(X_4) + sqrt((X_9)(X_8 - (X_3 + X_6 + log(X_6 + (X_2)(X_9))))))^((-1)(-0.17769213303234302))))))),33,0.38447572435279953,0.41438342784655025,0.38447572435279953,0.41438342784655025,0.3986928991162523,0.4024323250822396
26,log((4.754249838366015)(-1.0777484101127175 + (-1.0777484101127175)((X_2 + log(X_4))((sqrt(X_7 + X_8))(sqrt(X_9)))))),18,0.3818741812956156,0.4355136660782824,0.3818741812956156,0.4355136660782824,0.40276162495368406,0.37196115639624094
27,(-0.9338333462406639)((X_2)^(-1)) + (-0.21534010019820962)((-2)(4.85081032670603) + (0.511168300478631)(sqrt(4.85081032670603) - (4.85081032670603) - (X_1 + X_6 + X_7)) - (X_8 + X_9 + (X_4)((sqrt(X_8))^(-1)))),31,0.3790936362418379,0.4063210399005628,0.3790936362418379,0.4063210399005628,0.4071103038929804,0.414058809384968
28,1.2499035176720716 + log((X_4)(X_8) + (X_2)(X_7 + X_9)),12,0.3877829435421853,0.44196193202720246,0.3877829435421853,0.44196193202720246,0.3935205195437729,0.3626623402964465
29,sqrt((5.107548336387771)((((X_2)^((-1)(-0.14115103531402245)))((X_6 + X_7)^((-1)(-0.14115103531402245))))(((X_8 + (X_2)(X_9))^((-1)(-0.14115103531402245)))((((X_1)(X_4) + sin((X_8)(X_9)))^((-1)(-0.14115103531402245)))(((2)(X_8) + (X_2)(X_9) - (((sqrt(X_7))^((-1)(X_5)))(sqrt(((X_6)^(-1))(X_8 + (X_2)(X_9))))))^((-1)(-0.14115103531402245))))))),41,0.3822398684733282,0.41115714661665254,0.3822398684733282,0.41115714661665254,0.40218970250778474,0.4070848310552697
30,sqrt((6.747259575097062)((((X_1)^((-1)(-0.13853209840199435)))(((X_2)^((-2)(-0.13853209840199435)))((X_4)^((-1)(-0.13853209840199435)))))((((X_6)^((-1)(-0.13853209840199435)))((X_7)^((-1)(-0.13853209840199435))))(((X_8)^((-1)(-0.13853209840199435)))((X_9)^((-1)(-0.13853209840199435))))))),28,0.3821005118179752,0.4088573850065541,0.3821005118179752,0.4088573850065541,0.4024076516294367,0.4104012358771356
31,log(exp(1.5202592566867468) + (X_0)^(1.3548944717812625) + X_2 + (exp(1.5202592566867468))((X_2 + log(X_4))((sqrt(X_7 + X_8))(sqrt(X_9))))),22,0.3810293047747929,0.4322956163878106,0.3810293047747929,0.4322956163878106,0.4040829834144707,0.376601791957606
32,(0.2829404191947377)(11.66182782787453 + ((X_2)^(-1))(-6.2716535554248285 + X_2 + X_4) + X_9 + (X_7)((exp(X_9))^(-1)) + (log(X_8))^(X_4)),23,0.3829976600035055,0.44045314320278206,0.3829976600035055,0.44045314320278206,0.401004542043227,0.3648381112591904
33,log((1.963057619129569)((((X_2)^((-2)(-0.2650138401988519)))((4.1074865345140505 + X_3 + (2)(X_6))^((-2)(-0.2650138401988519))))(((X_7)^((-1)(-0.2650138401988519)))(((X_8)^((-1)(-0.2650138401988519)))((sqrt((X_9)(((4.1074865345140505)(sin(exp(sqrt(X_6)))))^(X_9) - (X_4))) + (X_4)(X_1 + (X_7)((X_6 + sqrt((X_9)(((4.1074865345140505)(sin(exp(sqrt(X_6)))))^(X_9) - (X_4))))^(-1))))^((-2)(-0.2650138401988519))))))),44,0.3704008254690313,0.40758687406751337,0.3704008254690313,0.40758687406751337,0.4207055675552732,0.41223339473480436
34,log((-5.7150417652844325)((((X_2)^((-2)(-0.23823855458074422)))((X_7)^((-1)(-0.23823855458074422))))(((X_8)^((-1)(-0.23823855458074422)))(((X_9 + sqrt(X_9))^((-2)(-0.23823855458074422)))(((X_1)(X_4) + sqrt((sqrt(X_6))(sqrt(X_6))))^((-2)(-0.23823855458074422))))))),31,0.3854206423675661,0.4188912856956779,0.3854206423675661,0.4188912856956779,0.39721507912387544,0.3959317028257904
35,sqrt((-6.583471012805589)((((X_0 + X_2)^(0.11628692218053349))(((X_4)^((-1)(-0.20184067480620974)))((X_6)^(0.11628692218053349))))((((X_7)^(0.11628692218053349))((X_8)^(0.11628692218053349)))(((X_9)^(0.11628692218053349))((log(((sqrt(X_2))^(X_9 + sqrt(X_2)))(X_9 + sqrt(X_2))))^((-1)(-0.20184067480620974))))))),33,0.384337886685964,0.4157334606330785,0.384337886685964,0.4157334606330785,0.39890847259095463,0.40048549058284644
36,(0.18485250672863318)(18.5479473997205 + X_7 + X_8 + X_9 + (-9.95607053788455 + X_2)((sqrt((X_2)(X_4)))^(-1))),19,0.37869818718528475,0.4402513370052572,0.37869818718528475,0.4402513370052572,0.4077287729163328,0.3651291288340621
37,log(17.272516590599146 + (X_2)(X_3) + (X_4 - (sqrt(154.1177024635422)))(X_5) + X_7 + (sqrt(154.1177024635422))(X_2 + log(X_4)) + sqrt(X_8)),22,0.4430483322336052,0.5225656553554244,0.4430483322336052,0.5225656553554244,0.3070873105051768,0.24642656371322758
38,(0.1911020955747524)(18.562170629427555 + (1.543118727729484)(((X_2)^(-1))(-6.162489406172408 + X_4)) + X_7 + X_9 + (log(X_8))^(X_4)),21,0.3811648074724493,0.43240000700603487,0.3811648074724493,0.43240000700603487,0.40387106175302667,0.3764512539417889
39,(exp(-2.8178146732723617))(((0.385989513504452)(X_6) + exp(sqrt(X_9)) + log(X_2))(sqrt(exp(log(X_2)) + (log(((X_2)(X_7))((X_8)(sqrt(X_4)))))(log(((X_2)(X_7))((X_8)(sqrt(X_4))))) - (sin((X_2)((sqrt(X_4))(sqrt(X_4)))))))) - (-2.8178146732723617),31,0.3795975883727769,0.40638353088773,0.3795975883727769,0.40638353088773,0.4063221397108353,0.4139686933441338
40,log((6.948833019422894)((((X_2)^((-2)(-0.164729849663464)))((X_0 + (X_7)(X_8))^((-1)(-0.164729849663464))))(((X_0 + X_6 + X_9)^((-2)(-0.164729849663464)))(((X_1)(X_4) + sqrt((X_4)((X_9)(((X_2)(sqrt(X_6)))^(X_9) - (X_4)))))^((-2)(-0.164729849663464)))))),36,0.38131032125990516,0.4054989167992741,0.38131032125990516,0.4054989167992741,0.40364348308386366,0.41524436401172105
41,log(X_6 + (4.903183323574295)((sqrt(X_6 + X_8))((X_2 + ((X_6)^(-1))(log(X_4)))(sqrt(X_7 + X_9)) + sqrt(X_2 + ((X_6)^(-1))(log(X_4))) - (X_2)))),24,0.38689665134040285,0.443781556111596,0.38689665134040285,0.443781556111596,0.3949066507365466,0.360038324806768
42,sqrt((-6.135627065063125)(((X_2)^((-1)(-0.2456973231221531)))(((X_7)^((-1)(-0.2456973231221531)))(((2)(X_8) + (X_2)(X_9))^((-1)(-0.2456973231221531)))))),19,0.42346438563597943,0.4642811920936518,0.42346438563597943,0.4642811920936518,0.3377159442695149,0.3304765253059593
43,log((X_1)(-1.2143456253513603 + X_4) + (X_0)(X_7) + (X_7)^(log(X_6)) + (-1.2143456253513603)(X_4 + (X_2 + X_8)(X_9 + (X_2 + X_4 + X_7)(sqrt(X_9))))),27,0.48214885134583585,0.5312790476484587,0.48214885134583585,0.5312790476484587,0.24593541377618955,0.23386128908278803
44,sqrt((5.315207799294912)((((X_2)^((-1)(-0.1590256323123003)))((X_7)^((-1)(-0.1590256323123003))))(((X_8)^((-1)(-0.1590256323123003)))(((X_6 + (X_2)((X_9)(X_9)))^((-1)(-0.1590256323123003)))(((X_1)(X_4) + sqrt(X_8 - (X_0 + X_3 + X_4)))^((-1)(-0.1590256323123003))))))),33,0.3823123081955596,0.4119166257289733,0.3823123081955596,0.4119166257289733,0.40207640921875565,0.40598961310783244
45,sqrt((1.0402611664466839e-10)((((X_4)^((-1)(-4.623434035170828)))((X_7)^((-1)(-4.623434035170828))))(((X_9 + sqrt((X_0)((X_5)^(-1))))^((-1)(-4.623434035170828)))(((X_2)(X_8 + exp(sqrt(X_9))) - (X_9 + sqrt((X_0)((X_5)^(-1)))))^((-1)(-4.623434035170828)))))),29,641.256372431617,827.020898810485,641.256372431617,827.020898810485,-1001.9033975530289,-1191.6175672102042
46,-130.0401017662691 + log((323.32451421529134)((exp(exp(3.760893930053413)))^(X_0)) + X_8 + (exp(3.760893930053413))((sqrt(X_7))((sqrt(X_6 + X_8))(-1.0688365655002355e+56 + (X_2 + log(X_4))(sqrt(X_9))))) - (3.760893930053413)),31,0.602561714590649,0.6497791648432308,0.602561714590649,0.6497791648432308,0.05761374579901968,0.06297646418147862
47,sqrt((-8.299154011590554)(((X_2)^((-2)(-0.08493043364232286)))(((sin(X_8))^((-1)(-0.08493043364232286)))((X_1 + (X_2 + log(((X_4)((X_4)(X_4)))(X_5)))(sqrt((X_9)(X_9 - ((X_9)(X_2 + log(((X_4)((X_4)(X_4)))(X_5))))))))^((-2)(-0.08493043364232286)))))),31,0.46884472975034874,0.5283352835169464,0.46884472975034874,0.5283352835169464,0.2667426124617597,0.23810638714743726
48,4.619974518446981 + (-0.1800929080048562)(((X_2)^(-1))((sqrt(-6.019274995615781))((X_2)((X_7)^(-1))) - (-6.019274995615781)) - (-6.019274995615781 + X_4 + (X_8)^(sin(X_5)) + X_9)),25,0.3829412967732335,0.4247721236859066,0.3829412967732335,0.4247721236859066,0.4010926922395712,0.3874511545021003
49,sqrt((-7.3145433414355745)((((X_2)^((-2)(-0.13995483457523183)))((X_7)^((-1)(-0.13995483457523183))))(((X_8)^((-1)(-0.13995483457523183)))(((X_1)(X_4) + sqrt((2)(((X_2 + log(X_4))(sqrt((X_2)((X_7)(X_9)))))((sqrt((X_6 + X_8)(X_9)))(sqrt(log(X_4)))))))^((-1)(-0.13995483457523183)))))),39,0.3959675174781424,0.4485056993347045,0.3959675174781424,0.4485056993347045,0.380720121199551,0.3532258050675452
50,sqrt(-5.4317465787963055 + X_4 + X_6 + X_7 + X_8 + X_9 + sqrt((-43.19726986745225)(X_2))),17,0.3873297982650971,0.419739027103264,0.3873297982650971,0.419739027103264,0.39422922351540524,0.3947092049462412
51,log((-4.777923668830226)((((X_2)^((-2)(-0.19940817702082717)))((X_7)^((-1)(-0.19940817702082717))))(((X_8)^((-1)(-0.19940817702082717)))((((2)(X_0) + X_3 + X_9)^((-2)(-0.19940817702082717)))(((X_1)(X_4) + sqrt(((X_5)(X_9))((((X_2)(sin(exp(sqrt(X_6)))))^(X_9))(exp(sqrt(X_6)))) - (X_2)))^((-2)(-0.19940817702082717))))))),43,0.3665037122159351,0.40927741657647176,0.3665037122159351,0.40927741657647176,0.4268005216020587,0.4097955232164433
52,log(exp(1.5354020682561478) + X_0 + X_2 + (exp(1.5354020682561478))((X_2 + log(X_4))((sqrt(X_7 + X_8))(sqrt(X_9))))),20,0.38118256016554736,0.4327093256640482,0.38118256016554736,0.4327093256640482,0.4038432971381407,0.3760051964528631
53,log((5.615525519527833)((((X_2)^((-2)(-0.29169486650433846)))((X_7)^((-1)(-0.29169486650433846))))(((X_8)^((-1)(-0.29169486650433846)))(((X_9)^((2)(-0.29169486650433846)))(((X_1)(X_4) + sqrt((X_9)(((-11.762827632514117)(sin(exp(sqrt(X_6)))))^(X_9) - (X_4))))^((-2)(-0.29169486650433846))))))),37,0.3802077576315159,0.42045619725829225,0.3802077576315159,0.42045619725829225,0.4053678555134693,0.39367499924866356
54,sqrt(0.7186432998336398 + X_4 + X_6 + X_7 + (X_8 + X_9)^(sqrt(log((-1.91185979147123)(X_2)))) + sqrt((-1.91185979147123)(X_2))),20,0.3857801768615533,0.41018984691053145,0.3857801768615533,0.41018984691053145,0.3966527792683747,0.4084797397255784
55,1.9650421771188036 + (-0.16687364099028865)(-1 + (3.1586780628689497 + (X_2)((X_4)^(-1)))(((X_7)^(-1))((sqrt((X_2)^(X_2)))^(-1))) - (X_0 + X_2 + X_4 + X_8 + X_9 + sin(X_4))),29,0.38844316863629275,0.4365008459460823,0.38844316863629275,0.4365008459460823,0.39248794970353984,0.3705375792483989
56,sqrt((-5.341229218583087)((((X_4)^((-1)(-0.2080489153889772)))((X_7)^((-1)(-0.2080489153889772))))(((X_9 + sqrt(X_6))^((-1)(-0.2080489153889772)))(((X_2)(X_8 + exp(sqrt(X_9))) - (X_9 + sqrt(X_6)))^((-1)(-0.2080489153889772)))))),26,0.3830010261576267,0.4217792001462103,0.3830010261576267,0.4217792001462103,0.4009992774914034,0.39176714360938003
57,log((4.976350212922215)((((X_2)^((-2)(-0.19684229319702212)))(((X_3)^((-1)(-0.19684229319702212)))((X_7)^((-1)(-0.19684229319702212)))))(((X_8)^((-1)(-0.19684229319702212)))(((X_6 + (2)(X_9))^((-2)(-0.19684229319702212)))(((X_1)(X_4) + sqrt((X_7)((X_9)((X_1)(((X_2)(sin(exp(sqrt(X_6)))))^(X_9)) - (X_4)))))^((-2)(-0.19684229319702212))))))),42,0.3705322161902733,0.41200924622092244,0.3705322161902733,0.41200924622092244,0.42050007688663327,0.4058560483745336
58,log((-8.024025350219562)((((X_2)^((-1)(-0.3547904436629861)))((X_7)^((-1)(-0.3547904436629861))))(((X_8)^((-1)(-0.3547904436629861)))((((X_2)(X_9) + (1.3322462220928044)((exp(exp(sqrt(X_6))))^(-1)))^((-1)(-0.3547904436629861)))((sqrt((X_9)((X_2)(sin(exp(sqrt(X_6)))) - (X_4))) + ((X_2)^(-1))((X_4)(sqrt(sin(exp(sqrt(X_6))) + exp(sqrt(X_6))))))^((-1)(-0.3547904436629861))))))),40,0.3800082882208994,0.4230531916638362,0.3800082882208994,0.4230531916638362,0.4056798189624353,0.3899299655325228
59,log((5.9046211323103766)((((X_2)^((-2)(-0.37313559154453585)))((X_7)^((-1)(-0.37313559154453585))))(((X_8)^((-1)(-0.37313559154453585)))(((X_9)^((-1)(-0.37313559154453585)))((((X_2)^(-1))((X_4)((2)(X_1) + X_6)) + sqrt((X_2)((sin(exp(sqrt(X_6))))((sqrt(X_2))^(-1))) - (X_4)))^((-1)(-0.37313559154453585))))))),40,0.37997115392195363,0.41664941755104956,0.37997115392195363,0.41664941755104956,0.4057378957569586,0.3991646215301403
60,log(1 + (-3.473936377502183)((sqrt(X_6 + X_8))(sqrt(X_2) + (X_2 + log(X_4))(sqrt((X_7)(X_9)))))),21,0.3860827790731692,0.4280887852820393,0.3860827790731692,0.4280887852820393,0.39617951958756115,0.3826683142017784
61,sqrt((5.631230927258888)((((X_4)^((-1)(-0.19441606660341718)))((X_7)^((-1)(-0.19441606660341718))))(((X_9 + log(X_9) + sqrt(X_1))^((-1)(-0.19441606660341718)))(((X_2)(X_8 + exp(sqrt(X_9))) - (X_9 + log(X_9) + sqrt(X_1)))^((-1)(-0.19441606660341718)))))),28,0.38235004567952957,0.42268431137258244,0.38235004567952957,0.42268431137258244,0.402017389063143,0.3904619147446643
62,log((2.6996464546073016)(((X_7)^((-1)(-0.22917716913245428)))(((X_8)^((-1)(-0.22917716913245428)))((X_7 + (2)((X_2)((X_0 + X_3 + X_9 + sqrt(X_6))((X_1)(X_4) + sqrt(((X_9)(X_9))(((X_2)(sin(exp(sqrt(X_6)))))^(X_9) - (X_4)))))))^((-2)(-0.22917716913245428)))))),41,0.36716964666661744,0.41254303929645997,0.36716964666661744,0.41254303929645997,0.4257590225201793,0.4050862842729772
63,sqrt((-5.688115421262876)((((X_4)^((-1)(-0.19417749896429165)))((X_7)^((-1)(-0.19417749896429165))))(((X_9 + sqrt((X_3)(X_9)))^((-1)(-0.19417749896429165)))(((X_2)(X_8 + exp(sqrt(X_9))) - (X_9 + sqrt((X_3)(X_9))))^((-1)(-0.19417749896429165)))))),27,0.38000020984211297,0.4180869284301922,0.38000020984211297,0.4180869284301922,0.4056924532751376,0.39709163796952274
64,log(X_7 + (X_7)(1 + X_2 + sin(X_2)) + (exp(0.826416048951201))((sqrt(X_2 + X_8))(-0.17773836285548184 + X_1 + (X_2 + X_4 - (sin((2)(X_6))))(sqrt(X_9)))) - (0.826416048951201 + X_2)),33,0.37680328738464486,0.4249324069887485,0.37680328738464486,0.4249324069887485,0.4106923324687751,0.3872200156240203
65,(0.12005799338755796)(30.95715521651367 + X_7 + X_8 + (X_9)^(sqrt(X_6)) + (-14.321064355378702 + X_2)((sqrt((X_2)(X_4)))^(-1))),22,0.38322974090177175,0.4180479132863313,0.38322974090177175,0.4180479132863313,0.40064157532447797,0.3971479003276115
66,sqrt((2.6283569404507667)((((0.9742045660069385)^(((-2)(-0.19234979363522223))(X_4)))(((X_6)^((-1)(-0.19234979363522223)))((X_7)^((-1)(-0.19234979363522223)))))(((X_8)^((-1)(-0.19234979363522223)))((((X_1)(X_4) + sqrt((11.537985088897942)(X_9)))^((-2)(-0.19234979363522223)))((X_2 + sqrt(-6.625263897404906 + exp(sqrt(X_1))))^((-2)(-0.19234979363522223))))))),39,0.3966059701901606,0.4226590630921934,0.3966059701901606,0.4226590630921934,0.37972160263258237,0.3904983243961945
67,sqrt((5.675543367767006)((((X_2)^((-1)(-0.17896090991339475)))((X_7)^((-1)(-0.17896090991339475))))(((X_8)^((-1)(-0.17896090991339475)))(((X_6 + (X_2)(log(X_9)))^((-1)(-0.17896090991339475)))(((X_1)(X_4) + sqrt((X_4)((X_9)(log((X_3)(((X_4)^(-1))((X_5)^(-1)))) - (X_3)))))^((-1)(-0.17896090991339475))))))),38,0.38235797911136693,0.4134365934041444,0.38235797911136693,0.4134365934041444,0.40200498144259367,0.403797721520077
68,4.619974518446981 + (-0.1800929080048562)(((X_2)^(-1))((sqrt(-6.019274995615781))((X_2)((X_7)^(-1))) - (-6.019274995615781)) - (-6.019274995615781 + X_4 + (X_8)^(sin(X_5)) + X_9)),25,0.3829412967732335,0.4247721236859066,0.3829412967732335,0.4247721236859066,0.4010926922395712,0.3874511545021003
69,(2.6807001905340657)(0.7437618530436119 + ((-3.6666795253310003)^((-1)(-2.060702727780469)))(((X_2)^((-1)(-2.060702727780469)))((-3.6666795253310003 + X_2)((X_4)^((-1)(-2.060702727780469))))) + X_7 + X_8 + X_9),23,inf,inf,inf,inf,-inf,-inf
70,(2.2527959609705475)((((X_2)^((-2)(-0.07111253715322317)))((X_7)^((-1)(-0.07111253715322317))))(((X_8)^((-1)(-0.07111253715322317)))(((X_1)(X_4) + sqrt((X_9)(((-5.016426541444734)(sin(exp(sqrt(X_6)))))^(X_9) - (sqrt(sqrt(X_6))))))^((-2)(-0.07111253715322317))))),33,0.376663789170711,0.41259501257026837,0.376663789170711,0.41259501257026837,0.41091050298328613,0.40501133545432155
71,(0.18485250672863318)(18.5479473997205 + X_7 + X_8 + X_9 + (-9.95607053788455 + X_2)((sqrt((X_2)(X_4)))^(-1))),19,0.37869818718528475,0.4402513370052572,0.37869818718528475,0.4402513370052572,0.4077287729163328,0.3651291288340621
72,sqrt(8.821651757759795 + X_2 + (-9.445097813746765)(((X_2)^(-1))((X_4)^(-1))) + X_7 + X_9 + sqrt((-9.445097813746765)((X_2)^(-1))) - ((-0.7137188920828597)^(X_8))),23,0.4203847077189413,0.4887701598010753,0.4203847077189413,0.4887701598010753,0.3425324569454897,0.29516185171944664
73,log((6.867708365699832)((((X_7)^((-1)(-0.23626171921529138)))((X_8)^((-1)(-0.23626171921529138))))((((X_2)(X_9) + (X_3 + X_5)((exp(X_9 + (X_2)(X_9)))^(-1)))^((-2)(-0.23626171921529138)))(((X_1)(X_4) + sqrt((X_6)((X_2)(sin(exp(sqrt(X_6)))) - (X_4))))^((-2)(-0.23626171921529138)))))),40,0.37701858764156365,0.4095298792141779,0.37701858764156365,0.4095298792141779,0.4103556101086696,0.40943145578208273
74,log((-13.40431887609279)((((X_2)^((-2)(-0.21621104709598568)))((X_7)^((-1)(-0.21621104709598568))))(((X_8)^((-1)(-0.21621104709598568)))(((X_1)(X_4) + sqrt((X_9)(((2.858586506777711e-09)(sin(exp(X_6))))^(X_9))))^((-2)(-0.21621104709598568)))))),31,0.4229504773804966,0.4664762506185596,0.4229504773804966,0.4664762506185596,0.3385196794955678,0.3273111090974634
75,log((-5.9944385388914005)((((X_2)^((-2)(-0.1762890243832326)))(((X_7)^((-1)(-0.1762890243832326)))((X_8)^((-1)(-0.1762890243832326)))))(((X_6 + (X_2)(X_9))^((-2)(-0.1762890243832326)))(((X_5 + sqrt((X_7)(X_8)))^((-1)(-0.1762890243832326)))((X_3 + (X_1)(X_4 - (sin(X_8))) + sqrt((X_2)(X_9)))^((-2)(-0.1762890243832326))))))),39,0.38009011825207933,0.4169404824277898,0.38009011825207933,0.4169404824277898,0.40555183954605767,0.3987448871731275
76,sqrt((-5.818510780255256)((((X_2)^((-1)(-0.1886029566642574)))((X_7)^((-1)(-0.1886029566642574))))(((X_8)^((-1)(-0.1886029566642574)))(((X_9)^((-1)(-0.1886029566642574)))(((X_1)(X_4) + sqrt((X_3)((X_9)(X_8 - (X_4 + (exp(sqrt(X_2)))^(log(X_2)))))))^((-1)(-0.1886029566642574))))))),33,0.3832594537244113,0.42001029553869906,0.3832594537244113,0.42001029553869906,0.4005951054692731,0.3943180183365741
77,(0.18020908146895734)(X_7 + X_8 + X_9 + (-8.207252401545585 + X_2)((sqrt((X_2)((X_4)^(X_2))))^(-1)) + sqrt(307.2776759702438 + X_4)),22,0.3764203950752374,0.43401277207010086,0.3764203950752374,0.43401277207010086,0.41129116316194325,0.37412554252391006
78,log(-5.123958947269848 + (-5.123958947269848)((X_2 + log(X_4))((sqrt(X_7 + X_8))(sqrt(X_9))))),16,0.38187418108849036,0.43551278074970884,0.38187418108849036,0.43551278074970884,0.40276162527762094,0.3719624330972422
79,(0.025098217662976072)(154.46540730996983 + X_2 + (2)(X_7) + (X_8)^(X_9) + X_9 + (-49.725237280847296 + X_2)((sqrt((X_2)((X_4)^((X_2)^(log((2)(X_7)))))))^(-1))),26,0.37384719799180394,0.4278262009510553,0.37384719799180394,0.4278262009510553,0.4153155568498581,0.3830469777717753
80,sqrt((-5.371622174691565)((((X_7)^((-1)(-0.16001687777043372)))((X_8)^((-1)(-0.16001687777043372))))(((sin(sqrt(X_0)))^((-1)(-0.16001687777043372)))(((2)((X_2)((X_6 + (X_2)(X_9) - (X_2))(X_3 + (X_4)(X_4 + log(X_2))))) + sqrt(X_5))^((-1)(-0.16001687777043372)))))),37,0.38629441914025714,0.4236372858578789,0.38629441914025714,0.4236372858578789,0.39584852164123907,0.38908766396829053
81,sqrt(-6.26155366482408 + X_4 + X_5 + X_6 + X_7 + X_8 + X_9 + sqrt((-37.73309558325713)(X_2))),19,0.38837119287507404,0.41589068092580866,0.38837119287507404,0.41589068092580866,0.3926005173731507,0.40025876876323874
82,(0.18035209031547728)(17.603552358453047 + X_7 + X_8 + X_9 + (-8.26579929894021 + X_2)((sqrt((X_2)((X_4)^(X_2))))^(-1))),20,0.37621658921429196,0.43399299247562734,0.37621658921429196,0.43399299247562734,0.41160990867336533,0.37415406597703604
83,sqrt((-6.230291039862704)((((X_1)^(-0.11808223460649876))((X_7)^((-1)(-0.11808223460649876))))(((X_8)^((-1)(-0.11808223460649876)))((((-2)(2.211138342644351) + (2)(((X_1)(X_2))((X_4)(X_6 + (X_2)(X_9)))))^((-1)(-0.11808223460649876)))((sqrt(((X_1)(X_2))((X_4)(X_6 + (X_2)(X_9))) - (2.211138342644351)))^((-1)(-0.11808223460649876))))))),35,0.37975973749733816,0.4233227371065497,0.37975973749733816,0.4233227371065497,0.4060685439339762,0.3895412635896771
84,(-0.00010953553771077748)(-39992.33512769567 + ((X_2)^((-1)(sqrt(X_4))))(10979.623021836369 + X_2 + X_4) + X_9 + (X_7)((exp(X_9))^(-1)) + (log(X_8))^(X_4)),25,0.4546318310105184,0.5069922426995013,0.4546318310105184,0.5069922426995013,0.2889711080339781,0.2688844309105156
85,(0.16545006227373507)(19.5000049206972 + X_7 + X_8 + X_9 + (-8.635228162480322 + X_2)((sqrt((X_2)((X_4)^((X_2)^(log((2)(X_7)))))))^(-1))),24,0.37625609815454353,0.43540785690396777,0.37625609815454353,0.43540785690396777,0.4115481180197119,0.3721137400615887
86,sqrt((4.212261654243195)((((X_2)^((-1)(-0.18326033383222)))((X_6 + (X_2)(X_9))^((-1)(-0.18326033383222))))(((X_8 + (X_7)(X_8 + X_9))^((-1)(-0.18326033383222)))(((X_1)(X_4) + sqrt((X_3)(X_9)))^((-1)(-0.18326033383222)))))),30,0.3822887506259357,0.4083018666318064,0.3822887506259357,0.4083018666318064,0.4021132524652786,0.4112023292637539
87,sqrt((-5.5260976202502565)((((X_2)^((-1)(-0.17175275004702956)))((X_7)^((-1)(-0.17175275004702956))))(((X_8)^((-1)(-0.17175275004702956)))(((X_6 + (X_2)(X_9))^((-1)(-0.17175275004702956)))(((X_1)(X_4) + sqrt((X_4 - (((X_0)^(-1))(X_2)))(X_9)))^((-1)(-0.17175275004702956))))))),32,0.3788729891812304,0.4200411360510586,0.3788729891812304,0.4200411360510586,0.40745538847421303,0.39427354432524664
88,log((4.804142443705216)((((X_2)^((-2)(-0.2179070624962199)))((X_7)^((-1)(-0.2179070624962199))))(((X_8)^((-1)(-0.2179070624962199)))(((X_3 + (2)(X_9))^((-2)(-0.2179070624962199)))(((X_1)(X_4) + sqrt((((X_2)(sin(exp(sqrt(X_6)))))^(X_9))(exp(sqrt(X_6)))))^((-2)(-0.2179070624962199))))))),37,0.3689579349916616,0.41012575185867106,0.3689579349916616,0.41012575185867106,0.4229621997296463,0.4085721689313335
89,sqrt(-6.033095337061404 + X_0 + X_4 + X_7 + X_8 + X_9 + exp((-48.73322970527878)(X_2) - (X_2)) + sqrt((-48.73322970527878)(X_2))),20,0.38772260556279203,0.4338260333514532,0.38772260556279203,0.4338260333514532,0.3936148861140504,0.37439483182078015
90,(0.18485250672863388)(18.547947399720346 + X_7 + X_8 + X_9 + (-9.95607053788449 + X_2)((sqrt((X_2)(X_4)))^(-1))),19,0.3786981871852847,0.44025133700525726,0.3786981871852847,0.44025133700525726,0.4077287729163328,0.365129128834062
91,(1.1132076244567346)^(X_7) + log((2)(X_4) + (X_2)(X_8 + X_9)),14,0.38735226635495773,0.43642438777304365,0.38735226635495773,0.43642438777304365,0.3941940841785869,0.370647836873634
92,log(-4.326352794252568 + (-5.034439368467974)((X_2 + log(X_4))((sqrt(X_7 + X_8))(sqrt(X_9)))) - (X_5)),19,0.38174534521593445,0.43385855899525066,0.38174534521593445,0.43385855899525066,0.40296312024884917,0.3743479277410483
93,log((2.347972740385692)(((X_7)^((-1)(-0.2376152305825697)))(((X_8)^((-1)(-0.2376152305825697)))((X_7 + (2)((X_2)((X_0 + X_3 + X_9 + sqrt(X_6))((X_1)(X_4) + sqrt((3.1141481773887656)((X_9)(((X_2)(sin(exp(sqrt(X_6)))))^(X_9) + log(X_2) - (X_4))))))) - (sqrt(X_4)))^((-2)(-0.2376152305825697)))))),46,0.3667462043570216,0.41540655093761664,0.3667462043570216,0.41540655093761664,0.42642127204972546,0.4009569154842727
94,log((11.536393713788879)((((X_2)^((-1)(-0.3687534983067881)))((X_4)^((-1)(-0.3687534983067881))))(((X_7)^((-1)(-0.3687534983067881)))(((X_8)^((-1)(-0.3687534983067881)))((sqrt((X_2)((X_6)(X_9))))^((-1)(-0.3687534983067881))))))),24,0.3848009734900783,0.42756641218519015,0.3848009734900783,0.42756641218519015,0.3981842204054409,0.3834216099562585
95,sqrt((-6.456474321000289)(((X_2)^((-2)(-0.17468345778348138)))(((X_7 + (X_7)(X_8))^((-1)(-0.17468345778348138)))((sqrt((X_4)(X_9)))^((-2)(-0.17468345778348138)))))),22,0.3867688050152341,0.42876389710569346,0.3867688050152341,0.42876389710569346,0.3951065980889451,0.38169475933529395
96,log((2.011613103714992)(exp(-0.12385271477607689) - (-0.12385271477607689) + X_6 + X_8 + log(X_4) + ((2)((exp(-0.12385271477607689))(exp(-0.12385271477607689))))((X_2 + log(X_4))((sqrt(X_6 + X_8))(sqrt((X_7)(X_9))))))),27,0.38012211494172043,0.41756056442017625,0.38012211494172043,0.41756056442017625,0.4055017977996812,0.3978506888786293
97,sqrt((-3.891228228576666e-09)((((X_2)^((-2)(-2.5935536890346866)))((X_4)^(((-1)(-2.5935536890346866))(sin(X_6)))))(((X_7)^((-1)(-2.5935536890346866)))(((X_2 + log(X_4))^((-2)(-2.5935536890346866)))((sqrt(((X_1)(X_3))((X_9)(X_9 - (sin(X_2) + (X_9)(X_2 + log(X_4)))))))^((-2)(-2.5935536890346866))))))),36,132411.5674230129,159254.79006762797,132411.5674230129,159254.79006762797,-207086.23773037095,-229654.6962105857
98,(0.18485250672863335)(18.54794739972047 + X_7 + X_8 + X_9 + (-9.956070537884539 + X_2)((sqrt((X_2)(X_4)))^(-1))),19,0.3786981871852847,0.4402513370052572,0.3786981871852847,0.4402513370052572,0.4077287729163328,0.3651291288340621
99,sqrt((5.341233378884451)((((X_4)^((-1)(-0.20804876022925156)))((X_7)^((-1)(-0.20804876022925156))))(((X_9 + sqrt(X_6))^((-1)(-0.20804876022925156)))(((X_2)(X_8 + exp(sqrt(X_9))) - (X_9 + sqrt(X_6)))^((-1)(-0.20804876022925156)))))),26,0.38300102615775417,0.42177919711625617,0.38300102615775417,0.42177919711625617,0.4009992774912041,0.39176714797876966
100,log((2.973244730977445)((((X_2)^((-2)(-0.2418255835114689)))((X_7)^((-1)(-0.2418255835114689))))(((X_8)^((-1)(-0.2418255835114689)))(((X_0 + X_6 + (2)(X_9))^((-2)(-0.2418255835114689)))((X_4 + (X_1)(X_4) + sqrt((X_9)(((X_6)(sin(exp(sqrt(X_6)))))^(X_9) - (X_4))))^((-2)(-0.2418255835114689))))))),40,0.3713789980035973,0.4078097153854064,0.3713789980035973,0.4078097153854064,0.41917573861245994,0.4119120431573512
101,log((-4.557208804093709)((((X_2)^((-1)(-0.3937147849687658)))((X_7)^((-1)(-0.3937147849687658))))(((X_8)^((-1)(-0.3937147849687658)))(((X_0 + X_2 + X_6 + (2)(X_9))^((-1)(-0.3937147849687658)))((X_4 + sqrt((X_9)(((X_2)(sin(exp(sqrt(X_6)))))^(X_9) - (X_4))))^((-1)(-0.3937147849687658))))))),36,0.37695996269897286,0.42743607241173076,0.37695996269897286,0.42743607241173076,0.4104472975470068,0.38360956833041504
102,log(82.12478727298925 + sin(log(X_4)) + ((-1)(exp(1.5827146118443849)))((sqrt(X_6 + X_8))(exp(1.5827146118443849) + (X_2 + log(X_4))(sqrt((X_7)(X_9))))) - (sqrt(X_5 - (sqrt(X_9))))),30,1.6196802013412996,1.623382801916541,1.6196802013412996,1.623382801916541,-1.533125356267373,-1.3410228818368095
103,3.2730908777701697 + (-0.17701378756454708)(((X_2)^(-1))(8.22738261484469 - (X_7)) - (X_4 + X_8 + X_9)),17,0.3866994623382396,0.42892452531805564,0.3866994623382396,0.42892452531805564,0.3952150477033942,0.3814631230754023
104,log((-4.843001829898666)((((X_2)^((-2)(-0.3036923008181488)))((X_4)^((-1)(-0.3036923008181488))))(((X_7)^((-1)(-0.3036923008181488)))(((X_8 + (X_6)(X_9))^((-2)(-0.3036923008181488)))((exp((0.7107055386656373)^(X_6)))^((-2)(-0.3036923008181488))))))),28,0.38271348772576735,0.413852179092849,0.38271348772576735,0.413852179092849,0.40144897792735434,0.40319842010732765
105,(0.18035209031547786)(17.603552358453125 + X_7 + X_8 + X_9 + (-8.265799298940223 + X_2)((sqrt((X_2)((X_4)^(X_2))))^(-1))),20,0.37621658921429196,0.4339929924756267,0.37621658921429196,0.4339929924756267,0.41160990867336533,0.37415406597703693
106,log(X_3 + (X_8)^(X_9) + X_9 + (X_2 + X_4)(sqrt(sqrt((-1229.5294725252436)((-0.6700027846553805 + X_2)((X_7)(sqrt(X_7)))))))),22,0.3798645084648563,0.4327224629480528,0.3798645084648563,0.4327224629480528,0.40590468566479365,0.3759862516405714
107,(0.30745375899632943)(9.932615212593884 + ((X_2)^((-1)(sqrt(X_4))))(-6.087152836120585 + X_2 + X_4) + (0.7475373487593093)((X_7)((X_9)^(-1))) + X_9 + (log(X_8))^(X_4)),26,0.37574598787743646,0.4391025951575156,0.37574598787743646,0.4391025951575156,0.41234591333533177,0.3667856887949731
108,log((-4.090034548061276)((((X_5)^((-1)(-0.21642701673574136)))((X_7)^((-1)(-0.21642701673574136))))(((X_8)^((-1)(-0.21642701673574136)))((X_6 + (X_2)((X_0 + X_3 + X_9 + sqrt(X_6))((X_1)(X_4) + sqrt(((X_4)(X_9))(((sin(X_6))^(sin(X_6)))(((X_2)(sin(exp(sqrt(X_6)))))^(X_9) - (X_2)))))))^((-2)(-0.21642701673574136)))))),45,0.3675607914823151,0.40794904887370836,0.3675607914823151,0.40794904887370836,0.42514728518475,0.411711115265337
109,log(((-4.98163516318559)^(0.9508750924970188))((exp(-4.98163516318559) + (X_7)((sin(X_0))(sin(X_0))) + sin(exp(-4.98163516318559) - (X_4)) + ((2)(exp(-4.98163516318559)))((X_2 + (log(X_4))^(sqrt(X_0)))((sqrt(X_6 + X_8))(sqrt((X_7)(X_9))))))^(0.9508750924970188))),35,inf,inf,inf,inf,-inf,-inf
110,3.4022841752519093 + (-0.17091399744075297)(((X_2)^(-1))((sqrt(-5.913956497021683))((X_2)((X_7)^(-1))) - (-5.913956497021683)) - (X_4 + X_8 + X_9 + log(X_6))),24,0.37784437185317193,0.4147542052478247,0.37784437185317193,0.4147542052478247,0.40906411137731646,0.40189764011488205
111,(0.18035209031547728)(17.603552358453047 + X_7 + X_8 + X_9 + (-8.26579929894021 + X_2)((sqrt((X_2)((X_4)^(X_2))))^(-1))),20,0.37621658921429196,0.43399299247562734,0.37621658921429196,0.43399299247562734,0.41160990867336533,0.37415406597703604
112,log(X_9 + (1.7084994102175604)((sqrt(X_2 + X_8))(1.5988297664369324 + X_6 + (X_2 + X_4)(sqrt((1.7084994102175604)((X_9)(sqrt(X_7))))))) - (1.7084994102175604)),23,0.38484559703060506,0.4259746537680293,0.38484559703060506,0.4259746537680293,0.3981144306889888,0.3857170284321292
113,sqrt(-5.431744825578671 + X_4 + X_6 + X_7 + X_8 + X_9 + sqrt((-43.1972511477648)(X_2))),17,0.3873297982651065,0.4197390264050936,0.3873297982651065,0.4197390264050936,0.3942292235153906,0.39470920595304804
114,log((4.847370169569297)((((X_2)^((-2)(-0.2140251169503799)))((X_7)^((-1)(-0.2140251169503799))))(((X_8)^((-1)(-0.2140251169503799)))(((X_3 + (2)(X_9))^((-2)(-0.2140251169503799)))(((X_1)(X_4) + sqrt((((X_2)(sin(exp(sqrt(X_6)))))^(X_9))((exp(sqrt(X_6)))(sqrt(X_6)))))^((-2)(-0.2140251169503799))))))),38,0.3689559891038535,0.40827877468468543,0.3689559891038535,0.40827877468468543,0.4229652430327274,0.41123562934339786
115,log(5.311360410898257 + (5.311360410898257)((X_2 + log(X_4))((sqrt(X_7 + X_8))(sqrt(X_9)))) - (X_5)),18,0.38277602158699686,0.43918616543495254,0.38277602158699686,0.43918616543495254,0.4013511770717443,0.36666517505570584
116,log((-4.456157925306385)((((X_2)^((-2)(-0.22165964158640697)))((X_7)^((-1)(-0.22165964158640697))))(((X_8)^((-1)(-0.22165964158640697)))(((X_2 + X_4 + X_6 + (2)(X_9))^((-2)(-0.22165964158640697)))((X_4 + sqrt((X_9)(((X_2)(sin(exp(sqrt(X_6)))))^(X_9) - (X_4))))^((-2)(-0.22165964158640697))))))),37,0.37574235610393053,0.4273685388901543,0.37574235610393053,0.4273685388901543,0.41235159330693893,0.38370695603164906
117,sqrt((-3.7343612140643745)((((X_4)^((-1)(0.7851590193728537)))((X_7)^((-1)(0.7851590193728537))))(((X_9 + (2.0579072354002745)(((X_9)^(-1))(((2)((X_2)(X_2)) + (2)((sin(X_1) + (-2.376509768803073 + X_6)((X_1)(X_4) + sqrt((X_5)(X_9))))^(X_2)))^(-1))))^((-1)(0.7851590193728537)))(((X_2)(X_8 + exp(X_9)) + ((-1)(2.0579072354002745))(((X_9)^(-1))(((2)((X_2)(X_2)) + (2)((sin(X_1) + (-2.376509768803073 + X_6)((X_1)(X_4) + sqrt((X_5)(X_9))))^(X_2)))^(-1))) - (X_9))^((-1)(0.7851590193728537)))))),49,inf,inf,inf,inf,-inf,-inf
118,(0.18035209031547722)(17.603552358452795 + X_7 + X_8 + X_9 + (-8.265799298940118 + X_2)((sqrt((X_2)((X_4)^(X_2))))^(-1))),20,0.37621658921429196,0.433992992475628,0.37621658921429196,0.433992992475628,0.41160990867336533,0.37415406597703504
119,log((-1.82489781946082)(((X_2)^((-2)(-3.647793750970835)))(((X_7 + (X_7)(X_8))^((-1)(-3.647793750970835)))(((-1.993017447681745 + X_3 + X_9)(X_4 + (X_1)(X_4) + sqrt((X_9)(((-1.993017447681745)(sin(exp(sqrt(X_6)))))^(X_9) - (X_4)))) - (X_6))^((-2)(-3.647793750970835)))))),39,inf,inf,inf,inf,-inf,-inf
120,4.637499535845385 + (-0.17111501260404427)(((X_2)^(-1))((sqrt(-6.33799071231189))((X_2)((X_7)^(-1))) - (-6.33799071231189)) - (-6.33799071231189 + X_4 + X_8 + X_9)),22,0.38321552275090504,0.4264855696441139,0.38321552275090504,0.4264855696441139,0.4006638120342,0.38498025473020525
121,sqrt((6.747261004547467)((((X_1)^((-1)(-0.13853206238040158)))(((X_2)^((-2)(-0.13853206238040158)))((X_4)^((-1)(-0.13853206238040158)))))((((X_6)^((-1)(-0.13853206238040158)))((X_7)^((-1)(-0.13853206238040158))))(((X_8)^((-1)(-0.13853206238040158)))((X_9)^((-1)(-0.13853206238040158))))))),28,0.38210051181783483,0.4088573855095279,0.38210051181783483,0.4088573855095279,0.4024076516296562,0.4104012351518149
122,log((4.047605500776179)((((X_5)^((-1)(-0.21718602359699823)))((X_7)^((-1)(-0.21718602359699823))))(((X_8)^((-1)(-0.21718602359699823)))((X_7 + (X_2)((X_0 + X_3 + X_9 + sqrt(X_6))((X_1)(X_4) + sqrt(((X_4)(X_9))(((sin(X_6))^(sin(X_6)))(((X_2)(sin(exp(sqrt(X_6)))))^(X_9) - (X_2)))))))^((-2)(-0.21718602359699823)))))),45,0.367768272609239,0.4081020190916937,0.367768272609239,0.4081020190916937,0.4248227916809566,0.4114905223280948
123,log((-4.782697510676452)((((X_2)^((-2)(-0.199470603251971)))((X_7)^((-1)(-0.199470603251971))))(((X_8)^((-1)(-0.199470603251971)))(((X_3 + X_6 + (2)(X_9))^((-2)(-0.199470603251971)))(((X_1)(X_4) + sqrt(((X_2)(X_4))((X_9)((sin(exp(sqrt(X_6))))((X_2)((X_9)(sin(exp(sqrt(X_6))))) - (X_4))))))^((-2)(-0.199470603251971))))))),42,0.37209898348211623,0.4142481098731541,0.37209898348211623,0.4142481098731541,0.41804970554107324,0.40262746234233016
124,sqrt((-5.428789004207727)((((X_4)^((-1)(-0.14105594193717944)))((X_0 + X_4)^(0.17580120499653362)))(((X_7 + X_8)^(0.17580120499653362))(((sqrt(X_2))^(((-1)(-0.14105594193717944))(X_9 + sqrt(X_2))))((X_9 + sqrt(X_2))^((-1)(-0.14105594193717944))))))),27,0.3889044820911137,0.42630478774712205,0.3889044820911137,0.42630478774712205,0.3917664709766735,0.3852409539053967
125,sqrt((-5.244217732203783)((((X_7)^((-1)(-0.1546825739807318)))((X_8)^((-1)(-0.1546825739807318))))(((sqrt(X_0))^((-1)(-0.1546825739807318)))(((2)((X_2)((X_6 + (X_2)(X_9) - (X_2))(X_3 + (X_4)(X_4 + log(X_2))))) + sqrt(X_5))^((-1)(-0.1546825739807318)))))),36,0.3865015356047684,0.42574906926230505,0.3865015356047684,0.42574906926230505,0.39552459845719345,0.38604233586366343
126,sqrt((43.82723925851184)(((X_2)^((-2)(-0.16614462929382143)))(((X_7)^((-1)(-0.16614462929382143)))((sqrt(((X_4)(X_8))((X_9)((51370.330293057465 + X_9)^(-1)))))^((-2)(-0.16614462929382143)))))),25,0.38710738261529726,0.42927647658466167,0.38710738261529726,0.42927647658466167,0.3945770741106476,0.38095558661053186
127,log(X_7 + (-7.168338116365978)((((X_2)^((-2)(-0.31994161062827786)))((X_4)^((-1)(-0.31994161062827786))))(((X_7)^((-1)(-0.31994161062827786)))((X_8 + X_9 + sqrt((X_7)^(-1)))^((-2)(-0.31994161062827786)))))),25,0.38673624420598446,0.4373136099578784,0.38673624420598446,0.4373136099578784,0.3951575220994149,0.3693655210333545
128,log(exp(-0.330239694769681) + (X_1)(exp(-0.330239694769681) + X_4) + X_7 + (exp(-0.330239694769681))(X_1 + X_4 + X_7 + (X_2 + X_8)(X_9 + (X_2 + X_4 + X_7)(sqrt(X_9)))) - (X_0)),27,0.38800395981131625,0.42915135954161415,0.38800395981131625,0.42915135954161415,0.393174857532828,0.3811360134700108
129,log(((2)^((-2)(3.3472638803868637)))((((X_2)^((-2)(3.3472638803868637)))(((X_7)^((-1)(3.3472638803868637)))((X_8)^((-1)(3.3472638803868637)))))(((-2.6381151289583626 + X_4 + sqrt(X_6))^((-2)(3.3472638803868637)))(((sqrt(-1.9349752405093845 + log(X_4)))^(3.3472638803868637))(((X_1)(X_4) + sqrt((X_9)(((-1.9349752405093845)(sqrt(X_2)))^(X_9) - (X_4))))^((-2)(3.3472638803868637))))))),43,inf,inf,inf,inf,-inf,-inf
130,sqrt((6.409909686461711)((((X_2)^((-1)(-0.25273006657972086)))((X_7)^((-1)(-0.25273006657972086))))(((X_8)^((-1)(-0.25273006657972086)))(((sqrt(X_9))^((-1)(-0.25273006657972086)))((log(X_4) + sqrt((2)(sqrt(X_9))))^((-1)(-0.25273006657972086))))))),26,0.4050365922621633,0.44296049998204895,0.4050365922621633,0.44296049998204895,0.3665363932795186,0.36122234079133597
131,1.2499035176720834 + log((X_4)(X_8) + (X_2)(X_7 + X_9)),12,0.3877829435421853,0.4419619320272023,0.3877829435421853,0.4419619320272023,0.3935205195437729,0.36266234029644673
132,(X_2 + (-4078.720666989696)((-58.34199391703011 - (X_2 + X_7))^(-1)))(log(log((-2.7965966316045985)((((X_4)^((-1)(-0.006251509005407219)))((X_7)^((-1)(-0.006251509005407219))))(((X_9 + sqrt(X_2))^((-1)(-0.006251509005407219)))(((X_2)(X_8 + exp(sqrt(X_9))) - (X_9 + sqrt(X_2)))^((-1)(-0.006251509005407219)))))))),34,0.3819748299287371,0.4304542348840893,0.3819748299287371,0.4304542348840893,0.4026042138768414,0.37925718305163114
133,log(X_7 + (5.077524117428485)((((X_2)^((-2)(-0.3462866145001241)))((X_4)^((-1)(-0.3462866145001241))))(((X_7)^((-1)(-0.3462866145001241)))((X_8 + X_9 + sqrt(X_9))^((-2)(-0.3462866145001241)))))),24,0.3852210272402321,0.43127596478911684,0.3852210272402321,0.43127596478911684,0.3975272704688865,0.3780721954392898
134,log((9.51092571450128)((((X_2)^((-1)(-0.3128954089990277)))((X_7)^((-1)(-0.3128954089990277))))(((X_8)^((-1)(-0.3128954089990277)))(((X_2 + log(X_4))^((-1)(-0.3128954089990277)))((sqrt(((X_1)(X_3))((X_9)(X_9 + (X_9)(X_2 + log(X_4))))))^((-1)(-0.3128954089990277))))))),30,0.38371819498656157,0.4298788261038035,0.38371819498656157,0.4298788261038035,0.3998776495652271,0.3800869596880896
135,log((8.367939775349996)((((X_2)^((-1)(-0.30111223155363065)))((X_7)^((-1)(-0.30111223155363065))))(((X_8)^((-1)(-0.30111223155363065)))(((X_4 + sqrt(0.9996732892597973 - (X_4)))^((-1)(-0.30111223155363065)))((X_9 + (X_2)((X_8 + X_9)(sqrt(X_6))))^((-1)(-0.30111223155363065))))))),30,0.38697581872429115,0.43912817997113046,0.38697581872429115,0.43912817997113046,0.3947828356109737,0.36674879384078907
136,sqrt((-5.5260976202502565)((((X_2)^((-1)(-0.17175275004702956)))((X_7)^((-1)(-0.17175275004702956))))(((X_8)^((-1)(-0.17175275004702956)))(((X_6 + (X_2)(X_9))^((-1)(-0.17175275004702956)))(((X_1)(X_4) + sqrt((X_4 - (((X_0)^(-1))(X_2)))(X_9)))^((-1)(-0.17175275004702956))))))),32,0.3788729891812304,0.4200411360510586,0.3788729891812304,0.4200411360510586,0.40745538847421303,0.39427354432524664
137,(0.18173161568271232)(18.683686859305272 + X_7 + X_8 + X_9 + (-11.417907418815174 + X_2 + X_6)((sqrt((X_2)(X_4)))^(-1))),21,0.37608800039826873,0.42880933254756604,0.37608800039826873,0.42880933254756604,0.4118110172564864,0.3816292384926778
138,log((-4.343280757852639)((((X_2)^((-1)(-0.3686107014058689)))((X_7)^((-1)(-0.3686107014058689))))(((X_8)^((-1)(-0.3686107014058689)))((((X_2)(X_9) + exp(sqrt(X_6)))^((-1)(-0.3686107014058689)))(((X_0 + X_1)(((X_2)^(-1))(X_4)) + sqrt(((X_0)(X_2))((X_9)((X_2)(sin(exp(sqrt(X_6)))) - (X_4)))))^((-1)(-0.3686107014058689))))))),39,0.3812234886386896,0.42622962117272495,0.3812234886386896,0.42622962117272495,0.4037792863827928,0.38534934896194484
139,(0.33097033808148524)(9.733115704873443 + ((X_2)^(-1))(-5.869116818196964 + X_4) + (X_7)((X_9)^(-1)) + X_9 + ((log(X_8))^(sin(X_8)))^(X_4)),23,0.381305715765187,0.4446409968912933,0.381305715765187,0.4446409968912933,0.40365068592269515,0.3587989556767761
140,log((-0.6211701136254086)(exp(1.4870148511900336) + sqrt(sqrt((X_7)(X_9))) + (exp(1.4870148511900336))((sqrt(X_6 + X_8))((X_2 + log(X_4))(sqrt((X_7)(X_9))) + sqrt((X_2 + log(X_4))(sqrt((X_7)(X_9)))))) - (log(X_6)))),27,0.3806263718745128,0.4201337049870985,0.3806263718745128,0.4201337049870985,0.4047131569176897,0.39414005393889984
141,log((-7.882439448232331)((((X_2)^((-1)(-0.27956411237495704)))((X_7)^((-1)(-0.27956411237495704))))(((X_8)^((-1)(-0.27956411237495704)))((((X_2)(X_9) + (-0.13166813533259245)((exp(exp(sqrt(X_6))))^(-1)))^((-1)(-0.27956411237495704)))(((X_4)(X_1 + (X_1)(X_6)) + sqrt(((X_2)(sin(exp(sqrt(X_6)))) - (X_4))(exp(X_4))))^((-1)(-0.27956411237495704))))))),40,0.3762414214304271,0.41378574116356087,0.3762414214304271,0.41378574116356087,0.41157107192257214,0.4032942278936993
142,(0.3046978666913972)(10.81616695904553 + ((X_2)^(-1))(-6.146038515000054 + X_4) + (X_7)((X_9)^(-1)) + X_9 + (log(X_8))^(X_4)),21,0.3810266421785575,0.44261642447664634,0.3810266421785575,0.44261642447664634,0.4040871476254253,0.3617185198997238
143,log((-5.762830598122857)((((X_2)^((-2)(-0.3064921908773915)))((X_3)^((-1)(-0.3064921908773915))))(((X_4)^((-1)(-0.3064921908773915)))(((X_7)^((-1)(-0.3064921908773915)))(((X_5)^(log(X_9)) + X_8 + exp(log(X_9)))^((-2)(-0.3064921908773915))))))),29,0.3904814488239379,0.4324945358278791,0.3904814488239379,0.4324945358278791,0.38930014804848123,0.3763149372734904
144,(0.165250280443132)(20.93834459213725 + X_7 + (1.417833566030205)(((X_2)^(-1))(-7.054952379190652 + X_4) + X_9 + (log(X_8))^(X_3))),22,0.38217894798940477,0.4339849781040825,0.38217894798940477,0.4339849781040825,0.4022849800955547,0.37416562321858615
145,(0.18035209031547728)(17.603552358453047 + X_7 + X_8 + X_9 + (-8.26579929894021 + X_2)((sqrt((X_2)((X_4)^(X_2))))^(-1))),20,0.37621658921429196,0.43399299247562734,0.37621658921429196,0.43399299247562734,0.41160990867336533,0.37415406597703604
146,sqrt((6.747261004547467)((((X_1)^((-1)(-0.13853206238040158)))(((X_2)^((-2)(-0.13853206238040158)))((X_4)^((-1)(-0.13853206238040158)))))((((X_6)^((-1)(-0.13853206238040158)))((X_7)^((-1)(-0.13853206238040158))))(((X_8)^((-1)(-0.13853206238040158)))((X_9)^((-1)(-0.13853206238040158))))))),28,0.38210051181783483,0.4088573855095279,0.38210051181783483,0.4088573855095279,0.4024076516296562,0.4104012351518149
147,log((6.882763849177605)((((X_2)^((-1)(-0.27429213894407406)))(((X_4)^((-1)(-0.27429213894407406)))((X_6)^((-1)(-0.27429213894407406)))))((((X_7)^((-1)(-0.27429213894407406)))((X_2 + X_8)^((-1)(-0.27429213894407406))))(((X_9)^((-1)(-0.27429213894407406)))((X_9 + (X_2 + X_4)(sqrt(X_9)))^((-1)(-0.27429213894407406))))))),30,0.3888458079538424,0.41912082920854604,0.3888458079538424,0.41912082920854604,0.39185823535383635,0.3956006862501761
148,log(1.9853770512001763 + (exp(0.48475721816596545))^(X_1) + X_6 + (exp(0.48475721816596545))(X_8 + (2)((X_2 + log(X_4))((sqrt(X_6 + X_8))(sqrt((X_7)(X_9))))))),27,0.37823717776886884,0.4131873716963675,0.37823717776886884,0.4131873716963675,0.40844977613736,0.4041571153240937
149,(0.18485250672863318)(18.5479473997205 + X_7 + X_8 + X_9 + (-9.95607053788455 + X_2)((sqrt((X_2)(X_4)))^(-1))),19,0.37869818718528475,0.4402513370052572,0.37869818718528475,0.4402513370052572,0.4077287729163328,0.3651291288340621
150,1.2861364749574054 + log((0.45804182232389434)(X_0) + X_8 + (exp(-0.1275908931770158))(((X_2 + log(X_4))(sqrt(X_7)))((sqrt(X_6 + X_8))(sqrt(X_9)))) - (-0.1275908931770158)),27,0.38061489776413665,0.4205190160933855,0.38061489776413665,0.4205190160933855,0.40473110204038154,0.39358441042993886
151,(1.1110904491041995)(log((2)(X_2) + (2)(X_4) + X_7 + (X_2)(X_7) + (X_3)((sqrt(X_9))^(-1)) + ((0.653524222029142)(0.653524222029142))((X_2 + X_8)(X_9 + (X_2 + X_4)(sqrt(X_9)))) - (0.653524222029142))),31,0.38436139186975826,0.4378179102578408,0.38436139186975826,0.4378179102578408,0.39887171127410725,0.3686382874196096
152,(0.1275101416947897)(1 + X_3 + ((X_2)^(-1))(-10.563761120129922 + (X_2)(X_0 + X_1 + X_4) + X_8) + X_9 + sqrt(529.1268687089095 + X_4)),26,0.3868263932100067,0.4309811896880311,0.3868263932100067,0.4309811896880311,0.3950165320893241,0.37849728017951423
153,(0.20605838138133883)(15.611466408470491 + X_7 + X_9 + (log(X_8))^(X_0) + ((X_2)^(-1))(-9.393241027155554 + X_2 + X_4 + sqrt(X_2 + X_4))),24,0.38190290736517224,0.4345131103822083,0.38190290736517224,0.4345131103822083,0.402716698347111,0.37340402235262304
154,(0.18008827291368792)(21.101621392950115 + X_7 + X_8 + X_9 + (-11.792035085555074 + X_2)((sqrt((X_2)(X_4)))^(-0.674381157298721))),19,0.3774049110030353,0.43432776852394145,0.3774049110030353,0.43432776852394145,0.40975141336547805,0.37367129728657744
155,(0.18485250672863318)(18.5479473997205 + X_7 + X_8 + X_9 + (-9.95607053788455 + X_2)((sqrt((X_2)(X_4)))^(-1))),19,0.37869818718528475,0.4402513370052572,0.37869818718528475,0.4402513370052572,0.4077287729163328,0.3651291288340621
156,log(5.082989305754662 + (2)(sin((X_2 + log(X_4))((sqrt(X_7 + X_8))(sqrt(X_9))))) + (5.143046217008149)((X_2 + log(X_4))((sqrt(X_7 + X_8))(sqrt(X_9))))),21,0.3799580049125198,0.4288508831189281,0.3799580049125198,0.4288508831189281,0.4057584603654406,0.38156931988432674
157,log(1.5928326885465312 + exp(1.5928326885465312) + (exp(1.5928326885465312))((X_2 + log(X_4))((sqrt(X_7 + X_8))(sqrt(X_9))))),18,0.38212374404776855,0.43359911223107456,0.38212374404776855,0.43359911223107456,0.40237131720346575,0.37472206673700026
158,sqrt((-5.912050652879613)((((X_1)^(-0.1218883979793676))(((X_2)^((-1)(-0.1218883979793676)))((X_7)^((-1)(-0.1218883979793676)))))((((X_8)^((-1)(-0.1218883979793676)))((X_6 + (X_2)(X_9))^((-1)(-0.1218883979793676))))((((X_1)(X_4) + sqrt((X_5 - (((0.8408960313582273)^((-1)((X_2)(X_9))))(X_4)))(X_9)))^((-1)(-0.1218883979793676)))((sqrt((X_2)((X_6 + (X_2)(X_9))((X_1)(X_4) + sqrt((X_5 - (((0.8408960313582273)^((-1)((X_2)(X_9))))(X_4)))(X_9))))))^((-1)(-0.1218883979793676))))))),41,0.38147513117262194,0.41562452374581754,0.38147513117262194,0.41562452374581754,0.40338572592382604,0.40064258461233404
159,log((4.063907411763449)((((X_2)^((-2)(1.6421284148821815)))((X_7)^((-1)(1.6421284148821815))))(((X_8)^((-1)(1.6421284148821815)))(((-3.737902296190544 + X_3 + X_9)^((-2)(1.6421284148821815)))((X_4 + (X_1)(X_4) + sqrt((X_9)(((-3.737902296190544)(sin(exp(sqrt(X_6)))))^(X_9) - (X_4))))^((-2)(1.6421284148821815))))))),39,inf,inf,inf,inf,-inf,-inf
160,1 + sqrt(-8.540353813233716 + X_2 + X_4 + X_6 + X_7 + X_8 + X_9 + sin(X_2) + sqrt((-5.782153049099665)(X_2))),22,0.38713185998693406,0.421012173681474,0.38713185998693406,0.421012173681474,0.39453879232471434,0.3928732453266104
161,sqrt((-6.6323150785004845)((((X_2)^((-1)(-0.1650570175853674)))((X_7)^((-1)(-0.1650570175853674))))(((X_8)^((-1)(-0.1650570175853674)))(((X_6 + (X_2)(X_9) - (X_2))^((-1)(-0.1650570175853674)))((X_4 + sqrt((X_2)(log((X_2)(X_9)))))^((-1)(-0.1650570175853674))))))),28,0.38934519028458453,0.4264831960030982,0.38934519028458453,0.4264831960030982,0.3910772181854921,0.38498367767390296
162,(0.23739395935180446)(((X_2)^(-1))(-6.875369514665794 + X_2 + X_4) + X_9 + (16.137302277132395)((exp((0.13323040584845627)((X_7)^(-1))))^(-1)) + (-0.05810834620006394)(log(X_8)) + (log(X_8))^(X_4)),28,0.3793487756418268,0.42850876504662383,0.3793487756418268,0.42850876504662383,0.4067112744531196,0.3820626762477234
163,sqrt((-5.341227379597845)((((X_4)^((-1)(-0.20804898372875438)))((X_7)^((-1)(-0.20804898372875438))))(((X_9 + sqrt(X_6))^((-1)(-0.20804898372875438)))(((X_2)(X_8 + exp(sqrt(X_9))) - (X_9 + sqrt(X_6)))^((-1)(-0.20804898372875438)))))),26,0.3830010261576575,0.4217792015602459,0.3830010261576575,0.4217792015602459,0.40099927749135533,0.3917671415702494
164,sqrt((7.229018918006494)((((X_2)^((-2)(-0.16614410895499268)))((X_7)^((-1)(-0.16614410895499268))))(((X_8)^((-1)(-0.16614410895499268)))((sqrt((X_4)(X_9)))^((-2)(-0.16614410895499268)))))),22,0.38710703594334483,0.429276261622484,0.38710703594334483,0.429276261622484,0.39457761629392063,0.38095589659988005
165,log((-7.5322795131405265)((((X_2)^((-1)(-0.3245878368083798)))((X_7)^((-1)(-0.3245878368083798))))(((X_8)^((-1)(-0.3245878368083798)))((((X_2)(X_9) + (-8.67074195088634)((exp(exp(sqrt(X_6))))^((-1)(X_4))))^((-1)(-0.3245878368083798)))(((X_0 + X_1)(((X_2)^(-1))(X_4)) + (X_3)(sqrt((X_9)((X_2)(sin(exp(sqrt(X_6)))) - (X_4)))))^((-1)(-0.3245878368083798))))))),44,0.3755483557393506,0.42059198635041845,0.3755483557393506,0.42059198635041845,0.41265500335185734,0.39347918260492687
166,(0.21918627593164078)(15.569662422710067 + ((X_2)^(-1))(-7.517632848527932 + X_4) + X_7 + X_9 + (log(X_8))^(X_7)),19,0.38392941882648984,0.43394708215515326,0.38392941882648984,0.43394708215515326,0.3995473025841826,0.3742202716252758
167,log((-1.634957233683203)(-1.634957233683203 + (-1.634957233683203)(((2)(X_4) + (X_2)(X_4 + X_8))(log(X_9 + sqrt(X_5))))) - (-1.634957233683203)),20,0.42216089503957654,0.4744426035291021,0.42216089503957654,0.4744426035291021,0.33975455971882995,0.3158231135203574
168,log(X_1 + (-5.41123549468942)((sqrt(X_6 + X_8))((X_2 + ((X_6)^(-1))(log(X_4)))(sqrt(X_7 + X_9)) + sqrt(X_2 + ((X_6)^(-1))(log(X_4))) - (X_2)))),25,0.3878643339234472,0.4524023084996042,0.3878643339234472,0.4524023084996042,0.39339322772507923,0.34760664290453847
169,log((3.1621706510745873)((((X_2)^((-2)(-0.26229344317750225)))((X_7)^((-1)(-0.26229344317750225))))(((X_8)^((-1)(-0.26229344317750225)))(((X_3 + X_6 + (2)(X_9))^((-2)(-0.26229344317750225)))((X_4 + log(X_1) + sqrt((X_9)(((X_6)(sin(exp(sqrt(X_6)))))^(X_9) - (X_4))))^((-2)(-0.26229344317750225))))))),40,0.36999923426370274,0.4006113834003712,0.36999923426370274,0.4006113834003712,0.42133364269271656,0.4222925029405462
170,2.7962649982341015 + (0.05306797168723714)(((0.46333015016377826)(X_6) + exp(sqrt(X_9)) + log(X_2))(sqrt(exp(log(X_2)) + (log(((sqrt(1))^(-1))(((X_2)(X_4))((X_7)(X_8)))))(log(((sqrt(1))^(-1))(((X_2)(X_4))((X_7)(X_8))))) - (sin((X_2)(X_4)))))),33,0.37573965523538605,0.4033511839023721,0.37573965523538605,0.4033511839023721,0.41235581737449756,0.41834153360707793
171,log((2.6705529816029348)(2.6705529816029348) + ((2.6705529816029348)(2.6705529816029348))((X_2 + log(X_4))((log(X_7 + X_8))(sqrt(X_9))))),17,0.3806231150119042,0.42542008593250025,0.3806231150119042,0.42542008593250025,0.40471825054126365,0.3865167510797829
172,log(9.244540331661584 + log(X_4) + (3.4267447677007516)((X_2 + log(X_4))((sqrt(X_6 + X_8))(sqrt((X_7)(X_9))))) - (sqrt((X_7)(X_9)))),21,0.37961331538777005,0.4197684727158432,0.37961331538777005,0.4197684727158432,0.40629754318837086,0.3946667424705168
173,log(-5.123958947269848 + (-5.123958947269848)((X_2 + log(X_4))((sqrt(X_7 + X_8))(sqrt(X_9))))),16,0.38187418108849036,0.43551278074970884,0.38187418108849036,0.43551278074970884,0.40276162527762094,0.3719624330972422
174,sqrt((-6.9634041102587565)((((X_2)^(0.3059439382024937))(((X_4)^((-1)(-0.16483499257433648)))((X_7)^((-1)(-0.16483499257433648)))))(((X_8)^((-1)(-0.16483499257433648)))(((sqrt(X_9))^((-1)(-0.16483499257433648)))((sqrt((X_1)(X_9)))^((-1)(-0.16483499257433648))))))),27,0.38457142447349824,0.42353331619701046,0.38457142447349824,0.42353331619701046,0.3985432273463937,0.38923759493640386
175,sqrt((5.468294914402273)((((X_2)^((-1)(-0.14736230697443528)))((X_7)^((-1)(-0.14736230697443528))))(((X_8)^((-1)(-0.14736230697443528)))(((X_6 + (X_2)(((X_9)(X_9))(sqrt(X_4))))^((-1)(-0.14736230697443528)))(((X_1)(X_4) + sqrt(X_8 - (X_0 + X_3 + log(X_4 + (X_2)(X_9)))))^((-1)(-0.14736230697443528))))))),38,0.3817255260022508,0.41271085462960255,0.3817255260022508,0.41271085462960255,0.4029941168324228,0.4048442837205837
176,log(-5.123958947269848 + (-5.123958947269848)((X_2 + log(X_4))((sqrt(X_7 + X_8))(sqrt(X_9))))),16,0.38187418108849036,0.43551278074970884,0.38187418108849036,0.43551278074970884,0.40276162527762094,0.3719624330972422
177,(0.18173161568271215)(18.683686859305276 + X_7 + X_8 + X_9 + (-11.417907418815172 + X_2 + X_6)((sqrt((X_2)(X_4)))^(-1))),21,0.3760880003982687,0.42880933254756604,0.3760880003982687,0.42880933254756604,0.4118110172564864,0.3816292384926778
178,log(5.1239589469195685 + (5.1239589469195685)((X_2 + log(X_4))((sqrt(X_7 + X_8))(sqrt(X_9))))),16,0.3818741810884904,0.43551278075391314,0.3818741810884904,0.43551278075391314,0.4027616252776208,0.3719624330911794
179,(0.1857403863391976)(18.494484295341568 + X_7 + X_8 + X_9 + (-10.337150567908973 + X_2 + log((X_6)^(sin(X_4))))((sqrt((X_2)(X_4)))^(-1))),24,0.376404051075084,0.43717664873906203,0.376404051075084,0.43717664873906203,0.4113167246284457,0.3695630279595057
180,log((5.654688129060252)((((X_2)^((-2)(-0.3265352910875655)))((X_4)^((-1)(-0.3265352910875655))))(((X_7)^((-1)(-0.3265352910875655)))((X_8 + exp((1.316674949178775)(log(X_9))) + sqrt(X_6) - (sqrt(0)))^((-2)(-0.3265352910875655)))))),31,0.3813662203582124,0.42520123782709257,0.3813662203582124,0.42520123782709257,0.4035560587743011,0.38683234418684376
181,log((4.558035931131904)((((X_2)^((-2)(-0.21982671224936057)))((X_7)^((-1)(-0.21982671224936057))))(((X_8)^((-1)(-0.21982671224936057)))(((X_3 + X_6 + X_9)^((-2)(-0.21982671224936057)))(((X_1)(X_4) + sqrt((X_4)((X_9)(((X_2)(sin(exp(sqrt(X_6)))))^(X_9) - (X_9)))))^((-2)(-0.21982671224936057))))))),38,0.37161453543235046,0.41349466158955067,0.37161453543235046,0.41349466158955067,0.4188073659962913,0.40371398344512477
182,sqrt((-5.639216097885562)((((X_4)^((-1)(-0.19493410334863917)))((X_3 + X_7)^((-1)(-0.19493410334863917))))(((X_9)^((-1)(-0.19493410334863917)))(((-2)(X_9) + (X_2)(X_8 + exp(sqrt(X_9))))^((-1)(-0.19493410334863917)))))),27,0.37835493544090565,0.41226787974119994,0.37835493544090565,0.41226787974119994,0.40826560709912374,0.40548308212882445
183,log((-6.980755241593031)((((X_2)^((-1)(-0.33573526242132695)))((X_7)^((-1)(-0.33573526242132695))))(((X_8)^((-1)(-0.33573526242132695)))((((X_2)(X_9) + (X_0)((exp(exp(sqrt(X_6))))^((-1)(X_4))))^((-1)(-0.33573526242132695)))(((X_0 + X_1)(((X_2)^(-1))(X_4)) + (X_3)(sqrt((X_9)((X_2)(sin(exp(sqrt(X_6)))) - (X_4)))))^((-1)(-0.33573526242132695))))))),43,0.3772956252349809,0.417591339540952,0.3772956252349809,0.417591339540952,0.409922332630842,0.3978063091661903
184,sqrt((-5.954926729691446)((((X_2)^((-2)(-0.10944457472392212)))((X_7)^((-1)(-0.10944457472392212))))(((X_8)^((-1)(-0.10944457472392212)))(((X_9)^((-2)(-0.10944457472392212)))(((X_1)(X_4) + sqrt((X_6)(((X_9)^(-1))(X_8 - (X_4 + (exp(X_9))^(log(-0.2599212755433787 - (X_2))))))))^((-2)(-0.10944457472392212))))))),37,0.38101735447091567,0.4081693349392073,0.38101735447091567,0.4081693349392073,0.4041016732877811,0.4113934485269226
185,log((-5.08311785824666)((((X_2)^((-2)(-0.3390950551872265)))((X_4)^((-1)(-0.3390950551872265))))(((X_7)^((-1)(-0.3390950551872265)))((X_8 + exp(sqrt(X_9)))^((-2)(-0.3390950551872265)))))),23,0.3839629038219195,0.4315856387717138,0.3839629038219195,0.4315856387717138,0.39949493317761264,0.37762562554935797
186,(0.18485250672863318)(18.5479473997205 + X_7 + X_8 + X_9 + (-9.95607053788455 + X_2)((sqrt((X_2)(X_4)))^(-1))),19,0.37869818718528475,0.4402513370052572,0.37869818718528475,0.4402513370052572,0.4077287729163328,0.3651291288340621
187,(0.2987270161610035)(10.578731517643348 + ((X_2)^(-1))(-6.204667880813639 + X_2 + X_4) + X_9 + (X_3 + X_7)((exp(X_9))^(-1)) + (log(X_8))^(X_8)),25,0.38422865341180257,0.45062583591555233,0.38422865341180257,0.45062583591555233,0.3990793097576357,0.35016843114284646
188,log(-5.4685965779821135 + (-5.072215975007251)((X_2 + log(X_4))((sqrt(X_7 + X_8))(sqrt(X_9))))),17,0.3818423509856272,0.4349094628271378,0.3818423509856272,0.4349094628271378,0.40281140648787994,0.37283245651999475
189,(0.10870421714454936)(16.88468940703863 + X_0 + X_6 + sqrt((93.93698914783731)(X_2))),12,0.45222441106032246,0.48515755525925364,0.45222441106032246,0.48515755525925364,0.29273623186149367,0.30037146086736144
190,log(-5.123958947268877 + (-5.123958947268877)((X_2 + log(X_4))((sqrt(X_7 + X_8))(sqrt(X_9))))),16,0.3818741810884904,0.43551278074972055,0.3818741810884904,0.43551278074972055,0.4027616252776208,0.3719624330972253
191,log((2.331363257658761)(2.331363257658761 + (2.331363257658761)((X_2 + log(X_4))((sqrt(X_7 + X_8))(sqrt(X_9))))) - (2.331363257658761)),18,0.3834223068092545,0.44090438823067507,0.3834223068092545,0.44090438823067507,0.400340408722211,0.36418738677549767
192,sqrt((5.843318123530763)((((X_2)^((-1)(-0.17055479293959266)))((X_7)^((-1)(-0.17055479293959266))))(((X_8)^((-1)(-0.17055479293959266)))(((X_6 + (X_2)(-0.7039138710601499 + X_9))^((-1)(-0.17055479293959266)))(((X_1)(X_4) + sqrt((X_4 - (((X_0)^(-1))(X_2)))(X_9)))^((-1)(-0.17055479293959266))))))),34,0.37704917347619943,0.41512924540214147,0.37704917347619943,0.41512924540214147,0.4103077748920668,0.40135680798223494
193,log((-6.810753931664679)((((X_2)^((-2)(-0.16806533540837498)))(((X_7)^((-1)(-0.16806533540837498)))((X_8)^((-1)(-0.16806533540837498)))))(((X_2 + log(X_4))^((-2)(-0.16806533540837498)))(((sqrt(X_9))^((-2)(-0.16806533540837498)))((X_1 + (X_4)(X_1 + ((exp(log(0.8950031507068814)))^(-1))(0.8950031507068814 + X_9)) + (0.8950031507068814)((X_2 + log(X_4))((sqrt(X_8))(sqrt(X_9)))))^((-2)(-0.16806533540837498))))))),42,0.3824628062482135,0.4375293026444835,0.3824628062482135,0.4375293026444835,0.40184103532647075,0.36905447824406823
194,sqrt((6.535109477834552)((((X_2)^((-1)(-0.18565251021400994)))((X_7)^((-1)(-0.18565251021400994))))(((X_8)^((-1)(-0.18565251021400994)))(((X_9)^((-1)(-0.18565251021400994)))((sqrt((X_1)((X_6)(X_6 + (X_2)(X_9)))))^((-1)(-0.18565251021400994))))))),26,0.40358685884703593,0.4240212427278807,0.40358685884703593,0.4240212427278807,0.36880372757837965,0.3885339733555456
195,log((-5.08311785824666)((((X_2)^((-2)(-0.3390950551872265)))((X_4)^((-1)(-0.3390950551872265))))(((X_7)^((-1)(-0.3390950551872265)))((X_8 + exp(sqrt(X_9)))^((-2)(-0.3390950551872265)))))),23,0.3839629038219195,0.4315856387717138,0.3839629038219195,0.4315856387717138,0.39949493317761264,0.37762562554935797
196,log((-10.759257712684098)((((X_1)^((-1)(-0.2653436599168142)))(((X_2)^((-2)(-0.2653436599168142)))((X_4)^((-1)(-0.2653436599168142)))))((((X_6)^((-1)(-0.2653436599168142)))((X_7)^((-1)(-0.2653436599168142))))(((X_8)^((-1)(-0.2653436599168142)))((X_9)^((-1)(-0.2653436599168142))))))),28,0.3788144699997477,0.40912797825504,0.3788144699997477,0.40912797825504,0.40754691050573444,0.41001102293067093
197,(exp(-2.820203992507487))((1.3360033139260137 + (0.31214541650479)(X_6 - (X_7)) + exp(sqrt(X_9)) + log(X_2))(sqrt(exp(log(X_2)) + (log((0.760915250918943)(((X_2)(X_7))((X_8)(sqrt(X_4))))))(log((0.760915250918943)(((X_2)(X_7))((X_8)(sqrt(X_4)))))) - (sin((X_2)((sqrt(X_4))(sqrt(X_4)))))))) - (-2.820203992507487),36,0.3777916750581511,0.40888374565294555,0.3777916750581511,0.40888374565294555,0.40914652739225,0.41036322212196374
198,log((12.340776156914979)((((X_2)^((-2)(-0.31690567301024103)))((X_7)^((-1)(-0.31690567301024103))))(((X_8)^((-1)(-0.31690567301024103)))((sqrt((X_4)(X_9)))^((-2)(-0.31690567301024103)))))),22,0.38471546783877125,0.43163581745004054,0.38471546783877125,0.43163581745004054,0.39831794836806633,0.37755326465332995
199,log((7.453591695807116)((((X_2)^((-1)(-0.3473195518710952)))((X_7)^((-1)(-0.3473195518710952))))(((X_8)^((-1)(-0.3473195518710952)))((((X_2)(X_9) + (-8.284106218645729)((exp(exp(sqrt(X_6))))^((-1)(X_4))))^((-1)(-0.3473195518710952)))(((X_0 + X_1)(((X_2)^(-1))(X_4)) + sqrt((X_9)(((X_2)(sin(exp(sqrt(X_6)))) - (X_4))((sqrt(X_6))^(-1)))))^((-1)(-0.3473195518710952))))))),44,0.3778210201760682,0.42762791291458396,0.3778210201760682,0.42762791291458396,0.40910063261486307,0.3833329219311109
200,log((2)(exp(0.6953463700286897)) + (exp(0.6953463700286897))((sqrt(X_2 + X_7 + X_8))(X_0 + (X_2 + log(X_4))^(sqrt(X_9)) + sqrt(X_9)))),23,0.38614854918299846,0.43015201217630106,0.38614854918299846,0.43015201217630106,0.3960766573479937,0.3796930077218862
201,sqrt((-5.359289096392148)((((X_4)^((-1)(-0.20746027241796006)))((X_7)^((-1)(-0.20746027241796006))))(((X_9 + sqrt(X_0))^((-1)(-0.20746027241796006)))(((X_2)(X_8 + exp(sqrt(X_9))) - (X_9 + sqrt(X_0)))^((-1)(-0.20746027241796006)))))),26,0.38388384689759436,0.423503652957231,0.38388384689759436,0.423503652957231,0.39961857554814395,0.389280371244611
202,log((7.36156462834944)((((X_2)^((-2)(-0.24811288699581371)))((X_7)^((-1)(-0.24811288699581371))))(((X_8)^((-1)(-0.24811288699581371)))(((sin(sqrt(X_6)))^((-2)(-0.24811288699581371)))(((X_1)(X_4) + sqrt((X_4)(((X_9)(X_9))(((-2.049851987728193)(sin(sqrt(X_6))))^(X_9) - (X_4)))))^((-2)(-0.24811288699581371))))))),36,0.37449104788384074,0.41970948557450793,0.37449104788384074,0.41970948557450793,0.4143085972748767,0.39475180573928936
203,(0.1848525067286336)(18.54794739972025 + X_7 + X_8 + X_9 + (-9.95607053788444 + X_2)((sqrt((X_2)(X_4)))^(-1))),19,0.3786981871852847,0.4402513370052578,0.3786981871852847,0.4402513370052578,0.4077287729163328,0.36512912883406123
204,sqrt((-2.7389931325560265e-10)((((X_4)^((-1)(-4.4934183404460235)))((X_7)^((-1)(-4.4934183404460235))))(((X_9 + sqrt((X_3)(X_9)))^((-1)(-4.4934183404460235)))(((X_2)(X_8 + exp(sqrt(X_9))) - (X_9 + sqrt((X_3)(X_9))))^((-1)(-4.4934183404460235)))))),27,2119.172200751226,2984.149111271714,2119.172200751226,2984.149111271714,-3313.3140427192807,-4302.335814604258
205,(0.16087412292135397)(20.025222427014995 + X_6 + X_7 + X_8 + X_9 + (-10.665382625798198 + X_2)((sqrt((X_2)(X_4)))^(-1))),21,0.37853625626674375,0.4238169651917566,0.37853625626674375,0.4238169651917566,0.40798202742631573,0.3888285547603426
206,log(4.3880513007495106 + exp((X_8)(log(log(X_4)))) + (4.3880513007495106)((sqrt(X_6 + X_8))((X_2 + log(X_4))(sqrt(X_9)) + sqrt((-0.47750437644594623)(sqrt(X_2 + log(X_4)))))) - (X_8)),26,0.3937427548894424,0.43796102237372303,0.3937427548894424,0.43796102237372303,0.38419957505744484,0.3684319105024998
207,log((-5.651051084360516)((((X_2)^((-2)(-0.21652934325196027)))((X_7)^((-1)(-0.21652934325196027))))(((X_8)^((-1)(-0.21652934325196027)))(((X_3 + X_9)^((-2)(-0.21652934325196027)))(((X_1)(X_4) + sqrt((((X_2)(sin(exp(sqrt(X_6)))))^(X_9))((exp(sqrt(X_6)))(sqrt(X_6)))))^((-2)(-0.21652934325196027))))))),36,0.3705267508055128,0.41205064869832747,0.3705267508055128,0.41205064869832747,0.4205086245645683,0.40579634332723635
208,sqrt((7.229020115615381)((((X_2)^((-2)(-0.16614407192346478)))((X_7)^((-1)(-0.16614407192346478))))(((X_8)^((-1)(-0.16614407192346478)))((sqrt((X_4)(X_9)))^((-2)(-0.16614407192346478)))))),22,0.38710703594334367,0.4292762597043644,0.38710703594334367,0.4292762597043644,0.3945776162939225,0.38095589936593244
209,log((4.440020345480994)((((X_2)^((-2)(-0.2336760378070135)))((X_7)^((-1)(-0.2336760378070135))))(((X_8)^((-1)(-0.2336760378070135)))((((2)(X_9) + sqrt(X_3))^((-2)(-0.2336760378070135)))(((X_1)(X_4) + sqrt((X_9)(((X_6)(sin(exp(sqrt(X_6)))))^(X_9) - (X_4))))^((-2)(-0.2336760378070135))))))),39,0.3773839117712821,0.4094820601006783,0.3773839117712821,0.4094820601006783,0.409784255457622,0.40950041403318627
210,log((5.921476921413298)((((X_2)^((-2)(-0.27639538486113197)))((X_7)^((-1)(-0.27639538486113197))))(((X_8)^((-1)(-0.27639538486113197)))((sqrt((X_9)(((4.70248716770175)(sin(exp(sqrt(X_6)))))^(X_9) - (X_2 + X_7))) + (X_4)(X_1 + (X_7)((X_6 + sqrt((X_9)(((4.70248716770175)(sin(exp(sqrt(X_6)))))^(X_9) - (X_2 + X_7))))^(-1))))^((-2)(-0.27639538486113197)))))),38,0.3746799928698692,0.41450194587079814,0.3746799928698692,0.41450194587079814,0.4140130936719729,0.4022614144342107
211,(0.1510102207093323)(16.421913485573572 + X_2 + X_3 + X_7 + X_9 + ((X_2)^((-1)(X_4)))((-4.238542428548996 + (X_2)^(X_4) + X_4)(X_9))),22,0.3760733282152397,0.42956068632032646,0.3760733282152397,0.42956068632032646,0.4118339640572387,0.38054573780983825
212,sqrt((-5.474163924310103)((((X_7)^((-1)(-0.15710994129809683)))((X_8)^((-1)(-0.15710994129809683))))(((sin(sqrt(X_0)))^((-1)(-0.15710994129809683)))(((2)((X_2)((X_6 + (X_2)(X_9) - (X_2))(X_0 + (X_4)(X_4 + log(X_2))))) + sqrt(X_5))^((-1)(-0.15710994129809683)))))),36,0.38660949104940723,0.4223094844223755,0.38660949104940723,0.4223094844223755,0.3953557597729055,0.39100243942321067
213,log((-3.7998846278351155)(-2 + (2)(X_4) + X_7 + (X_2)(1 + X_8 + X_9) - (sqrt((X_2)(1 + X_8 + X_9))))),20,0.38829188577036355,0.44484368091970095,0.38829188577036355,0.44484368091970095,0.3927245510173898,0.35850667221305765
214,(0.18244355108146967)(X_7 + X_8 + X_9 + (-8.189656718467099 + X_2)((sqrt((X_2)((X_4)^(X_2))))^(-1)) + sqrt(-302.3734062082157 + X_8)),22,0.3761049430597824,0.4337298796836263,0.3761049430597824,0.4337298796836263,0.4117845195037525,0.3745334916219617
215,log(4.841633402741475 + exp(log(X_4)) + (2.544738793100975)((sqrt(X_6 + X_8))(X_2 + (X_2 + log(X_4))(sqrt((X_7)(X_9)))))),22,0.38042272851822106,0.42038929245240175,0.38042272851822106,0.42038929245240175,0.4050316482772994,0.3937714803012592
216,(0.18035209031547728)(17.603552358453047 + X_7 + X_8 + X_9 + (-8.26579929894021 + X_2)((sqrt((X_2)((X_4)^(X_2))))^(-1))),20,0.37621658921429196,0.43399299247562734,0.37621658921429196,0.43399299247562734,0.41160990867336533,0.37415406597703604
217,sqrt((-10.3199653948472)((((X_4)^((-1)(-0.1329274830177777)))((X_7)^((-1)(-0.1329274830177777))))(((sin(X_9))^((-1)(-0.1329274830177777)))(((X_2)(exp(sqrt(X_9)) + (sin(exp(sqrt(X_9))))((sqrt(X_9))^(-1))) - (sin(X_9)))^((-1)(-0.1329274830177777)))))),26,0.5701463284884777,0.6275927334636074,0.5701463284884777,0.6275927334636074,0.10831031935755786,0.0949707316239341
218,sqrt(-5.431747102160446 + X_4 + X_6 + X_7 + X_8 + X_9 + sqrt((-43.19727555946949)(X_2))),17,0.38732979826509634,0.41973902725829254,0.38732979826509634,0.41973902725829254,0.39422922351540646,0.39470920472268
219,log((7.204553176269695)((((X_7)^((-1)(-0.23126689512794596)))((X_8)^((-1)(-0.23126689512794596))))((((X_2)(X_9) + (X_3)((exp(X_9 + (X_2)(X_9)))^(-1)))^((-2)(-0.23126689512794596)))(((X_1)(X_4) + sqrt((X_6)((X_2)(sin(exp(sqrt(X_6)))) - (X_4))))^((-2)(-0.23126689512794596)))))),38,0.377809954853949,0.4117681911909017,0.377809954853949,0.4117681911909017,0.4091179384064707,0.40620366530160357
220,1.3551359679582191 + log(-2 + (2)(X_4) + X_7 + X_8 + (X_2)(1 + X_8 + X_9) - (X_9 + sqrt((X_2)(1 + X_8 + X_9)))),22,0.40343748978853383,0.4654168574568528,0.40343748978853383,0.4654168574568528,0.3690373357617853,0.3288388224805848
221,3.9283484294598012 + ((-1)(exp(0.04328202187072875)))((X_2)^(-1)) + (0.04328202187072875)(X_4 + (X_8)((X_9)^(log(X_8 + (X_7)((X_6)((X_8)^(-1)) + sin((X_6)((X_8)^(-1)))))))),26,0.3899849697183036,0.41100429038177133,0.3899849697183036,0.41100429038177133,0.39007662467040805,0.40730525962151165
222,log((2.75252292909255)((((X_2)^((-2)(-0.2890566336951476)))((X_7)^((-1)(-0.2890566336951476))))(((X_8)^((-1)(-0.2890566336951476)))(((X_3 + X_6 + (2)(X_9))^((-2)(-0.2890566336951476)))((0.8610802191502648 + X_4 + sqrt((sin(X_6))(((X_6)(sin(exp((X_6)(X_9)))))^(X_9) - (X_4))))^((-2)(-0.2890566336951476))))))),40,0.37284760905142406,0.41302517760123414,0.37284760905142406,0.41302517760123414,0.4168788803310143,0.40439100968810804
223,sqrt((-5.341227379597845)((((X_4)^((-1)(-0.20804898372875438)))((X_7)^((-1)(-0.20804898372875438))))(((X_9 + sqrt(X_6))^((-1)(-0.20804898372875438)))(((X_2)(X_8 + exp(sqrt(X_9))) - (X_9 + sqrt(X_6)))^((-1)(-0.20804898372875438)))))),26,0.3830010261576575,0.4217792015602459,0.3830010261576575,0.4217792015602459,0.40099927749135533,0.3917671415702494
224,(0.18173161568271215)(18.683686859305276 + X_7 + X_8 + X_9 + (-11.417907418815172 + X_2 + X_6)((sqrt((X_2)(X_4)))^(-1))),21,0.3760880003982687,0.42880933254756604,0.3760880003982687,0.42880933254756604,0.4118110172564864,0.3816292384926778
225,((-1)(0.01890765196579139))((6.750344787346979)^(X_9)) + (-1.6746343621457038 + (exp(0.01890765196579139))(exp(sqrt(X_9)) + log(X_2) + (-0.32261966039025436)((X_2)(sqrt(X_4)))))(sqrt(1 + log(((sqrt(1))^(-1))((X_2)((X_8)(sqrt(X_4))))) + (2)(log(((sqrt(1))^(-1))(((X_2)(X_7))((X_8)(sqrt(X_4)))))) - (sin((X_2)((sqrt(X_4))(sqrt(X_4))))))),46,3.363482637767064,3.990554601842274,3.363482637767064,3.990554601842274,-4.260373713302836,-4.754637552586454
226,sqrt((-6.028769913274034)((((X_2)^((-1)(-0.15605103719461264)))((X_7)^((-1)(-0.15605103719461264))))(((X_8)^((-1)(-0.15605103719461264)))(((X_6 + (X_2)(X_9))^((-1)(-0.15605103719461264)))(((X_1)(X_4) + (X_9)(log(X_2)))^((-1)(-0.15605103719461264))))))),28,0.38180556272762245,0.4160864991416605,0.38180556272762245,0.4160864991416605,0.40286894208601065,0.3999763862448035
227,(94.83288204108966 + X_2)(log(log((-0.361188676470741)((((X_4)^((-1)(0.004193943174904912)))((X_7)^((-1)(0.004193943174904912))))(((X_9 + sqrt(X_2))^((-1)(0.004193943174904912)))(((X_2)(X_3 + X_8 + exp(sqrt(X_9))) - (X_9 + sqrt(X_2)))^((-1)(0.004193943174904912)))))))),31,0.38390951067912876,0.4307628799142422,0.38390951067912876,0.4307628799142422,0.3995784382570363,0.3788120969776009
228,log((-6.27249270562613)((((X_2)^((-1)(-0.34091966498341575)))((X_7)^((-1)(-0.34091966498341575))))(((X_8)^((-1)(-0.34091966498341575)))(((X_6 + (X_2)(X_9))^((-1)(-0.34091966498341575)))(((X_1)(X_4) + sqrt(((-1)(X_3 + X_4))(X_9)))^((-1)(-0.34091966498341575))))))),31,0.3815676574173597,0.41758450684816645,0.3815676574173597,0.41758450684816645,0.40324101798921563,0.3978161623506251
229,log((-5.083117858247074)((((X_2)^((-2)(-0.3390950551872262)))((X_4)^((-1)(-0.3390950551872262))))(((X_7)^((-1)(-0.3390950551872262)))((X_8 + exp(sqrt(X_9)))^((-2)(-0.3390950551872262)))))),23,0.38396290382191933,0.43158563877171036,0.38396290382191933,0.43158563877171036,0.39949493317761287,0.37762562554936296
230,sqrt((0.7946841393434277)((((X_7)^((-1)(-2.808676533841444)))((X_8)^((-1)(-2.808676533841444))))(((X_2 + log((-0.3678876687394896)(X_4)))^((-1)(-2.808676533841444)))((sqrt((X_9)(X_9 - ((X_9)(X_2 + log((-0.3678876687394896)(X_4))) + sqrt((X_1 + X_4)(X_9))))))^((-1)(-2.808676533841444)))))),31,139800.27040784532,158748.53355065218,139800.27040784532,158748.53355065218,-218641.9206764907,-228924.64160552263
231,sqrt((5.721702915223477)((((X_2)^((-2)(-0.08534534674887796)))((X_7)^((-1)(-0.08534534674887796))))(((X_8)^((-1)(-0.08534534674887796)))(((X_6 + (X_0)((X_2)(X_9)))^((-2)(-0.08534534674887796)))(((X_1)(X_4) + sqrt((((X_0)^(-1))(X_2) - (X_4))(X_9)))^((-2)(-0.08534534674887796))))))),35,0.37800504056774514,0.42208645609828255,0.37800504056774514,0.42208645609828255,0.40881283091188425,0.3913240606756859
232,log((7.671030349452267)((((X_2)^((-2)(-0.31900062604585877)))((X_4)^((-1)(-0.31900062604585877))))(((X_7)^((-1)(-0.31900062604585877)))((X_8 + exp(log(X_9)))^((-2)(-0.31900062604585877)))))),23,0.38534774836204566,0.4328236470887961,0.38534774836204566,0.4328236470887961,0.39732908289668867,0.37584033757244184
233,log((3.944992100696476)((((X_2)^((-1)(-0.393093061623216)))((X_7)^((-1)(-0.393093061623216))))(((X_8)^((-1)(-0.393093061623216)))((((X_2)(X_9) + exp(sqrt(X_6)))^((-1)(-0.393093061623216)))(((X_0 + X_1)(((X_2)^(-1))(X_4)) + sqrt((X_2)((X_9)((X_2)(sin(exp(sqrt(X_6)))) - (X_4)))))^((-1)(-0.393093061623216))))))),38,0.3786714659109577,0.42296389938005274,0.3786714659109577,0.42296389938005274,0.407770564090599,0.39005873077462194
234,(0.13554725190880768)(20.662041697229945 + X_2 + X_8 + ((X_2 + X_4)(X_9))(((log((X_2)(X_2 + X_4)))^(-1))(log(log((X_2)(X_2 + X_4)))))),19,0.3865102359267775,0.4400599209358256,0.3865102359267775,0.4400599209358256,0.39551099144621027,0.365405163172951
235,log((3.428036469985291)(sin(-0.690057001139405) + exp(-0.690057001139405) - (-0.690057001139405) + X_6 + X_8 + (exp(-0.690057001139405))((sqrt(X_6 + X_8))((2)((X_2 + log(X_4))(sqrt((X_7)(X_9)))) - (X_9))))),29,0.3831217936342535,0.4187652845777348,0.3831217936342535,0.4187652845777348,0.4008104012200244,0.39611340457838595
236,log((2.973244730977445)((((X_2)^((-2)(-0.2418255835114689)))((X_7)^((-1)(-0.2418255835114689))))(((X_8)^((-1)(-0.2418255835114689)))(((X_0 + X_6 + (2)(X_9))^((-2)(-0.2418255835114689)))((X_4 + (X_1)(X_4) + sqrt((X_9)(((X_6)(sin(exp(sqrt(X_6)))))^(X_9) - (X_4))))^((-2)(-0.2418255835114689))))))),40,0.3713789980035973,0.4078097153854064,0.3713789980035973,0.4078097153854064,0.41917573861245994,0.4119120431573512
237,log((11.335913676111614)(1 + (2)(X_9)) - (11.335913676111614)),9,0.6197824692744002,0.6608886778454955,0.6197824692744002,0.6608886778454955,0.03068106470101939,0.04695582868277748
238,sqrt(-7.356704924708513 + X_4 + X_6 + X_7 + X_8 + X_9 + sqrt((89.04931094075256)(X_2)) - (X_2)),18,0.3863240806157867,0.4190768985838521,0.3863240806157867,0.4190768985838521,0.3958021320911871,0.3956640370491993
239,sqrt(-6.033095463461545 + X_0 + X_4 + X_7 + X_8 + X_9 + sqrt((-48.73323093651781)(X_2))),17,0.38772260556279187,0.43382603346254206,0.38772260556279187,0.43382603346254206,0.3936148861140506,0.37439483166058285
240,log((-6.4970205870199615)((((X_2)^((-1)(-0.32942370238214336)))((X_7)^((-1)(-0.32942370238214336))))(((X_8)^((-1)(-0.32942370238214336)))(((X_6 + (X_2 + X_6)(X_9))^((-1)(-0.32942370238214336)))(((X_1)(X_4) + ((exp(sqrt(X_9)))^(-1))(sqrt((X_9)(sqrt((X_2 + X_6)(X_9)) - ((X_0)((X_4)(X_9)))))))^((-1)(-0.32942370238214336))))))),38,0.3786724058861355,0.41272571402464375,0.3786724058861355,0.41272571402464375,0.4077690940010372,0.4048228555129172
241,log((X_3)(X_7) + (X_4)(X_7) + log(sqrt(X_9)) + (X_2 + X_8)(X_1 + (0.659430716221103)((X_6)((sqrt(X_3))^(-1))) + (X_2 + X_4)(sqrt(X_9))) - (X_2)),29,0.38707766800133575,0.4351395347666557,0.38707766800133575,0.4351395347666557,0.3946235467674196,0.37250067791901165
242,(0.18485250672863351)(18.547947399720485 + X_7 + X_8 + X_9 + (-9.956070537884557 + X_2)((sqrt((X_2)(X_4)))^(-1))),19,0.3786981871852847,0.4402513370052572,0.3786981871852847,0.4402513370052572,0.4077287729163328,0.3651291288340621
243,log(exp(1.6763771849535412) - (1.6763771849535412) + (exp(1.6763771849535412))((X_2 + log(X_4))((sqrt(X_7 + X_8))(sqrt(X_9))))),18,0.3827424242231952,0.43906187228933763,0.3827424242231952,0.43906187228933763,0.4014037222186686,0.3668444138018576
244,log((7.671030349452267)((((X_2)^((-2)(-0.31900062604585877)))((X_4)^((-1)(-0.31900062604585877))))(((X_7)^((-1)(-0.31900062604585877)))((X_8 + exp(log(X_9)))^((-2)(-0.31900062604585877)))))),23,0.38534774836204566,0.4328236470887961,0.38534774836204566,0.4328236470887961,0.39732908289668867,0.37584033757244184
245,log((3.357775431014517)(((X_7)^((-1)(-0.20350723488533398)))(((X_8)^((-1)(-0.20350723488533398)))(((2)((X_2)((X_2 + X_3 + X_4 + X_6 + (2)(X_9))(X_4 + sqrt((X_9)(((X_2 + X_3)(sin(exp(sqrt(X_6)))))^(X_9) - (X_4)))))) - (X_5))^((-2)(-0.20350723488533398)))))),40,0.3717365133546888,0.41610302847037584,0.3717365133546888,0.41610302847037584,0.41861659662853323,0.39995254988488993
246,log((5.556298328656337)((((X_2)^((-1)(-0.3450755937195139)))((X_7)^((-1)(-0.3450755937195139))))(((X_8)^((-1)(-0.3450755937195139)))(((X_6 + X_9 + (X_2)(X_9))^((-1)(-0.3450755937195139)))(((X_1)(X_4) + sqrt((X_8 - ((X_3)^(X_0) + X_4))(X_9)))^((-1)(-0.3450755937195139))))))),34,0.3789999914902207,0.42369774413984346,0.3789999914902207,0.42369774413984346,0.40725676113472875,0.38900047921968506
247,(0.21817306408267403)(14.68521489090526 + ((X_2)^(-1))(-7.563731242934548 + X_2 + X_4) + X_7 + X_9 + (log(X_8))^(log((X_2)(X_2 + X_4)))),22,0.3834402801497351,0.42825216478704436,0.3834402801497351,0.42825216478704436,0.4003122990222403,0.3824327104001436
248,sqrt((-4.693144624994412)((((X_2)^((-2)(-0.17013606716853022)))((X_4)^((-1)(-0.17013606716853022))))(((X_7)^(((-1)(-0.17013606716853022))(log(X_0))))(((X_8 + exp(sqrt(X_9)))^((-2)(-0.17013606716853022)))((sqrt(X_3))^((-1)(-0.17013606716853022))))))),30,0.38204546251718546,0.42717033404697297,0.38204546251718546,0.42717033404697297,0.4024937468842652,0.38399278022088557
249,log((2.973244730977445)((((X_2)^((-2)(-0.2418255835114689)))((X_7)^((-1)(-0.2418255835114689))))(((X_8)^((-1)(-0.2418255835114689)))(((X_0 + X_6 + (2)(X_9))^((-2)(-0.2418255835114689)))((X_4 + (X_1)(X_4) + sqrt((X_9)(((X_6)(sin(exp(sqrt(X_6)))))^(X_9) - (X_4))))^((-2)(-0.2418255835114689))))))),40,0.3713789980035973,0.4078097153854064,0.3713789980035973,0.4078097153854064,0.41917573861245994,0.4119120431573512
250,log((-0.00024287791932298025)(exp(9.34742442772679) - (9.34742442772679) + sqrt(sqrt((X_7)(X_9))) + (exp(9.34742442772679))((sqrt(X_6 + X_8))((X_2 + log(X_4))(sqrt((X_7)(X_9))) + sqrt((X_2 + log(X_4))(sqrt((X_7)(X_9)))))))),26,0.38077099622141586,0.4203331422072292,0.38077099622141586,0.4203331422072292,0.4044869693036346,0.39385245258248236
251,log((-2.2623695941099924)((((X_2)^((-2)(-0.25838537360231034)))((X_7)^((-1)(-0.25838537360231034))))(((X_8)^((-1)(-0.25838537360231034)))(((3.1018602170948784 + X_3 + (2)(X_9))^((-2)(-0.25838537360231034)))(((X_1)(X_4) + X_6 + sqrt((X_9)(-1.45611140613839 + ((3.1018602170948784)(sin(exp(sqrt(X_6)))))^(X_9))))^((-2)(-0.25838537360231034))))))),42,0.3695591186061263,0.40534556555556517,0.3695591186061263,0.40534556555556517,0.4220219687776894,0.41546550641267344
252,sqrt((-5.8914722923817315)((((X_2)^((-1)(-0.19981146391022486)))((X_7)^((-1)(-0.19981146391022486))))(((X_8)^((-1)(-0.19981146391022486)))(((X_9)^((-1)(-0.19981146391022486)))(((X_1)(X_4) + sqrt(X_8))^((-1)(-0.19981146391022486))))))),24,0.39908033959901745,0.42892984989957567,0.39908033959901745,0.42892984989957567,0.37585177210359455,0.3814554446848465
253,log((0.05343370433289607)((((X_2)^((-2)(3.905289351001894)))((-4.747480885712227 + X_3)^((-2)(3.905289351001894))))(((X_7)^((-1)(3.905289351001894)))(((X_8)^((-1)(3.905289351001894)))((sqrt((X_9)(((-2.281626804459549)(sin(exp(X_6))))^(X_9) - (X_4))) + (X_4)(X_1 + (X_7)((X_6 + sqrt((X_9)(((-2.281626804459549)(sin(exp(X_6))))^(X_9) - (X_4))))^(-1))))^((-2)(3.905289351001894))))))),41,inf,inf,inf,inf,-inf,-inf
254,sqrt((5.777419230255421)((((X_2)^((-1)(-0.13685164086778276)))((X_7)^((-1)(-0.13685164086778276))))(((X_8)^((-1)(-0.13685164086778276)))((-4.681722156871227 + X_0 + (X_1 + X_2)(X_4) + (X_2)((X_6)(X_9)) + sqrt((X_9)(sqrt(X_9) - (X_4 + (X_4)^(sqrt(X_9))))))^(0.22689982466278993))))),37,0.3779415137994417,0.4148987122418595,0.3779415137994417,0.4148987122418595,0.40891218464076107,0.4016892516933579
255,log((7.165275086059435)((((X_2)^((-2)(-0.16226481300409507)))((X_7)^((-1)(-0.16226481300409507))))(((X_8)^((-1)(-0.16226481300409507)))(((X_6 + (X_2)(X_9))^((-2)(-0.16226481300409507)))((X_3 + X_4 + (X_2)(X_9) + ((X_1)^(1.5379185467412968))(X_4 - (sin(X_8))) - (((X_0)^(-1))((X_6)((log(X_2 + X_6))^(-1)))))^((-2)(-0.16226481300409507))))))),43,0.3797835017848895,0.4198548906018933,0.3797835017848895,0.4198548906018933,0.40603137738756767,0.39454212229565455
256,log(3.7815938619718925 + (3.7815938619718925)((X_2 + log(X_4))((sqrt(X_7 + X_8))(sqrt(X_6 + X_9))))),18,0.38156813553869645,0.4323547410926843,0.38156813553869645,0.4323547410926843,0.4032402702235268,0.37651653031332366
257,2.3264569713070284 + (-0.14422188642335415)((5.570622720191594 + (-0.14422188642335415 + X_2)((X_4)^(-1)) - (X_1))(((X_7)^(-1))((sqrt(((X_2)^(-0.14422188642335415 + X_2))^(X_6)))^(-1))) - (-0.14422188642335415 + X_0 + X_2 + X_4 + X_8 + X_9 + sin((-0.14422188642335415 + X_2)((X_4)^(-1))))),34,0.3834663709635238,0.41821958914752777,0.3834663709635238,0.41821958914752777,0.4002714938670503,0.3969003326443481
258,log((7.192793873979543)((((X_2)^((-1)(-0.36995491609709646)))((X_7)^((-1)(-0.36995491609709646))))(((X_8)^((-1)(-0.36995491609709646)))((sqrt(X_6) + ((X_2)(X_9) + (1.6380405495449604)((exp(exp(sqrt(X_6))))^(-1)))(sqrt((X_9)((X_2)(sin(exp(sqrt(X_6)))) - (X_4))) + ((X_2)^(-1))((X_4)(sqrt(sin(exp(sqrt(X_6))) + exp(sqrt(X_6)))))))^((-1)(-0.36995491609709646)))))),40,0.3798256790446994,0.42181450906119367,0.3798256790446994,0.42181450906119367,0.4059654135718751,0.3917162258727801
259,log((-11.446183441945209)((((X_2)^((-1)(-0.41031915908522426)))((X_7)^((-1)(-0.41031915908522426))))(((X_2 + log(X_4))^((-1)(-0.41031915908522426)))((sqrt((((X_2)^(-1))((X_9)(X_9)))(((X_9 - (X_4 + log(X_3) + (X_2 + log(X_4))(sqrt(X_9))))(X_9 - (X_4 + log(X_3) + (X_2 + log(X_4))(sqrt(X_9)))))(((2)(log(X_4)) + (-4.02706650485432)(log(X_4)) - ((X_2 + log(X_4))(sqrt(X_9))))^(-1)))))^((-1)(-0.41031915908522426)))))),40,0.3915388700825424,0.4545442250045367,0.3915388700825424,0.4545442250045367,0.38764637676683633,0.34451786092217973
260,log(5.374142944328668 + (5.374142944328668)((X_2 + log(X_4))((sqrt(X_7 + X_8))(sqrt(X_9)))) - (X_9)),17,0.3801676756354735,0.43593287344577525,0.3801676756354735,0.43593287344577525,0.40543054240710474,0.3713566322886942
261,sqrt((4.481500664858136)((((X_2)^((-1)(-0.17787114536329543)))((X_0 + X_7)^((-1)(-0.17787114536329543))))(((X_8)^((-1)(-0.17787114536329543)))(((X_6 + (X_2)(X_9))^((-1)(-0.17787114536329543)))(((X_1)(X_4) + sqrt((X_9)(X_8 - (X_3 + X_4 + X_9))))^((-1)(-0.17787114536329543))))))),34,0.38144517111777576,0.41504117116151373,0.38144517111777576,0.41504117116151373,0.4034325824418863,0.40148381672740985
262,sqrt((5.655779862550651)((((X_2)^((-1)(-0.1590052214823101)))((X_7)^((-1)(-0.1590052214823101))))(((X_8)^((-1)(-0.1590052214823101)))((X_1 + (2)(((X_1)(X_4))((X_6)((X_9)(sqrt(X_2))))))^((-1)(-0.1590052214823101)))))),28,0.383297180362042,0.4063401946272773,0.383297180362042,0.4063401946272773,0.40053610227697023,0.4140311870315212
263,log((-4.210565147598291)((((X_2)^((-2)(-0.3464563135200145)))((X_7)^((-1)(-0.3464563135200145))))(((2.219360165678439 + X_0 + X_3 + (2)(X_9))^((-1)(-0.3464563135200145)))((X_4 + (X_1)(X_4) + sqrt((((2.219360165678439)(sin(exp(sqrt(X_6 + log(X_6))))))^(X_9) - (X_4))(exp(X_9))))^((-1)(-0.3464563135200145)))))),43,0.3797302977768613,0.42286805261993954,0.3797302977768613,0.42286805261993954,0.4061145866665844,0.3901969479950521
264,(exp(-2.7493871376731644))(((1.692156390978628)(X_6) + (-0.21846621374891803)((X_6)(X_6)) + exp(sqrt(X_9)))(sqrt(exp((-0.21846621374891803)((X_6)(X_6))) + (log(((sqrt(1))^(-1))(((X_2)(X_7))((X_8)(sqrt(X_4))))))(log(((sqrt(1))^(-1))(((X_2)(X_7))((X_8)(sqrt(X_4)))))) - (sin((X_2)((sqrt(X_4))(sqrt(X_4)))))))) - (-2.7493871376731644),38,0.3816982310163246,0.41597866970510855,0.3816982310163246,0.41597866970510855,0.4030368052723329,0.40013188325882
265,log((3.5391464667114154)((((X_5)^((-1)(-0.2170961809189703)))((X_7)^((-1)(-0.2170961809189703))))(((X_8)^((-1)(-0.2170961809189703)))((-1 + X_7 + (X_2)((X_0 + X_3 + X_9 + sqrt(X_6))((X_1)(X_4) + sqrt((-8.11143719231357)((X_4)(((sin(X_6))^(sin(X_6)))(((X_2)(sin(exp(sqrt(X_6)))))^(X_9) - (X_2))))))))^((-2)(-0.2170961809189703)))))),47,0.36923336264577117,0.41590037667854707,0.36923336264577117,0.41590037667854707,0.4225314401427449,0.400244786861379
266,log((5.556298328656337)((((X_2)^((-1)(-0.3450755937195139)))((X_7)^((-1)(-0.3450755937195139))))(((X_8)^((-1)(-0.3450755937195139)))(((X_6 + X_9 + (X_2)(X_9))^((-1)(-0.3450755937195139)))(((X_1)(X_4) + sqrt((X_8 - ((X_3)^(X_0) + X_4))(X_9)))^((-1)(-0.3450755937195139))))))),34,0.3789999914902207,0.42369774413984346,0.3789999914902207,0.42369774413984346,0.40725676113472875,0.38900047921968506
267,sqrt((-5.315462343068353)((((X_4)^((-1)(-0.20833880734590163)))((X_7)^((-1)(-0.20833880734590163))))(((X_9 + sqrt(X_8))^((-1)(-0.20833880734590163)))(((X_2)(X_8 + exp(sqrt(X_9))) - (X_9 + sqrt(X_8)))^((-1)(-0.20833880734590163)))))),25,0.3844715511902514,0.4232464220422815,0.3844715511902514,0.4232464220422815,0.3986994258021115,0.38965131484281945
268,sqrt((-5.691765783287751)((((X_2)^((-1)(-0.14156061280631516)))((X_7)^((-1)(-0.14156061280631516))))(((X_8 + (X_2)(X_9))^((-2)(-0.14156061280631516)))(((X_0)(X_4) + sin(log(X_2)))^((-1)(-0.14156061280631516)))))),27,0.38381818021256925,0.4281277980939296,0.38381818021256925,0.4281277980939296,0.39972127603479646,0.38261205520654185
269,log((-2.9332764762072707)(((X_7)^((-1)(-0.21944842873644582)))(((X_8)^((-1)(-0.21944842873644582)))((X_7 + (2)((X_2)((X_0 + X_3 + X_9 + sqrt(X_6))((X_1)(X_4) + sqrt((-4.489922350584445)((X_9)(((X_2)(sin(exp(sqrt(X_6)))))^(X_9))))))))^((-2)(-0.21944842873644582)))))),41,0.3653916478502474,0.408102179121125,0.3653916478502474,0.408102179121125,0.4285397528652378,0.4114902915553159
270,log((-5.083117858223242)((((X_2)^((-2)(-0.33909505518722616)))((X_4)^((-1)(-0.33909505518722616))))(((X_7)^((-1)(-0.33909505518722616)))((X_8 + exp(sqrt(X_9)))^((-2)(-0.33909505518722616)))))),23,0.3839629038219195,0.4315856387719072,0.3839629038219195,0.4315856387719072,0.39949493317761264,0.3776256255490791
271,(0.18035209031547786)(17.603552358453125 + X_7 + X_8 + X_9 + (-8.265799298940223 + X_2)((sqrt((X_2)((X_4)^(X_2))))^(-1))),20,0.37621658921429196,0.4339929924756267,0.37621658921429196,0.4339929924756267,0.41160990867336533,0.37415406597703693
272,(0.23850477353402902)(-318.29215532099613 + X_7 + X_8 + X_9 + (22.883896412364464)((sqrt((-0.004923679492202498)((exp(-0.004923679492202498))^(X_4))))^(-1))),20,0.48196119899650464,0.4987818887050453,0.48196119899650464,0.4987818887050453,0.24622889573877715,0.2807242918147398
273,log((-11.748536304287652)((((X_1)^((-2)(-0.21122869199483282)))(((X_2)^((-2)(-0.21122869199483282)))((X_4)^((-2)(-0.21122869199483282)))))(((X_7)^((-1)(-0.21122869199483282)))(((X_8)^((-1)(-0.21122869199483282)))((sqrt((X_9)(((0.9553930727527887)(sin(exp(sqrt(X_6)))))^(X_9) - (sqrt(sqrt(X_6))))))^((-2)(-0.21122869199483282))))))),36,0.3889744217706567,0.4300868840702006,0.3889744217706567,0.4300868840702006,0.39165708767031904,0.3797869266585977
274,sqrt((6.346246786868013)((((X_2)^((-1)(-0.1816255501919135)))((X_7)^((-1)(-0.1816255501919135))))(((X_8)^((-1)(-0.1816255501919135)))(((X_9)^((-1)(-0.1816255501919135)))(((X_1)(X_4) + sqrt((2)((X_2)((log(X_2))(sqrt(X_9))))))^((-1)(-0.1816255501919135))))))),30,0.38530639248214654,0.4214582619417861,0.38530639248214654,0.4214582619417861,0.3973937621018283,0.39222995723493137
275,3.016493919127866 + (-0.17768206991921773)(((X_2)^((-1)(X_7)))(6.800365617392854 - (X_7)) - (X_4 + X_8 + X_9)),18,0.38365462635197156,0.42791046704212016,0.38365462635197156,0.42791046704212016,0.3999770687715678,0.3829254606243022
276,log((-3.282933862617895)((((X_2)^((-2)(-0.22876207098073081)))((X_7)^((-1)(-0.22876207098073081))))(((X_8)^((-1)(-0.22876207098073081)))(((X_0 + X_6 + (2)(X_9))^((-2)(-0.22876207098073081)))((X_4 + (X_1)(X_4) + sqrt((X_9)(((X_5)((X_6)(sin(exp(sqrt(X_6))))))^(X_9) - (X_4))))^((-2)(-0.22876207098073081))))))),42,0.3691459799418919,0.39785878168909533,0.3691459799418919,0.39785878168909533,0.4226681037524578,0.42626193244483335
277,(0.18035209031547728)(17.603552358453047 + X_7 + X_8 + X_9 + (-8.26579929894021 + X_2)((sqrt((X_2)((X_4)^(X_2))))^(-1))),20,0.37621658921429196,0.43399299247562734,0.37621658921429196,0.43399299247562734,0.41160990867336533,0.37415406597703604
278,2.420957476162061 + (-0.0024707258933434105)((log(X_2) + log(((2)^(-1))(((X_2)(X_4))((X_7)(X_8)))) + sqrt(X_9))(-140.18690348991143 + X_1 + sqrt((log(((2)^(-1))(((X_2)(X_4))((X_7)(X_8)))))(log(((2)^(-1))(((X_2)(X_4))((X_7)(X_8))))) + ((X_9)^(-1))(sqrt(X_9))))),31,0.3863117204938017,0.43618593877438633,0.3863117204938017,0.43618593877438633,0.39582146290623366,0.3709916957351108
279,sqrt((-7.229027695296557)((((X_2)^((-2)(-0.16614383706091665)))((X_7)^((-1)(-0.16614383706091665))))(((X_8)^((-1)(-0.16614383706091665)))((sqrt((X_4)(X_9)))^((-2)(-0.16614383706091665)))))),22,0.3871070359439037,0.42927624767115363,0.3871070359439037,0.42927624767115363,0.39457761629304655,0.38095591671859974
280,log(1 + (2)(exp(-30.90620442150693)) - (-30.90620442150693) + (X_2)(X_3) + X_7 + (X_4)((X_5)(sqrt(X_9))) + (exp(-30.90620442150693))((sqrt(X_8))(2110.5204798295636 + (X_2 + log(X_4))(sqrt(X_9))))),31,0.5556308653807868,0.5981950159659848,0.5556308653807868,0.5981950159659848,0.13101201542422936,0.13736413954624327
281,(0.17936899813131527)(17.264723239977556 + X_7 + X_8 + X_9 + (-7.715931054101243 + X_2)((sqrt((X_2)((X_4)^((X_2)^(sqrt(X_2))))))^(-1))),22,0.37702904027942563,0.43482711980106276,0.37702904027942563,0.43482711980106276,0.4103392625346325,0.3729512004835096
282,log((7.281327154016855)((((X_2)^((-2)(-0.18427152333551716)))(((X_5)^((-1)(-0.18427152333551716)))((X_7)^((-1)(-0.18427152333551716)))))(((X_8)^((-1)(-0.18427152333551716)))(((X_6 + (X_2)(X_9))^((-2)(-0.18427152333551716)))((X_3 + (X_1)(-1 + X_4) + sqrt(sin(X_4)))^((-2)(-0.18427152333551716))))))),36,0.38242330029218863,0.4176034741348252,0.38242330029218863,0.4176034741348252,0.4019028213128941,0.39778881029784874
283,sqrt((-5.301340984925948)((((X_4)^((-1)(-0.21114890069721837)))((X_7)^((-1)(-0.21114890069721837))))(((X_9 + sqrt(((X_5)^(-1))(X_6)))^((-1)(-0.21114890069721837)))(((X_2)(X_8 + exp(sqrt(X_9))) - (X_9 + sqrt(((X_5)^(-1))(X_6))))^((-1)(-0.21114890069721837)))))),29,0.38351478280803586,0.42272657408340913,0.38351478280803586,0.42272657408340913,0.40019577937058637,0.3904009691851962
284,sqrt((-4.955116350225258)((((X_2)^((-2)(-0.16342794583389003)))((X_4)^((-1)(-0.16342794583389003))))(((X_7)^(((-1)(-0.16342794583389003))(log(X_0))))((exp(sqrt(X_9)) + (X_8)(sqrt(X_9)))^((-2)(-0.16342794583389003)))))),27,0.38381274725123843,0.42761007560310876,0.38381274725123843,0.42761007560310876,0.3997297730035779,0.3833586444866687
285,log((12.378738706769202)((((X_2)^((-2)(-0.32720918892572864)))((X_7)^((-1)(-0.32720918892572864))))(((X_8)^(0.25570588860920385))(((sqrt(X_4))^((-2)(-0.32720918892572864)))((sqrt(X_9))^((-2)(-0.32720918892572864))))))),25,0.3840427716351297,0.4310897868256577,0.3840427716351297,0.4310897868256577,0.3993700226041397,0.37834067609094946
286,log((2.7116552036143364)((((X_2)^((-2)(-0.25228505314117583)))((X_7)^((-1)(-0.25228505314117583))))(((X_8)^((-1)(-0.25228505314117583)))(((X_0 + X_6 + (2)(X_9))^((-2)(-0.25228505314117583)))((1.5769116259807758 + (X_1)(X_4) + sqrt((X_9)(((X_6)(sin(exp(sqrt(X_6)))))^(X_9) - (X_4))))^((-2)(-0.25228505314117583))))))),41,0.3710035146659923,0.40369219709536347,0.3710035146659923,0.40369219709536347,0.41976298192293293,0.4178497705510331
287,log(X_5 + (2.185732745737619)(-1.3343242386539769 + (-1.3343242386539769)((sqrt((2)(X_2) + X_8))(X_0 + X_1 + (-4.101054305800499)((X_7)^(-2)) + (X_2 + log(X_4))(sqrt(X_9)))))),31,0.5405771876128533,0.620295884780442,0.5405771876128533,0.620295884780442,0.1545554611164418,0.10549325885067595
288,sqrt((-7.1814157053486065)((((X_2)^((-2)(-0.14959670275309514)))((X_7)^((-1)(-0.14959670275309514))))(((X_8)^((-1)(-0.14959670275309514)))(((sqrt(X_4))^((-2)(-0.14959670275309514)))((sqrt((X_6)((X_9)(sin(sqrt(X_5))))))^((-2)(-0.14959670275309514))))))),30,0.3842564223388575,0.41264956387850904,0.3842564223388575,0.41264956387850904,0.39903588008974133,0.40493266894345625
289,1.2499035176720747 + log((X_4)(X_8) + (X_2)(X_7 + X_9)),12,0.3877829435421853,0.44196193202720246,0.3877829435421853,0.44196193202720246,0.3935205195437729,0.3626623402964465
290,log((-3.929211535674596)((((X_2)^((-3)(4.739665520564703)))((X_7)^((-1)(4.739665520564703))))(((X_8)^((-1)(4.739665520564703)))(((-4.757644381114417 + X_3 + (2)(X_9))^((-2)(4.739665520564703)))((sqrt((X_9)(((-4.757644381114417)(sin(exp(sqrt(X_6)))))^(X_9) - (X_2 + X_7))) + (X_4)(X_1 + (X_7)((X_6 + sqrt((X_9)(((-4.757644381114417)(sin(exp(sqrt(X_6)))))^(X_9) - (X_2 + X_7))))^(-1))))^((-2)(4.739665520564703))))))),47,inf,inf,inf,inf,-inf,-inf
291,2.964045453649742 + (-0.16001348720517752)(((-0.16001348720517752 - (exp(-0.16001348720517752)))^(-1))(((X_2)^(-1))(-9.855963949737973 + X_1 + X_7)) - (X_4 + X_6 + X_8 + X_9)),25,0.38138998848007755,0.40613958843630704,0.38138998848007755,0.40613958843630704,0.40351888623115484,0.41432047411941264
292,3.380202432051684 + (-0.1741350871811616)(((X_2)^(-1))((sqrt(-4.877515680781229) + X_2)((X_7)^(-1)) - (-4.877515680781229)) - (X_4 + X_8 + X_9)),21,0.3841952162145175,0.42648518467413365,0.3841952162145175,0.42648518467413365,0.39913160440951523,0.3849808098817884
293,sqrt((5.34492730403587)((((X_4)^((-1)(-0.20772284229644986)))((X_7)^((-1)(-0.20772284229644986))))(((X_9 + sqrt((X_6)((sin(sqrt(X_9)))^(-1))))^((-1)(-0.20772284229644986)))(((X_2)(X_8 + exp(sqrt(X_9))) - (X_9 + sqrt((X_6)((sin(sqrt(X_9)))^(-1)))))^((-1)(-0.20772284229644986)))))),29,0.3828340247594606,0.42222187894381985,0.3828340247594606,0.42222187894381985,0.4012604620609723,0.3911287721831924
294,log(X_9 + (-0.33592666550575223)((sqrt(X_2 + X_8))(-5.663450781163489 + X_6 + (X_2 + X_4)(sqrt((X_9)(sqrt(X_7)))))) - (-0.33592666550575223)),22,13.841208899046837,13.062089370698045,13.841208899046837,13.062089370698045,-20.64718516317838,-17.83637677157896
295,log(-1 - (-1.599089859382561) + X_2 + X_7 + ((X_2)^((6.030957359833699)(((X_4)^(-1))((sqrt((6.030957359833699)((X_4)^(-1))))^(-1)))) + log(X_4))(sqrt((6.030957359833699)((X_4)^(-1)))) + (-1.599089859382561)((X_0 + (log(X_0))^(log(X_0)) + ((X_2)^((6.030957359833699)(((X_4)^(-1))((sqrt((6.030957359833699)((X_4)^(-1))))^(-1)))) + log(X_4))^(sqrt(X_9)))(sqrt(X_2 + X_8)))),35,1.8518911007922234,2.0482617235434586,1.8518911007922234,2.0482617235434586,-1.8962953924965427,-1.9537257368655143
296,log(1 + X_1 + (2.144011349395286)((sqrt(X_6 + X_8))(sqrt(X_2) + (X_2 + X_4)(sqrt((X_7)(X_9)))))),22,0.38379464575788313,0.41463089004519377,0.38379464575788313,0.41463089004519377,0.3997580831303341,0.4020754686040693
297,sqrt((6.887051445151838)((((X_2)^((-1)(-0.09197575468636121)))((X_4)^((-2)(-0.09197575468636121))))(((X_2 + log(X_4))^((-2)(-0.09197575468636121)))((sqrt(((X_1)(X_3))((X_9)(X_9 - (X_7 + (X_9)(X_2 + log(X_4)))))))^((-2)(-0.09197575468636121)))))),30,0.3997016848721229,0.4478276925670568,0.3997016848721229,0.4478276925670568,0.3748800089956694,0.3542035346303012
298,sqrt(-7.0070011758075434 + X_0 + X_1 + X_4 + X_7 + X_8 + X_9 + sqrt((-37.84169957053193)(X_2))),19,0.38735310372027987,0.42974546743443925,0.38735310372027987,0.42974546743443925,0.3941927745673883,0.3802792715051819
299,3.6428485742243013 + (-0.17410894160715784)(((X_2 + X_5)^(-1))(12.714423967916344 + (7.053663191149504)((X_5)((X_7)^(-1)))) - (X_4 + X_8 + X_9)),23,0.3807125537590201,0.42080420782956995,0.3807125537590201,0.42080420782956995,0.4045783713490846,0.3931731455210521
300,log((-2.6116174265281114)((((X_2)^((-2)(-0.25909204169381905)))((X_7)^((-1)(-0.25909204169381905))))(((X_8)^((-1)(-0.25909204169381905)))(((2.9361084402013793 + X_3 + X_9)(X_4 + (X_1)(X_4) + sqrt((X_9)(((2.9361084402013793)(sin(exp(sqrt(X_6)))))^(X_9) - (X_4)))) - (X_6))^((-2)(-0.25909204169381905)))))),39,0.37151782605097566,0.41428122765517145,0.37151782605097566,0.41428122765517145,0.41895861621590047,0.4025797043610292
301,log((1.4721631052629596)(((X_7)^((-1)(-0.2587852639560039)))(((X_8)^((-1)(-0.2587852639560039)))((log((2)((X_2)((X_0 + X_3 + X_9 + sqrt(X_6))((X_1)(X_4) + sqrt((-14.58951358213221)((X_9)((X_5)(sin(exp(sqrt(X_6)))) - (X_4)))))))) + (2)((X_2)((X_0 + X_3 + X_9 + sqrt(X_6))((X_1)(X_4) + sqrt((-14.58951358213221)((X_9)((X_5)(sin(exp(sqrt(X_6)))) - (X_4))))))))^((-2)(-0.2587852639560039)))))),43,0.36992004892466024,0.41179476528250925,0.36992004892466024,0.41179476528250925,0.4214574858995467,0.40616534374464
302,sqrt((8.634862156326225)((((X_2)^((-3)(-0.11185914358679035)))((-0.9778896712335956 + X_4)^(0.05150271094038717)))(((X_7)^((-1)(-0.11185914358679035)))(((X_8)^((-1)(-0.11185914358679035)))((X_9)^((-2)(-0.11185914358679035))))))),27,0.3838997437733714,0.4335897113026344,0.3838997437733714,0.4335897113026344,0.39959371336912686,0.37473562348317435
303,log((4.082900762634331)(((X_7)^((-1)(-0.21449422820805372)))(((X_8)^((-1)(-0.21449422820805372)))((X_7 + (X_2)(((2)(X_0) + X_3 + X_9)((X_1)(X_4) + sqrt((X_9)((((X_2)(sin(exp(sqrt(X_6)))))^(X_9))(exp(sqrt(X_6))))))))^((-2)(-0.21449422820805372)))))),39,0.3669220203545197,0.4078652511289953,0.3669220203545197,0.4078652511289953,0.42614630174328416,0.4118319570271125
304,sqrt((-6.609195786604548)((((X_2)^((-1)(-0.14590322184814317)))((X_7)^((-1)(-0.14590322184814317))))(((X_8)^((-1)(-0.14590322184814317)))(((X_6 + (X_2)(X_9) - (X_2))^((-1)(-0.14590322184814317)))(((X_4)(X_4 + log(X_2)) + sqrt((X_2 + X_9 - (X_7))(log(X_2))))^((-1)(-0.14590322184814317))))))),32,0.380209195051263,0.42408345365016475,0.380209195051263,0.42408345365016475,0.4053656074373332,0.3884442611863671
305,sqrt((-4.640760992346831)((((X_1)^((-1)(-0.16659215604416136)))(((X_2)^((-1)(-0.16659215604416136)))((X_8)^((-1)(-0.16659215604416136)))))(((X_7 + X_9)^((-1)(-0.16659215604416136)))(((X_6 + (X_0)(((X_0)^(-1))(sin((((X_2)(X_9))^((-1)(X_5)))(X_5 + (X_2)(X_9) + sqrt(X_9)))) + log(X_4)))^((-1)(-0.16659215604416136)))((X_5 + (X_2)(X_9) + sqrt(X_9))^((-1)(-0.16659215604416136))))))),41,0.3849259493952048,0.41920191060326517,0.3849259493952048,0.41920191060326517,0.3979887622934407,0.3954837616405864
306,log((-3.801399951519452)((((X_2)^((-2)(-0.2314082943661776)))((X_7)^((-1)(-0.2314082943661776))))(((X_8)^((-1)(-0.2314082943661776)))(((X_0 + X_3 + X_9 + sqrt(X_6))^((-2)(-0.2314082943661776)))(((X_1)(X_4) + sqrt((X_5)((X_9)(((X_2)(sin(exp(sqrt(X_6)))))^(X_9) - (X_4)))))^((-2)(-0.2314082943661776))))))),41,0.36710973415848114,0.41150939268515946,0.36710973415848114,0.41150939268515946,0.42585272366772176,0.406576869467012
307,sqrt((5.420466418618618)((((X_4)^((-1)(-0.2036957266602474)))((X_7)^((-1)(-0.2036957266602474))))(((X_9 + sqrt(X_9 + (log(X_8))^(X_4)))^((-1)(-0.2036957266602474)))(((X_2)(X_8 + exp(sqrt(X_9))) - (X_9 + sqrt(X_9 + (log(X_8))^(X_4))))^((-1)(-0.2036957266602474)))))),28,0.38320730843167616,0.42132369723990076,0.38320730843167616,0.42132369723990076,0.40067665895318183,0.39242400822883694
308,log((X_7)(1 + X_9 + sin(X_9)) + (exp(-36.92298105232277))((sqrt(X_2 + X_8))(3885.561206666473 + X_1 + (X_2 + X_4 - (sin(X_5 + X_6)))(sqrt(X_9)))) - (-36.92298105232277)),31,0.6206393720119797,0.6658329879909076,0.6206393720119797,0.6658329879909076,0.029340897641731978,0.039825814017325434
309,log(7.131853229846444 + (7.131853229846444)((X_2 + log(X_4))((log(X_7 + X_8))(sqrt(X_9))))),16,0.38062311501190427,0.4254200859164273,0.38062311501190427,0.4254200859164273,0.40471825054126354,0.38651675110296113
310,1.6767863850012272 + log(X_4 + X_8 + (X_2)(((X_5)^(-1))(X_7 + X_9 - (sqrt(X_7))))),18,0.4456834232211699,0.498220516687786,0.4456834232211699,0.498220516687786,0.30296611683302843,0.2815338265320446
311,log((-2.16141180419333)((((X_2)^((-2)(-0.2708068105453847)))((X_7)^((-1)(-0.2708068105453847))))(((X_8)^((-1)(-0.2708068105453847)))(((X_3 + X_6 + (2)(X_9))^((-2)(-0.2708068105453847)))((2.791952085650954 + (X_1)(X_4) + sqrt((X_4)((sin(X_6))(((X_6)(sin(exp(sqrt(X_6)))))^(X_9)))))^((-2)(-0.2708068105453847))))))),42,0.37177588349167645,0.41267247288893794,0.37177588349167645,0.41267247288893794,0.4185550230585159,0.40489963267034124
312,3.2730908777701706 + (-0.17701378756454703)(((X_2)^(-1))(8.227382614844695 - (X_7)) - (X_4 + X_8 + X_9)),17,0.3866994623382395,0.42892452531805564,0.3866994623382395,0.42892452531805564,0.39521504770339433,0.3814631230754023
313,log((2.6996464546073016)(((X_7)^((-1)(-0.22917716913245428)))(((X_8)^((-1)(-0.22917716913245428)))((X_7 + (2)((X_2)((X_0 + X_3 + X_9 + sqrt(X_6))((X_1)(X_4) + sqrt(((X_9)(X_9))(((X_2)(sin(exp(sqrt(X_6)))))^(X_9) - (X_4)))))))^((-2)(-0.22917716913245428)))))),41,0.36716964666661744,0.41254303929645997,0.36716964666661744,0.41254303929645997,0.4257590225201793,0.4050862842729772
314,2.8566436193080076 + (0.06364374374138917)((exp(sqrt(X_9)) + log(X_2) - (sin((-4.208504962277337)(X_6))))(sqrt(exp(log(X_2)) + (log(((sqrt(1))^(-1))(((X_2)(X_7))((X_8)(sqrt(X_4))))))(log(((sqrt(1))^(-1))(((X_2)(X_7))((X_8)(sqrt(X_4)))))) - (sin((X_2)((sqrt(X_4))(sqrt(X_4)))))))),37,0.3702961895373292,0.4258078155339914,0.3702961895373292,0.4258078155339914,0.42086921463298144,0.3859576199444865
315,sqrt((-5.341230129032973)((((X_4)^((-1)(-0.20804888149328904)))((X_7)^((-1)(-0.20804888149328904))))(((X_9 + sqrt(X_6))^((-1)(-0.20804888149328904)))(((X_2)(X_8 + exp(sqrt(X_9))) - (X_9 + sqrt(X_6)))^((-1)(-0.20804888149328904)))))),26,0.3830010261576311,0.42177919946494147,0.3830010261576311,0.42177919946494147,0.4009992774913965,0.3917671445918137
316,log((3.1256623199285483)(((X_7)^((-1)(-0.21252248908004298)))(((X_8)^((-1)(-0.21252248908004298)))((X_7 + (2)((X_2)(((2)(X_0) + X_3 + X_9)((X_1)(X_4) + sqrt((X_9)((((X_2)(sin(exp(sqrt(X_6)))))^(X_9))(exp(sqrt(X_6)))))))))^((-2)(-0.21252248908004298)))))),40,0.36677460145143415,0.40800556172644276,0.36677460145143415,0.40800556172644276,0.4263768599492126,0.4116296200805827
317,(0.13554725190880768)(20.662041697229945 + X_2 + X_8 + ((X_2 + X_4)(X_9))(((log((X_2)(X_2 + X_4)))^(-1))(log(log((X_2)(X_2 + X_4)))))),19,0.3865102359267775,0.4400599209358256,0.3865102359267775,0.4400599209358256,0.39551099144621027,0.365405163172951
318,sqrt((5.642621214882988)((((X_2)^((-1)(-0.1677234133472066)))(((X_6)^((-1)(-0.1677234133472066)))((X_7)^((-1)(-0.1677234133472066)))))((((X_8)^((-1)(-0.1677234133472066)))((X_9)^((-1)(-0.1677234133472066))))(((sqrt(X_9))^((-1)(-0.1677234133472066)))(((X_1)(X_4) + sqrt((X_9)(X_2 + X_6 - (log((X_9)(sqrt(X_9)))))))^((-1)(-0.1677234133472066))))))),35,0.38985640739050154,0.40311076142328617,0.38985640739050154,0.40311076142328617,0.390277691826842,0.4186882383548328
319,log((6.806020643560077)((((X_2)^((-2)(-0.26701171290126324)))((X_7)^((-1)(-0.26701171290126324))))(((X_8)^((-1)(-0.26701171290126324)))(((X_1)(X_4) + sqrt((X_9)((2.863597305743463)^(X_9) - (sqrt(sqrt(X_6))))))^((-2)(-0.26701171290126324)))))),31,0.3889561999541505,0.42527838425950915,0.3889561999541505,0.42527838425950915,0.3916855859784363,0.3867210940471194
320,log(-5.123958947269848 + (-5.123958947269848)((X_2 + log(X_4))((sqrt(X_7 + X_8))(sqrt(X_9))))),16,0.38187418108849036,0.43551278074970884,0.38187418108849036,0.43551278074970884,0.40276162527762094,0.3719624330972422
321,sqrt((-5.341227379597845)((((X_4)^((-1)(-0.20804898372875438)))((X_7)^((-1)(-0.20804898372875438))))(((X_9 + sqrt(X_6))^((-1)(-0.20804898372875438)))(((X_2)(X_8 + exp(sqrt(X_9))) - (X_9 + sqrt(X_6)))^((-1)(-0.20804898372875438)))))),26,0.3830010261576575,0.4217792015602459,0.3830010261576575,0.4217792015602459,0.40099927749135533,0.3917671415702494
322,log((5.612003757229325)((((X_2)^((-2)(-0.22057627847698902)))((X_7)^((-1)(-0.22057627847698902))))(((X_8)^((-1)(-0.22057627847698902)))(((X_3 + X_9)^((-2)(-0.22057627847698902)))(((X_1)(X_4) + sqrt((((X_2)(sin(exp(sqrt(X_6)))))^(X_9))(exp(sqrt(X_6)))))^((-2)(-0.22057627847698902))))))),35,0.37046882381607915,0.41385549528250587,0.37046882381607915,0.41385549528250587,0.4205992204276435,0.4031936379475942
323,log((((25.976636389385945)^(-0.3926049479961571))(((2)^((-2)(-0.3926049479961571)))((25.976636389385945)^((-2)(-0.3926049479961571)))))((((X_7)^((-1)(-0.3926049479961571)))((X_8)^((-1)(-0.3926049479961571))))(((X_6 + (X_2)(X_9))^((-1)(-0.3926049479961571)))(((X_1)(X_4) + (X_9)(sqrt((X_4)(X_4 - (((X_0)^(-1))(X_2))))))^((-1)(-0.3926049479961571)))))),39,0.3949495698679657,0.43687193190208273,0.3949495698679657,0.43687193190208273,0.3823121570227679,0.3700024493251919
324,2.3522063548544563 + (-0.6811376666486542)(((X_4)^(-1))(((((X_7)^(0.5034767188284731))((((X_2)(X_2))((X_9)^(-2)) + exp((-1.3091646446461802 + (0.3169295884517654)(X_8))(X_9)))^(0.5034767188284731)) - (log(((X_7)^(0.5034767188284731))((((X_2)(X_2))((X_9)^(-2)) + exp((-1.3091646446461802 + (0.3169295884517654)(X_8))(X_9)))^(0.5034767188284731)))))^(-1))(sqrt((-1.3091646446461802 + (0.3169295884517654)(X_8))(X_9)))) - (X_9 + log(((X_7)^(0.5034767188284731))((((X_2)(X_2))((X_9)^(-2)) + exp((-1.3091646446461802 + (0.3169295884517654)(X_8))(X_9)))^(0.5034767188284731))))),34,0.37913563076928947,0.44147488112499134,0.37913563076928947,0.44147488112499134,0.4070446258645498,0.36336469916420666
325,log((5.517823038283029)((((X_2)^((-1)(-0.32986153143526775)))((X_0 + X_7)^((-1)(-0.32986153143526775))))(((X_8)^((-1)(-0.32986153143526775)))(((X_6 + (X_2)(X_9))^((-1)(-0.32986153143526775)))(((X_1)(X_4) + sqrt((X_4)(X_9)))^((-1)(-0.32986153143526775))))))),30,0.3798868118429958,0.419309333223853,0.3798868118429958,0.419309333223853,0.40586980393156713,0.3953288512814732
326,log(-5.123958947268877 + (-5.123958947268877)((X_2 + log(X_4))((sqrt(X_7 + X_8))(sqrt(X_9))))),16,0.3818741810884904,0.43551278074972055,0.3818741810884904,0.43551278074972055,0.4027616252776208,0.3719624330972253
327,log((7.475084695066536)((((X_2)^((-2)(-0.18551162251081024)))((X_7)^((-1)(-0.18551162251081024))))(((X_8)^((-1)(-0.18551162251081024)))(((X_3 + X_9)^((-2)(-0.18551162251081024)))(((X_1)(X_4) + sqrt((X_4)((((X_2)(sin(exp(sqrt(X_6)))))^(X_9))(((X_2)(sin(exp(sqrt(X_6)))))^(X_9) - (X_4)))))^((-2)(-0.18551162251081024))))))),37,0.36983415638538236,0.4247042814787289,0.36983415638538236,0.4247042814787289,0.4215918189419452,0.38754898734791443
328,(0.16545006227373507)(19.5000049206972 + X_7 + X_8 + X_9 + (-8.635228162480322 + X_2)((sqrt((X_2)((X_4)^((X_2)^(log((2)(X_7)))))))^(-1))),24,0.37625609815454353,0.43540785690396777,0.37625609815454353,0.43540785690396777,0.4115481180197119,0.3721137400615887
329,sqrt((-0.07201969591221927)((((X_2)^((-1)(-0.7893809363848813)))((X_7)^((-1)(-0.7893809363848813))))(((X_8)^((-1)(-0.7893809363848813)))(((X_6 + (X_9)(log(sqrt(X_9))))^((-1)(-0.7893809363848813)))(((X_1)(X_4) + sqrt((0.5099484975431006)(((X_4)(X_9))((exp(sqrt(X_9)))(log((-8.455443793145355e-13)(((X_2)^(-1))((X_8 + exp(sqrt(X_9)))^(-1)))))))))^((-1)(-0.7893809363848813))))))),42,2.0252280771546944,2.149919810428746,2.0252280771546944,2.149919810428746,-2.167388593264741,-2.1003232659518467
330,log((1.1669458154863452)((((X_2)^((-2)(0.09552989552348556)))((X_7)^((-1)(0.09552989552348556))))(((X_8)^((-1)(0.09552989552348556)))(((X_3 + X_6 + (2)(X_9))^((-2)(0.09552989552348556)))((-3.945048601094392 + (X_1)(X_4) + sqrt((X_9)(((X_6)(sin(exp(sqrt(X_6)))))^(X_9) - (X_4))))^((-2)(0.09552989552348556))))))),41,inf,inf,inf,inf,-inf,-inf
331,sqrt((5.94063306039775)((((X_2)^((-1)(-0.18322119229565564)))((X_7)^((-1)(-0.18322119229565564))))(((X_8)^((-1)(-0.18322119229565564)))(((X_9)^((-1)(-0.18322119229565564)))(((X_1)(X_4) + sqrt((X_4)((X_9)(X_8 - (X_4 + (exp(sqrt(X_2)))^(log(X_2)))))))^((-1)(-0.18322119229565564))))))),32,0.3852509726366432,0.4228391148472524,0.3852509726366432,0.4228391148472524,0.39748043687612555,0.3902386781328422
332,sqrt((7.229025796045761)((((X_2)^((-2)(-0.16614389600433632)))((X_7)^((-1)(-0.16614389600433632))))(((X_8)^((-1)(-0.16614389600433632)))(((sqrt(X_4))^((-2)(-0.16614389600433632)))((sqrt(X_9))^((-2)(-0.16614389600433632))))))),24,0.3871070359436709,0.4292762506659701,0.3871070359436709,0.4292762506659701,0.3945776162934107,0.3809559123998809
333,log((1.340720337400015)(exp(1.340720337400015) + (exp(1.340720337400015))((X_2 + log(X_4))((sqrt(X_7 + X_8))(sqrt(X_9)))))),18,0.3818741810884904,0.43551278074970845,0.3818741810884904,0.43551278074970845,0.4027616252776208,0.37196243309724286
334,log((4.800943756505825)((((X_2)^((-2)(-0.2080276721388375)))((X_7)^((-1)(-0.2080276721388375))))(((X_8)^((-1)(-0.2080276721388375)))(((X_2 + X_3 + (2)(X_9))^((-2)(-0.2080276721388375)))(((X_1)(X_4) + sqrt((X_9)(((X_2)(sin(X_9 + sqrt((X_2)((X_6)(X_9))))))^(X_9) - (X_4))))^((-2)(-0.2080276721388375))))))),41,0.3863481603027413,0.4258097487449991,0.3863481603027413,0.4258097487449991,0.39576447227072065,0.3859548321293148
335,3.338932948950426 + (-0.1417845899650542)(((-1 + -0.1417845899650542)^(-1))(((X_2)^(-1))(-16.085676197024668 + (1 + X_1)((X_2)^(-1)) + X_7 + sqrt(X_3))) - (X_0 + X_4 + X_8 + X_9)),30,0.38132601290331786,0.4241783921588633,0.38132601290331786,0.4241783921588633,0.4036189418813614,0.38830735372315606
336,log((3.3310164366564816)((((X_2)^((-2)(-0.2337740715055245)))((X_7)^((-1)(-0.2337740715055245))))(((X_8)^((-1)(-0.2337740715055245)))(((X_3 + X_6 + (2)(X_9))^((-2)(-0.2337740715055245)))(((X_1)(X_4) + sqrt((3.619500962368708)((X_9)(((X_8)(sin(exp(sqrt(X_6)))))^(X_9) - (X_4)))))^((-2)(-0.2337740715055245))))))),41,0.3671429077318895,0.4160275242526519,0.3671429077318895,0.4160275242526519,0.4258008413147183,0.40006143184492937
337,log((2.6996464546073016)(((X_7)^((-1)(-0.22917716913245428)))(((X_8)^((-1)(-0.22917716913245428)))((X_7 + (2)((X_2)((X_0 + X_3 + X_9 + sqrt(X_6))((X_1)(X_4) + sqrt(((X_9)(X_9))(((X_2)(sin(exp(sqrt(X_6)))))^(X_9) - (X_4)))))))^((-2)(-0.22917716913245428)))))),41,0.36716964666661744,0.41254303929645997,0.36716964666661744,0.41254303929645997,0.4257590225201793,0.4050862842729772
338,log((2)(-0.6070673620409531) + X_0 + (X_2 + log(X_4))((sqrt(X_7 + X_8))(sqrt(X_9))) + ((2)(-0.6070673620409531))((X_2 + log(X_4))((sqrt(X_7 + X_8))(sqrt(X_9))))),21,16.861716435648404,16.753944062924347,16.861716435648404,16.753944062924347,-25.371157354371352,-23.16026975647131
339,log(5.123958947269886 + (5.123958947269886)((X_2 + log(X_4))((sqrt(X_7 + X_8))(sqrt(X_9))))),16,0.38187418108849047,0.43551278074970845,0.38187418108849047,0.43551278074970845,0.4027616252776208,0.37196243309724286
340,log(5.12395894726989 + (5.12395894726989)((X_2 + log(X_4))((sqrt(X_7 + X_8))(sqrt(X_9))))),16,0.3818741810884904,0.43551278074970834,0.3818741810884904,0.43551278074970834,0.4027616252776208,0.371962433097243
341,sqrt(((2)^((-1)(2.7694897128403397)))((((X_2)^((-1)(2.7694897128403397)))(((X_7)^((-1)(2.7694897128403397)))((X_8)^((-1)(2.7694897128403397)))))(((X_2 + log(X_4))^((-1)(2.7694897128403397)))(((1.8583440078089977 + (-1.9088602112175068)(((X_2)^(-1))(((X_2 + log(X_4))^(-1))((sqrt(((X_3)(X_6))((X_9)(X_9 - (X_4 + (X_4)(X_9))))))^(-1)))))^(2.7694897128403397))((sqrt(((X_3)(X_6))((X_9)(X_9 - (X_4 + (X_4)(X_9))))))^((-1)(2.7694897128403397))))))),43,inf,inf,inf,inf,-inf,-inf
342,(0.18035209031547728)(17.603552358453047 + X_7 + X_8 + X_9 + (-8.26579929894021 + X_2)((sqrt((X_2)((X_4)^(X_2))))^(-1))),20,0.37621658921429196,0.43399299247562734,0.37621658921429196,0.43399299247562734,0.41160990867336533,0.37415406597703604
343,log((-5.764846446126021)(((X_7)^((-1)(-0.19659166275877427)))(((X_8)^((-1)(-0.19659166275877427)))((X_7 + (X_2)((X_3 + X_9 + sqrt(X_6))((X_1)(X_4) + sqrt(X_0 + (X_2)((X_9)((X_4)(((X_2)(sin(exp(sqrt(X_6)))))^(X_9)) - (X_4)))))))^((-2)(-0.19659166275877427)))))),40,0.36807806784448255,0.41258378203160095,0.36807806784448255,0.41258378203160095,0.42433828235312976,0.40502753061664853
344,0.7091791743493356 + log(exp(0.4488044269347821) - (0.4488044269347821) + X_1 + X_8 + (exp(0.4488044269347821))(((X_2 + log(X_4))(sqrt(X_7)))((sqrt(X_6 + X_8))(sqrt(X_9))))),26,0.3765079828512689,0.41254685052378753,0.3765079828512689,0.41254685052378753,0.4111541788262819,0.4050807882369398
345,log((3.267729220586628)((((X_2)^((-2)(-0.23516966456560265)))((X_7)^((-1)(-0.23516966456560265))))(((X_8)^((-1)(-0.23516966456560265)))(((X_3 + (2)(X_9) + sqrt(X_0) + sqrt(X_9))^((-2)(-0.23516966456560265)))(((X_1)(X_4) + sqrt((X_4)((X_9)(((X_0)(sin(exp(sqrt(X_0)))))^(X_9) - (X_0 + (X_0)(sin(exp(sqrt(X_0)))))))))^((-2)(-0.23516966456560265))))))),43,0.3786597873076514,0.42100999114288795,0.3786597873076514,0.42100999114288795,0.4077888290333552,0.39287639268825814
346,log((-4.733234281413515)((((X_2)^((-2)(-0.22854321261067684)))((X_7)^((-1)(-0.22854321261067684))))(((X_8)^((-1)(-0.22854321261067684)))(((-1.2263851255734313 + X_3 + (2)(X_9))^((-2)(-0.22854321261067684)))((sqrt((X_9)(((-1.2263851255734313)(sin(sqrt(X_6))))^(X_9) - (X_4))) + (X_4)(X_1 + (X_7)((X_6 + sqrt((X_9)(((-1.2263851255734313)(sin(sqrt(X_6))))^(X_9) - (X_4))))^(-1))))^((-2)(-0.22854321261067684))))))),43,0.3866885300173834,0.4230798501483596,0.3866885300173834,0.4230798501483596,0.3952321454855,0.38989152227552226
347,log((4.899737572689722)((((X_2)^((-2)(-0.2171540502795973)))((X_7)^((-1)(-0.2171540502795973))))(((X_8)^((-1)(-0.2171540502795973)))(((X_0 + X_9 + sqrt(X_6))^((-2)(-0.2171540502795973)))(((X_1)(X_4) + sqrt((X_4)((X_9)(((X_2)(sin(exp(sqrt(X_6)))))^(X_9) - (X_4)))))^((-2)(-0.2171540502795973))))))),38,0.37064433985660744,0.4216458423513607,0.37064433985660744,0.4216458423513607,0.42032471924381376,0.3919594541653657
348,log(2.200284961077939 + X_7 + (2.200284961077939)((sqrt(X_2 + X_8))(-2.2827658795180037 + X_6 + X_7 + (X_2 + X_4)(sqrt((sqrt(2.200284961077939))(X_9)))))),23,0.38452966525886756,0.4275283352410724,0.38452966525886756,0.4275283352410724,0.3986085373534871,0.3834765193697035
349,1.2499035176720747 + log((X_4)(X_8) + (X_2)(X_7 + X_9)),12,0.3877829435421853,0.44196193202720246,0.3877829435421853,0.44196193202720246,0.3935205195437729,0.3626623402964465
350,2.9408874933870774 + (0.07218994200487303)((exp(sqrt(X_9)) + log(X_2) - (sin((0.8073759911788765)(X_6))))(sqrt(exp(log(X_2)) + (log(((sqrt(1))^(-1))(((X_2)(X_7))((X_8)((sqrt(X_4))^(sin(X_5)))))))(log(((sqrt(1))^(-1))(((X_2)(X_7))((X_8)((sqrt(X_4))^(sin(X_5))))))) - (sin((X_2)((sqrt(X_4))^((2)(sin(X_5))))))))),42,0.394566170485836,0.41540754982903466,0.394566170485836,0.41540754982903466,0.38291178076061794,0.40095547501831275
351,sqrt(X_0 + (-9.320731734230058)(-6.604164119868052 + X_4 + X_6 + X_7 + X_8 + X_9 - (X_0)) + sqrt((77.70750724678152)(X_2))),22,2.3848545504423675,2.019853908144527,2.3848545504423675,2.019853908144527,-2.7298323012977286,-1.9127598317238665
352,log((6.103268930766201)((((X_2)^((-3)(-0.2545606638829358)))((X_4)^((-1)(-0.2545606638829358))))(((X_7)^((-1)(-0.2545606638829358)))((X_8 + exp(sqrt(-2.307910382062234 + X_8)))^((-3)(-0.2545606638829358)))))),24,0.4133025740598266,0.463546148606092,0.4133025740598266,0.463546148606092,0.3536086757777763,0.3315365055037852
353,(0.18485250672863415)(18.547947399720435 + X_7 + X_8 + X_9 + (-9.95607053788454 + X_2)((sqrt((X_2)(X_4)))^(-1))),19,0.3786981871852847,0.4402513370052571,0.3786981871852847,0.4402513370052571,0.4077287729163328,0.36512912883406223
354,sqrt((-5.341227379597845)((((X_4)^((-1)(-0.20804898372875438)))((X_7)^((-1)(-0.20804898372875438))))(((X_9 + sqrt(X_6))^((-1)(-0.20804898372875438)))(((X_2)(X_8 + exp(sqrt(X_9))) - (X_9 + sqrt(X_6)))^((-1)(-0.20804898372875438)))))),26,0.3830010261576575,0.4217792015602459,0.3830010261576575,0.4217792015602459,0.40099927749135533,0.3917671415702494
355,sqrt((7.22901916456571)((((X_2)^((-2)(-0.16614410133303725)))((X_7)^((-1)(-0.16614410133303725))))(((X_8)^((-1)(-0.16614410133303725)))((sqrt((X_4)(X_9)))^((-2)(-0.16614410133303725)))))),22,0.38710703594334256,0.4292762612271632,0.38710703594334256,0.4292762612271632,0.3945776162939242,0.38095589716995815
356,log((5.083337893927873)((((X_2)^(0.67794624912002))((X_4)^((-1)(-0.33950935612985306))))(((X_7)^((-1)(-0.33950935612985306)))((X_8 + exp(sqrt(X_9)))^(0.67794624912002))))),22,0.3839628308294149,0.43158915969598294,0.3839628308294149,0.43158915969598294,0.3994950473354347,0.3776205481490864
357,sqrt((5.259398048554954)((((X_2)^((-1)(-0.17200823399152498)))((X_7)^((-1)(-0.17200823399152498))))(((X_8)^((-1)(-0.17200823399152498)))(((X_6 + (X_2)(X_9))^((-1)(-0.17200823399152498)))(((X_1)(X_4) + sqrt((X_4)(X_8 - ((X_0)^(X_9) + X_3))))^((-1)(-0.17200823399152498))))))),33,0.3791309163812597,0.4130923844564933,0.3791309163812597,0.4130923844564933,0.407051999008858,0.4042940930608083
358,sqrt((-6.025547866527)((((X_2)^((-1)(-0.17229798249599604)))((X_7)^((-1)(-0.17229798249599604))))(((X_8)^((-1)(-0.17229798249599604)))(((X_9)^((-1)(-0.17229798249599604)))(((X_1)(X_4) + sqrt((X_6)((X_9)(X_8 - ((X_4)^(X_6) + (exp(X_9))^(log(X_2)))))))^((-1)(-0.17229798249599604))))))),33,0.38321216507303124,0.4039800045315343,0.38321216507303124,0.4039800045315343,0.4006690633294576,0.41743473363377415
359,log((3.077035888776733)((((X_2)^((-2)(-0.23996692389621202)))(((1.2004993032952442 + log((1.2004993032952442)^(-1)) + (1.2004993032952442)(1.2004993032952442))(1.2004993032952442 + log((1.2004993032952442)^(-1)) + (1.2004993032952442)(1.2004993032952442)) + X_3)^((-2)(-0.23996692389621202))))(((X_7)^((-1)(-0.23996692389621202)))(((X_8)^((-1)(-0.23996692389621202)))(((X_1)(X_4) + sqrt((X_4)(((1.2004993032952442)(X_9))^(X_9) - (X_4))))^((-2)(-0.23996692389621202))))))),39,0.3835104229742804,0.4253794596116715,0.3835104229742804,0.4253794596116715,0.400202598003935,0.38657533685915213
360,1.5639216887063951 + (0.05955600398691393)((log(X_5 + (log(((X_2)(X_4))((X_7)(-27.595429197745112 + (-27.595429197745112)(X_8)))))(log(((X_2)(X_4))((X_7)(-27.595429197745112 + (-27.595429197745112)(X_8))))) + sqrt(X_2) - (sqrt(X_4) + sqrt((X_2)(X_4)))))(X_9 + log(((X_2)(X_4))((X_7)(-27.595429197745112 + (-27.595429197745112)(X_8)))) + sqrt(X_2))),29,0.3827122816909228,0.42188713161101293,0.3827122816909228,0.42188713161101293,0.40145086412528574,0.3916114994640344
361,(0.23393775536732134)(10.653251587521058 + X_5 + X_8 + (X_9)(log((X_6)(sqrt(X_2))))),15,0.43775857581546257,0.44639080410489473,0.43775857581546257,0.44639080410489473,0.3153603116199516,0.3562756206254204
362,(0.13554725190880768)(20.662041697229945 + X_2 + X_8 + ((X_2 + X_4)(X_9))(((log((X_2)(X_2 + X_4)))^(-1))(log(log((X_2)(X_2 + X_4)))))),19,0.3865102359267775,0.4400599209358256,0.3865102359267775,0.4400599209358256,0.39551099144621027,0.365405163172951
363,log((2)(-4.540232380290601) + (-4.540232380290601)((X_2 + log(X_4))((sqrt(X_7 + X_8))(sqrt(X_9))))),18,0.38505331117905955,0.43342207933039434,0.38505331117905955,0.43342207933039434,0.3977895727473595,0.37497735961730005
364,(0.2039823888502673)(18.35758496733419 + X_7 + X_9 + (-11.332586465872792 + X_2 + X_8)((sqrt((X_2)(X_4)))^(-1))),19,0.38198890173518973,0.44419728843590495,0.38198890173518973,0.44419728843590495,0.4025822060448607,0.3594388119360037
365,log((5.083117858230836)((((X_2)^((-2)(-0.3390950551872262)))((X_4)^((-1)(-0.3390950551872262))))(((X_7)^((-1)(-0.3390950551872262)))((X_8 + exp(sqrt(X_9)))^((-2)(-0.3390950551872262)))))),23,0.38396290382191944,0.43158563877184436,0.38396290382191944,0.43158563877184436,0.39949493317761275,0.3776256255491697
366,3.552970089962534 + (-0.17111544432814774)(((X_2)^(-1))((sqrt(-6.337960899651205))((X_2)((X_7)^(-1))) - (-6.337960899651205)) - (X_4 + X_8 + X_9)),21,0.3832155227514815,0.42648553903934155,0.3832155227514815,0.42648553903934155,0.4006638120332985,0.3849802988642642
367,log((4.273803682363337)((((X_2)^((-2)(-0.2171221013128465)))((X_7)^((-1)(-0.2171221013128465))))(((X_8)^((-1)(-0.2171221013128465)))(((X_0 + X_3 + X_9 + sqrt(X_6))^((-2)(-0.2171221013128465)))(((X_1)(X_4) + sqrt((X_2)((X_9)(((X_2)(sin(exp(sqrt(X_6)))))^(X_9) - (X_4)))))^((-2)(-0.2171221013128465))))))),40,0.36653712847271247,0.41650926756646184,0.36653712847271247,0.41650926756646184,0.42674825970042896,0.3993667268625496
368,sqrt((-4.870214893912099)((((X_2)^((-2)(-0.1722474636715772)))((X_4)^((-1)(-0.1722474636715772))))(((X_7)^(((-1)(-0.1722474636715772))(log(X_0))))((X_8 + exp(sqrt(X_9)))^((-2)(-0.1722474636715772)))))),26,0.3851902580496721,0.4300967129460059,0.3851902580496721,0.4300967129460059,0.39757539244798745,0.3797727527846748
369,log((4.192139259917341)((((X_2)^((-2)(-0.22289093484123476)))((X_7)^((-1)(-0.22289093484123476))))(((X_8)^((-1)(-0.22289093484123476)))(((X_3 + X_6 + (2)(X_9))^((-2)(-0.22289093484123476)))(((X_1)(X_4) + sqrt((X_9)(((X_2)(sin(exp(sqrt(X_6)))))^(X_9) - ((X_4)(sin(X_6))))))^((-2)(-0.22289093484123476))))))),41,0.37146350307799475,0.41475859347188326,0.37146350307799475,0.41475859347188326,0.4190435755184664,0.4018913120122807
370,sqrt((-4.870214893912099)((((X_2)^((-2)(-0.1722474636715772)))((X_4)^((-1)(-0.1722474636715772))))(((X_7)^(((-1)(-0.1722474636715772))(log(X_0))))((X_8 + exp(sqrt(X_9)))^((-2)(-0.1722474636715772)))))),26,0.3851902580496721,0.4300967129460059,0.3851902580496721,0.4300967129460059,0.39757539244798745,0.3797727527846748
371,(0.3028187083859792)(9.447243395197022 + (0.470969340733027)(X_7) + (0.6219797903995173)(X_9) + ((X_2)^(-1))(-3.3069479237845263 + (X_2)(log(X_4))) + (log(X_8))^(X_4) + sqrt(X_6)),28,0.37744821818034274,0.41228304993150167,0.37744821818034274,0.41228304993150167,0.4096836823968245,0.40546120573431277
372,log((-3.498734820280889)((((X_5)^((-1)(-0.22614421848178795)))((X_7)^((-1)(-0.22614421848178795))))(((X_8)^((-1)(-0.22614421848178795)))((X_7 + (X_2)((X_0 + X_3 + X_9 + sqrt(X_6))((X_1)(X_4) + sqrt((X_4)((X_9)(((X_2)(sin(exp(sqrt(X_6)))))^(X_9) - (X_4))) - (X_1)))))^((-2)(-0.22614421848178795)))))),43,0.36923411994208644,0.41140414617908005,0.36923411994208644,0.41140414617908005,0.4225302557567798,0.4067286417284123
373,log((-2.3396909403872317)(((X_7)^((-1)(-0.23776302658352605)))(((X_8)^((-1)(-0.23776302658352605)))((-1 + X_7 + (2)((X_2)((X_0 + X_3 + X_9 + sqrt(X_6))((X_1)(X_4) + sqrt((-3.1359306874479422)((X_9)(((X_2)(sin(exp(sqrt(X_6)))))^(X_9) + log(X_2) - (X_4))))))))^((-2)(-0.23776302658352605)))))),45,0.3667365443045388,0.41549542020431357,0.3667365443045388,0.41549542020431357,0.42643638004688866,0.4008287602601419
374,sqrt((1.065013409663104e-07)((((X_2)^((-2)(-2.2727143416644937)))((X_0 + X_7)^((-1)(-2.2727143416644937))))(((X_8)^((-1)(-2.2727143416644937)))(((X_9)^((-1)(-2.2727143416644937)))(((X_1)(X_4) + sqrt((X_5)((24.000032447927822)((X_4)^(-1)) - (X_3 + X_9))))^((-1)(-2.2727143416644937))))))),36,9.936941235598654,10.296078331569438,9.936941235598654,10.296078331569438,-14.54104185924394,-13.847610150195113
375,(0.18244355088372335)(X_7 + X_8 + X_9 + (-8.189656728070952 + X_2)((sqrt((X_2)((X_4)^(X_2))))^(-1)) + sqrt(-302.37340714217675 + X_8)),22,0.3761049430597824,0.4337298796906507,0.3761049430597824,0.4337298796906507,0.4117845195037525,0.374533491611832
376,log((6.344089767517822)((((X_2)^((-1)(-0.3358598724963524)))((X_7)^((-1)(-0.3358598724963524))))(((X_8)^((-1)(-0.3358598724963524)))((((2)(X_2) + X_9 + (X_2)(X_9))^((-1)(-0.3358598724963524)))((X_4 + sqrt((X_9)(((X_2)(sin(exp(sqrt(X_6)))))^(X_9) - (X_4))))^((-1)(-0.3358598724963524))))))),35,0.3773747281221002,0.4274555118095358,0.3773747281221002,0.4274555118095358,0.4097986183760466,0.383581535462864
377,log((-0.49721189549076433)((((X_2)^((-2)(-0.28505469501036934)))((X_7)^((-1)(-0.28505469501036934))))(((X_8)^((-1)(-0.28505469501036934)))(((20.065677391283042 + X_4 + X_6 + (2)(X_9))^((-2)(-0.28505469501036934)))(((X_1)(X_4) + sqrt((X_9)(15.148773667239785 + (X_4)(X_9 - (exp(sqrt(20.065677391283042 + X_6)))))))^((-2)(-0.28505469501036934))))))),41,0.37964101031476954,0.42131519883336377,0.37964101031476954,0.42131519883336377,0.4062542292540743,0.3924362634801176
378,sqrt((-5.315462343068353)((((X_4)^((-1)(-0.20833880734590163)))((X_7)^((-1)(-0.20833880734590163))))(((X_9 + sqrt(X_8))^((-1)(-0.20833880734590163)))(((X_2)(X_8 + exp(sqrt(X_9))) - (X_9 + sqrt(X_8)))^((-1)(-0.20833880734590163)))))),25,0.3844715511902514,0.4232464220422815,0.3844715511902514,0.4232464220422815,0.3986994258021115,0.38965131484281945
379,(0.1891744674357828)(-408.12163695468325 + X_7 + X_8 + X_9 + (2188.526342044739)((sqrt((-27.387312396892426)((0.9919788222974016)^(X_2))))^(-1))),20,0.41560564735700106,0.4512736195837672,0.41560564735700106,0.4512736195837672,0.3500067466058424,0.34923428524208855
380,log((3)(X_2) + (3)(X_4) + (6.08964638831909)((X_9)^((-1)((X_9)^(X_9)))) + exp((-0.9785065955345283)((X_7)^(-1))) + (X_2 + X_8)((X_9 + (X_2 + X_4)(X_9))(exp((-0.9785065955345283)((X_7)^(-1))))) + log((3)(X_2) + (3)(X_4))),32,0.38072842254448835,0.42295280736222923,0.38072842254448835,0.42295280736222923,0.4045535531023655,0.39007472618094263
381,log((1.8989080079281484)((((X_2)^((-1)(-0.9992441967869601)))((X_7 + X_8)^((-1)(-0.9992441967869601))))(((-1.459175983201162 + (X_2)(X_9))^((-1)(-0.9992441967869601)))(((X_0 + X_1)(((X_2)^(-1))(X_4)) + sqrt((4.890875238312681)((X_2)(sin(exp(sqrt(X_6)))) - (X_4))))^((-1)(-0.9992441967869601)))))),38,inf,inf,inf,inf,-inf,-inf
382,log(exp(-0.5688246248913242) - (-0.5688246248913242) + (X_0)(X_1) + (X_1)(exp(-0.5688246248913242) + X_4) + (X_7)^(log(X_6)) + (exp(-0.5688246248913242))(X_4 + (X_2 + X_8)(X_6 + X_9 + (X_2 + X_4 + X_7)(sqrt(X_9))))),31,0.3797796220863736,0.4153960717703233,0.3797796220863736,0.4153960717703233,0.4060374451055513,0.4009720271205346
383,log(((-4.741164186180002)(((X_2)^(-2))(((X_7)^(-1))((X_8)^(-1)))))^(0.575060342105667)),15,inf,inf,inf,inf,-inf,-inf
384,log((-2.325207982412227)(((X_7)^((-1)(-0.23797541229913705)))(((X_8)^((-1)(-0.23797541229913705)))((X_7 + (2)((X_2)((X_0 + X_3 + X_9 + sqrt(X_6))((X_1)(X_4) + sqrt((3.155701274152503)((X_9)(((X_2)(sin(exp(sqrt(X_6)))))^(X_9) - (X_4))))))))^((-2)(-0.23797541229913705)))))),42,0.3667942754007732,0.4160220101919364,0.3667942754007732,0.4160220101919364,0.42634609055418793,0.4000693834767266
385,1.2585950687969654 + log(X_4 + X_8 + (X_2)(X_7 + X_9)),12,0.39589876652331013,0.4416435327301969,0.39589876652331013,0.4416435327301969,0.3808276453804412,0.3631214926534696
386,log((5.528980383587019)((((X_2)^((-1)(-0.3660601222659412)))((X_7)^((-1)(-0.3660601222659412))))(((X_8)^((-1)(-0.3660601222659412)))((((X_2)(X_9) + (1.8397205908310217)((exp(sqrt(X_6)))^(-1)))^((-1)(-0.3660601222659412)))((((X_2)^(-1))((X_4)(X_1 + X_6)) + sqrt((-4.386403233095909)((X_9)((X_2)(sin(exp(sqrt(X_6)))) - (X_4)))))^((-1)(-0.3660601222659412))))))),41,0.3752147924251547,0.4152936731361747,0.3752147924251547,0.4152936731361747,0.41317668515571615,0.40111969256661884
387,sqrt((6.747259575097062)((((X_1)^((-1)(-0.13853209840199435)))(((X_2)^((-2)(-0.13853209840199435)))((X_4)^((-1)(-0.13853209840199435)))))((((X_6)^((-1)(-0.13853209840199435)))((X_7)^((-1)(-0.13853209840199435))))(((X_8)^((-1)(-0.13853209840199435)))((X_9)^((-1)(-0.13853209840199435))))))),28,0.3821005118179752,0.4088573850065541,0.3821005118179752,0.4088573850065541,0.4024076516294367,0.4104012358771356
388,log(-5.123958947269848 + (-5.123958947269848)((X_2 + log(X_4))((sqrt(X_7 + X_8))(sqrt(X_9))))),16,0.38187418108849036,0.43551278074970884,0.38187418108849036,0.43551278074970884,0.40276162527762094,0.3719624330972422
389,(0.13554725190880768)(20.662041697229945 + X_2 + X_8 + ((X_2 + X_4)(X_9))(((log((X_2)(X_2 + X_4)))^(-1))(log(log((X_2)(X_2 + X_4)))))),19,0.3865102359267775,0.4400599209358256,0.3865102359267775,0.4400599209358256,0.39551099144621027,0.365405163172951
390,log(-1.4320135564387473 + (2)(X_4) + X_7 + exp(sqrt(X_3 + log(((X_9)^(-1))(exp(X_7))))) + (X_2 + X_8)(X_0 + X_9 + (X_2 + log(X_2))(sqrt(X_9)))),31,0.39350310207022954,0.4363820326573435,0.39350310207022954,0.4363820326573435,0.3845743840058695,0.3707089156868997
391,sqrt((-4.539263515183725)((((X_2)^((-2)(-0.17781835061567164)))((X_4)^((-1)(-0.17781835061567164))))(((X_7)^((-1)(-0.17781835061567164)))((X_8 + exp(sqrt(X_9)))^((-2)(-0.17781835061567164))))) - ((0)^((X_5)^(X_5)))),28,0.38641920942129554,0.42905721625829046,0.38641920942129554,0.42905721625829046,0.39565335383906897,0.3812717741668543
392,(-384.9866010773312 + X_2)(log((-0.9948389279531192)((((X_4)^((-1)(0.0009890996234946075)))((X_7)^((-1)(0.0009890996234946075))))(((X_9 + (sqrt(X_2))(sqrt(X_6)))^((-1)(0.0009890996234946075)))(((X_2)(X_8 + exp(sqrt(X_9))) - (X_9 + (sqrt(X_2))(sqrt(X_6))))^((-1)(0.0009890996234946075))))))),31,0.38141902079079426,0.4285441163746,0.38141902079079426,0.4285441163746,0.4034734806737079,0.38201169734884755
393,sqrt((4.981637329689956)((((X_2)^((-1)(-0.21786262422979458)))((X_7)^((-1)(-0.21786262422979458))))(((X_8)^((-1)(-0.21786262422979458)))(((X_9)^((-1)(-0.21786262422979458)))(((X_1)(X_4) + sqrt((X_6)(((X_9)^(-1))(X_8 - (X_4 + (exp(X_9))^(log(6.11740450075876 - (X_2))))))))^((-1)(-0.21786262422979458))))))),35,0.4066337541458239,0.42496630765330357,0.4066337541458239,0.42496630765330357,0.36403848581469067,0.3871711286755205
394,log((-3.917599841227818)((((X_2)^((-2)(-0.2279380630743561)))((X_7)^((-1)(-0.2279380630743561))))(((X_8)^((-1)(-0.2279380630743561)))(((X_3 + X_6 + (2)(X_9))^((-2)(-0.2279380630743561)))(((X_1)(X_4) + sqrt((X_9)(((X_2)(sin(exp(sqrt(X_6)))))^(X_9) - (X_4))))^((-2)(-0.2279380630743561))))))),39,0.3703792382025469,0.4119202023316297,0.3703792382025469,0.4119202023316297,0.42073932931395785,0.40598445541572925
395,log((3.3310153176868273)((((X_2)^((-2)(-0.23377407166624717)))((X_7)^((-1)(-0.23377407166624717))))(((X_8)^((-1)(-0.23377407166624717)))(((X_3 + X_6 + (2)(X_9))^((-2)(-0.23377407166624717)))(((X_1)(X_4) + sqrt((3.619511849305907)((X_9)(((X_8)(sin(exp(sqrt(X_6)))))^(X_9) - (X_4)))))^((-2)(-0.23377407166624717))))))),41,0.36714290773187586,0.4160275296582821,0.36714290773187586,0.4160275296582821,0.4258008413147396,0.4000614240496613
396,log((2.6996464546073016)(((X_7)^((-1)(-0.22917716913245428)))(((X_8)^((-1)(-0.22917716913245428)))((X_7 + (2)((X_2)((X_0 + X_3 + X_9 + sqrt(X_6))((X_1)(X_4) + sqrt(((X_9)(X_9))(((X_2)(sin(exp(sqrt(X_6)))))^(X_9) - (X_4)))))))^((-2)(-0.22917716913245428)))))),41,0.36716964666661744,0.41254303929645997,0.36716964666661744,0.41254303929645997,0.4257590225201793,0.4050862842729772
397,sqrt((1.0151917043781013e-08)((((X_2)^((-1)(-4.616984459542885)))((X_7)^((-1)(-4.616984459542885))))(((X_8)^((-1)(-4.616984459542885)))(((X_6 + (X_2)(X_9))^((-1)(-4.616984459542885)))(((X_1)(X_4) + sqrt(((-1)(X_2 + X_3))(X_9)))^((-1)(-4.616984459542885))))))),31,180276462.19054255,267409024.68474287,180276462.19054255,267409024.68474287,-281946322.1907541,-385621089.0211513
398,(0.18485250672863318)(18.5479473997205 + X_7 + X_8 + X_9 + (-9.95607053788455 + X_2)((sqrt((X_2)(X_4)))^(-1))),19,0.37869818718528475,0.4402513370052572,0.37869818718528475,0.4402513370052572,0.4077287729163328,0.3651291288340621
399,log((7.543779974527549)((((X_2)^((-2)(-0.18292286068632002)))((X_7)^((-1)(-0.18292286068632002))))(((X_8)^((-1)(-0.18292286068632002)))(((X_6 + (X_2)(X_9))^((-2)(-0.18292286068632002)))((X_3 + (X_1)(X_4 - (sin(X_8))) + sqrt(sqrt(X_5 - (X_9))))^((-2)(-0.18292286068632002))))))),36,0.37933282084869585,0.41555002090033505,0.37933282084869585,0.41555002090033505,0.40673622721293023,0.4007500225289059
400,2.8566436193080076 + (0.06364374374138917)((exp(sqrt(X_9)) + log(X_2) - (sin((-4.208504962277337)(X_6))))(sqrt(exp(log(X_2)) + (log(((sqrt(1))^(-1))(((X_2)(X_7))((X_8)(sqrt(X_4))))))(log(((sqrt(1))^(-1))(((X_2)(X_7))((X_8)(sqrt(X_4)))))) - (sin((X_2)((sqrt(X_4))(sqrt(X_4)))))))),37,0.3702961895373292,0.4258078155339914,0.3702961895373292,0.4258078155339914,0.42086921463298144,0.3859576199444865
401,log((-4.8468672194575655)((((X_2)^((-2)(-0.2035620953716573)))((1.21015768552374 + X_3 + (2)(X_4))^((-2)(-0.2035620953716573))))(((X_7)^((-1)(-0.2035620953716573)))(((X_8)^((-1)(-0.2035620953716573)))((X_4 + (X_1)(X_4) + sqrt((X_9)(((1.21015768552374)(sin(((X_2)^(-1))(exp(X_6)))))^(X_9) - (X_4))))^((-2)(-0.2035620953716573))))))),42,0.41852522086340865,0.4676419524095442,0.41852522086340865,0.4676419524095442,0.34544063184291385,0.3256300918026692
402,log((-10.681442972228934)((((X_2)^((-1)(-0.361439308182122)))((X_7)^((-1)(-0.361439308182122))))(((X_8)^((-1)(-0.361439308182122)))(((X_2 + log(X_4))^((-1)(-0.361439308182122)))((sqrt((((X_2)^(-1))((X_9)(X_9)))(((X_9 - (X_4 + log(X_3) + (X_2 + log(X_4))(sqrt(X_9))))(X_9 - (X_4 + log(X_3) + (X_2 + log(X_4))(sqrt(X_9)))))(((2)(log(X_4)) + (-3.821874499642792)(log(X_4)) - ((X_2 + log(X_4))(sqrt(X_9))))^(-1)))))^((-1)(-0.361439308182122))))))),43,0.38247926178344793,0.4441259952617843,0.38247926178344793,0.4441259952617843,0.4018152994228531,0.3595416212991054
403,log((2.6822439701564904)((((X_2)^((-2)(-0.30220260662717885)))((X_7)^((-1)(-0.30220260662717885))))(((X_8)^((-1)(-0.30220260662717885)))(((X_3 + X_6 + (2)(X_9))^((-2)(-0.30220260662717885)))((0.7234044731862956 + (0.7017343974770176)(X_4) + sqrt((sin(X_6))(((X_6)(sin(exp(sqrt(X_6)))))^(X_9) - (X_4))))^((-2)(-0.30220260662717885))))))),42,0.36879365640496947,0.42240704158371284,0.36879365640496947,0.42240704158371284,0.42321912591365285,0.39086175569371184
404,sqrt((-4.645539881525168)((((X_7)^((-1)(-0.1678946753358625)))((X_8)^((-1)(-0.1678946753358625))))(((X_9)^((-1)(-0.1678946753358625)))(((2)((X_2)(X_2)) + (2)((X_2)((X_2 + X_4)((X_1)(X_4) + sqrt(X_2)))))^((-1)(-0.1678946753358625)))))),30,0.38598614316642404,0.42412862260563794,0.38598614316642404,0.42412862260563794,0.39633065489532093,0.38837912463435575
405,sqrt((-6.747266768825349)((((X_1)^((-1)(-0.13853191693919173)))(((X_2)^((-2)(-0.13853191693919173)))((X_7)^((-1)(-0.13853191693919173)))))(((X_8)^((-1)(-0.13853191693919173)))(((sqrt(X_4))^((-2)(-0.13853191693919173)))((sqrt((X_6)(X_9)))^((-2)(-0.13853191693919173))))))),29,0.38210051181761306,0.4088573876598426,0.38210051181761306,0.4088573876598426,0.40240765163000314,0.41040123205092227
406,log(X_8 + (-22.59050407019926)((((X_2)^((-2)(18.212374394884087)))((X_7)^((-1)(18.212374394884087))))(((X_8)^((-1)(18.212374394884087)))((X_2 + (X_4)(X_9))^((-2)(18.212374394884087)))))),23,10.673212193166417,10.59322784575404,10.673212193166417,10.59322784575404,-15.69254487209404,-14.276118947511181
407,log((7.202672906526535)((((X_2)^((-1)(-0.32293361819340477)))((X_7)^((-1)(-0.32293361819340477))))(((X_8)^((-1)(-0.32293361819340477)))(((X_6 + (X_2)(X_9))^((-1)(-0.32293361819340477)))(((X_1)(X_4) + sqrt((X_3)((X_2)((((X_2)^(-1))((X_8)((X_9)^(-1))))^(log((2)((X_2)(X_9))))) - ((X_0)(X_4)))))^((-1)(-0.32293361819340477))))))),41,0.37746210163834126,0.4160977887761468,0.37746210163834126,0.4160977887761468,0.4096619691354908,0.39996010586248787
408,sqrt((7.226023916603121)((((X_2)^((-2)(-0.17559385556690632)))((X_7)^((-1)(-0.17559385556690632))))(((X_3 + X_8)^((-1)(-0.17559385556690632)))((sqrt((-0.3955574534860443)((X_4)(X_9))))^((-2)(-0.17559385556690632)))))),26,0.3849667107804928,0.4243415170598571,0.3849667107804928,0.4243415170598571,0.39792501285787674,0.38807211707695466
409,(-0.31460877024573863)((X_8)^(-1)) + log((-3.177243429660969)((2)(X_4) + (X_2)(X_0 + X_7 + X_9))),20,0.3889209629175576,0.442085600416096,0.3889209629175576,0.442085600416096,0.3917406955184548,0.36248400248985035
410,log(5.129217471948338 + (5.129217471948338)((X_2 + log(X_4))((sqrt(X_7 + X_8))(sqrt(X_9)))) - (sin((X_2 + log(X_4))((sqrt(X_7 + X_8))(sqrt(X_9)))))),18,0.38425718011374416,0.44060425343190995,0.38425718011374416,0.44060425343190995,0.39903469495530675,0.3646202005460484
411,log(exp(1.6763771849535412) - (1.6763771849535412) + (exp(1.6763771849535412))((X_2 + log(X_4))((sqrt(X_7 + X_8))(sqrt(X_9))))),18,0.3827424242231952,0.43906187228933763,0.3827424242231952,0.43906187228933763,0.4014037222186686,0.3668444138018576
412,1.3973232538247315 + log(X_8 + exp(((-0.3306514286137884)^(X_1))((sin(X_3))^(-1))) + (exp(-0.3306514286137884))(((X_2 + log(X_4))(sqrt(X_7)))((sqrt(X_6 + X_8))(sqrt(X_9)))) - (-0.3306514286137884)),32,0.3746058853726012,0.4108047705355436,0.3746058853726012,0.4108047705355436,0.414128995305063,0.40759298013009926
413,sqrt((-5.599295425004827)((((X_2)^((-2)(-0.15206196090066565)))((X_4)^((-1)(-0.15206196090066565))))(((X_7)^((-1)(-0.15206196090066565)))(((X_8 + X_9)^((-2)(-0.15206196090066565)))((sqrt(X_6))^((-2)(-0.15206196090066565))))))),25,0.38592175287278524,0.41646673636201026,0.38592175287278524,0.41646673636201026,0.39643135914877714,0.3994280596071713
414,sqrt((-6.036209565601722)((((X_2)^((-2)(-0.14280920574776684)))(((X_6)^((-1)(-0.14280920574776684)))((X_7)^((-1)(-0.14280920574776684)))))(((X_8)^((-1)(-0.14280920574776684)))(((X_9)^((-1)(-0.14280920574776684)))(((X_1)(X_4) + sqrt((X_0)((X_3)^(-1)) - (X_3 + (X_4)^(X_9) + (X_2)(X_9))))^((-1)(-0.14280920574776684))))))),38,0.38063957519417474,0.4083350584264755,0.38063957519417474,0.4083350584264755,0.40469250736983775,0.41115446455142735
415,4.825986216986478 + (-0.1693599844488182)(((X_2)^(-1))(X_2 + sin(X_0) - (-7.855401207037207 + X_7)) - (-7.855401207037207 + X_4 + X_8 + X_9)),22,0.38598531104537004,0.4293390320664735,0.38598531104537004,0.4293390320664735,0.39633195630466056,0.3808653775642533
416,log((-4.754985392742526)((((X_2)^((-2)(-0.2932947601260404)))((X_4)^((-1)(-0.2932947601260404))))(((X_8)^((-1)(-0.2932947601260404)))(((X_7 + X_9 + (sqrt(X_2))((sqrt((X_2)(X_4)))^(-1)))^((-2)(-0.2932947601260404)))((((0.2086294647045041)^((sqrt(X_2))((sqrt((X_2)(X_4)))^(-1))))(X_1) + sqrt((-0.726381467259966)(sqrt((sqrt(X_2))((sqrt((X_2)(X_4)))^(-1))) - (X_7 + X_9 + (sqrt(X_2))((sqrt((X_2)(X_4)))^(-1))))))^((-2)(-0.2932947601260404))))))),39,0.3819107833476702,0.4281462192154584,0.3819107833476702,0.4281462192154584,0.40270438057539615,0.3825854907591687
417,log((-11.509011646297603)((((X_2)^(0.5842353332679767))(((X_4)^((-1)(-0.31382393436276534)))((X_7)^((-1)(-0.31382393436276534)))))(((X_8)^((-1)(-0.31382393436276534)))(((sqrt(X_9))^((-1)(-0.31382393436276534)))((sqrt((X_1)(X_9)))^((-1)(-0.31382393436276534))))))),27,0.38213719826986686,0.4255649810557788,0.38213719826986686,0.4255649810557788,0.40235027525264244,0.38630780295081346
418,1.2395188906548429 + log(X_4 + (X_2)(X_7 + X_9) + (sqrt(X_4))(sqrt(X_4))),13,0.39943336637786553,0.45120329429435013,0.39943336637786553,0.45120329429435013,0.37529965009568167,0.3493356988529158
419,sqrt((-6.639180961244336)(((((X_1)^((-1)(-0.1335816635552204)))((X_2)^(0.2629011637779045)))(((X_4)^((-1)(-0.1335816635552204)))((X_6)^((-1)(-0.1335816635552204)))))((((X_7)^((-1)(-0.1335816635552204)))((X_8)^((-1)(-0.1335816635552204))))(((X_9)^((-1)(-0.1335816635552204)))((sqrt(X_9))^((-1)(-0.1335816635552204))))))),30,0.38034713278619414,0.4037271644427499,0.38034713278619414,0.4037271644427499,0.40514987745949493,0.4177993453769755
420,(0.18485250672863318)(18.5479473997205 + X_7 + X_8 + X_9 + (-9.95607053788455 + X_2)((sqrt((X_2)(X_4)))^(-1))),19,0.37869818718528475,0.4402513370052572,0.37869818718528475,0.4402513370052572,0.4077287729163328,0.3651291288340621
421,4.939832022474703 + (-0.15999065301236132)(((X_2)^(-1))((sqrt(-8.369209749171947))((X_2)((X_7)^(-1))) - (-8.369209749171947 + X_1)) - (-8.369209749171947 + X_4 + X_8 + X_9)),24,0.38220164058096784,0.42098155336898674,0.38220164058096784,0.42098155336898674,0.402249489645625,0.3929174017954956
422,log((-0.00028005190866675904)(X_1 + (-894.9808078795446)(exp(2.9228709479689337) + X_3) + X_7 + (X_0)(sqrt(X_4)) + sqrt(X_8) + (-894.9808078795446)(((exp(2.9228709479689337) + X_3)(X_2 + log(X_4)))((sqrt(X_6 + X_8))(sqrt(X_9)))) - (2.9228709479689337 + X_0))),36,0.39363846362679084,0.44110430274345896,0.39363846362679084,0.44110430274345896,0.38436268308435095,0.3638990971322381
423,log((-5.083117858240363)((((X_2)^((-2)(-0.3390950551872262)))((X_4)^((-1)(-0.3390950551872262))))(((X_7)^((-1)(-0.3390950551872262)))((X_8 + exp(sqrt(X_9)))^((-2)(-0.3390950551872262)))))),23,0.38396290382191944,0.43158563877176587,0.38396290382191944,0.43158563877176587,0.39949493317761275,0.3776256255492829
424,(0.18485250672863318)(18.5479473997205 + X_7 + X_8 + X_9 + (-9.95607053788455 + X_2)((sqrt((X_2)(X_4)))^(-1))),19,0.37869818718528475,0.4402513370052572,0.37869818718528475,0.4402513370052572,0.4077287729163328,0.3651291288340621
425,log((-2.822148270165448)((((X_2)^((-2)(-0.2758881071158469)))((X_7)^((-1)(-0.2758881071158469))))(((X_8)^((-1)(-0.2758881071158469)))(((X_3 + X_6 + X_9)^((-2)(-0.2758881071158469)))((X_1 + X_4 + sqrt((X_9)(((X_6)(sin(exp(sqrt(X_6)))))^(X_9) - (X_4))))^((-2)(-0.2758881071158469))))))),37,0.3712914338191222,0.402051047080671,0.3712914338191222,0.402051047080671,0.41931268605172056,0.4202164149015746
426,(1.1132076244567346)^(X_7) + log((2)(X_4) + (X_2)(X_8 + X_9)),14,0.38735226635495773,0.43642438777304365,0.38735226635495773,0.43642438777304365,0.3941940841785869,0.370647836873634
427,log((4.487038425298155)((((X_2)^((-2)(-0.2201132800192863)))((X_7)^((-1)(-0.2201132800192863))))(((X_8)^((-1)(-0.2201132800192863)))(((X_6 + (2)(X_9))^((-2)(-0.2201132800192863)))(((X_1)(X_4) + sqrt((X_7)((X_9)((X_1)(((X_3)(sin(exp(sqrt(X_6)))))^(X_9)) - (X_4)))))^((-2)(-0.2201132800192863))))))),40,0.3713119654314353,0.4085104153098383,0.3713119654314353,0.4085104153098383,0.41928057530065244,0.4109015885963814
428,log(exp(1.388672949133935) + X_0 + (X_2 + log(X_4))((sqrt(X_7 + X_8))(sqrt(X_9))) + (exp(1.388672949133935))((X_2 + log(X_4))((sqrt(X_7 + X_8))(sqrt(X_9))))),20,0.3810031942162831,0.43402194560308544,0.3810031942162831,0.43402194560308544,0.4041238194497403,0.3741123136966742
429,sqrt((5.274839560087914)(((((X_2)(X_1 + X_2) + (X_2)((X_1 + X_2)(X_4)))^((-1)(-0.1898127944676261)))((X_7)^((-1)(-0.1898127944676261))))(((X_8)^((-1)(-0.1898127944676261)))((X_9)^((-1)(-0.1898127944676261)))))),24,0.39019467507009115,0.42353374838916963,0.39019467507009115,0.42353374838916963,0.3897486525537408,0.3892369716873878
430,log((1.1669458154863452)((((X_2)^((-2)(0.09552989552348556)))((X_7)^((-1)(0.09552989552348556))))(((X_8)^((-1)(0.09552989552348556)))(((X_3 + X_6 + (2)(X_9))^((-2)(0.09552989552348556)))((-3.945048601094392 + (X_1)(X_4) + sqrt((X_9)(((X_6)(sin(exp(sqrt(X_6)))))^(X_9) - (X_4))))^((-2)(0.09552989552348556))))))),41,inf,inf,inf,inf,-inf,-inf
431,sqrt((-7.829829413174021e-11)((((X_2)^((-1)(-4.729806324470499)))((X_7)^((-1)(-4.729806324470499))))(((X_8)^((-1)(-4.729806324470499)))(((X_6 + (X_2)((X_9)(X_9)))^((-1)(-4.729806324470499)))(((X_1)(X_4) + sqrt((-2)(X_2) + X_8 - (X_4)))^((-1)(-4.729806324470499))))))),32,184765321.6004618,290076740.0321838,184765321.6004618,290076740.0321838,-288966747.323178,-418309399.03938866
432,sqrt((((X_7)^((-1)(-0.15787697696512332)))(((X_8)^((-1)(-0.15787697696512332)))((sqrt(X_4))^((-1)(-0.15787697696512332)))))(((sqrt((-13493539.514733467)((X_6)(X_9))))^((-1)(-0.15787697696512332)))(((sqrt(X_4) + sqrt((-13493539.514733467)((X_6)(X_9))))^((-1)(-0.15787697696512332)))((X_7 + (1366855409.6475875)((((X_1)^(-1))((sqrt(X_4))^(-1)))(((sqrt((-13493539.514733467)((X_6)(X_9))))^(-1))((sqrt(X_4) + sqrt((-13493539.514733467)((X_6)(X_9))))^(-1)))))^(-0.15787697696512332))))),37,0.4391690067812988,0.4445155373371738,0.4391690067812988,0.4445155373371738,0.31315444502982737,0.3589798764593495
433,log((-5.239594067696961)((((X_2)^((-2)(-0.18663437367574023)))((X_7)^((-1)(-0.18663437367574023))))(((1 + X_8)^((-1)(-0.18663437367574023)))(((X_3 + X_6 + (2)(X_9))^((-2)(-0.18663437367574023)))(((X_1)(X_4) + sqrt((X_4)((((X_2)(sin(exp(sqrt(X_6)))))^(X_9))(((X_2)(sin(exp(sqrt(X_6)))))^(X_9) - (X_4)))))^((-2)(-0.18663437367574023))))))),42,0.3715373382311792,0.4217631408701213,0.3715373382311792,0.4217631408701213,0.41892809982236257,0.3917903021230379
434,(0.6904615541389111)(log(-5.037061968204579 + exp(sin(X_9)) + (X_0 + (X_2 + log(X_4))^(sqrt(X_9)))(sqrt((362.4036012962991)(X_2 + X_8))))),23,0.387173116569872,0.4412111514963162,0.387173116569872,0.4412111514963162,0.394474268416682,0.3637450143274682
435,sqrt((-6.343387831674617)((((X_2)^((-1)(-0.10375250805606472)))((X_4)^((-1)(-0.10375250805606472))))(((X_7)^((-1)(-0.10375250805606472)))(((X_2 + log(X_4))^((-2)(-0.10375250805606472)))((sqrt(((X_1)(X_3))((X_9)(X_9 - (X_7 + (X_9)(X_2 + log(X_4)))))))^((-2)(-0.10375250805606472))))))),32,0.382817008594575,0.4302622411489503,0.382817008594575,0.4302622411489503,0.4012870747705075,0.3795340504217912
436,log((-4.762838701391567)((((X_2)^((-2)(-0.21485079818229919)))((X_7)^((-1)(-0.21485079818229919))))(((X_8)^((-1)(-0.21485079818229919)))((X_9 + (X_0 + X_9 + (X_3)(log(X_2)))((X_1)(X_4) + sqrt((X_4)((X_9)(-5.618865817173024 + ((X_1)(sin(exp(sqrt(X_0)))))^(X_9))))) - (X_0))^((-2)(-0.21485079818229919)))))),42,0.37004277781958883,0.4083405099864195,0.37004277781958883,0.4083405099864195,0.4212655420359167,0.41114660304978057
437,(0.183809255179402)(16.58485011735474 + X_7 + X_8 + X_9 + (-8.768092432459747 + X_2)((sqrt((X_2)(X_4)))^(-1)) + sqrt(sqrt((X_2)(X_4)))),21,0.37846911916962855,0.4373691509310427,0.37846911916962855,0.4373691509310427,0.4080870275880192,0.3692854273617302
438,log((12.378738706769202)((((X_2)^((-2)(-0.32720918892572864)))((X_7)^((-1)(-0.32720918892572864))))(((X_8)^(0.25570588860920385))(((sqrt(X_4))^((-2)(-0.32720918892572864)))((sqrt(X_9))^((-2)(-0.32720918892572864))))))),25,0.3840427716351297,0.4310897868256577,0.3840427716351297,0.4310897868256577,0.3993700226041397,0.37834067609094946
439,(0.18485250672863318)(18.5479473997205 + X_7 + X_8 + X_9 + (-9.95607053788455 + X_2)((sqrt((X_2)(X_4)))^(-1))),19,0.37869818718528475,0.4402513370052572,0.37869818718528475,0.4402513370052572,0.4077287729163328,0.3651291288340621
440,log(5.374142944328668 + (5.374142944328668)((X_2 + log(X_4))((sqrt(X_7 + X_8))(sqrt(X_9)))) - (X_9)),17,0.3801676756354735,0.43593287344577525,0.3801676756354735,0.43593287344577525,0.40543054240710474,0.3713566322886942
441,(0.16087412292135428)(20.025222427015308 + X_6 + X_7 + X_8 + X_9 + (-10.665382625798308 + X_2)((sqrt((X_2)(X_4)))^(-1))),21,0.37853625626674375,0.42381696519175466,0.37853625626674375,0.42381696519175466,0.40798202742631573,0.3888285547603454
442,log((9.374090242603833)((((X_2)^((-1)(-0.33216686202860934)))((X_7)^((-1)(-0.33216686202860934))))(((X_8)^((-1)(-0.33216686202860934)))(((X_2 + sqrt(X_1))^((-1)(-0.33216686202860934)))((sqrt(((X_9)(X_9))(((sqrt(X_1) + (0.38954650090884285)((X_8 + sin(X_9))(sqrt(X_1))) + (X_8 + sin(X_9))(sqrt(X_9)))^(-1))((X_9 - (X_4 + log(X_3) + (X_2 + sqrt(X_1))(sqrt(X_9))))(X_9 - (X_4 + log(X_3) + (X_2 + sqrt(X_1))(sqrt(X_9))))))))^((-1)(-0.33216686202860934))))))),44,0.3901476120207106,0.4295706889635153,0.3901476120207106,0.4295706889635153,0.38982225757998634,0.38053131335212176
443,log((-5.08311785824666)((((X_2)^((-2)(-0.3390950551872265)))((X_4)^((-1)(-0.3390950551872265))))(((X_7)^((-1)(-0.3390950551872265)))((X_8 + exp(sqrt(X_9)))^((-2)(-0.3390950551872265)))))),23,0.3839629038219195,0.4315856387717138,0.3839629038219195,0.4315856387717138,0.39949493317761264,0.37762562554935797
444,log((3.586089271424109)(((X_7)^((-1)(-0.2001470914913835)))(((X_8)^((-1)(-0.2001470914913835)))((-4.292271402158657 + (2)((X_2)(((2)(X_0) + X_3 + X_9)((X_1)(X_4) + sqrt(((X_5)(X_9))((((X_2)(sin(exp(sqrt(X_6)))))^(X_9))(exp(sqrt(X_6)))))))))^((-2)(-0.2001470914913835)))))),43,0.366308609449802,0.40571797515986946,0.366308609449802,0.40571797515986946,0.42710565576592674,0.41492846770309555
445,sqrt((-6.896429319657071)((((X_2)^((-2)(-0.08800145012600448)))((X_7)^((-1)(-0.08800145012600448))))(((X_8)^((-1)(-0.08800145012600448)))(((X_2 + log(X_4))^((-2)(-0.08800145012600448)))((sqrt(((X_3)(X_6))((X_9)(X_9 - (X_4 + (X_9)(X_2 + log(X_4)))))))^((-2)(-0.08800145012600448))))))),33,0.3818156355844453,0.4257346682209307,0.3818156355844453,0.4257346682209307,0.40285318847674456,0.38606310309572955
446,log(exp(1.5354020682561478) + X_0 + X_2 + (exp(1.5354020682561478))((X_2 + log(X_4))((sqrt(X_7 + X_8))(sqrt(X_9))))),20,0.38118256016554736,0.4327093256640482,0.38118256016554736,0.4327093256640482,0.4038432971381407,0.3760051964528631
447,(0.18035209031547786)(17.603552358452983 + X_7 + X_8 + X_9 + (-8.265799298940177 + X_2)((sqrt((X_2)((X_4)^(X_2))))^(-1))),20,0.37621658921429196,0.43399299247562717,0.37621658921429196,0.43399299247562717,0.41160990867336533,0.37415406597703627
448,log((2.8239731059429984)((((X_2)^((-2)(-0.25115191379444346)))((X_7)^((-1)(-0.25115191379444346))))(((X_8)^((-1)(-0.25115191379444346)))(((2 + 4.655304106207397 + X_8 - (X_9))^((-2)(-0.25115191379444346)))(((X_1)(X_4) + sqrt((X_9)(((4.655304106207397)(sin(exp(X_6))))^(X_9) - (X_4))))^((-2)(-0.25115191379444346))))))),38,0.37539800063687373,0.40248277607577054,0.37539800063687373,0.40248277607577054,0.4128901536748735,0.4195938337980374
449,((-0.7644243166036387)^(X_3))^(X_7) + log((2)(X_4) + (X_2)(X_8 + X_9)),16,1.9799235492606388,2.185464955836697,1.9799235492606388,2.185464955836697,-2.0965338354754466,-2.1515816620861354
450,sqrt((5.7124279357324745)((((X_4)^((-1)(-0.19079387156304203)))((X_7)^((-1)(-0.19079387156304203))))(((X_9 + log(X_2))^((-1)(-0.19079387156304203)))(((sqrt(X_6))^((-1)(-0.19079387156304203)))(((X_2)(X_8 + exp(sqrt(X_9))) - ((X_9 + log(X_2))(sqrt(X_6))))^((-1)(-0.19079387156304203))))))),30,0.381704638616569,0.418962289894012,0.381704638616569,0.418962289894012,0.40302678400107295,0.3958293101844427
451,sqrt((5.639222213719862)((((X_4)^((-1)(-0.1949338892881781)))((X_3 + X_7)^((-1)(-0.1949338892881781))))(((X_9)^((-1)(-0.1949338892881781)))(((-2)(X_9) + (X_2)(X_8 + exp(sqrt(X_9))))^((-1)(-0.1949338892881781)))))),27,0.37835493544117804,0.4122678783724095,0.37835493544117804,0.4122678783724095,0.40826560709869764,0.4054830841027086
452,log((-2.784209718799593)((((X_2)^((-2)(-0.2622742143892302)))((X_7)^((-1)(-0.2622742143892302))))(((X_8)^((-1)(-0.2622742143892302)))(((X_3 + X_6 + (2)(X_9))^((-2)(-0.2622742143892302)))(((2)(X_4) + sqrt((X_9)(((X_6)(sin(exp(sqrt(X_6)))))^(X_9) - (X_4))))^((-2)(-0.2622742143892302))))))),38,0.37353765254677146,0.40828643568662265,0.37353765254677146,0.40828643568662265,0.4157996755141966,0.41122458168365195
453,log((7.675623314594007)((((X_2)^((-1)(-0.3220127680894058)))((X_7)^((-1)(-0.3220127680894058))))(((X_8)^((-1)(-0.3220127680894058)))((((X_2)(X_9) + (-1.2381617610446238)((exp(sqrt(X_6)))^((-1)(X_4))))^((-1)(-0.3220127680894058)))(((X_0 + X_1)(((X_2)^(-1))(X_4)) + (X_3)(sqrt((X_9)((X_2)(sin(exp(sqrt(X_6)))) - (X_4)))))^((-1)(-0.3220127680894058))))))),43,0.37631555071181877,0.42066037746723306,0.37631555071181877,0.42066037746723306,0.4114551362198453,0.39338055819595297
454,log(exp(2.175599707854911) - (2.175599707854911) + sqrt(X_0) + (exp(2.175599707854911))((0.08563901782829958 + X_2)((sqrt(X_7))(sqrt(X_9))))),18,0.42957314519000145,0.46956805733721785,0.42957314519000145,0.46956805733721785,0.32816204979774255,0.32285252405760057
455,log(-43.47716544371908 + (44.88343680045072)(sqrt(X_2 + X_8))),9,0.46760333303258117,0.52083655132666,0.46760333303258117,0.52083655132666,0.26868411517344315,0.24892004343448304
456,sqrt((-4.787037462600547)((((X_2)^((-1)(-0.16543689052665292)))((X_7)^((-1)(-0.16543689052665292))))(((X_8 + (X_2)(X_9))^((-1)(-0.16543689052665292)))((((2)(X_8) + (X_2)(X_9))^((-1)(-0.16543689052665292)))(((1.7724910130233296)(X_4) + sin((X_8)(X_9)))^((-1)(-0.16543689052665292))))))),30,0.38278485923849925,0.4235763463445682,0.38278485923849925,0.4235763463445682,0.4013373552820527,0.389175542683588
457,log(-1.0328819935557192 + X_7 + (-1.0328819935557192)((sqrt(X_2 + X_8))((sqrt(-1.0328819935557192))^(X_9) + X_5 + X_6 + X_7 + (X_2 + X_4)(sqrt((4.682742199911897)((X_9)(sqrt(X_7)))))))),28,0.3820945737963414,0.42537297741254965,0.3820945737963414,0.42537297741254965,0.40241693849554416,0.3865846846090796
458,(0.18173161568271215)(18.683686859305276 + X_7 + X_8 + X_9 + (-11.417907418815172 + X_2 + X_6)((sqrt((X_2)(X_4)))^(-1))),21,0.3760880003982687,0.42880933254756604,0.3760880003982687,0.42880933254756604,0.4118110172564864,0.3816292384926778
459,sqrt((-5.341227379597845)((((X_4)^((-1)(-0.20804898372875438)))((X_7)^((-1)(-0.20804898372875438))))(((X_9 + sqrt(X_6))^((-1)(-0.20804898372875438)))(((X_2)(X_8 + exp(sqrt(X_9))) - (X_9 + sqrt(X_6)))^((-1)(-0.20804898372875438)))))),26,0.3830010261576575,0.4217792015602459,0.3830010261576575,0.4217792015602459,0.40099927749135533,0.3917671415702494
460,1.2861364749574054 + log((0.45804182232389434)(X_0) + X_8 + (exp(-0.1275908931770158))(((X_2 + log(X_4))(sqrt(X_7)))((sqrt(X_6 + X_8))(sqrt(X_9)))) - (-0.1275908931770158)),27,0.38061489776413665,0.4205190160933855,0.38061489776413665,0.4205190160933855,0.40473110204038154,0.39358441042993886
461,log((-5.503317802666315)((((X_5)^((-1)(-0.1760009093605922)))((X_7)^((-1)(-0.1760009093605922))))(((X_8)^((-1)(-0.1760009093605922)))((X_7 + (X_2)((X_0 + X_3 + X_9 + sqrt(X_6))((X_1)(X_4) + sqrt((X_4)((X_9)(((X_1)((X_2)(sin(exp(sqrt(X_6))))))^(X_9) - (X_0))) - (X_1)))))^((-2)(-0.1760009093605922)))))),44,0.37200926711645943,0.4074469706081874,0.37200926711645943,0.4074469706081874,0.4181900189193125,0.4124351445618589
462,log((3.463737912025018)((((6.892073136360005 + (2)(X_5))^((-1)(-0.19582365288403106)))((X_7)^((-1)(-0.19582365288403106))))(((X_8)^((-1)(-0.19582365288403106)))((X_7 + (X_2)((X_0 + X_3 + X_9 + sqrt(X_6))((X_1)(X_4) + sqrt((0.08932793553200154)((X_4)((X_9)(((X_2)(sqrt(exp(sqrt(X_6)))))^(X_9) - (X_4))))))))^((-2)(-0.19582365288403106)))))),48,0.3675024679341536,0.39249261311329053,0.3675024679341536,0.39249261311329053,0.4252385012523372,0.4340002942218103
463,(0.16427685734917588)(56.94645654250907 + X_7 + X_8 + (5.451957824614649)(log(log(((X_2)^(-0.000491069443737271))((X_2 + X_4)^(-0.000491069443737271))))) - (((X_2 + X_4)^(-1))(log(((X_2)^(-0.000491069443737271))((X_2 + X_4)^(-0.000491069443737271)))))),23,0.40639955538776595,0.4721111495097832,0.40639955538776595,0.4721111495097832,0.3644047647949188,0.31918522084386247
464,(0.21838147961909907)(14.626781038519997 + ((X_2)^(-1))(-7.519987505647893 + X_2 + X_4) + X_7 + X_9 + (log(X_8))^(X_0)),21,0.383643852599867,0.4326953091735255,0.383643852599867,0.4326953091735255,0.3999939185574797,0.3760254091377566
465,sqrt((6.0450661514173785)((((X_2)^((-1)(-0.10585234674273784)))((X_4)^((-1)(-0.10585234674273784))))(((X_7)^((-1)(-0.10585234674273784)))(((X_2 + log(X_4))^((-2)(-0.10585234674273784)))((sqrt(((X_1)(X_3))((X_9)(X_9 + (X_9)(X_2 + log(X_4))))))^((-2)(-0.10585234674273784))))))),31,0.38480390425746597,0.4282491788624206,0.38480390425746597,0.4282491788624206,0.3981796367838243,0.38243701629636195
466,sqrt((-5.5260976202502565)((((X_2)^((-1)(-0.17175275004702956)))((X_7)^((-1)(-0.17175275004702956))))(((X_8)^((-1)(-0.17175275004702956)))(((X_6 + (X_2)(X_9))^((-1)(-0.17175275004702956)))(((X_1)(X_4) + sqrt((X_4 - (((X_0)^(-1))(X_2)))(X_9)))^((-1)(-0.17175275004702956))))))),32,0.3788729891812304,0.4200411360510586,0.3788729891812304,0.4200411360510586,0.40745538847421303,0.39427354432524664
467,(0.12365497400728695)(21.32370838055657 + (2)(X_2) + X_8 + X_9 + ((X_2)^((-1)(X_4)))((-3.7630279294807645 + (X_2)^(X_4) + X_4)(X_9))),22,0.3803419646057629,0.43493808552140295,0.3803419646057629,0.43493808552140295,0.4051579603198555,0.37279118074564543
468,log((4.515565641380833)((((X_2)^((-2)(-1.5487587441378636)))((X_4)^((-1)(-1.5487587441378636))))(((-3.9148509820452047 + X_6)^((-1)(-1.5487587441378636)))(((X_7)^((-1)(-1.5487587441378636)))((X_8 + exp(sqrt(X_9)))^((-2)(-1.5487587441378636))))))),28,inf,inf,inf,inf,-inf,-inf
469,log((-11.053852548921562)((((X_2)^((-4)(-0.13851232372110955)))(((X_7)^((-1)(-0.13851232372110955)))((X_8)^((-1)(-0.13851232372110955)))))(((X_9)^((-2)(-0.13851232372110955)))((((X_1)(X_4) + sqrt(((X_2)^(X_9))(X_4)))^((-2)(-0.13851232372110955)))((sqrt(X_6))^((-2)(-0.13851232372110955))))))),34,0.3831830384468174,0.415135026762244,0.3831830384468174,0.415135026762244,0.40071461639316974,0.4013484708874522
470,sqrt((5.341234575586653)((((X_4)^((-1)(-0.20804871538338388)))((X_7)^((-1)(-0.20804871538338388))))(((X_9 + sqrt(X_6))^((-1)(-0.20804871538338388)))(((X_2)(X_8 + exp(sqrt(X_9))) - (X_9 + sqrt(X_6)))^((-1)(-0.20804871538338388)))))),26,0.38300102615784204,0.42177919630986477,0.38300102615784204,0.42177919630986477,0.4009992774910667,0.3917671491416381
471,log((-4.090034555944138)((((X_5)^((-1)(-0.21642701673574136)))((X_7)^((-1)(-0.21642701673574136))))(((X_8)^((-1)(-0.21642701673574136)))((X_6 + (X_2)((X_0 + X_3 + X_9 + sqrt(X_6))((X_1)(X_4) + sqrt(((X_4)(X_9))(((sin(X_6))^(sin(X_6)))(((X_2)(sin(exp(sqrt(X_6)))))^(X_9) - (X_2)))))))^((-2)(-0.21642701673574136)))))),45,0.3675607914823151,0.40794904878076643,0.3675607914823151,0.40794904878076643,0.42514728518475,0.41171111539936533
472,sqrt((-5.344157987893604)((((X_4)^((-1)(-0.20850919055647452)))((X_7)^((-1)(-0.20850919055647452))))(((X_9 + sqrt(X_3))^((-1)(-0.20850919055647452)))(((X_2)(X_8 + exp(sqrt(X_9))) - (X_9 + sqrt(X_3)))^((-1)(-0.20850919055647452)))))),26,0.3826085396631231,0.42143328141450764,0.3826085396631231,0.42143328141450764,0.4016131131673575,0.3922659807691774
473,(0.33097033808148446)(9.733115704873477 + ((X_2)^(-1))(-5.869116818196975 + X_4) + (X_7)((X_9)^(-1)) + X_9 + ((log(X_8))^(sin(X_8)))^(X_4)),23,0.38130571576518707,0.4446409968912932,0.38130571576518707,0.4446409968912932,0.40365068592269504,0.35879895567677633
474,log((-2.263888260080203)(((X_7)^((-1)(-0.22823207973751572)))(((X_8)^((-1)(-0.22823207973751572)))(((2)((X_2)((X_2 + X_3 + (2)(X_9))(sqrt((12.009599689445425)(((X_2)(sin(exp(sqrt(X_6)))))^(X_9) - (X_4))) + (X_4)(X_1 + (X_7)((X_6 + sqrt((12.009599689445425)(((X_2)(sin(exp(sqrt(X_6)))))^(X_9) - (X_4))))^(-1)))))) - (X_1))^((-2)(-0.22823207973751572)))))),44,0.3704301080833579,0.42255924993934213,0.3704301080833579,0.42255924993934213,0.42065977053139947,0.3906422614112086
475,log((4.261795938097264)((((X_2)^((-1)(-0.37142315988099867)))((X_7)^((-1)(-0.37142315988099867))))(((X_8)^((-1)(-0.37142315988099867)))((((X_2)(X_9) + exp(sqrt(X_6)))^((-1)(-0.37142315988099867)))(((X_0 + X_1)(((X_2)^(-1))(X_4)) + sqrt(((X_2)(X_7))((X_9)((X_2)(sin(exp(sqrt(X_6)))) - (X_4)))))^((-1)(-0.37142315988099867))))))),39,0.38102375234271985,0.42483503115145066,0.38102375234271985,0.42483503115145066,0.4040916672314745,0.3873604378725394
476,sqrt((6.747259575097062)((((X_1)^((-1)(-0.13853209840199435)))(((X_2)^((-2)(-0.13853209840199435)))((X_4)^((-1)(-0.13853209840199435)))))((((X_6)^((-1)(-0.13853209840199435)))((X_7)^((-1)(-0.13853209840199435))))(((X_8)^((-1)(-0.13853209840199435)))((X_9)^((-1)(-0.13853209840199435))))))),28,0.3821005118179752,0.4088573850065541,0.3821005118179752,0.4088573850065541,0.4024076516294367,0.4104012358771356
477,(0.18035209031547692)(17.603552358453097 + X_7 + X_8 + X_9 + (-8.265799298940228 + X_2)((sqrt((X_2)((X_4)^(X_2))))^(-1))),20,0.37621658921429196,0.43399299247562734,0.37621658921429196,0.43399299247562734,0.41160990867336533,0.37415406597703604
478,log((5.5121464666010915)((((X_2)^((-1)(-0.38747138767637457)))((X_7)^((-1)(-0.38747138767637457))))(((X_8)^((-1)(-0.38747138767637457)))(((X_2 + X_6 + (2)(X_9))^((-1)(-0.38747138767637457)))((X_4 + sqrt(((X_2)(sin(((X_3)^(-1))(exp(sqrt(X_6))))))^(X_9) - (X_4)))^((-1)(-0.38747138767637457))))))),36,0.37458508533243395,0.42014894025068694,0.37458508533243395,0.42014894025068694,0.4141615258682664,0.3941180837045045
479,log((-0.6362263269840643)((((X_2)^((-2)(-0.6669498803780504)))((X_6)^((-2)(-0.6669498803780504))))(((X_7 + X_8)^((-1)(-0.6669498803780504)))(((X_9)^((-1)(-0.6669498803780504)))(((38.667114494075854)(((X_2)^(-1))(((X_6)^(-2))((X_9)^(-1)))) + ((X_2)^(-1))((X_4)((2)^(-1) + sqrt((38.667114494075854)(((X_2)^(-1))(((X_6)^(-2))((X_9)^(-1))))))))^((-1)(-0.6669498803780504))))))),38,0.39282454616939405,0.4119259062390847,0.39282454616939405,0.4119259062390847,0.3856356226112607,0.40597623001266825
480,log(-1 + sqrt(-0.6253810263038457) + (X_0)(3.058551681671044 + ((X_0)^(-1))((2)(X_2) + (2)(X_4))) + X_7 + X_9 + log(X_4) + (sqrt(-0.6253810263038457))((X_2 + X_8)(X_9 + (X_2 + X_4)(sqrt(X_9)))) - (X_8)),34,0.3902873304026738,0.4402146834582646,0.3902873304026738,0.4402146834582646,0.3896037427300828,0.36518198561689164
481,log((4.693752470039355)(((X_7)^((-1)(-0.20085019028221468)))(((X_8)^((-1)(-0.20085019028221468)))(((2)(X_4) + (2)((X_2)((sqrt(1) + X_3 + (X_1)(X_4 - (sin(sqrt(sqrt(1))))))(X_6 + (X_2)(X_9)))))^((-2)(-0.20085019028221468)))))),37,0.37964874976549945,0.41886864721311806,0.37964874976549945,0.41886864721311806,0.40624212501345247,0.39596434898024024
482,(0.2015580424493219)(X_7 + X_8 + X_9 + (-5.518575337663847 + X_2 - (X_9))((sqrt((X_2)((X_4)^(X_2))))^(-1)) + sqrt(227.74779412971964 + sin(-5.518575337663847 + X_2 + X_4))),26,0.37602686524808676,0.43379869376741886,0.37602686524808676,0.43379869376741886,0.41190663057506427,0.3744342572672791
483,sqrt((-4.644545046005062)((((X_2 + X_5)^((-1)(-0.1849979472249649)))((X_7)^((-1)(-0.1849979472249649))))(((X_8)^((-1)(-0.1849979472249649)))(((X_6 + (X_2)(X_9))^((-1)(-0.1849979472249649)))(((X_1)(X_4) + sqrt(((X_2)((X_7)^(-1)) - (X_4))(X_9)))^((-1)(-0.1849979472249649))))))),33,0.3840676720337121,0.412683897465289,0.3840676720337121,0.412683897465289,0.39933107921829225,0.40488315769313843
484,sqrt((4.468277750928525)((((X_4)^((-1)(-0.11907823466374362)))((X_0 + X_2 + X_4)^(0.235937560460691)))(((X_7 + X_8)^(0.235937560460691))(((sqrt(X_2))^(((-1)(-0.11907823466374362))(X_9 + sqrt(X_2))))((X_9 + sqrt(X_2))^((-1)(-0.11907823466374362))))))),28,0.3843797704387385,0.42431076803621753,0.3843797704387385,0.42431076803621753,0.3988429678103932,0.3881164591556372
485,log(((2)^((-2)(-0.35512587779401883)))((((X_2)^((-2)(-0.35512587779401883)))(((X_7)^((-1)(-0.35512587779401883)))((X_8)^((-1)(-0.35512587779401883)))))(((3.8643460025548073 + X_3 + (2)(X_9))^((-2)(-0.35512587779401883)))(((X_4 + (X_1)(X_4) + sqrt((X_9)(((3.8643460025548073)(sin(exp(sqrt(X_6)))))^(X_9) - (X_4))))^((-2)(-0.35512587779401883)))((sqrt((X_2)((3.8643460025548073 + X_3 + (2)(X_9))(X_4 + (X_1)(X_4) + sqrt((X_9)(((3.8643460025548073)(sin(exp(sqrt(X_6)))))^(X_9) - (X_4)))))))^(-0.35512587779401883)))))),46,0.371055173814653,0.41307611258274324,0.371055173814653,0.41307611258274324,0.4196821887520049,0.4043175581540287
486,(0.2180600161281431)(14.624927704298134 + ((X_2)^(-1))(-7.487653814827077 + X_2 + X_4) + X_7 + X_9 + (log(X_8))^(X_3)),21,0.3842317498030159,0.43395753275277843,0.3842317498030159,0.43395753275277843,0.39907446710592653,0.37420520118832135
487,(1.1132076244567346)^(X_7) + log((2)(X_4) + (X_2)(X_8 + X_9)),14,0.38735226635495773,0.43642438777304365,0.38735226635495773,0.43642438777304365,0.3941940841785869,0.370647836873634
488,log((5.941105939457399)((((X_2)^((-2)(-0.18275941211261465)))((X_7)^((-1)(-0.18275941211261465))))(((X_4 + X_8)^((-1)(-0.18275941211261465)))(((X_3 + X_9 + sqrt(X_6))^((-2)(-0.18275941211261465)))(((X_1)(X_4) + sqrt((X_4)((((X_2)(sin(exp(sqrt(X_6)))))^(X_9))(((X_2)(sin(exp(sqrt(X_6)))))^(X_9) - (X_4)))))^((-2)(-0.18275941211261465))))))),39,0.37562560246088056,0.42894813387449054,0.37562560246088056,0.42894813387449054,0.4125341920776108,0.3814290780117512
489,log(exp(1.3886729309610515) + X_0 + (X_2 + log(X_4))((sqrt(X_7 + X_8))(sqrt(X_9))) + (exp(1.3886729309610515))((X_2 + log(X_4))((sqrt(X_7 + X_8))(sqrt(X_9))))),20,0.38100319421628287,0.4340219464561891,0.38100319421628287,0.4340219464561891,0.40412381944974063,0.3741123124664437
490,(-3.2879528021878426)((X_2)^(-1)) + (-0.17182077970488868)((-2)(9.952964900056028) + ((X_2)^(-1))(sqrt(9.952964900056028) - (9.952964900056028) + (-2)(X_7) - (X_6)) - (X_8 + X_9 + (X_4)((sqrt(X_8))^(-1)))),29,0.3963481982024578,0.42638982221421357,0.3963481982024578,0.42638982221421357,0.3801247493510794,0.3851183287100509
491,log((-5.083117858246834)((((X_2)^((-2)(-0.3390950551872261)))((X_4)^((-1)(-0.3390950551872261))))(((X_7)^((-1)(-0.3390950551872261)))((X_8 + exp(sqrt(X_9)))^((-2)(-0.3390950551872261)))))),23,0.38396290382191944,0.43158563877171235,0.38396290382191944,0.43158563877171235,0.39949493317761275,0.3776256255493601
492,sqrt((1.015352623306881e-09)((((X_0)^((-1)(-3.4257490905643433)))(((X_1)^((-1)(-3.4257490905643433)))((X_2)^((-1)(-3.4257490905643433)))))((((X_8)^((-1)(-3.4257490905643433)))((X_7 + X_9)^((-1)(-3.4257490905643433))))(((X_2 + X_5 + (X_2)(X_9))^((-1)(-3.4257490905643433)))((((X_0)^(-1))(sin(((X_5 + (X_2)(X_9))^(-1))(X_2 + X_5 + (X_2)(X_9)))) + log(X_4))^((-1)(-3.4257490905643433))))))),38,8011.721853050338,9928.40290796435,8011.721853050338,9928.40290796435,-12529.06350050872,-14316.3984350455
493,sqrt((5.7124279357324745)((((X_4)^((-1)(-0.19079387156304203)))((X_7)^((-1)(-0.19079387156304203))))(((X_9 + log(X_2))^((-1)(-0.19079387156304203)))(((sqrt(X_6))^((-1)(-0.19079387156304203)))(((X_2)(X_8 + exp(sqrt(X_9))) - ((X_9 + log(X_2))(sqrt(X_6))))^((-1)(-0.19079387156304203))))))),30,0.381704638616569,0.418962289894012,0.381704638616569,0.418962289894012,0.40302678400107295,0.3958293101844427
494,log((-11.54417635557136)((((X_2)^((-1)(-0.36034363212836135)))((X_7)^((-1)(-0.36034363212836135))))(((X_8)^((-1)(-0.36034363212836135)))(((X_2 + log(X_4))^((-1)(-0.36034363212836135)))((sqrt(((X_9)(X_9))((((X_9)(X_8 + sin(X_9)) + sin(log(X_4)))^(-1))(((-1)(X_4 + log(X_3)))((-1)(X_4 + log(X_3)))))))^((-1)(-0.36034363212836135))))))),37,0.38144181922334625,0.43803630723538634,0.38144181922334625,0.43803630723538634,0.4034378246920316,0.3683233448680717
495,log((-4.36708069118629)(((X_7 + X_8)^((-1)(-0.6514617320022332)))((X_6 + (X_2)(X_0 + X_1 - ((X_9)^(-1))))^((-1)(-0.6514617320022332))))),22,0.4231194112869237,0.45166958731397067,0.4231194112869237,0.45166958731397067,0.3382554725480795,0.3486632741929504
496,(0.18035209031547728)(17.603552358453047 + X_7 + X_8 + X_9 + (-8.26579929894021 + X_2)((sqrt((X_2)((X_4)^(X_2))))^(-1))),20,0.37621658921429196,0.43399299247562734,0.37621658921429196,0.43399299247562734,0.41160990867336533,0.37415406597703604
497,sqrt((7.076692215074105)((((X_2)^((-1)(-0.15817037299013484)))((X_7)^((-1)(-0.15817037299013484))))(((X_8)^((-1)(-0.15817037299013484)))(((X_2 + log((X_2)(X_4)))^((-1)(-0.15817037299013484)))((sqrt((X_9)(X_9 - (X_4 + (X_9)(X_2 + log((X_2)(X_4)))))))^((-1)(-0.15817037299013484))))))),28,0.3874362771933604,0.4393672925453799,0.3874362771933604,0.4393672925453799,0.3940626940530654,0.3664039780604371
498,(0.18035209031547808)(17.603552358452937 + X_7 + X_8 + X_9 + (-8.26579929894017 + X_2)((sqrt((X_2)((X_4)^(X_2))))^(-1))),20,0.3762165892142919,0.4339929924756272,0.3762165892142919,0.4339929924756272,0.41160990867336544,0.37415406597703615
499,log(exp(1.3057940295204207) + X_0 + X_2 + (X_2 + log(X_4))((sqrt(X_7 + X_8))(sqrt(X_9))) + (exp(1.3057940295204207))((X_2 + log(X_4))((sqrt(X_7 + X_8))(sqrt(X_9)))) + sqrt(log(X_4))),23,0.38100747989445044,0.4352477583072936,0.38100747989445044,0.4352477583072936,0.40411711679323714,0.37234461258144147
500,sqrt((6.747276759865819)((((X_1)^((-1)(-0.1385316641584902)))(((X_2)^((-2)(-0.1385316641584902)))((X_4)^((-1)(-0.1385316641584902)))))((((X_6)^((-1)(-0.1385316641584902)))((X_7)^((-1)(-0.1385316641584902))))(((X_8)^((-1)(-0.1385316641584902)))((X_9)^((-1)(-0.1385316641584902))))))),28,0.38210051181854393,0.408857391846906,0.38210051181854393,0.408857391846906,0.4024076516285472,0.4104012260129063
501,log(exp(-4.745525835155172) + X_7 + (exp(-4.745525835155172))((X_0 + (log(X_4))^(log(X_4)) + (X_2 + log(X_4))^(sqrt(X_9)))(sqrt(-401844.12452463363 + (sqrt(log(X_4)))^(X_2))))),24,0.3997083392271066,0.4463601267941992,0.3997083392271066,0.4463601267941992,0.374869601808297,0.3563198592894046
502,(0.18035209031547728)(17.603552358453047 + X_7 + X_8 + X_9 + (-8.26579929894021 + X_2)((sqrt((X_2)((X_4)^(X_2))))^(-1))),20,0.37621658921429196,0.43399299247562734,0.37621658921429196,0.43399299247562734,0.41160990867336533,0.37415406597703604
503,sqrt((-4.663691764948363)((((X_2)^((-2)(-0.10821773969054278)))((X_7)^((-1)(-0.10821773969054278))))(((X_8)^((-1)(-0.10821773969054278)))(((X_2 + X_4 + log(X_4) + sqrt(X_3))^((-2)(-0.10821773969054278)))((sqrt((-1)((X_1)(((X_9)(X_9))(X_2 + X_4 + log(X_4) + sqrt(X_3))))))^((-2)(-0.10821773969054278))))))),34,0.38083454966441876,0.42179200066807243,0.38083454966441876,0.42179200066807243,0.404387573856425,0.3917486844298549
504,log(5.1239589472698635 + (5.1239589472698635)((X_2 + log(X_4))((sqrt(X_7 + X_8))(sqrt(X_9))))),16,0.3818741810884904,0.4355127807497087,0.3818741810884904,0.4355127807497087,0.4027616252776208,0.3719624330972424
505,(0.06057237848844464)(-137999.61187566313 + (X_7 + X_8)(X_9) + (138041.17048533034 + X_2)((sqrt((X_2)(X_4)))^(0.00010286942993337802))),19,0.3832796601051492,0.4212667928870302,0.3832796601051492,0.4212667928870302,0.40056350336944924,0.3925060679820812
506,(0.1135200461618644)(28.568010409884184 + X_2 + X_7 + X_8 + (2)(X_9) + (-12.798726349573721 + X_2)((sqrt((X_2)(X_4)))^(-1))),22,0.37932185969741067,0.4367323894655593,0.37932185969741067,0.4367323894655593,0.40675337008485724,0.3702036785340408
507,sqrt((-5.418393860877447)((((X_2)^((-1)(-0.14650512793622664)))((X_7)^((-1)(-0.14650512793622664))))(((X_8)^((-1)(-0.14650512793622664)))(((X_6 + (X_2)(((X_9)(X_9))(sqrt(X_4))))^((-1)(-0.14650512793622664)))(((X_1)(X_4) + sqrt(X_8 - ((X_0)^(X_7) + X_3 + X_4)))^((-1)(-0.14650512793622664))))))),36,0.3821891200235329,0.41383727085280925,0.3821891200235329,0.41383727085280925,0.40226907137631895,0.40321991875263774
508,sqrt((5.109057386923366)((((X_2)^((-1)(-0.18249682703371786)))(((X_7)^((-1)(-0.18249682703371786)))((X_8)^((-1)(-0.18249682703371786)))))(((X_9)^((-1)(-0.18249682703371786)))((((X_1)(X_4) + sqrt(X_2))^((-1)(-0.18249682703371786)))((X_6 + sqrt(X_2))^((-1)(-0.18249682703371786))))))),28,0.38287983240406764,0.4079829442669936,0.38287983240406764,0.4079829442669936,0.4011888204455665,0.41166223591834883
509,log((-7.081151239838686)((((X_4)^((-1)(-0.39243372051030373)))((X_7)^((-1)(-0.39243372051030373))))(((X_9 + sqrt(X_6))^((-1)(-0.39243372051030373)))(((X_2)(X_8 + exp(sqrt(X_9))) - (X_9 + sqrt(X_6)))^((-1)(-0.39243372051030373)))))),26,0.38185574282714385,0.42729859466416126,0.38185574282714385,0.42729859466416126,0.40279046209818814,0.3838078201243995
510,log((3.2723203409008583)(X_4 + X_7 + X_8 + X_9 + (X_2)(1 + X_8 + X_9) - (((X_4)^(-1))(1 + X_8 + X_9 - (X_4)) + sin((X_4)^(X_4)) + sqrt((X_2)(1 + X_8 + X_9))))),26,0.38680852370053176,0.46235649396452033,0.38680852370053176,0.46235649396452033,0.39504447940109444,0.33325206435664156
511,sqrt((5.643071845471187)((((X_2)^((-1)(-0.1698013672684144)))((X_7)^((-1)(-0.1698013672684144))))(((X_8)^((-1)(-0.1698013672684144)))(((-0.36927995343011694 + X_2 + X_4 + ((-1)(-0.36927995343011694))(((X_2)^(-1))((X_9)^(-1))))^((-2)(-0.1698013672684144)))((sqrt(X_9))^((-2)(-0.1698013672684144))))))),32,0.3856223255060068,0.43132239878991296,0.3856223255060068,0.43132239878991296,0.3968996534790522,0.3780052346101922
512,log((-7.374921172605564)(X_9 + exp(sqrt(X_6)))),8,0.5601348610624864,0.586406655020184,0.5601348610624864,0.586406655020184,0.12396791767185589,0.1543637176376772
513,sqrt((5.4256294100863744)((((X_2)^((-2)(-0.15444615665076522)))((X_0 + X_7)^((-1)(-0.15444615665076522))))(((X_8)^((-1)(-0.15444615665076522)))(((X_9)^((-1)(-0.15444615665076522)))(((X_1)(X_4) + sqrt((X_5)(53.716747293756825 + (-50.82283093369632)((X_4)^(-1)) - (X_9))))^((-1)(-0.15444615665076522))))))),36,0.37862666356571995,0.4272536257805216,0.37862666356571995,0.4272536257805216,0.4078406334516048,0.38387266815990095
514,log((-2.325207982412227)(((X_7)^((-1)(-0.23797541229913705)))(((X_8)^((-1)(-0.23797541229913705)))((X_7 + (2)((X_2)((X_0 + X_3 + X_9 + sqrt(X_6))((X_1)(X_4) + sqrt((3.155701274152503)((X_9)(((X_2)(sin(exp(sqrt(X_6)))))^(X_9) - (X_4))))))))^((-2)(-0.23797541229913705)))))),42,0.3667942754007732,0.4160220101919364,0.3667942754007732,0.4160220101919364,0.42634609055418793,0.4000693834767266
515,sqrt((-1.7383979954074609e-09)((((X_2)^((-1)(-4.38986663374463)))((X_7)^((-1)(-4.38986663374463))))(((X_8)^((-1)(-4.38986663374463)))(((X_6 + (X_2)(X_9))^((-1)(-4.38986663374463)))(((X_1)(X_4) + (X_4)(sqrt(X_4 + log(sqrt(X_9)))))^((-1)(-4.38986663374463))))))),31,10998866.096120035,15545943.353909465,10998866.096120035,15545943.353909465,-17201855.622806374,-22418253.68908222
516,sqrt((-6.4552309857691705)((((X_7)^((-1)(-0.19991856506832434)))((X_8)^((-1)(-0.19991856506832434))))(((X_2 + log(X_4))^((-2)(-0.19991856506832434)))((sqrt(X_9))^((-2)(-0.19991856506832434)))))),23,0.3851737405408179,0.4354771388523747,0.3851737405408179,0.4354771388523747,0.3976012252762622,0.3720138310159049
517,log(2.0053278542343667 + (X_9)^(X_8) + (X_2 + X_4)(sqrt(X_0 + sqrt((624.4323142754203)(((X_2)^(1.4408288113695464))((X_7)(sqrt(X_7)))))))),23,0.38222908951497025,0.4332657478363446,0.38222908951497025,0.4332657478363446,0.4022065604361018,0.3752027997317883
518,(0.18485250672863318)(18.5479473997205 + X_7 + X_8 + X_9 + (-9.95607053788455 + X_2)((sqrt((X_2)(X_4)))^(-1))),19,0.37869818718528475,0.4402513370052572,0.37869818718528475,0.4402513370052572,0.4077287729163328,0.3651291288340621
519,log((-4.6186842530535115)((((X_2)^((-2)(-0.21897770053504217)))((X_7)^((-1)(-0.21897770053504217))))(((X_8)^((-1)(-0.21897770053504217)))(((X_3 + X_6 + X_9)^((-2)(-0.21897770053504217)))(((X_1)(X_4) + sqrt((X_4)((X_9)(((X_2)(sin(exp(sqrt(X_6)))))^(X_9) - (X_4)))))^((-2)(-0.21897770053504217))))))),38,0.37088585776433247,0.4174107046668268,0.37088585776433247,0.4174107046668268,0.4199469933596891,0.3980667963249096
520,sqrt((-5.301340984925948)((((X_4)^((-1)(-0.21114890069721837)))((X_7)^((-1)(-0.21114890069721837))))(((X_9 + sqrt(((X_5)^(-1))(X_6)))^((-1)(-0.21114890069721837)))(((X_2)(X_8 + exp(sqrt(X_9))) - (X_9 + sqrt(((X_5)^(-1))(X_6))))^((-1)(-0.21114890069721837)))))),29,0.38351478280803586,0.42272657408340913,0.38351478280803586,0.42272657408340913,0.40019577937058637,0.3904009691851962
521,2.566956522129793 + (0.12223831775506953)((log((log((1.1885326418378812)(((X_2)(X_4))((X_7)(X_8)))))(log((1.1885326418378812)(((X_2)(X_4))((X_7)(X_8)))))) + sqrt(X_9))(sqrt(X_2) + sqrt(X_9))),22,0.3815848877249355,0.4256874680508555,0.3815848877249355,0.4256874680508555,0.40321407036771584,0.3861311687904272
522,sqrt(-12.232667583104432 + X_4 + X_7 + X_8 + X_9 + exp((1.8721585419544489)(X_2) - (X_2)) + sqrt((1.8721585419544489)(X_2))),18,3.314787210987334,3.325877078978173,3.314787210987334,3.325877078978173,-4.184215703710668,-3.796129621967471
523,log((-1.6864902008512395)(-1.6864902008512395) - (-1.6864902008512395) + X_2 + ((-1.6864902008512395)(-1.6864902008512395))((X_5 + log(X_4) + (X_2 + log(X_4))^(sqrt(X_9)))(sqrt(X_3 + X_7)))),22,0.39345492207954047,0.43373735492813326,0.39345492207954047,0.43373735492813326,0.3846497358907528,0.3745227118364315
524,log((-1.9503699078654015)(((X_7)^((-1)(-0.2470590473302547)))(((X_8)^((-1)(-0.2470590473302547)))((X_7 + (2)((X_2)((X_0 + X_3 + X_9 + sqrt(X_6))((X_1)(X_4) + sqrt((11.05863470213903)((X_9)(sqrt(((X_2)(sin(exp(sqrt(X_6)))))^(X_9)))))))))^((-2)(-0.2470590473302547)))))),42,0.3675131447208013,0.407101250441219,0.3675131447208013,0.407101250441219,0.4252218031171383,0.412933695378481
525,log((4.082900762634331)(((X_7)^((-1)(-0.21449422820805372)))(((X_8)^((-1)(-0.21449422820805372)))((X_7 + (X_2)(((2)(X_0) + X_3 + X_9)((X_1)(X_4) + sqrt((X_9)((((X_2)(sin(exp(sqrt(X_6)))))^(X_9))(exp(sqrt(X_6))))))))^((-2)(-0.21449422820805372)))))),39,0.3669220203545197,0.4078652511289953,0.3669220203545197,0.4078652511289953,0.42614630174328416,0.4118319570271125
526,sqrt((-4.0985081273510905e-09)((((X_7)^((-1)(-4.536655491332727)))((X_8)^((-1)(-4.536655491332727))))(((X_9)^((-1)(-4.536655491332727)))(((2)((X_2)(X_2)) + (2)((X_2)((X_2 + X_6)((X_1)(X_4) + sqrt((log(X_4))(X_5 - (X_4 + sqrt(X_2 + X_4))))))))^((-1)(-4.536655491332727)))))),38,2425380881.9567275,3582553228.982326,2425380881.9567275,3582553228.982326,-3793214119.6658416,-5166273212.28315
527,log((-3.1505460050780005)(((X_7)^((-1)(-0.2145677302451226)))(((X_8)^((-1)(-0.2145677302451226)))((-1 + X_7 + (2)((X_2)((X_0 + X_3 + X_9 + sqrt(X_6))((X_1)(X_4) + sqrt((-4.838862242433898)((X_9)(((X_2)(sin(exp(sqrt(X_6)))))^(X_9))))) - (X_9))))^((-2)(-0.2145677302451226)))))),43,0.3652028398159465,0.4082556332529741,0.3652028398159465,0.4082556332529741,0.42883504228024616,0.4112690007830181
528,sqrt((-7.829829413174021e-11)((((X_2)^((-1)(-4.729806324470499)))((X_7)^((-1)(-4.729806324470499))))(((X_8)^((-1)(-4.729806324470499)))(((X_6 + (X_2)((X_9)(X_9)))^((-1)(-4.729806324470499)))(((X_1)(X_4) + sqrt((-2)(X_2) + X_8 - (X_4)))^((-1)(-4.729806324470499))))))),32,184765321.6004618,290076740.0321838,184765321.6004618,290076740.0321838,-288966747.323178,-418309399.03938866
529,sqrt((-3.4223013210822605e-09)((((X_2)^((-2)(-3.867836336688157)))((X_4)^((-1)(-3.867836336688157))))(((X_7)^((-1)(-3.867836336688157)))((X_8 + X_9)^((-2)(-3.867836336688157)))))),21,31808.318465675035,41979.096745694755,31808.318465675035,41979.096745694755,-49746.14019403541,-60535.56963994675
530,(0.18485250672863318)(18.5479473997205 + X_7 + X_8 + X_9 + (-9.95607053788455 + X_2)((sqrt((X_2)(X_4)))^(-1))),19,0.37869818718528475,0.4402513370052572,0.37869818718528475,0.4402513370052572,0.4077287729163328,0.3651291288340621
531,log(12.577488803897724 + (2)(X_2) + (2)(X_4) + X_6 + X_7 + (-7.1395883175351145)(sqrt(X_9)) + (X_2 + X_8)(-4.384399146419461 + X_7 + X_9 + sqrt(X_5) + (X_2 + X_4)(sqrt(X_9)))),31,0.38297790778120266,0.43145976163011895,0.38297790778120266,0.43145976163011895,0.4010354338545342,0.3778071485200497
532,sqrt((-6.097217775953739)((((X_2)^((-1)(-0.1739145706048958)))((X_7)^((-1)(-0.1739145706048958))))(((X_8)^((-1)(-0.1739145706048958)))(((X_9)^((-1)(-0.1739145706048958)))(((X_1)(X_4) + sqrt((X_6)((X_9)(X_8 - (X_4 + (exp(X_9))^(log(X_2)))))))^((-1)(-0.1739145706048958))))))),32,0.38311810445251077,0.4081677599144284,0.38311810445251077,0.4081677599144284,0.40081617097618283,0.41139571981441114
533,(0.21113363429397455)(13.065118655516779 + X_7 + X_8 + X_9 + (-6.2214574811914565 + X_2)((sqrt((X_2)((X_4)^((X_2)(X_4)))))^(-1))),21,0.4033004002563894,0.46786267641485196,0.4033004002563894,0.46786267641485196,0.36925173917899456,0.32531179352675677
534,sqrt((4.166586081663335)((((X_7)^((-1)(-0.20171754544894127)))((X_8)^((-1)(-0.20171754544894127))))(((X_9 + sin(X_6))^((-1)(-0.20171754544894127)))(((X_2)(X_2) + (X_2)(sin(X_1) + (X_6 + sqrt(X_2))((X_1)(X_4) + sqrt(X_5 - (X_4 + sqrt(X_2 + X_5))))))^((-1)(-0.20171754544894127)))))),38,0.38192122569643727,0.4206889038220603,0.38192122569643727,0.4206889038220603,0.40268804909315736,0.3933394213492972
535,log((6.0580156392181825)((((X_0)^((-1)(-0.17710669634592574)))(((X_2)^((-2)(-0.17710669634592574)))((X_7)^((-1)(-0.17710669634592574)))))(((X_8)^((-1)(-0.17710669634592574)))(((X_2 + X_3 + X_9 + (2)(log(X_4)))^((-2)(-0.17710669634592574)))(((X_1)(X_4) + sqrt((X_5)((X_9)(((X_4)(sin(exp(X_9))))^(X_9) - (X_4)))))^((-2)(-0.17710669634592574))))))),44,0.3856064851688401,0.43622101215313647,0.3856064851688401,0.43622101215313647,0.39692442723358445,0.37094111765697635
536,log((1.3483233402916954)(1.3483233402916954) - (1.3483233402916954) + X_2 + X_8 + (exp(log((1.3483233402916954)(1.3483233402916954))))((X_2)((X_9)^(-1))) + ((2)((1.3483233402916954)(1.3483233402916954)))((X_2 + log(X_4))((sqrt(X_6 + X_8))(sqrt((X_7)(X_9)))))),31,0.3841569582948558,0.4293890951921124,0.3841569582948558,0.4293890951921124,0.3991914385090448,0.38079318330266665
537,log((-5.328979110553871)(((X_7)^((-1)(-0.19057720476050644)))(((X_8)^((-1)(-0.19057720476050644)))((-2 + (2)((X_2)((X_6 + (X_2)(X_9))(X_3 + (X_1)(X_4 - (sin(sqrt(sqrt(X_5))))) + sqrt(sqrt((X_5)(exp(X_5)) - (X_9)))))))^((-2)(-0.19057720476050644)))))),41,0.3805580454058811,0.4183721492029582,0.3805580454058811,0.4183721492029582,0.4048200172164399,0.3966803311880094
538,log((4.173332984222853)(((X_7)^((-1)(-0.21771099253611031)))(((X_8)^((-1)(-0.21771099253611031)))((X_7 + (X_2)((X_0 + X_3 + X_9 + sqrt(X_6))((X_1)(X_4) + sqrt((3.625675242959434)((X_9)(-0.20801663542834029 + ((X_2)(sin(exp(sqrt(X_6)))))^(X_9)))))) - (sqrt(X_4)))^((-2)(-0.21771099253611031)))))),43,0.3658906123454486,0.4096763101408345,0.3658906123454486,0.4096763101408345,0.42775938917762546,0.40922029292541884
539,sqrt((-5.344157247688706)((((X_4)^((-1)(-0.20850921818005547)))((X_7)^((-1)(-0.20850921818005547))))(((X_9 + sqrt(X_3))^((-1)(-0.20850921818005547)))(((X_2)(X_8 + exp(sqrt(X_9))) - (X_9 + sqrt(X_3)))^((-1)(-0.20850921818005547)))))),26,0.3826085396631179,0.42143328176309175,0.3826085396631179,0.42143328176309175,0.4016131131673655,0.3922659802664965
540,sqrt((5.02756892791901)((((X_2)^((-1)(-0.16283849972745257)))((X_0 + (X_3)(X_7))^((-1)(-0.16283849972745257))))(((X_8)^((-1)(-0.16283849972745257)))(((((X_3)^(-1))(X_6) + (X_2)(X_9))^((-1)(-0.16283849972745257)))(((X_1)(X_4) + sqrt((X_4)(X_4 - (X_9))))^((-1)(-0.16283849972745257))))))),35,0.3842391774719691,0.41637895354659615,0.3842391774719691,0.41637895354659615,0.39906285048151646,0.39955464809836017
541,(0.17897092527138858)(X_7 + X_8 + X_9 + (-8.28920211828091 + X_2)((sqrt((X_2)(((sqrt(1))(X_4))^(X_2))))^(-1)) + sqrt(314.1521536776909 + sqrt(X_7 + X_8 + X_9 + (-8.28920211828091 + X_2)((sqrt((X_2)(((sqrt(1))(X_4))^(X_2))))^(-1))))),28,0.37613184274043926,0.4336954742752258,0.37613184274043926,0.4336954742752258,0.4117424493079874,0.3745831064436965
542,sqrt((7.229018986737063)((((X_2)^((-2)(-0.16614410683040218)))((X_7)^((-1)(-0.16614410683040218))))(((X_8)^((-1)(-0.16614410683040218)))((sqrt((X_4)(X_9)))^((-2)(-0.16614410683040218)))))),22,0.387107035943344,0.4292762615122638,0.387107035943344,0.4292762615122638,0.39457761629392196,0.3809558967588247
543,(0.11584336953112855)(33.08369904729863 + X_7 + X_8 + (X_9)^(sqrt(X_8)) + (-12.954587532284028 + X_2 - (X_5 + X_8))((sqrt((X_2)(X_4)))^(-1))),24,0.3775229429632414,0.4376035526565834,0.3775229429632414,0.4376035526565834,0.4095668153497707,0.3689474049295688
544,log(7.060451213513818 + (-3.489221063573821)((exp(X_3))^(-1)) + log((X_2 + log(X_4))(sqrt(X_9))) + (7.060451213513818)((X_2 + log(X_4))((log(X_7 + X_8))(sqrt(X_9))))),26,0.3802734949768465,0.42801077317633085,0.3802734949768465,0.42801077317633085,0.4052650445164758,0.3827808126983179
545,(0.18485250672863415)(18.547947399720435 + X_7 + X_8 + X_9 + (-9.95607053788454 + X_2)((sqrt((X_2)(X_4)))^(-1))),19,0.3786981871852847,0.4402513370052571,0.3786981871852847,0.4402513370052571,0.4077287729163328,0.36512912883406223
546,sqrt((-5.341229929392457)((((X_4)^((-1)(-0.20804888893028725)))((X_7)^((-1)(-0.20804888893028725))))(((X_9 + sqrt(X_6))^((-1)(-0.20804888893028725)))(((X_2)(X_8 + exp(sqrt(X_9))) - (X_9 + sqrt(X_6)))^((-1)(-0.20804888893028725)))))),26,0.3830010261576291,0.4217791996129725,0.3830010261576291,0.4217791996129725,0.40099927749139974,0.39176714437834337
547,sqrt((4.886319418531308)((((X_2)^((-1)(-0.1594766015655126)))((X_7)^((-1)(-0.1594766015655126))))(((X_8)^((-1)(-0.1594766015655126)))((-2.4807059849101494 + X_0 + (X_4)(X_1 + X_5) + (X_2)((X_6)(X_9)) + sqrt((X_9)(X_9 - (X_4 + (X_4)^(X_9)))))^(0.25775879499361604))))),37,0.3751052238082425,0.40652258860089036,0.3751052238082425,0.40652258860089036,0.41334804678717996,0.4137681631376908
548,log((5.083117858050733)((((X_2)^((-2)(-0.33909505518722616)))((X_4)^((-1)(-0.33909505518722616))))(((X_7)^((-1)(-0.33909505518722616)))((X_8 + exp(sqrt(X_9)))^((-2)(-0.33909505518722616)))))),23,0.38396290382191944,0.43158563877333084,0.38396290382191944,0.43158563877333084,0.39949493317761275,0.37762562554702617
549,log((-5.436607801709745)((((X_2)^((-1)(-0.35663576288872667)))((X_7)^((-1)(-0.35663576288872667))))(((X_8)^((-1)(-0.35663576288872667)))(((X_6 + X_9 + (X_2)(X_9))^((-1)(-0.35663576288872667)))(((X_1)(X_4) + sqrt((X_8 - (X_3 + X_4))(X_9)))^((-1)(-0.35663576288872667))))))),32,0.3780924506714109,0.4194232991741275,0.3780924506714109,0.4194232991741275,0.4086761244498269,0.39516450501820866
550,log((-7.451998766342085)((((X_2)^((-1)(-0.39661999763757927)))((X_7)^((-1)(-0.39661999763757927))))(((X_8)^((-1)(-0.39661999763757927)))(((X_9)^((-1)(-0.39661999763757927)))(((X_1)(X_4) + sqrt((X_9)((X_8)^(X_5) + sin(X_3) - ((X_0)^(log(X_5)) + X_3 + X_4))))^((-1)(-0.39661999763757927))))))),36,0.3894412889492558,0.42265281169182506,0.3894412889492558,0.42265281169182506,0.39092692310626564,0.3905073393194083
551,(0.26056561086373253)(8.363278382991538 + X_7 + X_8 + X_9 + (-11.471502203541435)((sqrt((554.286398020106)(((exp(554.286398020106))(X_4))^(X_2))))^(-1))),22,0.5196638632617231,0.5406787114533751,0.5196638632617231,0.5406787114533751,0.18726319697307647,0.22030636659444824
552,log((-7.277645404098407)((((X_2)^((-2)(-0.17590484539621154)))((X_7)^((-1)(-0.17590484539621154))))(((X_8)^((-1)(-0.17590484539621154)))(((X_6 + (X_2)(X_9))^((-2)(-0.17590484539621154)))((X_3 + ((X_1)^(0.7637324395063386))(((X_9)^(0.7637324395063386))(X_4 - (sin(X_8)))) + sqrt(log(X_6 + (X_2)(X_9))))^((-2)(-0.17590484539621154))))))),38,0.37685429652451446,0.41541411203971784,0.37685429652451446,0.41541411203971784,0.4106125558897332,0.40094601188654455
553,log((-4.804142444300476)((((X_2)^((-2)(-0.21790706249621986)))((X_7)^((-1)(-0.21790706249621986))))(((X_8)^((-1)(-0.21790706249621986)))(((X_3 + (2)(X_9))^((-2)(-0.21790706249621986)))(((X_1)(X_4) + sqrt((((X_2)(sin(exp(sqrt(X_6)))))^(X_9))(exp(sqrt(X_6)))))^((-2)(-0.21790706249621986))))))),37,0.3689579349916616,0.41012575184942884,0.3689579349916616,0.41012575184942884,0.4229621997296463,0.40857216894466153
554,sqrt((-4.604647103348047)((((X_2)^((-1)(-0.18974307309998054)))((X_7)^((-1)(-0.18974307309998054))))(((X_8)^((-1)(-0.18974307309998054)))(((X_6 + (X_2)(X_9))^((-1)(-0.18974307309998054)))(((X_1)(X_4) + sqrt(-23.992307462095283 + X_6 + (X_2)(X_9)))^((-1)(-0.18974307309998054))))))),29,0.39498061441803023,0.4292009745907761,0.39498061441803023,0.4292009745907761,0.38226360439066354,0.38106446536365257
555,sqrt((-7.0835661743764655)((((X_2)^((-2)(-0.1576201291407177)))((X_7)^((-1)(-0.1576201291407177))))(((X_8)^((-1)(-0.1576201291407177)))(((X_1)(X_4) + sqrt(((X_0)^(X_3))(sin((X_2 + log(X_4))^(X_9) - (sqrt(X_1 + log((X_2 + log(X_4))^(X_9))))))))^((-1)(-0.1576201291407177)))))),36,0.4036863038735165,0.45614369496633,0.4036863038735165,0.45614369496633,0.36864819890183964,0.34221132190073134
556,log((-3.421707211595727)(((X_7)^((-1)(-0.21481702028306607)))(((X_8)^((-1)(-0.21481702028306607)))((X_3 + (2)((X_2)((X_0 + X_3 + X_9)((X_1)(X_4) + sqrt((X_9)((((X_2)(sin(exp(sqrt(X_6)))))^(X_9))(exp(sqrt(X_6)))))))))^((-2)(-0.21481702028306607)))))),39,0.3653626788353232,0.4060438638205283,0.3653626788353232,0.4060438638205283,0.4285850594301942,0.414458515199821
557,4.248279670040821 + (-1.0701845270456833)((X_2)^((-1)(X_9))),9,0.4558557180381448,0.5000842927345512,0.4558557180381448,0.5000842927345512,0.2870569898887295,0.27884614106011174
558,0.5860004148392918 + log(X_1 + X_4 + X_8 + (exp(0.3369220647228435))((sqrt(X_7))((sqrt(X_6 + X_8))((0.3369220647228435)(X_2 + log(X_4)) + (X_2 + log(X_4))(sqrt(X_9)))))),27,0.376350746771176,0.4196103555775939,0.376350746771176,0.4196103555775939,0.41140009076684503,0.3948947575993055
559,(0.18173161568271215)(18.683686859305276 + X_7 + X_8 + X_9 + (-11.417907418815172 + X_2 + X_6)((sqrt((X_2)(X_4)))^(-1))),21,0.3760880003982687,0.42880933254756604,0.3760880003982687,0.42880933254756604,0.4118110172564864,0.3816292384926778
560,log((-8.87427277867057)((((X_2)^((-2)(-0.2530914203170875)))((X_7)^((-1)(-0.2530914203170875))))(((X_8)^((-1)(-0.2530914203170875)))((X_2 + (X_4)(X_9))^((-2)(-0.2530914203170875)))))),22,0.38350514527090546,0.4359133956021932,0.38350514527090546,0.4359133956021932,0.4002108521544957,0.37138472059753946
561,log(log(0.736222728021647) + (sqrt(0.736222728021647))((X_0)^(-1)) + X_2 + (2)(X_4) + ((X_9)^(-1))(sqrt(X_9)) + (0.736222728021647)((X_2 + X_7 + X_8)(X_9 + (X_2 + X_4)(sqrt(X_9))))),30,0.38911903793287334,0.43349109055060286,0.38911903793287334,0.43349109055060286,0.3914309128568382,0.3748778409791693
562,log((-5.083117858247074)((((X_2)^((-2)(-0.3390950551872262)))((X_4)^((-1)(-0.3390950551872262))))(((X_7)^((-1)(-0.3390950551872262)))((X_8 + exp(sqrt(X_9)))^((-2)(-0.3390950551872262)))))),23,0.38396290382191933,0.43158563877171036,0.38396290382191933,0.43158563877171036,0.39949493317761287,0.37762562554936296
563,log(-45.43137272333282 + sin(log(X_4))),6,0.6436109151293181,0.6979468129588347,0.6436109151293181,0.6979468129588347,-0.006585823136191271,-0.006484396356016164
564,sqrt((6.263794527275705)((((X_2)^((-1)(-0.15077099425413593)))((X_7)^((-1)(-0.15077099425413593))))(((X_8)^((-1)(-0.15077099425413593)))(((X_6 + (X_2)(X_9) - (X_2))^((-1)(-0.15077099425413593)))(((X_4)(X_4 + log(X_2)) + sqrt((X_2 + X_9)(log((X_2)(X_9)))))^((-1)(-0.15077099425413593))))))),32,0.38341739314592704,0.4228785930781683,0.38341739314592704,0.4228785930781683,0.4003480935263819,0.39018174797330163
565,log((13.319179662636685)((((X_2)^((-3)(-0.23942400396551253)))(((X_4)^((-1)(-0.23942400396551253)))((X_7)^((-1)(-0.23942400396551253)))))(((X_8)^((-1)(-0.23942400396551253)))(((X_9)^((-1)(-0.23942400396551253)))((sqrt(X_0))^((-1)(-0.23942400396551253))))))),26,0.38665067754972904,0.43419084218002585,0.38665067754972904,0.43419084218002585,0.3952913454717276,0.3738687539208687
566,log(-58.599322663088664 + X_2 + log(X_4) + (10.163393304647567)((X_2 + log(X_4))((sqrt(X_6 + X_8))(sqrt((X_7)(X_9)))))),21,0.992596092620781,1.0737681175371074,0.992596092620781,1.0737681175371074,-0.5523869024684023,-0.5484429981477879
567,sqrt((-5.839812875861446)((((X_2)^((-1)(-0.1666280250081844)))((X_7)^((-1)(-0.1666280250081844))))(((X_8)^((-1)(-0.1666280250081844)))(((-1 + X_6 + (X_2)(X_9))^((-1)(-0.1666280250081844)))(((X_0)(X_4) + sqrt((X_9)(X_8 - (X_3 + X_4 + (X_5)((exp((X_2)(X_9)))^(-1))))))^((-1)(-0.1666280250081844))))))),37,0.38390123686494243,0.42436276227037273,0.38390123686494243,0.42436276227037273,0.3995913782241306,0.3880414801108073
568,log((4.949079486928233)((((X_2)^((-2)(-0.42019764675144056)))((X_7 + X_8)^((-1)(-0.42019764675144056))))(((X_9)^((-1)(-0.42019764675144056)))(((X_0 + X_1)(((X_2)^(-1))(X_4)) + sqrt((-1.184689575961361)((X_2)(sin((X_3)(exp(sqrt(X_6))))) - (X_4))))^((-1)(-0.42019764675144056)))))),39,0.3775910369448169,0.41600696327206593,0.3775910369448169,0.41600696327206593,0.4094603186529566,0.40009108210731226
569,log((4.847370169569297)((((X_2)^((-2)(-0.2140251169503799)))((X_7)^((-1)(-0.2140251169503799))))(((X_8)^((-1)(-0.2140251169503799)))(((X_3 + (2)(X_9))^((-2)(-0.2140251169503799)))(((X_1)(X_4) + sqrt((((X_2)(sin(exp(sqrt(X_6)))))^(X_9))((exp(sqrt(X_6)))(sqrt(X_6)))))^((-2)(-0.2140251169503799))))))),38,0.3689559891038535,0.40827877468468543,0.3689559891038535,0.40827877468468543,0.4229652430327274,0.41123562934339786
570,log(5.374142944328668 + (5.374142944328668)((X_2 + log(X_4))((sqrt(X_7 + X_8))(sqrt(X_9)))) - (X_9)),17,0.3801676756354735,0.43593287344577525,0.3801676756354735,0.43593287344577525,0.40543054240710474,0.3713566322886942
571,log(1.8836625869856407 + X_7 + (1.8836625869856407)((sqrt(X_2 + X_8))(-3.77302417988216 + X_1 + X_6 + X_7 + (X_2 + X_4)(sqrt((1.8836625869856407)(X_9)))))),24,0.380272997805125,0.42234387826901343,0.380272997805125,0.42234387826901343,0.40526582207632567,0.3909528412742844
572,3.8005997001499354,1,0.6393999402098052,0.6934516520121019,0.6393999402098052,0.6934516520121019,-2.220446049250313e-16,-2.0838531258338122e-06
573,2.8780536792573175 + (0.060786993496493094)(((0.4599360604681354)(X_6) + exp(sqrt(X_9)) + log(X_2))(sqrt(log(X_2) + (log(((sqrt(1))^(-1))(((X_2)(X_7))((X_8)(sqrt(X_4))))))(log(((sqrt(1))^(-1))(((X_2)(X_7))((X_8)(sqrt(X_4)))))) - (sin((X_2)((sqrt(X_4))(sqrt(X_4)))))))),35,0.3808718824393897,0.4194062986523291,0.3808718824393897,0.4194062986523291,0.4043291866520743,0.3951890208689903
574,sqrt((-3.6596786648786335)((((X_2)^((-1)(-0.18101795032100068)))((X_7)^((-1)(-0.18101795032100068))))(((X_3 + X_8)^((-1)(-0.18101795032100068)))(((sqrt((6.8188254191221)((X_4)(X_9))))^((-1)(-0.18101795032100068)))((X_0 + (2)((X_2)(sqrt((6.8188254191221)((X_4)(X_9))))))^((-1)(-0.18101795032100068))))))),31,0.38476943086013277,0.42289718872907917,0.38476943086013277,0.42289718872907917,0.39823355201772603,0.39015493184328376
575,sqrt((-7.229018661647983)((((X_2)^((-2)(-0.16614411687932493)))((X_7)^((-1)(-0.16614411687932493))))(((X_8)^((-1)(-0.16614411687932493)))((sqrt((X_4)(X_9)))^((-2)(-0.16614411687932493)))))),22,0.38710703594334817,0.42927626203363733,0.38710703594334817,0.42927626203363733,0.3945776162939154,0.38095589600697033
576,sqrt((-5.514447809013425)(((X_7 + (2)(X_8))^((-1)(-0.1445561052719852)))(((2)(((X_0)(X_1))(((X_2)(X_2))((X_4)(X_9)))) - (X_0))^((-1)(-0.1445561052719852))))),26,0.38660528167690067,0.4261190380877992,0.38660528167690067,0.4261190380877992,0.3953623430899218,0.3855088169148204
577,2.8531522417946307 + (0.04233208333635117)((X_2 + (0.49148705220860034)(X_3) + exp(sqrt(X_9)))(sqrt(-1.4804529093984629 + X_1 + (log(((X_2)(X_4))((X_7)(X_8))))(log(((X_2)(X_4))((X_7)(X_8))))))),27,0.3838082650951618,0.4154909306533836,0.3838082650951618,0.4154909306533836,0.39973678294492254,0.40083523448263825
578,(0.18035209031547728)(17.603552358453047 + X_7 + X_8 + X_9 + (-8.26579929894021 + X_2)((sqrt((X_2)((X_4)^(X_2))))^(-1))),20,0.37621658921429196,0.43399299247562734,0.37621658921429196,0.43399299247562734,0.41160990867336533,0.37415406597703604
579,log((-4.787550849664079)((((X_2)^((-2)(-0.2295791242953094)))((X_7)^((-1)(-0.2295791242953094))))(((X_8)^((-1)(-0.2295791242953094)))(((X_0 + X_2 + (2)(X_9))^((-2)(-0.2295791242953094)))((X_4 + sqrt((((X_2)(sin(exp(sqrt(X_6)))))^(X_9) - (X_4))(sqrt(X_9))))^((-2)(-0.2295791242953094))))))),38,0.37270325138561694,0.42909421039127965,0.37270325138561694,0.42909421039127965,0.4171046508648053,0.3812184262370135
580,0.6637021310842083 + log(exp(0.31243192888916577) - (0.31243192888916577) + X_1 + X_8 + (exp(0.31243192888916577))((sqrt(X_7))((sqrt(X_6 + X_8))((0.31243192888916577)(X_2 + log(X_4)) + (X_2 + log(X_4))(sqrt(X_9)))))),28,0.3764615254202849,0.4147242631572916,0.3764615254202849,0.4147242631572916,0.41122683668572557,0.40194081854389163
581,sqrt((-5.344157485855334)((((X_4)^((-1)(-0.20850920929612965)))((X_7)^((-1)(-0.20850920929612965))))(((X_9 + sqrt(X_3))^((-1)(-0.20850920929612965)))(((X_2)(X_8 + exp(sqrt(X_9))) - (X_9 + sqrt(X_3)))^((-1)(-0.20850920929612965)))))),26,0.3826085396631186,0.4214332816498993,0.3826085396631186,0.4214332816498993,0.4016131131673645,0.3922659804297274
582,log((-14.054274394853113)((((X_2)^((-1)(-0.15830900834810963)))((X_7)^((-1)(-0.15830900834810963))))(((X_8)^((-1)(-0.15830900834810963)))(((exp((X_2 + log(X_4))(sqrt(X_9))))^((-1)(-0.15830900834810963)))((X_2 + log(X_4))^((-1)(-0.15830900834810963))))))),25,0.38933159138579765,0.43788621035649167,0.38933159138579765,0.43788621035649167,0.39109848640579004,0.3685397942647082
583,sqrt((-5.735543103270225)((((X_2)^((-1)(-0.15230200523333615)))((X_2 + X_4)^(((-1)(-0.15230200523333615))(sqrt(X_9)))))(((X_7)^((-1)(-0.15230200523333615)))(((X_8)^((-1)(-0.15230200523333615)))(((X_1)(X_4) + sqrt((X_2)(X_9)))^((-1)(-0.15230200523333615))))))),28,0.38172408716494355,0.42056259878795055,0.38172408716494355,0.42056259878795055,0.4029963671255754,0.39352156136864025
584,log((-3.2892310603055877)((((X_2)^((-2)(-0.234339997515235)))((X_7)^((-1)(-0.234339997515235))))(((X_8)^((-1)(-0.234339997515235)))(((X_2 + X_4 + X_6 + (2)(X_9))^((-2)(-0.234339997515235)))((X_0 + X_4 + sqrt((X_9)(((X_2)(sin(exp(sqrt(X_6)))))^(X_9) - (X_4))))^((-2)(-0.234339997515235))))))),39,0.3739784457972831,0.42267158750727346,0.3739784457972831,0.42267158750727346,0.4151102896966643,0.39048026338048736
585,sqrt((6.320087773542743)((((X_0)^((-1)(-0.10634922582169255)))(((X_2)^((-0.10634922582169255)((-1)(1 + 1.2803666069987811 + 1 + 1.2803666069987811 - (1 + 1.2803666069987811)))))((X_4)^((-1)((1.2803666069987811)(-0.10634922582169255))))))((((X_7)^((-1)(-0.10634922582169255)))((X_8)^((-1)(-0.10634922582169255))))(((X_9)^((-1)((1.2803666069987811)(-0.10634922582169255))))((X_3 + (X_2)(X_9))^((-1)((1.2803666069987811)(-0.10634922582169255)))))))),37,0.38329379838472044,0.42499825611480735,0.38329379838472044,0.42499825611480735,0.40054139157574686,0.38712505692994603
586,log(((sin(0.2239560669123034))^(-1))(-1 + ((-1)(exp(0.2239560669123034)))(((X_0)(X_0))((X_3)^(-1))) + X_4 + X_7 + X_8 + (X_2)((exp(0.2239560669123034))(((X_0)(X_0))((X_3)^(-1))) + X_9 + log(X_3 + X_5)) - (log(X_3 + X_5) + sqrt((X_2)((exp(0.2239560669123034))(((X_0)(X_0))((X_3)^(-1))) + X_9 + log(X_3 + X_5)))))),34,0.4801879228462752,0.5294361365324872,0.4801879228462752,0.5294361365324872,0.24900223999284077,0.23651888597650117
587,sqrt((-5.341227379597845)((((X_4)^((-1)(-0.20804898372875438)))((X_7)^((-1)(-0.20804898372875438))))(((X_9 + sqrt(X_6))^((-1)(-0.20804898372875438)))(((X_2)(X_8 + exp(sqrt(X_9))) - (X_9 + sqrt(X_6)))^((-1)(-0.20804898372875438)))))),26,0.3830010261576575,0.4217792015602459,0.3830010261576575,0.4217792015602459,0.40099927749135533,0.3917671415702494
588,3.2730908777701706 + (-0.17701378756454703)(((X_2)^(-1))(8.227382614844695 - (X_7)) - (X_4 + X_8 + X_9)),17,0.3866994623382395,0.42892452531805564,0.3866994623382395,0.42892452531805564,0.39521504770339433,0.3814631230754023
589,log(-5.123958947268877 + (-5.123958947268877)((X_2 + log(X_4))((sqrt(X_7 + X_8))(sqrt(X_9))))),16,0.3818741810884904,0.43551278074972055,0.3818741810884904,0.43551278074972055,0.4027616252776208,0.3719624330972253
590,log(exp(1.6763771858134073) - (1.6763771858134073) + (exp(1.6763771858134073))((X_2 + log(X_4))((sqrt(X_7 + X_8))(sqrt(X_9))))),18,0.3827424242231952,0.4390618722308647,0.3827424242231952,0.4390618722308647,0.4014037222186686,0.3668444138861794
591,4.619974518446981 + (-0.1800929080048562)(((X_2)^(-1))((sqrt(-6.019274995615781))((X_2)((X_7)^(-1))) - (-6.019274995615781)) - (-6.019274995615781 + X_4 + (X_8)^(sin(X_5)) + X_9)),25,0.3829412967732335,0.4247721236859066,0.3829412967732335,0.4247721236859066,0.4010926922395712,0.3874511545021003
592,log((5.3451504606135165)((((X_2)^((-2)(-0.2079760091590878)))((X_7)^((-1)(-0.2079760091590878))))(((X_8)^((-1)(-0.2079760091590878)))((X_9 + (X_6 + X_9 + (X_3)(log(X_2)))((X_1)(X_4) + sqrt((X_4)((X_9)(2.7097062554690328 + ((X_1)(sin(exp(sqrt(X_6)))))^(X_9))))))^((-2)(-0.2079760091590878)))))),41,0.38384958476015185,0.4255496180644143,0.38384958476015185,0.4255496180644143,0.3996721603786826,0.3863299573769138
593,(0.18485250672863318)(18.5479473997205 + X_7 + X_8 + X_9 + (-9.95607053788455 + X_2)((sqrt((X_2)(X_4)))^(-1))),19,0.37869818718528475,0.4402513370052572,0.37869818718528475,0.4402513370052572,0.4077287729163328,0.3651291288340621
594,log((1.1669458154863452)((((X_2)^((-2)(0.09552989552348556)))((X_7)^((-1)(0.09552989552348556))))(((X_8)^((-1)(0.09552989552348556)))(((X_3 + X_6 + (2)(X_9))^((-2)(0.09552989552348556)))((-3.945048601094392 + (X_1)(X_4) + sqrt((X_9)(((X_6)(sin(exp(sqrt(X_6)))))^(X_9) - (X_4))))^((-2)(0.09552989552348556))))))),41,inf,inf,inf,inf,-inf,-inf
595,log((exp(log(-3.8216276738590302)) + X_2 + X_8)(sqrt(X_2 + X_7 + X_8)) + (-3.8216276738590302)((-3.8216276738590302 + X_0 + log(X_4) + (X_2 + log(X_4))^(sqrt(X_9)))(sqrt(X_2 + X_7 + X_8)))),26,1.9971271674470132,2.2818000595744388,1.9971271674470132,2.2818000595744388,-2.123439715667943,-2.290503105573111
596,log(-1.4895058267135841 + X_9 + ((X_9)^(0.05393147789734093))^((X_8)(exp(X_9))) + (X_2 + X_4)(sqrt(-84.13887578056064 + sqrt((-65.9543084457529)((((X_2)^(-1457.622599462875))(X_3))((X_7)(sqrt(X_7)))))))),30,0.4061366349539905,0.4564556870201655,0.4061366349539905,0.4564556870201655,0.3648159635099033,0.3417614092023106
597,log((2.857999368962869)((((X_2)^((-2)(-0.25703116847988966)))((X_7)^((-1)(-0.25703116847988966))))(((X_8)^((-1)(-0.25703116847988966)))(((2.347138291920071 + X_3 + X_9)^((-2)(-0.25703116847988966)))((X_4 + (X_1)(X_4) + sqrt((X_9)(((2.347138291920071)(sin(exp(sqrt(X_6)))))^(X_9) - (X_4))))^((-2)(-0.25703116847988966))))))),39,0.3720404627083708,0.418391895310669,0.3720404627083708,0.418391895310669,0.41814123006284,0.3966518560249588
598,log((9.504360437604854)((((X_2)^((-2)(-0.1554768730874359)))((-2.0525203873915876 + X_3 + (2)(X_6))^((-2)(-0.1554768730874359))))(((X_7)^((-1)(-0.1554768730874359)))(((X_8)^(((-1)(-0.1554768730874359))(X_4)))((sqrt((X_9)(((-2.0525203873915876)(sin(exp(sqrt(X_6)))))^(X_9) - (X_4))) + (X_4)(X_1 + (X_7)((X_6 + sqrt((X_9)(((-2.0525203873915876)(sin(exp(sqrt(X_6)))))^(X_9) - (X_4))))^(-1))))^((-2)(-0.1554768730874359))))))),45,0.4190338467605226,0.4571406478827794,0.4190338467605226,0.4571406478827794,0.3446451580476755,0.3407736513853318
599,log(X_5 + (2.185732745737619)(-1.3343242386539769 + (-1.3343242386539769)((sqrt((2)(X_2) + X_8))(X_0 + X_1 + (-4.101054305800499)((X_7)^(-2)) + (X_2 + log(X_4))(sqrt(X_9)))))),31,0.5405771876128533,0.620295884780442,0.5405771876128533,0.620295884780442,0.1545554611164418,0.10549325885067595
600,log(4.017154040345655 + X_2 + (1 + 4.017154040345655)((X_2 + log(X_4))((sqrt(X_7 + X_8))(sqrt(X_9))))),19,0.38198282672398637,0.4368356631241014,0.38198282672398637,0.4368356631241014,0.40259170715804726,0.37005475124624854
601,(0.18115927190965797)(X_7 + X_8 + X_9 + sqrt(303.4184612697129 + X_1) + (-8.200569516513362 + X_2)((sqrt((X_2)((X_4)^(X_2))))^(-1))),23,0.3759121319871686,0.43339880233519856,0.3759121319871686,0.43339880233519856,0.4120860695360383,0.3750109265482232
602,log((-13.453626155585718)((((X_2)^(((-1)(-0.21411382845737043))(1 + X_9)))((X_7)^((-1)(-0.21411382845737043))))(((X_8)^((-1)(-0.21411382845737043)))(((X_1)(X_4) + sqrt((X_9)((-1)(sqrt(((X_2)^(X_9))(X_4)) + ((X_9)((X_1)(X_4) + sqrt(((X_2)^(X_9))(X_4))))^(log(X_5))))))^((-1)(-0.21411382845737043)))))),36,0.3895499693389025,0.4209110294106709,0.3895499693389025,0.4209110294106709,0.39075695063236915,0.39301910189971023
603,(0.18485250672863318)(18.5479473997205 + X_7 + X_8 + X_9 + (-9.95607053788455 + X_2)((sqrt((X_2)(X_4)))^(-1))),19,0.37869818718528475,0.4402513370052572,0.37869818718528475,0.4402513370052572,0.4077287729163328,0.3651291288340621
604,sqrt((2.238073918380143e-09)((((X_7)^((-1)(-4.318896038002635)))((X_8)^((-1)(-4.318896038002635))))(((X_9)^((-1)(-4.318896038002635)))(((2)(X_2) + (2)((X_2)((X_6 + sqrt(X_2))((X_1)(X_4) + sqrt(X_4)))))^((-1)(-4.318896038002635)))))),31,26961609.91890621,39490520.76110404,26961609.91890621,39490520.76110404,-42167050.047986254,-56947881.29138142
605,sqrt((5.996686075070709)((((X_2)^((-1)(-0.17695672437622773)))((X_7)^((-1)(-0.17695672437622773))))(((X_8)^((-1)(-0.17695672437622773)))(((X_9)^((-1)(-0.17695672437622773)))(((X_1)(X_4) + sqrt((X_4 + X_9)(X_8 - (X_4 + (exp(X_9))^(log(X_2))))))^((-1)(-0.17695672437622773))))))),31,0.38399881098154726,0.41456849644122473,0.38399881098154726,0.41456849644122473,0.39943877558770735,0.40216544421204004
606,log(4.650218058086638 + ((1.8405600352713378)^(-1))(exp(1.8405600352713378) + (exp(1.8405600352713378))((X_2 + log(X_4))((sqrt(X_6 + X_8))(sqrt((X_7)(X_9))))))),24,0.38120655391523106,0.41916495923191643,0.38120655391523106,0.41916495923191643,0.40380577172067544,0.3955370479053789
607,sqrt((-5.341229567965694)((((X_4)^((-1)(-0.20804890238707122)))((X_7)^((-1)(-0.20804890238707122))))(((X_9 + sqrt(X_6))^((-1)(-0.20804890238707122)))(((X_2)(X_8 + exp(sqrt(X_9))) - (X_9 + sqrt(X_6)))^((-1)(-0.20804890238707122)))))),26,0.3830010261576269,0.4217791998831131,0.3830010261576269,0.4217791998831131,0.40099927749140307,0.3917671439887832
608,log((1.1978515284851572)((((X_2)^((-2)(-0.2734256203801758)))((X_7)^((-1)(-0.2734256203801758))))(((X_8)^((-1)(-0.2734256203801758)))(((2.6776716622502144 + X_3 + (2)(X_9))^((-2)(-0.2734256203801758)))((sqrt((-57.097136381265074)(((2.6776716622502144)(sin(exp(sqrt(X_6)))))^(X_9) - (X_4))) + (X_4 + X_7)(X_1 + (X_7)((X_6 + sqrt((-57.097136381265074)(((2.6776716622502144)(sin(exp(sqrt(X_6)))))^(X_9) - (X_4))))^(-1))))^((-2)(-0.2734256203801758))))))),46,0.37130695373843176,0.41604547816124826,0.37130695373843176,0.41604547816124826,0.4192884134199395,0.4000355411487898
609,sqrt((2.5621952518254886e-09)((((X_2)^((-1)(-4.009235222809066)))((X_7)^((-1)(-4.009235222809066))))(((X_8)^((-1)(-4.009235222809066)))((((X_1)(X_4) + (X_5)(X_9))^((-1)(-4.009235222809066)))((X_6 + (X_6)(X_9))^((-1)(-4.009235222809066))))))),28,100673.60055876397,157031.97076707444,100673.60055876397,157031.97076707444,-157449.12507466006,-226449.2471700754
610,sqrt((5.366845354863896)((((X_4)^((-1)(-0.20504100119530105)))((X_7)^((-1)(-0.20504100119530105))))(((X_9 + sqrt(X_2))^((-1)(-0.20504100119530105)))(((X_2)(X_8 + exp(sqrt(X_9))) - (X_9 + sqrt(X_2)))^((-1)(-0.20504100119530105)))))),25,0.38537094586844395,0.4253718760189337,0.38537094586844395,0.4253718760189337,0.3972928027769397,0.38658627288983116
611,log(5.374142944328668 + (5.374142944328668)((X_2 + log(X_4))((sqrt(X_7 + X_8))(sqrt(X_9)))) - (X_9)),17,0.3801676756354735,0.43593287344577525,0.3801676756354735,0.43593287344577525,0.40543054240710474,0.3713566322886942
612,sqrt((-7.006829195841508)((((X_2)^((-1)(-0.17047611399943363)))((X_7)^((-1)(-0.17047611399943363))))(((X_8)^((-1)(-0.17047611399943363)))(((X_2 + log(X_4))^((-1)(-0.17047611399943363)))((sqrt((X_9)(X_9 - (X_4 + (X_9)(X_2 + log(X_4))))))^((-1)(-0.17047611399943363))))))),27,0.3848353247304371,0.43678097099547714,0.3848353247304371,0.43678097099547714,0.39813049622093843,0.37013362082920487
613,sqrt((-6.2485148054978445)((((X_2)^((-2)(-0.14158118587595553)))(((X_4)^((-1)(-0.14158118587595553)))((X_7)^((-1)(-0.14158118587595553)))))(((X_8)^((-1)(-0.14158118587595553)))(((X_0 + X_9)^((-1)(-0.14158118587595553)))((sqrt((X_2)(X_0 + X_9)))^((-1)(-0.14158118587595553))))))),28,0.38829510009816937,0.4345919642320889,0.38829510009816937,0.4345919642320889,0.39271952391681675,0.37329031000660495
614,sqrt((-5.997199521261831)((((X_1)^((-1)(-0.23429565668233207)))((X_0 + X_7)^((-1)(-0.23429565668233207))))(((X_8)^((-1)(-0.23429565668233207)))((X_2 + log(X_4))^((-1)(-0.23429565668233207)))))),22,0.43384005859840624,0.4778369045389989,0.43384005859840624,0.4778369045389989,0.3214887407464393,0.310928312169358
615,log((-3.694130210460715)((((X_5)^((-1)(-0.21667272978799546)))((X_7)^((-1)(-0.21667272978799546))))(((X_8)^((-1)(-0.21667272978799546)))((X_7 + (X_2)((X_0 + X_3 + X_9 + sqrt(X_6))((X_1)(X_4) + sqrt((1.9928316820581484)((X_4)((X_9)(((X_2)(sin(exp(sqrt(X_6)))))^(X_9) - (X_4))))))))^((-2)(-0.21667272978799546)))))),44,0.36908286911148097,0.41559030740071756,0.36908286911148097,0.41559030740071756,0.4227668069684609,0.4006919267925748
616,(0.19317166674559563)(X_7 + X_8 + X_9 + (-7.502701460980378 + X_2)((sqrt(X_2))^(-1)) + sqrt(-303.75373746712387 - (X_4))),20,0.40751725628513163,0.44385267534111916,0.40751725628513163,0.44385267534111916,0.3626567181857825,0.35993576628301394
617,sqrt((-6.025547866527)((((X_2)^((-1)(-0.17229798249599604)))((X_7)^((-1)(-0.17229798249599604))))(((X_8)^((-1)(-0.17229798249599604)))(((X_9)^((-1)(-0.17229798249599604)))(((X_1)(X_4) + sqrt((X_6)((X_9)(X_8 - ((X_4)^(X_6) + (exp(X_9))^(log(X_2)))))))^((-1)(-0.17229798249599604))))))),33,0.38321216507303124,0.4039800045315343,0.38321216507303124,0.4039800045315343,0.4006690633294576,0.41743473363377415
618,(0.0929942196535856)(28.386309239672457 + (2)(X_2) + X_3 + X_7 + X_9 + ((X_0)((X_2)^((-1)(X_4))))((-3.76578755216306 + (X_2)^(X_4) + X_4)(X_9))),26,0.3734611133484114,0.44164813713312323,0.3734611133484114,0.44164813713312323,0.4159193802460033,0.3631148528069743
619,sqrt((6.430619652483253)((((X_2)^((-1)(-0.13531739317998107)))(((X_4)^((-1)(-0.13531739317998107)))((X_7)^((-1)(-0.13531739317998107)))))(((X_8)^((-1)(-0.13531739317998107)))((((2)((X_2)(X_9)) - (X_2))^((-1)(-0.13531739317998107)))((X_4 + sqrt((X_2)(X_9)))^((-1)(-0.13531739317998107))))))),28,0.3886671716339967,0.42908697126151685,0.3886671716339967,0.42908697126151685,0.3921376165495666,0.38122886552982815
620,sqrt((-5.341227379597845)((((X_4)^((-1)(-0.20804898372875438)))((X_7)^((-1)(-0.20804898372875438))))(((X_9 + sqrt(X_6))^((-1)(-0.20804898372875438)))(((X_2)(X_8 + exp(sqrt(X_9))) - (X_9 + sqrt(X_6)))^((-1)(-0.20804898372875438)))))),26,0.3830010261576575,0.4217792015602459,0.3830010261576575,0.4217792015602459,0.40099927749135533,0.3917671415702494
621,sqrt((5.3412272846046065)((((X_4)^((-1)(-0.2080489872376131)))((X_7)^((-1)(-0.2080489872376131))))(((X_9 + sqrt(X_6))^((-1)(-0.2080489872376131)))(((X_2)(X_8 + exp(sqrt(X_9))) - (X_9 + sqrt(X_6)))^((-1)(-0.2080489872376131)))))),26,0.38300102615766046,0.42177920163974025,0.38300102615766046,0.42177920163974025,0.40099927749135056,0.3917671414556134
622,log((12.340776156779595)((((X_2)^((-2)(-0.31690567301024086)))((X_7)^((-1)(-0.31690567301024086))))(((X_8)^((-1)(-0.31690567301024086)))((sqrt((X_4)(X_9)))^((-2)(-0.31690567301024086)))))),22,0.38471546783877125,0.43163581745049656,0.38471546783877125,0.43163581745049656,0.39831794836806633,0.37755326465267236
623,log((-4.242616074928852)((((X_2)^((-2)(-0.21419370375979033)))((X_7)^((-1)(-0.21419370375979033))))(((X_8)^((-1)(-0.21419370375979033)))(((X_3 + X_6 + (2)(X_9))^((-2)(-0.21419370375979033)))(((X_1)(X_4) + sqrt((X_4)((X_9)(((X_2)(sin(exp(sqrt(X_2)))))^(X_9) - (X_2 + (X_2)(sin(exp(sqrt(X_2)))))))))^((-2)(-0.21419370375979033))))))),41,0.36965240208031175,0.40523330975878086,0.36965240208031175,0.40523330975878086,0.42187607656169246,0.4156273865241177
624,(0.17593907515858195)(19.245592785523954 + X_7 + X_8 + X_9 + (1.6316553791309987)((-6.454982091783911 + X_2)((sqrt((X_2)(X_4)))^(-1)))),21,0.3775167375902516,0.4397486711309285,0.3775167375902516,0.4397486711309285,0.4095765203444064,0.36585400550044833
625,log((7.182136084718511)((((X_2)^((-2)(-0.31562221662314177)))((X_4)^((-1)(-0.31562221662314177))))(((X_7)^((-1)(-0.31562221662314177)))((-1 + X_8 + exp((1.1243583641947483)(log(X_9))) + sqrt(X_6))^((-2)(-0.31562221662314177)))))),29,0.381918665270339,0.42563905709782723,0.381918665270339,0.42563905709782723,0.40269205351345394,0.38620098051236784
626,2.8668365245223306 + (0.06757406705472496)((exp(sqrt(X_9)) + log(X_2) + ((-1)((0.06757406705472496)(sqrt(1))))((((X_2)^(-1))((X_7)^(-1)))(((X_8)^(-1))((sqrt(X_4))^(-1)))))(sqrt(log(((sqrt(1))^(-1))((X_2)((X_8)(sqrt(X_4))))) + (log(((sqrt(1))^(-1))(((X_2)(X_7))((X_8)(sqrt(X_4))))))(log(((sqrt(1))^(-1))(((X_2)(X_7))((X_8)(sqrt(X_4)))))) - (sin((X_2)((sqrt(X_4))(sqrt(X_4)))))))),45,0.38238486805707106,0.4211116379318697,0.38238486805707106,0.4211116379318697,0.4019629280359335,0.39272981145147867
627,(0.18485250672863318)(18.5479473997205 + X_7 + X_8 + X_9 + (-9.95607053788455 + X_2)((sqrt((X_2)(X_4)))^(-1))),19,0.37869818718528475,0.4402513370052572,0.37869818718528475,0.4402513370052572,0.4077287729163328,0.3651291288340621
628,log((4.948663149863793)((((X_2)^((-2)(-0.1977874624704108)))((X_7)^((-1)(-0.1977874624704108))))(((X_8)^((-1)(-0.1977874624704108)))(((X_3 + X_6 + (2)(X_9))^((-2)(-0.1977874624704108)))(((X_1)(X_4) + sqrt(((X_2)^(sqrt(X_9)))((X_4)(((X_2)(sin(exp(sqrt(X_6)))))^(X_9) - (X_0)))))^((-2)(-0.1977874624704108))))))),43,0.3671363125458345,0.411150167951605,0.3671363125458345,0.411150167951605,0.4258111559638764,0.40709489474113714
629,sqrt((-6.07149947777434)((((X_2)^(0.14844259071778185))(((X_7)^(0.14844259071778185))((X_8)^(0.14844259071778185))))(((-1 + X_6 + (X_2)(X_9))^(0.14844259071778185))(((sqrt(X_4))^(0.14844259071778185))(((X_0)(X_4) + sqrt((X_6 - (X_2 + X_4))(X_9)))^(0.14844259071778185)))))),33,0.38432195938457997,0.43284237557511707,0.38432195938457997,0.43284237557511707,0.39893338235459774,0.37581332988518057
630,sqrt((-2.60533645783105e-09)((((X_2)^((-1)(-4.08117698783571)))((X_7)^((-1)(-4.08117698783571))))(((X_8)^((-1)(-4.08117698783571)))(((X_6 + (X_2)(X_9))^((-1)(-4.08117698783571)))(((X_1)(X_4) + sqrt((X_9)(X_8 - (X_3 + X_4 + X_9))))^((-1)(-4.08117698783571))))))),32,387015.03079714475,545155.1869754201,387015.03079714475,545155.1869754201,-605277.4907520546,-786148.0003188379
631,log((4.99088050687954)((((X_2)^((-2)(-0.20520691804789587)))((X_7)^((-1)(-0.20520691804789587))))(((X_8)^((-1)(-0.20520691804789587)))(((X_6 + (2)(X_9))^((-2)(-0.20520691804789587)))(((X_1)(X_4) + sqrt(((X_3)(X_4))((X_9)(((X_2)(sin(exp(sqrt(X_6)))))^(X_9) - (X_4)))))^((-2)(-0.20520691804789587))))))),40,0.37254491337485757,0.41432142659571913,0.37254491337485757,0.41432142659571913,0.4173522861878669,0.4025217348916368
632,sqrt((5.798856626067702)((((X_2)^((-1)(-0.15055947170923004)))((X_7)^((-1)(-0.15055947170923004))))(((X_8)^((-1)(-0.15055947170923004)))(((X_6 + (X_2)((X_9)(X_9)))^((-1)(-0.15055947170923004)))(((X_1)(X_4) + sqrt(sqrt(X_8) - (X_4)))^((-1)(-0.15055947170923004))))))),30,0.38360320304337536,0.4141672500937611,0.38360320304337536,0.4141672500937611,0.40005749309656746,0.4027440673683017
633,(0.2180600161281431)(14.624927704298134 + ((X_2)^(-1))(-7.487653814827077 + X_2 + X_4) + X_7 + X_9 + (log(X_8))^(X_3)),21,0.3842317498030159,0.43395753275277843,0.3842317498030159,0.43395753275277843,0.39907446710592653,0.37420520118832135
634,log((-9.466124030032558)((((X_2)^((-2)(-0.20173989263582992)))((X_7)^((-1)(-0.20173989263582992))))(((X_8)^((-1)(-0.20173989263582992)))(((X_1)(X_4) + sqrt((X_9)(((X_2 + log(X_4))(sqrt(X_9)))^(X_9))))^((-2)(-0.20173989263582992)))))),30,0.3754086840514035,0.4121424485231678,0.3754086840514035,0.4121424485231678,0.41287344517389024,0.40566396204892907
635,sqrt((4.604004703348358)((((X_2)^((-1)(-0.1814880084007484)))((X_7)^((-1)(-0.1814880084007484))))(((X_3 + X_8)^((-1)(-0.1814880084007484)))(((X_6 + (X_2)(X_9))^((-1)(-0.1814880084007484)))(((X_1)(X_4) + sqrt((((X_0)^(-1))(X_2) - (X_4))(X_9)))^((-1)(-0.1814880084007484))))))),34,0.37700376095770344,0.4149364046572582,0.37700376095770344,0.4149364046572582,0.4103787985435252,0.40163489679516884
636,log((-2.6284322167169742)(((X_7)^((-1)(-0.23124860350149695)))(((X_8)^((-1)(-0.23124860350149695)))((X_7 + (2)((X_2)((X_0 + X_3 + X_9 + sqrt(X_6))((X_1)(X_4) + sqrt(((X_9)(X_9))(((X_2)(sin(exp(sqrt(X_6)))))^(X_9) - (X_8)))))))^((-2)(-0.23124860350149695)))))),41,0.3675498264031589,0.40670562968866397,0.3675498264031589,0.40670562968866397,0.42516443419973504,0.41350420606343297
637,1.147417212989278 + log(X_8 + exp(((-0.40976789878276376)^(X_1))((sin(X_3))^(-1))) + ((X_2 + log(X_4))(sqrt(X_7)))((sqrt(X_6 + X_8))(sqrt(X_9))) - (-0.40976789878276376)),30,0.37236057076051066,0.4087575205475427,0.37236057076051066,0.4087575205475427,0.41764059183626345,0.41054524687894733
638,log(X_6 + (2.2098608938003963)(2.2098608938003963 + (2.2098608938003963)((X_2 + log(X_4))((sqrt(X_7 + X_8))(sqrt(X_9)))))),19,0.3806604393217603,0.42998744149696444,0.3806604393217603,0.42998744149696444,0.4046598765760677,0.37993032927386483
639,log((-7.873502932909505)(((X_7)^((-1)(-0.15854633098178378)))(((X_8)^((-1)(-0.15854633098178378)))((exp(sqrt((X_2)(X_4))) + (X_2)((0.047651774974646434 + X_2 + (X_8)(X_9))((X_1)(X_4) + sqrt((X_4)((X_9)(-1.1498755708204167 + ((X_2)((0.047651774974646434 + X_2)((sqrt((X_2)(X_4)))^(-1))))^(X_9)))))))^((-2)(-0.15854633098178378)))))),41,0.3846136466265863,0.42422303428580366,0.3846136466265863,0.42422303428580366,0.398477193319124,0.3882429768919258
640,log((4.9523739841038275)((((X_7)^((-1)(-0.36274110513492264)))((X_8)^((-1)(-0.36274110513492264))))(((X_9)^((-1)(-0.36274110513492264)))(((2)((X_2)(X_2)) + (2)((X_2)(sin(X_1) + (0.28953522261032083 + X_6)((X_1)(X_4) + sqrt((X_9)(sin(X_5) - (X_4)))))))^((-1)(-0.36274110513492264)))))),38,0.37950609212751424,0.4078657512195271,0.37950609212751424,0.4078657512195271,0.4064652367609112,0.4118312358642564
641,log((-5.083117858247114)((((X_2)^((-2)(-0.3390950551872263)))((X_4)^((-1)(-0.3390950551872263))))(((X_7)^((-1)(-0.3390950551872263)))((X_8 + exp(sqrt(X_9)))^((-2)(-0.3390950551872263)))))),23,0.3839629038219195,0.43158563877171013,0.3839629038219195,0.43158563877171013,0.39949493317761264,0.3776256255493633
642,2.8780536792573175 + (0.060786993496492955)(((0.45993606046813995)(X_6) + exp(sqrt(X_9)) + log(X_2))(sqrt(log(X_2) + (log(((sqrt(1))^(-1))(((X_2)(X_7))((X_8)(sqrt(X_4))))))(log(((sqrt(1))^(-1))(((X_2)(X_7))((X_8)(sqrt(X_4)))))) - (sin((X_2)((sqrt(X_4))(sqrt(X_4)))))))),35,0.3808718824393897,0.4194062986523291,0.3808718824393897,0.4194062986523291,0.4043291866520743,0.3951890208689903
643,log((8.874272783004024)((((X_2)^((-2)(-0.2530914203170876)))((X_7)^((-1)(-0.2530914203170876))))(((X_8)^((-1)(-0.2530914203170876)))((X_2 + (X_4)(X_9))^((-2)(-0.2530914203170876)))))),22,0.38350514527090546,0.43591339557695186,0.38350514527090546,0.43591339557695186,0.4002108521544957,0.37138472063393924
644,log(exp(-0.2887515756001156) - (-0.2887515756001156) + (sqrt(-0.2887515756001156))((X_0)^(-1)) + X_2 + X_4 + log(sqrt(X_4)) + ((X_9)^(-1))(sqrt(X_9)) + (exp(-0.2887515756001156))((X_2 + X_7 + X_8)(X_9 + (X_2 + X_4)(sqrt(X_9))))),31,0.38865206692981075,0.4318799947147088,0.38865206692981075,0.4318799947147088,0.3921612397988604,0.37720114526218085
645,sqrt((6.095389436593346)((((X_2)^((-1)(-0.17551518674195102)))((X_7)^((-1)(-0.17551518674195102))))(((X_8)^((-1)(-0.17551518674195102)))((X_1 + (X_2 + log(((X_4)((X_4)(X_4)))(X_5)))(sqrt((X_9)(X_9 - ((X_9)(X_2 + log(((X_4)((X_4)(X_4)))(X_5))))))))^((-1)(-0.17551518674195102)))))),31,0.3805123737016416,0.43504546513171416,0.3805123737016416,0.43504546513171416,0.4048914462256834,0.37263633241012994
646,sqrt((6.026654971449534)((((X_2)^((-2)(-0.13403266258499538)))((X_7)^((-1)(-0.13403266258499538))))(((X_8)^((-1)(-0.13403266258499538)))((X_2 + (X_4)(X_9))^((-2)(-0.13403266258499538)))))),22,0.3847971328864326,0.4320220835982617,0.3847971328864326,0.4320220835982617,0.39819022698036255,0.37699624391219777
647,(0.18485250672863318)(18.5479473997205 + X_7 + X_8 + X_9 + (-9.95607053788455 + X_2)((sqrt((X_2)(X_4)))^(-1))),19,0.37869818718528475,0.4402513370052572,0.37869818718528475,0.4402513370052572,0.4077287729163328,0.3651291288340621
648,log((5.662501711725624)((((X_2)^((-2)(-0.20272785477413133)))((X_7)^((-1)(-0.20272785477413133))))(((X_8)^((-1)(-0.20272785477413133)))(((X_6 + (2)(X_9))^((-2)(-0.20272785477413133)))(((X_1)(X_4) + sqrt((X_0)((X_4)(((X_2)(sin(exp(sqrt(X_6)))))^(X_9)))))^((-2)(-0.20272785477413133))))))),38,0.3705485018601526,0.41029997039240207,0.3705485018601526,0.41029997039240207,0.42047460664671754,0.40832093455000174
649,log(-4.88558948863958 + (-4.88558948863958)((X_2 + log(X_4))((sqrt(X_7 + X_8))(sqrt(X_9)))) - (X_2)),17,0.3817709799189535,0.43517085177743114,0.3817709799189535,0.43517085177743114,0.4029230284355615,0.3724555167661834
650,log((-5.376652147191516)((((X_2)^((-1)(-0.35014833253464556)))((X_7)^((-1)(-0.35014833253464556))))(((X_8)^((-1)(-0.35014833253464556)))((((X_1)(X_4) + (X_2)(X_9) + sqrt((X_3)(X_6 + (X_2)(X_9))))^((-1)(-0.35014833253464556)))((((X_2)^(-1))((X_4)(X_5)) + sqrt((X_9)((X_2)(sqrt((X_3)(X_6 + (X_2)(X_9)))) - (X_4))))^((-1)(-0.35014833253464556))))))),39,0.3804529449663851,0.41379202868183623,0.3804529449663851,0.41379202868183623,0.40498439076871395,0.4032851608861302
651,log((-5.08311785824666)((((X_2)^((-2)(-0.3390950551872265)))((X_4)^((-1)(-0.3390950551872265))))(((X_7)^((-1)(-0.3390950551872265)))((X_8 + exp(sqrt(X_9)))^((-2)(-0.3390950551872265)))))),23,0.3839629038219195,0.4315856387717138,0.3839629038219195,0.4315856387717138,0.39949493317761264,0.37762562554935797
652,log((4.265089092549419)(((X_7)^((-1)(-0.21219411454400838)))(((X_8)^((-1)(-0.21219411454400838)))((X_7 + (X_2)(((2)(X_0) + X_3 + X_9)((X_1)(X_4) + sqrt((X_9)((((X_2)(sin(sqrt(X_6))))^(X_9))(sqrt(X_6)))))))^((-2)(-0.21219411454400838)))))),38,0.36956286073021966,0.40183770768099447,0.36956286073021966,0.40183770768099447,0.4220161162214753,0.4205240640990715
653,log((13.313573474559343)((((X_2)^((-1)(-0.3265611523760041)))((X_2 + log(X_4))^((-2)(-0.3265611523760041))))(((sqrt(X_7 + X_8))^((-1)(-0.3265611523760041)))((sqrt(X_9))^((-1)(-0.3265611523760041)))))),25,0.4035547921120472,0.46393448715964725,0.4035547921120472,0.46393448715964725,0.36885387887332377,0.3309764962202699
654,sqrt((5.012850268009371)((((X_2)^((-1)(-0.18317900856228628)))((X_7)^((-1)(-0.18317900856228628))))(((X_8)^((-1)(-0.18317900856228628)))(((X_6 + (X_2)(X_9))^((-1)(-0.18317900856228628)))(((X_1)((X_4)(sin(X_6))) + sqrt((X_8 - ((X_0)^(X_9) + X_3 + X_4))(X_9)))^((-1)(-0.18317900856228628))))))),36,0.37938995646444607,0.43301744565692846,0.37938995646444607,0.43301744565692846,0.40664686903167746,0.3755608675165011
655,3.1958091035621288 + (-0.14167993326592906)(((-1 + -0.14167993326592906)^(-1))(((X_2)^(-1))(-13.991374900763429 + X_1 + X_7 + sqrt(X_3))) - (X_0 + X_4 + X_8 + X_9)),27,0.3819342772149538,0.42424249374314443,0.3819342772149538,0.42424249374314443,0.40266763695719077,0.3882149150972283
656,sqrt((-9.616107683976288e-09)((((X_2)^((-2)(-4.039995183599723)))((X_4)^((-1)(-4.039995183599723))))(((X_7)^(((-1)(-4.039995183599723))(log(X_0))))((X_8 + exp(sqrt(X_9)) - ((0)^(X_6)))^((-2)(-4.039995183599723)))))),30,9735992.09416346,14321110.268479053,9735992.09416346,14321110.268479053,-15226763.161048887,-20651965.247416947
657,log((4.097521648902586)((((X_5)^((-1)(-0.21045287538821816)))((X_7)^((-1)(-0.21045287538821816))))(((X_8)^((-1)(-0.21045287538821816)))(((sqrt(X_6))^((-1)(-0.21045287538821816)))((X_7 + (X_2)((X_0 + X_3 + X_9 + sqrt(X_6))((X_1)(X_4) + sqrt(((X_4)(X_9))(((sin(X_6))^(sin(X_6)))(((X_2)(sin(exp(sqrt(X_6)))))^(X_9) - (X_2)))))))^((-2)(-0.21045287538821816))))))),47,0.3669716016613975,0.40429461208874046,0.3669716016613975,0.40429461208874046,0.4260687582470155,0.4169810492105137
658,log(6.997607864306491 + X_7 + (X_4)(X_7) + log(sqrt(X_9)) + (X_2 + X_8)(X_1 + (-1.9575444017719652)((X_2 + log(X_4))^(-1)) + (X_2 + X_4)(sqrt(X_9)))),27,0.3872356943621673,0.43838415266425534,0.3872356943621673,0.43838415266425534,0.3943763988543628,0.36782172928648293
659,log(-44.72799966963539 + (-55509554142.5281)(((X_7)^((-1)(1941245907.3451111)))(((X_8)^((-1)(1941245907.3451111)))((X_7 + (2)((X_2)((X_0 + X_3 + X_9 + sqrt(X_6))((X_1)(X_4) + sqrt((-1873480877.6214464)((X_9)(((X_2)(sin(exp(sqrt(X_6)))))^(X_9) - (X_4))))))))^((-2)(1941245907.3451111)))))),44,0.6393999402098051,0.6934516520212659,0.6393999402098051,0.6934516520212659,0.0,-2.0838663408184743e-06
660,log(5.12395894694167 + (5.12395894694167)((X_2 + log(X_4))((sqrt(X_7 + X_8))(sqrt(X_9))))),16,0.3818741810884904,0.435512780753648,0.3818741810884904,0.435512780753648,0.4027616252776208,0.37196243309156163
661,log((-2.6147115365290494)((((X_2)^((-1)(-1.966433200765887)))((X_7)^((-1)(-1.966433200765887))))(((X_8)^((-1)(-1.966433200765887)))((((X_2)(X_9) + (-4.945047224957804)((exp(sqrt(X_6)))^(-1)))^((-1)(-1.966433200765887)))((((X_0 + X_1)^(-3.9503741098879863))((X_2)(X_6)) + sqrt((X_2)(sin(exp(sqrt(X_6)))) - (X_4)))^((-1)(-1.966433200765887))))))),40,inf,inf,inf,inf,-inf,-inf
662,sqrt((5.69176527420942)((((X_2)^((-1)(-0.14156062562533328)))((X_7)^((-1)(-0.14156062562533328))))(((X_8 + (X_2)(X_9))^((-2)(-0.14156062562533328)))(((X_0)(X_4) + sin(log(X_2)))^((-1)(-0.14156062562533328)))))),27,0.38381818021257375,0.4281277981873647,0.38381818021257375,0.4281277981873647,0.39972127603478935,0.3826120550718025
663,(0.17333026970553922)(12.56547574289282 + X_2 + X_8 + X_9 + log(((X_2)((X_4)^(X_7)))((X_6)(sqrt(X_5))))),20,0.3854621498782837,0.41463624153525575,0.3854621498782837,0.41463624153525575,0.3971501627732359,0.40206775140965756
664,log(((2)^((-2)(-0.35512587779401883)))((((X_2)^((-2)(-0.35512587779401883)))(((X_7)^((-1)(-0.35512587779401883)))((X_8)^((-1)(-0.35512587779401883)))))(((3.8643460025548073 + X_3 + (2)(X_9))^((-2)(-0.35512587779401883)))(((X_4 + (X_1)(X_4) + sqrt((X_9)(((3.8643460025548073)(sin(exp(sqrt(X_6)))))^(X_9) - (X_4))))^((-2)(-0.35512587779401883)))((sqrt((X_2)((3.8643460025548073 + X_3 + (2)(X_9))(X_4 + (X_1)(X_4) + sqrt((X_9)(((3.8643460025548073)(sin(exp(sqrt(X_6)))))^(X_9) - (X_4)))))))^(-0.35512587779401883)))))),46,0.371055173814653,0.41307611258274324,0.371055173814653,0.41307611258274324,0.4196821887520049,0.4043175581540287
665,sqrt((-5.341227379597845)((((X_4)^((-1)(-0.20804898372875438)))((X_7)^((-1)(-0.20804898372875438))))(((X_9 + sqrt(X_6))^((-1)(-0.20804898372875438)))(((X_2)(X_8 + exp(sqrt(X_9))) - (X_9 + sqrt(X_6)))^((-1)(-0.20804898372875438)))))),26,0.3830010261576575,0.4217792015602459,0.3830010261576575,0.4217792015602459,0.40099927749135533,0.3917671415702494
666,log((2.973840682444594)((((X_5)^((-1)(-0.23819758308676525)))((X_7)^((-1)(-0.23819758308676525))))(((X_8)^((-1)(-0.23819758308676525)))((X_7 + (X_2)((X_0 + X_3 + X_9 + sqrt(X_6))((X_4)(X_1 + sin(X_2)) + sqrt((X_4)((X_9)(((X_2)(sin(exp(sqrt(X_6)))))^(X_9) - (X_2)))))))^((-2)(-0.23819758308676525)))))),44,0.3674771156218754,0.4086628461334658,0.3674771156218754,0.4086628461334658,0.42527815141600456,0.4106817735006517
667,sqrt(-8.333810288517876 + X_1 + X_4 + X_6 + X_7 + X_8 + X_9 + sqrt((-74.05202581463274)(X_2)) - (X_2)),20,0.38434241929470647,0.41309886125988743,0.38434241929470647,0.41309886125988743,0.3989013837433376,0.40428475309186884
668,(0.18473196683036405)(17.19469971769487 + (0.9117356203158762)(X_7) + X_8 + X_9 + (-8.054047836805822 + X_2)((sqrt((X_2)((X_4)^(X_2))))^(-1))),22,0.37610945451640687,0.43427851371783827,0.37610945451640687,0.43427851371783827,0.4117774637373366,0.3737423258991708
669,log((-3.277837471159168)(exp(-0.6953866026228585) + X_6 + X_8 + log(X_4) + (exp(-0.6953866026228585))((sqrt(X_6 + X_8))((2)((X_2 + log(X_4))(sqrt((X_7)(X_9)))) - (X_9))))),26,0.3817268735785525,0.42355067380976713,0.3817268735785525,0.42355067380976713,0.40299200926841316,0.3892125641373899
670,sqrt((-6.963411267295649)((((X_2)^(0.3059434971942258))(((X_4)^((-1)(-0.1648347848034627)))((X_7)^((-1)(-0.1648347848034627)))))(((X_8)^((-1)(-0.1648347848034627)))(((sqrt(X_9))^((-1)(-0.1648347848034627)))((sqrt((X_1)(X_9)))^((-1)(-0.1648347848034627))))))),27,0.38457142447390474,0.423533300168683,0.38457142447390474,0.423533300168683,0.39854322734575787,0.38923761805028756
671,log((3)(X_2) + (3)(X_4) + ((X_9)^((-1)(X_9)))(7.546226453955116 + sin((-0.9628780050715133)(X_7))) + exp((-0.9628780050715133)((X_7)^(-1))) + (X_2 + X_8)((-0.5063276697424008 + X_9 + (X_2 + X_4)(X_9))(exp((-0.9628780050715133)((X_7)^(-1))))) + log((3)(X_2) + (3)(X_4))),36,0.38053071239406294,0.4226942928669851,0.38053071239406294,0.4226942928669851,0.40486276512756614,0.3904475207848639
672,log((-6.509941486106121)((((X_2)^((-4)(-0.16839077877432032)))((X_7)^((-1)(-0.16839077877432032))))(((X_8)^((-1)(-0.16839077877432032)))(((X_4 + (X_7)^(log(X_0)) + (X_5)(X_8))^((-2)(-0.16839077877432032)))((X_8 + exp(sqrt(X_9)))^((-2)(-0.16839077877432032))))))),34,0.4045204578428565,0.4464148549331089,0.4045204578428565,0.4464148549331089,0.3673436101509143,0.35624093777729005
673,3.8611071286552576 + ((-1)(exp(0.06117505773368622)))((X_2)^(-1)) + (0.06117505773368622)(X_4 + (X_8)((X_9)^(log((X_6)((X_7)((X_8)^(-1))) + X_8)))),24,0.3856202385712339,0.4080728641433644,0.3856202385712339,0.4080728641433644,0.39690291737484207,0.4115325656471919
674,(0.18994456902858767)(17.531254430670824 + X_7 + X_8 + X_9 + (-10.017796677532637 + X_2)((sqrt((X_2)((X_4)(sqrt(X_6)))))^(-1))),22,0.37679027832467327,0.42942261818913524,0.37679027832467327,0.42942261818913524,0.41071267820100554,0.38074484097514805
675,log((2)(X_8) + (exp(1.1270063590571995) - (1.1270063590571995) + ((exp(1.1270063590571995))^(-1))((X_7)((X_9)^(1 - (X_4)))) + ((2)(exp(1.1270063590571995)))((X_2 + log(X_4))((sqrt(X_6 + X_8))(sqrt((X_7)(X_9))))))^(0.8817215873465591)),34,0.37927141752891586,0.4204112065440971,0.37927141752891586,0.4204112065440971,0.40683225993973937,0.3937398787652364
676,log((-5.083117858247106)((((X_2)^((-2)(-0.3390950551872263)))((X_4)^((-1)(-0.3390950551872263))))(((X_7)^((-1)(-0.3390950551872263)))((X_8 + exp(sqrt(X_9)))^((-2)(-0.3390950551872263)))))),23,0.38396290382191944,0.4315856387717102,0.38396290382191944,0.4315856387717102,0.39949493317761275,0.3776256255493632
677,log(1 + X_0 + X_7 + X_8 + (X_8)(log(X_2)) + (X_2 + log(X_4))((sqrt(X_7 + X_8))(sqrt(X_9))) + (-2.2402720249500465)((X_2 + log(X_4))((sqrt(X_7 + X_8))(sqrt(X_9))))),24,11.366725353689802,10.754185791214605,11.366725353689802,10.754185791214605,-16.777176128543363,-14.508230703833702
678,sqrt((-4.2917328390622504)((((X_2)^((-1)(-0.1832470505369825)))((X_6 + (X_2)(X_9))^((-1)(-0.1832470505369825))))(((X_8 + (X_7)(X_8 + X_9))^((-1)(-0.1832470505369825)))(((X_1)(X_4) + sqrt(X_3))^((-1)(-0.1832470505369825)))))),29,0.3825055403478945,0.4103579759601074,0.3825055403478945,0.4103579759601074,0.40177420063194924,0.4082372867738199
679,1.2499035176720745 + log((X_4)(X_8) + (X_2)(X_7 + X_9)),12,0.3877829435421853,0.44196193202720246,0.3877829435421853,0.44196193202720246,0.3935205195437729,0.3626623402964465
680,(0.2039823888502673)(18.35758496733419 + X_7 + X_9 + (-11.332586465872792 + X_2 + X_8)((sqrt((X_2)(X_4)))^(-1))),19,0.38198890173518973,0.44419728843590495,0.38198890173518973,0.44419728843590495,0.4025822060448607,0.3594388119360037
681,sqrt((-5.48194732712876)((((X_4)^((-1)(-0.21234865666808173)))((X_7)^((-1)(-0.21234865666808173))))(((sqrt(X_2 + X_6))^((-1)(-0.21234865666808173)))(((X_2)(X_8 + exp(sqrt(X_9)) + log(X_2)) - (sqrt(X_2 + X_6)))^((-1)(-0.21234865666808173)))))),28,0.3932607422231029,0.436536126126859,0.3932607422231029,0.436536126126859,0.3849534266548993,0.3704867029483814
682,sqrt((5.407902430952036)((((X_2)^((-1)(-0.12023153896328885)))(((X_7)^((-1)(-0.12023153896328885)))((X_8)^((-1)(-0.12023153896328885)))))(((X_6 + (X_2)(X_9))^((-1)(-0.12023153896328885)))((((X_1)(X_4) + sqrt((X_9)(X_5 - ((X_4)(((X_7)^(-1))((sqrt(X_9))^((-2)((X_2)(X_9))))) + sqrt((X_2)((X_9)(exp(X_9) - (X_7))))))))^((-1)(-0.12023153896328885)))((sqrt((X_2)((X_6 + (X_2)(X_9))((X_1)(X_4) + sqrt((X_9)(X_5 - ((X_4)(((X_7)^(-1))((sqrt(X_9))^((-2)((X_2)(X_9))))) + sqrt((X_2)((X_9)(exp(X_9) - (X_7)))))))))))^((-1)(-0.12023153896328885))))))),48,0.38334080613373317,0.4099904700324548,0.38334080613373317,0.4099904700324548,0.4004678730374165,0.4087672540648555
683,log((-0.4705702892351789)((((X_2)^((-2)(-0.285535729970211)))((X_7)^((-1)(-0.285535729970211))))(((X_8)^((-1)(-0.285535729970211)))(((X_2 + (2)(X_4) + (2)(((X_2)^(-1))(sqrt(X_2))))^((-2)(-0.285535729970211)))(((X_1)(X_4) + sqrt((X_9)(-4169.662996030485 + (X_2)(X_4 - (exp(sqrt((2)(sqrt(X_2)))))))))^((-2)(-0.285535729970211))))))),42,0.38611014421805756,0.4334101158022453,0.38611014421805756,0.4334101158022453,0.396136721421394,0.37499461179781557
684,log((-4.793374727510094)(-1 + X_2 + X_4 + X_7 + X_8 + (X_2)(X_9) - (sqrt(X_9) + sqrt(sin(X_2))))),20,0.3876724594913143,0.4319557513291285,0.3876724594913143,0.4319557513291285,0.39369331288315723,0.3770918993297996
685,log(((2)^((-1)(-4.087398686459396)))((((X_2)^((-1)(-4.087398686459396)))(((X_7)^((-1)(-4.087398686459396)))((X_8)^((-1)(-4.087398686459396)))))(((X_0 + X_2 + X_6 + (2)(X_9))^((-1)(-4.087398686459396)))(((X_4 + sqrt((X_9)(((X_2)(((X_5)^(-1))(sin(exp(sqrt(X_6))))))^(X_9) - (X_4))))^((-1)(-4.087398686459396)))((-4.992199036784369 + (-1.3505663397661252)(((X_2)^(-1))(((X_0 + X_2 + X_6 + (2)(X_9))^(-1))((X_4 + sqrt((X_9)(((X_2)(((X_5)^(-1))(sin(exp(sqrt(X_6))))))^(X_9) - (X_4))))^(-1)))))^(-4.087398686459396)))))),50,inf,inf,inf,inf,-inf,-inf
686,sqrt((6.140076841915269)((((X_2)^((-2)(-0.17559390883342152)))((X_7)^((-1)(-0.17559390883342152))))(((X_3 + X_8)^((-1)(-0.17559390883342152)))((sqrt((X_4)(X_9)))^((-2)(-0.17559390883342152)))))),24,0.3849667106981769,0.42434112054310713,0.3849667106981769,0.42434112054310713,0.397925012986616,0.3880726888797258
687,log(-9.391023743484949 + X_6 + (-3.476624993271547)((X_2 + log(X_4))((sqrt(X_6 + X_8))(sqrt((X_7)(X_9)))))),20,0.38089734138931614,0.42116766664748473,0.38089734138931614,0.42116766664748473,0.40428936971071194,0.392649014423729
688,(0.0007324424880980891)(5187.5395603521265 + sin(X_1)),6,0.6394913903758488,0.6935754768801657,0.6394913903758488,0.6935754768801657,-0.00014302498372731343,-0.00018064731279499036
689,log((-12.412830780618322)((((X_0)^((-1)(-0.17708872613709423)))((X_7)^((-1)(-0.17708872613709423))))(((X_8)^((-1)(-0.17708872613709423)))(((exp((X_2 + log(X_4))(sqrt(X_9))))^((-1)(-0.17708872613709423)))((X_2 + log(X_4))^((-1)(-0.17708872613709423))))))),26,0.38292866055131963,0.43220780251789204,0.38292866055131963,0.43220780251789204,0.40111245486561986,0.3767284252313966
690,log((-1.3626476971310877)(((X_7)^((-1)(-0.41288276923199707)))(((X_8)^((-1)(-0.41288276923199707)))((X_7 + (-2)(X_9) + (2)((X_2)((exp(-0.7406599820615063) + X_2 + X_3 + log(X_4))((X_1)(X_4) + sqrt((842.2412292664891)((X_9)(((-0.7406599820615063)(sin(exp(X_2))))^(X_9) - (X_4))))))))^((-1)(-0.41288276923199707)))))),43,0.3931577272167501,0.4371121465468426,0.3931577272167501,0.4371121465468426,0.38511453865988177,0.3696560442879626
691,sqrt((5.315461817030685)((((X_4)^((-1)(-0.20833882694834402)))((X_7)^((-1)(-0.20833882694834402))))(((X_9 + sqrt(X_8))^((-1)(-0.20833882694834402)))(((X_2)(X_8 + exp(sqrt(X_9))) - (X_9 + sqrt(X_8)))^((-1)(-0.20833882694834402)))))),25,0.38447155119025483,0.423246422515887,0.38447155119025483,0.423246422515887,0.39869942580210616,0.38965131415984977
692,sqrt((5.359291243113897)((((X_4)^((-1)(-0.2074601927443784)))((X_7)^((-1)(-0.2074601927443784))))(((X_9 + sqrt(X_0))^((-1)(-0.2074601927443784)))(((X_2)(X_8 + exp(sqrt(X_9))) - (X_9 + sqrt(X_0)))^((-1)(-0.2074601927443784)))))),26,0.38388384689759913,0.42350365112122956,0.38388384689759913,0.42350365112122956,0.3996185755481365,0.3892803738922438
693,sqrt((6.747259575097062)((((X_1)^((-1)(-0.13853209840199435)))(((X_2)^((-2)(-0.13853209840199435)))((X_4)^((-1)(-0.13853209840199435)))))((((X_6)^((-1)(-0.13853209840199435)))((X_7)^((-1)(-0.13853209840199435))))(((X_8)^((-1)(-0.13853209840199435)))((X_9)^((-1)(-0.13853209840199435))))))),28,0.3821005118179752,0.4088573850065541,0.3821005118179752,0.4088573850065541,0.4024076516294367,0.4104012358771356
694,2.8269423713488187 + (exp(-2.866716026506396))((exp(sqrt(X_9)) + log(X_2) + (exp(-2.866716026506396))((((X_1)^(-1))((X_2)^(-1)))(((X_6)^(-1))(((X_8)^(-1))((sqrt(X_4))^(-1))))))(sqrt(log(((X_2)(X_6))((X_8)(sqrt(X_4)))) + (log(((X_2)(X_6))((X_7)((X_8)(sqrt(X_4))))))(log(((X_2)(X_6))((X_7)((X_8)(sqrt(X_4)))))) - (sin((X_2)((sqrt(X_4))(sqrt(X_4)))))))),44,0.38119662093030016,0.40024861169325887,0.38119662093030016,0.40024861169325887,0.40382130657500714,0.4228156431797001
695,sqrt((6.692971604877448)((((X_2)^((-1)(-0.14099157834697107)))((X_7)^((-1)(-0.14099157834697107))))(((X_8)^((-1)(-0.14099157834697107)))(((X_6 + (X_2)(X_9) - (X_2))^((-1)(-0.14099157834697107)))((X_4 + log(X_2))^((-2)(-0.14099157834697107))))))),28,0.38019054033087507,0.42616602694732675,0.38019054033087507,0.42616602694732675,0.40539478279256047,0.3854410559435847
696,sqrt((-5.341228472076063)((((X_4)^((-1)(-0.2080489431493187)))((X_7)^((-1)(-0.2080489431493187))))(((X_9 + sqrt(X_6))^((-1)(-0.2080489431493187)))(((X_2)(X_8 + exp(sqrt(X_9))) - (X_9 + sqrt(X_6)))^((-1)(-0.2080489431493187)))))),26,0.3830010261576329,0.4217792007144747,0.3830010261576329,0.4217792007144747,0.40099927749139375,0.3917671427899061
697,sqrt(-7.3567050131314025 + X_4 + X_6 + X_7 + X_8 + X_9 + sqrt((89.04931227431773)(X_2)) - (X_2)),18,0.3863240806157866,0.4190768986333601,0.3863240806157866,0.4190768986333601,0.3958021320911872,0.3956640369778055
698,sqrt((5.071311992908127)((((X_2)^((-1)(-0.16242528185284302)))(((X_4)^(sin((X_8)^(X_8))) + X_7)^((-1)(-0.16242528185284302))))(((X_8)^((-1)(-0.16242528185284302)))(((X_6 + (X_2)(X_9))^((-1)(-0.16242528185284302)))(((X_1)(X_4) + (X_9)^(sqrt(X_5 + log(X_2))))^((-1)(-0.16242528185284302))))))),35,0.38106223330615135,0.40598515750008374,0.38106223330615135,0.40598515750008374,0.40403148429899116,0.4145431735067262
699,(0.1586118238695022)(27.69952664912892 + ((X_2)^((-1)(1 + -0.6750927182836114)))((-15.38235606494607 + X_2)((X_4)^(-1 - (-0.6750927182836114)))) + X_7 + X_8 + sqrt(-2.4596849754686114 + X_1)),27,0.4060796166603658,0.47529575238598365,0.4060796166603658,0.47529575238598365,0.36490513820329784,0.3145928177495665
700,log((-5.151476237784563)((((X_2)^((-2)(-0.1990722340318199)))((X_7)^((-1)(-0.1990722340318199))))(((X_8)^((-1)(-0.1990722340318199)))(((X_2 + X_3 + (2)(X_9))^((-2)(-0.1990722340318199)))(((X_1)(X_4) + sqrt((X_9)(((X_2)(sin(X_9 + sqrt(X_6))))^(X_9) - (X_4))))^((-2)(-0.1990722340318199))))))),39,0.37623117878980444,0.40612446139115466,0.37623117878980444,0.40612446139115466,0.4115870910679904,0.4143422882958314
701,log((7.274084119313343)((((X_2)^((-2)(-0.16753594607565436)))((X_7)^((-1)(-0.16753594607565436))))(((X_8)^((-1)(-0.16753594607565436)))(((X_3 + X_6 + X_9)^((-2)(-0.16753594607565436)))(((X_1)(X_4) + sqrt((X_4)((X_9)(((X_2)(sqrt(X_6)))^(X_9) - (X_4)))))^((-2)(-0.16753594607565436))))))),36,0.37676842602492083,0.39823466053741663,0.37676842602492083,0.39823466053741663,0.410746854462807,0.4257198908612465
702,sqrt((1.1958552515865265e-07)((((X_2)^((-2)(-2.397019725078025)))((X_7)^((-1)(-2.397019725078025))))(((X_8)^((-1)(-2.397019725078025)))(((X_9)^((-1)(-2.397019725078025)))(((X_1)(X_4) + sqrt((X_2)(X_9) - ((0.00025515059353626137)^(((X_0)^(-1))(X_7)))))^((-1)(-2.397019725078025))))))),33,11.088571937904451,11.39727188325321,11.088571937904451,11.39727188325321,-16.34215354206317,-15.435602396250328
703,log((-2.182435147312578)(((X_7)^((-1)(-0.24132839876684592)))(((X_8)^((-1)(-0.24132839876684592)))((X_7 + (2)((X_2)((X_0 + X_3 + X_9 + sqrt(X_6))((X_1)(X_4) + sqrt((X_9)((3.5395401897664542)(((X_2)(sin(exp(sqrt(X_6)))))^(X_9) - (X_4)) - (sin(X_8))))))))^((-2)(-0.24132839876684592)))))),44,0.3664223747920483,0.41548133421961897,0.3664223747920483,0.41548133421961897,0.4269277305971989,0.4008490731601211
704,(0.17161162662573615)(17.01700592271141 + X_8 + ((X_2 + X_4)(X_9))(((log((X_2)(X_2 + X_4)))^(-1))(log(log((X_2)(X_2 + X_4)))))),18,0.39226970490033886,0.4485683591146272,0.39226970490033886,0.4485683591146272,0.3865033756937417,0.35313544561665244
705,4.987089325832488 + (-0.016196873999224752)((-18.99488024930079 + X_1)(X_9 + log(X_2) + log((5.199433786477385e-05)(((X_2)(X_4))((X_7)(X_8)))))),22,0.38272375707378753,0.42100770791384723,0.38272375707378753,0.42100770791384723,0.40143291701246464,0.39287968525204686
706,(0.18485250672863318)(18.5479473997205 + X_7 + X_8 + X_9 + (-9.95607053788455 + X_2)((sqrt((X_2)(X_4)))^(-1))),19,0.37869818718528475,0.4402513370052572,0.37869818718528475,0.4402513370052572,0.4077287729163328,0.3651291288340621
707,log((-4.025485701746048)((((X_2)^((-2)(-0.5883298202166332)))((X_7)^((-1)(-0.5883298202166332))))(((X_8)^((-1)(-0.5883298202166332)))(((-2.88911930398715 + X_3 + (2)(X_9))^((-2)(-0.5883298202166332)))((-2.5960842739027576 + (X_1)(X_4) + sqrt((X_9)(((-2.88911930398715)(sin(exp(sqrt(X_6)))))^(X_9) - (X_4))))^((-2)(-0.5883298202166332))))))),42,inf,inf,inf,inf,-inf,-inf
708,log((2.666866156810587)(((X_7)^((-1)(-0.23545222532603632)))(((X_8)^((-1)(-0.23545222532603632)))((-1 + X_7 + (2)((X_2)((X_0 + X_3 + X_9)((X_1)(X_4) + sqrt((-3.0186713155782448)((X_9)(((X_2)(sin(exp(sqrt(X_6)))))^(X_9) + log(X_2) - (X_4))))))))^((-2)(-0.23545222532603632)))))),44,0.3671590262445579,0.4167903143820552,0.3671590262445579,0.4167903143820552,0.42577563250305805,0.39896143919694493
709,log((6.969796847843708)((((X_4)^((-1)(-0.39433026528382287)))((X_7)^((-1)(-0.39433026528382287))))(((X_9 + sqrt(X_8))^((-1)(-0.39433026528382287)))(((X_2)(X_8 + exp(sqrt(X_9))) - (X_9 + sqrt(X_8)))^((-1)(-0.39433026528382287)))))),25,0.3830047562094842,0.42795901486977894,0.3830047562094842,0.42795901486977894,0.4009934438157602,0.3828554515203013
710,(-7.459223260533118e-05)(-61703.93859444579 + ((X_2)^(-1))(18793.337375149873 + X_2 + X_4) + X_7 + X_9 + (log(X_8))^(X_7)),20,0.46948885717229893,0.5224890042404743,0.46948885717229893,0.5224890042404743,0.2657352188393286,0.2465370995731644
711,log((7.077010310083024)((((X_2)^((-1)(-0.32840667214862523)))((X_7)^((-1)(-0.32840667214862523))))(((X_8)^((-1)(-0.32840667214862523)))(((X_6 + (X_2)(X_9))^((-1)(-0.32840667214862523)))(((X_1)(X_4) + sqrt((X_9)(sqrt((X_2)(X_9)) - ((X_0)(X_4)))))^((-1)(-0.32840667214862523))))))),32,0.3779925309771843,0.4237808981928587,0.3779925309771843,0.4237808981928587,0.408832395490756,0.3888805657029246
712,sqrt((5.586520199966947)((((X_0)^(0.08505099923829085))(((X_2)^((-1)(-0.1699878236666578)))((X_7)^(0.08505099923829085))))(((X_8)^((-1)(-0.1699878236666578)))(((X_6 + (X_2)(X_9))^((-1)(-0.1699878236666578)))(((X_1)(X_4) + sqrt((X_4 - (((X_0)^(-1))(X_2)))(X_9)))^((-1)(-0.1699878236666578))))))),35,0.3772011108960818,0.4217330275858912,0.3772011108960818,0.4217330275858912,0.4100701498778503,0.3918337274244189
713,sqrt((-1490.2049145096491)((((X_2)^((-1)(310.911781081086)))((X_7)^((-1)(310.911781081086))))(((X_8)^((-1)(310.911781081086)))(((X_6 + (X_2)(X_9))^((-1)(310.911781081086)))(((X_1)(X_4) + sqrt(((-1)(X_3 + X_4))(X_9)))^((-1)(310.911781081086)))))) - (sqrt(X_2))),33,7.313706085219779,7.414393956331814,7.313706085219779,7.414393956331814,-10.438390317678081,-9.692035104864733
714,(0.17627949636644863)(18.484800558137042 + X_7 + X_8 + X_9 + sqrt(X_3) + (-10.553723638373386 + X_2)((sqrt((X_2)(X_4)))^(-1))),22,0.3771533404994793,0.4396888312969898,0.3771533404994793,0.4396888312969898,0.41014486117135907,0.36594029840704456
715,log((-7.274084121371837)((((X_2)^((-2)(-0.16753594607565425)))((X_7)^((-1)(-0.16753594607565425))))(((X_8)^((-1)(-0.16753594607565425)))(((X_3 + X_6 + X_9)^((-2)(-0.16753594607565425)))(((X_1)(X_4) + sqrt((X_4)((X_9)(((X_2)(sqrt(X_6)))^(X_9) - (X_4)))))^((-2)(-0.16753594607565425))))))),36,0.37676842602492083,0.39823466051660084,0.37676842602492083,0.39823466051660084,0.410746854462807,0.42571989089126416
716,log(((-1)(-6.748151027922229))((X_2 + log(X_4))((-0.5438699197818546 + sqrt(X_7 + X_8))(sqrt(X_9)))) - (-6.748151027922229)),20,0.379770352319226,0.42837621688270167,0.379770352319226,0.42837621688270167,0.40605194270957756,0.38225381926360413
717,(0.18485250672863351)(18.547947399720485 + X_7 + X_8 + X_9 + (-9.956070537884557 + X_2)((sqrt((X_2)(X_4)))^(-1))),19,0.3786981871852847,0.4402513370052572,0.3786981871852847,0.4402513370052572,0.4077287729163328,0.3651291288340621
718,log((-4.88960067399027)((((X_2)^((-2)(-0.22194603366114282)))((X_8)^((-1)(-0.22194603366114282))))(((X_3 + X_8 + (2)(X_9))^((-2)(-0.22194603366114282)))(((X_1)(X_4) + sqrt((X_9)(((X_8)(sin(exp(sqrt(X_6)))))^(X_9) - (X_4))))^((-2)(-0.22194603366114282)))))),36,0.3892604593154533,0.4413432757261298,0.3892604593154533,0.4413432757261298,0.3912097345712514,0.3635544826519611
719,(0.17454157513448415)(17.994417972862703 + X_7 + X_8 + X_9 + sqrt(X_2) + (-9.36187946417534 + X_2)((sqrt((X_2)(X_4)))^(-1))),21,0.3769860680746096,0.4368646594271095,0.3769860680746096,0.4368646594271095,0.4104064696175763,0.3700129367039542
720,2.437603042479879 + log(-1 - (-2.7163204812627066) + (1 + -2.7163204812627066)^(X_0) + X_8 + (exp(1 + -2.7163204812627066))(((X_2 + log(X_4))(sqrt(X_7)))((sqrt(X_6 + X_8))(sqrt(X_9))))),30,1.473405760603576,1.5440282200327058,1.473405760603576,1.5440282200327058,-1.3043570509564173,-1.226588447919355
721,(0.18035209031547728)(17.603552358453047 + X_7 + X_8 + X_9 + (-8.26579929894021 + X_2)((sqrt((X_2)((X_4)^(X_2))))^(-1))),20,0.37621658921429196,0.43399299247562734,0.37621658921429196,0.43399299247562734,0.41160990867336533,0.37415406597703604
722,sqrt((-6.28787443944239)((((X_2)^((-2)(-0.15791096900042403)))((X_7)^((-1)(-0.15791096900042403))))(((X_8)^((-1)(-0.15791096900042403)))(((sqrt(X_4))^((-2)(-0.15791096900042403)))((sqrt((X_9)(X_6 + (X_9)((sqrt((X_6)(X_9)))^(-1)))))^((-2)(-0.15791096900042403))))))),31,0.38405606192541114,0.41847392157486796,0.38405606192541114,0.41847392157486796,0.3993492370371641,0.3965335688525342
723,log((5.134622487144626)((sqrt(X_6 + X_8))((X_2 + ((X_6)^(-1))(log(X_4)))(sqrt(X_7 + X_9)) + sqrt(X_2 + ((X_6)^(-1))(log(X_4))) - (X_2)))),23,0.3860610732591948,0.4469597232916503,0.3860610732591948,0.4469597232916503,0.3962134667505328,0.35545520240210404
724,(0.16339709820406023)(20.536132496497252 + ((X_2)^(-1))(-8.573029422113905 + X_2 + X_4) + X_7 + X_9 + (X_6)((log(X_8))^(X_4))),22,0.38741405444225113,0.4205080790408227,0.38741405444225113,0.4205080790408227,0.3940974496883286,0.39360018236634176
725,log((5.083117858235172)((((X_2)^((-2)(-0.3390950551872262)))((X_4)^((-1)(-0.3390950551872262))))(((X_7)^((-1)(-0.3390950551872262)))((X_8 + exp(sqrt(X_9)))^((-2)(-0.3390950551872262)))))),23,0.3839629038219195,0.43158563877180867,0.3839629038219195,0.43158563877180867,0.39949493317761264,0.3776256255492212
726,log((-3.662524246575851)((((X_2)^((-2)(-2.894213824315308)))((X_7)^((-1)(-2.894213824315308))))(((X_8)^((-1)(-2.894213824315308)))(((X_6 + (X_2)(X_9))^((-2)(-2.894213824315308)))((X_3 + (-1.8998695252149234)(X_4 - (sin(X_8))) + sqrt(X_4 + (X_2)(X_9) - (((X_0)^(-1))(X_8))))^((-2)(-2.894213824315308))))))),38,inf,inf,inf,inf,-inf,-inf
727,log((4.847370169569297)((((X_2)^((-2)(-0.2140251169503799)))((X_7)^((-1)(-0.2140251169503799))))(((X_8)^((-1)(-0.2140251169503799)))(((X_3 + (2)(X_9))^((-2)(-0.2140251169503799)))(((X_1)(X_4) + sqrt((((X_2)(sin(exp(sqrt(X_6)))))^(X_9))((exp(sqrt(X_6)))(sqrt(X_6)))))^((-2)(-0.2140251169503799))))))),38,0.3689559891038535,0.40827877468468543,0.3689559891038535,0.40827877468468543,0.4229652430327274,0.41123562934339786
728,(1.1110904491041995)(log((2)(X_2) + (2)(X_4) + X_7 + (X_2)(X_7) + (X_3)((sqrt(X_9))^(-1)) + ((0.653524222029142)(0.653524222029142))((X_2 + X_8)(X_9 + (X_2 + X_4)(sqrt(X_9)))) - (0.653524222029142))),31,0.38436139186975826,0.4378179102578408,0.38436139186975826,0.4378179102578408,0.39887171127410725,0.3686382874196096
729,(0.1759390751585821)(19.24559278552393 + X_7 + X_8 + X_9 + (1.631655379131)((-6.454982091783932 + X_2)((sqrt((X_2)(X_4)))^(-1)))),21,0.37751673759025167,0.4397486711309289,0.37751673759025167,0.4397486711309289,0.4095765203444064,0.36585400550044767
730,log((2.3706163673797573)((((X_2)^((-1)(-0.5132625157157137)))((X_7 + X_8)^((-1)(-0.5132625157157137))))((((X_2)(X_9) + sqrt(exp(sqrt(X_6))))^((-1)(-0.5132625157157137)))(((X_0 + X_1)(((X_2)^(-1))(X_4)) + sqrt((X_2)((sin(exp(sqrt(X_6))))(sqrt(exp(sqrt(X_6)))))))^((-1)(-0.5132625157157137)))))),36,0.3715345611269072,0.4172003343766426,0.3715345611269072,0.4172003343766426,0.41893244312003497,0.39837016387469415
731,log((5.615525519527833)((((X_2)^((-2)(-0.29169486650433846)))((X_7)^((-1)(-0.29169486650433846))))(((X_8)^((-1)(-0.29169486650433846)))(((X_9)^((2)(-0.29169486650433846)))(((X_1)(X_4) + sqrt((X_9)(((-11.762827632514117)(sin(exp(sqrt(X_6)))))^(X_9) - (X_4))))^((-2)(-0.29169486650433846))))))),37,0.3802077576315159,0.42045619725829225,0.3802077576315159,0.42045619725829225,0.4053678555134693,0.39367499924866356
732,sqrt((6.359776028445547)((((X_2)^((-1)(-0.21223669832239858)))(((0.47068136539047706)(X_2) + X_4)^((-1)(-0.21223669832239858))))(((X_7)^((-1)(-0.21223669832239858)))(((X_8)^((-1)(-0.21223669832239858)))((X_9)^((-1)(-0.21223669832239858))))))),23,0.3925600315370459,0.4320021569861362,0.3925600315370459,0.4320021569861362,0.38604931459919145,0.37702497937427626
733,(0.18035209031547728)(17.603552358453047 + X_7 + X_8 + X_9 + (-8.26579929894021 + X_2)((sqrt((X_2)((X_4)^(X_2))))^(-1))),20,0.37621658921429196,0.43399299247562734,0.37621658921429196,0.43399299247562734,0.41160990867336533,0.37415406597703604
734,(0.15101022070933195)(16.42191348557353 + X_2 + X_3 + X_7 + X_9 + ((X_2)^((-1)(X_4)))((-4.238542428548964 + (X_2)^(X_4) + X_4)(X_9))),22,0.3760733282152397,0.4295606863203267,0.3760733282152397,0.4295606863203267,0.4118339640572386,0.3805457378098379
735,sqrt(-5.628092282282495 + X_4 + X_6 + X_7 + X_8 + X_9 + sqrt((-43.86003159735144)(X_2) - (X_4))),18,0.38677953360810446,0.41976281610304106,0.38677953360810446,0.41976281610304106,0.3950898189305566,0.39467489967163294
736,log((-6.7566051529205495)((((X_7)^((-1)(-0.2194238193939022)))((X_8)^((-1)(-0.2194238193939022))))(((X_0 + X_6 + (X_3)(log(X_2)))^((-2)(-0.2194238193939022)))(((X_1)(X_4) + sqrt((X_9)((0.20266425093907764 + ((X_2)(sin(exp(sqrt(X_6)))))^((2)(X_9)))(sqrt(sin(exp(sqrt(X_6))))))))^((-2)(-0.2194238193939022)))))),43,0.37298090124149574,0.42214565688891537,0.37298090124149574,0.42214565688891537,0.4166704158290815,0.3912386893108233
737,(0.16853684552343628)(20.09615652504951 + X_7 + X_8 + X_9 + (-11.063409091934458 + (2)(X_2))((sqrt((X_2)(X_4)))^(-1))),21,0.3778461823413726,0.4404471389003625,0.3778461823413726,0.4404471389003625,0.4090612798346671,0.3648467698511978
738,log(X_0 + X_1 + X_7 + X_8 + (X_2 + log(X_4))((sqrt(X_7 + X_8))(sqrt(X_9))) + (3.7260849252322044)((X_2 + log(X_4))((sqrt(X_7 + X_8))(sqrt(X_9))))),22,0.37788159762885415,0.42778619780761484,0.37788159762885415,0.42778619780761484,0.4090058915162541,0.38310466488908923
739,sqrt((4.434014498581218)((((X_2)^((-1)(-0.219699430347215)))((sqrt(exp(0.0012055665614151476)) + X_6)^((-1)(-0.219699430347215))))(((X_7)^((-1)(-0.219699430347215)))(((X_8)^((-1)(-0.219699430347215)))(((X_1)(X_4) + (X_9)^(sqrt(log(0.0012055665614151476) + X_6)))^((-1)(-0.219699430347215))))))),32,0.38969197848589254,0.4159635148741932,0.38969197848589254,0.4159635148741932,0.3905348531030146,0.4001537375041041
740,log((-3.865882090023711)(((X_7)^((-1)(-0.22793391534555787)))(((X_8)^((-1)(-0.22793391534555787)))((X_7 + (X_2)((X_0 + X_3 + X_9 + sqrt(X_6))((X_1)(X_4) + sqrt(((X_4)(X_9))(((sin(X_6))^(sin(X_6)))(((X_2)(sin(exp(sqrt(X_6)))))^(X_9) - (X_2)))))))^((-2)(-0.22793391534555787)))))),42,0.36484664191446475,0.41145178300172025,0.36484664191446475,0.41145178300172025,0.4293921238172961,0.40665994635250535
741,log((4.948663149863793)((((X_2)^((-2)(-0.1977874624704108)))((X_7)^((-1)(-0.1977874624704108))))(((X_8)^((-1)(-0.1977874624704108)))(((X_3 + X_6 + (2)(X_9))^((-2)(-0.1977874624704108)))(((X_1)(X_4) + sqrt(((X_2)^(sqrt(X_9)))((X_4)(((X_2)(sin(exp(sqrt(X_6)))))^(X_9) - (X_0)))))^((-2)(-0.1977874624704108))))))),43,0.3671363125458345,0.411150167951605,0.3671363125458345,0.411150167951605,0.4258111559638764,0.40709489474113714
742,log((-1.7522313363742554)((((X_2)^((-2)(-0.26770874903657743)))((X_7)^((-1)(-0.26770874903657743))))(((X_8)^((-1)(-0.26770874903657743)))(((2.22039806229203 + X_3 + (2)(X_9))^((-2)(-0.26770874903657743)))((sqrt((16.418847212272613)((X_4)(((2.22039806229203)(sin(exp(sqrt(X_6)))))^(X_9)))) + (X_4)(X_1 + (X_7)((X_6 + sqrt((16.418847212272613)((X_4)(((2.22039806229203)(sin(exp(sqrt(X_6)))))^(X_9)))))^(-1))))^((-2)(-0.26770874903657743))))))),45,0.37032680468798884,0.4189618419438731,0.37032680468798884,0.4189618419438731,0.4208213335671033,0.3958299561574836
743,3.4022841752519093 + (-0.17091399744075297)(((X_2)^(-1))((sqrt(-5.913956497021683))((X_2)((X_7)^(-1))) - (-5.913956497021683)) - (X_4 + X_8 + X_9 + log(X_6))),24,0.37784437185317193,0.4147542052478247,0.37784437185317193,0.4147542052478247,0.40906411137731646,0.40189764011488205
744,log((-5.563632484321219)((((X_2)^((-1)(-0.35872689070132735)))((X_7)^((-1)(-0.35872689070132735))))(((X_8)^((-1)(-0.35872689070132735)))(((X_6 + X_9 + (X_3)(log(X_2)))^((-1)(-0.35872689070132735)))(((X_1)(X_4) + sqrt((X_4)((X_9)(-0.5533171240960822 + ((-3.3946151497658246)(sin(exp(sqrt(X_6)))))^(X_9)))))^((-1)(-0.35872689070132735))))))),40,0.3704041439124177,0.4098358751832584,0.3704041439124177,0.4098358751832584,0.4207003776214341,0.408990189825266
745,sqrt((5.117479124517038)((((X_4)^((-1)(-0.21786811356464184)))((X_7)^((-1)(-0.21786811356464184))))(((X_9 + (sqrt(X_2))^(sin(X_4)))^((-1)(-0.21786811356464184)))(((X_2)(X_8 + exp(sqrt(X_9))) - (X_9 + (sqrt(X_2))^(sin(X_4))))^((-1)(-0.21786811356464184)))))),27,0.3809089944094912,0.4246513213824382,0.3809089944094912,0.4246513213824382,0.4042711447791123,0.38762535922834496
746,log((-5.08311785824666)((((X_2)^((-2)(-0.3390950551872265)))((X_4)^((-1)(-0.3390950551872265))))(((X_7)^((-1)(-0.3390950551872265)))((X_8 + exp(sqrt(X_9)))^((-2)(-0.3390950551872265)))))),23,0.3839629038219195,0.4315856387717138,0.3839629038219195,0.4315856387717138,0.39949493317761264,0.37762562554935797
747,(0.14714257248766954)(25.551235706992692 + X_7 + (X_9)^(sqrt(X_8)) + ((X_9)^(-1))(sqrt(X_1)) + (-11.516811669951124 + X_2 - (X_5))((sqrt((X_2)(X_4)))^(-1))),27,0.3742894301606268,0.4325795753847962,0.3742894301606268,0.4325795753847962,0.41462392061248565,0.37619230473828724
748,log(((1.6930572127938635)^(-1))((((X_8)^(-1))((sin(exp(sqrt(X_9))))^(-1)))((exp(X_4))((X_9 + (X_2 + X_8)(X_0 + (1 + 1.6930572127938635)(X_8) + X_9 + sqrt(X_9)))^(-1)))) - ((X_2 + X_8)(X_0 + (1 + 1.6930572127938635)(X_8) + X_9 + sqrt(X_9)))),30,0.50322712981554,0.566527704373344,0.50322712981554,0.566527704373344,0.21296969522640707,0.18303044878464758
749,sqrt((6.046563920777572)((((X_2)^((-1)(-0.175568196444161)))((X_7 + X_8)^((-1)(-0.175568196444161))))(((X_2 + log(X_4))^((-1)(-0.175568196444161)))((sqrt(((X_6)(X_7))((X_9)(X_9 - (X_4 + (X_9)(X_2 + log(X_4)))))))^((-1)(-0.175568196444161)))))),29,0.3832320921283448,0.4245801239864956,0.3832320921283448,0.4245801239864956,0.4006378980852022,0.387728030473126
750,sqrt((-4.955116350225258)((((X_2)^((-2)(-0.16342794583389003)))((X_4)^((-1)(-0.16342794583389003))))(((X_7)^(((-1)(-0.16342794583389003))(log(X_0))))((exp(sqrt(X_9)) + (X_8)(sqrt(X_9)))^((-2)(-0.16342794583389003)))))),27,0.38381274725123843,0.42761007560310876,0.38381274725123843,0.42761007560310876,0.3997297730035779,0.3833586444866687
751,sqrt((5.344157398123241)((((X_4)^((-1)(-0.20850921256906757)))((X_7)^((-1)(-0.20850921256906757))))(((X_9 + sqrt(X_3))^((-1)(-0.20850921256906757)))(((X_2)(X_8 + exp(sqrt(X_9))) - (X_9 + sqrt(X_3)))^((-1)(-0.20850921256906757)))))),26,0.38260853966311825,0.4214332816914923,0.38260853966311825,0.4214332816914923,0.40161311316736503,0.3922659803697477
752,4.825986216986478 + (-0.1693599844488182)(((X_2)^(-1))(X_2 + sin(X_0) - (-7.855401207037207 + X_7)) - (-7.855401207037207 + X_4 + X_8 + X_9)),22,0.38598531104537004,0.4293390320664735,0.38598531104537004,0.4293390320664735,0.39633195630466056,0.3808653775642533
753,1.0981121617480356 + log(X_0 + (X_4)(X_8) + (X_2)(X_7 + X_9)),14,0.38837752738965525,0.440215438688785,0.38837752738965525,0.440215438688785,0.39259061040540977,0.3651808965256882
754,(1.046821402641789)^(X_9) + log(X_2 + (X_4)(X_8) + (X_2)(X_7 + X_9)),14,0.3858459453716196,0.4365826028067109,0.3858459453716196,0.4365826028067109,0.39654991953078267,0.3704196805733281
755,(-8.763942121675725e-05)(-47736.9650450669 + X_2 + X_7 + X_9 + (16841.403451938448)((exp(log((X_2)((X_4)^(X_2)))))^(-1))),19,0.4487238714565876,0.5322244282993577,0.4487238714565876,0.5322244282993577,0.29821095805960085,0.23249798910622832
756,sqrt((-5.032696084061305)((((X_2)^((-1)(-0.16561905436208516)))((X_0 + X_7)^((-1)(-0.16561905436208516))))(((X_8)^((-1)(-0.16561905436208516)))(((X_6 + (X_2)(X_9))^((-1)(-0.16561905436208516)))(((X_1)(X_4) + sqrt((X_9)(log((X_2)(X_9)))))^((-1)(-0.16561905436208516))))))),31,0.38268196225901197,0.41833240882619777,0.38268196225901197,0.41833240882619777,0.4014982826969873,0.39673763937879414
757,log((-7.987696704713036)((((X_4)^((-1)(-0.36599311522458267)))((X_7)^((-1)(-0.36599311522458267))))(((X_9 + sqrt((X_3)(X_9)))^((-1)(-0.36599311522458267)))(((X_2)(X_8 + exp(sqrt(X_9))) - (X_9 + sqrt((X_3)(X_9))))^((-1)(-0.36599311522458267)))))),27,0.37896312423551504,0.42226570379816225,0.37896312423551504,0.42226570379816225,0.4073144202810426,0.3910655739118496
758,sqrt((-7.499767422309573)((((X_0)^(0.14179760874959843))(((X_2)^((-2)(-0.16159980335759258)))((X_7)^((-1)(-0.16159980335759258)))))((((X_8)^((-1)(-0.16159980335759258)))((sqrt((2)(X_0)))^(-0.16159980335759258)))(((sqrt(X_4))^((-2)(-0.16159980335759258)))((sqrt(X_9))^((-2)(-0.16159980335759258))))))),33,0.384998376796532,0.42773400858677324,0.384998376796532,0.42773400858677324,0.3978754882738913,0.38317992511731824
759,log((5.083117858240493)((((X_2)^((-2)(-0.3390950551872263)))((X_4)^((-1)(-0.3390950551872263))))(((X_7)^((-1)(-0.3390950551872263)))((X_8 + exp(sqrt(X_9)))^((-2)(-0.3390950551872263)))))),23,0.38396290382191944,0.43158563877176465,0.38396290382191944,0.43158563877176465,0.39949493317761275,0.3776256255492847
760,(0.3028187083859792)(9.447243395197022 + (0.470969340733027)(X_7) + (0.6219797903995173)(X_9) + ((X_2)^(-1))(-3.3069479237845263 + (X_2)(log(X_4))) + (log(X_8))^(X_4) + sqrt(X_6)),28,0.37744821818034274,0.41228304993150167,0.37744821818034274,0.41228304993150167,0.4096836823968245,0.40546120573431277
761,log((5.0831178581801835)((((X_2)^((-2)(-0.3390950551872264)))((X_4)^((-1)(-0.3390950551872264))))(((X_7)^((-1)(-0.3390950551872264)))((X_8 + exp(sqrt(X_9)))^((-2)(-0.3390950551872264)))))),23,0.38396290382191944,0.4315856387722624,0.38396290382191944,0.4315856387722624,0.39949493317761275,0.3776256255485668
762,(0.34079171360244304)(8.814236140111678 + (0.42229185456924545)(X_7) + (0.5627499635252776)(X_9) + ((X_2)^(-1))(-3.6586778836915133 + log(X_4)) + (log(X_8))^(X_4) + sqrt(X_6)),27,0.38132588410879975,0.4202739335369389,0.38132588410879975,0.4202739335369389,0.4036191433116556,0.39393783531032023
763,sqrt((-5.969175750152997)((((X_2)^((-1)(-0.14912164600705705)))((X_7)^((-1)(-0.14912164600705705))))(((X_8)^((-1)(-0.14912164600705705)))(((X_6 + (X_2)(X_9) - (X_2))^((-1)(-0.14912164600705705)))(((X_4)(X_2 + X_4) + (X_9)(log((X_2)(X_9))))^((-1)(-0.14912164600705705))))))),29,0.38389108051019205,0.4192761201540085,0.38389108051019205,0.4192761201540085,0.3996072624213468,0.39537674667397726
764,(0.2796761608045205)(11.916909264848591 + ((X_2)^((-1)(sqrt(log(X_2)))))(-6.373990656271328 + X_2 + X_4) + X_9 + (X_7)((exp(X_9))^(-1)) + (log(X_8))^(X_4)),26,0.38234389580565015,0.439725566633018,0.38234389580565015,0.439725566633018,0.40202700725903673,0.36588732367914156
765,log((22.4846047057078)((((0.9881350466070857)^((-0.2181691228192764)((X_8)^(X_8))))((X_2)^((-2)(-0.2181691228192764))))(((X_7)^((-1)(-0.2181691228192764)))(((0.5218954353114302)((sqrt(X_4))(sqrt((X_6)(X_9)))))^(((-2)(-0.2181691228192764))(log((X_8)(X_8)))))))),33,0.4079570783585876,0.44140685135466734,0.4079570783585876,0.44140685135466734,0.36196885125649936,0.36346280248819574
766,sqrt((5.259398048554954)((((X_2)^((-1)(-0.17200823399152498)))((X_7)^((-1)(-0.17200823399152498))))(((X_8)^((-1)(-0.17200823399152498)))(((X_6 + (X_2)(X_9))^((-1)(-0.17200823399152498)))(((X_1)(X_4) + sqrt((X_4)(X_8 - ((X_0)^(X_9) + X_3))))^((-1)(-0.17200823399152498))))))),33,0.3791309163812597,0.4130923844564933,0.3791309163812597,0.4130923844564933,0.407051999008858,0.4042940930608083
767,sqrt((5.3039529713499105)((((X_2)^((-1)(-0.14684375035605945)))((X_7)^((-1)(-0.14684375035605945))))(((X_8 + (X_2)(X_9))^((-1)(-0.14684375035605945)))((((2)(X_8) + (X_2)(X_9))^((-1)(-0.14684375035605945)))(((X_1)(X_4) + sin((X_8)(X_9)))^((-1)(-0.14684375035605945))))))),30,0.3859611073017715,0.42248737457239394,0.3859611073017715,0.42248737457239394,0.3963698101455455,0.3907459103339811
768,sqrt((-6.747266768825349)((((X_1)^((-1)(-0.13853191693919173)))(((X_2)^((-2)(-0.13853191693919173)))((X_7)^((-1)(-0.13853191693919173)))))(((X_8)^((-1)(-0.13853191693919173)))(((sqrt(X_4))^((-2)(-0.13853191693919173)))((sqrt((X_6)(X_9)))^((-2)(-0.13853191693919173))))))),29,0.38210051181761306,0.4088573876598426,0.38210051181761306,0.4088573876598426,0.40240765163000314,0.41040123205092227
769,log((-13.42546752037788)((((X_2)^((-2)(-0.3080340934520734)))((X_7)^((-1)(-0.3080340934520734))))(((X_8)^((-1)(-0.3080340934520734)))((sqrt((X_3)(X_9)))^((-2)(-0.3080340934520734)))))),22,0.419405781411388,0.455478231810388,0.419405781411388,0.455478231810388,0.3440634647639016,0.3431709627650058
770,(1.1132076369046193)^(X_7) + log((2)(X_4) + (X_2)(X_8 + X_9)),14,0.38735226635495706,0.4364243856763836,0.38735226635495706,0.4364243856763836,0.39419408417858803,0.37064783989715333
771,sqrt((-6.904627826069246)((((X_2)^((-1)(-0.12824684522508445)))(((X_2)^(X_9) + X_6)^((-1)(-0.12824684522508445))))(((X_7)^((-1)(-0.12824684522508445)))(((X_8)^((-1)(-0.12824684522508445)))((-1 + (X_1)(X_4) + sqrt((X_4)(X_8)))^((-1)(-0.12824684522508445))))))),29,0.3850509367146112,0.4191397520922132,0.3850509367146112,0.4191397520922132,0.3977932863298905,0.3955733982293822
772,sqrt((5.192145297717537)((((X_2)^((-1)(-0.17172186514473392)))((X_0 + X_7)^((-1)(-0.17172186514473392))))(((X_8)^((-1)(-0.17172186514473392)))((((X_2)(X_9) + sin(X_2))^((-1)(-0.17172186514473392)))(((X_1)(X_4) + sqrt((-1.5406650402738355e-05)(33287.87829345444 + ((X_4)^(-1))(X_8) - (X_3))))^((-1)(-0.17172186514473392))))))),37,0.3856102981488294,0.423194279584559,0.3856102981488294,0.423194279584559,0.3969184638611324,0.3897265076356097
773,sqrt((-5.193216837907661)((((X_2)^((-1)(-0.17647941333494674)))((X_7)^((-1)(-0.17647941333494674))))(((X_8)^((-1)(-0.17647941333494674)))(((X_6 + (X_2)(X_9))^((-1)(-0.17647941333494674)))(((X_1)(X_4) + sqrt(((X_8)((X_9)^(-1)) - (X_3 + X_4))(X_9)))^((-1)(-0.17647941333494674))))))),33,0.3824775197868839,0.4149012347748815,0.3824775197868839,0.4149012347748815,0.4018180238468865,0.4016856140377675
774,0.7091791743493356 + log(exp(0.4488044269347821) - (0.4488044269347821) + X_1 + X_8 + (exp(0.4488044269347821))(((X_2 + log(X_4))(sqrt(X_7)))((sqrt(X_6 + X_8))(sqrt(X_9))))),26,0.3765079828512689,0.41254685052378753,0.3765079828512689,0.41254685052378753,0.4111541788262819,0.4050807882369398
775,sqrt((6.747261004547467)((((X_1)^((-1)(-0.13853206238040158)))(((X_2)^((-2)(-0.13853206238040158)))((X_4)^((-1)(-0.13853206238040158)))))((((X_6)^((-1)(-0.13853206238040158)))((X_7)^((-1)(-0.13853206238040158))))(((X_8)^((-1)(-0.13853206238040158)))((X_9)^((-1)(-0.13853206238040158))))))),28,0.38210051181783483,0.4088573855095279,0.38210051181783483,0.4088573855095279,0.4024076516296562,0.4104012351518149
776,log(exp(-42.08386930196847) - (-42.08386930196847) + X_4 + (-11.101237061677026 - (X_5))((X_7)^(-2000066257746960.0)) + (exp(-42.08386930196847))(((X_2 + X_8)^(X_2 + X_8))(138163317571394.33 + X_1 + (X_9)(X_2 + log(X_4))))),29,0.548838493445018,0.5949469818522525,0.548838493445018,0.5949469818522525,0.14163505666746123,0.14204801458314575
777,log(4.083460467794798 + sqrt(X_2) + (1 + 4.083460467794798)((X_2 + log(X_4))((sqrt(X_7 + X_8))(sqrt(X_9))))),20,0.3818156251119849,0.4359183204813968,0.3818156251119849,0.4359183204813968,0.4028532048553204,0.37137761860354757
778,sqrt((6.048907593651509)((((X_2)^((-1)(-0.15156792523269846)))((X_7)^((-1)(-0.15156792523269846))))(((X_8)^((-1)(-0.15156792523269846)))(((X_6 + (X_2)(X_9) - (X_2))^((-1)(-0.15156792523269846)))(((X_4)(X_2 + X_4) + sqrt(log((X_2)(X_9))))^((-1)(-0.15156792523269846))))))),29,0.3839565308176225,0.42357997944932235,0.3839565308176225,0.42357997944932235,0.3995049003419745,0.3891703035118095
779,sqrt((5.387520289340839)((((X_4)^((-1)(-0.20396772570723232)))((X_7)^((-1)(-0.20396772570723232))))(((X_9 + sin(X_4) + sqrt(X_2))^((-1)(-0.20396772570723232)))(((X_2)(X_8 + exp(sqrt(X_9))) - (X_9 + sin(X_4) + sqrt(X_2)))^((-1)(-0.20396772570723232)))))),27,0.3811409523886398,0.42850624342146926,0.3811409523886398,0.42850624342146926,0.403908370301729,0.38206631259411017
780,(0.18035209031547772)(17.60355235845299 + X_7 + X_8 + X_9 + (-8.265799298940191 + X_2)((sqrt((X_2)((X_4)^(X_2))))^(-1))),20,0.37621658921429196,0.43399299247562717,0.37621658921429196,0.43399299247562717,0.41160990867336533,0.37415406597703627
781,log((-2.791039233586181)((((X_2)^((-2)(-0.24753715614953822)))((X_7)^((-1)(-0.24753715614953822))))(((X_8)^((-1)(-0.24753715614953822)))(((X_3 + X_6 + (2)(X_9))^((-2)(-0.24753715614953822)))((X_4 + (X_1)(X_4) + sqrt((X_9)(((X_6)(sin(exp(sqrt(X_6)))))^(X_9) - (X_4))))^((-2)(-0.24753715614953822))))))),40,0.3707481907313942,0.40576571541164164,0.3707481907313942,0.40576571541164164,0.42016229996871557,0.414859623175698
782,log((4.271153118019832)((((X_2)^((-2)(-1.6957201245268347)))(((-0.760120530191811 + (2)(-3.840175070330909) + X_3)^((-2)(-1.6957201245268347)))((X_6)^((-2)(-1.6957201245268347)))))(((X_7)^((-1)(-1.6957201245268347)))(((X_8)^((-1)(-1.6957201245268347)))(((X_1)(X_4) + (X_4)(sqrt((X_9)(((-0.760120530191811)(sin(-3.840175070330909 + sqrt(X_6))))^(X_9) - (X_4)))))^((-2)(-1.6957201245268347))))))),44,inf,inf,inf,inf,-inf,-inf
783,log((3)(X_2) + (3)(X_4) + (((X_9)^((X_9)^(X_9)))^((-1)(X_1)))(4.983605829846786 + X_5 + sin((-0.9908386804424786)(X_7))) + exp((-0.9908386804424786)((X_7)^(-1))) + (X_2 + X_8)((0.17124040263851167 + X_9 + (X_2 + X_4)(X_9))(exp((-0.9908386804424786)((X_7)^(-1))))) + log((3)(X_2) + (3)(X_4))),41,0.3808498289666394,0.42219641160413574,0.3808498289666394,0.42219641160413574,0.4043636775416778,0.39116549773237874
784,sqrt((-7.755587604596623)((((X_4)^((-1)(5.008881907328758e-06)))(((X_7)^(0.10881602371383085))((X_8)^(0.10881602371383085))))(((sqrt(X_2))^(((-1)((-25002.717174768022)(5.008881907328758e-06)))(X_9 + sqrt(X_2))))(((X_9 + sqrt(X_2))^((-1)((-25002.717174768022)(5.008881907328758e-06))))(((X_0)(X_2) + ((sqrt(X_2))^((-25002.717174768022)(X_9 + sqrt(X_2))))((X_9 + sqrt(X_2))^(-25002.717174768022)))^(0.10881602371383085)))))),36,0.4055165919981037,0.4428839502890589,0.4055165919981037,0.4428839502890589,0.3657856898375025,0.36133273039425384
785,log((-5.37456152577802)((((X_2)^((-2)(-0.1973610288887112)))((X_7)^((-2)(-0.1973610288887112))))(((X_8)^((-1)(-0.1973610288887112)))(((X_6 + X_9 + (X_3)(log(X_2 + X_6)))^((-2)(-0.1973610288887112)))(((X_1)(X_4) + sqrt((((X_2)^(-1))(X_4))((X_9)(-0.24597931092389705 + ((X_2)(sin(exp(sqrt(X_6)))))^(X_9)))))^((-2)(-0.1973610288887112))))))),44,0.37357347837046173,0.4129582444976118,0.37357347837046173,0.4129582444976118,0.41574364513096174,0.4044875315478611
786,log(((-1)(-5.12395894726656))((X_2 + log(X_4))((sqrt(X_7 + X_8))(sqrt(X_9)))) - (-5.12395894726656)),18,0.3818741810884904,0.43551278074974836,0.3818741810884904,0.43551278074974836,0.4027616252776208,0.37196243309718524
787,log((6.145574882863471e-10)(6.145574882863471e-10 + (6.145574882863471e-10)((X_2 + log(X_4))((sqrt(X_7 + X_8))(sqrt(X_9))))) - (X_9)),18,10.361191674235812,10.625913006121653,10.361191674235812,10.625913006121653,-15.20455527542904,-14.323253060442987
788,log(log(5.155905095839444) - (5.155905095839444) + ((-1)(5.155905095839444))((X_2 + log(X_4))((sqrt(X_7 + X_8))(sqrt(X_9)))) - (X_5)),22,0.3819244945913741,0.4354002088051996,0.3819244945913741,0.4354002088051996,0.40268293665142674,0.37212476911413117
789,(0.18035209031547728)(17.603552358453047 + X_7 + X_8 + X_9 + (-8.26579929894021 + X_2)((sqrt((X_2)((X_4)^(X_2))))^(-1))),20,0.37621658921429196,0.43399299247562734,0.37621658921429196,0.43399299247562734,0.41160990867336533,0.37415406597703604
790,log(91.71317623159182 + X_3 + (-3.776091703170289)((X_2 + log(X_4))((sqrt((X_1)(X_7) + X_8))(sqrt(X_9))))),21,1.624290449857941,1.6802221647766882,1.624290449857941,1.6802221647766882,-1.5403356298797362,-1.4229889152871693
791,(0.15101022070933284)(16.42191348557405 + X_2 + X_3 + X_7 + X_9 + ((X_2)^((-1)(X_4)))((-4.23854242854906 + (X_2)^(X_4) + X_4)(X_9))),22,0.3760733282152397,0.4295606863203219,0.3760733282152397,0.4295606863203219,0.4118339640572386,0.3805457378098448
792,log(16.88022345361149 + X_8 + (1.9077658725518605)((X_9)^(-1)) + (-6.920679950493842)((X_2 + log(X_4))((sqrt(X_6 + X_8))(sqrt((X_7)(X_9)))))),25,0.9374271977937292,1.2980382074078365,0.9374271977937292,1.2980382074078365,-0.46610460658806585,-0.871854957101118
793,sqrt((-6.605128601242087)((((X_2)^((-1)(-0.3309042953435039)))(((X_4)^(0.17196028933874585))((X_7)^(0.1267906245737563))))(((X_8)^(0.1267906245737563))(((sqrt((0.9193762883762747)(X_9)))^((-1)(-0.3309042953435039)))((X_0 + sqrt((0.9193762883762747)(X_9)))^(0.1267906245737563)))))),29,0.3827598372904224,0.4258751245542909,0.3827598372904224,0.4258751245542909,0.4013764887672211,0.38586055598859814
794,sqrt((5.586520199966947)((((X_0)^(0.08505099923829085))(((X_2)^((-1)(-0.1699878236666578)))((X_7)^(0.08505099923829085))))(((X_8)^((-1)(-0.1699878236666578)))(((X_6 + (X_2)(X_9))^((-1)(-0.1699878236666578)))(((X_1)(X_4) + sqrt((X_4 - (((X_0)^(-1))(X_2)))(X_9)))^((-1)(-0.1699878236666578))))))),35,0.3772011108960818,0.4217330275858912,0.3772011108960818,0.4217330275858912,0.4100701498778503,0.3918337274244189
795,log((-5.083117857970934)((((X_2)^((-2)(-0.33909505518722594)))((X_4)^((-1)(-0.33909505518722594))))(((X_7)^((-1)(-0.33909505518722594)))((X_8 + exp(sqrt(X_9)))^((-2)(-0.33909505518722594)))))),23,0.3839629038219195,0.4315856387739894,0.3839629038219195,0.4315856387739894,0.39949493317761264,0.3776256255460765
796,sqrt((-6.7994721615765625)((((X_2)^((-1)(-0.16064392543577383)))(((X_6)^((-1)(-0.16064392543577383)))((X_7)^((-1)(-0.16064392543577383)))))(((X_8)^((-1)(-0.16064392543577383)))((((X_2)(X_9) + sqrt(X_9))^((-1)(-0.16064392543577383)))((log(X_4) + (sin((((X_2)(X_9) + (X_3)((sqrt(X_2))^(-1)) + sqrt(X_9))^(-1))(sqrt((X_2)(X_9) + sqrt(X_9)))))(sqrt((X_2)(X_9) + sqrt(X_9))))^((-1)(-0.16064392543577383))))))),39,0.3861043406446694,0.41677602444954226,0.3861043406446694,0.41677602444954226,0.3961457980149674,0.3989820462028546
797,log((-5.083117857970934)((((X_2)^((-2)(-0.33909505518722594)))((X_4)^((-1)(-0.33909505518722594))))(((X_7)^((-1)(-0.33909505518722594)))((X_8 + exp(sqrt(X_9)))^((-2)(-0.33909505518722594)))))),23,0.3839629038219195,0.4315856387739894,0.3839629038219195,0.4315856387739894,0.39949493317761264,0.3776256255460765
798,sqrt((-5.359289096392148)((((X_4)^((-1)(-0.20746027241796006)))((X_7)^((-1)(-0.20746027241796006))))(((X_9 + sqrt(X_0))^((-1)(-0.20746027241796006)))(((X_2)(X_8 + exp(sqrt(X_9))) - (X_9 + sqrt(X_0)))^((-1)(-0.20746027241796006)))))),26,0.38388384689759436,0.423503652957231,0.38388384689759436,0.423503652957231,0.39961857554814395,0.389280371244611
799,sqrt(-4.5204843227362375 + X_2 + X_4 + X_6 + X_7 + X_8 + X_9 + sqrt((8.90851771834568)(X_2)) + sqrt(sqrt((8.90851771834568)(X_2)))),20,0.38851960313028383,0.42063385232131273,0.38851960313028383,0.42063385232131273,0.39236840872584444,0.3934188091700733
800,((2.2711136206127716)((sin(2.2711136206127716))^(-1)))((log((sqrt((2.2711136206127716)((sin(2.2711136206127716))^(-1))))((X_4)((X_7)(X_8)))))^(0.27496288964408955)),16,0.5145717258607605,0.5534343078730775,0.5145717258607605,0.5534343078730775,0.195227128591981,0.20191197245971604
801,sqrt((5.184227747171673)((((X_2)^((-1)(-0.16853374187323633)))((X_7)^((-1)(-0.16853374187323633))))(((X_8)^((-1)(-0.16853374187323633)))(((X_6 + (X_2)(X_9))^((-1)(-0.16853374187323633)))(((X_1)((X_4)(X_5)) + sqrt(((-1)(X_3 + X_4))(X_9)))^((-1)(-0.16853374187323633))))))),33,0.3851780127017509,0.4157659008637444,0.3851780127017509,0.4157659008637444,0.3975945437602588,0.4004387096743687
802,sqrt(-6.033094580505428 + X_0 + X_4 + X_7 + X_8 + X_9 + sqrt((-48.73322235485449)(X_2))),17,0.38772260556279314,0.43382603267668196,0.38772260556279314,0.43382603267668196,0.3936148861140486,0.3743948327938439
803,log((-1.7223981974247318)((((X_2)^((-2)(3.4403953136090824)))((-2.2713847611848683 + X_3)^((-2)(3.4403953136090824))))(((X_7)^((-1)(3.4403953136090824)))(((X_8)^((-1)(3.4403953136090824)))((X_4 + (X_1)(X_4) + sqrt((-4.6879213591026305)(((-2.2713847611848683)(exp(sqrt(X_6))))^(X_9) - (X_4))))^((-2)(3.4403953136090824))))))),38,inf,inf,inf,inf,-inf,-inf
804,(0.20493473534348752)(((X_2)^(-1))((-0.2777099022622285 + X_2)(17.75255250970668 + X_4)) + (-1.6493166124334737)((X_7)^((-2)(X_3))) + X_9),22,0.39397915202333267,0.4367960850989527,0.39397915202333267,0.4367960850989527,0.38382985789135826,0.3701118253155201
805,(0.18139574657979227)(X_7 + X_8 + X_9 + log(27949137.4140013 - (sqrt(X_3))) + (-8.626370948327688 + X_2)((sqrt((X_2)(((X_4)(sqrt(X_6)))^(X_2))))^(-1))),27,0.3729982091858571,0.42643897412640197,0.3729982091858571,0.42643897412640197,0.41664334678626047,0.38504744847713035
806,log(-5.365612743607227 + X_2 + (-5.365612743607227)((X_2 + log(X_4))((sqrt(X_7 + X_8))(sqrt(X_9))))),17,0.38240970338836294,0.436243293691761,0.38240970338836294,0.436243293691761,0.4019240864131399,0.37090898623874213
807,log((2.1192425044239087)(((X_7)^((-1)(-0.25844016519327)))(((X_8)^((-1)(-0.25844016519327)))((X_7 + (X_2)((X_0 + X_3 + X_9 + sqrt(X_6))((X_1)(X_4) + sqrt((-14.641576554370625)((X_9)((X_5)(sin(exp(sqrt(X_6)))) - (X_4)))))))^((-2)(-0.25844016519327)))))),40,0.3699275862376723,0.41177885701481437,0.3699275862376723,0.41177885701481437,0.42144569779551644,0.40618828449443733
808,log((5.083117858247127)((((X_2)^((-2)(-0.33909505518722594)))((X_4)^((-1)(-0.33909505518722594))))(((X_7)^((-1)(-0.33909505518722594)))((X_8 + exp(sqrt(X_9)))^((-2)(-0.33909505518722594)))))),23,0.38396290382191944,0.43158563877171,0.38396290382191944,0.43158563877171,0.39949493317761275,0.3776256255493634
809,log(12.889232873045753 + (-7.926889310205681)((X_2 + log(X_4))((sqrt(X_7 + X_8))(sqrt(X_9)))) - (X_9)),18,0.5820433445510513,0.7599887787021461,0.5820433445510513,0.7599887787021461,0.08970378639687304,-0.09595291928711869
810,log(5.12395894694167 + (5.12395894694167)((X_2 + log(X_4))((sqrt(X_7 + X_8))(sqrt(X_9))))),16,0.3818741810884904,0.435512780753648,0.3818741810884904,0.435512780753648,0.4027616252776208,0.37196243309156163
811,log((exp((X_4)(log(log(X_4)))))^(log(X_6)) + (3.115274871774569)((sqrt(X_6 + X_8))((X_2 + log(X_4))(sqrt(X_7 + X_9)) + sqrt(X_2 + log(X_4))))),25,0.38524234560790127,0.4378081579791812,0.38524234560790127,0.4378081579791812,0.39749392925890414,0.36865235083549963
812,log((-4.9486631498635525)((((X_7)^((-1)(-0.19778746247041099)))((X_8)^((-1)(-0.19778746247041099))))(((X_3 + X_6 + (2)(X_9))^((-2)(-0.19778746247041099)))(((exp(log(X_2)))^((-2)(-0.19778746247041099)))(((X_1)(X_4) + sqrt(((X_2)^(sqrt(X_9)))((X_4)(((X_2)(sin(exp(sqrt(X_6)))))^(X_9) - (X_0)))))^((-2)(-0.19778746247041099))))))),45,0.36713631254583456,0.4111501679516075,0.36713631254583456,0.4111501679516075,0.4258111559638764,0.40709489474113336
813,sqrt((-4.077184981704981e-10)(((X_7)^((-1)(-4.275730752505964)))(((X_8)^((-1)(-4.275730752505964)))((sqrt(((X_2)^(-1))(X_9)) + ((X_2)(X_6))(((X_2)(X_9) + sqrt(X_9))(log(X_4) + (sin(((((X_2)^(-1))(X_9) + (X_2)(X_9) + sqrt(X_9))^(-1))(sqrt((X_2)(X_9) + sqrt(X_9)))))(sqrt((X_2)(X_9) + sqrt(X_9))))))^((-1)(-4.275730752505964)))))),35,5944.189284637617,8512.252975130235,5944.189284637617,8512.252975130235,-9295.51210584593,-12274.218739065967
814,sqrt((0.4252464741454105)((((X_7)^((-1)(0.04643011375198647)))((X_8)^((-1)(0.04643011375198647))))(((X_9)^((-1)(0.04643011375198647)))(((2)((X_2)^(-1.9217045739439884)) + (2)(((X_2)^(-1 - (-1.9217045739439884)))(((X_5)^(-1))(-4.694545066479145 + X_5))) + (2)(X_9) + (2)((log(X_8))^(log((X_2)(X_5)))))^((-1)(0.04643011375198647)))))),39,inf,inf,inf,inf,-inf,-inf
815,sqrt((5.489025014186821)((((X_2)^((-1)(-0.18776207811338083)))((X_7)^((-1)(-0.18776207811338083))))(((X_8)^((-1)(-0.18776207811338083)))((X_1 + (X_2 + log(((X_4)(X_4))((X_9)(X_9))))(sqrt((X_9)(X_6 - (X_4 + (X_6)(X_2 + log(((X_4)(X_4))((X_9)(X_9)))))))))^((-1)(-0.18776207811338083)))))),32,0.38509803539323756,0.4226143148126697,0.38509803539323756,0.4226143148126697,0.39771962558070295,0.3905628543063081
816,log((-2.7004286550662693)(-2.7004286550662693) - (-2.7004286550662693) + ((-2.7004286550662693)(-2.7004286550662693))((X_2 + log((X_4)^(sin(X_3))))((log(X_7 + X_8))(sqrt(X_9))))),21,0.39970071431459114,0.44385432890140375,0.39970071431459114,0.44385432890140375,0.374881526915004,0.3599333817422524
817,log((-8.768981971086266)((((X_2)^((-1)(-0.2928172783372216)))((X_6 + X_7)^((-1)(-0.2928172783372216))))(((X_8)^((-1)(-0.2928172783372216)))(((X_2 + log(X_4))^((-1)(-0.2928172783372216)))((sqrt(((X_1)(X_3))((X_9)(X_9 - ((X_2)(X_4) + (X_4)(X_9))))))^((-1)(-0.2928172783372216))))))),34,0.3793914112638621,0.4294420810154091,0.3793914112638621,0.4294420810154091,0.4066445937743236,0.3807167743222314
818,log((-7.081151238109119)((((X_4)^((-1)(-0.39243372051030373)))((X_7)^((-1)(-0.39243372051030373))))(((X_9 + sqrt(X_6))^((-1)(-0.39243372051030373)))(((X_2)(X_8 + exp(sqrt(X_9))) - (X_9 + sqrt(X_6)))^((-1)(-0.39243372051030373)))))),26,0.38185574282714385,0.42729859467471015,0.38185574282714385,0.42729859467471015,0.40279046209818814,0.38380782010918735
819,log(-5.349329835301644 + (-1.4033605061562526)(X_8 + (2)((X_2 + log(X_4))((sqrt(X_3 + X_6 + X_8))(sqrt((X_7)(X_9))))))),24,0.3792832732409874,0.41895076029952594,0.3792832732409874,0.41895076029952594,0.40681371800483146,0.3958459366045811
820,log((-4.97713421113522)((((X_2)^((-2)(-0.22013238201204613)))((X_7)^((-1)(-0.22013238201204613))))(((X_8)^((-1)(-0.22013238201204613)))(((X_3 + X_6 + X_9)^((-2)(-0.22013238201204613)))(((X_1)(X_4) + sqrt((X_9)(X_6 + ((X_2)(sin(exp(sqrt(X_6)))))^(X_9) - (X_4))))^((-2)(-0.22013238201204613))))))),38,0.3693730900997211,0.42137644133694446,0.3693730900997211,0.42137644133694446,0.4223129111045594,0.39234794783327576
821,log((0.48709866646450983)((((X_5)^((-1)(2.787919105942448)))((X_7)^((-1)(2.787919105942448))))(((X_8)^((-1)(2.787919105942448)))((((X_2)(X_9) + (-2.9197573219093256)((sqrt(X_6))^(-1)))^((-1)(2.787919105942448)))((((X_0 + X_1)^(-1.6080518598518747))(((X_2)^(-1))(X_4)) + sqrt(4.290453904321378 + (X_9)((X_2)(sin(exp(sqrt(X_6)))) - (X_4))))^((-1)(2.787919105942448))))))),45,inf,inf,inf,inf,-inf,-inf
822,(0.18185976712318147)(18.090011961812397 + X_7 + X_8 + X_9 + (-9.046005595858903 + X_2)((sqrt((X_2)((X_4)^(sqrt(X_2)))))^(-1))),21,0.3768151981579955,0.435682123138968,0.3768151981579955,0.435682123138968,0.4106737044198786,0.3717182304312706
823,sqrt((6.747259575097062)((((X_1)^((-1)(-0.13853209840199435)))(((X_2)^((-2)(-0.13853209840199435)))((X_4)^((-1)(-0.13853209840199435)))))((((X_6)^((-1)(-0.13853209840199435)))((X_7)^((-1)(-0.13853209840199435))))(((X_8)^((-1)(-0.13853209840199435)))((X_9)^((-1)(-0.13853209840199435))))))),28,0.3821005118179752,0.4088573850065541,0.3821005118179752,0.4088573850065541,0.4024076516294367,0.4104012358771356
824,sqrt((-5.352525023459003)((((X_2)^((-1)(-0.1742055984377724)))((X_7)^((-1)(-0.1742055984377724))))(((X_8 + ((X_1)^(-1))((X_2)(X_9)))^((-2)(-0.1742055984377724)))(((X_1)(X_4) + sin((X_8)(X_9)))^((-1)(-0.1742055984377724)))))),29,0.3816993013568917,0.42125342322444576,0.3816993013568917,0.42125342322444576,0.40303513129568735,0.39252534789929827
825,sqrt((-5.691765783287751)((((X_2)^((-1)(-0.14156061280631516)))((X_7)^((-1)(-0.14156061280631516))))(((X_8 + (X_2)(X_9))^((-2)(-0.14156061280631516)))(((X_0)(X_4) + sin(log(X_2)))^((-1)(-0.14156061280631516)))))),27,0.38381818021256925,0.4281277980939296,0.38381818021256925,0.4281277980939296,0.39972127603479646,0.38261205520654185
826,2.832668759940684 + (0.07528446916936521)((exp(sqrt(X_9)) + log(X_2) - (sin((-3.338594848088274)(X_6))))(sqrt(exp(log(X_2)) + (log(((X_2)(X_7))((X_8)((sqrt(X_4))((sqrt(X_8))^(-1))))))(log(((X_2)(X_7))((X_8)((sqrt(X_4))((sqrt(X_8))^(-1)))))) - (sin((X_2)((sqrt(X_4))(sqrt(X_4)))))))),36,0.37832727439981256,0.431924148401023,0.37832727439981256,0.431924148401023,0.4083088680370024,0.37713747279389
827,sqrt((-4.2876551749801665e-09)((((X_2)^((-1)(-4.131617189568093)))((X_7)^((-1)(-4.131617189568093))))(((X_8)^((-1)(-4.131617189568093)))(((X_9)^((-1)(-4.131617189568093)))(((X_1)(X_4) + sqrt((X_0)(X_8 - (X_4 + (exp(sqrt(X_2)))^(log(X_2))))))^((-1)(-4.131617189568093))))))),32,2469.27263054151,3398.9596117898686,2469.27263054151,3398.9596117898686,-3860.8593391348645,-4900.519355906246
828,(0.18485250672863318)(18.5479473997205 + X_7 + X_8 + X_9 + (-9.95607053788455 + X_2)((sqrt((X_2)(X_4)))^(-1))),19,0.37869818718528475,0.4402513370052572,0.37869818718528475,0.4402513370052572,0.4077287729163328,0.3651291288340621
829,log((3.198070570742923)(((X_7)^((-1)(-0.23439981283213202)))(((X_8)^((-1)(-0.23439981283213202)))((X_7 + (X_2)((X_0 + X_3 + X_5 + X_9 + sqrt(X_6))((X_1)(X_4) + sqrt(((X_9)(X_9))(((X_2)(sin(exp(sqrt(X_6)))))^(X_9) - (X_8))))))^((-2)(-0.23439981283213202)))))),41,0.36729036461108433,0.4042854309582387,0.36729036461108433,0.4042854309582387,0.4255702237154323,0.41699428899386015
830,log(5.12395894694167 + (5.12395894694167)((X_2 + log(X_4))((sqrt(X_7 + X_8))(sqrt(X_9))))),16,0.3818741810884904,0.435512780753648,0.3818741810884904,0.435512780753648,0.4027616252776208,0.37196243309156163
831,log((-2.771610054944001)(((X_7)^((-1)(-0.24214148978355585)))(((X_8)^((-1)(-0.24214148978355585)))(((2)((X_0)(X_2)) + (2)((X_2)((X_0 + X_2 + X_6 + (2)(X_9))(X_4 + sqrt(((X_2)(sin(exp(sqrt(X_6)))))^(X_9) - (X_4))))))^((-2)(-0.24214148978355585)))))),39,0.37396359635781595,0.429139982300483,0.37396359635781595,0.429139982300483,0.41513351372052376,0.3811524201867684
832,log(-7.9636879519021875 + X_1 + X_2 + log(X_2 + ((X_2)^(X_7))(X_5)) + (-5.55371366397751)((X_2 + log(X_4))((sqrt(X_7 + X_8))(sqrt(X_9))))),26,0.3857871117961012,0.4395328268609599,0.3857871117961012,0.4395328268609599,0.3966419332640013,0.366165266882738
833,log((-5.08311785824666)((((X_2)^((-2)(-0.3390950551872265)))((X_4)^((-1)(-0.3390950551872265))))(((X_7)^((-1)(-0.3390950551872265)))((X_8 + exp(sqrt(X_9)))^((-2)(-0.3390950551872265)))))),23,0.3839629038219195,0.4315856387717138,0.3839629038219195,0.4315856387717138,0.39949493317761264,0.37762562554935797
834,sqrt((-3.4938719784918146)((((X_2)^((-1)(-0.22626543150397602)))((X_6 + X_9)^((-1)(-0.22626543150397602))))(((X_8 + (X_7)(X_8 + X_9))^((-1)(-0.22626543150397602)))(((X_1)(X_4) + sqrt((X_3)(X_9)))^((-1)(-0.22626543150397602)))))),29,0.38321828832452925,0.4031077435815723,0.38321828832452925,0.4031077435815723,0.4006594867700729,0.4186925902775571
835,log((-6.596027801804245)((((X_7)^((-1)(-0.23469793039777706)))((X_8)^((-1)(-0.23469793039777706))))((((X_2)(X_9) + (X_3)((exp((X_2)^(-1)))^(-1)))^((-2)(-0.23469793039777706)))(((X_1)(X_4) + sqrt((X_0)((X_2)(sin(exp(sqrt(X_6)))) - (log(sqrt(X_2))))))^((-2)(-0.23469793039777706)))))),41,0.37834027793929126,0.41876832787031365,0.37834027793929126,0.41876832787031365,0.40828853093863726,0.39610901595387005
836,sqrt((-6.937449435829529)((((X_4)^((-1)(-0.11553061663154883)))((X_7)^((-1)(-0.11553061663154883))))(((X_9 + sin(X_4) + sqrt(X_2))^((-1)(-0.11553061663154883)))(((X_2)(X_8 + (exp(sqrt(X_9)))^(X_8)) - (X_9 + sin(X_4) + sqrt(X_2)))^((-1)(-0.11553061663154883)))))),28,0.424414597756608,0.46857565007227814,0.424414597756608,0.46857565007227814,0.33622984447363946,0.3242836394498434
837,(0.183809255179402)(16.58485011735474 + X_7 + X_8 + X_9 + (-8.768092432459747 + X_2)((sqrt((X_2)(X_4)))^(-1)) + sqrt(sqrt((X_2)(X_4)))),21,0.37846911916962855,0.4373691509310427,0.37846911916962855,0.4373691509310427,0.4080870275880192,0.3692854273617302
838,sqrt((-7.829829413174021e-11)((((X_2)^((-1)(-4.729806324470499)))((X_7)^((-1)(-4.729806324470499))))(((X_8)^((-1)(-4.729806324470499)))(((X_6 + (X_2)((X_9)(X_9)))^((-1)(-4.729806324470499)))(((X_1)(X_4) + sqrt((-2)(X_2) + X_8 - (X_4)))^((-1)(-4.729806324470499))))))),32,184765321.6004618,290076740.0321838,184765321.6004618,290076740.0321838,-288966747.323178,-418309399.03938866
839,2.2901385992388636 + (0.504627806242238)(((96358.81818256702)((-105801.47045100006)^((-1)(X_1))) + X_2 + exp(sqrt(X_9)))(sqrt((-1.2387309727527105)(((X_2)^(-1))((X_4)^(-1))) + sqrt((-1.2387309727527105)(((X_2)^(-1))((X_4)^(-1))))))),27,0.4112099616176479,0.4565193269017926,0.4112099616176479,0.4565193269017926,0.3568814512514369,0.3416696363814389
840,log(X_8 + (2.2351579131311765)(exp(-0.2144226159944187) - (-0.2144226159944187) + (((2)(exp(-0.2144226159944187)))(((2)^(-1))((exp(-0.2144226159944187))^(-1))))((X_7)((X_9)^((-1)(X_4)))) + ((2)(exp(-0.2144226159944187)))((X_2 + log(X_4))((sqrt(X_6 + X_8))(sqrt((X_7)(X_9))))))),35,0.37905806298894484,0.4196774932218609,0.37905806298894484,0.4196774932218609,0.4071659392639836,0.3947979407787281
841,log((4.714968276978139)(((X_7)^((-1)(-0.18906954636723175)))(((X_8)^((-1)(-0.18906954636723175)))((X_7 + (2)((X_2)((X_3 + X_9 + sqrt(X_6))((X_1)(X_4) + sqrt(X_0 + (X_4)((X_9)((X_4)(((X_2)(sin(sin(sqrt(X_6)))))^(X_9)) - (X_4))))))))^((-2)(-0.18906954636723175)))))),42,0.3723609864149844,0.40761561966082016,0.3723609864149844,0.40761561966082016,0.4176399417666472,0.41219194173209683
842,sqrt((-7.6012751063135715)((((X_1)^((-1)(-0.1294844445888274)))((X_2)^((-2)(-0.1294844445888274))))(((X_4)^((-2)(-0.1294844445888274)))(((X_7)^((-1)(-0.1294844445888274)))((X_8)^((-1)(-0.1294844445888274))))))),22,0.41533042860298675,0.46210388226977694,0.41533042860298675,0.46210388226977694,0.3504371794800213,0.33361634674088003
843,(0.8137217941490092)(log(exp(-2.368436236246244) - (-2.368436236246244) + X_7 + log(sin(X_9)) + (exp(-2.368436236246244))((X_0 + (X_2 + log(X_4))^(sqrt(X_9)))(sqrt((7604.497981307985 + X_0)(X_7 + X_8))) - (X_1)) - (X_1 + sqrt(sqrt(log(X_4)))))),35,0.38325946065119143,0.430778904206689,0.38325946065119143,0.430778904206689,0.40059509463602194,0.37878898891261525
844,sqrt((-5.796787506999596)((((X_4)^((-1)(-0.20418296155196428)))((X_7)^((-1)(-0.20418296155196428))))(((X_9 + (sqrt(X_3))^(sin(X_4)))^((-1)(-0.20418296155196428)))(((X_2)(X_8 + exp(sqrt((0.7006062806295255)(X_9)))) - (X_9 + (sqrt(X_3))^(sin(X_4))))^((-1)(-0.20418296155196428)))))),30,0.38015100530583656,0.4240444182061038,0.38015100530583656,0.4240444182061038,0.40545661424194324,0.3885005528186559
845,(0.18485250672863318)(18.5479473997205 + X_7 + X_8 + X_9 + (-9.95607053788455 + X_2)((sqrt((X_2)(X_4)))^(-1))),19,0.37869818718528475,0.4402513370052572,0.37869818718528475,0.4402513370052572,0.4077287729163328,0.3651291288340621
846,4.906464823731081 + (-0.17701378756454716)(((X_2)^(-1))(X_2 - (-8.227382614844682 + X_7)) - (-8.227382614844682 + X_4 + X_8 + X_9)),19,0.3866994623382396,0.42892452531805564,0.3866994623382396,0.42892452531805564,0.3952150477033942,0.3814631230754023
847,sqrt((6.421623575112131)((((X_2)^((-1)(-0.1784761812119108)))((X_7)^((-1)(-0.1784761812119108))))(((X_8)^((-1)(-0.1784761812119108)))(((X_2 + log((X_4)(log(X_0 + X_1 + X_4))))^((-1)(-0.1784761812119108)))((sqrt((X_9)(X_9 - (X_4 + (X_9)(X_2 + log((X_4)(log(X_0 + X_1 + X_4))))))))^((-1)(-0.1784761812119108))))))),33,0.3837704853786587,0.43212730005838473,0.3837704853786587,0.43212730005838473,0.39979586915079657,0.3768445149790077
848,log(6.0711507268212905 + (X_0)(((X_9)^(-1))(sqrt(X_6 + X_8))) + (3.4054888745008207)((X_2 + log(X_4))((sqrt(X_6 + X_8))(sqrt((X_7)(X_9)))))),25,0.37952851062998716,0.41790811169939523,0.37952851062998716,0.41790811169939523,0.4064301749770993,0.39734950324809826
849,sqrt((-5.344416848691737)(((X_7)^((-1)(-0.17622642612278772)))(((X_8)^((-1)(-0.17622642612278772)))((X_6 + (X_2)((X_6 + (X_2)(X_9))((X_1)(X_4) + sqrt((((X_0)^(-1))(X_2) - (X_4))(X_9)))))^((-1)(-0.17622642612278772)))))),31,0.3804362931950505,0.4200089273924715,0.3804362931950505,0.4200089273924715,0.4050104335789918,0.3943199912918257
850,sqrt(X_7 + (-0.23376993664503878)((sqrt(X_2 + X_8))(24.960193573201533 + X_6 + (X_2 + X_4)(sqrt((X_9)(sqrt(X_7))))))),21,0.43680099079152257,0.4778228004576563,0.43680099079152257,0.4778228004576563,0.3168579423886154,0.3109486511658728
851,log((4.64249817083266)((((X_2)^((-2)(-0.217066938945128)))((X_7)^((-1)(-0.217066938945128))))(((X_8)^((-1)(-0.217066938945128)))((1 + (X_3 + (2)(X_9))((X_1)(X_4) + sqrt((((X_2)(sin(exp(sqrt(X_6)))))^(X_9))((exp(sqrt(X_6)))(sqrt(X_6))))))^((-2)(-0.217066938945128)))))),39,0.3689149759740377,0.40793415493668184,0.3689149759740377,0.40793415493668184,0.42302938618826524,0.41173259328477807
852,sqrt(19.722980744253753 + (-19.61766183571136)((((X_2)^((-2)(0.3490132866373176)))((X_7)^((-1)(0.3490132866373176))))(((X_8)^((-1)(0.3490132866373176)))(((sqrt(X_6))^((-2)(0.3490132866373176)))((sqrt((X_6)((X_9)(sin(sqrt(X_7))))))^((-2)(0.3490132866373176))))))),30,0.5063665205923479,0.5407982794632671,0.5063665205923479,0.5407982794632671,0.20805979364621952,0.22013394179928447
853,sqrt((-5.782571750119379)(((X_7 + X_8)^((-1)(-0.14626789500615786)))(((2)(((X_0)(X_1))(((X_2)(X_2))((X_4)(X_9)))) - (X_0))^((-1)(-0.14626789500615786))))),25,0.3862174917250442,0.424939060598039,0.3862174917250442,0.424939060598039,0.39596883353114576,0.38721042068955547
854,log((-4.220901612456402)((((X_2)^((-2)(-0.2451894665004856)))((X_7)^((-1)(-0.2451894665004856))))(((X_8)^((-1)(-0.2451894665004856)))(((X_6 + (1.4506611388886894)(X_9))^((-2)(-0.2451894665004856)))((X_3 + ((X_1)^(0.833822194211599))(X_4 - (sin(X_8))) + sqrt(X_4 + (1.4506611388886894)(X_9) - (((X_0)^(-1))((X_6)((log(1.4506611388886894 + X_6))^(-1))))))^((-2)(-0.2451894665004856))))))),45,0.38046128008630675,0.4164352076880048,0.38046128008630675,0.4164352076880048,0.4049713549215117,0.3994735259920521
855,log(4.982876681517627 + (4.982876681517627)((X_2 + log(X_4))((sqrt(X_7 + (X_8)^(1.1690095817555592)))(sqrt(X_9))))),18,0.3814606813888357,0.43563719451657923,0.3814606813888357,0.43563719451657923,0.40340832489964307,0.37178302040744704
856,(0.18035209031547728)(17.603552358453047 + X_7 + X_8 + X_9 + (-8.26579929894021 + X_2)((sqrt((X_2)((X_4)^(X_2))))^(-1))),20,0.37621658921429196,0.43399299247562734,0.37621658921429196,0.43399299247562734,0.41160990867336533,0.37415406597703604
857,log((-4.582462397749327)(X_5 + log(X_8) + (X_2 + log(X_4))((sqrt(X_7 + X_8))(sqrt(X_9))))),19,0.3841997578569584,0.43345579904165044,0.3841997578569584,0.43345579904165044,0.39912450143349765,0.3749287336151481
858,log((-8.759996655243876)((((X_2)^((-2)(-0.17304659807024558)))((X_7)^((-1)(-0.17304659807024558))))(((X_8)^((-1)(-0.17304659807024558)))(((X_6 + (X_2)(X_9))^((-2)(-0.17304659807024558)))(((X_1)(X_4 - ((sin(sin(((X_0)^(-1))(X_8))))^(log(X_3)))) + sqrt(X_4 + (X_2)(X_9) - (log(X_2 + X_6))))^((-2)(-0.17304659807024558))))))),42,0.37985929960918846,0.42168247293922073,0.37985929960918846,0.42168247293922073,0.4059128321398562,0.39190663049108876
859,log(((-1)(7.131853230845093))((X_2 + log(X_4))((log(X_7 + X_8))(sqrt(X_9)))) - (7.131853230845093)),18,0.38062311501190427,0.42542008590944275,0.38062311501190427,0.42542008590944275,0.40471825054126354,0.3865167511130333
860,sqrt((6.206882298791122)((((X_2)^((-1)(-0.11020646778391116)))(((X_7)^((-1)(-0.11020646778391116)))((X_4 + (X_8)(X_8))^((-1)(-0.11020646778391116)))))(((X_2 + log(X_4))^((-1)(-0.11020646778391116)))(((sqrt(((X_1)(X_3))((X_9)(X_9 - (sin(X_2) + (X_9)(X_2 + log(X_4)))))))^((-1)(-0.11020646778391116)))((sqrt((X_2)((X_2 + log(X_4))(sqrt(((X_1)(X_3))((X_9)(X_9 - (sin(X_2) + (X_9)(X_2 + log(X_4))))))))))^((-1)(-0.11020646778391116))))))),39,0.37543555860704003,0.4248582270320424,0.37543555860704003,0.4248582270320424,0.41283141427281167,0.3873269879141159
861,sqrt((5.35929109521644)((((X_4)^((-1)(-0.20746019824195946)))((X_7)^((-1)(-0.20746019824195946))))(((X_9 + sqrt(X_0))^((-1)(-0.20746019824195946)))(((X_2)(X_8 + exp(sqrt(X_9))) - (X_9 + sqrt(X_0)))^((-1)(-0.20746019824195946)))))),26,0.38388384689759647,0.42350365124509365,0.38388384689759647,0.42350365124509365,0.3996185755481406,0.3892803737136238
862,(0.18047051715032864)(15.692968685444304 + X_7 + X_8 + X_9 + (-7.646508577481323 + X_2)((sqrt((X_2)((X_4)^(X_2))))^(-1)) + sqrt((X_5)(X_6))),25,0.37175526498902284,0.41848133029291706,0.37175526498902284,0.41848133029291706,0.4185872697031541,0.39652288500245425
863,(0.1899445690285887)(17.53125443067026 + X_7 + X_8 + X_9 + (-10.017796677532107 + X_2)((sqrt((X_2)((X_4)(sqrt(X_6)))))^(-1))),22,0.37679027832467327,0.42942261818913485,0.37679027832467327,0.42942261818913485,0.41071267820100554,0.3807448409751486
864,log((2.6417053025369603)((((X_2)^((-2)(-0.2559131663229844)))((X_7)^((-1)(-0.2559131663229844))))(((X_8)^((-1)(-0.2559131663229844)))(((X_3 + X_6 + (2)(X_9))^((-2)(-0.2559131663229844)))(((1.0787478639876702)^((2)(X_7)) + (X_1)(X_4) + sqrt((X_9)(((X_6)(sin(exp(sqrt(X_6)))))^(X_9) - (X_4))))^((-2)(-0.2559131663229844))))))),43,0.3703048077954149,0.40242384182849855,0.3703048077954149,0.40242384182849855,0.42085573596721404,0.4196788207901533
865,log(5.374142944328668 + (5.374142944328668)((X_2 + log(X_4))((sqrt(X_7 + X_8))(sqrt(X_9)))) - (X_9)),17,0.3801676756354735,0.43593287344577525,0.3801676756354735,0.43593287344577525,0.40543054240710474,0.3713566322886942
866,log((-9.279649770236714)((((X_2)^((-2)(-0.2351382209082225)))((X_7)^(((-1)(-0.2351382209082225))(X_5))))(((X_8)^((-1)(-0.2351382209082225)))((X_2 + (X_4)(X_9))^((-2)(-0.2351382209082225)))))),24,0.3830015488669989,0.4309110014503009,0.3830015488669989,0.4309110014503009,0.40099845999152695,0.3785984961529545
867,log((2.6381640782967506)(((X_7)^((-1)(-0.22861148222584765)))(((X_8)^((-1)(-0.22861148222584765)))(((-2)(X_4) + X_7 + (2)((X_2)((X_0 + X_3 + X_9 + sqrt(X_6))((X_1)(X_4) + sqrt((-3.4587520832710577)((X_9)(((X_2)(sin(exp(sqrt(X_6)))))^(X_9) + log(X_7) - (X_4))))))))^((-2)(-0.22861148222584765)))))),46,0.3668183107555035,0.4166952404591538,0.3668183107555035,0.4166952404591538,0.42630850006782917,0.3990985419361852
868,sqrt((7.032248113601917)((((X_2)^((-2)(-0.1509495683348739)))(((X_4)^((-1)(-0.1509495683348739)))((X_6)^((-1)(-0.1509495683348739)))))(((X_7)^((-1)(-0.1509495683348739)))(((X_8)^((-1)(-0.1509495683348739)))((X_9)^((-1)(-0.1509495683348739))))))),25,0.3849944880523292,0.4145290151484038,0.3849944880523292,0.4145290151484038,0.3978815701390249,0.4022223787870455
869,sqrt((5.128375153563116)((((X_7)^((-1)(-0.18076153063116332)))((X_8)^((-1)(-0.18076153063116332))))(((X_9)^((-1)(-0.18076153063116332)))(((X_2)(X_2) + (X_2)((X_6 + sqrt(X_2))((X_1)(X_4) + sqrt(X_4))) - (X_0))^((-1)(-0.18076153063116332)))))),31,0.38204528771613566,0.40879151444357875,0.38204528771613566,0.40879151444357875,0.4024940202672277,0.4104962254846286
870,log((2.3700117420053854)(((X_7)^((-1)(-0.2337936644094765)))(((X_8)^((-1)(-0.2337936644094765)))((X_7 + (2)((X_2)((X_0 + X_7 + X_9 + sqrt(X_6))((X_1)(X_4) + sqrt((-4.07314318993859)((X_9)(((X_2)(sin(exp(sqrt(X_6)))))^(X_9) - (X_4))))))))^((-2)(-0.2337936644094765)))))),41,0.37074095543458196,0.41914241268863034,0.37074095543458196,0.41914241268863034,0.4201736157295676,0.39556956147745614
871,log((-5.08311785824666)((((X_2)^((-2)(-0.3390950551872265)))((X_4)^((-1)(-0.3390950551872265))))(((X_7)^((-1)(-0.3390950551872265)))((X_8 + exp(sqrt(X_9)))^((-2)(-0.3390950551872265)))))),23,0.3839629038219195,0.4315856387717138,0.3839629038219195,0.4315856387717138,0.39949493317761264,0.37762562554935797
872,(0.18485250672863485)(18.54794739972026 + X_7 + X_8 + X_9 + (-9.95607053788442 + X_2)((sqrt((X_2)(X_4)))^(-1))),19,0.3786981871852846,0.44025133700525687,0.3786981871852846,0.44025133700525687,0.4077287729163329,0.36512912883406257
873,sqrt((-5.64740774464219)(((X_4)^((-1)(-0.21030117479764174)))(((X_7)^((-1)(-0.21030117479764174)))((-1.0013302690511159 + (X_2)(X_8 + exp(X_9)))^((-1)(-0.21030117479764174)))))),21,0.4066974436609301,0.4355563528853751,0.4066974436609301,0.4355563528853751,0.3639388775552884,0.3718995992625579
874,log((4.319244684880481)((((X_2)^((-2)(-0.2104370161493696)))((X_7)^((-1)(-0.2104370161493696))))(((X_8)^((-1)(-0.2104370161493696)))((((2)(X_0) + X_3 + X_9)^((-2)(-0.2104370161493696)))(((X_1)(X_4) + sqrt((X_9)((((X_2)(sin(exp(sqrt(X_6)))))^(X_9))(exp(sqrt(X_6))))))^((-2)(-0.2104370161493696))))))),40,0.3666778092023808,0.4082294087573402,0.3666778092023808,0.4082294087573402,0.4265282397710837,0.41130681820000137
875,log(-1 + X_9 + (7.140488440451552)((((X_4)^((-1)(-0.3781176651373054)))((X_7)^((-1)(-0.3781176651373054))))(((sqrt((X_2)(X_8 + exp(sqrt(X_9)))))^((-1)(-0.3781176651373054)))(((X_2)(X_8 + exp(sqrt(X_9))) - (sqrt((X_2)(X_8 + exp(sqrt(X_9))))))^((-1)(-0.3781176651373054)))))),26,0.38594877006983014,0.434301041533197,0.38594877006983014,0.434301041533197,0.39638910516133385,0.37370983933397484
876,0.48398342809249606 + log(((0.9116771398374668)^(X_9))^(X_0) + X_2 + X_8 + ((exp((0.9116771398374668)^(X_9)))(X_2 + log(X_4)))((sqrt(X_7))((sqrt(X_6 + X_8))(sqrt(X_9)))) - ((0.9116771398374668)^(X_9))),28,0.3853368539419618,0.4330755245765707,0.3853368539419618,0.4330755245765707,0.3973461214032613,0.37547711396208716
877,sqrt(-4.946948381817285 + X_4 + (X_2)(X_9) + log((2)(X_2)) - ((sin(X_4))(sin(X_4)) + (X_4)(sin((X_2)(sin(X_4)))))),19,4.765983105066529,4.901897278132056,4.765983105066529,4.901897278132056,-6.453837270461232,-6.06885257067709
878,log((1.8650877412327955)((((X_2)^((-2)(-0.25487712787429356)))((X_7)^((-1)(-0.25487712787429356))))(((X_8)^((-1)(-0.25487712787429356)))(((4.216479177297612 + X_3 + (2)(X_9))^((-2)(-0.25487712787429356)))(((X_1 + X_3)(X_4) + sqrt((X_9)(((4.216479177297612)(sin(exp(sqrt(X_6)))))^(X_9) - (X_4))))^((-2)(-0.25487712787429356))))))),41,0.3737010074247132,0.4133859688118101,0.3737010074247132,0.4133859688118101,0.4155441939796063,0.4038707254529129
879,sqrt((-4.5014694354380085)(((((2)^(-1))^((-0.06682470409347609)(X_6)))(((X_2)^((-1)(-0.1829359809566336)))((X_7)^((-1)(-0.1829359809566336)))))(((X_8)^((-1)(-0.1829359809566336)))(((X_2 + X_4 + log(X_4) + sqrt(X_3))^((-1)(-0.1829359809566336)))((sqrt((X_1)((X_9)(X_9 - (X_4 + (X_9)(X_2 + X_4 + log(X_4) + sqrt(X_3)))))))^((-1)(-0.1829359809566336))))))),40,0.379527938291133,0.4114062408279806,0.379527938291133,0.4114062408279806,0.40643107009581636,0.4067256211093693
880,sqrt((-6.026648550736235)((((X_2)^((-2)(-0.13403281629570238)))((X_7)^((-1)(-0.13403281629570238))))(((X_8)^((-1)(-0.13403281629570238)))((X_2 + (X_4)(X_9))^((-2)(-0.13403281629570238)))))),22,0.3847971328867281,0.4320220992023909,0.3847971328867281,0.4320220992023909,0.39819022697990036,0.3769962214100354
881,sqrt((-6.58059515416334)(((((2)^(-1))^(((-1)(-0.15730498956619932))(sin(exp(X_9)))))(((X_2)^((-1)(-0.15730498956619932)))((X_7)^((-1)(-0.15730498956619932)))))(((X_8)^((-1)(-0.15730498956619932)))(((X_6 + (X_2)(X_9) - (X_2))^((-1)(-0.15730498956619932)))(((X_4)(X_4 + log(X_1) + log(X_2)) + sqrt((X_2 + X_9 - (X_4))(log(X_1))))^((-1)(-0.15730498956619932))))))),42,0.3791551991806824,0.4182101854302455,0.3791551991806824,0.4182101854302455,0.407014021527323,0.3969138934122127
882,log((-3.1789501506741886)((((X_7)^((-1)(-0.2520505018729891)))((X_8)^((-1)(-0.2520505018729891))))(((X_0 + X_2 + X_6 + (2)(X_9))^((-2)(-0.2520505018729891)))(((exp(log(X_2)))^((-2)(-0.2520505018729891)))((X_4 + sqrt((X_1)((X_3)(((-1)(log(sqrt(X_6))))^(X_9) - (X_4)))))^((-2)(-0.2520505018729891))))))),42,0.3765057474098975,0.4237688372026381,0.3765057474098975,0.4237688372026381,0.41115767498139677,0.38889795843004404
883,log((-5.360887834325138)((((X_2)^((-2)(-0.20779677823045423)))((X_7)^((-1)(-0.20779677823045423))))(((X_8)^((-1)(-0.20779677823045423)))(((X_3 + X_6 + X_9)^((-2)(-0.20779677823045423)))(((X_1)(X_4) + sqrt((X_4)((X_9)(((X_2)(sin(exp(sqrt(X_6)))))^(X_9)))))^((-2)(-0.20779677823045423))))))),37,0.36845007862793244,0.40871702483072336,0.36845007862793244,0.40871702483072336,0.4237564700005546,0.4106036443188972
884,log((-5.08311785824666)((((X_2)^((-2)(-0.3390950551872265)))((X_4)^((-1)(-0.3390950551872265))))(((X_7)^((-1)(-0.3390950551872265)))((X_8 + exp(sqrt(X_9)))^((-2)(-0.3390950551872265)))))),23,0.3839629038219195,0.4315856387717138,0.3839629038219195,0.4315856387717138,0.39949493317761264,0.37762562554935797
885,(0.17454157513448432)(17.994417972862347 + X_7 + X_8 + X_9 + sqrt(X_2) + (-9.361879464175129 + X_2)((sqrt((X_2)(X_4)))^(-1))),21,0.3769860680746096,0.43686465942711006,0.3769860680746096,0.43686465942711006,0.4104064696175763,0.3700129367039533
886,log((4.560951192638275)(-1 + X_2 + X_4 + X_7 + X_8 + X_9 + (X_2)(X_9) - (((X_6)^(-1))(X_9) + sqrt(X_9) + ((X_8)^(-1))(sqrt((X_2)(X_9)))))),26,0.382146530617661,0.41801177521918503,0.382146530617661,0.41801177521918503,0.40233567977458995,0.3972000137551992
887,sqrt((-2.3654388592694688e-09)((((X_2)^((-1)(-3.408802806180746)))((X_6 + (X_2)(X_9))^((-1)(-3.408802806180746))))((((X_1)(X_4) + sqrt(X_3))^((-1)(-3.408802806180746)))((exp(sqrt(X_3)) + (sqrt(X_3))^(sqrt(X_3)))^((-1)(-3.408802806180746)))))),27,523.8156779802722,502.1122082933416,523.8156779802722,502.1122082933416,-818.2301015986858,-723.0782441926804
888,sqrt((-6.12563927394431)((((X_2)^((-2)(-0.15759234438010902)))((X_7)^((-1)(-0.15759234438010902))))(((X_8)^((-1)(-0.15759234438010902)))(((sqrt(X_4))^((-2)(-0.15759234438010902)))((sqrt((X_9)(X_6 + sqrt((X_1)((X_3)((sqrt(X_3))^(-1)))))))^((-2)(-0.15759234438010902))))))),34,0.3799853062107509,0.41328456974008393,0.3799853062107509,0.41328456974008393,0.40571576205329796,0.4040169494654057
889,log((-8.028117957230995)((((X_2)^((-2)(-0.13181720073392594)))((X_7)^((-1)(-0.13181720073392594))))(((X_8)^((-1)(-0.13181720073392594)))((((2)(X_4) + sqrt((X_2)(X_2 + log(X_4))))^((-2)(-0.13181720073392594)))(((2)((X_1)(X_4)) + sqrt((X_9)(((1.429516207648928)((X_2)(X_2 + log(X_4))))^(X_9) - (X_4))))^((-2)(-0.13181720073392594))))))),39,0.37953391769866546,0.4201173855474673,0.37953391769866546,0.4201173855474673,0.4064217185035556,0.39416358762519377
890,log((-7.3416783756934185)((((X_2)^((-2)(-0.2284501757761923)))((X_7)^((-1)(-0.2284501757761923))))(((X_8)^((-1)(-0.2284501757761923)))(((X_9)^((-2)(-0.2284501757761923)))((X_3 + (X_1)(X_4 - (sin(X_8))) + sqrt(1 + X_2 + X_4 - (((log(sqrt(1) + X_0))^(-1))(sqrt(X_9)))))^((-2)(-0.2284501757761923))))))),41,0.3838019208413761,0.42391108140839895,0.3838019208413761,0.42391108140839895,0.39974670514445176,0.38869283309540226
891,(1.050652931287967)^(X_3) + log(X_0 + (X_4)(X_8) + (X_2)(X_7 + X_9)),16,0.3851539914569418,0.435654358015053,0.3851539914569418,0.435654358015053,0.3976321121791755,0.3717582695337702
892,sqrt((-5.341227379597845)((((X_4)^((-1)(-0.20804898372875438)))((X_7)^((-1)(-0.20804898372875438))))(((X_9 + sqrt(X_6))^((-1)(-0.20804898372875438)))(((X_2)(X_8 + exp(sqrt(X_9))) - (X_9 + sqrt(X_6)))^((-1)(-0.20804898372875438)))))),26,0.3830010261576575,0.4217792015602459,0.3830010261576575,0.4217792015602459,0.40099927749135533,0.3917671415702494
893,sqrt((6.701532137009805)((((X_2)^((-1)(-0.16113828947041778)))((X_7)^((-1)(-0.16113828947041778))))(((X_8)^((-1)(-0.16113828947041778)))(((X_9)^((-1)(-0.16113828947041778)))(((X_1)(X_4) + sqrt((X_6)(((X_9)^(-1))(X_8 - (X_4 + (exp(X_9))^(log(1.195356955612091 - ((X_4)(X_8)))))))))^((-1)(-0.16113828947041778))))))),36,0.39577425470375366,0.42938230342992306,0.39577425470375366,0.42938230342992306,0.38102237767821967,0.38080297746253733
894,sqrt((-5.3917121022644645)((((X_4)^((-1)(-0.20391206061103223)))((X_7)^((-1)(-0.20391206061103223))))(((X_9 + sqrt((X_2)((X_4)^(-1)) + X_6))^((-1)(-0.20391206061103223)))(((X_2)(X_8 + exp(sqrt(X_9))) - (X_9 + sqrt((X_2)((X_4)^(-1)) + X_6)))^((-1)(-0.20391206061103223)))))),29,0.38253765405062046,0.4245118350732472,0.38253765405062046,0.4245118350732472,0.4017239758810439,0.38782650749795433
895,sqrt(-5.431744825578671 + X_4 + X_6 + X_7 + X_8 + X_9 + sqrt((-43.1972511477648)(X_2))),17,0.3873297982651065,0.4197390264050936,0.3873297982651065,0.4197390264050936,0.3942292235153906,0.39470920595304804
896,(0.1828156376237664)(X_7 + X_8 + X_9 + (-10.059332545454485 + X_2)((sqrt((X_2)(X_4)))^(-1)) + sqrt(352.5785639199985 + X_8)),21,0.37881863936996785,0.4405539084532688,0.37881863936996785,0.4405539084532688,0.40754038975094864,0.36469280125787396
897,(0.18035209031547728)(17.603552358453047 + X_7 + X_8 + X_9 + (-8.26579929894021 + X_2)((sqrt((X_2)((X_4)^(X_2))))^(-1))),20,0.37621658921429196,0.43399299247562734,0.37621658921429196,0.43399299247562734,0.41160990867336533,0.37415406597703604
898,log((4.845163017205487)((((X_5)^((-1)(-0.20995047513441295)))((X_7)^((-1)(-0.20995047513441295))))(((X_8)^((-1)(-0.20995047513441295)))((X_7 + (X_2)((X_0 + X_3 + X_9)((X_1)(X_4) + sqrt((X_9)(X_5 + (X_4)((((X_2)(sin(exp(sqrt(X_6)))))^(X_9) - (X_2))((log(X_6))^(log(X_6)))))))))^((-2)(-0.20995047513441295)))))),45,0.3664379540637562,0.4073382054339123,0.3664379540637562,0.4073382054339123,0.4269033651402633,0.4125919909701272
899,log((-4.087888813296024)(((X_7)^((-1)(-0.4130819860326555)))(((X_8)^((-1)(-0.4130819860326555)))((sqrt((X_2)((X_3 + X_6 + (2)(X_9))(0.10275204323259045 + (X_1)(X_4) + sqrt((sin(X_6))(((X_6)(sin(exp(sqrt(X_6)))))^(X_9) - (X_4)))))))^((-2)(-0.4130819860326555)))))),41,0.38402407317086706,0.42651573263905956,0.38402407317086706,0.42651573263905956,0.3993992663733157,0.3849367577427607
900,sqrt(-5.4317468081614875 + X_4 + X_6 + X_7 + X_8 + X_9 + sqrt((43.197272530712105)(X_2))),17,0.3873297982650966,0.4197390270844931,0.3873297982650966,0.4197390270844931,0.394229223515406,0.39470920497330997
901,1.2499035176720747 + log((X_4)(X_8) + (X_2)(X_7 + X_9)),12,0.3877829435421853,0.44196193202720246,0.3877829435421853,0.44196193202720246,0.3935205195437729,0.3626623402964465
902,log(-0.38897720894952437 + log(X_0) + (-0.38897720894952437)((X_2 + log(X_4))((log(X_7 + X_8))(sqrt(X_9)))) - ((X_2)((exp((-0.38897720894952437)((X_2 + log(X_4))((log(X_7 + X_8))(sqrt(X_9))))))^(-1)))),24,2.1580035023991395,2.360700027286503,2.1580035023991395,2.360700027286503,-2.37504489238932,-2.404281956483731
903,log((8.372020419335158)((((X_2)^((-2)(-0.15674277797536298)))(((X_7)^((-1)(-0.15674277797536298)))((X_8)^((-1)(-0.15674277797536298)))))(((X_2 + log(X_4))^((-2)(-0.15674277797536298)))((((X_1)(X_4) + sqrt(((3.5050567127219696)^(sqrt((X_2 + log(X_4))(sqrt((X_7)(X_9))))) - (X_4))(X_9)))^((-2)(-0.15674277797536298)))((sqrt((X_7)(X_9)))^((-2)(-0.15674277797536298))))))),38,0.3823649701672314,0.43089769157614893,0.3823649701672314,0.43089769157614893,0.4019940476663687,0.3786176898513892
904,sqrt(-5.431746791412403 + X_4 + X_6 + X_7 + X_8 + X_9 + sqrt((43.197272246519745)(X_2))),17,0.3873297982650966,0.41973902713196903,0.3873297982650966,0.41973902713196903,0.394229223515406,0.3947092049048466
905,-1 + log((33.64890048053877)((((X_2)^((-2)(-0.32720918892572853)))((X_7)^((-1)(-0.32720918892572853))))(((X_8)^(0.2557058886092037))(((sqrt(X_4))^((-2)(-0.32720918892572853)))((sqrt(X_9))^((-2)(-0.32720918892572853))))))),26,0.3840427716351297,0.43108978683296156,0.3840427716351297,0.43108978683296156,0.3993700226041397,0.37834067608041677
906,log((6.202700302238286)((((X_2)^((-1)(-0.27255586459805986)))(((X_7)^((-1)(-0.27255586459805986)))((X_8)^((-1)(-0.27255586459805986)))))(((X_6 + (X_2)(X_9))^((-1)(-0.27255586459805986)))(((X_6 + X_9 + (X_2)(X_9))^((-1)(-0.27255586459805986)))((X_4 + sqrt((X_9)(sqrt((2)(X_2)) - ((X_0)(X_4)))))^((-1)(-0.27255586459805986))))))),36,0.38048400229720786,0.42046702097040833,0.38048400229720786,0.42046702097040833,0.40493581814793356,0.39365939075650747
907,log(7.1318532308381455 + (7.1318532308381455)((X_2 + log(X_4))((log(X_7 + X_8))(sqrt(X_9))))),16,0.38062311501190427,0.4254200859094912,0.38062311501190427,0.4254200859094912,0.40471825054126354,0.38651675111296335
908,(0.17705758555050657)(18.945678034997538 + X_7 + X_8 + X_9 + (-10.626250441406265 + X_2 + (X_6)^(log(X_2)))((sqrt((X_2)(X_4)))^(-1))),23,0.3743986915671544,0.43164884079130883,0.3743986915671544,0.43164884079130883,0.41445303944773026,0.3775344841538254
909,(1.640761340214971)((((sin(-3.141583127464095) + X_2)^(0.07508703708098885))(((X_4)^((-1)(-0.07564467274643602)))((X_6)^((-1)(-0.07564467274643602)))))(((X_7)^(0.07508703708098885))(((X_8)^(0.07508703708098885))(((sin(-3.141583127464095) + X_2)((X_7)(X_8)) + (sqrt((-3.141583127464095)((sin(-3.141583127464095))^(-1))))((X_2)(X_9)))^((-1)(-0.07564467274643602)))))),34,0.38503211948743654,0.4145204896151871,0.38503211948743654,0.4145204896151871,0.3978227158402663,0.4022346731567509
910,sqrt((-5.526098032412918)((((X_2)^((-1)(-0.1717527374021464)))((X_7)^((-1)(-0.1717527374021464))))(((X_8)^((-1)(-0.1717527374021464)))(((X_6 + (X_2)(X_9))^((-1)(-0.1717527374021464)))(((X_1)(X_4) + sqrt((((X_0)^(-1))(X_2) - (X_4))(X_9)))^((-1)(-0.1717527374021464))))))),32,0.378872989181235,0.4200411353119532,0.378872989181235,0.4200411353119532,0.4074553884742058,0.3942735453910844
911,log((-4.618684240995739)((((X_2)^((-2)(-0.21897770053504226)))((X_7)^((-1)(-0.21897770053504226))))(((X_8)^((-1)(-0.21897770053504226)))(((X_3 + X_6 + X_9)^((-2)(-0.21897770053504226)))(((X_1)(X_4) + sqrt((X_4)((X_9)(((X_2)(sin(exp(sqrt(X_6)))))^(X_9) - (X_4)))))^((-2)(-0.21897770053504226))))))),38,0.37088585776433247,0.41741070482564346,0.37088585776433247,0.41741070482564346,0.4199469933596891,0.3980667960958857
912,log(X_1 + (X_1)(exp(-0.1670163258486256) + X_4) + (X_7)^(log(X_6)) + (exp(-0.1670163258486256))(X_2 + (X_2 + X_8)(X_9 + (X_2 + X_4 + log(X_4))(sqrt(X_9)))) - (-0.1670163258486256)),28,0.39818280921140786,0.44834154697900763,0.39818280921140786,0.44834154697900763,0.3772554794410008,0.3534625233698089
913,(-0.2060932490566879)(-27.820442876904487 + (38.29264646919791)((log((X_2)(1 + X_3 + X_6 + (2)((X_4)(X_7))) + (2)(X_8) - (sqrt(0))))^(-1)) - (X_9)),30,0.38070051069459115,0.41952906002582996,0.38070051069459115,0.41952906002582996,0.40459720629677787,0.39501199103718976
914,sqrt(-5.431744825578671 + X_4 + X_6 + X_7 + X_8 + X_9 + sqrt((-43.1972511477648)(X_2))),17,0.3873297982651065,0.4197390264050936,0.3873297982651065,0.4197390264050936,0.3942292235153906,0.39470920595304804
915,sqrt((-4.511834844437229e-09)((((X_2)^((-1)(-4.725270372784029)))((X_7)^((-1)(-4.725270372784029))))(((X_8)^((-1)(-4.725270372784029)))(((X_6 + X_9 + (X_2)(X_9))^((-1)(-4.725270372784029)))(((X_1)(X_4) + sqrt((X_8 - ((X_3)^(X_0) + X_4))(X_9)))^((-1)(-4.725270372784029))))))),34,1290327749.0509038,2092315802.8590758,1290327749.0509038,2092315802.8590758,-2018029197.7945933,-3017254564.4291515
916,(0.18485250672863457)(18.547947399720325 + X_7 + X_8 + X_9 + (-9.95607053788447 + X_2)((sqrt((X_2)(X_4)))^(-1))),19,0.3786981871852847,0.4402513370052569,0.3786981871852847,0.4402513370052569,0.4077287729163328,0.36512912883406246
917,(0.12906774837290447)(30.827569377473335 + X_7 + (X_9)^(sqrt(X_8)) + (-14.534035839861108 + X_2)((sqrt((X_2)(X_4)))^(-1))),20,0.3763805140267408,0.4332844024963352,0.3763805140267408,0.4332844024963352,0.41135353578037603,0.37517589850686495
918,1.6950575001475103 + (-0.0013329373024361726)((-260.8205914961348 + ((log(((X_2)(X_4))((X_7)((X_8)((sin((-4.989102197953149)(X_1)))^(-1))))))(log(((X_2)(X_4))((X_7)((X_8)((sin((-4.989102197953149)(X_1)))^(-1)))))))^(X_8 - (((log(((X_2)(X_4))((X_7)((X_8)((sin((-4.989102197953149)(X_1)))^(-1))))))(log(((X_2)(X_4))((X_7)((X_8)((sin((-4.989102197953149)(X_1)))^(-1)))))))((sqrt(X_9))^(-1)))) - (X_0 + ((X_9)^(-1))(sqrt(X_4))))(log(((X_2)(X_4))((X_7)((X_8)((sin((-4.989102197953149)(X_1)))^(-1))))) + sqrt(X_2) + sqrt(X_9))),38,0.3805461887954785,0.4263956627743385,0.3805461887954785,0.4263956627743385,0.4048385605563075,0.3851099062450112
919,(-0.000823331725780167)(-4070.921213624211 + X_5 + (-231.97815246356765)(((X_2 + X_4)(X_9))(((log((X_2)(X_2 + X_4)))^(-1))(log((-0.8574815518247558)(log((X_2)(X_2 + X_4)))))))),22,0.4076650134846682,0.46333980783330553,0.4076650134846682,0.46333980783330553,0.36242563089558344,0.33183406222914835
920,log((-6.9627713283371495)((((X_2)^((-2)(-0.18340185664628925)))((X_7)^((-1)(-0.18340185664628925))))(((X_8)^((-1)(-0.18340185664628925)))(((X_6 + (X_2)(X_9))^((-2)(-0.18340185664628925)))((X_3 + (X_1)(X_4 - (sin(X_8))) + sqrt(X_4 + (X_2)(X_9) + (-3.9958616115243704)(((X_0)^(-1))(((sin(X_2))^(-1))((log(X_2 + X_6))^(-1))))))^((-2)(-0.18340185664628925))))))),46,0.3798282118240345,0.4222840179303683,0.3798282118240345,0.4222840179303683,0.4059614523901861,0.39103916374999215
921,sqrt((-5.236840463333559)((((X_4)^((-1)(-0.21846865530829146)))((X_7)^((-1)(-0.21846865530829146))))(((X_9 + sqrt((X_2)^(-1)))^((-1)(-0.21846865530829146)))(((X_2)(X_8 + exp(sqrt(X_9))) - (X_9 + sqrt((X_2)^(-1))))^((-1)(-0.21846865530829146)))))),26,0.3882838565452552,0.4232895097216841,0.3882838565452552,0.4232895097216841,0.3927371084553928,0.38958917962536643
922,log((4.872575938854427)((((X_2)^((-2)(-0.3360811166919616)))((X_4)^((-1)(-0.3360811166919616))))(((X_7)^((-1)(-0.3360811166919616)))((X_8 + exp(sqrt(X_9)) + log(X_0))^((-2)(-0.3360811166919616)))))),26,0.38277030254219463,0.43090914171865097,0.38277030254219463,0.43090914171865097,0.4013601214654525,0.3786011780061449
923,sqrt((7.229019897172483)((((X_2)^((-2)(-0.16614407867978134)))((X_7)^((-1)(-0.16614407867978134))))(((X_8)^((-1)(-0.16614407867978134)))((sqrt((X_4)(X_9)))^((-2)(-0.16614407867978134)))))),22,0.38710703594334195,0.4292762600538371,0.38710703594334195,0.4292762600538371,0.3945776162939252,0.3809558988619701
924,(0.0929942196535856)(28.386309239672457 + (2)(X_2) + X_3 + X_7 + X_9 + ((X_0)((X_2)^((-1)(X_4))))((-3.76578755216306 + (X_2)^(X_4) + X_4)(X_9))),26,0.3734611133484114,0.44164813713312323,0.3734611133484114,0.44164813713312323,0.4159193802460033,0.3631148528069743
925,log((15.672670690680128)(X_7) + (X_4)(X_2 + X_8) + X_9),12,0.559202874945997,0.5906521395235687,0.559202874945997,0.5906521395235687,0.12542551261029722,0.14824145469687633
926,sqrt((-5.341227379597845)((((X_4)^((-1)(-0.20804898372875438)))((X_7)^((-1)(-0.20804898372875438))))(((X_9 + sqrt(X_6))^((-1)(-0.20804898372875438)))(((X_2)(X_8 + exp(sqrt(X_9))) - (X_9 + sqrt(X_6)))^((-1)(-0.20804898372875438)))))),26,0.3830010261576575,0.4217792015602459,0.3830010261576575,0.4217792015602459,0.40099927749135533,0.3917671415702494
927,(0.18485250672863424)(18.547947399720528 + X_7 + X_8 + X_9 + (-9.95607053788464 + X_2)((sqrt((X_2)(X_4)))^(-1))),19,0.3786981871852847,0.4402513370052572,0.3786981871852847,0.4402513370052572,0.4077287729163328,0.3651291288340621
928,log((-0.5905325189692757)(exp(1.6095952568810823) - (1.6095952568810823) + (X_2 + log(X_4))^(1.6095952568810823) + (exp(1.6095952568810823))((sqrt(X_6 + X_8))((X_2 + log(X_4))(sqrt((X_7)(X_9))) + sqrt(sqrt((X_7)(X_9))))))),26,0.3812657660161209,0.41879149821666056,0.3812657660161209,0.41879149821666056,0.40371316598650786,0.3960756028174772
929,log(5.468601012860818 + (5.072215310282567)((X_2 + log(X_4))((sqrt(X_7 + X_8))(sqrt(X_9))))),17,0.38184235098564656,0.43490945563012273,0.38184235098564656,0.43490945563012273,0.40281140648784963,0.37283246689855554
930,sqrt((-1.177751010648896e-09)((((X_2)^((-1)(-4.200623795188346)))(((X_7)^((-1)(-4.200623795188346)))((X_8)^((-1)(-4.200623795188346)))))(((X_6 + (X_2)(X_9))^((-1)(-4.200623795188346)))((((X_1)(X_4) + sqrt((X_9)(X_5 - (sqrt((X_2)((X_9)(exp(X_9) - (X_7)))) + ((X_4)(X_5))(((X_6)^(-1))((X_5 - (sqrt((X_2)((X_9)(exp(X_9) - (X_7))))))^((-1)(X_9))))))))^((-1)(-4.200623795188346)))((sqrt((X_2)((X_6 + (X_2)(X_9))((X_1)(X_4) + sqrt((X_9)(X_5 - (sqrt((X_2)((X_9)(exp(X_9) - (X_7)))) + ((X_4)(X_5))(((X_6)^(-1))((X_5 - (sqrt((X_2)((X_9)(exp(X_9) - (X_7))))))^((-1)(X_9)))))))))))^((-1)(-4.200623795188346))))))),48,1373869074669.1191,2102376965300.3462,1373869074669.1191,2102376965300.3462,-2148685022112.568,-3031763411687.3853
931,sqrt((6.105506196938049)((((X_2)^((-2)(-0.14618727750424854)))(((X_6)^((-1)(-0.14618727750424854)))((X_7)^((-1)(-0.14618727750424854)))))(((X_8)^((-1)(-0.14618727750424854)))(((X_9)^((-1)(-0.14618727750424854)))(((X_1)(X_4) + sqrt((X_8 - (X_3 + X_4))(X_9)))^((-1)(-0.14618727750424854))))))),33,0.3802934828913929,0.4076387799834258,0.3802934828913929,0.4076387799834258,0.4052337840904271,0.4121585430505865
932,(exp(-2.793752175814389))((0.7968150475138781 + exp(sqrt(X_9)) + log(X_2))(sqrt(exp(log(X_2)) + (log(((sqrt(1))^(-1))(((X_2)(X_7))((X_8)(sqrt(X_4))))))(log(((sqrt(1))^(-1))(((X_2)(X_7))((X_8)(sqrt(X_4)))))) - (sin((X_2)((sqrt(X_4))(sqrt(X_4)))))))) - (-2.793752175814389),34,0.3811498448060429,0.4140224971903327,0.3811498448060429,0.4140224971903327,0.40389446286001074,0.4029528104070589
933,sqrt((36.155566842761885 + X_1)(((191245.01876726752)((((X_2)^(-2))((X_4)^(-1)))(((X_7)^(-1))((X_8 + exp(sqrt(X_9)))^(-2)))))^(-0.17289565311305877))),26,0.3851665448699462,0.4263898411278001,0.3851665448699462,0.4263898411278001,0.39761247906347597,0.38511830143543724
934,sqrt(3.1409329748701142 + X_4 + X_6 + X_7 + X_8 + X_9 + sqrt(X_2 - (X_0))),17,0.47794925575224584,0.4943960787847113,0.47794925575224584,0.4943960787847113,0.25250344002938563,0.2870489130727495
935,sqrt((-2.7116361598231788e-09)((((X_2)^((-1)(-4.22044916262145)))(((X_4)^(sin(X_2)) + X_7)^((-1)(-4.22044916262145))))(((X_8)^((-1)(-4.22044916262145)))(((X_6 + (X_2)(X_9))^((-1)(-4.22044916262145)))(((X_1)(X_4) + (X_9)^(sqrt((X_3 + X_6)(log(X_2)))))^((-1)(-4.22044916262145))))))),35,52292248.68491081,75574560.31399135,52292248.68491081,75574560.31399135,-81783317.07124075,-108983397.59886323
936,2.8566436193080076 + (0.06364374374138917)((exp(sqrt(X_9)) + log(X_2) - (sin((-4.208504962277337)(X_6))))(sqrt(exp(log(X_2)) + (log(((sqrt(1))^(-1))(((X_2)(X_7))((X_8)(sqrt(X_4))))))(log(((sqrt(1))^(-1))(((X_2)(X_7))((X_8)(sqrt(X_4)))))) - (sin((X_2)((sqrt(X_4))(sqrt(X_4)))))))),37,0.3702961895373292,0.4258078155339914,0.3702961895373292,0.4258078155339914,0.42086921463298144,0.3859576199444865
937,sqrt((-5.49612848782004)((((X_4)^((-1)(-0.2022021439485649)))((X_7)^((-1)(-0.2022021439485649))))(((X_9 + (sqrt(X_3))^(sqrt(X_9)))^((-1)(-0.2022021439485649)))(((X_2)(X_8 + exp(sqrt(X_9))) - (X_9 + (sqrt(X_3))^(sqrt(X_9))))^((-1)(-0.2022021439485649)))))),27,0.3799784931845586,0.41763197629978693,0.3799784931845586,0.41763197629978693,0.4057264173971036,0.39774770833454187
938,log(exp(1.5873684615050647) + X_0 + X_2 + (exp(1.5873684615050647))((X_2 + log(X_4))((sqrt(X_7 + X_8))(sqrt(X_9)))) - (X_9)),21,0.3791689147468695,0.43253370765748905,0.3791689147468695,0.43253370765748905,0.40699257084313534,0.3762584489644286
939,sqrt((-2.1789644010906602e-09)((((X_2)^((-2)(-4.821547298270059)))((X_4)^((-1)(-4.821547298270059))))(((X_7)^((-1)(-4.821547298270059)))((X_3 + X_8 + (X_9)(sqrt(X_9)))^((-2)(-4.821547298270059)))))),25,23679563244.07228,38039568144.56108,23679563244.07228,38039568144.56108,-37034040440.57769,-54855514876.00574
940,(0.168536845523436)(20.09615652504955 + X_7 + X_8 + X_9 + (-11.063409091934476 + (2)(X_2))((sqrt((X_2)(X_4)))^(-1))),21,0.3778461823413726,0.4404471389003625,0.3778461823413726,0.4404471389003625,0.4090612798346671,0.3648467698511978
941,log((2)(exp(-44.72799984012316)) - (-44.72799984012316) + (exp(-44.72799984012316))((sqrt(X_2 + X_7 + X_8))(X_0 + (X_2 + log(X_4))^(sqrt(X_9)) + sqrt(X_9)))),24,0.6393999402098052,0.693451652012102,0.6393999402098052,0.693451652012102,-2.220446049250313e-16,-2.0838531258338122e-06
942,sqrt((6.747276759865819)((((X_1)^((-1)(-0.1385316641584902)))(((X_2)^((-2)(-0.1385316641584902)))((X_4)^((-1)(-0.1385316641584902)))))((((X_6)^((-1)(-0.1385316641584902)))((X_7)^((-1)(-0.1385316641584902))))(((X_8)^((-1)(-0.1385316641584902)))((X_9)^((-1)(-0.1385316641584902))))))),28,0.38210051181854393,0.408857391846906,0.38210051181854393,0.408857391846906,0.4024076516285472,0.4104012260129063
943,log(5.374142944328668 + (5.374142944328668)((X_2 + log(X_4))((sqrt(X_7 + X_8))(sqrt(X_9)))) - (X_9)),17,0.3801676756354735,0.43593287344577525,0.3801676756354735,0.43593287344577525,0.40543054240710474,0.3713566322886942
944,log(-0.3839418024657673 + log(X_5) + (-0.3839418024657673)((X_2 + log(X_4))((log(X_7 + X_8))(sqrt(X_9)))) - ((X_2)((exp((-0.3839418024657673)((X_2 + log(X_4))((log(X_7 + X_8))(sqrt(X_9))))))^(-1)))),24,2.0680415395549607,2.2356209007242764,2.0680415395549607,2.2356209007242764,-2.2343474084097945,-2.2239097750261947
945,log((-4.047605552436451)((((X_5)^((-1)(-0.2171860235969982)))((X_7)^((-1)(-0.2171860235969982))))(((X_8)^((-1)(-0.2171860235969982)))((X_7 + (X_2)((X_0 + X_3 + X_9 + sqrt(X_6))((X_1)(X_4) + sqrt(((X_4)(X_9))(((sin(X_6))^(sin(X_6)))(((X_2)(sin(exp(sqrt(X_6)))))^(X_9) - (X_2)))))))^((-2)(-0.2171860235969982)))))),45,0.3677682726092388,0.40810201848266514,0.3677682726092388,0.40810201848266514,0.42482279168095693,0.4114905232063534
946,log((5.083117858132208)((((X_2)^((-2)(-0.3390950551872264)))((X_4)^((-1)(-0.3390950551872264))))(((X_7)^((-1)(-0.3390950551872264)))((X_8 + exp(sqrt(X_9)))^((-2)(-0.3390950551872264)))))),23,0.38396290382191944,0.43158563877265843,0.38396290382191944,0.43158563877265843,0.39949493317761275,0.3776256255479957
947,sqrt((-7.033262316936807)((((X_2)^((-2)(-0.15887923220653258)))((X_4)^((-1)(-0.15887923220653258))))(((X_7)^((-1)(-0.15887923220653258)))(((X_8)^((-1)(-0.15887923220653258)))((sqrt((X_1)((X_9)(X_9))))^((-1)(-0.15887923220653258))))))),26,0.38472446822050055,0.42436813515286953,0.38472446822050055,0.42436813515286953,0.3983038720737734,0.38803373206712255
948,log((-5.785546461769112)((((X_2)^((-2)(-0.18574816030435237)))((X_7)^((-2)(-0.18574816030435237))))(((X_8)^((-1)(-0.18574816030435237)))(((X_6 + X_9 + (X_3)(log(X_2 + X_6)))^((-2)(-0.18574816030435237)))(((X_1)(X_4) + sqrt((X_4)((X_9)(-0.25579775644081615 + ((X_2)(sin(exp(sqrt(X_6)))))^(X_9)))))^((-2)(-0.18574816030435237))))))),42,0.3709155221115785,0.41147995719366287,0.3709155221115785,0.41147995719366287,0.4199005993183692,0.40661931734748125
949,sqrt((5.257777314690507)((((X_4)^((-1)(-0.1930649890573079)))((X_7)^((-1)(-0.1930649890573079))))(((X_9 + log(X_2))^((-1)(-0.1930649890573079)))(((sqrt(X_6))^((-1)(-0.1930649890573079)))(((X_2)((2)(X_8) + exp(sqrt(X_9))) - ((X_9 + log(X_2))(sqrt(X_6))))^((-1)(-0.1930649890573079))))))),32,0.3807666165263243,0.41784938120190795,0.3807666165263243,0.41784938120190795,0.4044938189994448,0.397434196419861
950,0.7172287646841093 + log(X_1 + X_8 + exp(log(X_4)) + (exp(0.39664310158556904))(((X_2 + log(X_4))(sqrt(X_7)))((sqrt(X_6 + X_8))(sqrt(X_9)))) - (0.39664310158556904)),27,0.37619304016243227,0.41794208161032115,0.37619304016243227,0.41794208161032115,0.4116467385983916,0.39730051644185793
951,log(((-1)(-5.123958946849462))((X_2 + log(X_4))((sqrt(X_7 + X_8))(sqrt(X_9)))) - (-5.123958946849462)),18,0.3818741810884904,0.4355127807547547,0.3818741810884904,0.4355127807547547,0.4027616252776208,0.3719624330899658
952,log((-46.188299302863356)((-0.027186353129224825 + X_7 + sin(log(X_7)) + ((2)(-0.027186353129224825))((X_2 + log(X_4))((sqrt((X_7)(X_6 + X_8)))(sqrt((X_7)(X_9))))))^(-0.17887416424906566))),29,0.6132484818509897,0.6632242798211893,0.6132484818509897,0.6632242798211893,0.04090000125779558,0.043587739738193854
953,log((-6.129760889997272)((((X_2)^((-2)(-0.2751117907076704)))((X_7)^((-1)(-0.2751117907076704))))(((X_8)^((-1)(-0.2751117907076704)))(((X_1)(X_4) + sqrt((1.0706045086159257)(((-6.780676593427242)(sin(exp(sqrt(X_6)))))^(X_9) - (X_4))))^((-2)(-0.2751117907076704)))))),34,0.3759995655942049,0.41494446220991593,0.3759995655942049,0.41494446220991593,0.41194932631549996,0.4016232772836641
954,sqrt(sqrt(51.949319890932216 + ((2)(X_2) + X_4)((1.2515610563826114 + X_7 + X_8)(X_2 + X_9)))),18,0.3991666113598184,0.4392952996961714,0.3991666113598184,0.4392952996961714,0.37571684597148913,0.36650779640021913
955,log((323.62083721968236)((((X_2)^((-2)(119.36017757796074)))((X_4)^((-1)(119.36017757796074))))(((X_7)^((-1)(119.36017757796074)))((X_8 + exp(sqrt(X_9)))^((-2)(119.36017757796074))))) - (X_0 + X_7)),26,6.636906448839919,6.718021474311931,6.636906448839919,6.718021474311931,-9.379898450822756,-8.687820995435077
956,4.570897089198529 + (-0.18608007393357145)(((X_2)^(-1))((sqrt(-5.763193928226887))((X_2)((X_7)^(-1))) - (-5.763193928226887)) - (-5.763193928226887 + (X_4)^(0.8951627673996192) + X_8 + X_9)),24,0.38258986541602563,0.42545626591672286,0.38258986541602563,0.42545626591672286,0.40164231906170156,0.3864645772050629
957,log((((2)((5.402302977038024)((2)^(-1))))((((X_2)^(-1))((X_6)^(-2)))(((-0.8651448750780265 + X_7)^(-1))((sqrt(X_8 + sin(X_9)))^(-1)))))^(((5.402302977038024)((2)^(-1)))(((X_2)^(-1))(((X_6)^(-2))((sqrt(X_8 + sin(X_9)))^(-1)))))),30,14.809112398850305,15.162721888994788,14.809112398850305,15.162721888994788,-22.160953681026335,-20.86562457798511
958,log((-2.9332764762072707)(((X_7)^((-1)(-0.21944842873644582)))(((X_8)^((-1)(-0.21944842873644582)))((X_7 + (2)((X_2)((X_0 + X_3 + X_9 + sqrt(X_6))((X_1)(X_4) + sqrt((-4.489922350584445)((X_9)(((X_2)(sin(exp(sqrt(X_6)))))^(X_9))))))))^((-2)(-0.21944842873644582)))))),41,0.3653916478502474,0.408102179121125,0.3653916478502474,0.408102179121125,0.4285397528652378,0.4114902915553159
959,3.2730908777701706 + (-0.17701378756454703)(((X_2)^(-1))(8.227382614844695 - (X_7)) - (X_4 + X_8 + X_9)),17,0.3866994623382395,0.42892452531805564,0.3866994623382395,0.42892452531805564,0.39521504770339433,0.3814631230754023
960,(0.19749830908286597)(15.252696000408703 + ((X_2)^(-1))(-7.90516574530273 + X_2 + X_4) + X_7 + X_8 + X_9),18,0.38440698342874774,0.4317313715998943,0.38440698342874774,0.4317313715998943,0.3988004076093392,0.3774154693957985
961,2.8430042112274285 + (0.060151345789977204)(((0.43502162418598084)(X_6) + exp(sqrt(X_9)) + log(X_2))(sqrt(exp(log(X_2)) + (log((0.8418563860642634)(((X_2)(X_7))((X_8)(sqrt(X_4))))))(log((0.8418563860642634)(((X_2)(X_7))((X_8)(sqrt(X_4)))))) - (sin((X_2)((sqrt(X_4))(sqrt(X_4)))))))),33,0.3794106742573437,0.40673581811643994,0.3794106742573437,0.40673581811643994,0.40661446710043736,0.4134606724002041
962,log((-2.2568376114903184)((((X_2)^((-2)(-0.2881568655275977)))((X_7)^((-1)(-0.2881568655275977))))(((X_8)^((-1)(-0.2881568655275977)))(((sqrt(X_5))^((-2)(-0.2881568655275977)))(((X_1)(X_4) + sqrt((X_4)((X_9)(308.25187098817094 - (sqrt(X_5))))))^((-2)(-0.2881568655275977))))))),32,0.389128968119959,0.42872425159679384,0.389128968119959,0.42872425159679384,0.39141538237824225,0.3817519307204943
963,(0.13554725190880765)(20.662041697229952 + X_2 + X_8 + ((X_2 + X_4)(X_9))(((log((X_2)(X_2 + X_4)))^(-1))(log(log((X_2)(X_2 + X_4)))))),19,0.3865102359267775,0.4400599209358256,0.3865102359267775,0.4400599209358256,0.39551099144621027,0.365405163172951
964,sqrt((-3.6785759974885495)((((1.4883931237492143 + X_1)^((-1)(-0.18282444884648683)))(((X_2)^((-1)(-0.18282444884648683)))((X_8)^((-1)(-0.18282444884648683)))))(((X_7 + X_9)^((-1)(-0.18282444884648683)))(((X_6 + (X_0)(((X_0)^(-1))(sin(((X_5 + (X_2)(X_9))^(-1))(X_5 + (X_2)(X_9) + sqrt(X_9)))) + log(X_4)))^((-1)(-0.18282444884648683)))((X_5 + (X_2)(X_9) + sqrt(X_9))^((-1)(-0.18282444884648683))))))),43,0.37953653257311853,0.4139550927661621,0.37953653257311853,0.4139550927661621,0.4064176289278634,0.40305001194149304
965,sqrt((4.707863958169573)((((X_2)^((-1)(-0.1799690533245042)))((X_7)^((-1)(-0.1799690533245042))))(((X_8)^((-1)(-0.1799690533245042)))((((2)(X_6) + (X_2)(X_9))^((-1)(-0.1799690533245042)))(((X_1)(X_4) + sqrt(X_8 - (X_0 + X_2 + (X_4)^(X_9) + (X_2)(X_9))))^((-1)(-0.1799690533245042))))))),35,0.3812670655958143,0.41583528272618786,0.3812670655958143,0.41583528272618786,0.40371113348757925,0.40033865654618916
966,log((12.378738706769202)((((X_2)^((-2)(-0.32720918892572864)))((X_7)^((-1)(-0.32720918892572864))))(((X_8)^(0.25570588860920385))(((sqrt(X_4))^((-2)(-0.32720918892572864)))((sqrt(X_9))^((-2)(-0.32720918892572864))))))),25,0.3840427716351297,0.4310897868256577,0.3840427716351297,0.4310897868256577,0.3993700226041397,0.37834067609094946
967,(0.18485250672863318)(18.5479473997205 + X_7 + X_8 + X_9 + (-9.95607053788455 + X_2)((sqrt((X_2)(X_4)))^(-1))),19,0.37869818718528475,0.4402513370052572,0.37869818718528475,0.4402513370052572,0.4077287729163328,0.3651291288340621
968,log((-7.671030349452275)((((X_2)^((-2)(-0.31900062604585866)))((X_4)^((-1)(-0.31900062604585866))))(((X_7)^((-1)(-0.31900062604585866)))((X_8 + exp(log(X_9)))^((-2)(-0.31900062604585866)))))),23,0.38534774836204566,0.4328236470887962,0.38534774836204566,0.4328236470887962,0.39732908289668867,0.37584033757244173
969,sqrt((-5.665788969645051)((((X_4)^(0.13285274132183458))(((X_0 + X_2 + X_3 + X_4)^(0.13667640087104113))((X_7)^(0.13667640087104113))))(((X_8)^(0.13667640087104113))(((sqrt(X_2))^((0.1372239243785607)(X_9 + sqrt(X_2))))((X_9 + sqrt(X_2))^(0.1372239243785607)))))),30,0.3829626047517353,0.42200974696115806,0.3829626047517353,0.42200974696115806,0.40105936727789726,0.39143468020734684
970,log((7.885294556927941)((((X_2)^(0.6518006971447997))((X_4)^((-1)(-0.3347334842233773))))(((X_7)^((-1)(-0.3347334842233773)))(((sqrt(X_9))^((-1)(-0.3347334842233773)))((X_3 + (X_1)(X_9) + sqrt((3.428592348842866 - (X_4))((X_9)(X_9))))^((-1)(-0.3347334842233773))))))),31,0.3902988426200329,0.43234565465593944,0.3902988426200329,0.43234565465593944,0.3895857380093516,0.37652963354215485
971,(-7.724263350878683e-05)(-63962.44269103693 + X_7 + X_8 + X_9 + (28116.583313045594 + X_2)((sqrt((X_2)(X_4)))^(-1))),19,0.44082977686308,0.5155055349728785,0.44082977686308,0.5155055349728785,0.31055705648262755,0.2566077134362317
972,log((5.933525255190999)((((X_2)^((-2)(-0.3715003009233981)))((X_7)^((-1)(-0.3715003009233981))))(((X_8)^((-1)(-0.3715003009233981)))(((X_9)^((-1)(-0.3715003009233981)))((((X_2)^(-1))((X_4)((2)(X_1) + X_6)) + sqrt((X_2)(sin(exp(sqrt(X_6)))) - (X_4)))^((-1)(-0.3715003009233981))))))),37,0.3785791557406559,0.4161902146014536,0.3785791557406559,0.4161902146014536,0.40791493409205914,0.399826821851064
973,sqrt(-5.431747240898759 + X_4 + X_6 + X_7 + X_8 + X_9 + sqrt((-43.19727690406741)(X_2))),17,0.3873297982650963,0.41973902738382535,0.3873297982650963,0.41973902738382535,0.39422922351540657,0.3947092045416536
974,log((-5.969347698971035)((((X_2)^((-2)(-0.32903013406294385)))((X_4)^((-1)(-0.32903013406294385))))(((X_7)^((-1)(-0.32903013406294385)))((exp(sqrt(X_9)) + (X_8)(log(X_3)))^((-2)(-0.32903013406294385)))))),26,0.3849549757309008,0.4347120857265198,0.3849549757309008,0.4347120857265198,0.3979433660807252,0.37311708705097724
975,log((-4.793374727510094)(-1 + X_2 + X_4 + X_7 + X_8 + (X_2)(X_9) - (sqrt(X_9) + sqrt(sin(X_2))))),20,0.3876724594913143,0.4319557513291285,0.3876724594913143,0.4319557513291285,0.39369331288315723,0.3770918993297996
976,log(((X_7)^((-1)(0.9589573833292857)))(((X_8)^((-1)(0.9589573833292857)))(((798.1737335952355)(((X_2)^(-1))(((X_3 + X_9 + (X_4 - (sin(X_8)))((X_2 + sin(exp(sqrt(X_6))))^(X_9)))^(-1))((sqrt(X_6))^(-1)))) + (2)((X_2)((X_3 + X_9 + (X_4 - (sin(X_8)))((X_2 + sin(exp(sqrt(X_6))))^(X_9)))(sqrt(X_6)))))^(0.9589573833292857))) - (log(X_8))),40,1.4212179825254276,1.5206455349448467,1.4212179825254276,1.5206455349448467,-1.2227371214002396,-1.192869105343569
977,log((-4.036018143376296)(((X_7)^((-1)(-0.21837507000364456)))(((X_8)^((-1)(-0.21837507000364456)))((X_7 + (X_2)((X_0 + X_3 + X_9 + sqrt(X_6))((X_1)(X_4) + sqrt((2.879229245750513)((X_5)((X_9)(((X_2)(sin(exp(sqrt(X_6)))))^(X_9))))))))^((-2)(-0.21837507000364456)))))),41,0.36536729416414737,0.4050859574620275,0.36536729416414737,0.4050859574620275,0.4285778412111517,0.41583987805598777
978,(0.18173161568271215)(18.683686859305276 + X_7 + X_8 + X_9 + (-11.417907418815172 + X_2 + X_6)((sqrt((X_2)(X_4)))^(-1))),21,0.3760880003982687,0.42880933254756604,0.3760880003982687,0.42880933254756604,0.4118110172564864,0.3816292384926778
979,(0.17562686337152764)(12.438784175661183 + X_2 + X_8 + X_9 + log((X_2)(((X_4)^(X_7))(X_6)))),17,0.386150675602669,0.41734168276198524,0.386150675602669,0.41734168276198524,0.39607333169915204,0.3981663303709715
980,(0.3132795470431008)(10.436331428095016 + ((X_2)^(-1))(-6.110381801024206 + X_4) + (X_7)((X_9)^(-1)) + X_9 + (log(X_8))^(X_5)),22,0.3801649909430352,0.4464891513481082,0.3801649909430352,0.4464891513481082,0.4054347411757775,0.35613379754681174
981,sqrt((5.35929109521644)((((X_4)^((-1)(-0.20746019824195946)))((X_7)^((-1)(-0.20746019824195946))))(((X_9 + sqrt(X_0))^((-1)(-0.20746019824195946)))(((X_2)(X_8 + exp(sqrt(X_9))) - (X_9 + sqrt(X_0)))^((-1)(-0.20746019824195946)))))),26,0.38388384689759647,0.42350365124509365,0.38388384689759647,0.42350365124509365,0.3996185755481406,0.3892803737136238
982,(1.0436252716631802)^(X_1) + log(X_2 + (X_4)(X_8) + (X_2)(X_7 + X_9)),15,0.38684685970098454,0.43858639622851264,0.38684685970098454,0.43858639622851264,0.3949845231858339,0.3675300810005262
983,sqrt((-9.201742921502708)((((X_4)^((-1)(-0.19710934630860413)))((X_8)^(0.04990572274376924)))((((-0.19710934630860413)(((X_2)^(X_2) + sqrt(X_2))^(-1)) + ((X_2)^(X_2))((X_2)^(X_2) + (2)(sqrt(X_2))))^(0.04990572274376924))((sqrt(sqrt(X_3)))^((-1)(-0.19710934630860413)))))),30,0.4483760598349746,0.502594642496345,0.4483760598349746,0.502594642496345,0.2987549237370123,0.2752260545180868
984,log((-6.166018614537161)(((X_7)^((-1)(-0.1789732423396067)))(((X_8)^((-1)(-0.1789732423396067)))(((2)((X_2)((X_6 + (X_2)(X_9))(X_3 + (X_1)(X_4 - (sin(X_8))) + sqrt(X_5 - (X_9))))) - (X_1))^((-2)(-0.1789732423396067)))))),36,0.37962823919582206,0.4178274787819718,0.37962823919582206,0.4178274787819718,0.4062742028545462,0.39746578112445297
985,3.2730908777701706 + (-0.17701378756454703)(((X_2)^(-1))(8.227382614844695 - (X_7)) - (X_4 + X_8 + X_9)),17,0.3866994623382395,0.42892452531805564,0.3866994623382395,0.42892452531805564,0.39521504770339433,0.3814631230754023
986,log(-6.388444383442066 + log((X_7)^(X_7 + X_8)) + (1 + -6.388444383442066)((X_2 + log(X_4))((sqrt(X_7 + X_8))(sqrt(X_9))))),21,0.3920771967649983,0.44830223707711225,0.3920771967649983,0.44830223707711225,0.3868044519423215,0.3535192107880267
987,log((7.31771409101707)((((X_2)^((-2)(-0.26440889603170126)))((X_7)^((-1)(-0.26440889603170126))))(((X_8)^((-1)(-0.26440889603170126)))(((X_1)(X_4) + sqrt(((X_7)^(-1))((X_9)(-1.7238893729741014 + ((4.706231770048569)(sin(exp(sqrt(X_6)))))^(X_9)))))^((-2)(-0.26440889603170126)))))),36,0.38032839880796543,0.4237947980189252,0.38032839880796543,0.4237947980189252,0.4051791767713193,0.38886052125571424
988,sqrt((5.526099279381314)((((X_2)^((-1)(-0.1717526991286072)))((X_7)^((-1)(-0.1717526991286072))))(((X_8)^((-1)(-0.1717526991286072)))(((X_6 + (X_2)(X_9))^((-1)(-0.1717526991286072)))(((X_1)(X_4) + sqrt((((X_0)^(-1))(X_2) - (X_4))(X_9)))^((-1)(-0.1717526991286072))))))),32,0.3788729891812658,0.4200411330810574,0.3788729891812658,0.4200411330810574,0.40745538847415763,0.3942735486081803
989,4.906464823731074 + (-0.17701378756454775)(((X_2)^(-1))(X_2 - (-8.227382614844643 + X_7)) - (-8.227382614844643 + X_4 + X_8 + X_9)),19,0.3866994623382396,0.4289245253180555,0.3866994623382396,0.4289245253180555,0.3952150477033942,0.3814631230754024
990,log((-3.7787051406224674)((((X_5)^((-1)(-0.21879267583746562)))((X_7)^((-1)(-0.21879267583746562))))(((X_8)^((-1)(-0.21879267583746562)))((X_7 + (X_2)((X_0 + X_3 + X_9 + sqrt(X_6))((X_1)(X_4) + sqrt(((X_9)((sin(X_6))^(sin(X_6))))((((X_2)(sin(exp(sqrt(X_6)))))^(X_9) - (X_2))(X_4 + sqrt(X_6)))))))^((-2)(-0.21879267583746562)))))),46,0.36634836755314815,0.4052772225890127,0.36634836755314815,0.4052772225890127,0.427043475429574,0.41556406138585844
991,(0.18035209031547728)(17.603552358453047 + X_7 + X_8 + X_9 + (-8.26579929894021 + X_2)((sqrt((X_2)((X_4)^(X_2))))^(-1))),20,0.37621658921429196,0.43399299247562734,0.37621658921429196,0.43399299247562734,0.41160990867336533,0.37415406597703604
992,log((9.421365843156133)((((X_2)^((-1)(-0.2706470921887421)))((X_7)^((-1)(-0.2706470921887421))))(((X_8)^((-1)(-0.2706470921887421)))(((sqrt(X_6))^((-1)(-0.2706470921887421)))(((X_2)((X_9)((X_1)(X_4) + sqrt(((X_2)^(X_9))(X_4)))) + sqrt(X_6))^((-1)(-0.2706470921887421))))))),31,0.3786101797102033,0.4098143084327756,0.3786101797102033,0.4098143084327756,0.40786641364719145,0.40902129047281977
993,log((4.3388618103636)((((X_2)^((-2)(-0.2253306117147875)))((X_7)^((-1)(-0.2253306117147875))))(((X_8)^((-1)(-0.2253306117147875)))(((X_6 + X_8 + (2)(X_9))^((-2)(-0.2253306117147875)))(((X_1)(X_4) + sqrt((X_9)(((X_6)(sin(exp(X_6))))^(sin(X_6 + X_8 + X_9)) - (X_4))))^((-2)(-0.2253306117147875))))))),40,0.38598981363942897,0.4276272815648798,0.38598981363942897,0.4276272815648798,0.3963249143989991,0.38333383237817376
994,log((2.75252292909255)((((X_2)^((-2)(-0.2890566336951476)))((X_7)^((-1)(-0.2890566336951476))))(((X_8)^((-1)(-0.2890566336951476)))(((X_3 + X_6 + (2)(X_9))^((-2)(-0.2890566336951476)))((0.8610802191502648 + X_4 + sqrt((sin(X_6))(((X_6)(sin(exp((X_6)(X_9)))))^(X_9) - (X_4))))^((-2)(-0.2890566336951476))))))),40,0.37284760905142406,0.41302517760123414,0.37284760905142406,0.41302517760123414,0.4168788803310143,0.40439100968810804
995,log((-6.701575244256176)((((X_2)^((-2)(-0.18216383022653854)))((X_7)^((-1)(-0.18216383022653854))))(((X_8)^((-1)(-0.18216383022653854)))(((X_6 + (X_2)(X_9))^((-2)(-0.18216383022653854)))((X_3 + ((X_1)^(1.1173450406651892))(X_4 - (sin(X_9))) + sqrt((X_2)(X_9) - ((X_9)((((X_0)^(-1))((X_8)((log(X_2 + X_6))^(-1))) - (X_4))(sqrt(sin(X_5)))))))^((-2)(-0.18216383022653854))))))),49,0.37805536351785146,0.41281548015478015,0.37805536351785146,0.41281548015478015,0.4087341275105517,0.4046934069537633
996,log((-8.416870424832538)((((X_2)^((-1)(-0.322429014835332)))((X_3 + (X_1)(-1 + X_4))^((-1)(-0.322429014835332))))(((X_7)^((-1)(-0.322429014835332)))(((X_8)^((-1)(-0.322429014835332)))((X_6 + (X_2)(X_9))^((-1)(-0.322429014835332))))))),28,0.3836551868854418,0.42690494566264303,0.3836551868854418,0.42690494566264303,0.39997619211607405,0.38437548741696814
997,sqrt((5.527932145821989)((((X_4)^((-1)(-0.19970017006299717)))((X_7)^((-1)(-0.19970017006299717))))(((X_9 + sqrt(X_3 + sqrt(X_9)))^((-1)(-0.19970017006299717)))(((X_2)(X_8 + exp(sqrt(X_9))) - (X_9 + sqrt(X_3 + sqrt(X_9))))^((-1)(-0.19970017006299717)))))),27,0.3826869857197962,0.42275314090511434,0.3826869857197962,0.42275314090511434,0.4014904261732871,0.3903626581119015
998,log((1.1669458154863452)((((X_2)^((-2)(0.09552989552348556)))((X_7)^((-1)(0.09552989552348556))))(((X_8)^((-1)(0.09552989552348556)))(((X_3 + X_6 + (2)(X_9))^((-2)(0.09552989552348556)))((-3.945048601094392 + (X_1)(X_4) + sqrt((X_9)(((X_6)(sin(exp(sqrt(X_6)))))^(X_9) - (X_4))))^((-2)(0.09552989552348556))))))),41,inf,inf,inf,inf,-inf,-inf
999,sqrt((7.2079779529015795)((((X_2)^(0.32861076361850133))((X_4)^((-1)(-0.1681738527083306))))(((X_7)^((-1)(-0.1681738527083306)))(((X_8)^((-1)(-0.1681738527083306)))((X_9)^((-1)(-0.1681738527083306))))))),21,0.3870904671907501,0.4290712496665533,0.3870904671907501,0.4290712496665533,0.39460352926568176,0.38125153708548654
1000,log(-5.468588860106067 + (-5.072217131747298)((X_2 + log(X_4))((sqrt(X_7 + X_8))(sqrt(X_9))))),17,0.3818423509856184,0.43490947535242164,0.3818423509856184,0.43490947535242164,0.4028114064878937,0.3728324384577263
1001,sqrt((5.344156796591181)((((X_4)^((-1)(-0.20850923499623253)))((X_7)^((-1)(-0.20850923499623253))))(((X_9 + sqrt(X_3))^((-1)(-0.20850923499623253)))(((X_2)(X_8 + exp(sqrt(X_9))) - (X_9 + sqrt(X_3)))^((-1)(-0.20850923499623253)))))),26,0.38260853966311914,0.42143328198004365,0.38260853966311914,0.42143328198004365,0.4016131131673636,0.392265979953638
1002,log((-4.047605552436451)((((X_5)^((-1)(-0.2171860235969982)))((X_7)^((-1)(-0.2171860235969982))))(((X_8)^((-1)(-0.2171860235969982)))((X_7 + (X_2)((X_0 + X_3 + X_9 + sqrt(X_6))((X_1)(X_4) + sqrt(((X_4)(X_9))(((sin(X_6))^(sin(X_6)))(((X_2)(sin(exp(sqrt(X_6)))))^(X_9) - (X_2)))))))^((-2)(-0.2171860235969982)))))),45,0.3677682726092388,0.40810201848266514,0.3677682726092388,0.40810201848266514,0.42482279168095693,0.4114905232063534
1003,log((-6.835322747878487)(((X_7)^((-1)(-0.285596453137313)))((((X_2)(X_2))((X_9)((2)((X_2)(X_9)) + (X_4)(exp(X_0) + (0.6959275999827523)((X_3)(exp(X_8)))) - (X_2))) - ((X_8)(X_8)))^((-1)(-0.285596453137313))))),33,0.38285794108388005,0.4282741702264098,0.38285794108388005,0.4282741702264098,0.4012230577340161,0.38240097713487886
1004,log(-0.44501175063791987 + X_0 + X_4 + ((2)(-0.44501175063791987))((X_2 + log(X_4))((sqrt(X_7 + X_8))(sqrt(X_9)))) - (X_9)),22,6.775238131672013,7.269250462719383,6.775238131672013,7.269250462719383,-9.596244549927338,-9.482728809827424
1005,log((exp(log(X_6)) + exp(sqrt(X_9)) + sqrt(sqrt(X_9)))^(1.8985025874106505)),12,0.5710466621247287,0.5871509367481585,0.5710466621247287,0.5871509367481585,0.10690222783356507,0.15329041530032061
1006,log((5.1975599661038325)((((X_2)^((-3)(-0.24100461644443796)))((X_4)^((-1)(-0.24100461644443796))))(((X_7)^((-1)(-0.24100461644443796)))((X_8 + exp(sqrt(X_9)))^((-3)(-0.24100461644443796)))))),23,0.3877370660430275,0.4339700867987787,0.3877370660430275,0.4339700867987787,0.3935922704093465,0.3741870974429129
1007,(0.20412239922436354)(10.825725324072664 + sqrt(X_9) + (X_2 + log(X_4))(sqrt(X_9)) + sqrt(X_8 + sqrt(X_7 + X_8))),19,0.40715829981169904,0.4500799552547818,0.40715829981169904,0.4500799552547818,0.3632181140365779,0.3509556263232484
1008,sqrt((7.03644887974478)((((X_1)^((-1)(-0.1202010505927246)))(((X_2)^(0.3067700908014639))((X_4)^((-1)(-0.1202010505927246)))))((((X_7)^((-1)(-0.1202010505927246)))((X_8)^((-1)(-0.1202010505927246))))(((X_9)^((-1)(-0.1202010505927246)))((sqrt(X_9))^((-2)(-0.1202010505927246))))))),29,0.38765332510098505,0.42205745585138826,0.38765332510098505,0.42205745585138826,0.39372323842603885,0.391365880905319
1009,log((-3.8625217591194967)(((X_7)^((-1)(-0.20303665492287398)))(((X_8)^((-1)(-0.20303665492287398)))((-2.356247908013554 + (2)((X_2)((X_0 + X_3 + X_9)((X_1)(X_4) + sqrt(((X_5)(X_9))((((X_2)(sin(exp(sqrt(X_6)))))^(X_9))(exp(sqrt(X_6)))))))))^((-2)(-0.20303665492287398)))))),42,0.36503700561218244,0.40362097314009593,0.36503700561218244,0.40362097314009593,0.42909440139702937,0.41795248009607666
1010,sqrt((-7.74730183404986)(((X_7)^((-1)(-0.22775514162848912)))(((X_8)^((-1)(-0.22775514162848912)))((sqrt((X_4)(X_9)))^((-2)(-0.22775514162848912)))))),19,0.4753444390680844,0.4995407859206662,0.4753444390680844,0.4995407859206662,0.2565772857093004,0.2796299129999382
1011,2.9869497747650233 + (0.03227329851881157)((X_2 + exp(sqrt(X_9)) + (-19.94486082383872)((log((9.075990606047647)(((X_2)(X_4))((X_7)(X_8)))))^((-1)((X_2)(X_4)))))(sqrt(-8.318241098974607 + (log((9.075990606047647)(((X_2)(X_4))((X_7)(X_8)))))(log((9.075990606047647)(((X_2)(X_4))((X_7)(X_8)))))))),29,0.3757003893993335,0.423790689206916,0.3757003893993335,0.423790689206916,0.4124172278213607,0.38886644642808854
1012,log((3.2228948591279067)((((X_2)^((-2)(-0.23602033346191167)))((X_7)^((-1)(-0.23602033346191167))))(((X_8)^((-1)(-0.23602033346191167)))(((X_2 + X_4 + X_6 + (2)(X_9))^((-2)(-0.23602033346191167)))((X_0 + X_4 + sqrt((X_1)(((X_2)(sin(exp(sqrt(X_6)))))^(X_9) - (X_4))))^((-2)(-0.23602033346191167))))))),40,0.37413467965743413,0.42586196837632473,0.37413467965743413,0.42586196837632473,0.41486594519438014,0.38587952804720316
1013,log((-2.791039233586181)((((X_2)^((-2)(-0.24753715614953822)))((X_7)^((-1)(-0.24753715614953822))))(((X_8)^((-1)(-0.24753715614953822)))(((X_3 + X_6 + (2)(X_9))^((-2)(-0.24753715614953822)))((X_4 + (X_1)(X_4) + sqrt((X_9)(((X_6)(sin(exp(sqrt(X_6)))))^(X_9) - (X_4))))^((-2)(-0.24753715614953822))))))),40,0.3707481907313942,0.40576571541164164,0.3707481907313942,0.40576571541164164,0.42016229996871557,0.414859623175698
1014,3.6251452974918643 + (0.00549843717511136)((X_2 + (2.9988842017519017)(X_8) + exp(sqrt(X_9)) - (log(X_7)))(sqrt((2)((X_0)(-4.35165797322846 - (sin((X_2)((sqrt(X_4))(sqrt(X_4))))))) + (log(((X_2)((X_3)(X_7)))((X_8)((sqrt(X_4))((sqrt(((X_0)^(-1))(sqrt(X_9))))^(-1))))))(log(((X_2)((X_3)(X_7)))((X_8)((sqrt(X_4))((sqrt(((X_0)^(-1))(sqrt(X_9))))^(-1))))))))),43,0.6336366768640345,0.6863456217526711,0.6336366768640345,0.6863456217526711,0.009013550022978656,0.010245270878433965
1015,sqrt((-7.578991676279103)((((X_2)^((-1)(-0.159485408145204)))((X_7)^((-1)(-0.159485408145204))))(((X_8)^((-1)(-0.159485408145204)))(((X_2 + log((0.7541575066242496)(X_4)))^((-1)(-0.159485408145204)))((sqrt((X_9)(X_9 - (X_4 + (X_9)(X_2 + log((0.7541575066242496)(X_4)))))))^((-1)(-0.159485408145204))))))),29,0.3835435559569985,0.44090839537228693,0.3835435559569985,0.44090839537228693,0.4001507791334058,0.36418160821840506
1016,log((5.234039691676084)((((X_2)^((-1)(-0.316045325364492)))((X_0 + X_7)^((-1)(-0.316045325364492))))(((X_8)^((-1)(-0.316045325364492)))(((X_6 + (X_2)(X_9))^((-1)(-0.316045325364492)))(((X_1)(X_4) + sqrt((X_8 - (X_3 + X_4 + X_9))^(X_9)))^((-1)(-0.316045325364492))))))),34,0.3802909134567239,0.41410328390632367,0.3802909134567239,0.41410328390632367,0.40523780259982545,0.40283631074323345
1017,log((-5.083117857955574)((((X_2)^((-2)(-0.3390950551872262)))((X_4)^((-1)(-0.3390950551872262))))(((X_7)^((-1)(-0.3390950551872262)))((X_8 + exp(sqrt(X_9)))^((-2)(-0.3390950551872262)))))),23,0.3839629038219195,0.43158563877411604,0.3839629038219195,0.43158563877411604,0.39949493317761264,0.37762562554589374
1018,sqrt((-5.587755746073311)((((X_4)^((-1)(-0.19658458572707876)))((X_7)^((-1)(-0.19658458572707876))))(((X_9 + sqrt(X_6 + X_9))^((-1)(-0.19658458572707876)))(((X_2)(X_8 + exp(sqrt(X_9))) - (X_9 + sqrt(X_6 + X_9)))^((-1)(-0.19658458572707876)))))),27,0.3822814071306413,0.42319230016107956,0.3822814071306413,0.42319230016107956,0.4021247374449175,0.38972936209215103
1019,(0.29706000121312665)(10.672316690955485 + ((X_2)^(-1))(-6.090006442336687 + X_2 + X_4) + X_9 + (X_7 + X_9)((exp(X_9))^(-1)) + (log(X_8))^(X_4)),24,0.38319896744628423,0.44251357850035095,0.38319896744628423,0.44251357850035095,0.40068970397378223,0.36186683044208523
1020,log((-3.670610028986895)((((X_2)^((-2)(-0.2380395604080714)))((X_7)^((-1)(-0.2380395604080714))))(((X_8)^((-1)(-0.2380395604080714)))(((X_0 + X_6 + X_8 + (2)(X_9))^((-2)(-0.2380395604080714)))((X_4 + sqrt((X_1)((X_3)(((X_8)(sin(exp(sqrt(X_6)))))^(X_9) - (X_4)))))^((-2)(-0.2380395604080714))))))),41,0.3701158622600659,0.42826760357047566,0.3701158622600659,0.42826760357047566,0.4211512404292368,0.3824104466769861
1021,log((15.945241552076169)((((X_2)^((-1)(-0.250091221839568)))((X_8)^((-2)(-0.250091221839568))))((((X_2)(X_9) + (-0.5525912319831842)((exp(exp(sqrt(X_6))))^(-1)))^((-1)(-0.250091221839568)))((((X_0 + X_1)^(-27.641539724117283))(((X_2)^(-1))(X_4 + X_7 + X_8)) + sqrt((X_9)((X_2)(sin(exp(sqrt(X_6)))) - (X_4))))^((-1)(-0.250091221839568)))))),45,0.40893936016795723,0.45904626015541744,0.40893936016795723,0.45904626015541744,0.3604325955461104,0.3380256353727882
1022,(0.0929942196535856)(28.386309239672457 + (2)(X_2) + X_3 + X_7 + X_9 + ((X_0)((X_2)^((-1)(X_4))))((-3.76578755216306 + (X_2)^(X_4) + X_4)(X_9))),26,0.3734611133484114,0.44164813713312323,0.3734611133484114,0.44164813713312323,0.4159193802460033,0.3631148528069743
1023,log((2.6417053025369603)((((X_2)^((-2)(-0.2559131663229844)))((X_7)^((-1)(-0.2559131663229844))))(((X_8)^((-1)(-0.2559131663229844)))(((X_3 + X_6 + (2)(X_9))^((-2)(-0.2559131663229844)))(((1.0787478639876702)^((2)(X_7)) + (X_1)(X_4) + sqrt((X_9)(((X_6)(sin(exp(sqrt(X_6)))))^(X_9) - (X_4))))^((-2)(-0.2559131663229844))))))),43,0.3703048077954149,0.40242384182849855,0.3703048077954149,0.40242384182849855,0.42085573596721404,0.4196788207901533
1024,log((-6.097360595583928)((((X_2)^((-2)(-0.3267814249319412)))((X_4)^((-1)(-0.3267814249319412))))(((X_7)^((-1)(-0.3267814249319412)))(((X_5)^(log(X_9)) + X_8 + exp(log(X_9)))^((-2)(-0.3267814249319412)))))),26,0.38512342291236096,0.43050016750350945,0.38512342291236096,0.43050016750350945,0.3976799203547139,0.37919094524687036
1025,0.5013206964523778 + log(2.8772888682506013 + (1 + -0.29232536738689074)^(X_0) + X_8 + (exp(1 + -0.29232536738689074))(((X_2 + log(X_4))(sqrt(X_7)))((sqrt(X_6 + X_8))(sqrt(X_9))))),29,0.3796753037385971,0.41757445661748316,0.3796753037385971,0.41757445661748316,0.40620059549268184,0.3978306554325831
1026,(0.014748697657327246)(240.99350013350698 + (X_1)(X_3) + X_4 + exp(X_3)),11,0.6208880757862797,0.6539582762208452,0.6208880757862797,0.6539582762208452,0.028951933303983712,0.05694991557618978
1027,log((-2.3988126231849334)((((X_2)^((-2)(-0.25495323488929783)))((X_7)^((-1)(-0.25495323488929783))))(((X_8)^((-1)(-0.25495323488929783)))(((2.78107218186392 + X_3 + (2)(X_9))^((-2)(-0.25495323488929783)))((X_4 + (X_1)(X_4) + sqrt((X_9)(((2.78107218186392)(sin(exp(sqrt(X_6)))))^(X_9) - (X_4))))^((-2)(-0.25495323488929783))))))),41,0.3704143707221538,0.41209545297591516,0.3704143707221538,0.41209545297591516,0.42068438323499,0.4057317326642965
1028,log((6.510047534359734)((((X_2)^((-1)(-0.3020489436161147)))(((X_7)^((-1)(-0.3020489436161147)))((X_8)^((-1)(-0.3020489436161147)))))(((X_2 + (2)(X_4) - (((X_2)^(-3))(sqrt(X_4))))^((-1)(-0.3020489436161147)))(((sqrt(X_9))^((-1)(-0.3020489436161147)))((X_9 + (X_2 + (2)(X_4) - (((X_2)^(-3))(sqrt(X_4))))(sqrt(X_9)))^((-1)(-0.3020489436161147))))))),33,0.382611171501598,0.43491165308855984,0.382611171501598,0.43491165308855984,0.40160899706050557,0.37282929802151854
1029,(-6.029673537093563e-05)(-74459.88024156094 + X_7 + X_8 + X_9 + (2)((15988.68427786475 + X_2)(((X_8)((exp(X_8))^(-1)) + sqrt((X_2)((X_4)^(X_2))))^(-1)))),26,0.44409077187723667,0.5054917003550743,0.44409077187723667,0.5054917003550743,0.3054569699654367,0.2710483099163308
1030,log((6.804195535338771)((((X_2)^((-2)(-0.18235315680376776)))((X_7)^((-1)(-0.18235315680376776))))(((X_8)^((-1)(-0.18235315680376776)))(((X_6 + (X_2)(X_9))^((-2)(-0.18235315680376776)))((X_3 + ((X_1)^(1.0933700638224655))(X_4 - (sin(X_8))) + sqrt(X_4 + (X_2)(X_9) - (((X_0)^(-1))((X_6)((log(X_2 + X_6))^(-1))))))^((-2)(-0.18235315680376776))))))),44,0.37888197650361244,0.4185729264859653,0.37888197650361244,0.4185729264859653,0.40744133260429993,0.3963907973743471
1031,sqrt((-4.724941993006113)((((X_2)^((-1)(-0.17299491228795907)))(((X_4)^(sin(X_2)) + X_7)^((-1)(-0.17299491228795907))))(((X_8)^((-1)(-0.17299491228795907)))(((X_6 + (X_2)(X_9))^((-1)(-0.17299491228795907)))(((X_1)(X_4) + (X_9)^(sqrt((log(X_2))(sqrt(X_6 + (X_2)(X_9))))))^((-1)(-0.17299491228795907))))))),34,0.371534482152304,0.4045146092953294,0.371534482152304,0.4045146092953294,0.41893256663365797,0.4166637990253098
1032,(-8.109986099350845e-05)(-54010.634360018106 + ((X_2)^((-1)(sqrt(X_4))))(14829.066513114609 + X_2 + X_4) + X_9 + (log(X_8))^(X_4 + sqrt(X_8)) + (X_7)((sqrt(X_9))^(-1))),27,0.45462470108410774,0.5069925860987327,0.45462470108410774,0.5069925860987327,0.28898225899906627,0.26888393570663804
1033,(0.1573662083469129)(20.074624864047546 + X_1 + X_7 + X_8 + X_9 + (-11.33937389118591 + X_2)((sqrt((X_2)((X_4)(sqrt(X_6)))))^(-1))),24,0.3766097942239268,0.4238269115599141,0.3766097942239268,0.4238269115599141,0.41099494926391367,0.38881421145485706
1034,log(-14.310270496348494 + (X_8)^(X_9) + log(X_0) + sqrt((309.9709310894638)((X_2)(sqrt(X_7)))) + (X_2 + X_4)(sqrt(sqrt((309.9709310894638)((X_2)(sqrt(X_7))))))),22,0.3818996785217409,0.4335428365353005,0.3818996785217409,0.4335428365353005,0.40272174814963413,0.3748032199260958
1035,(0.18485250672863318)(18.5479473997205 + X_7 + X_8 + X_9 + (-9.95607053788455 + X_2)((sqrt((X_2)(X_4)))^(-1))),19,0.37869818718528475,0.4402513370052572,0.37869818718528475,0.4402513370052572,0.4077287729163328,0.3651291288340621
1036,log((8.87427279387666)((((X_2)^((-2)(-0.2530914203170874)))((X_7)^((-1)(-0.2530914203170874))))(((X_8)^((-1)(-0.2530914203170874)))((X_2 + (X_4)(X_9))^((-2)(-0.2530914203170874)))))),22,0.38350514527090546,0.4359133955136208,0.38350514527090546,0.4359133955136208,0.4002108521544957,0.37138472072526674
1037,(0.08338506693299928)(30.55951014953684 + (3)(X_2) + X_3 + X_7 + X_9 + ((X_0)((X_2)^((-1)(X_4))))((-3.5889373438027623 + (X_2)^(X_4) + X_4)(X_9))),26,0.37232373118570405,0.4376244418823143,0.37232373118570405,0.4376244418823143,0.41769820769214616,0.36891728131648005
1038,log((-3.563390991284793)((((X_2)^((-2)(-0.24237805549429067)))((X_7)^((-1)(-0.24237805549429067))))(((X_8)^((-1)(-0.24237805549429067)))((((2)(X_9) + sqrt(X_3))^((-2)(-0.24237805549429067)))((X_4 + (X_1)(X_4) + sqrt((X_9)(((X_6)(sin(exp(sqrt(X_6)))))^(X_9) - (X_4))))^((-2)(-0.24237805549429067))))))),40,0.37600670171107975,0.4110466913990446,0.37600670171107975,0.4110466913990446,0.4119381656687341,0.40724411461521204
1039,3.4022841752519093 + (-0.17091399744075297)(((X_2)^(-1))((sqrt(-5.913956497021683))((X_2)((X_7)^(-1))) - (-5.913956497021683)) - (X_4 + X_8 + X_9 + log(X_6))),24,0.37784437185317193,0.4147542052478247,0.37784437185317193,0.4147542052478247,0.40906411137731646,0.40189764011488205
1040,sqrt((5.263225144694599)((((X_4)^((-1)(-0.21402911501746458)))((X_7)^((-1)(-0.21402911501746458))))(((X_9 + sin(sqrt(X_8)))^((-1)(-0.21402911501746458)))(((X_2)(X_8 + exp(sqrt(X_9))) - (X_9 + sin(sqrt(X_8))))^((-1)(-0.21402911501746458)))))),26,0.3864954936890653,0.4235077463421769,0.3864954936890653,0.4235077463421769,0.3955340478101308,0.3892744683190589
1041,log((-5.918823705902326)((((X_2)^((-2)(-0.18317705362746142)))((X_7)^((-1)(-0.18317705362746142))))(((X_8)^((-1)(-0.18317705362746142)))(((X_3 + X_6 + (2)(X_9))^((-2)(-0.18317705362746142)))(((X_1)(X_4) + sqrt((X_4)((((X_2)(sin(exp(sqrt(X_6)))))^(X_9))(((X_2)(sin(exp(sqrt(X_6)))))^(X_9) - (X_4)))))^((-2)(-0.18317705362746142))))))),40,0.3693794347083602,0.4203919275485011,0.3693794347083602,0.4203919275485011,0.4223029883500514,0.3937676803224389
1042,(0.18139575957678047)(X_7 + X_8 + X_9 + log(-27949086.178608164 - (sqrt(X_1))) + (-8.62637028540716 + X_2)((sqrt((X_2)(((X_4)(sqrt(X_6)))^(X_2))))^(-1))),27,0.3729982088461457,0.42643897325431834,0.3729982088461457,0.42643897325431834,0.4166433473175576,0.38504744973473126
1043,log(exp(1.5354020682561478) + X_0 + X_2 + (exp(1.5354020682561478))((X_2 + log(X_4))((sqrt(X_7 + X_8))(sqrt(X_9))))),20,0.38118256016554736,0.4327093256640482,0.38118256016554736,0.4327093256640482,0.4038432971381407,0.3760051964528631
1044,log((-5.371061365287344)((((X_2)^((-2)(-0.1930064567613432)))((X_7)^((-1)(-0.1930064567613432))))(((X_8)^((-1)(-0.1930064567613432)))(((X_6 + (2)(X_9))^((-2)(-0.1930064567613432)))(((X_1)(X_4) + sqrt((X_7)(((X_1 + X_9)(((X_2)(sin(exp(sqrt(X_6)))))^(X_9)) - (X_4))(sqrt(X_6 + (2)(X_9))))))^((-2)(-0.1930064567613432))))))),41,0.37193962515244583,0.4121382013036374,0.37193962515244583,0.4121382013036374,0.41829893660859285,0.40567008681389094
1045,(0.17303122089634487)(18.46357377774985 + X_7 + X_8 + X_9 + (-5.732075948439177 + X_2)((sqrt((0.3866299815732125)((X_2)((X_4)^(X_2)))))^(-1))),22,0.3751322066383328,0.4354528545797834,0.3751322066383328,0.4354528545797834,0.41330584654849767,0.3720488505059093
1046,log((-5.197559969509128)((((X_2)^((-3)(-0.24100461644443788)))((X_4)^((-1)(-0.24100461644443788))))(((X_7)^((-1)(-0.24100461644443788)))((X_8 + exp(sqrt(X_9)))^((-3)(-0.24100461644443788)))))),23,0.3877370660430275,0.4339700867695218,0.3877370660430275,0.4339700867695218,0.3935922704093465,0.37418709748510326
1047,(0.18035209031547728)(17.603552358453047 + X_7 + X_8 + X_9 + (-8.26579929894021 + X_2)((sqrt((X_2)((X_4)^(X_2))))^(-1))),20,0.37621658921429196,0.43399299247562734,0.37621658921429196,0.43399299247562734,0.41160990867336533,0.37415406597703604
1048,(0.17627949636644863)(18.484800558137042 + X_7 + X_8 + X_9 + sqrt(X_3) + (-10.553723638373386 + X_2)((sqrt((X_2)(X_4)))^(-1))),22,0.3771533404994793,0.4396888312969898,0.3771533404994793,0.4396888312969898,0.41014486117135907,0.36594029840704456
1049,0.9027346516191983 + log((2)(X_4) + (X_2)(X_7 + X_8 + X_9 + (log(X_3))^(X_7))),18,0.38694969852907274,0.43769921768059683,0.38694969852907274,0.43769921768059683,0.3948236867177315,0.36880944978433605
1050,(0.10028597527742976)(26.18676279450179 + (2)(X_2) + X_3 + X_8 + X_9 + (1.5345553772148226)(((X_2)^((-1)(X_4)))((-3.826094151914704 + (X_2)^(X_4) + X_4)(X_9)))),26,0.3745246863655813,0.4338056894209063,0.3745246863655813,0.4338056894209063,0.414255987820879,0.3744241690829838
1051,log((-2.2001328897176267)(-2.2001328897176267 + (-2.2001328897176267)((X_2 + log(X_4))((sqrt(X_7 + X_8))(sqrt(X_9))))) - (-2.2001328897176267)),18,0.38247475175018575,0.4332092256401108,0.38247475175018575,0.4332092256401108,0.40182235296317825,0.37528430839047233
1052,log((7.743233609241474)((((X_2)^((-2)(-0.26370872959458813)))((X_7)^((-1)(-0.26370872959458813))))(((X_8)^((-1)(-0.26370872959458813)))(((X_1)(X_4) + sqrt((X_7 + X_9)(((1.6062394795793047)(sin(exp(sqrt(X_6)))))^(X_9) - (X_4))))^((-2)(-0.26370872959458813)))))),34,0.3953797024724979,0.43803799989864495,0.3953797024724979,0.43803799989864495,0.38163944409697215,0.3683209039382954
1053,log((3.1405806301869506)(((X_7)^((-1)(-0.24010275158853459)))(((X_8)^((-1)(-0.24010275158853459)))((X_7 + (X_2)((X_0 + X_3 + X_9 + sqrt(X_6))((X_1)(X_4) + sqrt((3.1555726495749115)((X_9)(((X_2)(sin(exp(sqrt(X_6)))))^(X_9) - (X_4)))))))^((-2)(-0.24010275158853459)))))),40,0.3668139487545574,0.41575475812924856,0.3668139487545574,0.41575475812924856,0.426315322090591,0.4004547782174074
1054,log((2)(X_4) + (X_2)(X_7 + X_8 + X_9)) + sqrt((-0.9737206721840209)^(X_7)),16,0.390429688343519,0.4419938911319472,0.390429688343519,0.4419938911319472,0.3893810996988708,0.362616253202631
1055,4.906464823731074 + (-0.17701378756454775)(((X_2)^(-1))(X_2 - (-8.227382614844643 + X_7)) - (-8.227382614844643 + X_4 + X_8 + X_9)),19,0.3866994623382396,0.4289245253180555,0.3866994623382396,0.4289245253180555,0.3952150477033942,0.3814631230754024
1056,(0.13554725190880768)(20.662041697229945 + X_2 + X_8 + ((X_2 + X_4)(X_9))(((log((X_2)(X_2 + X_4)))^(-1))(log(log((X_2)(X_2 + X_4)))))),19,0.3865102359267775,0.4400599209358256,0.3865102359267775,0.4400599209358256,0.39551099144621027,0.365405163172951
1057,sqrt((7.101649113957199)((((X_2)^(0.3072645409441267))((-0.6492155442799837 + (X_4)(X_7))^((-1)(-0.1392082950561428))))(((X_9)^((-1)(-0.1392082950561428)))(((X_8 + sin(exp(X_5)))^((-1)(-0.1392082950561428)))((sqrt((X_1)(X_9)))^((-1)(-0.1392082950561428))))))),31,0.3818681424582285,0.42360764183941574,0.3818681424582285,0.42360764183941574,0.4027710694922386,0.38913041255811787
1058,(0.17593907515858243)(19.24559278552389 + X_7 + X_8 + X_9 + (-17.185094150652734 + (2.662299276193303)(X_2))((sqrt((2.662299276193303)((X_2)(X_4))))^(-1))),22,0.37751673759025167,0.4397486711293782,0.37751673759025167,0.4397486711293782,0.4095765203444064,0.365854005502684
1059,sqrt((4.885320241689372)((((X_2)^((-1)(-0.2173164051309141)))((X_7)^((-1)(-0.2173164051309141))))(((X_8)^((-1)(-0.2173164051309141)))(((X_9)^((-1)(-0.2173164051309141)))(((X_1)(X_4) + sqrt((X_9)(19.654980156981907 - (X_4 + (exp(X_9))^(log(X_2))))))^((-1)(-0.2173164051309141))))))),31,0.40458375731660484,0.428966495999053,0.40458375731660484,0.428966495999053,0.36724461190307667,0.38140259864181514
1060,sqrt(((2)^((-1)(-0.15577545880039312)))((((X_2)^((-2)(-0.15577545880039312)))(((X_4)^(-0.15577545880039312))((X_7)^((-1)(-0.15577545880039312)))))(((X_8)^((-1)(-0.15577545880039312)))((((X_4)(X_8) + sqrt((-130492.08309152242 + X_2)(X_9)))^((-2)(-0.15577545880039312)))((X_4 + sqrt(log(X_4)))^((-2)(-0.15577545880039312))))))),34,0.3838982274077784,0.43470280443888987,0.3838982274077784,0.43470280443888987,0.39959608491391074,0.3731304712673733
1061,log((2)(X_2) + (2)(X_4) + X_7 + (X_3)(X_7) + X_8 + (X_3)((X_9)^(-1)) + ((-0.7396060439814701)(-0.7396060439814701))((X_2 + X_8)(X_9 + (X_2 + X_4)(X_9))) - (-0.7396060439814701)),29,0.389881137052942,0.43778382073813316,0.389881137052942,0.43778382073813316,0.3902390154665779,0.36868744670944076
1062,log(exp(1.5803325129757955) + X_0 + X_1 + (exp(1.5803325129757955))((X_2 + log(X_4))((sqrt(X_7 + X_8))(sqrt(X_9)))) - (X_8)),22,0.38062190569267057,0.4309489113502197,0.38062190569267057,0.4309489113502197,0.40472014187586913,0.3785438276280365
1063,log((-7.223632391768786)((((X_2)^((-1)(-0.3427770818012493)))((X_7)^((-1)(-0.3427770818012493))))(((X_8)^((-1)(-0.3427770818012493)))((((-0.23089778881608242)((X_4)^(-1)) + (X_2)(X_9))^((-1)(-0.3427770818012493)))(((X_0 + X_1)(((X_2)^(-1))(X_4)) + (X_3)(sqrt((X_2)(sin(exp(sqrt(X_6)))) - (X_4))))^((-1)(-0.3427770818012493))))))),41,0.3763430682655916,0.4226878342183978,0.3763430682655916,0.4226878342183978,0.4114120996913092,0.39045683457339897
1064,sqrt((-11.368536166413994)((((-0.9999998309442999 + X_0)^((-1)(0.00045841073621158803)))((X_2)^((-1)(0.00045841073621158803))))(((X_8)^((-1)(0.00045841073621158803)))(((X_6 + (X_2)(X_9))^((-1)(0.00045841073621158803)))(((X_1)(X_4) + sqrt((X_9)(X_8 + (-2)(X_9) - (X_4))))^((-1)(0.00045841073621158803))))))),34,0.8269664782172473,0.8816439845953398,0.8269664782172473,0.8816439845953398,-0.2933477565635936,-0.271387585931552
1065,(0.15101022070933207)(16.421913485573608 + X_2 + X_3 + X_7 + X_9 + ((X_2)^((-1)(X_4)))((-4.238542428549003 + (X_2)^(X_4) + X_4)(X_9))),22,0.3760733282152397,0.42956068632032646,0.3760733282152397,0.42956068632032646,0.4118339640572386,0.38054573780983825
1066,sqrt((-6.030818805994094)((((X_2)^((-1)(-0.1919293820290739)))((X_2 + X_4)^((-1)(-0.1919293820290739))))(((X_7)^((-1)(-0.1919293820290739)))(((X_8)^((-1)(-0.1919293820290739)))((sqrt((X_4)((X_9)(X_9))))^((-1)(-0.1919293820290739))))))),24,0.3885321288173472,0.43027332968962856,0.3885321288173472,0.43027332968962856,0.3923488189725841,0.37951806002973865
1067,(0.18035209031547728)(17.603552358453047 + X_7 + X_8 + X_9 + (-8.26579929894021 + X_2)((sqrt((X_2)((X_4)^(X_2))))^(-1))),20,0.37621658921429196,0.43399299247562734,0.37621658921429196,0.43399299247562734,0.41160990867336533,0.37415406597703604
1068,sqrt((-6.963404587425358)((((X_2)^(0.30594389250196724))(((X_4)^((-1)(-0.16483498272129346)))((X_7)^((-1)(-0.16483498272129346)))))(((X_8)^((-1)(-0.16483498272129346)))(((sqrt(X_9))^((-1)(-0.16483498272129346)))((sqrt((X_1)(X_9)))^((-1)(-0.16483498272129346))))))),27,0.3845714244734976,0.423533314268755,0.3845714244734976,0.423533314268755,0.3985432273463946,0.3892375977170728
1069,3.393144361690993 + (-0.12069176298552284)(((-1)(-0.2681282326827568))(log(-0.12069176298552284) + X_9 - ((X_2 + log(X_4))(sqrt((X_7)(X_9))))) + ((X_2)^(-1))(9.094173944432745 + X_9 - (X_8 + (X_2 + log(X_4))(sqrt((X_7)(X_9))))) - (-0.2681282326827568 + X_4 + X_9)),31,0.38398987819471386,0.42910334295204877,0.38398987819471386,0.42910334295204877,0.3994527461658567,0.38120525649435943
1070,(0.16637405002769148)(21.06056648480676 + ((X_2)^(-1))(-11.541557606957975 + X_2 + (2)(X_4)) + X_7 + X_9 + (log(X_8))^(X_3)),23,0.38404087808116844,0.44185166926269,0.38404087808116844,0.44185166926269,0.3993729840588446,0.36282134632659135
1071,sqrt((-5.122899612169108)((((X_2)^((-1)(-0.17245585309196915)))(((X_2 + X_6)^((-1)(-0.17245585309196915)))((X_7)^((-1)(-0.17245585309196915)))))(((X_8)^((-1)(-0.17245585309196915)))(((X_9)^((-1)(-0.17245585309196915)))(((X_1)(X_4) + sqrt(((X_5)(X_5))(X_5 - (X_4 + sqrt(X_2 + X_4)))))^((-1)(-0.17245585309196915))))))),35,0.3797332696034495,0.4063480901845725,0.3797332696034495,0.4063480901845725,0.4061099388297591,0.41401980112779524
1072,log((2.6996464546073016)(((X_7)^((-1)(-0.22917716913245428)))(((X_8)^((-1)(-0.22917716913245428)))((X_7 + (2)((X_2)((X_0 + X_3 + X_9 + sqrt(X_6))((X_1)(X_4) + sqrt(((X_9)(X_9))(((X_2)(sin(exp(sqrt(X_6)))))^(X_9) - (X_4)))))))^((-2)(-0.22917716913245428)))))),41,0.36716964666661744,0.41254303929645997,0.36716964666661744,0.41254303929645997,0.4257590225201793,0.4050862842729772
1073,sqrt((6.255656530839817)((((X_2)^((-2)(-0.15788938768421532)))((X_0 + (X_1)(X_4))^((-1)(-0.15788938768421532))))(((X_7)^((-1)(-0.15788938768421532)))(((X_8)^((-1)(-0.15788938768421532)))((X_9)^((-1)(-0.15788938768421532))))))),26,0.38794544617178944,0.42439614551179644,0.38794544617178944,0.42439614551179644,0.39326637089691685,0.3879933393198919
1074,sqrt((-5.366849420048498)((((X_2)^((-1)(-0.1462508782735359)))((X_8 + (X_2)(X_9))^((-1)(-0.1462508782735359))))((((X_1)(X_4) + sin((X_8)(X_9)))^((-1)(-0.1462508782735359)))(((X_7)((2)(X_8) + (X_2)(X_9)) - (log(X_1)))^((-1)(-0.1462508782735359)))))),31,0.38503135915248066,0.42217054890802114,0.38503135915248066,0.42217054890802114,0.3978239049785631,0.39120279341108044
1075,log((7.211395559234507)((((X_2)^((-2)(-0.18298408964225343)))((X_7)^((-1)(-0.18298408964225343))))(((X_8)^((-1)(-0.18298408964225343)))(((X_6 + X_9 + (X_3)(log(X_2)))^((-2)(-0.18298408964225343)))(((X_1)(X_4) + sqrt((X_4)((X_9)(0.9195512955349479 + ((X_2)(sin(exp(sqrt(X_6)))))^(X_9)))))^((-2)(-0.18298408964225343))))))),41,0.37537536075286343,0.41930361018676987,0.37537536075286343,0.41930361018676987,0.4129255616919636,0.3953371042706939
1076,sqrt((-5.344157987893604)((((X_4)^((-1)(-0.20850919055647452)))((X_7)^((-1)(-0.20850919055647452))))(((X_9 + sqrt(X_3))^((-1)(-0.20850919055647452)))(((X_2)(X_8 + exp(sqrt(X_9))) - (X_9 + sqrt(X_3)))^((-1)(-0.20850919055647452)))))),26,0.3826085396631231,0.42143328141450764,0.3826085396631231,0.42143328141450764,0.4016131131673575,0.3922659807691774
1077,(0.17001767377694252)(15.194649346373756 + X_7 + X_8 + ((X_2 + X_4)(X_9))(((log((X_2)(X_2 + X_4)))^(-1))(log(log((X_2)(X_2 + X_4)))))),20,0.38309768468365835,0.4316200199588167,0.38309768468365835,0.4316200199588167,0.40084810680784044,0.3775760456562991
1078,log((2.2842645683874947)((((X_2)^((-2)(-0.276662206018724)))((X_7)^((-1)(-0.276662206018724))))(((X_0 + X_3 + (2)(X_9))^((-2)(-0.276662206018724)))((X_4 + (X_1)(X_4) + sqrt(exp(X_9)))^((-2)(-0.276662206018724)))))),31,0.3845244537807017,0.42308783027615576,0.3845244537807017,0.42308783027615576,0.39861668793004823,0.3898800144156701
1079,sqrt((-6.0873001611126325)((((X_2)^((-2)(-0.13987447208395326)))(((X_6)^((-1)(-0.13987447208395326)))((X_7)^((-1)(-0.13987447208395326)))))(((X_8)^((-1)(-0.13987447208395326)))(((X_9)^((-1)(-0.13987447208395326)))(((X_1)(X_4) + (X_9)^(sqrt((X_2)((X_2 + X_4)^(-1)) + X_9)))^((-1)(-0.13987447208395326))))))),34,0.386053716504563,0.4056000455937099,0.386053716504563,0.4056000455937099,0.39622497246732946,0.4150985297565427
1080,log((-7.485174514866561)((((X_4)^((-1)(-0.3741147757751955)))((X_7)^((-1)(-0.3741147757751955))))(((X_8 + X_9)^((-1)(-0.3741147757751955)))(((X_2)(X_8 + exp(sqrt(X_9))) - (X_8 + X_9))^((-1)(-0.3741147757751955)))))),24,0.3825939223296737,0.42885889393944615,0.3825939223296737,0.42885889393944615,0.401635974185212,0.38155776776358663
1081,(0.1355472519088076)(20.662041697229963 + X_2 + X_8 + ((X_2 + X_4)(X_9))(((log((X_2)(X_2 + X_4)))^(-1))(log(log((X_2)(X_2 + X_4)))))),19,0.3865102359267775,0.4400599209358256,0.3865102359267775,0.4400599209358256,0.39551099144621027,0.365405163172951
1082,log((-10.041907177964577)((((X_2)^((-2)(-0.1659674768169042)))(((X_7)^((-1)(-0.1659674768169042)))((X_8)^((-1)(-0.1659674768169042)))))(((X_2 + log(X_4))^((-2)(-0.1659674768169042)))(((sqrt(X_9))^((-2)(-0.1659674768169042)))(((X_1)(X_4) + sqrt((X_9)((((0.5773502932929105)((X_2 + log(X_4))(sqrt(X_9))))^(X_9))^(sin(X_2)) - (X_4))))^((-2)(-0.1659674768169042))))))),39,0.38347065826891136,0.43680479522600735,0.38347065826891136,0.43680479522600735,0.40026478866562953,0.37009926474957444
1083,log(-44.72799966963539 + (-55509554142.5281)(((X_7)^((-1)(1941245907.3451111)))(((X_8)^((-1)(1941245907.3451111)))((X_7 + (2)((X_2)((X_0 + X_3 + X_9 + sqrt(X_6))((X_1)(X_4) + sqrt((-1873480877.6214464)((X_9)(((X_2)(sin(exp(sqrt(X_6)))))^(X_9) - (X_4))))))))^((-2)(1941245907.3451111)))))),44,0.6393999402098051,0.6934516520212659,0.6393999402098051,0.6934516520212659,0.0,-2.0838663408184743e-06
1084,sqrt((2.8380041474969407e-09)((((X_0)^((-1)(-3.5302546222806934)))(((X_1)^((-1)(-3.5302546222806934)))((X_2)^((-1)(-3.5302546222806934)))))((((X_8)^((-1)(-3.5302546222806934)))((X_7 + X_9)^((-1)(-3.5302546222806934))))(((((X_0)^(-1))(sin((X_0)(((X_2)(X_9) + sin(X_2) + sqrt(X_9))((X_3 + (X_2)(X_9) + sin(X_2) + sqrt(X_9))^(-1))))) + log(X_4))^((-1)(-3.5302546222806934)))(((X_2)(X_9) + sin(X_2) + sqrt(X_9))^((-1)(-3.5302546222806934))))))),43,15194.043734041876,18459.04836464606,15194.043734041876,18459.04836464606,-23761.97334193726,-26618.140320786995
1085,sqrt((4.44139777663879)((((X_7)^(0.13463778882890154))((X_8)^((-1)(-0.18999465906320562))))(((X_9)^((-1)(-0.18999465906320562)))(((X_2)(X_2) + (X_2)(sin(X_1) + (X_6 + sqrt(X_2))((X_0 + X_1)(X_4) + sqrt((X_9)(X_5 - (X_4 + sqrt(X_2 + X_5)))))))^((-1)(-0.18999465906320562)))))),40,0.3824364176695558,0.4129121086187013,0.3824364176695558,0.4129121086187013,0.4018823061759005,0.40455406246593884
1086,log((-8.001899775920363)(((X_7)^((-1)(-0.13566922304062723)))(((X_8)^((-1)(-0.13566922304062723)))(((2)((X_2)((X_4 + log((X_2 + X_4)(X_2 + X_4)))((X_1)(X_4) + sqrt((X_2)((X_4)(((X_2)(X_9))^(X_9) - (X_4))))))) - ((X_4)((((X_2)(X_9))^(X_9) - (X_4))((X_4 + log((X_2 + X_4)(X_2 + X_4)))^(-1)))))^((-2)(-0.13566922304062723)))))),39,0.3807987857998747,0.4227314085835225,0.3807987857998747,0.4227314085835225,0.40444350733763923,0.3903939975236915
1087,log((-3.2453249619471087)(((X_7)^((-1)(-0.2229100128575385)))(((X_8)^((-1)(-0.2229100128575385)))(((2)((X_2)((X_2 + X_4 + X_6 + (2)(X_9))(X_4 + sqrt((X_9)(((X_2)(sin(exp(sqrt(X_6)))))^(X_9) - (X_8)))))) - (X_5))^((-2)(-0.2229100128575385)))))),38,0.37489773465587356,0.42102576092057153,0.37489773465587356,0.42102576092057153,0.4136725528424994,0.3928536516500045
1088,log(X_0 + X_1 + X_2 + X_7 + X_8 + (X_2 + log(X_4))((sqrt(X_7 + X_8))(sqrt(X_9))) + (-4.84032446106205)((X_2 + log(X_4))((sqrt(X_7 + X_8))(sqrt(X_9))))),22,1.83633771335993,2.234482278231848,1.83633771335993,2.234482278231848,-1.8719704176972178,-2.2222678078294242
1089,sqrt((-5.483665538021068)((((X_7)^((-1)(-0.15454003882440923)))((X_8)^((-1)(-0.15454003882440923))))(((X_6 + (X_2)((X_9)(X_9)) + sqrt(X_9))^((-1)(-0.15454003882440923)))((sin((2)(X_9)) + ((X_2)(X_6 + (X_2)((X_9)(X_9))))(((X_1)(X_4) + sqrt((-2)(X_2) + X_8 - (X_4)))((X_6 + (X_2)((X_9)(X_9)) + sqrt(X_9))^(-1))))^((-1)(-0.15454003882440923)))))),41,0.3806816580320615,0.41466768508689167,0.3806816580320615,0.41466768508689167,0.4046266912268569,0.40202240777673315
1090,log(5.123958945967324 + (5.123958945967324)((X_2 + log(X_4))((sqrt(X_7 + X_8))(sqrt(X_9))))),16,0.38187418108849036,0.43551278076534267,0.38187418108849036,0.43551278076534267,0.40276162527762094,0.37196243307469723
1091,sqrt((-0.315348738820477)(((X_4)^((-1)(-0.6429099867893076)))((((-4.963380001021037)(X_9) + sqrt(X_3))^((-1)(-0.6429099867893076)))((((-1)(-4.963380001021037))(X_9) + (X_2)(X_8 + exp(sqrt(X_9))) - (sqrt(X_3)))^((-1)(-0.6429099867893076)))))),28,inf,inf,inf,inf,-inf,-inf
1092,sqrt((-6.747266768825349)((((X_1)^((-1)(-0.13853191693919173)))(((X_2)^((-2)(-0.13853191693919173)))((X_7)^((-1)(-0.13853191693919173)))))(((X_8)^((-1)(-0.13853191693919173)))(((sqrt(X_4))^((-2)(-0.13853191693919173)))((sqrt((X_6)(X_9)))^((-2)(-0.13853191693919173))))))),29,0.38210051181761306,0.4088573876598426,0.38210051181761306,0.4088573876598426,0.40240765163000314,0.41040123205092227
1093,log(exp(0.9893567732045541) + X_8 + (exp(0.9893567732045541))((sqrt(X_1 + X_8))(X_0 + (X_2 + log(X_4))^(sqrt(X_9)) + sqrt(log(X_4))))),22,0.39155964950495437,0.45061603087367796,0.39155964950495437,0.45061603087367796,0.38761387844910866,0.3501825706467011
1094,log((2.3084584813335822)((((X_2)^((-2)(-0.2646994700936552)))((4.21647912099224 + X_3)^((-2)(-0.2646994700936552))))(((X_7)^((-1)(-0.2646994700936552)))(((X_8)^((-1)(-0.2646994700936552)))((X_4 + (X_1)(X_4) + sqrt((X_9)(((4.21647912099224)(sin(exp(X_6))))^(X_9) - (X_4))))^((-2)(-0.2646994700936552))))))),37,0.3700741067516466,0.39775452624420754,0.3700741067516466,0.39775452624420754,0.4212165446399403,0.42641227553196615
1095,log((4.664159743294546)((((X_2)^((-2)(-0.22023806366629795)))((X_7)^((-1)(-0.22023806366629795))))(((X_8)^((-1)(-0.22023806366629795)))(((X_0 + X_2 + (2)(X_9))^((-2)(-0.22023806366629795)))((X_4 + sqrt((X_1)((X_3)(((X_2)(sin(exp(sqrt(X_6)))))^(X_9) - (X_4)))))^((-2)(-0.22023806366629795))))))),40,0.36993444786253293,0.4278657521900635,0.36993444786253293,0.4278657521900635,0.4214349664450281,0.38298994232984873
1096,1.815083611970366 + (0.0002815069314407765)((1211.5503464644937 + ((log(((X_2)(X_4))((X_7)((X_8)((sin((-3.9138591827918385)(X_1)))^(-1))))))(log(((X_2)(X_4))((X_7)((X_8)((sin((-3.9138591827918385)(X_1)))^(-1)))))))^(X_9 - (X_2)) - (((X_1)^(-1))(((X_9)^(-1))(sqrt(X_4)))))(log(((X_2)(X_4))((X_7)((X_8)((sin((-3.9138591827918385)(X_1)))^(-1))))) + sqrt(X_2) + sqrt(X_9))),36,0.39646437033318516,0.4471713601787062,0.39646437033318516,0.4471713601787062,0.37994306004612066,0.35515000833779975
1097,log((-10.662067835685999)((((X_2)^((-2)(-0.23513876890827232)))((X_7)^((-1)(-0.23513876890827232))))(((X_8)^((-1)(-0.23513876890827232)))(((X_1)(X_4) + sqrt(((X_7)^(-1))((X_9)(((-1.2640020771434093)(sin(exp(sqrt(X_6)))))^(X_9) - (X_4)))))^((-2)(-0.23513876890827232)))))),35,0.4169501852844281,0.4621336905843271,0.4169501852844281,0.4621336905843271,0.34790393451144985,0.33357336122548065
1098,sqrt((5.510524469355604)((((X_1)^((-1)(-0.15217731639177415)))((X_2)^((-2)(-0.15217731639177415))))(((X_7)^((-1)(-0.15217731639177415)))(((X_8)^((-1)(-0.15217731639177415)))((exp(sqrt(X_9)))^((-2)(-0.15217731639177415))))))),24,0.408395488164754,0.4384343963986384,0.408395488164754,0.4384343963986384,0.36128319306575485,0.3677492745754186
1099,(0.18115927190965797)(X_7 + X_8 + X_9 + sqrt(303.4184612697129 + X_1) + (-8.200569516513362 + X_2)((sqrt((X_2)((X_4)^(X_2))))^(-1))),23,0.3759121319871686,0.43339880233519856,0.3759121319871686,0.43339880233519856,0.4120860695360383,0.3750109265482232
1100,log((-1.8127877510637522)((((X_2)^((-2)(-0.26656668679717554)))((1.648662554686604 + (2)(exp(1.648662554686604)) + X_3)^((-2)(-0.26656668679717554))))(((X_7)^((-1)(-0.26656668679717554)))(((X_8)^((-1)(-0.26656668679717554)))((sqrt((X_9)(((1.648662554686604)(sin(exp(sqrt(X_6)))))^(X_9) - (X_7))) + (X_4)(X_1 + (X_7)((X_6 + sqrt((X_9)(((1.648662554686604)(sin(exp(sqrt(X_6)))))^(X_9) - (X_7))))^(-1))))^((-2)(-0.26656668679717554))))))),45,0.3991536419689099,0.4439309478332147,0.3991536419689099,0.4439309478332147,0.37573712966263906,0.35982289229248154
1101,log((2.3084584813335822)((((X_2)^((-2)(-0.2646994700936552)))((4.21647912099224 + X_3)^((-2)(-0.2646994700936552))))(((X_7)^((-1)(-0.2646994700936552)))(((X_8)^((-1)(-0.2646994700936552)))((X_4 + (X_1)(X_4) + sqrt((X_9)(((4.21647912099224)(sin(exp(X_6))))^(X_9) - (X_4))))^((-2)(-0.2646994700936552))))))),37,0.3700741067516466,0.39775452624420754,0.3700741067516466,0.39775452624420754,0.4212165446399403,0.42641227553196615
1102,sqrt((5.27656681845816)((((X_2)^((-1)(-0.17064757395525593)))((X_7)^((-1)(-0.17064757395525593))))(((X_8)^((-1)(-0.17064757395525593)))(((X_6 + (X_2)(X_9))^((-1)(-0.17064757395525593)))(((X_1)(X_4) + sqrt(X_8 - ((X_4)^(X_9) + X_9 + (X_2)(X_9))))^((-1)(-0.17064757395525593))))))),31,0.3801861580783217,0.41471065082896974,0.3801861580783217,0.41471065082896974,0.40540163648815497,0.40196044840077993
1103,(0.13554725190880768)(20.662041697229945 + X_2 + X_8 + ((X_2 + X_4)(X_9))(((log((X_2)(X_2 + X_4)))^(-1))(log(log((X_2)(X_2 + X_4)))))),19,0.3865102359267775,0.4400599209358256,0.3865102359267775,0.4400599209358256,0.39551099144621027,0.365405163172951
1104,(0.17333026970553922)(12.56547574289282 + X_2 + X_8 + X_9 + log(((X_2)((X_4)^(X_7)))((X_6)(sqrt(X_5))))),20,0.3854621498782837,0.41463624153525575,0.3854621498782837,0.41463624153525575,0.3971501627732359,0.40206775140965756
1105,log((-5.414719986210091)((((X_2)^((-2)(-0.2943083049893452)))(((X_4)^((-1)(-0.2943083049893452)))((X_6)^((-1)(-0.2943083049893452)))))(((X_7)^((-1)(-0.2943083049893452)))(((X_8 + exp(sqrt(X_9)))^((-2)(-0.2943083049893452)))((sqrt(sqrt(X_9)))^((-1)(-0.2943083049893452))))))),29,0.38439419570732125,0.4158459786811163,0.38439419570732125,0.4158459786811163,0.3988204071755297,0.4003232322881515
1106,log((7.354659268901776)((((X_4)^((-1)(-0.3769945676215278)))((X_7)^((-1)(-0.3769945676215278))))(((sqrt((X_2)(X_8 + exp(sqrt(X_9)))))^((-1)(-0.3769945676215278)))(((X_2)(X_8 + exp(sqrt(X_9))) - (sqrt((X_2)(X_8 + exp(sqrt(X_9))))))^((-1)(-0.3769945676215278)))))),24,0.38532383165349976,0.4341654799911859,0.38532383165349976,0.4341654799911859,0.39736648782440587,0.37390532783574426
1107,log((4.442077308420838)((((X_2)^((-2)(-0.21750732073573936)))((X_7)^((-1)(-0.21750732073573936))))(((X_8)^((-1)(-0.21750732073573936)))((X_4 + (X_3 + X_6 + X_9)((X_1)(X_4) + sqrt(((X_4)(X_5))((X_9)(((X_2)(sin(exp(sqrt(X_6)))))^(X_9) - (X_4))))))^((-2)(-0.21750732073573936)))))),40,0.36948193463646944,0.4123380834069123,0.36948193463646944,0.4123380834069123,0.42214268191011717,0.4053818439072372
1108,log((-12.453740299019278)(((-0.777229476702852 + (2)((X_2)(X_4)))^((-2)(-0.2442072003746296)))(((X_7)^((-1)(-0.2442072003746296)))((X_8)^((-1)(-0.2442072003746296)))))),22,0.41195732740786206,0.4750991227157427,0.41195732740786206,0.4750991227157427,0.35571259629350727,0.31487637043765615
1109,sqrt((4.767422893524849)((((X_2)^((-1)(-0.17154463121385793)))((X_6 + (X_2)(X_9))^((-1)(-0.17154463121385793))))(((X_8 + (X_7)(X_8 + X_9))^((-1)(-0.17154463121385793)))(((X_1)(X_4) + sqrt(log(X_8)))^((-1)(-0.17154463121385793)))))),29,0.3835053781901779,0.41302936380865213,0.3835053781901779,0.41302936380865213,0.40021048787658786,0.40438497290655406
1110,log((-3.1537153314760435)(((X_7)^((-1)(-0.239802758314931)))(((X_8)^((-1)(-0.239802758314931)))((((X_2)^(-1))(X_7) + (X_2)((X_0 + X_3 + X_9 + sqrt(X_6))((X_1)(X_4) + sqrt((-3.2050008214976806)((X_9)(((X_2)(sin(exp(sqrt(X_6)))))^(X_9) - (X_4)))))))^((-2)(-0.239802758314931)))))),42,0.3671838462212937,0.4159596111221057,0.3671838462212937,0.4159596111221057,0.4257368148942736,0.40015936696682297
1111,log((6.244742227010096)((((X_2)^((-1)(-0.4009242809658185)))((X_7)^((-1)(-0.4009242809658185))))(((sqrt(X_9) + (X_2)(sqrt(X_9)))^((-1)(-0.4009242809658185)))((X_3 + (X_1)(X_4) + sqrt(((X_9)(X_9))((-1 + 2.618034407696143)(X_4) - (sqrt((2.618034407696143)(X_4))))))^((-1)(-0.4009242809658185)))))),34,0.38900363215572586,0.44096988093440626,0.38900363215572586,0.44096988093440626,0.39161140361057456,0.3640929420654472
1112,sqrt((-6.097217775953739)((((X_2)^((-1)(-0.1739145706048958)))((X_7)^((-1)(-0.1739145706048958))))(((X_8)^((-1)(-0.1739145706048958)))(((X_9)^((-1)(-0.1739145706048958)))(((X_1)(X_4) + sqrt((X_6)((X_9)(X_8 - (X_4 + (exp(X_9))^(log(X_2)))))))^((-1)(-0.1739145706048958))))))),32,0.38311810445251077,0.4081677599144284,0.38311810445251077,0.4081677599144284,0.40081617097618283,0.41139571981441114
1113,sqrt((-5.526098032412918)((((X_2)^((-1)(-0.1717527374021464)))((X_7)^((-1)(-0.1717527374021464))))(((X_8)^((-1)(-0.1717527374021464)))(((X_6 + (X_2)(X_9))^((-1)(-0.1717527374021464)))(((X_1)(X_4) + sqrt((((X_0)^(-1))(X_2) - (X_4))(X_9)))^((-1)(-0.1717527374021464))))))),32,0.378872989181235,0.4200411353119532,0.378872989181235,0.4200411353119532,0.4074553884742058,0.3942735453910844
1114,log((2)(-4.754870678619916) + X_9 + (-4.754870678619916)((X_2 + log(X_4))((sqrt(X_7 + X_8))(sqrt(X_9))))),19,0.38202358972253525,0.4319274771360731,0.38202358972253525,0.4319274771360731,0.40252795519939755,0.37713267254288896
1115,(-0.17459110881880932)(-18.422507731212615 + ((X_2)^(-1))(8.088724979131179 - (X_7)) - (X_4 + X_8 + X_9)) + (0.07304587611774245)((log(X_1))(log(X_1))),23,0.3856349524568135,0.42624948500236304,0.3856349524568135,0.42624948500236304,0.39687990535270323,0.3853207040362694
1116,(0.18139575160107493)(17.14589617875486 + X_7 + X_8 + X_9 + (-8.626370695925013 + X_2)((sqrt((X_2)(((X_4)(sqrt(X_6)))^(X_2))))^(-1))),23,0.37299820905237085,0.42643897383526586,0.37299820905237085,0.42643897383526586,0.41664334699502836,0.3850474488969674
1117,log(exp(0.9907301337172872) + X_7 + (exp(0.9907301337172872))((X_0 + (log(X_4))^(log(X_4)) + (X_2 + log(X_4))^(sqrt(X_9)))(sqrt(sqrt(exp(0.9907301337172872)) + X_8)))),23,0.3889883882126718,0.43772285086968127,0.3889883882126718,0.43772285086968127,0.3916352446247746,0.36877536919881293
1118,log((5.135282046124049)((((X_2)^((-2)(-0.20477796912535937)))((X_7)^((-1)(-0.20477796912535937))))(((X_8)^((-1)(-0.20477796912535937)))(((X_6 + (2)(X_9))^((-2)(-0.20477796912535937)))(((X_1)(X_4) + sqrt((X_0)((X_9)((2.027027455701827)(((X_2)(sin(exp(sqrt(X_6)))))^(X_9)) - (X_4)))))^((-2)(-0.20477796912535937))))))),41,0.37064990749365423,0.41099957118375313,0.37064990749365423,0.41099957118375313,0.4203160116467425,0.4073120650099459
1119,log((4.23596846236928)((((X_2)^((-2)(-0.33870297444816033)))((X_4)^((-1)(-0.33870297444816033))))(((X_7)^((-1)(-0.33870297444816033)))((X_6 + X_8 + exp(sqrt(X_9)))^((-2)(-0.33870297444816033)))))),25,0.38499807672547787,0.42726878277964625,0.38499807672547787,0.42726878277964625,0.397875957574927,0.38385081078791883
1120,log((-3.180092730414761)((((X_2)^((-1)(-0.19749136712360638)))((X_7)^((-1)(-0.19749136712360638))))(((X_8)^((-1)(-0.19749136712360638)))(((X_1)((((2)(X_0) + X_3 + X_9)^(-1))(((X_1)(X_4) + sqrt((X_4)((X_9)((-2)(X_0) + ((X_2)(sin(exp(sqrt(X_6)))))^(X_9) - (X_2)))))^(-1))) + (2)((X_2)(((2)(X_0) + X_3 + X_9)((X_1)(X_4) + sqrt((X_4)((X_9)((-2)(X_0) + ((X_2)(sin(exp(sqrt(X_6)))))^(X_9) - (X_2))))))))^((-2)(-0.19749136712360638)))))),49,0.36903732808647993,0.41583723103967807,0.36903732808647993,0.41583723103967807,0.42283803159977085,0.400335846952262
1121,log((6.1505297159637635)((((X_2)^((-2)(-0.3243541847000802)))((X_4)^((-1)(-0.3243541847000802))))(((X_7)^((-1)(-0.3243541847000802)))((X_8 + exp((exp(0.09571476178897177))(log(X_9))) + sqrt(X_6) - (exp(0.09571476178897177 - (exp((exp(0.09571476178897177))(log(X_9)))))))^((-2)(-0.3243541847000802)))))),32,0.3824598455903422,0.42693732652662464,0.3824598455903422,0.42693732652662464,0.4018456656957986,0.38432879211908455
1122,sqrt((5.36683735408347)((((X_4)^((-1)(-0.20504129562859988)))((X_7)^((-1)(-0.20504129562859988))))(((X_9 + sqrt(X_2))^((-1)(-0.20504129562859988)))(((X_2)(X_8 + exp(sqrt(X_9))) - (X_9 + sqrt(X_2)))^((-1)(-0.20504129562859988)))))),25,0.3853709458681014,0.42537188605203874,0.3853709458681014,0.42537188605203874,0.3972928027774755,0.38658625842144556
1123,sqrt((-6.605128601242087)((((X_2)^((-1)(-0.3309042953435039)))(((X_4)^(0.17196028933874585))((X_7)^(0.1267906245737563))))(((X_8)^(0.1267906245737563))(((sqrt((0.9193762883762747)(X_9)))^((-1)(-0.3309042953435039)))((X_0 + sqrt((0.9193762883762747)(X_9)))^(0.1267906245737563)))))),29,0.3827598372904224,0.4258751245542909,0.3827598372904224,0.4258751245542909,0.4013764887672211,0.38586055598859814
1124,1.2499035176720747 + log((X_4)(X_8) + (X_2)(X_7 + X_9)),12,0.3877829435421853,0.44196193202720246,0.3877829435421853,0.44196193202720246,0.3935205195437729,0.3626623402964465
1125,log(2.421000347729344 + X_2 + (2.421000347729344)((sqrt(X_2))(X_6 + X_7 + (X_2 + X_4)(sqrt((sqrt(2.421000347729344))(X_9)))))),19,0.4006916645269137,0.4431037383944556,0.4006916645269137,0.4431037383944556,0.37333171411396204,0.3610157817464785
1126,log(((X_3)^((-1)(X_3)))(X_8) + (4.859690773975281)((((X_2)^((-2)(-0.3432881366733184)))((X_4)^((-1)(-0.3432881366733184))))(((X_7)^((-1)(-0.3432881366733184)))((X_8 + exp(sqrt(X_9)))^((-2)(-0.3432881366733184)))))),28,0.3858277416012241,0.4323130421396552,0.3858277416012241,0.4323130421396552,0.3965783896153898,0.37657666289762504
1127,log(4.141694380432943 + X_8 + (X_6 + X_8)((X_9)^((-1)(X_4))) + (3.4581479633090204)((X_2 + log(X_4))((sqrt(X_6 + X_8))(sqrt((X_7)(X_9)))))),25,0.3781019909646102,0.4155365475523328,0.3781019909646102,0.4155365475523328,0.408661203752155,0.40076945196719427
1128,(0.1824435404024477)(X_7 + X_8 + X_9 + (-8.189657236694886 + X_2)((sqrt((X_2)((X_4)^(X_2))))^(-1)) + sqrt(-302.37345640220724 + X_8)),22,0.37610494305978226,0.43372988009793056,0.37610494305978226,0.43372988009793056,0.41178451950375283,0.37453349102450817
1129,log((3.3310164366564816)((((X_2)^((-2)(-0.2337740715055245)))((X_7)^((-1)(-0.2337740715055245))))(((X_8)^((-1)(-0.2337740715055245)))(((X_3 + X_6 + (2)(X_9))^((-2)(-0.2337740715055245)))(((X_1)(X_4) + sqrt((3.619500962368708)((X_9)(((X_8)(sin(exp(sqrt(X_6)))))^(X_9) - (X_4)))))^((-2)(-0.2337740715055245))))))),41,0.3671429077318895,0.4160275242526519,0.3671429077318895,0.4160275242526519,0.4258008413147183,0.40006143184492937
1130,(0.1573662083469129)(20.074624864047546 + X_1 + X_7 + X_8 + X_9 + (-11.33937389118591 + X_2)((sqrt((X_2)((X_4)(sqrt(X_6)))))^(-1))),24,0.3766097942239268,0.4238269115599141,0.3766097942239268,0.4238269115599141,0.41099494926391367,0.38881421145485706
1131,log((-3.9176006942206043)((X_7)(log(X_2)) + log((2)((X_3)(X_4 + sqrt(X_2)))) + (X_2 + log(X_4))((sqrt(X_7 + X_8))(sqrt(X_9))))),26,0.38127776753729925,0.4422464440301497,0.38127776753729925,0.4422464440301497,0.40369439601106105,0.3622520556068032
1132,sqrt(-2.8160442150370613 + X_4 + X_6 + X_7 + X_8 + X_9 + sqrt(21.211349085992453 + (-28.50010944642915)(X_2) - (exp(X_1)))),22,0.3845657552617437,0.41493469748966993,0.3845657552617437,0.41493469748966993,0.39855209380289147,0.4016373586411256
1133,2.724225711115316 + (0.05276298096968372)((2.220833810543617 + exp(sqrt(X_9)) + log(X_2))(sqrt(exp(log(X_2)) + (log(((sqrt(1))^(-1))(((X_2)(X_7))((X_8)(sqrt(X_4))))))(log(((sqrt(1))^(-1))(((X_2)(X_7))((X_8)(sqrt(X_4)))))) - (sin((X_2)((sqrt(X_4))(sqrt(X_4)))))))),34,0.38014527028841316,0.41581323064226644,0.38014527028841316,0.41581323064226644,0.4054655836162937,0.400370457075917
1134,log((5.556298328656337)((((X_2)^((-1)(-0.3450755937195139)))((X_7)^((-1)(-0.3450755937195139))))(((X_8)^((-1)(-0.3450755937195139)))(((X_6 + X_9 + (X_2)(X_9))^((-1)(-0.3450755937195139)))(((X_1)(X_4) + sqrt((X_8 - ((X_3)^(X_0) + X_4))(X_9)))^((-1)(-0.3450755937195139))))))),34,0.3789999914902207,0.42369774413984346,0.3789999914902207,0.42369774413984346,0.40725676113472875,0.38900047921968506
1135,sqrt(((2)^((-1)(-0.032381263697174874)))((((X_4)^((-1)(-0.032381263697174874)))((X_7)^((-1)(-0.032381263697174874))))(((X_9)^((-1)(-0.032381263697174874)))((exp(X_0))(((-2)(X_9) + (X_2)(X_8 + exp(sqrt(X_9))) - (log(sqrt(X_9))))^(-0.032381263697174874)))))),31,2.1522470438862475,2.3151251933951715,2.1522470438862475,2.3151251933951715,-2.3660419848960803,-2.338560101570916
1136,log((6.5915054378242335)((((X_2)^((-1)(-0.3412397681283155)))((X_7)^((-1)(-0.3412397681283155))))(((X_8)^((-1)(-0.3412397681283155)))(((X_6 + (X_2)(X_9))^((-1)(-0.3412397681283155)))(((X_1)(X_4) + sqrt((X_8 - (X_3 + X_4))(X_9)))^((-1)(-0.3412397681283155))))))),31,0.37744238885466064,0.41886401993589284,0.37744238885466064,0.41886401993589284,0.40969279926611946,0.3959710218129523
1137,(0.18485250672863435)(18.547947399720332 + X_7 + X_8 + X_9 + (-9.956070537884484 + X_2)((sqrt((X_2)(X_4)))^(-1))),19,0.37869818718528464,0.4402513370052571,0.37869818718528464,0.4402513370052571,0.4077287729163329,0.36512912883406223
1138,log((-8.35204909927799)((((X_1)^((-1)(-0.267198042123789)))((X_2)^((-2)(-0.267198042123789))))(((X_4)^((-1)(-0.267198042123789)))(((X_7)^((-1)(-0.267198042123789)))((X_8 + (0.5447069327488011)((X_6)(X_9)))^((-2)(-0.267198042123789))))))),28,0.3812403303427282,0.40610401144904396,0.3812403303427282,0.40610401144904396,0.4037529465241543,0.4143717784335592
1139,sqrt(5.0379871399430165 + X_4 + X_6 + X_7 + X_8 + X_9 + sqrt((X_2)(log(1.7988557365331805 - (X_6)))) - (X_2)),20,0.549883042028995,0.5849893925847761,0.549883042028995,0.5849893925847761,0.14000141781595588,0.15640750163424322
1140,log(-5.1239589472695135 + (-5.1239589472695135)((X_2 + log(X_4))((sqrt(X_7 + X_8))(sqrt(X_9))))),16,0.3818741810884904,0.4355127807497129,0.3818741810884904,0.4355127807497129,0.4027616252776208,0.3719624330972364
1141,log(7.079674545077964 + log(X_5) + (7.079674545077964)((X_2 + log(X_4))((log(X_7 + X_8))(sqrt(X_9)))) - (((exp((7.079674545077964)((X_2 + log(X_4))((log(X_7 + X_8))(sqrt(X_9))))))^(-1))(log(7.079674545077964 + (7.079674545077964)((X_2 + log(X_4))((log(X_7 + X_8))(sqrt(X_9)))))))),26,0.38020718713224083,0.4244986445071546,0.38020718713224083,0.4244986445071546,0.40536874775514664,0.3878455291464594
1142,sqrt((-5.8297037934496805)((((X_2)^((-1)(-0.18194680944474356)))((X_7)^((-1)(-0.18194680944474356))))(((X_8)^((-1)(-0.18194680944474356)))((X_1 + (X_2 + log(((X_4)((X_4)(X_4)))(X_5)))(sqrt((X_9)(X_6 - (((X_3)^(-1))(X_4) + (X_6)(X_2 + log(((X_4)((X_4)(X_4)))(X_5))))))))^((-1)(-0.18194680944474356)))))),36,0.3850362275276823,0.4336625851756313,0.3850362275276823,0.4336625851756313,0.3978162910034976,0.3746305346501694
1143,log(2.6273690895771473 + X_9 + (X_9)^(X_8) + (X_2 + X_4)(sqrt(X_0 + sqrt((193.84571366413627)((((X_2)^(1.7827359919148325))(X_3))((X_7)(sqrt(X_7)))))))),26,0.3780991677179465,0.4281146525655049,0.3780991677179465,0.4281146525655049,0.408665619214976,0.38263101190782
1144,(0.13563706758580032)(X_2 + X_8 + ((X_2 + X_4)(X_9))(((log((X_2)(X_2 + X_4)))^(-1))(log(log((X_2)(X_2 + X_4))))) + sqrt(425.58689351321493 + sin(X_1))),23,0.38653145377643827,0.44014599354351,0.38653145377643827,0.44014599354351,0.3954778074430123,0.36528104091179936
1145,log(5.374142944328668 + (5.374142944328668)((X_2 + log(X_4))((sqrt(X_7 + X_8))(sqrt(X_9)))) - (X_9)),17,0.3801676756354735,0.43593287344577525,0.3801676756354735,0.43593287344577525,0.40543054240710474,0.3713566322886942
1146,sqrt((-4.700166785139265)((((X_2)^((-2)(-0.16537061435582126)))((X_4)^((-1)(-0.16537061435582126))))(((X_7)^(((-1)(-0.16537061435582126))(sqrt(X_0))))((X_8 + exp(sqrt(X_9)) - ((0)^(((X_2)^(-1))(X_6))))^((-2)(-0.16537061435582126)))))),32,0.3874515942421594,0.42921972752084186,0.3874515942421594,0.42921972752084186,0.39403873870393913,0.38103742242693206
1147,(0.18485250672863346)(18.54794739972046 + X_7 + X_8 + X_9 + (-9.956070537884536 + X_2)((sqrt((X_2)(X_4)))^(-1))),19,0.37869818718528464,0.4402513370052571,0.37869818718528464,0.4402513370052571,0.4077287729163329,0.36512912883406223
1148,(0.15101022070933082)(16.42191348557384 + X_2 + X_3 + X_7 + X_9 + ((X_2)^((-1)(X_4)))((-4.238542428549025 + (X_2)^(X_4) + X_4)(X_9))),22,0.3760733282152397,0.42956068632032635,0.3760733282152397,0.42956068632032635,0.4118339640572386,0.38054573780983836
1149,2.4937722557579862 + (0.04797680946645942)((4.399624683292777 + exp(sqrt(X_9)))(sqrt(exp(log(X_2)) + (log(((X_2)(X_7))((X_8)(((sqrt((-0.6513426102918013)^(X_6)))^(-1))(sqrt(X_4))))))(log(((X_2)(X_7))((X_8)(((sqrt((-0.6513426102918013)^(X_6)))^(-1))(sqrt(X_4)))))) - (sin((X_2)((sqrt(X_4))(sqrt(X_4)))))))),35,0.37660397807749757,0.4044955346617545,0.37660397807749757,0.4044955346617545,0.41100404552130054,0.41669130587927483
1150,sqrt((-6.928900815699329)((((X_2)^((-1)(0.0005659317616293995)))(((X_4)^(0.2054309256046327))((X_7)^(0.15140192919319204))))(((X_8)^(0.15140192919319204))(((exp((-236.22611647951382)(X_9)))^((-1)(0.0005659317616293995)))((X_0 + exp((-236.22611647951382)(X_9)))^(0.15140192919319204)))))),29,0.4746693765135337,0.514197914406878,0.4746693765135337,0.514197914406878,0.25763306083860227,0.2584933867735084
1151,log(-7.269255445182543 + (5.650805222128262)((exp(X_3))^(-1)) + log((X_2 + log(X_4))(sqrt(X_9))) + (-7.269255445182543)((X_2 + log(X_4))((log(X_7 + X_8))(sqrt(X_9)))) - (X_5)),28,0.37978497734378724,0.42313602009414264,0.37978497734378724,0.42313602009414264,0.4060290696630827,0.38981052158474594
1152,(exp(-2.820203992507487))((1.3360033139260137 + (0.31214541650479)(X_6 - (X_7)) + exp(sqrt(X_9)) + log(X_2))(sqrt(exp(log(X_2)) + (log((0.760915250918943)(((X_2)(X_7))((X_8)(sqrt(X_4))))))(log((0.760915250918943)(((X_2)(X_7))((X_8)(sqrt(X_4)))))) - (sin((X_2)((sqrt(X_4))(sqrt(X_4)))))))) - (-2.820203992507487),36,0.3777916750581511,0.40888374565294555,0.3777916750581511,0.40888374565294555,0.40914652739225,0.41036322212196374
1153,sqrt((5.416462229206386)((((X_4)^((-1)(-0.20528649284170722)))((X_7)^((-1)(-0.20528649284170722))))(((X_9 + sqrt(X_9))^((-1)(-0.20528649284170722)))(((X_2)(X_8 + exp(sqrt(X_9))) - (X_9 + sqrt(X_9)))^((-1)(-0.20528649284170722)))))),24,0.38470254196204323,0.4215883088277285,0.38470254196204323,0.4215883088277285,0.3983381640045016,0.39204242122349686
1154,log((-7.081151238109119)((((X_4)^((-1)(-0.39243372051030373)))((X_7)^((-1)(-0.39243372051030373))))(((X_9 + sqrt(X_6))^((-1)(-0.39243372051030373)))(((X_2)(X_8 + exp(sqrt(X_9))) - (X_9 + sqrt(X_6)))^((-1)(-0.39243372051030373)))))),26,0.38185574282714385,0.42729859467471015,0.38185574282714385,0.42729859467471015,0.40279046209818814,0.38380782010918735
1155,log((-4.121217193856827)(((X_7)^((-1)(-0.20258831626963428)))(((X_8)^((-1)(-0.20258831626963428)))(((2)(X_4) + (2)((X_2)((sqrt(sqrt(1)) + X_3 + (X_1)(X_4))(X_6 + (X_2)(X_9)))))^((-2)(-0.20258831626963428)))))),35,0.38190838698196444,0.41788544378045694,0.38190838698196444,0.41788544378045694,0.4027081284107572,0.39738219185170776
1156,-115.26524775461189 + (exp(1.76583675857025))((exp(sqrt(X_9)) + log(X_2) + ((exp(1.76583675857025))(sqrt((log(-1.0000080648383218))^(log(-1.0000080648383218)))))((((X_2)^(-1))(X_3))(((X_6)^(-1))(((X_8)^(-1))((sqrt(X_4))^(-1))))))(sqrt(log(((sqrt((log(-1.0000080648383218))^(log(-1.0000080648383218))))^(-1))(((X_2)(X_6))((X_8)(sqrt(X_4))))) + (log(((sqrt((log(-1.0000080648383218))^(log(-1.0000080648383218))))^(-1))(((X_2)(X_6))((X_7)((X_8)(sqrt(X_4)))))))(log(((sqrt((log(-1.0000080648383218))^(log(-1.0000080648383218))))^(-1))(((X_2)(X_6))((X_7)((X_8)(sqrt(X_4))))))) - (sin((X_2)((sqrt(X_4))(sqrt(X_4)))))))),51,2000.131542395214,2231.1391693121354,2000.131542395214,2231.1391693121354,-3127.138457033503,-3216.446828779824
1157,log(4.5298177754986915 + (2)(X_8) + ((2)^(-1))(((X_7)((X_6 + X_8)((X_9)^((-1)(X_4)))))(((X_2 + log(X_4))^(-1))(((sqrt(X_6 + X_8))^(-1))((sqrt((X_7)(X_9)))^(-1))))) + (3.363489449690297)((X_2 + log(X_4))((sqrt(X_6 + X_8))(sqrt((X_7)(X_9)))))),36,0.3789654990860766,0.4162500036785516,0.3789654990860766,0.4162500036785516,0.4073107060946435,0.3997406021391112
1158,sqrt((3.8282760995041696)((((X_2)^((-2)(-0.12889605258195813)))((X_7)^((-1)(-0.12889605258195813))))(((X_8)^((-1)(-0.12889605258195813)))(((X_6 + X_9)^((-2)(-0.12889605258195813)))((X_4 + (X_1)(X_4) + log(X_2) + log(X_4 + (X_1)(X_4) + log(X_2) + sqrt(X_9)) + sqrt(X_9))^((-2)(-0.12889605258195813))))))),35,0.3808201314384188,0.4121328318186688,0.3808201314384188,0.4121328318186688,0.40441012347692584,0.4056778299581205
1159,sqrt((6.747261004547467)((((X_1)^((-1)(-0.13853206238040158)))(((X_2)^((-2)(-0.13853206238040158)))((X_4)^((-1)(-0.13853206238040158)))))((((X_6)^((-1)(-0.13853206238040158)))((X_7)^((-1)(-0.13853206238040158))))(((X_8)^((-1)(-0.13853206238040158)))((X_9)^((-1)(-0.13853206238040158))))))),28,0.38210051181783483,0.4088573855095279,0.38210051181783483,0.4088573855095279,0.4024076516296562,0.4104012351518149
1160,sqrt((-5.3412292762275895)((((X_4)^((-1)(-0.20804891324430277)))((X_7)^((-1)(-0.20804891324430277))))(((X_9 + sqrt(X_6))^((-1)(-0.20804891324430277)))(((X_2)(X_8 + exp(sqrt(X_9))) - (X_9 + sqrt(X_6)))^((-1)(-0.20804891324430277)))))),26,0.3830010261576266,0.4217792001026485,0.3830010261576266,0.4217792001026485,0.4009992774914036,0.391767143672199
1161,log((-4.047605552436451)((((X_5)^((-1)(-0.2171860235969982)))((X_7)^((-1)(-0.2171860235969982))))(((X_8)^((-1)(-0.2171860235969982)))((X_7 + (X_2)((X_0 + X_3 + X_9 + sqrt(X_6))((X_1)(X_4) + sqrt(((X_4)(X_9))(((sin(X_6))^(sin(X_6)))(((X_2)(sin(exp(sqrt(X_6)))))^(X_9) - (X_2)))))))^((-2)(-0.2171860235969982)))))),45,0.3677682726092388,0.40810201848266514,0.3677682726092388,0.40810201848266514,0.42482279168095693,0.4114905232063534
1162,(0.21817306408267403)(14.68521489090526 + ((X_2)^(-1))(-7.563731242934548 + X_2 + X_4) + X_7 + X_9 + (log(X_8))^(log((X_2)(X_2 + X_4)))),22,0.3834402801497351,0.42825216478704436,0.3834402801497351,0.42825216478704436,0.4003122990222403,0.3824327104001436
1163,sqrt((-4.195536338514412e-09)((((X_2)^((-2)(-4.633071033322893)))((X_7)^((-1)(-4.633071033322893))))(((X_8)^((-1)(-4.633071033322893)))(((sqrt(X_4))^((-2)(-4.633071033322893)))((sqrt((X_9)(sin(sqrt(X_7 + log(X_1))))))^((-2)(-4.633071033322893))))))),30,28986.778594753207,39602.88422224219,28986.778594753207,39602.88422224219,-45333.346739603745,-57108.91766177972
1164,(0.18485250672863318)(18.5479473997205 + X_7 + X_8 + X_9 + (-9.95607053788455 + X_2)((sqrt((X_2)(X_4)))^(-1))),19,0.37869818718528475,0.4402513370052572,0.37869818718528475,0.4402513370052572,0.4077287729163328,0.3651291288340621
1165,log((-4.787550849664079)((((X_2)^((-2)(-0.2295791242953094)))((X_7)^((-1)(-0.2295791242953094))))(((X_8)^((-1)(-0.2295791242953094)))(((X_0 + X_2 + (2)(X_9))^((-2)(-0.2295791242953094)))((X_4 + sqrt((((X_2)(sin(exp(sqrt(X_6)))))^(X_9) - (X_4))(sqrt(X_9))))^((-2)(-0.2295791242953094))))))),38,0.37270325138561694,0.42909421039127965,0.37270325138561694,0.42909421039127965,0.4171046508648053,0.3812184262370135
1166,log(((1.4662510711462144 + X_5 - (X_6 + X_9))^(-1))(exp(1.1620218598182923) - (1.1620218598182923) + sqrt(sqrt((X_7)(X_9))) + (exp(1.1620218598182923))((sqrt(X_6 + X_8))((X_2 + log(X_4))(sqrt((X_7)(X_9))) + sqrt((X_2 + log(X_4))(sqrt((X_7)(X_9)))))))),32,0.8118798837623957,0.9900705305428604,0.8118798837623957,0.9900705305428604,-0.2697528302802079,-0.4277456702737106
1167,log((-8.577372328022141)((((X_2)^((-2)(-0.3426989234842094)))((X_7)^((-1)(-0.3426989234842094))))(((X_8)^((-1)(-0.3426989234842094)))(((X_9)^((-1)(-0.3426989234842094)))((((X_1)^(0.8507178279214649))(((X_2)^(-1))(X_4)) + sqrt((X_9)((X_2)(sin(exp(sqrt(X_6)))) - (X_4))))^((-1)(-0.3426989234842094))))))),37,0.37596725151696603,0.4175957817648897,0.37596725151696603,0.4175957817648897,0.41199986444540393,0.39779990319227465
1168,log((6.431357944706336)((((X_2)^((-1)(-0.3377983821091262)))((X_7)^((-1)(-0.3377983821091262))))(((X_8)^((-1)(-0.3377983821091262)))(((X_6 + (X_2)(X_9))^((-1)(-0.3377983821091262)))(((X_1)(X_4) + sqrt((X_8 - (X_0 + X_4 + X_6))(X_9)))^((-1)(-0.3377983821091262))))))),32,0.37974658971266045,0.4151997618867626,0.37974658971266045,0.4151997618867626,0.4060891066269807,0.40125511865557095
1169,(0.13554725190880762)(20.66204169722996 + X_2 + X_8 + ((X_2 + X_4)(X_9))(((log((X_2)(X_2 + X_4)))^(-1))(log(log((X_2)(X_2 + X_4)))))),19,0.3865102359267776,0.4400599209358256,0.3865102359267776,0.4400599209358256,0.39551099144621016,0.365405163172951
1170,sqrt(((-3.5815782468654533)((((X_0)^(-1))(((X_2)^(-2))((X_4)^(-1))))(((X_7)^(-1))(((X_8 + X_9)^(-2))((sqrt(X_6))^(-2))))))^(4.149095554797084)),27,inf,inf,inf,inf,-inf,-inf
1171,sqrt((-8.291040119554346)((((X_2)^((-1)(-0.3360905405287119)))(((X_4)^(0.1591395336533712))((X_7)^(0.124866392547819))))(((X_8)^(0.124866392547819))(((sqrt((0.3349895765580504)(X_9)))^(((-1)(-0.3360905405287119))(X_9)))((X_0 + (sqrt((0.3349895765580504)(X_9)))^(X_9))^(0.124866392547819)))))),31,0.37719185494431146,0.4173368255386517,0.37719185494431146,0.4173368255386517,0.4100846258750913,0.39817333480082784
1172,sqrt((-5.366837882979771)((((X_4)^((-1)(-0.2050412762450386)))((X_7)^((-1)(-0.2050412762450386))))(((X_9 + sqrt(X_2))^((-1)(-0.2050412762450386)))(((X_2)(X_8 + exp(sqrt(X_9))) - (X_9 + sqrt(X_2)))^((-1)(-0.2050412762450386)))))),25,0.38537094586809284,0.4253718853658625,0.38537094586809284,0.4253718853658625,0.3972928027774888,0.38658625941095603
1173,(0.6981842656321736)((X_4)((X_8)(exp(-5.047156870624661 + X_9))) + log((-79.44406472604705)(X_2))),15,0.39510536596810075,0.4399922972725889,0.39510536596810075,0.4399922972725889,0.38206849716242464,0.36550268086428284
1174,log((2.8995979692011318)(((X_7)^((-1)(-0.2337355707618985)))(((X_8)^((-1)(-0.2337355707618985)))((X_7 + (2)((X_2)((X_0 + X_3 + X_9 + sqrt(X_6))((X_1)(X_4) + sqrt((-1.3623712497716476 + X_5)((X_9)(((X_2)(sin(exp(sqrt(X_6)))))^(X_9) - (X_4))))))))^((-2)(-0.2337355707618985)))))),44,0.37113372891636465,0.4148083653743057,0.37113372891636465,0.4148083653743057,0.4195593312151621,0.4018195377133872
1175,3.9283484294598012 + ((-1)(exp(0.04328202187072875)))((X_2)^(-1)) + (0.04328202187072875)(X_4 + (X_8)((X_9)^(log(X_8 + (X_7)((X_6)((X_8)^(-1)) + sin((X_6)((X_8)^(-1)))))))),26,0.3899849697183036,0.41100429038177133,0.3899849697183036,0.41100429038177133,0.39007662467040805,0.40730525962151165
1176,(0.18035209031547786)(17.603552358453125 + X_7 + X_8 + X_9 + (-8.265799298940223 + X_2)((sqrt((X_2)((X_4)^(X_2))))^(-1))),20,0.37621658921429196,0.4339929924756267,0.37621658921429196,0.4339929924756267,0.41160990867336533,0.37415406597703693
1177,log(-6.086667949289038 + ((X_1)^(-1))(sqrt(X_2)) + (1 + -6.086667949289038)((X_2 + log(X_4))((sqrt(X_7 + X_8))(sqrt(X_9))))),24,0.38100483409433733,0.43350410430825237,0.38100483409433733,0.43350410430825237,0.40412125473562144,0.3748590742998622
1178,log(0.7292919727606046 + exp(0.7292919727606046) + (exp(0.7292919727606046))((sqrt(X_1 + X_7 + X_8))(X_0 + (X_2 + log(X_4))^(sqrt(X_9)) + sqrt(X_9)))),23,0.3820885384404328,0.42314218920327906,0.3820885384404328,0.42314218920327906,0.4024263775891834,0.3898016253308052
1179,log(-5.123958947269848 + (-5.123958947269848)((X_2 + log(X_4))((sqrt(X_7 + X_8))(sqrt(X_9))))),16,0.38187418108849036,0.43551278074970884,0.38187418108849036,0.43551278074970884,0.40276162527762094,0.3719624330972422
1180,(0.1929744465369039)(X_7 + X_8 + X_9 + (-4.211551383652179)((sqrt(((X_2)(X_2))^(X_2)))^(-1)) + sqrt(228.45261522476164 + sin((2)(X_7)))),23,0.415291158976836,0.4512204757028575,0.415291158976836,0.4512204757028575,0.35049859585447063,0.34931092215181336
1181,sqrt((4.422786942163239)(((X_2)^((-1)(-0.20356393896132893)))(((X_8 + (2)((X_6)((X_7)(X_8 + X_9))))^((-1)(-0.20356393896132893)))(((X_1)(X_4) + sqrt(log((X_3)^(X_6))))^((-1)(-0.20356393896132893)))))),30,0.39803055789203495,0.4210360343602752,0.39803055789203495,0.4210360343602752,0.3774935953834623,0.39283883668621833
1182,log((-4.371463016438629)((((X_2)^((-2)(-0.20353565481940608)))(((2)(X_4) + X_6)^((-2)(-0.20353565481940608))))(((X_7)^((-1)(-0.20353565481940608)))(((X_8)^((-1)(-0.20353565481940608)))(((X_1)(X_4) + sqrt((X_7)((X_9)(((5.743130106114796)(sin(exp(sqrt(X_6)))))^(X_9) - (X_4)))))^((-2)(-0.20353565481940608))))))),39,0.3821561065766578,0.4187458194340461,0.3821561065766578,0.4187458194340461,0.40232070329681047,0.3961414745731646
1183,sqrt((-5.526093664655454)((((X_2)^((-1)(-0.17175287129942915)))((X_7)^((-1)(-0.17175287129942915))))(((X_8)^((-1)(-0.17175287129942915)))(((X_6 + (X_2)(X_9))^((-1)(-0.17175287129942915)))(((X_1)(X_4) + sqrt((((X_0)^(-1))(X_2) - (X_4))(X_9)))^((-1)(-0.17175287129942915))))))),32,0.3788729891813258,0.4200411431752709,0.3788729891813258,0.4200411431752709,0.4074553884740638,0.3942735340516722
1184,(-0.1088865053142476)(-29.464723023612883 - ((X_9)^(1.4707953745997788) + (X_2 + X_4 + X_7)((-15.733857558028497 + (2)(X_2) + X_3 + (2)(X_4) + X_7 + (X_2)(X_2 + X_4 + X_7) + (2.184496830598987)(X_8) + (-4)(sqrt(X_2 + X_4)))((X_2 + X_4 + X_7 + (X_2)(X_2 + X_4 + X_7) + (-2)(sqrt(X_2 + X_4)))^(-1))))),42,0.3813241074968123,0.4234514699008591,0.3813241074968123,0.4234514699008591,0.4036219218730469,0.3893556225832766
1185,log(5.123958947269892 + (5.123958947269892)((X_2 + log(X_4))((sqrt(X_7 + X_8))(sqrt(X_9))))),16,0.3818741810884904,0.43551278074970834,0.3818741810884904,0.43551278074970834,0.4027616252776208,0.371962433097243
1186,log((-8.47115280554339)((((X_2)^((-1)(-0.28613035679528565)))((X_7)^((-1)(-0.28613035679528565))))(((X_8)^((-1)(-0.28613035679528565)))(((X_0 + X_6 + (X_3)(log(X_2)))^((-1)(-0.28613035679528565)))(((X_1)(X_4) + sqrt((X_4)((X_9)(-0.6749647337982404 + ((X_2)(sin(exp(sqrt(X_6)))))^((2)(X_9))))))^((-1)(-0.28613035679528565))))))),42,0.3708804765675058,0.4220665736466715,0.3708804765675058,0.4220665736466715,0.4199554093705272,0.39135273245544955
1187,log(exp(-0.5102398768270041) - (-0.5102398768270041) + X_7 + exp(X_8 + (-0.5102398768270041)((X_2 + log(X_4))^(-1))) + (X_2 + X_8)(X_9 + exp(log(X_4) - ((X_2 + log(X_4))(sqrt((X_7)(X_9))))) + (X_7)(X_2 + log(X_4)))),29,0.44266963690821726,0.5021241709238752,0.44266963690821726,0.5021241709238752,0.30767957725650563,0.27590450492122354
1188,log((5.916131502456329)((((X_2)^((-2)(-0.2937546702756992)))((X_7)^((-1)(-0.2937546702756992))))(((X_8)^((-1)(-0.2937546702756992)))((((2)(X_9) + (X_6)((sqrt(X_6))^(-1)))^((-1)(-0.2937546702756992)))(((-0.00022664942182603178)^((2)(X_7)) + (X_1 + X_3)(X_4) + (sqrt((X_9)(((X_6)(sin(exp(sqrt(X_6)))))^(X_9) - (X_4))))^(sqrt(X_2)))^((-1)(-0.2937546702756992))))))),47,0.37143038594103456,0.4063762036269257,0.37143038594103456,0.4063762036269257,0.4190953696067632,0.41397925972760397
1189,log((-3.3637222414029795)(((X_7)^((-1)(-0.23859031161270422)))(((X_8)^((-1)(-0.23859031161270422)))((X_7 + (X_2)((X_0 + X_3 + X_9 + sqrt(X_6))((X_1)(X_4) + sqrt((-1.9596188465197277)((X_9)(X_9 - (((X_2)(sin(exp(sqrt(X_6)))))^(X_9))))))) - (sqrt(X_4)))^((-2)(-0.23859031161270422)))))),42,0.36949815661490304,0.41287895575675754,0.36949815661490304,0.41287895575675754,0.4221173112814801,0.4046018710347602
1190,log((2.250931884704347)((((X_2)^((-2)(-0.29689572779588297)))((X_7)^((-1)(-0.29689572779588297))))(((X_8)^((-1)(-0.29689572779588297)))(((2.4164438996835798 + X_3 + (2)(X_9))^((-2)(-0.29689572779588297)))((X_4 + sqrt(X_3) + sqrt((X_9)(((2.4164438996835798)(sin(exp(X_6))))^((sqrt(X_6))^(sin(exp(X_6)))) - (X_4))))^((-2)(-0.29689572779588297))))))),41,0.3824706592620376,0.42528650517803646,0.3824706592620376,0.42528650517803646,0.4018287534769893,0.3867093831579369
1191,log(5.374142944328668 + (5.374142944328668)((X_2 + log(X_4))((sqrt(X_7 + X_8))(sqrt(X_9)))) - (X_9)),17,0.3801676756354735,0.43593287344577525,0.3801676756354735,0.43593287344577525,0.40543054240710474,0.3713566322886942
1192,log((2.6705529822201073)(2.6705529822201073) + ((2.6705529822201073)(2.6705529822201073))((X_2 + log(X_4))((log(X_7 + X_8))(sqrt(X_9))))),17,0.38062311501190427,0.4254200859094453,0.38062311501190427,0.4254200859094453,0.40471825054126354,0.38651675111302963
1193,2.964045453649742 + (-0.16001348720517752)(((-0.16001348720517752 - (exp(-0.16001348720517752)))^(-1))(((X_2)^(-1))(-9.855963949737973 + X_1 + X_7)) - (X_4 + X_6 + X_8 + X_9)),25,0.38138998848007755,0.40613958843630704,0.38138998848007755,0.40613958843630704,0.40351888623115484,0.41432047411941264
1194,sqrt((-6.747266768825349)((((X_1)^((-1)(-0.13853191693919173)))(((X_2)^((-2)(-0.13853191693919173)))((X_7)^((-1)(-0.13853191693919173)))))(((X_8)^((-1)(-0.13853191693919173)))(((sqrt(X_4))^((-2)(-0.13853191693919173)))((sqrt((X_6)(X_9)))^((-2)(-0.13853191693919173))))))),29,0.38210051181761306,0.4088573876598426,0.38210051181761306,0.4088573876598426,0.40240765163000314,0.41040123205092227
1195,sqrt((-5.341227379597845)((((X_4)^((-1)(-0.20804898372875438)))((X_7)^((-1)(-0.20804898372875438))))(((X_9 + sqrt(X_6))^((-1)(-0.20804898372875438)))(((X_2)(X_8 + exp(sqrt(X_9))) - (X_9 + sqrt(X_6)))^((-1)(-0.20804898372875438)))))),26,0.3830010261576575,0.4217792015602459,0.3830010261576575,0.4217792015602459,0.40099927749135533,0.3917671415702494
1196,log(4.243067529173863 + sin(X_2) + (1 + 4.243067529173863)((X_2 + log(X_4))((sqrt(X_7 + X_8))(sqrt((X_9)^(log(X_9))))))),22,0.37746773614106155,0.42748264036135286,0.37746773614106155,0.42748264036135286,0.40965315696275517,0.38354241433845637
1197,(0.02445494413204644)(164.373458325869 + X_7 + (X_8)^(X_9) + X_9 + (-53.93648878181838 + X_2)((sqrt((X_2)((X_4)^((X_2)^(log((2)(X_7)))))))^(-1))),25,0.37759102182623155,0.432765817226536,0.37759102182623155,0.432765817226536,0.4094603422979156,0.37592373197001994
1198,log((6.262125292497162)((((X_2)^((-2)(-0.18841221017118057)))((X_7)^((-1)(-0.18841221017118057))))(((X_8)^((-1)(-0.18841221017118057)))(((X_2 + X_4 + sqrt(X_2))^((-2)(-0.18841221017118057)))((sqrt(((X_2)^(X_9) - (X_2 + X_7))(X_9)) + (X_4)(X_1 + (X_7)((X_2 + sqrt(((X_2)^(X_9) - (X_2 + X_7))(X_9)))^(-1))))^((-2)(-0.18841221017118057))))))),37,0.3925571856342934,0.43544187564945536,0.3925571856342934,0.43544187564945536,0.38605376549537307,0.3720646828327553
1199,(0.2942286544171022)(11.023351235410566 + ((X_2)^(-1))(-6.217883601074508 + X_4) + X_9 + ((log(X_8))^(sin(X_8)))^(X_4) + (X_7)(((X_9)^(-1))(sqrt(X_9)))),25,0.38019583609651697,0.4360781006243357,0.38019583609651697,0.4360781006243357,0.40538650039322177,0.37114720531455525
1200,4.554726296600626 + (-0.1709794120423013)(((X_2)^(-1))(((X_7)^(-1))((3.0690138381737544)(X_2) - ((log(X_2))(log(X_2)))) - (-5.916500110911406)) - (-5.916500110911406 + X_4 + X_8 + X_9)),25,0.38291869829080005,0.425419066059565,0.38291869829080005,0.425419066059565,0.40112803550598763,0.3865182218024462
1201,sqrt((6.2369635176276494)((((X_2)^((-3)(-0.08502119993304179)))(((X_7)^((-1)(-0.08502119993304179)))((X_8)^((-1)(-0.08502119993304179)))))(((X_9)^(0.19010003853438764))(((X_3 + exp(log(X_4)))^((-2)(-0.08502119993304179)))((X_2 + log(X_4))^((-2)(-0.08502119993304179))))))),32,0.38405439308512257,0.43221002827097194,0.38405439308512257,0.43221002827097194,0.39935184704724325,0.3767252155516567
1202,sqrt((-5.140221954422948)((((X_4)^((-1)(-0.21875366761373263)))((X_7)^((-1)(-0.21875366761373263))))(((X_9 + sqrt(-3.8440421884566787 + X_4))^((-1)(-0.21875366761373263)))(((X_2)(X_8 + exp(sqrt(X_9))) - (X_9 + sqrt(-3.8440421884566787 + X_4)))^((-1)(-0.21875366761373263)))))),27,0.38180397674627436,0.4265191653682864,0.38180397674627436,0.4265191653682864,0.40287142250749397,0.3849318075254382
1203,log((-3.2590781589995386)(sqrt(0) - (2.6349002055774227) + X_1 + (0.0808449203899601)(exp(2.6349002055774227) + X_3) + X_7 + (X_0)(sqrt(X_4)) + (0.0808449203899601)(((exp(2.6349002055774227) + X_3)(X_2 + log(X_4)))((sqrt(X_6 + X_8))(sqrt(X_9)))) - (X_0))),37,0.37683221660507105,0.42286619304491496,0.37683221660507105,0.42286619304491496,0.4106470881410752,0.39019962962237864
1204,log(5.129217471948338 + (5.129217471948338)((X_2 + log(X_4))((sqrt(X_7 + X_8))(sqrt(X_9)))) - (sin((X_2 + log(X_4))((sqrt(X_7 + X_8))(sqrt(X_9)))))),18,0.38425718011374416,0.44060425343190995,0.38425718011374416,0.44060425343190995,0.39903469495530675,0.3646202005460484
1205,4.602336079981595 + (2.1968709878990022e-06)(((2.1968709878990022e-06 - (exp(2.1968709878990022e-06)))^(-1))(((X_2)^(-1))(638127.3012112541 + X_7 + (sqrt(X_8))^(-141.06378721342384))) - (X_4 + X_8 + X_9)),25,0.4694325748113931,0.522421534100908,0.4694325748113931,0.522421534100908,0.26582324255870426,0.24663439587344493
1206,0.6022678673909628 + (0.3566806487157485)(log((-29.367346038843323)(((X_2)(X_4))((X_7)(X_8)))) + sqrt(X_2) + sqrt(X_9)),19,0.3872843438301197,0.4355274193080723,0.3872843438301197,0.4355274193080723,0.3943003127228306,0.3719413233503326
1207,log((2.336763552220708)((((X_2)^((-1)(-0.4869745761239944)))((X_7 + X_8)^((-1)(-0.4869745761239944))))((((X_0 + X_1)(((X_2)^(-1))(X_4)) + sqrt((6.3564621995173205)((X_2)(sin(exp(sqrt(X_6)))) - (X_4))))^((-1)(-0.4869745761239944)))(((X_2)(X_9) + sqrt(exp(sqrt(X_6))))^((-1)(-0.4869745761239944)))))),38,0.3714822840600172,0.4183923723889165,0.3714822840600172,0.4183923723889165,0.4190142026942896,0.3966511680473034
1208,log(X_0 + (2.344193142984622)(((X_7)^((-1)(-0.2367680609854933)))(((X_8)^((-1)(-0.2367680609854933)))((X_7 + (2)((X_2)((X_0 + X_3 + X_9 + sqrt(X_6))((X_1)(X_4) + sqrt(((X_9)(X_9))(((X_2)(sin(exp(sqrt(X_6)))))^(X_9) - (X_4)))))))^((-2)(-0.2367680609854933)))))),42,0.36756537808893597,0.41275651838146277,0.36756537808893597,0.41275651838146277,0.4251401118862672,0.40477843364021515
1209,log((2.4444926709781534)((((X_2)^((-2)(-2.4735747064917257)))((X_7)^((-1)(-2.4735747064917257))))(((X_8)^((-1)(-2.4735747064917257)))(((-3.415099588226267 + X_3 + (2)(X_9))^((-2)(-2.4735747064917257)))((X_4 + (X_1)(X_4) + X_6 + sqrt((X_9)(((-3.415099588226267)(sin(exp(sqrt(X_6)))))^(X_9) - (X_4))))^((-2)(-2.4735747064917257))))))),42,inf,inf,inf,inf,-inf,-inf
1210,log((2.4440263400205686)(2.4440263400205686) - (2.4440263400205686) + ((2.4440263400205686)(2.4440263400205686))(X_6 + (-2.143704599935867)((X_2 + log(X_4))((log(X_7 + X_8))(sqrt(X_9)))))),22,0.685265893496052,0.859497162455344,0.685265893496052,0.859497162455344,-0.07173280821890149,-0.2394504375716635
1211,(0.1135200461618645)(28.568010409884142 + X_2 + X_7 + X_8 + (2)(X_9) + (-12.798726349573696 + X_2)((sqrt((X_2)(X_4)))^(-1))),22,0.3793218596974106,0.43673238946555915,0.3793218596974106,0.43673238946555915,0.40675337008485724,0.370203678534041
1212,log((2)(exp(-44.72799984002441)) - (-44.72799984002441) + (exp(-44.72799984002441))((exp(-44.72799984002441) + X_0 + log(X_4) + (X_2 + log(X_4))^(sqrt(X_9)))(sqrt(X_2 + X_7 + X_8)))),25,0.6393999402098051,0.6934516520121072,0.6393999402098051,0.6934516520121072,0.0,-2.0838531333833288e-06
1213,log((-9.754574305024468)((((X_2)^((-2)(-0.242968369365162)))((X_7)^((-1)(-0.242968369365162))))(((X_8)^((-1)(-0.242968369365162)))(((X_1)(X_4) + sqrt((X_9)(((4.546646292253087)(sin(1.9113268996741963 + sqrt(X_6))))^(X_9) - (sqrt(sqrt(X_6))))))^((-2)(-0.242968369365162)))))),35,0.3944729651834948,0.42189381951379273,0.3944729651834948,0.42189381951379273,0.3830575507184798,0.3916018550761423
1214,sqrt((0.7520075511627997)((((X_2)^((-1)(-0.9005327601646576)))((X_7)^((-1)(-0.9005327601646576))))(((X_8)^((-1)(-0.9005327601646576)))(((X_9)^((-1)(-0.9005327601646576)))(((-3.437082276632962)((X_1)(X_4)) + sqrt((X_6)((X_9)(X_8 - (X_4 + (exp(sqrt(X_9)))^(log(X_2)))))))^((-1)(-0.9005327601646576))))))),35,inf,inf,inf,inf,-inf,-inf
1215,(0.18485250672863346)(18.547947399720456 + X_7 + X_8 + X_9 + (-9.956070537884527 + X_2)((sqrt((X_2)(X_4)))^(-1))),19,0.37869818718528464,0.4402513370052571,0.37869818718528464,0.4402513370052571,0.4077287729163329,0.36512912883406223
1216,log((3.1256623199285483)(((X_7)^((-1)(-0.21252248908004298)))(((X_8)^((-1)(-0.21252248908004298)))((X_7 + (2)((X_2)(((2)(X_0) + X_3 + X_9)((X_1)(X_4) + sqrt((X_9)((((X_2)(sin(exp(sqrt(X_6)))))^(X_9))(exp(sqrt(X_6)))))))))^((-2)(-0.21252248908004298)))))),40,0.36677460145143415,0.40800556172644276,0.36677460145143415,0.40800556172644276,0.4263768599492126,0.4116296200805827
1217,log(-0.6466213016754271 + (-0.6466213016754271)((X_2 + X_4 + log(X_4))((sqrt(X_9))(sqrt(7.264607989185554 + X_2 + (7.264607989185554 + X_2)(X_9 + (X_2 + X_4 + log(X_4))(sqrt(X_9)))))))),21,0.50008374989387,0.580809848725087,0.50008374989387,0.580809848725087,0.2178858356949822,0.16243467390662492
1218,(0.09616543783944803)(26.188074663256245 + X_3 + X_8 + (1.2797959711152282)((2)(X_2) + X_9 + ((X_2)^((-1)(X_4)))((-3.8839498973776236 + (X_2)^(X_4) + X_4)(X_9)))),26,0.3764539107449442,0.4314490280736046,0.3764539107449442,0.4314490280736046,0.4112387457818355,0.37782262700200353
1219,(0.1573662083469129)(20.074624864047546 + X_1 + X_7 + X_8 + X_9 + (-11.33937389118591 + X_2)((sqrt((X_2)((X_4)(sqrt(X_6)))))^(-1))),24,0.3766097942239268,0.4238269115599141,0.3766097942239268,0.4238269115599141,0.41099494926391367,0.38881421145485706
1220,log(exp(1.8853161561738416) + X_7 + (exp(1.8853161561738416))((X_2 + log(X_4))((sqrt(X_8))(sqrt(X_9))))),17,0.39183858291186124,0.44838586330659086,0.39183858291186124,0.44838586330659086,0.3871776359827498,0.3533986163623004
1221,sqrt((6.9634031895923325)((((X_2)^(0.3059438993715496))(((X_4)^((-1)(-0.16483504260261775)))((X_7)^((-1)(-0.16483504260261775)))))(((X_8)^((-1)(-0.16483504260261775)))(((sqrt(X_9))^((-1)(-0.16483504260261775)))((sqrt((X_1)(X_9)))^((-1)(-0.16483504260261775))))))),27,0.3845714244735082,0.42353331325618526,0.3845714244735082,0.42353331325618526,0.39854322734637804,0.38923759917726375
1222,log((5.3751993828582325)(((X_7)^((-1)(-0.20304849741416242)))(((X_8)^((-1)(-0.20304849741416242)))((X_7 + (X_2)((X_3 + X_9 + sqrt(X_6))((X_1)(X_4) + sqrt(X_0 + (X_4)((X_9)((X_4)(((X_2)(sin(exp(sqrt(X_6)))))^(X_9)) - (X_4)))))))^((-2)(-0.20304849741416242)))))),40,0.3699070112942106,0.4175098876350859,0.3699070112942106,0.4175098876350859,0.42147787631504363,0.39792376807679153
1223,log((5.9273857398366765)((((X_2)^((-1)(-0.3729244135482899)))(((X_7)^((-1)(-0.3729244135482899)))((X_8)^((-1)(-0.3729244135482899)))))(((X_6 + (2)(X_9))^((-1)(-0.3729244135482899)))(((sqrt(X_2))^((-1)(-0.3729244135482899)))((X_4 + sqrt(((X_9)(sin(exp(sqrt(X_6)))))^(X_9) - (X_4)))^((-1)(-0.3729244135482899))))))),35,0.3752342899965603,0.40898754613564103,0.3752342899965603,0.40898754613564103,0.4131461916098469,0.4102135351197058
1224,((X_1)^(0.08047080344757628))((X_6)^(0.08047080344757628)) + log(X_2 + (X_4)(X_8) + (X_2)(X_7 + X_9)),18,0.3828415701335655,0.43020102317507714,0.3828415701335655,0.43020102317507714,0.4012486613496642,0.37962233069521
1225,log((4.324064068529153)(((((2)(X_5) + X_6)^((-1)(-0.1903201806943503)))((X_7)^((-1)(-0.1903201806943503))))(((X_8)^((-1)(-0.1903201806943503)))((X_7 + (X_2)((X_0 + X_3 + X_9 + sqrt(X_6))((X_1)(X_4) + sqrt((0.07629407799625883)((X_4)((X_9)(((X_2)(sqrt(exp(sqrt(X_6)))))^(X_9) - (X_4))))))))^((-2)(-0.1903201806943503)))))),47,0.36855153160531423,0.38964898580805146,0.36855153160531423,0.38964898580805146,0.42359780095634336,0.4381009885134596
1226,(0.2552639078780251)(12.105017007859702 + ((X_2)^((-1)(sqrt(X_6))))(-6.726362117684142 + X_2 + X_4) + X_9 + (log(X_8))^(X_4 + sqrt(X_8)) + (X_7)((sqrt(X_9))^(-1))),28,0.37931633045636864,0.43231135053265707,0.37931633045636864,0.43231135053265707,0.4067620176318686,0.37657910230420555
1227,log((-5.083117858247114)((((X_2)^((-2)(-0.3390950551872263)))((X_4)^((-1)(-0.3390950551872263))))(((X_7)^((-1)(-0.3390950551872263)))((X_8 + exp(sqrt(X_9)))^((-2)(-0.3390950551872263)))))),23,0.3839629038219195,0.43158563877171013,0.3839629038219195,0.43158563877171013,0.39949493317761264,0.3776256255493633
1228,(0.2196640714774538)(11.898560314361507 + X_2 + ((X_2)^(-1))(-4.252225696111631 + X_2 + X_4) + X_9 + (log(X_7))^(X_6) + (log(X_8))^(X_4)),24,0.3835994537444161,0.43163386661914266,0.3835994537444161,0.43163386661914266,0.4000633568740304,0.37755607787752143
1229,log((-5.565292181808668)((((X_2)^((-1)(-0.3491596623552901)))((X_7)^((-1)(-0.3491596623552901))))(((X_8)^((-1)(-0.3491596623552901)))((((X_2)(X_9) + (1.2490473210550144)((exp(sqrt(X_6)))^(-1)))^((-1)(-0.3491596623552901)))(((2)((X_1)(((X_2)^(-1))(X_4))) + sqrt((-11.378281635284887)((X_9)((X_2)(sin(exp(sqrt(X_6)))) - (X_4)))))^((-1)(-0.3491596623552901))))))),42,0.37559386291282826,0.4175102998690522,0.37559386291282826,0.4175102998690522,0.41258383166319135,0.39792317360877905
1230,log(-5.123958947269848 + (-5.123958947269848)((X_2 + log(X_4))((sqrt(X_7 + X_8))(sqrt(X_9))))),16,0.38187418108849036,0.43551278074970884,0.38187418108849036,0.43551278074970884,0.40276162527762094,0.3719624330972422
1231,sqrt((5.870456619915168)((((X_4)^((-1)(-0.1859503249638276)))((X_7)^((-1)(-0.1859503249638276))))(((X_9 + sqrt(X_8 + exp(sqrt(X_9))))^((-1)(-0.1859503249638276)))(((X_2)(X_8 + exp(sqrt(X_9))) - (X_9 + sqrt(X_8 + exp(sqrt(X_9)))))^((-1)(-0.1859503249638276)))))),25,0.38247291406183664,0.42472399547335404,0.38247291406183664,0.42472399547335404,0.4018252270459448,0.3875205584940081
1232,log((5.184271830368694)((((X_2)^((-2)(-0.2503775124412438)))((X_4)^((-1)(-0.2503775124412438))))(((X_7)^((-1)(-0.2503775124412438)))(((X_2 + (X_6)((X_9)(X_9)))^((-1)(-0.2503775124412438)))((X_8 + exp(sqrt(X_8)))^((-2)(-0.2503775124412438))))))),29,0.3831810003748433,0.41719635079798145,0.3831810003748433,0.41719635079798145,0.40071780386918576,0.3983759084524895
1233,log(-5.365612743607227 + X_2 + (-5.365612743607227)((X_2 + log(X_4))((sqrt(X_7 + X_8))(sqrt(X_9))))),17,0.38240970338836294,0.436243293691761,0.38240970338836294,0.436243293691761,0.4019240864131399,0.37090898623874213
1234,log((5.083117858240493)((((X_2)^((-2)(-0.3390950551872263)))((X_4)^((-1)(-0.3390950551872263))))(((X_7)^((-1)(-0.3390950551872263)))((X_8 + exp(sqrt(X_9)))^((-2)(-0.3390950551872263)))))),23,0.38396290382191944,0.43158563877176465,0.38396290382191944,0.43158563877176465,0.39949493317761275,0.3776256255492847
1235,sqrt((5.209124677998621)((((X_4)^((-1)(-0.19896965614166057)))((X_7)^((-1)(-0.19896965614166057))))(((X_9 + sqrt(X_8))^((-1)(-0.19896965614166057)))(((X_2)((X_6)(X_8) + exp(sqrt(X_9))) - (X_9 + sqrt(X_8)))^((-1)(-0.19896965614166057)))))),27,0.3829751229697666,0.41448081294192723,0.3829751229697666,0.41448081294192723,0.40103978920595196,0.40229188948297223
1236,log(((2)^((-2)(-1.0732921157481776)))((((1.4350554197655683)^((-1.0732921157481776)((X_1)^(X_1))))(((X_2)^((-2)(-1.0732921157481776)))((X_7)^((-1)(-1.0732921157481776)))))(((X_8)^((-1)(-1.0732921157481776)))(((X_3 + X_6 + (2)(X_9))^((-2)(-1.0732921157481776)))((-3.9819926993402612 + (X_1)(X_4) + sqrt((X_9)(((X_6)(sin(exp(sqrt(X_6)))))^(X_9) - (X_4))))^((-2)(-1.0732921157481776))))))),46,inf,inf,inf,inf,-inf,-inf
1237,sqrt((-6.263151786683026e-09)((((X_2)^((-3)(-4.429794422838578)))((X_7)^((-1)(-4.429794422838578))))(((X_8)^((-1)(-4.429794422838578)))(((X_9)^((-2)(-4.429794422838578)))((X_4 + log(X_4))^(0.18200365714500893)))))),27,2841935.721522972,4285461.468188321,2841935.721522972,4285461.468188321,-4444690.878748773,-6179911.306829155
1238,log((4.082900762634331)(((X_7)^((-1)(-0.21449422820805372)))(((X_8)^((-1)(-0.21449422820805372)))((X_7 + (X_2)(((2)(X_0) + X_3 + X_9)((X_1)(X_4) + sqrt((X_9)((((X_2)(sin(exp(sqrt(X_6)))))^(X_9))(exp(sqrt(X_6))))))))^((-2)(-0.21449422820805372)))))),39,0.3669220203545197,0.4078652511289953,0.3669220203545197,0.4078652511289953,0.42614630174328416,0.4118319570271125
1239,(0.1803520903154777)(17.603552358452998 + X_7 + X_8 + X_9 + (-8.265799298940193 + X_2)((sqrt((X_2)((X_4)^(X_2))))^(-1))),20,0.376216589214292,0.43399299247562717,0.376216589214292,0.43399299247562717,0.4116099086733652,0.37415406597703627
1240,log(6.437256840519757 + X_6 + log((X_2 + log(X_4))(sqrt((X_7)(X_9)))) + (3.259335321766342)((X_2 + log(X_4))((sqrt(X_6 + X_8))(sqrt((X_7)(X_9)))))),23,0.38218875037362254,0.41920363648169723,0.38218875037362254,0.41920363648169723,0.40226964949634547,0.395481272812384
1241,log(7.394775817061074 + (7.394775817061074)((X_2 + log(X_4))((log(X_7 + X_8))(sqrt(X_9)))) - (X_5)),18,0.3817621903043614,0.4284313385376357,0.3817621903043614,0.4284313385376357,0.4029367750971411,0.3821743302759587
1242,(0.2754831840105704)(12.204095363873275 + ((X_2)^((-1)(sqrt(X_4))))(-6.492066631348192 + X_2 + X_4) + X_9 + (X_7)(((X_8)^(-1))((exp(X_9))^(-1))) + (log(X_8))^(X_4)),27,0.38204515919048415,0.43875809692125023,0.38204515919048415,0.43875809692125023,0.4024942212770236,0.36728247750857634
1243,sqrt((6.628045932999729)((((X_2)^((-1)(-0.12700792884139384)))((X_4)^((-1)(-0.12700792884139384))))(((X_7)^((-1)(-0.12700792884139384)))(((X_8)^((-1)(-0.12700792884139384)))((X_1 + sqrt((X_6)((X_2)(X_2) + (X_9)(X_9 - ((X_2 + X_6)^(X_9 + sqrt(X_2)))))))^((-1)(-0.12700792884139384))))))),33,0.3861127650243281,0.4034533524387142,0.3861127650243281,0.4034533524387142,0.39613262256853876,0.41819419997689633
1244,sqrt((5.583292922338398)((((X_0)^((-1)(-0.11990754947834523)))(((X_1)^((-1)(-0.11990754947834523)))((X_2)^((-1)(-0.11990754947834523)))))((((X_4)^((-1)(-0.11990754947834523)))((X_7)^((-1)(-0.11990754947834523))))(((X_9)^((-1)(-0.11990754947834523)))(((X_4)(X_4 + X_8) + sqrt(X_3 + (441.3881603254861)((X_9)((X_9 - ((X_2)(X_9)))(sqrt(X_3))))))^((-1)(-0.11990754947834523))))))),39,0.377886195689121,0.41896265956955764,0.377886195689121,0.41896265956955764,0.40899870030465446,0.39582877708842235
1245,log((5.0831178582458945)((((X_2)^((-2)(-0.33909505518722627)))((X_4)^((-1)(-0.33909505518722627))))(((X_7)^((-1)(-0.33909505518722627)))((X_8 + exp(sqrt(X_9)))^((-2)(-0.33909505518722627)))))),23,0.38396290382191944,0.4315856387717202,0.38396290382191944,0.4315856387717202,0.39949493317761275,0.37762562554934875
1246,sqrt((1.705376919831515e-07)((((X_1)^((-1)((4.837976335014925)(-4.00619261483386))))(((X_2)^(3.6604980741775117))((X_4)^((-1)((4.837976335014925)(-4.00619261483386))))))((((X_7)^((-1)((4.837976335014925)(-4.00619261483386))))((X_8)^((-1)((4.837976335014925)(-4.00619261483386)))))(((X_9)^((-1)((4.837976335014925)(-4.00619261483386))))((sqrt(X_9))^((-2)((4.837976335014925)(-4.00619261483386)))))))),31,2.0177326341458678e+51,2.8842372321238866e+51,2.0177326341458678e+51,2.8842372321238866e+51,-3.155665972511341e+51,-4.159256429892135e+51
1247,log(-5.123958947268877 + (-5.123958947268877)((X_2 + log(X_4))((sqrt(X_7 + X_8))(sqrt(X_9))))),16,0.3818741810884904,0.43551278074972055,0.3818741810884904,0.43551278074972055,0.4027616252776208,0.3719624330972253
1248,log(X_4 + (2.1527668808057743)((sqrt(X_2 + X_8))(1.2090434092875866 + X_6 + (X_2 + X_4)(sqrt((X_9)(sqrt(X_7)))))) - (2.1527668808057743)),22,0.38371100400838487,0.4256944549750361,0.38371100400838487,0.4256944549750361,0.39988889601322375,0.3861210931943564
1249,log((3.3310164366564816)((((X_2)^((-2)(-0.2337740715055245)))((X_7)^((-1)(-0.2337740715055245))))(((X_8)^((-1)(-0.2337740715055245)))(((X_3 + X_6 + (2)(X_9))^((-2)(-0.2337740715055245)))(((X_1)(X_4) + sqrt((3.619500962368708)((X_9)(((X_8)(sin(exp(sqrt(X_6)))))^(X_9) - (X_4)))))^((-2)(-0.2337740715055245))))))),41,0.3671429077318895,0.4160275242526519,0.3671429077318895,0.4160275242526519,0.4258008413147183,0.40006143184492937
1250,(0.13554725190880768)(20.662041697229945 + X_2 + X_8 + ((X_2 + X_4)(X_9))(((log((X_2)(X_2 + X_4)))^(-1))(log(log((X_2)(X_2 + X_4)))))),19,0.3865102359267775,0.4400599209358256,0.3865102359267775,0.4400599209358256,0.39551099144621027,0.365405163172951
1251,sqrt((-4.937892939300785e-09)((((X_2)^((-1)(-3.805356353338478)))((1 + (X_1)(X_4))^((-1)(-3.805356353338478))))(((X_6 + (X_2)(X_9))^((-1)(-3.805356353338478)))((X_8 + (X_7)(X_8 + X_9))^((-1)(-3.805356353338478)))))),28,661377.4709638888,862397.5887286819,661377.4709638888,862397.5887286819,-1034371.1188758201,-1243632.0396449075
1252,log((-5.08311785824666)((((X_2)^((-2)(-0.3390950551872265)))((X_4)^((-1)(-0.3390950551872265))))(((X_7)^((-1)(-0.3390950551872265)))((X_8 + exp(sqrt(X_9)))^((-2)(-0.3390950551872265)))))),23,0.3839629038219195,0.4315856387717138,0.3839629038219195,0.4315856387717138,0.39949493317761264,0.37762562554935797
1253,log((-3.801399951519452)((((X_2)^((-2)(-0.2314082943661776)))((X_7)^((-1)(-0.2314082943661776))))(((X_8)^((-1)(-0.2314082943661776)))(((X_0 + X_3 + X_9 + sqrt(X_6))^((-2)(-0.2314082943661776)))(((X_1)(X_4) + sqrt((X_5)((X_9)(((X_2)(sin(exp(sqrt(X_6)))))^(X_9) - (X_4)))))^((-2)(-0.2314082943661776))))))),41,0.36710973415848114,0.41150939268515946,0.36710973415848114,0.41150939268515946,0.42585272366772176,0.406576869467012
1254,log((2)(exp(-44.72799984011916)) - (-44.72799984011916) + (exp(-44.72799984011916))((sqrt(X_1 + X_7 + X_8))(X_0 + (X_2 + log(X_4))^(sqrt(X_9)) + sqrt(X_9)))),25,0.6393999402098051,0.6934516520121021,0.6393999402098051,0.6934516520121021,0.0,-2.0838531262779014e-06
1255,2.8539558950378767 + (0.04240214217903184)((X_2 + (0.43878483311522687)(X_5) + exp(sqrt(X_9)))(sqrt(X_1 + (log(((X_2)(X_4))((X_7)(X_8))))(log(((X_2)(X_4))((X_7)(X_8)))) - (sin(X_2) + log(sqrt(X_9)))))),29,0.38833360319758026,0.4213482410127898,0.38833360319758026,0.4213482410127898,0.39265930636440616,0.39238861452263785
1256,log(5.123958947268944 + (5.123958947268944)((X_2 + log(X_4))((sqrt(X_7 + X_8))(sqrt(X_9))))),16,0.38187418108849036,0.4355127807497197,0.38187418108849036,0.4355127807497197,0.40276162527762094,0.37196243309722654
1257,(0.1812337540927903)(X_7 + X_8 + X_9 + (-8.219634125079969 + X_2)((sqrt((X_2)((X_4)^(X_2))))^(-1)) + sqrt(304.93107684131036 + sin(X_7))),23,0.37607910734296873,0.4339179685993801,0.37607910734296873,0.4339179685993801,0.4118249256958538,0.37426225525363277
1258,(0.18035209031547728)(17.603552358453047 + X_7 + X_8 + X_9 + (-8.26579929894021 + X_2)((sqrt((X_2)((X_4)^(X_2))))^(-1))),20,0.37621658921429196,0.43399299247562734,0.37621658921429196,0.43399299247562734,0.41160990867336533,0.37415406597703604
1259,sqrt((6.942814586470613)((((X_2)^((-2)(-0.08218441164796897)))(((X_4)^((-1)(-0.08218441164796897)))((X_6)^((-1)(-0.08218441164796897)))))(((X_7)^((-1)(-0.08218441164796897)))(((X_2 + log(X_4))^((-2)(-0.08218441164796897)))((sqrt(((X_1)(X_3))((X_9)(X_9 - (sin(X_2) + (X_9)(X_2 + log(X_4)))))))^((-2)(-0.08218441164796897))))))),36,0.3824678980572261,0.4232278023647603,0.3824678980572261,0.4232278023647603,0.4018330719084403,0.38967816562076174
1260,log(X_1 + (4.413025134218383)((((X_2)^((-2)(-0.3526661904574319)))((X_4)^((-1)(-0.3526661904574319))))(((X_7)^((-1)(-0.3526661904574319)))((X_8 + exp(sqrt(X_9)))^((-2)(-0.3526661904574319)))))),25,0.38270525162930985,0.42880357845398426,0.38270525162930985,0.42880357845398426,0.4014618589051894,0.38163753626737595
1261,sqrt((-5.366839283023183)((((X_4)^((-1)(-0.20504122488877669)))((X_7)^((-1)(-0.20504122488877669))))(((X_9 + sqrt(X_2))^((-1)(-0.20504122488877669)))(((X_2)(X_8 + exp(sqrt(X_9))) - (X_9 + sqrt(X_2)))^((-1)(-0.20504122488877669)))))),25,0.3853709458680915,0.42537188356264144,0.3853709458680915,0.42537188356264144,0.397292802777491,0.3865862620113173
1262,log((2.6417053025369603)((((X_2)^((-2)(-0.2559131663229844)))((X_7)^((-1)(-0.2559131663229844))))(((X_8)^((-1)(-0.2559131663229844)))(((X_3 + X_6 + (2)(X_9))^((-2)(-0.2559131663229844)))(((1.0787478639876702)^((2)(X_7)) + (X_1)(X_4) + sqrt((X_9)(((X_6)(sin(exp(sqrt(X_6)))))^(X_9) - (X_4))))^((-2)(-0.2559131663229844))))))),43,0.3703048077954149,0.40242384182849855,0.3703048077954149,0.40242384182849855,0.42085573596721404,0.4196788207901533
1263,log((7.225694736050873)((((X_2)^((-1)(-0.32733948929942996)))((X_7)^((-1)(-0.32733948929942996))))(((X_8)^((-1)(-0.32733948929942996)))(((X_6 + (X_2)(X_9))^((-1)(-0.32733948929942996)))(((X_1)(X_4) + sqrt((X_3)((((X_0)^(-1))(X_2) - (X_4))((X_5)(X_5)))))^((-1)(-0.32733948929942996))))))),36,0.37559885383073904,0.4195799222815414,0.37559885383073904,0.4195799222815414,0.4125760260354505,0.3949386443784093
1264,sqrt((-9.26854377046339e-09)((((X_2)^((-1)(-4.770821491575367)))((X_0 + X_7)^((-1)(-4.770821491575367))))(((X_8)^((-1)(-4.770821491575367)))(((X_6 + (X_2)(X_9))^((-1)(-4.770821491575367)))(((X_1)(X_4) + sqrt((X_5)(X_4 + X_9 - (X_8))))^((-1)(-4.770821491575367))))))),33,12323065193.90815,16425349568.70569,12323065193.90815,16425349568.70569,-19272859470.748783,-23686415265.388435
1265,log((-2.265889761377401)((((X_2)^((-2)(-0.2768865087369382)))((5.147978784649531 + (2)(sin(5.147978784649531)) + X_3)^((-2)(-0.2768865087369382))))(((X_7)^((-1)(-0.2768865087369382)))(((X_8)^((-1)(-0.2768865087369382)))((sqrt((X_9)(((5.147978784649531)(sin(exp(sqrt(X_6)))))^(X_9) - (X_4))) + (X_4)(X_1 + (X_7)((X_6 + sqrt((X_9)(((5.147978784649531)(sin(exp(sqrt(X_6)))))^(X_9) - (X_4))))^(-1))))^((-2)(-0.2768865087369382))))))),45,0.36755965512957756,0.4119269971486305,0.36755965512957756,0.4119269971486305,0.4251490624022096,0.40597465685062306
1266,log((-1.5202532155747206)((((X_2)^((-1)(0.9522575193331839)))((X_7 + X_8)^((-1)(0.9522575193331839))))(((-1.4284860711547753 + (X_2)(X_9))^((-1)(0.9522575193331839)))(((X_0 + X_1)(((X_2)^(-1))(X_4 + X_5)) + sqrt((-1.5933695405823576)((X_2)(sin(exp(sqrt(X_6)))) - (X_4))))^((-1)(0.9522575193331839)))))),40,inf,inf,inf,inf,-inf,-inf
1267,log(exp(1.0091536430792516) + ((2)(exp(1.0091536430792516)))((X_2 + log(X_4))((sqrt(X_7 + X_8))(sqrt(X_9))))),19,0.3839565265282533,0.44228334877491643,0.3839565265282533,0.44228334877491643,0.39950490705040353,0.3621988365805542
1268,sqrt((5.3412299631452225)((((X_4)^((-1)(-0.20804888767290708)))((X_7)^((-1)(-0.20804888767290708))))(((X_9 + sqrt(X_6))^((-1)(-0.20804888767290708)))(((X_2)(X_8 + exp(sqrt(X_9))) - (X_9 + sqrt(X_6)))^((-1)(-0.20804888767290708)))))),26,0.3830010261576293,0.42177919958795235,0.3830010261576293,0.42177919958795235,0.4009992774913993,0.39176714441442406
1269,sqrt((5.94063306039775)((((X_2)^((-1)(-0.18322119229565564)))((X_7)^((-1)(-0.18322119229565564))))(((X_8)^((-1)(-0.18322119229565564)))(((X_9)^((-1)(-0.18322119229565564)))(((X_1)(X_4) + sqrt((X_4)((X_9)(X_8 - (X_4 + (exp(sqrt(X_2)))^(log(X_2)))))))^((-1)(-0.18322119229565564))))))),32,0.3852509726366432,0.4228391148472524,0.3852509726366432,0.4228391148472524,0.39748043687612555,0.3902386781328422
