Id,Expression,size,MSE_train,MSE_test,nll_train,nll_test,R2_train,R2_test
0,1663.2836,1,143012.25916314262,80333.08796443549,143012.25916314262,80333.08796443549,-1.0143841322474145e-10,-0.05007471290476673
1,powabs((7.453844; x4),3,33897.59064641387,29843.052012322747,33897.59064641387,29843.052012322747,0.7629742313826161,0.6099062656733011
2,powabs((x3; -5.7953396) + 1065.5448,5,11301.819903213845,10673.42050908967,11301.819903213845,10673.42050908967,0.9209730692285084,0.8604822836916706
3,powabs((x4; log(x4 * x1) + x4),8,7334.262121912708,8115.956387516772,7334.262121912708,8115.956387516772,0.9487158501965202,0.8939121999475205
4,powabs((x4; log(x1) + (log(x4) + x4)),9,7334.262121912698,8115.956387516742,7334.262121912698,8115.956387516742,0.9487158501965203,0.8939121999475208
5,powabs(((x4; powabs(log(x2); x1) + x4) - x0,10,5101.0957879617,6680.402788855462,5101.0957879617,6680.402788855462,0.9643310593208655,0.9126770522788668
6,(powabs(((x4; powabs(log(x2); x1) + x4) - x0) + 17.368464,12,4835.537120146064,5449.793463584126,4835.537120146064,5449.793463584126,0.9661879537535283,0.9287629736180827
7,(powabs((x4; log(x4 * x1) + x4) - x0) + (x4 * x5),14,3668.0643066723965,3498.8762009012494,3668.0643066723965,3498.8762009012494,0.9743513994638733,0.9542644069181399
