Id,Expression,size,MSE_train,MSE_test,nll_train,nll_test,R2_train,R2_test
0,1663.2836,1,143012.25916314262,80333.08796443549,143012.25916314262,80333.08796443549,-1.0143841322474145e-10,-0.05007471290476673
1,powabs((-7.4537606; x4),3,33897.58789708092,29832.031268387702,33897.58789708092,29832.031268387702,0.7629742506070725,0.6100503234310299
2,exp(powabs((sqrtabs(x4); 3.0632293)),5,16417.42526949527,12420.289738230402,16417.42526949527,12420.289738230402,0.885202671664446,0.8376480661761654
3,powabs(((powabs(sqrtabs(x4); 3.0632293); x4),6,15830.508948503491,8675.864386218629,15830.508948503491,8675.864386218629,0.8893066297760495,0.8865933572901807
4,((8.252679e7 / x3) / 430782.97) / x3,7,13463.672081610266,15924.17278805409,13463.672081610266,15924.17278805409,0.905856517743579,0.791847026021648
5,powabs(((248.79422; powabs(sin(x3) * x3; -0.13553342)),8,12383.78867825721,15616.152748245628,12383.78867825721,15616.152748245628,0.9134075026016722,0.7958733128614366
6,powabs(((sin(sin(powabs(-2.510378; x3))); -38.91731) + 231.27924,9,10515.145742050745,13658.097752848116,10515.145742050745,13658.097752848116,0.9264738155690406,0.8214680471016298
7,(exp(x4) * (exp(x4) + x4)) - ((x0 - exp(x4)) + x0),14,10129.204738377386,14500.068857662947,10129.204738377386,14500.068857662947,0.9291724723553252,0.8104622139067953
8,(exp(x1) * exp(x4)) - (x0 + ((x0 - exp(x4 + x4)) + x0)),16,4209.4182801631705,11767.781397517294,4209.4182801631705,11767.781397517294,0.9705660318547361,0.8461773350727578
