Id,Expression,size,MSE_train,MSE_test,nll_train,nll_test,R2_train,R2_test
0,1663.2836,1,143012.25916314262,80333.08796443549,143012.25916314262,80333.08796443549,-1.0143841322474145e-10,-0.05007471290476673
1,powabs((7.453541; x4),3,33897.62816510361,29803.06156585783,33897.62816510361,29803.06156585783,0.7629739690366468,0.6104290011694041
2,(651.3229 - x0) / x3,5,5551.084962347839,24106.11011777335,5551.084962347839,24106.11011777335,0.9611845516223999,0.6848967554642237
3,((680.97906 - x0) / x3) - x0,7,4404.969405919077,27864.893930291742,4404.969405919077,27864.893930291742,0.9691986586874284,0.6357637775990042
4,((668.2707 - x0) / sin(x3)) - x0,8,4190.628904927752,26859.361840745045,4190.628904927752,26859.361840745045,0.9706974148239114,0.6489075997400718
5,((668.2707 - x0) / x3) - (x0 / 1.4576689),9,4024.967263856517,23230.112829030106,4024.967263856517,23230.112829030106,0.9718557885329727,0.6963473622414666
6,((668.2707 - x0) / x3) - (x0 / (x1 - x3)),11,3891.61173018804,23666.95463972111,3891.61173018804,23666.95463972111,0.9727882647728584,0.6906371804151532
7,((668.2707 - x0) / x3) - ((x0 / (x1 - x3)) - x1),13,3887.6632031405647,24205.672846459114,3887.6632031405647,24205.672846459114,0.9728158744831795,0.6835953203222433
