Id,Expression,size,MSE_train,MSE_test,nll_train,nll_test,R2_train,R2_test
0,1663.2836,1,143012.25916314262,80333.08796443549,143012.25916314262,80333.08796443549,-1.0143841322474145e-10,-0.05007471290476673
1,powabs((7.4536953; x4),3,33897.592677625296,29823.409459898416,33897.592677625296,29823.409459898416,0.7629742171795579,0.6101630234815759
2,(977.59186 / x3) + -1186.7899,5,14293.894434375756,23998.721586168977,14293.894434375756,23998.721586168977,0.9000512646994843,0.6863004856624659
3,(188.11353 / x3) / sin(x3),6,12925.575544638123,16552.674983485816,12925.575544638123,16552.674983485816,0.9096191080290236,0.7836315536782947
4,exp(((2.6794178 / x3) / x2) + 5.5251875),8,10264.745720158699,16302.342721224219,10264.745720158699,16302.342721224219,0.9282247145715646,0.7869037741927298
5,((188.11353 / (x3 / x1)) / 1.923069) / sin(x3),10,5831.943396877329,10348.011739950161,5831.943396877329,10348.011739950161,0.9592206749855194,0.8647358674700277
6,exp(((2.6794178 / x3) / x2) + 5.5251875) * (x1 / 1.923069),12,5261.637785494992,11060.222900573623,5261.637785494992,11060.222900573623,0.9632084842459103,0.8554261926029251
7,(exp(((2.6794178 / x3) / x2) + 5.5251875) * (1670.2943 / 1.923069)) / (1663.6212 / x1),16,5218.008585624702,11282.671920835566,5218.008585624702,11282.671920835566,0.9635135573922966,0.8525184481478517
8,((exp(((2.6794178 / x3) / x2) + 5.5251875) * (1670.2943 / 1.923069)) / (1662.1033 / x1)) - x2,18,5207.202084623114,11110.82128593995,5207.202084623114,11110.82128593995,0.9635891208514428,0.8547647953339628
