Id,Expression,size,MSE_train,MSE_test,nll_train,nll_test,R2_train,R2_test
0,1663.2836,1,143012.25916314262,80333.08796443549,143012.25916314262,80333.08796443549,-1.0143841322474145e-10,-0.05007471290476673
1,powabs((7.453683; x4),3,33897.59425957191,29821.786146032828,33897.59425957191,29821.786146032828,0.7629742061179425,0.6101842426439976
2,(x0 * -7.345725) - -2284.0022,5,16104.140430689096,42336.156199897756,16104.140430689096,42336.156199897756,0.8873932869352709,0.44660253709181075
3,exp(powabs((x3; -0.2450846) * 5.6925907),6,11877.786783890773,18474.646566444277,11877.786783890773,18474.646566444277,0.9169456740659838,0.758508484102285
4,powabs((log((x0 / -0.13681142) + 2281.2395); x4),8,4686.606636749114,18641.62677570038,4686.606636749114,18641.62677570038,0.9672293363894194,0.7563258007306087
5,powabs((log((x0 / -0.13681142) + (x1 + 2280.871)); x4),10,4682.939165098271,18824.24916689131,4682.939165098271,18824.24916689131,0.9672549808458645,0.7539386504310374
6,powabs(((log((x0 / -0.13681142) + (powabs(x1; x2) + 2280.4216)); x4),12,4622.6925844999,20202.747959498134,4622.6925844999,20202.747959498134,0.9676762494906438,0.7359195905322442
7,(((exp(x4) * x2) / 0.52391726) * ((x1 + x1) / sin(x4 / 0.4306997))) - x0,17,2991.207921157916,3456.1075247014646,2991.207921157916,3456.1075247014646,0.9790842551613069,0.9548234580702839
8,((((exp(x4) * (x2 / 0.52391726)) * (x1 + x1)) / sin(x4 / 0.4306997)) - x0) + x5,19,2068.059598431711,2692.525643789815,2068.059598431711,2692.525643789815,0.9855392844589475,0.964804625789525
