Id,Expression,size,MSE_train,MSE_test,nll_train,nll_test,R2_train,R2_test
0,1663.3661,1,143012.2653409406,80343.30722928073,143012.2653409406,80343.30722928073,-4.329911962308586e-08,-0.0502082941210551
1,powabs((7.4385676; x4),3,34061.895929416656,27994.209222114623,34061.895929416656,27994.209222114623,0.7618253418819473,0.6340734315488783
2,(977.5907 / x3) + -1186.788,5,14293.894431621857,23998.422777156306,14293.894431621857,23998.422777156306,0.9000512647187406,0.6863043915472781
3,exp(5.5479627 - (-0.6318681 / x3)),6,10805.03301925376,16253.59960319442,10805.03301925376,16253.59960319442,0.9244468055845209,0.7875409203172992
4,(powabs((7.2382545; x4) * x1) - 1238.6093,7,6377.8758354796755,5685.681895046023,6377.8758354796755,5685.681895046023,0.9554032928823883,0.9256795557734385
5,(x2 - (197.4484 / (((1564.5128 - x3) - 1564.5132) - x3))) / (x3 / x1),15,6017.202574604329,10364.383047135818,6017.202574604329,10364.383047135818,0.9579252673132691,0.8645218697745767
6,((x3 * (x5 * x3)) - (197.4484 / ((0.0 - x3) - x3))) / (x3 / x1),17,5813.122826507398,10351.81481703558,5813.122826507398,10351.81481703558,0.9593522760837887,0.8646861555122303
