Id,Expression,size,MSE_train,MSE_test,nll_train,nll_test,R2_train,R2_test
0,1663.2274,1,143012.2627496918,80326.13427229301,143012.2627496918,80326.13427229301,-2.518005204343865e-08,-0.04998381765269633
1,powabs((7.4537854; x4),3,33897.5876769253,29835.307350913812,33897.5876769253,29835.307350913812,0.7629742521464903,0.610007500087558
2,(651.99146 - x0) / x3,5,5554.946202637891,24645.37899487166,5554.946202637891,24645.37899487166,0.9611575522566599,0.6778476972785334
3,(591.3226 - x0) / (x3 + -0.034592107),7,4090.6677752230967,22738.7182519911,4090.6677752230967,22738.7182519911,0.9713963837815359,0.7027706310648391
4,138.48839 - (x0 - ((631.35767 - x0) / x3)),9,4035.1832545358466,25448.78421132205,4035.1832545358466,25448.78421132205,0.9717843541626596,0.6673459784552283
5,(((663.3032 - (1829.0258 / (x0 - 217.92317))) - x0) / x3) - x0,13,3955.1271940326706,23579.703335480397,3955.1271940326706,23579.703335480397,0.9723441387642019,0.6917776866570108
6,(((x0 / (sin(674.2776) / (674.2776 / ((x2 - x0) - 674.2776)))) + 674.2776) / x3) - x0,18,3943.4200998581523,23456.3226461299,3943.4200998581523,23456.3226461299,0.9724259995378461,0.6933904584952486
7,(((x0 / (sin(674.2776) / (674.2776 / (((674.2776 / 217.92317) - 674.2776) - x0)))) + 674.2776) / x3) - x0,20,3943.3869046774344,23539.895886888135,3943.3869046774344,23539.895886888135,0.9724262316520782,0.6922980300947048
