Id,Expression,size,MSE_train,MSE_test,nll_train,nll_test,R2_train,R2_test
0,1663.2836,1,143012.25916314262,80333.08796443549,143012.25916314262,80333.08796443549,-1.0143841322474145e-10,-0.05007471290476673
1,576.8652 / x3,3,36264.6644022757,41778.03327468272,36264.6644022757,41778.03327468272,0.746422686990875,0.4538980461443223
2,powabs((log(1729.5453); x4),4,33899.99251349919,30079.336280767377,33899.99251349919,30079.336280767377,0.7629574365490849,0.606817673641824
3,304.2224 / (x3 + -0.15563078),5,11044.142365071808,16801.86270232052,11044.142365071808,16801.86270232052,0.9227748555905728,0.7803742940740008
4,303.9509 / sin(x3 + -0.15493552),6,11010.969833426389,17396.89790409984,11010.969833426389,17396.89790409984,0.9230068114511606,0.7725962858521176
5,powabs(((powabs(x3; -3.547893) + 82.72616; 1.5206995),7,10231.375630874501,12284.70572711147,10231.375630874501,12284.70572711147,0.9284580518356764,0.8394203538493745
6,(((-1737.707 / x1) + 1969.1644) / x3) + -1440.3363,9,5258.947892935407,10982.549563756596,5258.947892935407,10982.549563756596,0.963227293070941,0.8564415003537562
7,((((-1737.707 / x1) + 1968.4976) / x3) + -1440.3363) + x1,11,5258.038346960642,10995.76011738482,5258.038346960642,10995.76011738482,0.9632336529870782,0.8562688184780811
