Id,Expression,size,MSE_train,MSE_test,nll_train,nll_test,R2_train,R2_test
0,-0.025811942404202853 + (0.31929537326230073)(X_0 + X_1 + (X_2)(X_2) + (2)(X_3) + X_4 - ((X_0)(X_0))),24,0.1811121964736824,0.1998631261980058,0.1811121964736824,0.1998631261980058,0.8108003557502712,0.813086256250976
1,(0.32270951063840536)(1.435403403237568 + X_0 + X_1 + (-0.5815611827980636)(((X_0)(X_0))((X_1)(X_1))) + (2)(X_3) + X_4 - (sqrt(X_1))),27,0.1896424550585871,0.2495652892830724,0.1896424550585871,0.2495652892830724,0.8018891839957136,0.7666043586074324
2,(0.3298769123076835)(2.7467715887242714 + X_0 + X_1 + X_3 + (0.7688525453298075)(X_3) + X_4 + (-2.0586211579719422)(sqrt(X_0)) - ((X_1)(X_1))),24,0.1892319186749953,0.2243061528713875,0.1892319186749953,0.2243061528713875,0.8023180526154945,0.7902269239119395
3,(0.31586488813065705)(1.443544698642314 + X_0 + X_1 + (2)(X_3) + X_4 + (-1.5774230519651304)(((X_1)(X_1))(-0.5042335683622192 + sqrt(X_0))) - (sqrt(X_1))),29,0.1968619829466384,0.2647574721989823,0.1968619829466384,0.2647574721989823,0.7943472727679473,0.7523964962640833
4,0.007730167396261756 + (0.30873206786981644)(X_0 + X_1 + (X_2)(X_2) + (2)(X_3) + X_4 - ((X_1)(X_1))),24,0.1810977140656778,0.2067725366512829,0.1810977140656778,0.2067725366512829,0.8108154848608209,0.8066245151610203
5,-0.025811942404202853 + (0.31929537326230073)(X_0 + X_1 + (X_2)(X_2) + (2)(X_3) + X_4 - ((X_0)(X_0))),24,0.1811121964736824,0.1998631261980058,0.1811121964736824,0.1998631261980058,0.8108003557502712,0.813086256250976
6,(0.32999170381717907)(-2.7099194016741186 + X_0 + X_1 + (1.747928911776763)(1 + X_3) + X_4 + (2.2609028488045886)(sqrt(X_2)) - ((X_1)(X_1))),24,0.1864901906696993,0.2218681872564168,0.1864901906696993,0.2218681872564168,0.8051822107082759,0.7925069306790412
7,(0.289608428674647)(2.375140574677744 + X_0 + X_1 + (1.950167380863617)(-1 + X_3) + X_4 - ((X_1)(X_1) + log(X_0))),23,0.2205335972728922,0.2611882133448537,0.2205335972728922,0.2611882133448537,0.7696186178427402,0.755734498363448
8,-0.025811942404202818 + (0.31929537326230073)(X_0 + X_1 + (X_2)(X_2) + (2)(X_3) + X_4 - ((X_0)(X_0))),24,0.1811121964736824,0.1998631261980058,0.1811121964736824,0.1998631261980058,0.8108003557502712,0.813086256250976
9,(0.31161415587670005)(1.8314232969860567 + X_0 + X_1 + (2)(X_3) + X_4 + (-0.3783144256298566)((sqrt(X_0))((2)((X_1)(X_1)) + sqrt(X_1))) - (sqrt(X_1))),33,0.2060169938312623,0.2727589893822134,0.2060169938312623,0.2727589893822134,0.7847834508045548,0.744913407408022
10,(0.32270951063840614)(1.435403403237546 + X_0 + X_1 + (-0.5815611827980729)(((X_0)(X_0))((X_1)(X_1))) + (2)(X_3) + X_4 - (sqrt(X_1))),27,0.1896424550585871,0.2495652892830721,0.1896424550585871,0.2495652892830721,0.8018891839957136,0.7666043586074327
11,0.539340551932999 + (0.3186391500335506)(X_0 + X_1 + (X_2)(X_2) + (2)(X_3) + X_4 + (-2)(sqrt(X_1)) - ((X_0)(X_0))),29,0.1405837281014385,0.1477710308977177,0.1405837281014385,0.1477710308977177,0.8531385966159502,0.8618032394060455
12,(0.329991703817179)(-2.7099194016741204 + X_0 + X_1 + (1.7479289117767631)(1 + X_3) + X_4 + (2.2609028488045904)(sqrt(X_2)) - ((X_1)(X_1))),24,0.1864901906696993,0.2218681872564167,0.1864901906696993,0.2218681872564167,0.8051822107082759,0.7925069306790412
13,(0.31163550902212034)(1.6547372643952998 + X_0 + X_1 + (2)(X_3) + X_4 + (-0.879422518051935)(((X_1)(X_1))(sqrt(X_0))) - (sqrt(X_1))),27,0.2096918424926878,0.276912094827929,0.2096918424926878,0.276912094827929,0.7809445041573901,0.7410293868695156
14,-0.025811942404202853 + (0.31929537326230073)(X_0 + X_1 + (X_2)(X_2) + (2)(X_3) + X_4 - ((X_0)(X_0))),24,0.1811121964736824,0.1998631261980058,0.1811121964736824,0.1998631261980058,0.8108003557502712,0.813086256250976
15,0.539340551932999 + (0.3186391500335506)(X_0 + X_1 + (X_2)(X_2) + (2)(X_3) + X_4 + (-2)(sqrt(X_1)) - ((X_0)(X_0))),29,0.1405837281014385,0.1477710308977177,0.1405837281014385,0.1477710308977177,0.8531385966159502,0.8618032394060455
16,-0.025811942404202853 + (0.31929537326230073)(X_0 + X_1 + (X_2)(X_2) + (2)(X_3) + X_4 - ((X_0)(X_0))),24,0.1811121964736824,0.1998631261980058,0.1811121964736824,0.1998631261980058,0.8108003557502712,0.813086256250976
17,(0.3202943793960047)(1.5129076976500966 + X_0 + X_1 + (X_2)(X_2) + (2)(X_3) + X_4 + (-1.960814934133868)(sqrt(X_0)) - (sqrt(X_1))),29,0.1571871694471758,0.1560499712698969,0.1571871694471758,0.1560499712698969,0.8357937393556539,0.8540607019571622
18,(0.32987691230768373)(2.746771588724269 + X_0 + X_1 + (1.7688525453298065)(X_3) + X_4 + (-2.058621157971941)(sqrt(X_0)) - ((X_1)(X_1))),24,0.1892319186749953,0.2243061528713875,0.1892319186749953,0.2243061528713875,0.8023180526154945,0.7902269239119395
19,(0.3227095106384059)(1.4354034032375627 + X_0 + X_1 + (-0.5815611827980505)(((X_0)(X_0))((X_1)(X_1))) + (2)(X_3) + X_4 - (sqrt(X_1))),27,0.1896424550585871,0.2495652892830723,0.1896424550585871,0.2495652892830723,0.8018891839957136,0.7666043586074326
20,-0.025811942404202853 + (0.31929537326230073)(X_0 + X_1 + (X_2)(X_2) + (2)(X_3) + X_4 - ((X_0)(X_0))),24,0.1811121964736824,0.1998631261980058,0.1811121964736824,0.1998631261980058,0.8108003557502712,0.813086256250976
21,(0.27577748152901427)(1.9490491946269006 + X_3 + X_4 + (-0.9843373255795038)(((X_1)(X_1))(sqrt(X_0))) + (1.2417335652252595)(X_0 + X_1 + X_3 - (sqrt(X_1)))),27,0.2065101948025703,0.2708034730872613,0.2065101948025703,0.2708034730872613,0.7842682262634586,0.7467422233512371
22,(0.32270951063840564)(1.4354034032375536 + X_0 + X_1 + (-0.5815611827980529)(((X_0)(X_0))((X_1)(X_1))) + (2)(X_3) + X_4 - (sqrt(X_1))),27,0.1896424550585871,0.2495652892830721,0.1896424550585871,0.2495652892830721,0.8018891839957136,0.7666043586074327
23,-0.025811942404202853 + (0.31929537326230073)(X_0 + X_1 + (X_2)(X_2) + (2)(X_3) + X_4 - ((X_0)(X_0))),24,0.1811121964736824,0.1998631261980058,0.1811121964736824,0.1998631261980058,0.8108003557502712,0.813086256250976
24,-0.025811942404202853 + (0.31929537326230073)(X_0 + X_1 + (X_2)(X_2) + (2)(X_3) + X_4 - ((X_0)(X_0))),24,0.1811121964736824,0.1998631261980058,0.1811121964736824,0.1998631261980058,0.8108003557502712,0.813086256250976
25,-0.04085575703455613 + (0.31543964415895875)(X_0 + X_1 + (2)(X_3) + (1.0496697172983103)((X_2)(X_2) + X_4) - ((X_0)(X_0))),24,0.1807957232908572,0.2002686566379599,0.1807957232908572,0.2002686566379599,0.8111309608380065,0.8127070006365066
26,0.539340551932999 + (0.3186391500335506)(X_0 + X_1 + (X_2)(X_2) + (2)(X_3) + X_4 + (-2)(sqrt(X_1)) - ((X_0)(X_0))),29,0.1405837281014385,0.1477710308977177,0.1405837281014385,0.1477710308977177,0.8531385966159502,0.8618032394060455
27,(0.3202943793960047)(1.5129076976500966 + X_0 + X_1 + (X_2)(X_2) + (2)(X_3) + X_4 + (-1.960814934133868)(sqrt(X_0)) - (sqrt(X_1))),29,0.1571871694471758,0.1560499712698969,0.1571871694471758,0.1560499712698969,0.8357937393556539,0.8540607019571622
28,(-0.05381609249380048)(0.4796315638486333 + (-5.933072818621459)(X_0 + X_1 + (X_2)(X_2) + (2)(X_3) + X_4 - ((X_0)(X_0)))),24,0.1811121964762249,0.1998631818949635,0.1811121964762249,0.1998631818949635,0.8108003557476152,0.813086204162694
29,-0.1009792561969679 + (0.29152854096365777)(X_0 + (2)(X_3) + (1.2687884307454669)(X_1 + (X_2)(X_2) + X_4) - ((X_0)(X_0))),24,0.1719816649771793,0.2015779974863354,0.1719816649771793,0.2015779974863354,0.8203386052143284,0.8114824936227869
30,(0.32270951063840586)(1.435403403237553 + X_0 + X_1 + (-0.5815611827980562)(((X_0)(X_0))((X_1)(X_1))) + (2)(X_3) + X_4 - (sqrt(X_1))),27,0.1896424550585871,0.2495652892830721,0.1896424550585871,0.2495652892830721,0.8018891839957136,0.7666043586074327
31,-0.027027434210395877 + (0.3147987974125321)(X_0 + X_1 + (X_2)(X_2) + (2)(X_3) + X_4 - ((-0.07173394656064253 + X_0)(-0.07173394656064253 + X_0))),26,0.1793778531667391,0.1867712532361251,0.1793778531667391,0.1867712532361251,0.8126121450337624,0.8253298903546846
32,-0.025811942404202853 + (0.31929537326230073)(X_0 + X_1 + (X_2)(X_2) + (2)(X_3) + X_4 - ((X_0)(X_0))),24,0.1811121964736824,0.1998631261980058,0.1811121964736824,0.1998631261980058,0.8108003557502712,0.813086256250976
33,-0.025811942404202853 + (0.31929537326230073)(X_0 + X_1 + (X_2)(X_2) + (2)(X_3) + X_4 - ((X_0)(X_0))),24,0.1811121964736824,0.1998631261980058,0.1811121964736824,0.1998631261980058,0.8108003557502712,0.813086256250976
34,-0.025811942404202853 + (0.31929537326230073)(X_0 + X_1 + (X_2)(X_2) + (2)(X_3) + X_4 - ((X_0)(X_0))),24,0.1811121964736824,0.1998631261980058,0.1811121964736824,0.1998631261980058,0.8108003557502712,0.813086256250976
35,(0.1038536394311929)(0.004926654555365712 + (2)(X_0) + X_1 + ((1 + (-0.48664706093866567)((X_0)^(-1)))^(-1))((X_1)(X_1)) + (2)(X_3) + X_4 - (sqrt(X_1))),33,0.7406808648691233,1.0376491836142514,0.7406808648691233,1.0376491836142514,0.2262445110581886,0.0295814075513379
36,-0.025811942404202804 + (0.31929537326230073)(X_0 + X_1 + (X_2)(X_2) + (2)(X_3) + X_4 - ((X_0)(X_0))),24,0.1811121964736824,0.1998631261980058,0.1811121964736824,0.1998631261980058,0.8108003557502712,0.813086256250976
37,(0.32987691230768357)(2.74677158872427 + X_0 + X_1 + (-2.348389770614073)(X_3) + X_4 + (-2.05862115797194)((-2)(X_3) + sqrt(X_0)) - ((X_1)(X_1))),24,0.1892319186749953,0.2243061528713875,0.1892319186749953,0.2243061528713875,0.8023180526154945,0.7902269239119395
38,(0.31587638361015413)(X_0 + X_1 + (X_2)(X_2) + (2)(X_3) + X_4 - ((X_0)(X_0))) + (-0.06960733195609503)(log(sin(X_1))),28,0.1747453290162775,0.1741034569176991,0.1747453290162775,0.1741034569176991,0.8174515315483695,0.8371769242721934
39,(0.3266600352833848)(0.6431732413184661 + X_0 + X_1 + (-0.6812861502838571)(((X_0)(X_0))((X_1)(X_1))) + (2)(X_3) + X_4),22,0.1909033958704769,0.2413505535092367,0.1909033958704769,0.2413505535092367,0.8005719366889361,0.7742868513543711
40,-0.025811942404202853 + (0.31929537326230073)(X_0 + X_1 + (X_2)(X_2) + (2)(X_3) + X_4 - ((X_0)(X_0))),24,0.1811121964736824,0.1998631261980058,0.1811121964736824,0.1998631261980058,0.8108003557502712,0.813086256250976
41,(0.2762101361176187)(0.4256567038379311 + X_0 + (1.2246438346930417)(X_1) + (2.052020228753771)(X_3) + X_4 - ((X_1)(X_1) + log(X_0))),23,0.2175212336007458,0.2610155846842842,0.2175212336007458,0.2610155846842842,0.7727654966627081,0.7558959421967314
42,-0.025811942404202853 + (0.31929537326230073)(X_0 + X_1 + (X_2)(X_2) + (2)(X_3) + X_4 - ((X_0)(X_0))),24,0.1811121964736824,0.1998631261980058,0.1811121964736824,0.1998631261980058,0.8108003557502712,0.813086256250976
43,-0.025811942404202853 + (0.31929537326230073)(X_0 + X_1 + (X_2)(X_2) + (2)(X_3) + X_4 - ((X_0)(X_0))),24,0.1811121964736824,0.1998631261980058,0.1811121964736824,0.1998631261980058,0.8108003557502712,0.813086256250976
44,(0.32270951063840564)(1.435403403237565 + X_0 + X_1 + (-0.5815611827980672)(((X_0)(X_0))((X_1)(X_1))) + (2)(X_3) + X_4 - (sqrt(X_1))),27,0.1896424550585871,0.2495652892830725,0.1896424550585871,0.2495652892830725,0.8018891839957136,0.7666043586074324
45,-0.10097925619696789 + (0.29152854096365804)(X_0 + (2)(X_3) + (1.2687884307454675)(X_1 + (X_2)(X_2) + X_4) - ((X_0)(X_0))),24,0.1719816649771793,0.2015779974863354,0.1719816649771793,0.2015779974863354,0.8203386052143284,0.8114824936227869
46,(4.905057242227022)((-4.696790015017212)^(X_1) + (-0.07314796516755351)(1.3502939696437624 - (X_0)) + X_1 + (-3.215729769996294)(-1 + X_3) + X_4 - ((X_1)(X_1) + log(X_0))),28,inf,inf,inf,inf,-inf,-inf
47,0.007730167396263001 + (0.3087320678698168)(X_0 + X_1 + (X_2)(X_2) + (2)(X_3) + X_4 - ((X_1)(X_1))),24,0.1810977140656778,0.2067725366512828,0.1810977140656778,0.2067725366512828,0.8108154848608209,0.8066245151610203
48,-0.025811942404202853 + (0.31929537326230073)(X_0 + X_1 + (X_2)(X_2) + (2)(X_3) + X_4 - ((X_0)(X_0))),24,0.1811121964736824,0.1998631261980058,0.1811121964736824,0.1998631261980058,0.8108003557502712,0.813086256250976
49,(0.2785885191631237)(3.1329004652450885 + X_3 + X_4 + (-2.422181097676481)(sqrt(X_0)) + (1.277078361591138)(X_0 + X_1 + X_3 - (sqrt((X_1)(X_1))))),26,0.1963113132423605,0.2169807055774699,0.1963113132423605,0.2169807055774699,0.7949225322710455,0.797077746294182
50,(0.3202943793960047)(1.5129076976500966 + X_0 + X_1 + (X_2)(X_2) + (2)(X_3) + X_4 + (-1.960814934133868)(sqrt(X_0)) - (sqrt(X_1))),29,0.1571871694471758,0.1560499712698969,0.1571871694471758,0.1560499712698969,0.8357937393556539,0.8540607019571622
51,(0.3298769123076835)(0.9779190433944898 + X_0 + X_1 + (1.7688525453297812)(1 + X_3) + X_4 + (-2.0586211579719036)(sqrt(X_0)) - ((X_1)(X_1))),24,0.1892319186749953,0.2243061528713861,0.1892319186749953,0.2243061528713861,0.8023180526154945,0.7902269239119407
52,(0.3266600352833848)(0.6431732413184661 + X_0 + X_1 + (-0.6812861502838569)(((X_0)(X_0))((X_1)(X_1))) + (2)(X_3) + X_4),22,0.1909033958704769,0.2413505535092367,0.1909033958704769,0.2413505535092367,0.8005719366889361,0.7742868513543711
53,(0.3187718411841331)(X_0 + X_1 + (X_2)(X_2) + (2)(X_3) + X_4 - ((X_0)(X_0))),23,0.181776359651538,0.1966309400065239,0.181776359651538,0.1966309400065239,0.8101065347960745,0.8161090250479839
54,0.539340551932999 + (0.3186391500335506)(X_0 + X_1 + (X_2)(X_2) + (2)(X_3) + X_4 + (-2)(sqrt(X_1)) - ((X_0)(X_0))),29,0.1405837281014385,0.1477710308977177,0.1405837281014385,0.1477710308977177,0.8531385966159502,0.8618032394060455
55,-0.02442496127406531 + (0.31253294468793363)(X_0 + X_1 + (X_2)(X_2) + (2)(X_3) + (1.1347409739359149)(X_4) - ((X_0)(X_0))),24,0.1796117476712018,0.2009815184987913,0.1796117476712018,0.2009815184987913,0.8123678061217624,0.8120403259891187
56,-0.025811942404202853 + (0.31929537326230073)(X_0 + X_1 + (X_2)(X_2) + (2)(X_3) + X_4 - ((X_0)(X_0))),24,0.1811121964736824,0.1998631261980058,0.1811121964736824,0.1998631261980058,0.8108003557502712,0.813086256250976
57,0.539340551932999 + (0.3186391500335506)(X_0 + X_1 + (X_2)(X_2) + (2)(X_3) + X_4 + (-2)(sqrt(X_1)) - ((X_0)(X_0))),29,0.1405837281014385,0.1477710308977177,0.1405837281014385,0.1477710308977177,0.8531385966159502,0.8618032394060455
58,0.539340551932999 + (0.3186391500335506)(X_0 + X_1 + (X_2)(X_2) + (2)(X_3) + X_4 + (-2)(sqrt(X_1)) - ((X_0)(X_0))),29,0.1405837281014385,0.1477710308977177,0.1405837281014385,0.1477710308977177,0.8531385966159502,0.8618032394060455
59,(0.32999170381717874)(-2.709919401674116 + X_0 + X_1 + (1.7479289117767667)(1 + X_3) + X_4 + (2.260902848804591)(sqrt(X_2)) - ((X_1)(X_1))),24,0.1864901906696993,0.221868187256417,0.1864901906696993,0.221868187256417,0.8051822107082759,0.792506930679041
60,-7.9731310417148045 + (0.31929537326230073)(24.890179328661645 + X_0 + X_1 + (X_2)(X_2) + (2)(X_3) + X_4 - ((X_0)(X_0))),24,0.1811121964736824,0.1998631261980026,0.1811121964736824,0.1998631261980026,0.8108003557502713,0.813086256250979
61,0.007730167396263088 + (0.3087320678698138)(X_0 + X_1 + (X_2)(X_2) + (2)(X_3) + X_4 - ((X_1)(X_1))),24,0.1810977140656778,0.2067725366512835,0.1810977140656778,0.2067725366512835,0.8108154848608209,0.8066245151610197
62,(0.3227095106384059)(1.4354034032375627 + X_0 + X_1 + (-0.5815611827980505)(((X_0)(X_0))((X_1)(X_1))) + (2)(X_3) + X_4 - (sqrt(X_1))),27,0.1896424550585871,0.2495652892830723,0.1896424550585871,0.2495652892830723,0.8018891839957136,0.7666043586074326
63,-0.025811942404202853 + (0.31929537326230073)(X_0 + X_1 + (X_2)(X_2) + (2)(X_3) + X_4 - ((X_0)(X_0))),24,0.1811121964736824,0.1998631261980058,0.1811121964736824,0.1998631261980058,0.8108003557502712,0.813086256250976
64,-0.10909175021364526 + (0.31863915003355414)(2.0350051212425875 + X_0 + X_1 + (X_2)(X_2) + (2)(X_3) + X_4 + (-2)(sqrt(X_1)) - ((X_0)(X_0))),29,0.1405837281014385,0.147771030897716,0.1405837281014385,0.147771030897716,0.8531385966159502,0.8618032394060471
65,(0.3132922262169987)(2.7112887271599666 + (1.1978346365245853)(X_0) + X_1 + (2)(X_3) + X_4 + (-2.2070535637903226)(sqrt(X_0)) - (sqrt(X_1))),24,0.2127789343704157,0.2223581640799795,0.2127789343704157,0.2223581640799795,0.7777195601922429,0.7920487000679998
66,(0.329991703817179)(-0.9619904898973575 + X_0 + X_1 + (1.7479289117767631)(X_3) + X_4 + (2.260902848804591)(sqrt(X_2)) - ((X_1)(X_1))),24,0.1864901906696993,0.2218681872564167,0.1864901906696993,0.2218681872564167,0.8051822107082759,0.7925069306790412
67,(0.32987691230768346)(0.9779190433944627 + X_0 + X_1 + (1.7688525453298078)(1 + X_3) + X_4 + (-2.0586211579719422)(sqrt(X_0)) - ((X_1)(X_1))),24,0.1892319186749953,0.2243061528713875,0.1892319186749953,0.2243061528713875,0.8023180526154945,0.7902269239119395
68,0.3164622352660791 + (0.30873206786981733)(-1 + X_0 + X_1 + (X_2)(X_2) + (2)(X_3) + X_4 - ((X_1)(X_1))),24,0.1810977140656778,0.2067725366512827,0.1810977140656778,0.2067725366512827,0.8108154848608209,0.8066245151610205
69,-0.025811942404202853 + (0.31929537326230073)(X_0 + X_1 + (X_2)(X_2) + (2)(X_3) + X_4 - ((X_0)(X_0))),24,0.1811121964736824,0.1998631261980058,0.1811121964736824,0.1998631261980058,0.8108003557502712,0.813086256250976
70,-0.025811942404202853 + (0.31929537326230073)(X_0 + X_1 + (X_2)(X_2) + (2)(X_3) + X_4 - ((X_0)(X_0))),24,0.1811121964736824,0.1998631261980058,0.1811121964736824,0.1998631261980058,0.8108003557502712,0.813086256250976
71,(0.3227095106384059)(1.4354034032375627 + X_0 + X_1 + (-0.5815611827980505)(((X_0)(X_0))((X_1)(X_1))) + (2)(X_3) + X_4 - (sqrt(X_1))),27,0.1896424550585871,0.2495652892830723,0.1896424550585871,0.2495652892830723,0.8018891839957136,0.7666043586074326
72,-0.025811942404202853 + (0.31929537326230073)(X_0 + X_1 + (X_2)(X_2) + (2)(X_3) + X_4 - ((X_0)(X_0))),24,0.1811121964736824,0.1998631261980058,0.1811121964736824,0.1998631261980058,0.8108003557502712,0.813086256250976
73,(0.3298769123076835)(2.7467715887242714 + X_0 + X_1 + (1.7688525453298074)(X_3) + X_4 + (-2.0586211579719422)(sqrt(X_0)) - ((X_1)(X_1))),24,0.1892319186749953,0.2243061528713875,0.1892319186749953,0.2243061528713875,0.8023180526154945,0.7902269239119395
74,(0.32070960194375014)(2.647031019860738 + X_0 + X_1 + (2)(X_3) + X_4 + (-2.117036789833219)(sqrt(X_0)) - (sqrt((X_1)(X_1)))),26,0.2006971210922406,0.2250748194772454,0.2006971210922406,0.2250748194772454,0.7903408790135545,0.7895080601788993
75,(0.32212214606129663)(X_0 + X_1 + (2)(X_3) + X_4 + (-0.3076214867189183)(((X_1)(X_1))((sqrt((-1.4547152668444494)(X_0)))^(3.7202404278480583))) - (-1.4547152668444494 + sqrt(X_1))),29,0.1895517748908731,0.2508510985033652,0.1895517748908731,0.2508510985033652,0.8019839134275578,0.7654018585781182
76,(0.3164583028258101)(2.142416695081399 + X_0 + X_1 + (2)(X_3) + X_4 + (-0.8909183356433348)((1.43286559659686 + (X_1)(X_1))(-0.2676076331411179 + sqrt(X_0))) - (sqrt(X_1))),31,0.1874969962682744,0.2392398415198749,0.1874969962682744,0.2392398415198749,0.8041304468580885,0.7762608076684373
77,-0.025811942404202853 + (0.31929537326230073)(X_0 + X_1 + (X_2)(X_2) + (2)(X_3) + X_4 - ((X_0)(X_0))),24,0.1811121964736824,0.1998631261980058,0.1811121964736824,0.1998631261980058,0.8108003557502712,0.813086256250976
78,-0.025811942404202853 + (0.31929537326230073)(X_0 + X_1 + (X_2)(X_2) + (2)(X_3) + X_4 - ((X_0)(X_0))),24,0.1811121964736824,0.1998631261980058,0.1811121964736824,0.1998631261980058,0.8108003557502712,0.813086256250976
79,(0.35321998099216356)(-2.288954799760245 + X_0 + X_1 + (1.6197691259841)(1 + X_3) + X_4 + (2.170880502960144)(sqrt(X_2)) - (sqrt((2)(X_1)))),27,0.1972235334804758,0.1918943508147782,0.1972235334804758,0.1918943508147782,0.7939695774292996,0.8205387246892937
80,(0.29632467708303895)(X_0 + X_1 + (2)(X_3) + X_4 + (2.215802546503529)(sqrt(X_2)) - ((X_1)(X_1) + sqrt(X_1))),28,0.2069487459846766,0.2612855575325544,0.2069487459846766,0.2612855575325544,0.7838100918624887,0.7556434612276768
81,0.539340551932999 + (0.3186391500335506)(X_0 + X_1 + (X_2)(X_2) + (2)(X_3) + X_4 + (-2)(sqrt(X_1)) - ((X_0)(X_0))),29,0.1405837281014385,0.1477710308977177,0.1405837281014385,0.1477710308977177,0.8531385966159502,0.8618032394060455
82,(0.3116355090221203)(1.6547372643952944 + X_0 + X_1 + (2)(X_3) + X_4 + (-0.8794225180519291)(((X_1)(X_1))(sqrt(X_0))) - (sqrt(X_1))),27,0.2096918424926878,0.2769120948279286,0.2096918424926878,0.2769120948279286,0.7809445041573901,0.7410293868695159
83,-0.025811942404202853 + (0.31929537326230073)(X_0 + X_1 + (X_2)(X_2) + (2)(X_3) + X_4 - ((X_0)(X_0))),24,0.1811121964736824,0.1998631261980058,0.1811121964736824,0.1998631261980058,0.8108003557502712,0.813086256250976
84,-0.025811942404202853 + (0.31929537326230073)(X_0 + X_1 + (X_2)(X_2) + (2)(X_3) + X_4 - ((X_0)(X_0))),24,0.1811121964736824,0.1998631261980058,0.1811121964736824,0.1998631261980058,0.8108003557502712,0.813086256250976
85,0.539340551932999 + (0.3186391500335506)(X_0 + X_1 + (X_2)(X_2) + (2)(X_3) + X_4 + (-2)(sqrt(X_1)) - ((X_0)(X_0))),29,0.1405837281014385,0.1477710308977177,0.1405837281014385,0.1477710308977177,0.8531385966159502,0.8618032394060455
86,-0.025811942404202853 + (0.31929537326230073)(X_0 + X_1 + (X_2)(X_2) + (2)(X_3) + X_4 - ((X_0)(X_0))),24,0.1811121964736824,0.1998631261980058,0.1811121964736824,0.1998631261980058,0.8108003557502712,0.813086256250976
87,(0.3298769123076833)(2.746771588724259 + X_0 + X_1 + (1.7688525453298127)(X_3) + X_4 + (-2.058621157971946)(sqrt(X_0)) - ((X_1)(X_1))),24,0.1892319186749953,0.2243061528713879,0.1892319186749953,0.2243061528713879,0.8023180526154945,0.790226923911939
88,(0.3532199809921635)(-0.6691856737761456 + X_0 + X_1 + (1.6197691259841003)(X_3) + X_4 + (2.1708805029601446)(sqrt(X_2)) - (sqrt((2)(X_1)))),27,0.1972235334804758,0.1918943508147783,0.1972235334804758,0.1918943508147783,0.7939695774292996,0.8205387246892936
89,(0.3202943793960047)(1.5129076976500966 + X_0 + X_1 + (X_2)(X_2) + (2)(X_3) + X_4 + (-1.960814934133868)(sqrt(X_0)) - (sqrt(X_1))),29,0.1571871694471758,0.1560499712698969,0.1571871694471758,0.1560499712698969,0.8357937393556539,0.8540607019571622
90,-0.025811942404202853 + (0.31929537326230073)(X_0 + X_1 + (X_2)(X_2) + (2)(X_3) + X_4 - ((X_0)(X_0))),24,0.1811121964736824,0.1998631261980058,0.1811121964736824,0.1998631261980058,0.8108003557502712,0.813086256250976
91,(0.32999170381717924)(-2.709919401674118 + X_0 + X_1 + (1.7479289117767656)(1 + X_3) + X_4 + (2.2609028488045904)(sqrt(X_2)) - ((X_1)(X_1))),24,0.1864901906696992,0.2218681872564168,0.1864901906696992,0.2218681872564168,0.805182210708276,0.7925069306790412
92,(0.31657219059195413)(0.9957028106964737 + X_0 + X_1 + (2)(X_3) + X_4 + (-1.1398719597174232)(((X_1)(X_1))(sqrt(X_0)))),22,0.1985806920181419,0.2679851742807769,0.1985806920181419,0.2679851742807769,0.7925518158565488,0.7493779210456759
93,-0.025811942404202853 + (0.31929537326230073)(X_0 + X_1 + (X_2)(X_2) + (2)(X_3) + X_4 - ((X_0)(X_0))),24,0.1811121964736824,0.1998631261980058,0.1811121964736824,0.1998631261980058,0.8108003557502712,0.813086256250976
94,0.539340551932999 + (0.3186391500335506)(X_0 + X_1 + (X_2)(X_2) + (2)(X_3) + X_4 + (-2)(sqrt(X_1)) - ((X_0)(X_0))),29,0.1405837281014385,0.1477710308977177,0.1405837281014385,0.1477710308977177,0.8531385966159502,0.8618032394060455
95,0.03367461983272251 + (0.31090494249317085)(X_0 + X_1 + (0.9167207836301849)((X_2)(X_2)) + (2)(X_3) + X_4 - ((X_1)(X_1))),24,0.1806171421669702,0.2077053720339758,0.1806171421669702,0.2077053720339758,0.8113175163862633,0.8057521193519607
96,(0.31541016298549385)(0.8812342576765584 + X_0 + X_1 + (2)(X_3) + X_4 + ((X_1)(X_1))((1 + (21746856.470520023)((sqrt(X_0))^(-1)))^(-1)) - (sqrt(X_1))),33,0.2685731228060678,0.2732029434915053,0.2685731228060678,0.2732029434915053,0.7194339184256398,0.7444982176419102
97,-0.025811942404202853 + (0.31929537326230073)(X_0 + X_1 + (X_2)(X_2) + (2)(X_3) + X_4 - ((X_0)(X_0))),24,0.1811121964736824,0.1998631261980058,0.1811121964736824,0.1998631261980058,0.8108003557502712,0.813086256250976
98,-0.025811942404202853 + (0.31929537326230073)(X_0 + X_1 + (X_2)(X_2) + (2)(X_3) + X_4 - ((X_0)(X_0))),24,0.1811121964736824,0.1998631261980058,0.1811121964736824,0.1998631261980058,0.8108003557502712,0.813086256250976
99,(0.3187718411841334)(X_0 + X_1 + (X_2)(X_2) + (2)(X_3) + X_4 - ((X_0)(X_0))),23,0.181776359651538,0.1966309400065239,0.181776359651538,0.1966309400065239,0.8101065347960745,0.8161090250479839
100,-0.025811942404202853 + (0.31929537326230073)(X_0 + X_1 + (X_2)(X_2) + (2)(X_3) + X_4 - ((X_0)(X_0))),24,0.1811121964736824,0.1998631261980058,0.1811121964736824,0.1998631261980058,0.8108003557502712,0.813086256250976
101,0.539340551932999 + (0.3186391500335506)(X_0 + X_1 + (X_2)(X_2) + (2)(X_3) + X_4 + (-2)(sqrt(X_1)) - ((X_0)(X_0))),29,0.1405837281014385,0.1477710308977177,0.1405837281014385,0.1477710308977177,0.8531385966159502,0.8618032394060455
102,(-0.0038567493558716503)((X_3)^(-1)) + (0.3187259828081603)(X_0 + X_1 + (X_2)(X_2) + (2)(X_3) + X_4 - ((X_0)(X_0))),28,0.1795298475144103,0.2018543861736625,0.1795298475144103,0.2018543861736625,0.8124533634769856,0.8112240125049293
103,(0.3227095106384059)(1.4354034032375627 + X_0 + X_1 + (-0.5815611827980505)(((X_0)(X_0))((X_1)(X_1))) + (2)(X_3) + X_4 - (sqrt(X_1))),27,0.1896424550585871,0.2495652892830723,0.1896424550585871,0.2495652892830723,0.8018891839957136,0.7666043586074326
104,0.0077301673962622 + (0.30873206786981555)(X_0 + X_1 + (X_2)(X_2) + (2)(X_3) + X_4 - ((X_1)(X_1))),24,0.1810977140656778,0.2067725366512831,0.1810977140656778,0.2067725366512831,0.8108154848608209,0.8066245151610201
105,(0.32999170381717874)(-2.709919401674116 + X_0 + X_1 + (1.7479289117767667)(1 + X_3) + X_4 + (2.260902848804591)(sqrt(X_2)) - ((X_1)(X_1))),24,0.1864901906696993,0.221868187256417,0.1864901906696993,0.221868187256417,0.8051822107082759,0.792506930679041
106,(-0.09212689302034605)(X_3) + (0.34054299855667125)(X_0 + X_1 + (X_2)(X_2) + (2)(X_3) + X_4 - ((X_0)(X_0))),23,0.1772035935829777,0.1910224630993285,0.1772035935829777,0.1910224630993285,0.8148834947703552,0.8213541217068607
107,0.007730167396263088 + (0.3087320678698191)(X_0 + X_1 + (X_2)(X_2) + (2)(X_3) + X_4 - ((X_1)(X_1))),24,0.1810977140656778,0.2067725366512824,0.1810977140656778,0.2067725366512824,0.8108154848608209,0.8066245151610207
108,(0.3424588226071448)(1.3969862937484079 + X_0 + X_1 + (2)(X_3) + X_4 + (-0.3457537764614136)(((X_0)(X_0))(exp(X_1))) - (sqrt(X_1))),26,0.1958513970467275,0.2390590790740719,0.1958513970467275,0.2390590790740719,0.795402985726377,0.7764298582888144
109,(0.32270951063840525)(1.4354034032375376 + X_0 + X_1 + (-0.5815611827981124)(((X_0)(X_0))((X_1)(X_1))) + (2)(X_3) + X_4 - (sqrt(X_1))),27,0.1896424550585871,0.2495652892830725,0.1896424550585871,0.2495652892830725,0.8018891839957136,0.7666043586074324
110,-0.025811942404202853 + (0.31929537326230073)(X_0 + X_1 + (X_2)(X_2) + (2)(X_3) + X_4 - ((X_0)(X_0))),24,0.1811121964736824,0.1998631261980058,0.1811121964736824,0.1998631261980058,0.8108003557502712,0.813086256250976
111,0.539340551932999 + (0.3186391500335506)(X_0 + X_1 + (X_2)(X_2) + (2)(X_3) + X_4 + (-2)(sqrt(X_1)) - ((X_0)(X_0))),29,0.1405837281014385,0.1477710308977177,0.1405837281014385,0.1477710308977177,0.8531385966159502,0.8618032394060455
112,-0.27790622808373955 + (0.2731409418748322)(X_0 + X_1 + (X_2)(X_2) + (2)(X_3) + (1.2384138964124651)(X_4) + sin(X_1)),23,0.2276028066538058,0.2416790049243102,0.2276028066538058,0.2416790049243102,0.762233737497644,0.7739796807181516
113,-0.025811942404202853 + (0.31929537326230073)(X_0 + X_1 + (X_2)(X_2) + (2)(X_3) + X_4 - ((X_0)(X_0))),24,0.1811121964736824,0.1998631261980058,0.1811121964736824,0.1998631261980058,0.8108003557502712,0.813086256250976
114,(0.3227095106384056)(1.4354034032375775 + X_0 + X_1 + (-0.5815611827980627)(((X_0)(X_0))((X_1)(X_1))) + (2)(X_3) + X_4 - (sqrt(X_1))),27,0.1896424550585871,0.2495652892830727,0.1896424550585871,0.2495652892830727,0.8018891839957136,0.7666043586074321
115,-0.025811942404202853 + (0.31929537326230073)(X_0 + X_1 + (X_2)(X_2) + (2)(X_3) + X_4 - ((X_0)(X_0))),24,0.1811121964736824,0.1998631261980058,0.1811121964736824,0.1998631261980058,0.8108003557502712,0.813086256250976
116,(0.3134203410244078)(2.7001231432404027 + (1.225437816390109)(X_0) + X_1 + (2)(X_3) + X_4 + (-2.199584607292108)(sqrt(X_0)) - (sqrt((X_1)(X_1)))),26,0.1964688456912479,0.2122279819442022,0.1964688456912479,0.2122279819442022,0.7947579653127312,0.8015225350063253
117,-0.025811942404202853 + (0.31929537326230073)(X_0 + X_1 + (X_2)(X_2) + (2)(X_3) + X_4 - ((X_0)(X_0))),24,0.1811121964736824,0.1998631261980058,0.1811121964736824,0.1998631261980058,0.8108003557502712,0.813086256250976
118,(0.31877184118413293)(X_0 + X_1 + (X_2)(X_2) + (2)(X_3) + X_4 - ((X_0)(X_0))),23,0.181776359651538,0.1966309400065239,0.181776359651538,0.1966309400065239,0.8101065347960745,0.8161090250479839
119,(0.3200289618603783)(2.6629799180853273 + X_0 + X_1 + (2)(X_3) + X_4 + (-2.1326591779978026)(sqrt(X_0)) - (sqrt(X_1))),24,0.2160063311507241,0.2339526682101953,0.2160063311507241,0.2339526682101953,0.7743480461000056,0.7812054183925939
120,(0.3270676775417584)(2.422958845980826 + X_0 + X_1 + (2)(X_3) + X_4 + (-1.6227919398598045 + sqrt(X_0))^(-1) - (sqrt((X_1)(X_1)))),30,0.196754987138771,0.212670800730295,0.196754987138771,0.212670800730295,0.7944590464042836,0.8011084070043996
121,(0.3207096019437504)(2.6470310198607283 + X_0 + X_1 + (2)(X_3) + X_4 + (-2.117036789833294)(sqrt(X_0)) - (sqrt((X_1)(X_1)))),26,0.2006971210922406,0.2250748194772472,0.2006971210922406,0.2250748194772472,0.7903408790135545,0.7895080601788977
122,0.539340551932999 + (0.3186391500335506)(X_0 + X_1 + (X_2)(X_2) + (2)(X_3) + X_4 + (-2)(sqrt(X_1)) - ((X_0)(X_0))),29,0.1405837281014385,0.1477710308977177,0.1405837281014385,0.1477710308977177,0.8531385966159502,0.8618032394060455
123,(0.3516896281348744)(2.8552936642379683 + X_0 + X_1 + (1.64594023293242)(X_3) + X_4 + (-1.932517956883512)(sqrt(X_0)) - (sqrt((2)(X_1)))),27,0.2028904533319927,0.2067584762812308,0.2028904533319927,0.2067584762812308,0.7880496049438767,0.8066376645420739
124,(0.3200289618603781)(2.6629799180853375 + X_0 + X_1 + (2)(X_3) + X_4 + (-2.132659177997795)(sqrt(X_0)) - (sqrt(X_1))),24,0.2160063311507242,0.2339526682101947,0.2160063311507242,0.2339526682101947,0.7743480461000055,0.7812054183925945
125,(0.3114575075313871)(2.8369930319789214 + X_0 + X_1 + (2)(X_3) + X_4 + (-2.1607009319767316)(sqrt(X_0)) - ((X_1)(X_1))),24,0.192288173601322,0.2352657730912456,0.192288173601322,0.2352657730912456,0.7991253226058315,0.7799773912225942
126,(-0.05381609249380048)(0.4796315638486333 + (-5.933072818621459)(X_0 + X_1 + (X_2)(X_2) + (2)(X_3) + X_4 - ((X_0)(X_0)))),24,0.1811121964762249,0.1998631818949635,0.1811121964762249,0.1998631818949635,0.8108003557476152,0.813086204162694
127,-0.025811942404202825 + (0.31929537326230073)(X_0 + X_1 + (X_2)(X_2) + (2)(X_3) + X_4 - ((X_0)(X_0))),24,0.1811121964736824,0.1998631261980058,0.1811121964736824,0.1998631261980058,0.8108003557502712,0.813086256250976
128,-0.025811942404202853 + (0.31929537326230073)(X_0 + X_1 + (X_2)(X_2) + (2)(X_3) + X_4 - ((X_0)(X_0))),24,0.1811121964736824,0.1998631261980058,0.1811121964736824,0.1998631261980058,0.8108003557502712,0.813086256250976
129,0.539340551932999 + (0.3186391500335506)(X_0 + X_1 + (X_2)(X_2) + (2)(X_3) + X_4 + (-2)(sqrt(X_1)) - ((X_0)(X_0))),29,0.1405837281014385,0.1477710308977177,0.1405837281014385,0.1477710308977177,0.8531385966159502,0.8618032394060455
130,-0.025811942404202853 + (0.31929537326230073)(X_0 + X_1 + (X_2)(X_2) + (2)(X_3) + X_4 - ((X_0)(X_0))),24,0.1811121964736824,0.1998631261980058,0.1811121964736824,0.1998631261980058,0.8108003557502712,0.813086256250976
131,0.539340551932999 + (0.3186391500335506)(X_0 + X_1 + (X_2)(X_2) + (2)(X_3) + X_4 + (-2)(sqrt(X_1)) - ((X_0)(X_0))),29,0.1405837281014385,0.1477710308977177,0.1405837281014385,0.1477710308977177,0.8531385966159502,0.8618032394060455
132,(0.3227095106384059)(1.4354034032375627 + X_0 + X_1 + (-0.5815611827980505)(((X_0)(X_0))((X_1)(X_1))) + (2)(X_3) + X_4 - (sqrt(X_1))),27,0.1896424550585871,0.2495652892830723,0.1896424550585871,0.2495652892830723,0.8018891839957136,0.7666043586074326
133,-0.025811942404202853 + (0.31929537326230073)(X_0 + X_1 + (X_2)(X_2) + (2)(X_3) + X_4 - ((X_0)(X_0))),24,0.1811121964736824,0.1998631261980058,0.1811121964736824,0.1998631261980058,0.8108003557502712,0.813086256250976
134,-0.025811942404202853 + (0.31929537326230073)(X_0 + X_1 + (X_2)(X_2) + (2)(X_3) + X_4 - ((X_0)(X_0))),24,0.1811121964736824,0.1998631261980058,0.1811121964736824,0.1998631261980058,0.8108003557502712,0.813086256250976
135,(0.32137854752619033)(2.7450257066625166 + X_0 + X_1 + (2)(X_3) + X_4 + (-2.1158473943570826)(sqrt(X_0)) - ((sqrt(X_1))^(1.6285223440655525 + exp(X_3)))),29,0.1993353560689797,0.2531008848820388,0.1993353560689797,0.2531008848820388,0.7917634527715296,0.7632978386787355
136,(0.3086752123988821)(1.4838105480691108 + X_0 + X_1 + (2)(X_3) + X_4 + (-0.6871433755765645)(((X_1)(X_1))(sqrt(X_0))) - (sqrt((X_1)(X_1)))),29,0.2178120871836126,0.2832088859374179,0.2178120871836126,0.2832088859374179,0.7724616552015663,0.7351405727482248
137,-0.025811942404202853 + (0.31929537326230073)(X_0 + X_1 + (X_2)(X_2) + (2)(X_3) + X_4 - ((X_0)(X_0))),24,0.1811121964736824,0.1998631261980058,0.1811121964736824,0.1998631261980058,0.8108003557502712,0.813086256250976
138,-0.025811942404202853 + (0.31929537326230073)(X_0 + X_1 + (X_2)(X_2) + (2)(X_3) + X_4 - ((X_0)(X_0))),24,0.1811121964736824,0.1998631261980058,0.1811121964736824,0.1998631261980058,0.8108003557502712,0.813086256250976
139,-0.025811942404202853 + (0.31929537326230073)(X_0 + X_1 + (X_2)(X_2) + (2)(X_3) + X_4 - ((X_0)(X_0))),24,0.1811121964736824,0.1998631261980058,0.1811121964736824,0.1998631261980058,0.8108003557502712,0.813086256250976
140,(0.3271296447691737)(1.616843744149721 + X_0 + (-0.7952172433834549)((X_0)(X_0)) + X_1 + (2)(X_3) + X_4 - (sqrt((X_1)(X_1)))),26,0.1971734567561804,0.2120393979503398,0.1971734567561804,0.2120393979503398,0.7940218902972697,0.8016989004068595
141,-0.025811942404202853 + (0.31929537326230073)(X_0 + X_1 + (X_2)(X_2) + (2)(X_3) + X_4 - ((X_0)(X_0))),24,0.1811121964736824,0.1998631261980058,0.1811121964736824,0.1998631261980058,0.8108003557502712,0.813086256250976
142,(0.35525994727899024)(-1.033143449968287 + X_0 + X_1 + (1.6115343593349496)(X_3) + X_4 + (2.16665228732414)(sqrt(X_2)) - (sqrt(X_1))),24,0.2041962802140719,0.1917053182615469,0.2041962802140719,0.1917053182615469,0.7866854672085308,0.8207155095864732
143,(0.3266600352833848)(0.6431732413184661 + X_0 + X_1 + (-0.681286150283857)(((X_0)(X_0))((X_1)(X_1))) + (2)(X_3) + X_4),22,0.1909033958704769,0.2413505535092367,0.1909033958704769,0.2413505535092367,0.8005719366889361,0.7742868513543711
144,(0.32987691230768357)(5.515624134054079 + X_0 + X_1 + (-2.7688525453298074)(1 - (X_3)) + X_4 + (-2.0586211579719427)(sqrt(X_0)) - ((X_1)(X_1) + X_3)),24,0.1892319186749953,0.2243061528713875,0.1892319186749953,0.2243061528713875,0.8023180526154945,0.7902269239119395
145,(0.31899813859781445)(1.9546649111113867 + X_0 + X_1 + (2)(X_3) + X_4 + (-0.3823454276335033)(((X_0)(X_0) + (2)((X_1)(X_1)))(sqrt(X_0))) - (sqrt(X_1))),33,0.1835083245450078,0.2246526917937942,0.1835083245450078,0.2246526917937942,0.8082972301325693,0.7899028376806573
146,-0.02581194240420286 + (0.31929537326230073)(X_0 + X_1 + (X_2)(X_2) + (2)(X_3) + X_4 - ((X_0)(X_0))),24,0.1811121964736824,0.1998631261980057,0.1811121964736824,0.1998631261980057,0.8108003557502712,0.8130862562509761
147,0.539340551932999 + (0.3186391500335506)(X_0 + X_1 + (X_2)(X_2) + (2)(X_3) + X_4 + (-2)(sqrt(X_1)) - ((X_0)(X_0))),29,0.1405837281014385,0.1477710308977177,0.1405837281014385,0.1477710308977177,0.8531385966159502,0.8618032394060455
148,(0.31877184118413027)(X_0 + X_1 + (X_2)(X_2) + (2)(X_3) + X_4 - ((X_0)(X_0))),23,0.181776359651538,0.1966309400065242,0.181776359651538,0.1966309400065242,0.8101065347960745,0.8161090250479835
149,0.539340551932999 + (0.3186391500335506)(X_0 + X_1 + (X_2)(X_2) + (2)(X_3) + X_4 + (-2)(sqrt(X_1)) - ((X_0)(X_0))),29,0.1405837281014385,0.1477710308977177,0.1405837281014385,0.1477710308977177,0.8531385966159502,0.8618032394060455
150,-0.02581194240420286 + (0.31929537326230073)(X_0 + X_1 + (X_2)(X_2) + (2)(X_3) + X_4 - ((X_0)(X_0))),24,0.1811121964736824,0.1998631261980057,0.1811121964736824,0.1998631261980057,0.8108003557502712,0.8130862562509761
151,0.539340551932999 + (0.3186391500335506)(X_0 + X_1 + (X_2)(X_2) + (2)(X_3) + X_4 + (-2)(sqrt(X_1)) - ((X_0)(X_0))),29,0.1405837281014385,0.1477710308977177,0.1405837281014385,0.1477710308977177,0.8531385966159502,0.8618032394060455
152,(0.329991703817179)(-3.7099194016741195 + X_0 + X_1 + (2.747928911776763)(1 + X_3) + X_4 + (2.2609028488045895)(sqrt(X_2)) - ((X_1)(X_1) + X_3)),24,0.1864901906696993,0.2218681872564167,0.1864901906696993,0.2218681872564167,0.8051822107082759,0.7925069306790412
153,-0.025811942404202853 + (0.31929537326230073)(X_0 + X_1 + (X_2)(X_2) + (2)(X_3) + X_4 - ((X_0)(X_0))),24,0.1811121964736824,0.1998631261980058,0.1811121964736824,0.1998631261980058,0.8108003557502712,0.813086256250976
154,(0.31851710610212314)(1.3654988274038624 + X_0 + X_1 + (-0.5102746777360916)(((X_0)(X_0))((X_1)(X_1))) + (2)(X_3) + X_4 - (sqrt((X_1)(X_1)))),29,0.1932873701384539,0.2586580555655898,0.1932873701384539,0.2586580555655898,0.7980815075947956,0.7581007240489674
155,(0.3227095106384059)(1.4354034032375627 + X_0 + X_1 + (-0.5815611827980505)(((X_0)(X_0))((X_1)(X_1))) + (2)(X_3) + X_4 - (sqrt(X_1))),27,0.1896424550585871,0.2495652892830723,0.1896424550585871,0.2495652892830723,0.8018891839957136,0.7666043586074326
156,-0.025811942404202842 + (0.31929537326230073)(X_0 + X_1 + (X_2)(X_2) + (2)(X_3) + X_4 - ((X_0)(X_0))),24,0.1811121964736824,0.1998631261980058,0.1811121964736824,0.1998631261980058,0.8108003557502712,0.813086256250976
157,(0.34245882260714494)(1.3969862937484077 + X_0 + X_1 + (2)(X_3) + X_4 + (-0.3457537764614139)(((X_0)(X_0))(exp(X_1))) - (sqrt(X_1))),26,0.1958513970467275,0.2390590790740719,0.1958513970467275,0.2390590790740719,0.795402985726377,0.7764298582888143
158,(0.3124445610241973)(1.567184023340581 + X_0 + X_1 + (2)(X_3) + X_4 + (-0.5004514558670783)((((X_1)(X_1))^(sqrt((X_1)(X_1))))(sqrt(X_0))) - (sqrt(X_1))),33,0.2099472443735802,0.2655407416652793,0.2099472443735802,0.2655407416652793,0.7806776974710024,0.7516639758082349
159,(0.32270951063840553)(1.4354034032375664 + X_0 + X_1 + (-0.5815611827980627)(((X_0)(X_0))((X_1)(X_1))) + (2)(X_3) + X_4 - (sqrt(X_1))),27,0.1896424550585871,0.2495652892830724,0.1896424550585871,0.2495652892830724,0.8018891839957136,0.7666043586074325
160,(0.32987691230768357)(2.74677158872427 + X_0 + X_1 + (1.7688525453298072)(X_3) + X_4 + (-2.058621157971965)(sqrt(X_0)) - ((X_1)(X_1))),24,0.1892319186749953,0.2243061528713877,0.1892319186749953,0.2243061528713877,0.8023180526154945,0.7902269239119393
161,-0.025811942404202853 + (0.31929537326230073)(X_0 + X_1 + (X_2)(X_2) + (2)(X_3) + X_4 - ((X_0)(X_0))),24,0.1811121964736824,0.1998631261980058,0.1811121964736824,0.1998631261980058,0.8108003557502712,0.813086256250976
162,-0.025811942404202853 + (0.31929537326230073)(X_0 + X_1 + (X_2)(X_2) + (2)(X_3) + X_4 - ((X_0)(X_0))),24,0.1811121964736824,0.1998631261980058,0.1811121964736824,0.1998631261980058,0.8108003557502712,0.813086256250976
163,0.539340551932999 + (0.3186391500335506)(X_0 + X_1 + (X_2)(X_2) + (2)(X_3) + X_4 + (-2)(sqrt(X_1)) - ((X_0)(X_0))),29,0.1405837281014385,0.1477710308977177,0.1405837281014385,0.1477710308977177,0.8531385966159502,0.8618032394060455
164,0.539340551932999 + (0.3186391500335506)(X_0 + X_1 + (X_2)(X_2) + (2)(X_3) + X_4 + (-2)(sqrt(X_1)) - ((X_0)(X_0))),29,0.1405837281014385,0.1477710308977177,0.1405837281014385,0.1477710308977177,0.8531385966159502,0.8618032394060455
165,(0.32270951063840564)(1.4354034032375638 + X_0 + X_1 + (-0.5815611827980676)(((X_0)(X_0))((X_1)(X_1))) + (2)(X_3) + X_4 - (sqrt(X_1))),27,0.1896424550585871,0.2495652892830725,0.1896424550585871,0.2495652892830725,0.8018891839957136,0.7666043586074324
166,-0.025811942404202853 + (0.31929537326230073)(X_0 + X_1 + (X_2)(X_2) + (2)(X_3) + X_4 - ((X_0)(X_0))),24,0.1811121964736824,0.1998631261980058,0.1811121964736824,0.1998631261980058,0.8108003557502712,0.813086256250976
167,(0.35461927233461865)(2.510004156908518 + X_0 + X_1 + (1.6337817569185522)(X_3) + X_4 + (-1.9595139282129646)(sqrt(X_0)) - (sqrt(X_1))),24,0.2079865464868379,0.2111818862796431,0.2079865464868379,0.2111818862796431,0.7827259490513797,0.8025008528216317
168,-0.34510731566650144 + (0.3192953732622974)(1 + X_0 + X_1 + (X_2)(X_2) + (2)(X_3) + X_4 - ((X_0)(X_0))),24,0.1811121964736824,0.1998631261980063,0.1811121964736824,0.1998631261980063,0.8108003557502712,0.8130862562509755
169,-0.02581194240420281 + (0.31929537326230073)(X_0 + X_1 + (X_2)(X_2) + (2)(X_3) + X_4 - ((X_0)(X_0))),24,0.1811121964736824,0.1998631261980058,0.1811121964736824,0.1998631261980058,0.8108003557502712,0.813086256250976
170,-0.025811942404202853 + (0.31929537326230073)(X_0 + X_1 + (X_2)(X_2) + (2)(X_3) + X_4 - ((X_0)(X_0))),24,0.1811121964736824,0.1998631261980058,0.1811121964736824,0.1998631261980058,0.8108003557502712,0.813086256250976
171,(0.3128376657822132)(0.5801472604948439 + X_0 + X_1 + (X_2)(X_2) + (2)(X_3) + X_4 + (-0.8020847991047448)(((X_1)(X_1))(sqrt(X_0))) - (sqrt(X_1))),32,0.1525382138381511,0.1893702365544921,0.1525382138381511,0.1893702365544921,0.840650291064959,0.8228992984230046
172,-0.1009792561969679 + (0.29152854096365777)(X_0 + (2)(X_3) + (1.2687884307454669)(X_1 + (X_2)(X_2) + X_4) - ((X_0)(X_0))),24,0.1719816649771793,0.2015779974863354,0.1719816649771793,0.2015779974863354,0.8203386052143284,0.8114824936227869
173,(0.32987691230768373)(2.746771588724269 + X_0 + X_1 + (1.7688525453298065)(X_3) + X_4 + (-2.058621157971941)(sqrt(X_0)) - ((X_1)(X_1))),24,0.1892319186749953,0.2243061528713875,0.1892319186749953,0.2243061528713875,0.8023180526154945,0.7902269239119395
174,-0.025811942404202853 + (0.31929537326230073)(X_0 + X_1 + (X_2)(X_2) + (2)(X_3) + X_4 - ((X_0)(X_0))),24,0.1811121964736824,0.1998631261980058,0.1811121964736824,0.1998631261980058,0.8108003557502712,0.813086256250976
175,(0.3114575075313873)(2.836993031978904 + X_0 + X_1 + (2)(X_3) + X_4 + (-2.1607009319767347)(sqrt(X_0)) - ((X_1)(X_1))),24,0.192288173601322,0.2352657730912458,0.192288173601322,0.2352657730912458,0.7991253226058315,0.779977391222594
176,-0.025811942404202853 + (0.31929537326230073)(X_0 + X_1 + (X_2)(X_2) + (2)(X_3) + X_4 - ((X_0)(X_0))),24,0.1811121964736824,0.1998631261980058,0.1811121964736824,0.1998631261980058,0.8108003557502712,0.813086256250976
177,-0.025811942404202853 + (0.31929537326230073)(X_0 + X_1 + (X_2)(X_2) + (2)(X_3) + X_4 - ((X_0)(X_0))),24,0.1811121964736824,0.1998631261980058,0.1811121964736824,0.1998631261980058,0.8108003557502712,0.813086256250976
178,(0.31163550902212)(1.654737264395299 + X_0 + X_1 + (2)(X_3) + X_4 + (-0.8794225180519777)(((X_1)(X_1))(sqrt(X_0))) - (sqrt(X_1))),27,0.2096918424926878,0.2769120948279309,0.2096918424926878,0.2769120948279309,0.78094450415739,0.7410293868695137
179,-0.025811942404202814 + (0.31929537326230073)(X_0 + X_1 + (X_2)(X_2) + (2)(X_3) + X_4 - ((X_0)(X_0))),24,0.1811121964736824,0.1998631261980058,0.1811121964736824,0.1998631261980058,0.8108003557502712,0.813086256250976
180,-0.025811942404202818 + (0.31929537326230073)(X_0 + X_1 + (X_2)(X_2) + (2)(X_3) + X_4 - ((X_0)(X_0))),24,0.1811121964736824,0.1998631261980058,0.1811121964736824,0.1998631261980058,0.8108003557502712,0.813086256250976
181,(0.3516896281348744)(2.855293664237968 + X_0 + X_1 + (1.64594023293242)(X_3) + X_4 + (-1.932517956883512)(sqrt(X_0)) - (sqrt((2)(X_1)))),27,0.2028904533319927,0.2067584762812308,0.2028904533319927,0.2067584762812308,0.7880496049438767,0.8066376645420739
182,-7.9731310417148045 + (0.31929537326230073)(24.890179328661645 + X_0 + X_1 + (X_2)(X_2) + (2)(X_3) + X_4 - ((X_0)(X_0))),24,0.1811121964736824,0.1998631261980026,0.1811121964736824,0.1998631261980026,0.8108003557502713,0.813086256250979
183,0.539340551932999 + (0.3186391500335506)(X_0 + X_1 + (X_2)(X_2) + (2)(X_3) + X_4 + (-2)(sqrt(X_1)) - ((X_0)(X_0))),29,0.1405837281014385,0.1477710308977177,0.1405837281014385,0.1477710308977177,0.8531385966159502,0.8618032394060455
184,(0.3200289618603783)(2.6629799180853273 + X_0 + X_1 + (2)(X_3) + X_4 + (-2.132659177997803)(sqrt(X_0)) - (sqrt(X_1))),24,0.2160063311507242,0.2339526682101952,0.2160063311507242,0.2339526682101952,0.7743480461000055,0.781205418392594
185,-0.025811942404202853 + (0.31929537326230073)(X_0 + X_1 + (X_2)(X_2) + (2)(X_3) + X_4 - ((X_0)(X_0))),24,0.1811121964736824,0.1998631261980058,0.1811121964736824,0.1998631261980058,0.8108003557502712,0.813086256250976
186,(0.3131426317482383)(2.4612697122705813 + X_0 + X_1 + (2)(X_3) + X_4 + (-2.517402004367979)((sin(sqrt(X_1)))(sqrt(X_0))) - (sqrt(X_1))),28,0.2094864525992133,0.2508280759390393,0.2094864525992133,0.2508280759390393,0.7811590656034686,0.7654233894816456
187,-0.358162534547527 + (0.3509612255755962)(X_0 + X_1 + (X_2)(X_2) + (1.5924342611653768)(X_3) + X_4),19,0.2218173921888198,0.1899864192538068,0.2218173921888198,0.1899864192538068,0.7682774958967181,0.822323038973084
188,-0.025811942404202853 + (0.31929537326230073)(X_0 + X_1 + (X_2)(X_2) + (2)(X_3) + X_4 - ((X_0)(X_0))),24,0.1811121964736824,0.1998631261980058,0.1811121964736824,0.1998631261980058,0.8108003557502712,0.813086256250976
189,(0.3227095106384058)(1.4354034032375633 + X_0 + X_1 + (-0.581561182798072)(((X_0)(X_0))((X_1)(X_1))) + (2)(X_3) + X_4 - (sqrt(X_1))),27,0.1896424550585871,0.2495652892830725,0.1896424550585871,0.2495652892830725,0.8018891839957136,0.7666043586074324
190,-0.025811942404202853 + (0.31929537326230073)(X_0 + X_1 + (X_2)(X_2) + (2)(X_3) + X_4 - ((X_0)(X_0))),24,0.1811121964736824,0.1998631261980058,0.1811121964736824,0.1998631261980058,0.8108003557502712,0.813086256250976
191,(0.3207096019437504)(2.647031019860722 + X_0 + X_1 + (2)(X_3) + X_4 + (-2.1170367898332865)(sqrt(X_0)) - (sqrt((X_1)(X_1)))),26,0.2006971210922406,0.2250748194772472,0.2006971210922406,0.2250748194772472,0.7903408790135545,0.7895080601788977
192,-0.025811942404202853 + (0.31929537326230073)(X_0 + X_1 + (X_2)(X_2) + (2)(X_3) + X_4 - ((X_0)(X_0))),24,0.1811121964736824,0.1998631261980058,0.1811121964736824,0.1998631261980058,0.8108003557502712,0.813086256250976
193,(0.3227095106384055)(1.435403403237578 + X_0 + X_1 + (-0.581561182798028)(((X_0)(X_0))((X_1)(X_1))) + (2)(X_3) + X_4 - (sqrt(X_1))),27,0.1896424550585871,0.2495652892830722,0.1896424550585871,0.2495652892830722,0.8018891839957136,0.7666043586074327
194,(0.3227095106384055)(1.435403403237578 + X_0 + X_1 + (-0.581561182798028)(((X_0)(X_0))((X_1)(X_1))) + (2)(X_3) + X_4 - (sqrt(X_1))),27,0.1896424550585871,0.2495652892830722,0.1896424550585871,0.2495652892830722,0.8018891839957136,0.7666043586074327
195,-0.025811942404202853 + (0.31929537326230073)(X_0 + X_1 + (X_2)(X_2) + (2)(X_3) + X_4 - ((X_0)(X_0))),24,0.1811121964736824,0.1998631261980058,0.1811121964736824,0.1998631261980058,0.8108003557502712,0.813086256250976
196,-0.025811942404202853 + (0.31929537326230073)(X_0 + X_1 + (X_2)(X_2) + (2)(X_3) + X_4 - ((X_0)(X_0))),24,0.1811121964736824,0.1998631261980058,0.1811121964736824,0.1998631261980058,0.8108003557502712,0.813086256250976
197,(0.3546192723346187)(2.5100041569085185 + X_0 + X_1 + X_3 + (0.6337817569185529)(X_3) + X_4 + (-1.9595139282129632)(sqrt(X_0)) - (sqrt(X_1))),24,0.2079865464868379,0.211181886279643,0.2079865464868379,0.211181886279643,0.7827259490513797,0.8025008528216317
198,(0.3168237791443307)(1.4795806632605297 + X_0 + X_1 + (2)(X_3) + X_4 + (-1.5551438443011196)(((X_1)(X_1))(-0.47636680309338186 + sqrt(X_0))) - ((sqrt(X_1))^(sqrt(X_4)))),33,0.1971775330868452,0.2616012276901904,0.1971775330868452,0.2616012276901904,0.7940176319407004,0.7553482437352058
199,1.8420246923080574 + (0.3192953732623007)(-5.8498706562147005 + X_0 + X_1 + (X_2)(X_2) + (2)(X_3) + X_4 - ((X_0)(X_0))),24,0.1811121964736824,0.1998631261980046,0.1811121964736824,0.1998631261980046,0.8108003557502712,0.8130862562509771
200,-12.440595241802711 + (0.3192953732623006)(38.8818139535012 + X_0 + X_1 + (X_2)(X_2) + (2)(X_3) + X_4 - ((X_0)(X_0))),24,0.1811121964736824,0.1998631261980079,0.1811121964736824,0.1998631261980079,0.8108003557502712,0.813086256250974
201,-0.025811942404202853 + (0.31929537326230073)(X_0 + X_1 + (X_2)(X_2) + (2)(X_3) + X_4 - ((X_0)(X_0))),24,0.1811121964736824,0.1998631261980058,0.1811121964736824,0.1998631261980058,0.8108003557502712,0.813086256250976
202,-0.025811942404202853 + (0.31929537326230073)(X_0 + X_1 + (X_2)(X_2) + (2)(X_3) + X_4 - ((X_0)(X_0))),24,0.1811121964736824,0.1998631261980058,0.1811121964736824,0.1998631261980058,0.8108003557502712,0.813086256250976
203,0.539340551932999 + (0.3186391500335506)(X_0 + X_1 + (X_2)(X_2) + (2)(X_3) + X_4 + (-2)(sqrt(X_1)) - ((X_0)(X_0))),29,0.1405837281014385,0.1477710308977177,0.1405837281014385,0.1477710308977177,0.8531385966159502,0.8618032394060455
204,-0.025811942404202853 + (0.31929537326230073)(X_0 + X_1 + (X_2)(X_2) + (2)(X_3) + X_4 - ((X_0)(X_0))),24,0.1811121964736824,0.1998631261980058,0.1811121964736824,0.1998631261980058,0.8108003557502712,0.813086256250976
205,(0.35461927233461865)(2.510004156908518 + X_0 + X_1 + (1.633781756918552)(X_3) + X_4 + (-1.9595139282129646)(sqrt(X_0)) - (sqrt(X_1))),24,0.2079865464868379,0.2111818862796431,0.2079865464868379,0.2111818862796431,0.7827259490513797,0.8025008528216317
206,0.539340551932999 + (0.3186391500335506)(X_0 + X_1 + (X_2)(X_2) + (2)(X_3) + X_4 + (-2)(sqrt(X_1)) - ((X_0)(X_0))),29,0.1405837281014385,0.1477710308977177,0.1405837281014385,0.1477710308977177,0.8531385966159502,0.8618032394060455
207,0.539340551932999 + (0.3186391500335506)(X_0 + X_1 + (X_2)(X_2) + (2)(X_3) + X_4 + (-2)(sqrt(X_1)) - ((X_0)(X_0))),29,0.1405837281014385,0.1477710308977177,0.1405837281014385,0.1477710308977177,0.8531385966159502,0.8618032394060455
208,-0.025811942404202853 + (0.31929537326230073)(X_0 + X_1 + (X_2)(X_2) + (2)(X_3) + X_4 - ((X_0)(X_0))),24,0.1811121964736824,0.1998631261980058,0.1811121964736824,0.1998631261980058,0.8108003557502712,0.813086256250976
209,0.539340551932999 + (0.3186391500335506)(X_0 + X_1 + (X_2)(X_2) + (2)(X_3) + X_4 + (-2)(sqrt(X_1)) - ((X_0)(X_0))),29,0.1405837281014385,0.1477710308977177,0.1405837281014385,0.1477710308977177,0.8531385966159502,0.8618032394060455
210,0.006758543057749208 + (0.2985751780450966)(X_0 + (1.315812457916893)(X_1) + (X_2)(X_2) + (2)(X_3) + X_4 - ((X_1)(X_1))),24,0.1727357131458223,0.2052693311067463,0.1727357131458223,0.2052693311067463,0.8195508855133246,0.8080303261342523
211,(0.316572190591954)(0.9957028106964625 + X_0 + X_1 + (2)(X_3) + X_4 + (-1.1398719597174163)(((X_1)(X_1))(sqrt(X_0)))),22,0.1985806920181419,0.2679851742807764,0.1985806920181419,0.2679851742807764,0.7925518158565487,0.7493779210456762
212,-0.025811942404202853 + (0.31929537326230073)(X_0 + X_1 + (X_2)(X_2) + (2)(X_3) + X_4 - ((X_0)(X_0))),24,0.1811121964736824,0.1998631261980058,0.1811121964736824,0.1998631261980058,0.8108003557502712,0.813086256250976
213,0.539340551932999 + (0.3186391500335506)(X_0 + X_1 + (X_2)(X_2) + (2)(X_3) + X_4 + (-2)(sqrt(X_1)) - ((X_0)(X_0))),29,0.1405837281014385,0.1477710308977177,0.1405837281014385,0.1477710308977177,0.8531385966159502,0.8618032394060455
214,(0.31283766578221295)(0.5801472604948428 + X_0 + X_1 + (X_2)(X_2) + (2)(X_3) + X_4 + (-0.8020847991047558)(((X_1)(X_1))(sqrt(X_0))) - (sqrt(X_1))),32,0.1525382138381511,0.1893702365544926,0.1525382138381511,0.1893702365544926,0.840650291064959,0.8228992984230041
215,-0.025811942404202853 + (0.31929537326230073)(X_0 + X_1 + (X_2)(X_2) + (2)(X_3) + X_4 - ((X_0)(X_0))),24,0.1811121964736824,0.1998631261980058,0.1811121964736824,0.1998631261980058,0.8108003557502712,0.813086256250976
216,-0.025811942404202853 + (0.31929537326230073)(X_0 + X_1 + (X_2)(X_2) + (2)(X_3) + X_4 - ((X_0)(X_0))),24,0.1811121964736824,0.1998631261980058,0.1811121964736824,0.1998631261980058,0.8108003557502712,0.813086256250976
217,(0.31899813859781445)(1.9546649111113874 + X_0 + X_1 + (2)(X_3) + X_4 + (-0.38234542763350343)(((X_0)(X_0) + (2)((X_1)(X_1)))(sqrt(X_0))) - (sqrt(X_1))),33,0.1835083245450078,0.2246526917937942,0.1835083245450078,0.2246526917937942,0.8082972301325692,0.7899028376806573
218,0.539340551932999 + (0.3186391500335506)(X_0 + X_1 + (X_2)(X_2) + (2)(X_3) + X_4 + (-2)(sqrt(X_1)) - ((X_0)(X_0))),29,0.1405837281014385,0.1477710308977177,0.1405837281014385,0.1477710308977177,0.8531385966159502,0.8618032394060455
219,-0.025811942404202853 + (0.31929537326230073)(X_0 + X_1 + (X_2)(X_2) + (2)(X_3) + X_4 - ((X_0)(X_0))),24,0.1811121964736824,0.1998631261980058,0.1811121964736824,0.1998631261980058,0.8108003557502712,0.813086256250976
220,(0.329991703817179)(-2.7099194016741204 + X_0 + X_1 + (1.7479289117767633)(1 + X_3) + X_4 + (2.2609028488045904)(sqrt(X_2)) - ((X_1)(X_1))),24,0.1864901906696993,0.2218681872564168,0.1864901906696993,0.2218681872564168,0.8051822107082759,0.7925069306790412
221,-0.025811942404202804 + (0.31929537326230073)(X_0 + X_1 + (X_2)(X_2) + (2)(X_3) + X_4 - ((X_0)(X_0))),24,0.1811121964736824,0.1998631261980058,0.1811121964736824,0.1998631261980058,0.8108003557502712,0.813086256250976
222,-0.025811942404202853 + (0.31929537326230073)(X_0 + X_1 + (X_2)(X_2) + (2)(X_3) + X_4 - ((X_0)(X_0))),24,0.1811121964736824,0.1998631261980058,0.1811121964736824,0.1998631261980058,0.8108003557502712,0.813086256250976
223,(0.31899813859781445)(1.9546649111113867 + X_0 + X_1 + (2)(X_3) + X_4 + (-0.3823454276335033)(((X_0)(X_0) + (2)((X_1)(X_1)))(sqrt(X_0))) - (sqrt(X_1))),33,0.1835083245450078,0.2246526917937942,0.1835083245450078,0.2246526917937942,0.8082972301325693,0.7899028376806573
224,(0.3227095106384055)(1.435403403237568 + X_0 + X_1 + (-0.5815611827980693)(((X_0)(X_0))((X_1)(X_1))) + (2)(X_3) + X_4 - (sqrt(X_1))),27,0.1896424550585871,0.2495652892830725,0.1896424550585871,0.2495652892830725,0.8018891839957136,0.7666043586074323
225,0.539340551932999 + (0.3186391500335506)(X_0 + X_1 + (X_2)(X_2) + (2)(X_3) + X_4 + (-2)(sqrt(X_1)) - ((X_0)(X_0))),29,0.1405837281014385,0.1477710308977177,0.1405837281014385,0.1477710308977177,0.8531385966159502,0.8618032394060455
226,-0.025811942404202853 + (0.31929537326230073)(X_0 + X_1 + (X_2)(X_2) + (2)(X_3) + X_4 - ((X_0)(X_0))),24,0.1811121964736824,0.1998631261980058,0.1811121964736824,0.1998631261980058,0.8108003557502712,0.813086256250976
227,(0.31899813859781445)(1.9546649111113874 + X_0 + X_1 + (2)(X_3) + X_4 + (-0.38234542763350343)(((X_0)(X_0) + (2)((X_1)(X_1)))(sqrt(X_0))) - (sqrt(X_1))),33,0.1835083245450078,0.2246526917937942,0.1835083245450078,0.2246526917937942,0.8082972301325692,0.7899028376806573
228,0.539340551932999 + (0.3186391500335506)(X_0 + X_1 + (X_2)(X_2) + (2)(X_3) + X_4 + (-2)(sqrt(X_1)) - ((X_0)(X_0))),29,0.1405837281014385,0.1477710308977177,0.1405837281014385,0.1477710308977177,0.8531385966159502,0.8618032394060455
229,(0.3126097717144359)(2.302547102334569 + X_0 + X_1 + (2)(X_3) + X_4 + (-0.5563706787162095)(((X_1)(X_1))(sqrt(X_0))) - ((X_0)(X_0) + sqrt(X_1))),32,0.1942534828520162,0.2191821838937017,0.1942534828520162,0.2191821838937017,0.797072253744033,0.7950189045173277
230,-0.025811942404202787 + (0.31929537326230073)(X_0 + X_1 + (X_2)(X_2) + (2)(X_3) + X_4 - ((X_0)(X_0))),24,0.1811121964736824,0.1998631261980058,0.1811121964736824,0.1998631261980058,0.8108003557502712,0.813086256250976
231,-0.025811942404202853 + (0.31929537326230073)(X_0 + X_1 + (X_2)(X_2) + (2)(X_3) + X_4 - ((X_0)(X_0))),24,0.1811121964736824,0.1998631261980058,0.1811121964736824,0.1998631261980058,0.8108003557502712,0.813086256250976
232,(0.3279020483058434)((1.7827826894156018)(1 + X_3) + X_4 + (1.1242562473296744)(0.8502904980305175 + X_0 + X_1 + (-1.8752915572457733)(sqrt(X_0)) - (sqrt(X_1)))),24,0.2069488191511862,0.2087507185376684,0.2069488191511862,0.2087507185376684,0.783810015428776,0.8047745021584491
233,(0.3298769123076835)(2.7467715887242714 + X_0 + X_1 + X_3 + (0.7688525453298075)(X_3) + X_4 + (-2.0586211579719422)(sqrt(X_0)) - ((X_1)(X_1))),24,0.1892319186749953,0.2243061528713875,0.1892319186749953,0.2243061528713875,0.8023180526154945,0.7902269239119395
234,-0.025811942404202853 + (0.31929537326230073)(X_0 + X_1 + (X_2)(X_2) + (2)(X_3) + X_4 - ((X_0)(X_0))),24,0.1811121964736824,0.1998631261980058,0.1811121964736824,0.1998631261980058,0.8108003557502712,0.813086256250976
235,(0.31898869132815705)(3.0016526373967123 + X_0 + X_1 + (2)(X_3) + X_4 + (-2.098164988621342)(sqrt(X_0)) - (sqrt((2)(X_1)))),27,0.2103670195183723,0.2285686659452155,0.2103670195183723,0.2285686659452155,0.7802391775391263,0.7862405844026743
236,0.539340551932999 + (0.3186391500335506)(X_0 + X_1 + (X_2)(X_2) + (2)(X_3) + X_4 + (-2)(sqrt(X_1)) - ((X_0)(X_0))),29,0.1405837281014385,0.1477710308977177,0.1405837281014385,0.1477710308977177,0.8531385966159502,0.8618032394060455
237,(0.32270951063840564)(1.4354034032375642 + X_0 + X_1 + (-0.581561182798068)(((X_0)(X_0))((X_1)(X_1))) + (2)(X_3) + X_4 - (sqrt(X_1))),27,0.1896424550585871,0.2495652892830724,0.1896424550585871,0.2495652892830724,0.8018891839957136,0.7666043586074324
238,0.539340551932999 + (0.3186391500335506)(X_0 + X_1 + (X_2)(X_2) + (2)(X_3) + X_4 + (-2)(sqrt(X_1)) - ((X_0)(X_0))),29,0.1405837281014385,0.1477710308977177,0.1405837281014385,0.1477710308977177,0.8531385966159502,0.8618032394060455
239,(0.3298769123076835)(2.746771588724272 + X_0 + X_1 + (1.7688525453298076)(X_3) + X_4 + (-2.0586211579719427)(sqrt(X_0)) - ((X_1)(X_1))),24,0.1892319186749953,0.2243061528713875,0.1892319186749953,0.2243061528713875,0.8023180526154945,0.7902269239119395
240,(0.3299917038171792)(-0.9619904898973872 + X_0 + X_1 + (1.7479289117767722)(X_3) + X_4 + (2.2609028488046476)(sqrt(X_2)) - ((X_1)(X_1))),24,0.1864901906696993,0.2218681872564169,0.1864901906696993,0.2218681872564169,0.8051822107082759,0.7925069306790411
241,-0.025811942404202853 + (0.31929537326230073)(X_0 + X_1 + (X_2)(X_2) + (2)(X_3) + X_4 - ((X_0)(X_0))),24,0.1811121964736824,0.1998631261980058,0.1811121964736824,0.1998631261980058,0.8108003557502712,0.813086256250976
242,0.539340551932999 + (0.3186391500335506)(X_0 + X_1 + (X_2)(X_2) + (2)(X_3) + X_4 + (-2)(sqrt(X_1)) - ((X_0)(X_0))),29,0.1405837281014385,0.1477710308977177,0.1405837281014385,0.1477710308977177,0.8531385966159502,0.8618032394060455
243,0.539340551932999 + (0.3186391500335506)(X_0 + X_1 + (X_2)(X_2) + (2)(X_3) + X_4 + (-2)(sqrt(X_1)) - ((X_0)(X_0))),29,0.1405837281014385,0.1477710308977177,0.1405837281014385,0.1477710308977177,0.8531385966159502,0.8618032394060455
244,-0.025811942404202853 + (0.31929537326230073)(X_0 + X_1 + (X_2)(X_2) + (2)(X_3) + X_4 - ((X_0)(X_0))),24,0.1811121964736824,0.1998631261980058,0.1811121964736824,0.1998631261980058,0.8108003557502712,0.813086256250976
245,(0.3424588226071448)(1.3969862937484079 + X_0 + X_1 + (2)(X_3) + X_4 + (-0.3457537764614136)(((X_0)(X_0))(exp(X_1))) - (sqrt(X_1))),26,0.1958513970467275,0.2390590790740719,0.1958513970467275,0.2390590790740719,0.795402985726377,0.7764298582888144
246,(0.3266600352833848)(0.6431732413184661 + X_0 + X_1 + (-0.681286150283857)(((X_0)(X_0))((X_1)(X_1))) + (2)(X_3) + X_4),22,0.1909033958704769,0.2413505535092367,0.1909033958704769,0.2413505535092367,0.8005719366889361,0.7742868513543711
247,-0.025811942404202853 + (0.31929537326230073)(X_0 + X_1 + (X_2)(X_2) + (2)(X_3) + X_4 - ((X_0)(X_0))),24,0.1811121964736824,0.1998631261980058,0.1811121964736824,0.1998631261980058,0.8108003557502712,0.813086256250976
248,-0.025811942404202853 + (0.31929537326230073)(X_0 + X_1 + (X_2)(X_2) + (2)(X_3) + X_4 - ((X_0)(X_0))),24,0.1811121964736824,0.1998631261980058,0.1811121964736824,0.1998631261980058,0.8108003557502712,0.813086256250976
249,(0.3227095106384059)(1.4354034032375627 + X_0 + X_1 + (-0.5815611827980505)(((X_0)(X_0))((X_1)(X_1))) + (2)(X_3) + X_4 - (sqrt(X_1))),27,0.1896424550585871,0.2495652892830723,0.1896424550585871,0.2495652892830723,0.8018891839957136,0.7666043586074326
250,-0.025811942404202853 + (0.31929537326230073)(X_0 + X_1 + (X_2)(X_2) + (2)(X_3) + X_4 - ((X_0)(X_0))),24,0.1811121964736824,0.1998631261980058,0.1811121964736824,0.1998631261980058,0.8108003557502712,0.813086256250976
251,(-0.0038567493558716503)((X_3)^(-1)) + (0.3187259828081603)(X_0 + X_1 + (X_2)(X_2) + (2)(X_3) + X_4 - ((X_0)(X_0))),28,0.1795298475144103,0.2018543861736625,0.1795298475144103,0.2018543861736625,0.8124533634769856,0.8112240125049293
252,(0.31657219059195413)(0.9957028106964736 + X_0 + X_1 + (2)(X_3) + X_4 + (-1.1398719597174232)(((X_1)(X_1))(sqrt(X_0)))),22,0.1985806920181419,0.2679851742807768,0.1985806920181419,0.2679851742807768,0.7925518158565487,0.7493779210456759
253,-0.025811942404202853 + (0.31929537326230073)(X_0 + X_1 + (X_2)(X_2) + (2)(X_3) + X_4 - ((X_0)(X_0))),24,0.1811121964736824,0.1998631261980058,0.1811121964736824,0.1998631261980058,0.8108003557502712,0.813086256250976
254,(0.3202943793960047)(1.5129076976500966 + X_0 + X_1 + (X_2)(X_2) + (2)(X_3) + X_4 + (-1.960814934133868)(sqrt(X_0)) - (sqrt(X_1))),29,0.1571871694471758,0.1560499712698969,0.1571871694471758,0.1560499712698969,0.8357937393556539,0.8540607019571622
255,-0.025811942404202842 + (0.31929537326230073)(X_0 + X_1 + (X_2)(X_2) + (2)(X_3) + X_4 - ((X_0)(X_0))),24,0.1811121964736824,0.1998631261980058,0.1811121964736824,0.1998631261980058,0.8108003557502712,0.813086256250976
256,(0.32999170381717907)(-0.9619904898973584 + X_0 + X_1 + (1.7479289117767636)(X_3) + X_4 + (2.2609028488045873)(sqrt(X_2)) - ((X_1)(X_1))),24,0.1864901906696992,0.2218681872564167,0.1864901906696992,0.2218681872564167,0.805182210708276,0.7925069306790413
257,-0.025811942404202867 + (0.31929537326230073)(X_0 + X_1 + (X_2)(X_2) + (2)(X_3) + X_4 - ((X_0)(X_0))),24,0.1811121964736824,0.1998631261980057,0.1811121964736824,0.1998631261980057,0.8108003557502712,0.8130862562509761
258,0.539340551932999 + (0.3186391500335506)(X_0 + X_1 + (X_2)(X_2) + (2)(X_3) + X_4 + (-2)(sqrt(X_1)) - ((X_0)(X_0))),29,0.1405837281014385,0.1477710308977177,0.1405837281014385,0.1477710308977177,0.8531385966159502,0.8618032394060455
259,-0.025811942404202853 + (0.31929537326230073)(X_0 + X_1 + (X_2)(X_2) + (2)(X_3) + X_4 - ((X_0)(X_0))),24,0.1811121964736824,0.1998631261980058,0.1811121964736824,0.1998631261980058,0.8108003557502712,0.813086256250976
260,(0.2821473801764298)(2.4333202522123623 + X_0 + (2.1965633061079246)(X_1) + (2.0284401177916767)(-1 + X_3) + (X_4)((sqrt(X_4))^(-1)) - (X_1 + (X_1)(X_1) + log(X_0))),25,0.2202614855230234,0.2795470050373506,0.2202614855230234,0.2795470050373506,0.7699028805664757,0.7385651957950821
261,-0.025811942404202853 + (0.31929537326230073)(X_0 + X_1 + (X_2)(X_2) + (2)(X_3) + X_4 - ((X_0)(X_0))),24,0.1811121964736824,0.1998631261980058,0.1811121964736824,0.1998631261980058,0.8108003557502712,0.813086256250976
262,(0.2997400003962967)(1.7250625728706075 + (1.35269190790483)(X_0) + X_1 + (2)(X_3) + X_4 + (-0.9874390461517878)(((X_1)(X_1))(sqrt(X_0))) - (sqrt(X_1))),27,0.2006529270473513,0.2602838726692543,0.2006529270473513,0.2602838726692543,0.7903870465148815,0.756580245673201
263,-0.025811942404202853 + (0.31929537326230073)(X_0 + X_1 + (X_2)(X_2) + (2)(X_3) + X_4 - ((X_0)(X_0))),24,0.1811121964736824,0.1998631261980058,0.1811121964736824,0.1998631261980058,0.8108003557502712,0.813086256250976
264,0.539340551932999 + (0.3186391500335506)(X_0 + X_1 + (X_2)(X_2) + (2)(X_3) + X_4 + (-2)(sqrt(X_1)) - ((X_0)(X_0))),29,0.1405837281014385,0.1477710308977177,0.1405837281014385,0.1477710308977177,0.8531385966159502,0.8618032394060455
265,(0.3425667715731123)(2.617295037588773 + X_0 + X_1 + (1.7034986841943702)(X_3) + X_4 + (-1.9994617750351797)(sqrt(X_0)) - ((sqrt(X_1))^(3.246355205457244))),24,0.1860369282530524,0.2110792046769503,0.1860369282530524,0.2110792046769503,0.8056557132644322,0.8025968815545879
266,(-0.12654740469641074)((X_1)(X_1)) + (0.3219275073737572)(X_0 + X_1 + (X_2)(X_2) + (2)(X_3) + X_4 - ((X_0)(X_0))),28,0.1513445844276623,0.1874233202396351,0.1513445844276623,0.1874233202396351,0.8418972212233226,0.8247200715896139
267,(0.3299917038171792)(-0.961990489897347 + X_0 + X_1 + (1.7479289117767625)(X_3) + X_4 + (2.2609028488045806)(sqrt(X_2)) - ((X_1)(X_1))),24,0.1864901906696993,0.2218681872564168,0.1864901906696993,0.2218681872564168,0.805182210708276,0.7925069306790412
268,0.539340551932999 + (0.3186391500335506)(X_0 + X_1 + (X_2)(X_2) + (2)(X_3) + X_4 + (-2)(sqrt(X_1)) - ((X_0)(X_0))),29,0.1405837281014385,0.1477710308977177,0.1405837281014385,0.1477710308977177,0.8531385966159502,0.8618032394060455
269,(0.3546192723346187)(2.5100041569085185 + X_0 + X_1 + X_3 + (0.6337817569185529)(X_3) + X_4 + (-1.9595139282129632)(sqrt(X_0)) - (sqrt(X_1))),24,0.2079865464868379,0.211181886279643,0.2079865464868379,0.211181886279643,0.7827259490513797,0.8025008528216317
270,-0.02581194240420286 + (0.31929537326230073)(X_0 + X_1 + (X_2)(X_2) + (2)(X_3) + X_4 - ((X_0)(X_0))),24,0.1811121964736824,0.1998631261980057,0.1811121964736824,0.1998631261980057,0.8108003557502712,0.8130862562509761
271,0.539340551932999 + (0.3186391500335506)(X_0 + X_1 + (X_2)(X_2) + (2)(X_3) + X_4 + (-2)(sqrt(X_1)) - ((X_0)(X_0))),29,0.1405837281014385,0.1477710308977177,0.1405837281014385,0.1477710308977177,0.8531385966159502,0.8618032394060455
272,(0.361492021855927)(1.706530234153957 + X_0 + X_1 + (1.6028912594408378)(X_3) + X_4 - (sqrt(X_0) + sqrt(X_1))),24,0.220925486451231,0.2166517669513293,0.220925486451231,0.2166517669513293,0.7692092291070799,0.7973853725744531
273,-0.025811942404202853 + (0.31929537326230073)(X_0 + X_1 + (X_2)(X_2) + (2)(X_3) + X_4 - ((X_0)(X_0))),24,0.1811121964736824,0.1998631261980058,0.1811121964736824,0.1998631261980058,0.8108003557502712,0.813086256250976
274,(0.32270951063840536)(1.4354034032375587 + X_0 + X_1 + (-0.5815611827980693)(((X_0)(X_0))((X_1)(X_1))) + (2)(X_3) + X_4 - (sqrt(X_1))),27,0.1896424550585871,0.2495652892830724,0.1896424550585871,0.2495652892830724,0.8018891839957136,0.7666043586074325
275,(0.35461927233461865)(2.5100041569085185 + X_0 + X_1 + (1.6337817569185522)(X_3) + X_4 + (-1.9595139282129652)(sqrt(X_0)) - (sqrt(X_1))),24,0.2079865464868379,0.2111818862796431,0.2079865464868379,0.2111818862796431,0.7827259490513797,0.8025008528216317
276,-0.015669179053144494 + (0.3002586125294132)(X_0 + X_1 + (X_2)(X_2) + (2)(X_3) + X_4 - (((X_0)(X_0))((X_1)(X_1)))),27,0.1629461715279659,0.1779572606499225,0.1629461715279659,0.1779572606499225,0.8297775727686773,0.833572813314026
277,-0.02581194240420286 + (0.31929537326230073)(X_0 + X_1 + (X_2)(X_2) + (2)(X_3) + X_4 - ((X_0)(X_0))),24,0.1811121964736824,0.1998631261980057,0.1811121964736824,0.1998631261980057,0.8108003557502712,0.8130862562509761
278,(0.3209522672192896)(2.0823008037600794 + X_0 + X_1 + (2)(X_3) + X_4 + (-0.4480832594372341)((sqrt(X_0))((X_0)(X_0) + (X_1)(X_1) + sqrt(X_1))) - (sqrt(X_1))),34,0.1846534343524076,0.2164908786961176,0.1846534343524076,0.2164908786961176,0.8071009861887308,0.7975358366779568
279,(0.31657219059195413)(0.9957028106964735 + X_0 + X_1 + (2)(X_3) + X_4 + (-1.1398719597174232)(((X_1)(X_1))(sqrt(X_0)))),22,0.1985806920181419,0.2679851742807769,0.1985806920181419,0.2679851742807769,0.7925518158565487,0.7493779210456759
280,0.539340551932999 + (0.3186391500335506)(X_0 + X_1 + (X_2)(X_2) + (2)(X_3) + X_4 + (-2)(sqrt(X_1)) - ((X_0)(X_0))),29,0.1405837281014385,0.1477710308977177,0.1405837281014385,0.1477710308977177,0.8531385966159502,0.8618032394060455
281,(0.3246082365399806)(1.5112585398322949 + X_0 + X_1 + (-0.6246102215252959)(((X_0)(X_0))((X_1)(X_1))) + (2)(X_3) + X_4 - (sqrt(sqrt(X_1)))),27,0.1889754864145018,0.2450771475256492,0.1889754864145018,0.2450771475256492,0.8025859356924168,0.7708017080350862
282,(0.3187718411841331)(X_0 + X_1 + (X_2)(X_2) + (2)(X_3) + X_4 - ((X_0)(X_0))),23,0.181776359651538,0.1966309400065239,0.181776359651538,0.1966309400065239,0.8101065347960745,0.8161090250479839
283,-0.025811942404202853 + (0.31929537326230073)(X_0 + X_1 + (X_2)(X_2) + (2)(X_3) + X_4 - ((X_0)(X_0))),24,0.1811121964736824,0.1998631261980058,0.1811121964736824,0.1998631261980058,0.8108003557502712,0.813086256250976
284,0.539340551932999 + (0.3186391500335506)(X_0 + X_1 + (X_2)(X_2) + (2)(X_3) + X_4 + (-2)(sqrt(X_1)) - ((X_0)(X_0))),29,0.1405837281014385,0.1477710308977177,0.1405837281014385,0.1477710308977177,0.8531385966159502,0.8618032394060455
285,0.007730167396263088 + (0.3087320678698169)(X_0 + X_1 + (X_2)(X_2) + (2)(X_3) + X_4 - ((X_1)(X_1))),24,0.1810977140656778,0.2067725366512829,0.1810977140656778,0.2067725366512829,0.810815484860821,0.8066245151610203
286,0.539340551932999 + (0.3186391500335506)(X_0 + X_1 + (X_2)(X_2) + (2)(X_3) + X_4 + (-2)(sqrt(X_1)) - ((X_0)(X_0))),29,0.1405837281014385,0.1477710308977177,0.1405837281014385,0.1477710308977177,0.8531385966159502,0.8618032394060455
287,-0.025811942404202853 + (0.31929537326230073)(X_0 + X_1 + (X_2)(X_2) + (2)(X_3) + X_4 - ((X_0)(X_0))),24,0.1811121964736824,0.1998631261980058,0.1811121964736824,0.1998631261980058,0.8108003557502712,0.813086256250976
288,(0.3207096019437504)(2.6470310198607288 + X_0 + X_1 + (2)(X_3) + X_4 + (-2.1170367898332945)(sqrt(X_0)) - (sqrt((X_1)(X_1)))),26,0.2006971210922407,0.2250748194772471,0.2006971210922407,0.2250748194772471,0.7903408790135544,0.7895080601788977
289,(0.3224121211978431)(2.377310080544833 + X_0 + X_1 + (2)(X_3) + X_4 + (-0.9844067667470822)(sqrt((2)((X_0)(X_0)))) - (sqrt((2)(X_1)))),32,0.2064334857950646,0.2213016839770192,0.2064334857950646,0.2213016839770192,0.7843483606619884,0.7930367295009279
290,(0.3227095106384059)(1.4354034032375376 + X_0 + X_1 + (-0.5815611827980294)(((X_0)(X_0))((X_1)(X_1))) + (2)(X_3) + X_4 - (sqrt(X_1))),27,0.1896424550585871,0.2495652892830715,0.1896424550585871,0.2495652892830715,0.8018891839957136,0.7666043586074333
291,(0.3229774413286227)(1.9270850971677644 + X_0 + X_1 + (2)(X_3) + X_4 + (-0.5424730797419466)(((X_0)(X_0) + (X_1)(X_1))(sqrt(X_0))) - (sqrt(X_1))),31,0.1840202445295607,0.211670213142237,0.1840202445295607,0.211670213142237,0.8077624506928212,0.80204416526852
292,-0.025811942404202853 + (0.31929537326230073)(X_0 + X_1 + (X_2)(X_2) + (2)(X_3) + X_4 - ((X_0)(X_0))),24,0.1811121964736824,0.1998631261980058,0.1811121964736824,0.1998631261980058,0.8108003557502712,0.813086256250976
293,-0.025811942404202853 + (0.31929537326230073)(X_0 + X_1 + (X_2)(X_2) + (2)(X_3) + X_4 - ((X_0)(X_0))),24,0.1811121964736824,0.1998631261980058,0.1811121964736824,0.1998631261980058,0.8108003557502712,0.813086256250976
294,0.007730167396263088 + (0.30873206786981644)(X_0 + X_1 + (X_2)(X_2) + (2)(X_3) + X_4 - ((X_1)(X_1))),24,0.1810977140656778,0.2067725366512829,0.1810977140656778,0.2067725366512829,0.8108154848608209,0.8066245151610203
295,-7.596984835100459 + (0.3192953732623006)(23.712128413700984 + X_0 + X_1 + (X_2)(X_2) + (2)(X_3) + X_4 - ((X_0)(X_0))),24,0.1811121964736824,0.1998631261980051,0.1811121964736824,0.1998631261980051,0.8108003557502712,0.8130862562509766
296,(0.3531279516263821)(2.50323617382388 + X_0 + X_1 + (1.6479412590972213)(X_3) + X_4 + (-1.954302097860494)(sqrt(X_0)) - (sqrt((X_1)(X_1)))),26,0.1931591039511113,0.2036163764771543,0.1931591039511113,0.2036163764771543,0.7982155014256198,0.809576183761628
297,(0.3298769123076835)(0.977919043394464 + X_0 + X_1 + (1.7688525453298076)(1 + X_3) + X_4 + (-2.0586211579719427)(sqrt(X_0)) - ((X_1)(X_1))),24,0.1892319186749953,0.2243061528713875,0.1892319186749953,0.2243061528713875,0.8023180526154945,0.7902269239119395
298,(0.3227095106384059)(1.4354034032375627 + X_0 + X_1 + (-0.5815611827980505)(((X_0)(X_0))((X_1)(X_1))) + (2)(X_3) + X_4 - (sqrt(X_1))),27,0.1896424550585871,0.2495652892830723,0.1896424550585871,0.2495652892830723,0.8018891839957136,0.7666043586074326
299,-0.025811942404202853 + (0.31929537326230073)(X_0 + X_1 + (X_2)(X_2) + (2)(X_3) + X_4 - ((X_0)(X_0))),24,0.1811121964736824,0.1998631261980058,0.1811121964736824,0.1998631261980058,0.8108003557502712,0.813086256250976
300,(0.32270951063840564)(1.435403403237564 + X_0 + X_1 + (-0.5815611827980676)(((X_0)(X_0))((X_1)(X_1))) + (2)(X_3) + X_4 - (sqrt(X_1))),27,0.1896424550585871,0.2495652892830725,0.1896424550585871,0.2495652892830725,0.8018891839957136,0.7666043586074324
301,(0.3227095106384056)(1.4354034032375647 + X_0 + X_1 + (-0.5815611827980676)(((X_0)(X_0))((X_1)(X_1))) + (2)(X_3) + X_4 - (sqrt(X_1))),27,0.1896424550585871,0.2495652892830724,0.1896424550585871,0.2495652892830724,0.8018891839957136,0.7666043586074324
302,(0.3227095106384059)(1.4354034032375627 + X_0 + X_1 + (-0.5815611827980505)(((X_0)(X_0))((X_1)(X_1))) + (2)(X_3) + X_4 - (sqrt(X_1))),27,0.1896424550585871,0.2495652892830723,0.1896424550585871,0.2495652892830723,0.8018891839957136,0.7666043586074326
303,-0.02581194240420283 + (0.31929537326230073)(X_0 + X_1 + (X_2)(X_2) + (2)(X_3) + X_4 - ((X_0)(X_0))),24,0.1811121964736824,0.1998631261980058,0.1811121964736824,0.1998631261980058,0.8108003557502712,0.813086256250976
304,(0.3116355090221203)(1.6547372643952847 + X_0 + X_1 + (2)(X_3) + X_4 + (-0.8794225180519617)(((X_1)(X_1))(sqrt(X_0))) - (sqrt(X_1))),27,0.2096918424926878,0.27691209482793,0.2096918424926878,0.27691209482793,0.7809445041573901,0.7410293868695146
305,-0.025811942404202853 + (0.31929537326230073)(X_0 + X_1 + (X_2)(X_2) + (2)(X_3) + X_4 - ((X_0)(X_0))),24,0.1811121964736824,0.1998631261980058,0.1811121964736824,0.1998631261980058,0.8108003557502712,0.813086256250976
306,(0.32270951063840575)(1.435403403237566 + X_0 + X_1 + (-0.5815611827980702)(((X_0)(X_0))((X_1)(X_1))) + (2)(X_3) + X_4 - (sqrt(X_1))),27,0.1896424550585871,0.2495652892830725,0.1896424550585871,0.2495652892830725,0.8018891839957136,0.7666043586074323
307,-0.025811942404202853 + (0.31929537326230073)(X_0 + X_1 + (X_2)(X_2) + (2)(X_3) + X_4 - ((X_0)(X_0))),24,0.1811121964736824,0.1998631261980058,0.1811121964736824,0.1998631261980058,0.8108003557502712,0.813086256250976
308,0.007730167396262644 + (0.3087320678698178)(X_0 + X_1 + (X_2)(X_2) + (2)(X_3) + X_4 - ((X_1)(X_1))),24,0.1810977140656778,0.2067725366512826,0.1810977140656778,0.2067725366512826,0.8108154848608209,0.8066245151610205
309,(0.32270951063840564)(1.4354034032375658 + X_0 + X_1 + (-0.5815611827980678)(((X_0)(X_0))((X_1)(X_1))) + (2)(X_3) + X_4 - (sqrt(X_1))),27,0.1896424550585871,0.2495652892830725,0.1896424550585871,0.2495652892830725,0.8018891839957136,0.7666043586074324
310,(0.32500477419668555)(1.1800525928802033 + X_0 + X_1 + (2)(X_3) + X_4 + (-0.615012971924729)(((X_0)(X_0) + (X_1)(X_1))(sqrt(X_0)))),26,0.191495075283355,0.2187598202879691,0.191495075283355,0.2187598202879691,0.7999538362152737,0.7954139026556667
311,-0.025811942404202853 + (0.31929537326230073)(X_0 + X_1 + (X_2)(X_2) + (2)(X_3) + X_4 - ((X_0)(X_0))),24,0.1811121964736824,0.1998631261980058,0.1811121964736824,0.1998631261980058,0.8108003557502712,0.813086256250976
312,(0.3532199809921635)(-2.288954799760246 + X_0 + X_1 + (1.6197691259841)(1 + X_3) + X_4 + (2.1708805029601446)(sqrt(X_2)) - (sqrt((2)(X_1)))),27,0.1972235334804758,0.1918943508147783,0.1972235334804758,0.1918943508147783,0.7939695774292996,0.8205387246892936
313,(0.23430449329777847)(-0.19141732574653947 + X_0 + X_1 + (2)((X_2)(X_2)) + (2.2293995231995396)(X_3) + (2)(X_4) + (-2.038334653607134)(sqrt(X_2))),24,0.2738891105394601,0.2959137551171586,0.2738891105394601,0.2959137551171586,0.7138805487046784,0.7232588679665519
314,-0.025811942404202853 + (0.31929537326230073)(X_0 + X_1 + (X_2)(X_2) + (2)(X_3) + X_4 - ((X_0)(X_0))),24,0.1811121964736824,0.1998631261980058,0.1811121964736824,0.1998631261980058,0.8108003557502712,0.813086256250976
315,(0.3200289618603783)(2.6629799180853273 + X_0 + X_1 + (2)(X_3) + X_4 + (-2.132659177997803)(sqrt(X_0)) - (sqrt(X_1))),24,0.2160063311507242,0.2339526682101952,0.2160063311507242,0.2339526682101952,0.7743480461000055,0.781205418392594
316,0.539340551932999 + (0.3186391500335506)(X_0 + X_1 + (X_2)(X_2) + (2)(X_3) + X_4 + (-2)(sqrt(X_1)) - ((X_0)(X_0))),29,0.1405837281014385,0.1477710308977177,0.1405837281014385,0.1477710308977177,0.8531385966159502,0.8618032394060455
317,-0.025811942404202853 + (0.31929537326230073)(X_0 + X_1 + (X_2)(X_2) + (2)(X_3) + X_4 - ((X_0)(X_0))),24,0.1811121964736824,0.1998631261980058,0.1811121964736824,0.1998631261980058,0.8108003557502712,0.813086256250976
318,-0.025811942404202853 + (0.31929537326230073)(X_0 + X_1 + (X_2)(X_2) + (2)(X_3) + X_4 - ((X_0)(X_0))),24,0.1811121964736824,0.1998631261980058,0.1811121964736824,0.1998631261980058,0.8108003557502712,0.813086256250976
319,(0.31899813859781445)(1.9546649111113874 + X_0 + X_1 + (2)(X_3) + X_4 + (-0.38234542763350343)(((X_0)(X_0) + (2)((X_1)(X_1)))(sqrt(X_0))) - (sqrt(X_1))),33,0.1835083245450078,0.2246526917937942,0.1835083245450078,0.2246526917937942,0.8082972301325692,0.7899028376806573
320,0.539340551932999 + (0.3186391500335506)(X_0 + X_1 + (X_2)(X_2) + (2)(X_3) + X_4 + (-2)(sqrt(X_1)) - ((X_0)(X_0))),29,0.1405837281014385,0.1477710308977177,0.1405837281014385,0.1477710308977177,0.8531385966159502,0.8618032394060455
321,-0.1009792561969679 + (0.29152854096365777)(X_0 + (2)(X_3) + (1.2687884307454669)(X_1 + (X_2)(X_2) + X_4) - ((X_0)(X_0))),24,0.1719816649771793,0.2015779974863354,0.1719816649771793,0.2015779974863354,0.8203386052143284,0.8114824936227869
322,-0.025811942404202853 + (0.31929537326230073)(X_0 + X_1 + (X_2)(X_2) + (2)(X_3) + X_4 - ((X_0)(X_0))),24,0.1811121964736824,0.1998631261980058,0.1811121964736824,0.1998631261980058,0.8108003557502712,0.813086256250976
323,-0.025811942404202853 + (0.31929537326230073)(X_0 + X_1 + (X_2)(X_2) + (2)(X_3) + X_4 - ((X_0)(X_0))),24,0.1811121964736824,0.1998631261980058,0.1811121964736824,0.1998631261980058,0.8108003557502712,0.813086256250976
324,-0.0295390128270335 + (0.341652668583962)(X_0 + X_1 + (X_2)(X_2) + (1.7240258343306116)(X_3) + X_4 - ((X_0)(X_0))),24,0.1763362962968026,0.1952535912251721,0.1763362962968026,0.1952535912251721,0.8157895206548511,0.8173971336754632
325,(0.3437706706654266)(-0.4938153387048953 + X_0 + X_1 + (1.7358638836190354)(1 + X_3) + X_4 - (((X_1)(X_1) - (-0.4938153387048953))(sqrt(X_0)))),24,0.1826473765482299,0.2360684632661545,0.1826473765482299,0.2360684632661545,0.8091966232042642,0.779226708350186
326,-0.025811942404202853 + (0.31929537326230073)(X_0 + X_1 + (X_2)(X_2) + (2)(X_3) + X_4 - ((X_0)(X_0))),24,0.1811121964736824,0.1998631261980058,0.1811121964736824,0.1998631261980058,0.8108003557502712,0.813086256250976
327,-0.025811942404202926 + (0.3192953732623012)(X_0 + X_1 + (X_2)(X_2) + (2)(X_3) + X_4 - ((X_0)(X_0))),24,0.1811121964736824,0.1998631261980057,0.1811121964736824,0.1998631261980057,0.8108003557502712,0.8130862562509761
328,-0.025811942404202853 + (0.31929537326230073)(X_0 + X_1 + (X_2)(X_2) + (2)(X_3) + X_4 - ((X_0)(X_0))),24,0.1811121964736824,0.1998631261980058,0.1811121964736824,0.1998631261980058,0.8108003557502712,0.813086256250976
329,-0.025811942404202853 + (0.31929537326230073)(X_0 + X_1 + (X_2)(X_2) + (2)(X_3) + X_4 - ((X_0)(X_0))),24,0.1811121964736824,0.1998631261980058,0.1811121964736824,0.1998631261980058,0.8108003557502712,0.813086256250976
330,(0.329991703817179)(-0.9619904898973619 + X_0 + X_1 + (1.7479289117767536)(X_3) + X_4 + (2.260902848804582)(sqrt(X_2)) - ((X_1)(X_1))),24,0.1864901906696993,0.2218681872564165,0.1864901906696993,0.2218681872564165,0.8051822107082759,0.7925069306790414
331,(0.32174953153262836)(0.6358030984677747 + X_0 + X_1 + (1.8919075424644578)(1 + X_3) + X_4 + ((-1)(exp(0.6358030984677747)))(sqrt(X_0)) - ((X_1)(X_1))),24,0.1913462995615057,0.2317438546231887,0.1913462995615057,0.2317438546231887,0.8001092554205782,0.7832711201788358
332,-0.025811942404202853 + (0.31929537326230073)(X_0 + X_1 + (X_2)(X_2) + (2)(X_3) + X_4 - ((X_0)(X_0))),24,0.1811121964736824,0.1998631261980058,0.1811121964736824,0.1998631261980058,0.8108003557502712,0.813086256250976
333,(0.31657219059195413)(0.9957028106964736 + X_0 + X_1 + (2)(X_3) + X_4 + (-1.1398719597174232)(((X_1)(X_1))(sqrt(X_0)))),22,0.1985806920181419,0.2679851742807768,0.1985806920181419,0.2679851742807768,0.7925518158565487,0.7493779210456759
334,-0.025811942404202853 + (0.31929537326230073)(X_0 + X_1 + (X_2)(X_2) + (2)(X_3) + X_4 - ((X_0)(X_0))),24,0.1811121964736824,0.1998631261980058,0.1811121964736824,0.1998631261980058,0.8108003557502712,0.813086256250976
335,-0.009918609263242624 + (0.3164137755145552)(X_0 + X_1 + (0.9454940145763814)((X_2)(X_2)) + (2)(X_3) + X_4 - ((-0.06914118626946462 + X_0)(-0.06914118626946462 + X_0))),26,0.1791658189651246,0.187436014694177,0.1791658189651246,0.187436014694177,0.8128336474852556,0.8247081996246927
336,(0.3227095106384059)(1.4354034032375627 + X_0 + X_1 + (-0.5815611827980505)(((X_0)(X_0))((X_1)(X_1))) + (2)(X_3) + X_4 - (sqrt(X_1))),27,0.1896424550585871,0.2495652892830723,0.1896424550585871,0.2495652892830723,0.8018891839957136,0.7666043586074326
337,(0.3202943793960047)(1.512907697650097 + X_0 + X_1 + (X_2)(X_2) + (2)(X_3) + X_4 + (-1.9608149341338679)(sqrt(X_0)) - (sqrt(X_1))),29,0.1571871694471758,0.1560499712698969,0.1571871694471758,0.1560499712698969,0.8357937393556539,0.8540607019571622
338,0.539340551932999 + (0.3186391500335506)(X_0 + X_1 + (X_2)(X_2) + (2)(X_3) + X_4 + (-2)(sqrt(X_1)) - ((X_0)(X_0))),29,0.1405837281014385,0.1477710308977177,0.1405837281014385,0.1477710308977177,0.8531385966159502,0.8618032394060455
339,(0.31283766578221295)(0.5801472604948427 + X_0 + X_1 + (X_2)(X_2) + (2)(X_3) + X_4 + (-0.8020847991047559)(((X_1)(X_1))(sqrt(X_0))) - (sqrt(X_1))),32,0.1525382138381511,0.1893702365544927,0.1525382138381511,0.1893702365544927,0.840650291064959,0.8228992984230041
340,0.539340551932999 + (0.3186391500335506)(X_0 + X_1 + (X_2)(X_2) + (2)(X_3) + X_4 + (-2)(sqrt(X_1)) - ((X_0)(X_0))),29,0.1405837281014385,0.1477710308977177,0.1405837281014385,0.1477710308977177,0.8531385966159502,0.8618032394060455
341,-0.025811942404202853 + (0.31929537326230073)(X_0 + X_1 + (X_2)(X_2) + (2)(X_3) + X_4 - ((X_0)(X_0))),24,0.1811121964736824,0.1998631261980058,0.1811121964736824,0.1998631261980058,0.8108003557502712,0.813086256250976
342,(0.3227095106384059)(1.4354034032375627 + X_0 + X_1 + (-0.5815611827980505)(((X_0)(X_0))((X_1)(X_1))) + (2)(X_3) + X_4 - (sqrt(X_1))),27,0.1896424550585871,0.2495652892830723,0.1896424550585871,0.2495652892830723,0.8018891839957136,0.7666043586074326
343,(0.32987691230768357)(0.9779190433944644 + X_0 + X_1 + (1.7688525453298074)(1 + X_3) + X_4 + (-2.0586211579719422)(sqrt(X_0)) - ((X_1)(X_1))),24,0.1892319186749953,0.2243061528713875,0.1892319186749953,0.2243061528713875,0.8023180526154945,0.7902269239119395
344,(0.3202943793960047)(1.5129076976500966 + X_0 + X_1 + (X_2)(X_2) + (2)(X_3) + X_4 + (-1.960814934133868)(sqrt(X_0)) - (sqrt(X_1))),29,0.1571871694471758,0.1560499712698969,0.1571871694471758,0.1560499712698969,0.8357937393556539,0.8540607019571622
345,-0.025811942404202853 + (0.31929537326230073)(X_0 + X_1 + (X_2)(X_2) + (2)(X_3) + X_4 - ((X_0)(X_0))),24,0.1811121964736824,0.1998631261980058,0.1811121964736824,0.1998631261980058,0.8108003557502712,0.813086256250976
346,-0.025811942404202853 + (0.31929537326230073)(X_0 + X_1 + (X_2)(X_2) + (2)(X_3) + X_4 - ((X_0)(X_0))),24,0.1811121964736824,0.1998631261980058,0.1811121964736824,0.1998631261980058,0.8108003557502712,0.813086256250976
347,0.539340551932999 + (0.3186391500335506)(X_0 + X_1 + (X_2)(X_2) + (2)(X_3) + X_4 + (-2)(sqrt(X_1)) - ((X_0)(X_0))),29,0.1405837281014385,0.1477710308977177,0.1405837281014385,0.1477710308977177,0.8531385966159502,0.8618032394060455
348,(0.3203570601670329)(1.499869505439146 + X_0 + X_1 + (X_2)(X_2) + (2)(X_3) + X_4 + (-1.9485040968532354)(sqrt(X_0)) - (sqrt((X_1)(X_1)))),31,0.14324694363141,0.1507879593585534,0.14324694363141,0.1507879593585534,0.8503564569222041,0.8589817815215175
349,-0.025811942404202853 + (0.31929537326230073)(X_0 + X_1 + (X_2)(X_2) + (2)(X_3) + X_4 - ((X_0)(X_0))),24,0.1811121964736824,0.1998631261980058,0.1811121964736824,0.1998631261980058,0.8108003557502712,0.813086256250976
350,-0.025811942404202853 + (0.31929537326230073)(X_0 + X_1 + (X_2)(X_2) + (2)(X_3) + X_4 - ((X_0)(X_0))),24,0.1811121964736824,0.1998631261980058,0.1811121964736824,0.1998631261980058,0.8108003557502712,0.813086256250976
351,-0.025811942404202853 + (0.31929537326230073)(X_0 + X_1 + (X_2)(X_2) + (2)(X_3) + X_4 - ((X_0)(X_0))),24,0.1811121964736824,0.1998631261980058,0.1811121964736824,0.1998631261980058,0.8108003557502712,0.813086256250976
352,(0.3202943793960047)(1.5129076976500966 + X_0 + X_1 + (X_2)(X_2) + (2)(X_3) + X_4 + (-1.960814934133868)(sqrt(X_0)) - (sqrt(X_1))),29,0.1571871694471758,0.1560499712698969,0.1571871694471758,0.1560499712698969,0.8357937393556539,0.8540607019571622
353,-0.025811942404202853 + (0.31929537326230073)(X_0 + X_1 + (X_2)(X_2) + (2)(X_3) + X_4 - ((X_0)(X_0))),24,0.1811121964736824,0.1998631261980058,0.1811121964736824,0.1998631261980058,0.8108003557502712,0.813086256250976
354,-0.025811942404202853 + (0.31929537326230073)(X_0 + X_1 + (X_2)(X_2) + (2)(X_3) + X_4 - ((X_0)(X_0))),24,0.1811121964736824,0.1998631261980058,0.1811121964736824,0.1998631261980058,0.8108003557502712,0.813086256250976
355,-0.025811942404202853 + (0.31929537326230073)(X_0 + X_1 + (X_2)(X_2) + (2)(X_3) + X_4 - ((X_0)(X_0))),24,0.1811121964736824,0.1998631261980058,0.1811121964736824,0.1998631261980058,0.8108003557502712,0.813086256250976
356,0.539340551932999 + (0.3186391500335506)(X_0 + X_1 + (X_2)(X_2) + (2)(X_3) + X_4 + (-2)(sqrt(X_1)) - ((X_0)(X_0))),29,0.1405837281014385,0.1477710308977177,0.1405837281014385,0.1477710308977177,0.8531385966159502,0.8618032394060455
357,(0.26749681948894194)((-1.5111414396305618)(-1.0400265889353624 - (X_0)) + X_1 + X_3 + (1.1792358810228207)(-1 + X_3) + X_4 - ((X_1)(X_1) + log(X_0))),23,0.2062267638053849,0.2439033430187222,0.2062267638053849,0.2439033430187222,0.784564313688165,0.7718994602767971
358,(0.3424588226071448)(1.3969862937484079 + X_0 + X_1 + (2)(X_3) + X_4 + (-0.3457537764614136)(((X_0)(X_0))(exp(X_1))) - (sqrt(X_1))),26,0.1958513970467275,0.2390590790740719,0.1958513970467275,0.2390590790740719,0.795402985726377,0.7764298582888144
359,0.539340551932999 + (0.3186391500335506)(X_0 + X_1 + (X_2)(X_2) + (2)(X_3) + X_4 + (-2)(sqrt(X_1)) - ((X_0)(X_0))),29,0.1405837281014385,0.1477710308977177,0.1405837281014385,0.1477710308977177,0.8531385966159502,0.8618032394060455
360,(0.31297947609116494)(0.9719140513645234 + (2)(X_0) + X_1 + (-0.8332784413302693)((X_0)((X_1)(X_1))) + (2)(X_3) + X_4 - (sqrt(X_1))),25,0.2155482736282446,0.193364083445358,0.2155482736282446,0.193364083445358,0.7748265578843383,0.8191642178779691
361,(0.32174953153262836)(0.6358030984677747 + X_0 + X_1 + (1.8919075424644578)(1 + X_3) + X_4 + ((-1)(exp(0.6358030984677747)))(sqrt(X_0)) - ((X_1)(X_1))),24,0.1913462995615057,0.2317438546231887,0.1913462995615057,0.2317438546231887,0.8001092554205782,0.7832711201788358
362,(0.3266600352833848)(0.6431732413184663 + X_0 + X_1 + (-0.6812861502838571)(((X_0)(X_0))((X_1)(X_1))) + (2)(X_3) + X_4),22,0.1909033958704769,0.2413505535092367,0.1909033958704769,0.2413505535092367,0.8005719366889361,0.7742868513543711
363,(0.26749681948894194)((-2.511141439630562)(-0.6258617105570378 - (X_0)) + X_1 + X_3 + (1.1792358810228207)(-1 + X_3) + X_4 - (X_0 + (X_1)(X_1) + log(X_0))),23,0.2062267638053849,0.2439033430187222,0.2062267638053849,0.2439033430187222,0.784564313688165,0.771899460276797
364,0.539340551932999 + (0.3186391500335506)(X_0 + X_1 + (X_2)(X_2) + (2)(X_3) + X_4 + (-2)(sqrt(X_1)) - ((X_0)(X_0))),29,0.1405837281014385,0.1477710308977177,0.1405837281014385,0.1477710308977177,0.8531385966159502,0.8618032394060455
365,-0.025811942404202853 + (0.31929537326230073)(X_0 + X_1 + (X_2)(X_2) + (2)(X_3) + X_4 - ((X_0)(X_0))),24,0.1811121964736824,0.1998631261980058,0.1811121964736824,0.1998631261980058,0.8108003557502712,0.813086256250976
366,0.539340551932999 + (0.3186391500335506)(X_0 + X_1 + (X_2)(X_2) + (2)(X_3) + X_4 + (-2)(sqrt(X_1)) - ((X_0)(X_0))),29,0.1405837281014385,0.1477710308977177,0.1405837281014385,0.1477710308977177,0.8531385966159502,0.8618032394060455
367,-0.025811942404202853 + (0.31929537326230073)(X_0 + X_1 + (X_2)(X_2) + (2)(X_3) + X_4 - ((X_0)(X_0))),24,0.1811121964736824,0.1998631261980058,0.1811121964736824,0.1998631261980058,0.8108003557502712,0.813086256250976
368,(0.3202943793960047)(1.5129076976500966 + X_0 + X_1 + (X_2)(X_2) + (2)(X_3) + X_4 + (-1.960814934133868)(sqrt(X_0)) - (sqrt(X_1))),29,0.1571871694471758,0.1560499712698969,0.1571871694471758,0.1560499712698969,0.8357937393556539,0.8540607019571622
369,-0.025811942404202853 + (0.31929537326230073)(X_0 + X_1 + (X_2)(X_2) + (2)(X_3) + X_4 - ((X_0)(X_0))),24,0.1811121964736824,0.1998631261980058,0.1811121964736824,0.1998631261980058,0.8108003557502712,0.813086256250976
370,-0.025811942404202853 + (0.31929537326230073)(X_0 + X_1 + (X_2)(X_2) + (2)(X_3) + X_4 - ((X_0)(X_0))),24,0.1811121964736824,0.1998631261980058,0.1811121964736824,0.1998631261980058,0.8108003557502712,0.813086256250976
371,(0.32987691230768346)(0.9779190433944627 + X_0 + X_1 + (1.7688525453298078)(1 + X_3) + X_4 + (-2.0586211579719422)(sqrt(X_0)) - ((X_1)(X_1))),24,0.1892319186749953,0.2243061528713875,0.1892319186749953,0.2243061528713875,0.8023180526154945,0.7902269239119395
372,(-0.0006088494598666117)((X_3)^(-1)) + (0.30865519206696534)(X_0 + X_1 + (X_2)(X_2) + (2)(X_3) + X_4 - ((X_1)(X_1))),28,0.1811015917470858,0.2056249435266638,0.1811015917470858,0.2056249435266638,0.8108114340240624,0.8076977542887356
373,(0.3207096019437504)(2.6470310198607288 + X_0 + X_1 + (2)(X_3) + X_4 + (-2.117036789833295)(sqrt(X_0)) - (sqrt((X_1)(X_1)))),26,0.2006971210922407,0.2250748194772472,0.2006971210922407,0.2250748194772472,0.7903408790135544,0.7895080601788977
374,0.539340551932999 + (0.3186391500335506)(X_0 + X_1 + (X_2)(X_2) + (2)(X_3) + X_4 + (-2)(sqrt(X_1)) - ((X_0)(X_0))),29,0.1405837281014385,0.1477710308977177,0.1405837281014385,0.1477710308977177,0.8531385966159502,0.8618032394060455
375,(0.3229774413286227)(1.9270850971677644 + X_0 + X_1 + (2)(X_3) + X_4 + (-0.5424730797419466)(((X_0)(X_0) + (X_1)(X_1))(sqrt(X_0))) - (sqrt(X_1))),31,0.1840202445295607,0.211670213142237,0.1840202445295607,0.211670213142237,0.8077624506928212,0.80204416526852
376,-0.025811942404202853 + (0.31929537326230073)(X_0 + X_1 + (X_2)(X_2) + (2)(X_3) + X_4 - ((X_0)(X_0))),24,0.1811121964736824,0.1998631261980058,0.1811121964736824,0.1998631261980058,0.8108003557502712,0.813086256250976
377,-8.896460866396485 + (0.3192953732623007)(27.78195259567717 + X_0 + X_1 + (X_2)(X_2) + (2)(X_3) + X_4 - ((X_0)(X_0))),24,0.1811121964736824,0.1998631261980053,0.1811121964736824,0.1998631261980053,0.8108003557502712,0.8130862562509764
378,-0.02581194240420282 + (0.31929537326230073)(X_0 + X_1 + (X_2)(X_2) + (2)(X_3) + X_4 - ((X_0)(X_0))),24,0.1811121964736824,0.1998631261980058,0.1811121964736824,0.1998631261980058,0.8108003557502712,0.813086256250976
379,-0.025811942404202853 + (0.31929537326230073)(X_0 + X_1 + (X_2)(X_2) + (2)(X_3) + X_4 - ((X_0)(X_0))),24,0.1811121964736824,0.1998631261980058,0.1811121964736824,0.1998631261980058,0.8108003557502712,0.813086256250976
380,-0.025811942404202853 + (0.31929537326230073)(X_0 + X_1 + (X_2)(X_2) + (2)(X_3) + X_4 - ((X_0)(X_0))),24,0.1811121964736824,0.1998631261980058,0.1811121964736824,0.1998631261980058,0.8108003557502712,0.813086256250976
381,0.539340551932999 + (0.3186391500335506)(X_0 + X_1 + (X_2)(X_2) + (2)(X_3) + X_4 + (-2)(sqrt(X_1)) - ((X_0)(X_0))),29,0.1405837281014385,0.1477710308977177,0.1405837281014385,0.1477710308977177,0.8531385966159502,0.8618032394060455
382,-0.025811942404202853 + (0.31929537326230073)(X_0 + X_1 + (X_2)(X_2) + (2)(X_3) + X_4 - ((X_0)(X_0))),24,0.1811121964736824,0.1998631261980058,0.1811121964736824,0.1998631261980058,0.8108003557502712,0.813086256250976
383,(-1.1121624519105922e-06)((X_3 - (X_1))^(-1)) + (0.31877378970495607)(X_0 + X_1 + (X_2)(X_2) + (2)(X_3) + X_4 - ((X_0)(X_0))),32,0.1817763551740488,0.1966300759638941,0.1817763551740488,0.1966300759638941,0.810106539473503,0.8161098331082087
384,-0.025811942404202853 + (0.31929537326230073)(X_0 + X_1 + (X_2)(X_2) + (2)(X_3) + X_4 - ((X_0)(X_0))),24,0.1811121964736824,0.1998631261980058,0.1811121964736824,0.1998631261980058,0.8108003557502712,0.813086256250976
385,(0.1038536394311929)(0.004926654555365712 + (2)(X_0) + X_1 + ((1 + (-0.48664706093866567)((X_0)^(-1)))^(-1))((X_1)(X_1)) + (2)(X_3) + X_4 - (sqrt(X_1))),33,0.7406808648691233,1.0376491836142514,0.7406808648691233,1.0376491836142514,0.2262445110581886,0.0295814075513379
386,(0.3298769123076834)(0.9779190433944562 + X_0 + X_1 + (1.7688525453298003)(1 + X_3) + X_4 + (-2.05862115797195)(sqrt(X_0)) - ((X_1)(X_1))),24,0.1892319186749953,0.2243061528713875,0.1892319186749953,0.2243061528713875,0.8023180526154945,0.7902269239119394
387,(0.32270951063840553)(1.4354034032375953 + X_0 + X_1 + (-0.5815611827980653)(((X_0)(X_0))((X_1)(X_1))) + (2)(X_3) + X_4 - (sqrt(X_1))),27,0.1896424550585871,0.249565289283073,0.1896424550585871,0.249565289283073,0.8018891839957136,0.7666043586074318
388,(0.3425667715731123)(2.617295037588773 + X_0 + X_1 + (1.7034986841943702)(X_3) + X_4 + (-1.9994617750351797)(sqrt(X_0)) - ((sqrt(X_1))^(3.246355205457244))),24,0.1860369282530524,0.2110792046769503,0.1860369282530524,0.2110792046769503,0.8056557132644322,0.8025968815545879
389,4.170389649809357 + (0.3186391500335515)(-11.395489529437912 + X_0 + X_1 + (X_2)(X_2) + (2)(X_3) + X_4 + (-2)(sqrt(X_1)) - ((X_0)(X_0))),29,0.1405837281014385,0.1477710308977153,0.1405837281014385,0.1477710308977153,0.8531385966159502,0.8618032394060477
390,-0.02581194240420282 + (0.31929537326230073)(X_0 + X_1 + (X_2)(X_2) + (2)(X_3) + X_4 - ((X_0)(X_0))),24,0.1811121964736824,0.1998631261980058,0.1811121964736824,0.1998631261980058,0.8108003557502712,0.813086256250976
391,(0.3266600352833848)(0.6431732413184679 + X_0 + X_1 + (-0.681286150283858)(((X_0)(X_0))((X_1)(X_1))) + (2)(X_3) + X_4),22,0.1909033958704769,0.2413505535092368,0.1909033958704769,0.2413505535092368,0.8005719366889361,0.774286851354371
392,-0.8722716399615464 + (0.31929537326230084)(2.6510239998435 + X_0 + X_1 + (X_2)(X_2) + (2)(X_3) + X_4 - ((X_0)(X_0))),24,0.1811121964736824,0.1998631261980051,0.1811121964736824,0.1998631261980051,0.8108003557502712,0.8130862562509767
393,(0.31045978406394986)(1.449181165252393 + X_0 + X_1 + (-0.5474799456868721)((X_1)(X_1)) + (2)(X_3) + X_4 - (sqrt(X_1))),24,0.2446657692845929,0.2773457976201444,0.2446657692845929,0.2773457976201444,0.7444088393270757,0.7406237842247982
394,0.00773016739626306 + (0.3087320678698168)(X_0 + X_1 + (X_2)(X_2) + (2)(X_3) + X_4 - ((X_1)(X_1))),24,0.1810977140656778,0.2067725366512829,0.1810977140656778,0.2067725366512829,0.8108154848608209,0.8066245151610203
395,0.521256662795748 + (0.3084282752989037)(X_0 + (1.3186226180610598)(X_1) + (X_2)(X_2) + (2)(X_3) + X_4 + (-2)(sqrt(X_1)) - ((X_0)(X_0))),29,0.1314274191366334,0.1425473034133784,0.1314274191366334,0.1425473034133784,0.862703774624453,0.8666885150394068
396,(0.3202943793960047)(1.5129076976500888 + X_0 + X_1 + (X_2)(X_2) + (2)(X_3) + X_4 + (-1.9608149341338577)(sqrt(X_0)) - (sqrt(X_1))),29,0.1571871694471758,0.1560499712698968,0.1571871694471758,0.1560499712698968,0.835793739355654,0.8540607019571623
397,(0.3298769123076833)(0.977919043394456 + X_0 + X_1 + (1.7688525453297794)(1 + X_3) + X_4 + (-2.0586211579719214)(sqrt(X_0)) - ((X_1)(X_1))),24,0.1892319186749953,0.2243061528713868,0.1892319186749953,0.2243061528713868,0.8023180526154945,0.79022692391194
398,0.007730167396263532 + (0.3087320678698178)(X_0 + X_1 + (X_2)(X_2) + (2)(X_3) + X_4 - ((X_1)(X_1))),24,0.1810977140656778,0.2067725366512827,0.1810977140656778,0.2067725366512827,0.810815484860821,0.8066245151610205
399,0.539340551932999 + (0.3186391500335506)(X_0 + X_1 + (X_2)(X_2) + (2)(X_3) + X_4 + (-2)(sqrt(X_1)) - ((X_0)(X_0))),29,0.1405837281014385,0.1477710308977177,0.1405837281014385,0.1477710308977177,0.8531385966159502,0.8618032394060455
400,0.539340551932999 + (0.3186391500335506)(X_0 + X_1 + (X_2)(X_2) + (2)(X_3) + X_4 + (-2)(sqrt(X_1)) - ((X_0)(X_0))),29,0.1405837281014385,0.1477710308977177,0.1405837281014385,0.1477710308977177,0.8531385966159502,0.8618032394060455
401,(0.32270951063840564)(1.4354034032375678 + X_0 + X_1 + (-0.5815611827980739)(((X_0)(X_0))((X_1)(X_1))) + (2)(X_3) + X_4 - (sqrt(X_1))),27,0.1896424550585871,0.2495652892830727,0.1896424550585871,0.2495652892830727,0.8018891839957136,0.7666043586074323
402,(0.3187718411841331)(X_0 + X_1 + (X_2)(X_2) + (2)(X_3) + X_4 - ((X_0)(X_0))),23,0.181776359651538,0.1966309400065239,0.181776359651538,0.1966309400065239,0.8101065347960745,0.8161090250479839
403,(0.3479164760065687)(119.19826762555145 + X_0 + X_1 + (1.6648137850061913)(X_3) + X_4 + (-2.086371590551218)(sqrt(X_0)) - (sqrt(13798.539155628328 + X_1))),26,0.2372548239708648,0.2450799407827208,0.2372548239708648,0.2450799407827208,0.7521507156016274,0.7707990957566413
404,-0.025811942404202853 + (0.31929537326230073)(X_0 + X_1 + (X_2)(X_2) + (2)(X_3) + X_4 - ((X_0)(X_0))),24,0.1811121964736824,0.1998631261980058,0.1811121964736824,0.1998631261980058,0.8108003557502712,0.813086256250976
405,-0.358162534547527 + (0.3509612255755962)(X_0 + X_1 + (X_2)(X_2) + (1.5924342611653768)(X_3) + X_4),19,0.2218173921888198,0.1899864192538068,0.2218173921888198,0.1899864192538068,0.7682774958967181,0.822323038973084
406,-0.025811942404202853 + (0.31929537326230073)(X_0 + X_1 + (X_2)(X_2) + (2)(X_3) + X_4 - ((X_0)(X_0))),24,0.1811121964736824,0.1998631261980058,0.1811121964736824,0.1998631261980058,0.8108003557502712,0.813086256250976
407,(0.32987691230768357)(2.7467715887242714 + X_0 + X_1 + (1.7688525453298074)(X_3) + X_4 + (-2.058621157971942)(sqrt(X_0)) - ((X_1)(X_1))),24,0.1892319186749953,0.2243061528713875,0.1892319186749953,0.2243061528713875,0.8023180526154945,0.7902269239119395
408,(0.3532199809921635)(-3.288954799760246 + X_0 + X_1 + (2.6197691259841003)(1 + X_3) + X_4 + (2.170880502960145)(sqrt(X_2)) - (X_3 + sqrt((2)(X_1)))),27,0.1972235334804758,0.1918943508147783,0.1972235334804758,0.1918943508147783,0.7939695774292996,0.8205387246892936
409,-0.025811942404202853 + (0.31929537326230073)(X_0 + X_1 + (X_2)(X_2) + (2)(X_3) + X_4 - ((X_0)(X_0))),24,0.1811121964736824,0.1998631261980058,0.1811121964736824,0.1998631261980058,0.8108003557502712,0.813086256250976
410,0.539340551932999 + (0.3186391500335506)(X_0 + X_1 + (X_2)(X_2) + (2)(X_3) + X_4 + (-2)(sqrt(X_1)) - ((X_0)(X_0))),29,0.1405837281014385,0.1477710308977177,0.1405837281014385,0.1477710308977177,0.8531385966159502,0.8618032394060455
411,-0.025811942404202853 + (0.31929537326230073)(X_0 + X_1 + (X_2)(X_2) + (2)(X_3) + X_4 - ((X_0)(X_0))),24,0.1811121964736824,0.1998631261980058,0.1811121964736824,0.1998631261980058,0.8108003557502712,0.813086256250976
412,(0.3229774413286227)(1.9270850971677644 + X_0 + X_1 + (2)(X_3) + X_4 + (-0.5424730797419466)(((X_0)(X_0) + (X_1)(X_1))(sqrt(X_0))) - (sqrt(X_1))),31,0.1840202445295607,0.211670213142237,0.1840202445295607,0.211670213142237,0.8077624506928212,0.80204416526852
413,(0.32270951063840586)(1.4354034032375582 + X_0 + X_1 + (-0.5815611827980769)(((X_0)(X_0))((X_1)(X_1))) + (2)(X_3) + X_4 - (sqrt(X_1))),27,0.1896424550585871,0.2495652892830725,0.1896424550585871,0.2495652892830725,0.8018891839957136,0.7666043586074324
414,(0.31163550902212017)(1.654737264395294 + X_0 + X_1 + (2)(X_3) + X_4 + (-0.8794225180519475)(((X_1)(X_1))(sqrt(X_0))) - (sqrt(X_1))),27,0.2096918424926878,0.2769120948279295,0.2096918424926878,0.2769120948279295,0.7809445041573901,0.7410293868695151
415,(0.32270951063840564)(1.435403403237534 + X_0 + X_1 + (-0.5815611827981066)(((X_0)(X_0))((X_1)(X_1))) + (2)(X_3) + X_4 - (sqrt(X_1))),27,0.1896424550585871,0.2495652892830724,0.1896424550585871,0.2495652892830724,0.8018891839957136,0.7666043586074325
416,0.539340551932999 + (0.3186391500335506)(X_0 + X_1 + (X_2)(X_2) + (2)(X_3) + X_4 + (-2)(sqrt(X_1)) - ((X_0)(X_0))),29,0.1405837281014385,0.1477710308977177,0.1405837281014385,0.1477710308977177,0.8531385966159502,0.8618032394060455
417,(0.32270951063840564)(1.4354034032375536 + X_0 + X_1 + (-0.5815611827980529)(((X_0)(X_0))((X_1)(X_1))) + (2)(X_3) + X_4 - (sqrt(X_1))),27,0.1896424550585871,0.2495652892830721,0.1896424550585871,0.2495652892830721,0.8018891839957136,0.7666043586074327
418,0.539340551932999 + (0.3186391500335506)(X_0 + X_1 + (X_2)(X_2) + (2)(X_3) + X_4 + (-2)(sqrt(X_1)) - ((X_0)(X_0))),29,0.1405837281014385,0.1477710308977177,0.1405837281014385,0.1477710308977177,0.8531385966159502,0.8618032394060455
419,-0.1009792561969679 + (0.29152854096365777)(X_0 + (2)(X_3) + (1.2687884307454669)(X_1 + (X_2)(X_2) + X_4) - ((X_0)(X_0))),24,0.1719816649771793,0.2015779974863354,0.1719816649771793,0.2015779974863354,0.8203386052143284,0.8114824936227869
420,(0.3116355090221203)(1.65473726439523 + X_0 + X_1 + (2)(X_3) + X_4 + (-0.8794225180519375)(((X_1)(X_1))(sqrt(X_0))) - (sqrt(X_1))),27,0.2096918424926877,0.2769120948279278,0.2096918424926877,0.2769120948279278,0.7809445041573901,0.7410293868695167
421,-0.025811942404202853 + (0.31929537326230073)(X_0 + X_1 + (X_2)(X_2) + (2)(X_3) + X_4 - ((X_0)(X_0))),24,0.1811121964736824,0.1998631261980058,0.1811121964736824,0.1998631261980058,0.8108003557502712,0.813086256250976
422,0.539340551932999 + (0.3186391500335506)(X_0 + X_1 + (X_2)(X_2) + (2)(X_3) + X_4 + (-2)(sqrt(X_1)) - ((X_0)(X_0))),29,0.1405837281014385,0.1477710308977177,0.1405837281014385,0.1477710308977177,0.8531385966159502,0.8618032394060455
423,(0.31163550902212034)(1.6547372643953229 + X_0 + X_1 + (2)(X_3) + X_4 + (-0.8794225180519213)(((X_1)(X_1))(sqrt(X_0))) - (sqrt(X_1))),27,0.2096918424926877,0.2769120948279287,0.2096918424926877,0.2769120948279287,0.7809445041573901,0.7410293868695159
424,(0.3292472634702471)(1.0623417524271976 + X_0 + X_1 + (-0.03102405673824183)(((X_0)(X_0))(((X_1)(X_1))^(X_1 + (X_1)(X_1)))) + (2)(X_3) + X_4 - (sqrt(X_1))),33,0.2149908961455621,0.264879861564193,0.2149908961455621,0.264879861564193,0.7754088246973393,0.7522820366592439
425,(0.31887846563850797)(X_0 + X_1 + (X_2)(X_2) + (2)(X_3) + X_4 - ((X_0)(X_0))) + (0.00323041170832585)((sqrt(X_2))^(-1)),28,0.1817148483779487,0.1961658185001755,0.1817148483779487,0.1961658185001755,0.8101707928157276,0.8165440107489663
426,(0.3227095106384059)(1.4354034032375627 + X_0 + X_1 + (-0.5815611827980505)(((X_0)(X_0))((X_1)(X_1))) + (2)(X_3) + X_4 - (sqrt(X_1))),27,0.1896424550585871,0.2495652892830723,0.1896424550585871,0.2495652892830723,0.8018891839957136,0.7666043586074326
427,-0.025811942404202853 + (0.31929537326230073)(X_0 + X_1 + (X_2)(X_2) + (2)(X_3) + X_4 - ((X_0)(X_0))),24,0.1811121964736824,0.1998631261980058,0.1811121964736824,0.1998631261980058,0.8108003557502712,0.813086256250976
428,(0.3227095106384056)(1.4354034032375775 + X_0 + X_1 + (-0.5815611827980627)(((X_0)(X_0))((X_1)(X_1))) + (2)(X_3) + X_4 - (sqrt(X_1))),27,0.1896424550585871,0.2495652892830727,0.1896424550585871,0.2495652892830727,0.8018891839957136,0.7666043586074321
429,(0.35461927233461865)(2.510004156908519 + X_0 + X_1 + (1.633781756918552)(X_3) + X_4 + (-1.9595139282129657)(sqrt(X_0)) - (sqrt(X_1))),24,0.2079865464868379,0.2111818862796431,0.2079865464868379,0.2111818862796431,0.7827259490513797,0.8025008528216317
430,(0.33556307968017496)(1.1888627504526332 + X_0 + X_1 + (2)(X_3) + X_4 + (-0.07144193634767593)(((X_0)(X_0))(exp((2)(X_1)))) - (sqrt((X_1)(X_1)))),30,0.1938750147352206,0.2651004495467457,0.1938750147352206,0.2651004495467457,0.7974676221093435,0.7520757408485593
431,(0.3227095106384059)(1.4354034032375627 + X_0 + X_1 + (-0.5815611827980505)(((X_0)(X_0))((X_1)(X_1))) + (2)(X_3) + X_4 - (sqrt(X_1))),27,0.1896424550585871,0.2495652892830723,0.1896424550585871,0.2495652892830723,0.8018891839957136,0.7666043586074326
432,-0.025811942404202853 + (0.31929537326230073)(X_0 + X_1 + (X_2)(X_2) + (2)(X_3) + X_4 - ((X_0)(X_0))),24,0.1811121964736824,0.1998631261980058,0.1811121964736824,0.1998631261980058,0.8108003557502712,0.813086256250976
433,(0.3227095106384059)(1.4354034032375627 + X_0 + X_1 + (-0.5815611827980505)(((X_0)(X_0))((X_1)(X_1))) + (2)(X_3) + X_4 - (sqrt(X_1))),27,0.1896424550585871,0.2495652892830723,0.1896424550585871,0.2495652892830723,0.8018891839957136,0.7666043586074326
434,(0.3516896281348744)(2.8552936642379683 + X_0 + X_1 + (1.6459402329324258)(X_3) + X_4 + (-1.9325179568835193)(sqrt(X_0)) - (sqrt((2)(X_1)))),27,0.2028904533319926,0.2067584762812312,0.2028904533319926,0.2067584762812312,0.7880496049438768,0.8066376645420735
435,(0.31899813859781445)(1.9546649111113874 + X_0 + X_1 + (2)(X_3) + X_4 + (-0.38234542763350343)(((X_0)(X_0) + (2)((X_1)(X_1)))(sqrt(X_0))) - (sqrt(X_1))),33,0.1835083245450078,0.2246526917937942,0.1835083245450078,0.2246526917937942,0.8082972301325692,0.7899028376806573
436,0.539340551932999 + (0.3186391500335506)(X_0 + X_1 + (X_2)(X_2) + (2)(X_3) + X_4 + (-2)(sqrt(X_1)) - ((X_0)(X_0))),29,0.1405837281014385,0.1477710308977177,0.1405837281014385,0.1477710308977177,0.8531385966159502,0.8618032394060455
437,0.539340551932999 + (0.3186391500335506)(X_0 + X_1 + (X_2)(X_2) + (2)(X_3) + X_4 + (-2)(sqrt(X_1)) - ((X_0)(X_0))),29,0.1405837281014385,0.1477710308977177,0.1405837281014385,0.1477710308977177,0.8531385966159502,0.8618032394060455
438,(0.32270951063840586)(1.4354034032375589 + X_0 + X_1 + (-0.5815611827980722)(((X_0)(X_0))((X_1)(X_1))) + (2)(X_3) + X_4 - (sqrt(X_1))),27,0.1896424550585871,0.2495652892830724,0.1896424550585871,0.2495652892830724,0.8018891839957136,0.7666043586074325
439,-0.025811942404202818 + (0.31929537326230073)(X_0 + X_1 + (X_2)(X_2) + (2)(X_3) + X_4 - ((X_0)(X_0))),24,0.1811121964736824,0.1998631261980058,0.1811121964736824,0.1998631261980058,0.8108003557502712,0.813086256250976
440,0.539340551932999 + (0.3186391500335506)(X_0 + X_1 + (X_2)(X_2) + (2)(X_3) + X_4 + (-2)(sqrt(X_1)) - ((X_0)(X_0))),29,0.1405837281014385,0.1477710308977177,0.1405837281014385,0.1477710308977177,0.8531385966159502,0.8618032394060455
441,(0.31708933440249654)(-0.07675027988959303 + X_0 + X_1 + (X_2)(X_2) + (2)(X_3) + X_4 + (-1.0647733954795466)(((X_1)(X_1))(sqrt(X_0)))),27,0.1421600316069621,0.1804219384850295,0.1421600316069621,0.1804219384850295,0.8514919042988041,0.831267825045011
442,-0.025811942404202926 + (0.319295373262301)(X_0 + X_1 + (X_2)(X_2) + (2)(X_3) + X_4 - ((X_0)(X_0))),24,0.1811121964736824,0.1998631261980058,0.1811121964736824,0.1998631261980058,0.8108003557502712,0.813086256250976
443,(0.3187718411841331)(X_0 + X_1 + (X_2)(X_2) + (2)(X_3) + X_4 - ((X_0)(X_0))),23,0.181776359651538,0.1966309400065239,0.181776359651538,0.1966309400065239,0.8101065347960745,0.8161090250479839
444,(0.32270951063840564)(1.4354034032375589 + X_0 + X_1 + (-0.5815611827980653)(((X_0)(X_0))((X_1)(X_1))) + (2)(X_3) + X_4 - (sqrt(X_1))),27,0.1896424550585871,0.2495652892830723,0.1896424550585871,0.2495652892830723,0.8018891839957136,0.7666043586074325
445,0.007730167396263028 + (0.3087320678698168)(X_0 + X_1 + (X_2)(X_2) + (2)(X_3) + X_4 - ((X_1)(X_1))),24,0.1810977140656778,0.2067725366512828,0.1810977140656778,0.2067725366512828,0.8108154848608209,0.8066245151610203
446,-0.025811942404202853 + (0.31929537326230073)(X_0 + X_1 + (X_2)(X_2) + (2)(X_3) + X_4 - ((X_0)(X_0))),24,0.1811121964736824,0.1998631261980058,0.1811121964736824,0.1998631261980058,0.8108003557502712,0.813086256250976
447,-0.025811942404202853 + (0.31929537326230073)(X_0 + X_1 + (X_2)(X_2) + (2)(X_3) + X_4 - ((X_0)(X_0))),24,0.1811121964736824,0.1998631261980058,0.1811121964736824,0.1998631261980058,0.8108003557502712,0.813086256250976
448,-0.358162534547527 + (0.3509612255755962)(X_0 + X_1 + (X_2)(X_2) + (1.5924342611653768)(X_3) + X_4),19,0.2218173921888198,0.1899864192538068,0.2218173921888198,0.1899864192538068,0.7682774958967181,0.822323038973084
449,(0.3189886913281571)(3.001652637396689 + X_0 + X_1 + (2)(X_3) + X_4 + (-2.0981649886213405)(sqrt(X_0)) - (sqrt((2)(X_1)))),27,0.2103670195183723,0.228568665945216,0.2103670195183723,0.228568665945216,0.7802391775391263,0.7862405844026739
450,(-3.9406882607748754e-07)(136549.74814480322 + X_0 + X_1 + (-1384587.9172427843)(1 + X_3) + X_4 + (1416518.2282935511)(sqrt(X_0)) - ((X_1)(X_1))),24,0.6356476951896779,0.710540781486057,0.6356476951896779,0.710540781486057,0.3359678688700416,0.335496046317516
451,(0.35461927233461865)(2.510004156908518 + X_0 + X_1 + (1.6337817569185522)(X_3) + X_4 + (-1.9595139282129643)(sqrt(X_0)) - (sqrt(X_1))),24,0.2079865464868379,0.2111818862796431,0.2079865464868379,0.2111818862796431,0.7827259490513797,0.8025008528216317
452,-0.025811942404202853 + (0.31929537326230073)(X_0 + X_1 + (X_2)(X_2) + (2)(X_3) + X_4 - ((X_0)(X_0))),24,0.1811121964736824,0.1998631261980058,0.1811121964736824,0.1998631261980058,0.8108003557502712,0.813086256250976
453,0.539340551932999 + (0.3186391500335506)(X_0 + X_1 + (X_2)(X_2) + (2)(X_3) + X_4 + (-2)(sqrt(X_1)) - ((X_0)(X_0))),29,0.1405837281014385,0.1477710308977177,0.1405837281014385,0.1477710308977177,0.8531385966159502,0.8618032394060455
454,(0.32999170381717907)(-0.9619904898973595 + X_0 + X_1 + (1.7479289117767673)(X_3) + X_4 + (2.260902848804593)(sqrt(X_2)) - ((X_1)(X_1))),24,0.1864901906696993,0.2218681872564167,0.1864901906696993,0.2218681872564167,0.805182210708276,0.7925069306790413
455,-0.029539012827033483 + (0.34165266858396204)(X_0 + X_1 + (X_2)(X_2) + (1.7240258343306114)(X_3) + X_4 - ((X_0)(X_0))),24,0.1763362962968026,0.195253591225172,0.1763362962968026,0.195253591225172,0.8157895206548511,0.8173971336754632
456,-0.02581194240420285 + (0.31929537326230073)(X_0 + X_1 + (X_2)(X_2) + (2)(X_3) + X_4 - ((X_0)(X_0))),24,0.1811121964736824,0.1998631261980058,0.1811121964736824,0.1998631261980058,0.8108003557502712,0.813086256250976
457,(0.3227095106384056)(1.4354034032375775 + X_0 + X_1 + (-0.5815611827980627)(((X_0)(X_0))((X_1)(X_1))) + (2)(X_3) + X_4 - (sqrt(X_1))),27,0.1896424550585871,0.2495652892830727,0.1896424550585871,0.2495652892830727,0.8018891839957136,0.7666043586074321
458,-0.025811942404202853 + (0.31929537326230073)(X_0 + X_1 + (X_2)(X_2) + (2)(X_3) + X_4 - ((X_0)(X_0))),24,0.1811121964736824,0.1998631261980058,0.1811121964736824,0.1998631261980058,0.8108003557502712,0.813086256250976
459,0.539340551932999 + (0.3186391500335506)(X_0 + X_1 + (X_2)(X_2) + (2)(X_3) + X_4 + (-2)(sqrt(X_1)) - ((X_0)(X_0))),29,0.1405837281014385,0.1477710308977177,0.1405837281014385,0.1477710308977177,0.8531385966159502,0.8618032394060455
460,-0.025811942404202853 + (0.31929537326230073)(X_0 + X_1 + (X_2)(X_2) + (2)(X_3) + X_4 - ((X_0)(X_0))),24,0.1811121964736824,0.1998631261980058,0.1811121964736824,0.1998631261980058,0.8108003557502712,0.813086256250976
461,-0.025811942404202853 + (0.31929537326230073)(X_0 + X_1 + (X_2)(X_2) + (2)(X_3) + X_4 - ((X_0)(X_0))),24,0.1811121964736824,0.1998631261980058,0.1811121964736824,0.1998631261980058,0.8108003557502712,0.813086256250976
462,(0.31877184118413293)(X_0 + X_1 + (X_2)(X_2) + (2)(X_3) + X_4 - ((X_0)(X_0))),23,0.181776359651538,0.1966309400065239,0.181776359651538,0.1966309400065239,0.8101065347960745,0.8161090250479839
463,0.539340551932999 + (0.3186391500335506)(X_0 + X_1 + (X_2)(X_2) + (2)(X_3) + X_4 + (-2)(sqrt(X_1)) - ((X_0)(X_0))),29,0.1405837281014385,0.1477710308977177,0.1405837281014385,0.1477710308977177,0.8531385966159502,0.8618032394060455
464,-0.025811942404202853 + (0.31929537326230073)(X_0 + X_1 + (X_2)(X_2) + (2)(X_3) + X_4 - ((X_0)(X_0))),24,0.1811121964736824,0.1998631261980058,0.1811121964736824,0.1998631261980058,0.8108003557502712,0.813086256250976
465,-0.025811942404202853 + (0.31929537326230073)(X_0 + X_1 + (X_2)(X_2) + (2)(X_3) + X_4 - ((X_0)(X_0))),24,0.1811121964736824,0.1998631261980058,0.1811121964736824,0.1998631261980058,0.8108003557502712,0.813086256250976
466,0.007730167396263532 + (0.3087320678698178)(X_0 + X_1 + (X_2)(X_2) + (2)(X_3) + X_4 - ((X_1)(X_1))),24,0.1810977140656778,0.2067725366512827,0.1810977140656778,0.2067725366512827,0.810815484860821,0.8066245151610205
467,(0.32992373097320565)(2.742281484876051 + X_0 + X_1 + (2)(X_3) + X_4 - (sqrt((2)(X_1)))) - (sqrt((X_0)((3.156345592305896 - (X_1))^(-1)))),35,0.2106416330137233,0.2383326955365672,0.2106416330137233,0.2383326955365672,0.7799523013560852,0.7771091785264962
468,-0.025811942404202814 + (0.31929537326230073)(X_0 + X_1 + (X_2)(X_2) + (2)(X_3) + X_4 - ((X_0)(X_0))),24,0.1811121964736824,0.1998631261980058,0.1811121964736824,0.1998631261980058,0.8108003557502712,0.813086256250976
469,-0.025811942404202853 + (0.31929537326230073)(X_0 + X_1 + (X_2)(X_2) + (2)(X_3) + X_4 - ((X_0)(X_0))),24,0.1811121964736824,0.1998631261980058,0.1811121964736824,0.1998631261980058,0.8108003557502712,0.813086256250976
470,(0.3229774413286225)(1.927085097167732 + X_0 + X_1 + (2)(X_3) + X_4 + (-0.5424730797419297)(((X_0)(X_0) + (X_1)(X_1))(sqrt(X_0))) - (sqrt(X_1))),31,0.1840202445295607,0.2116702131422368,0.1840202445295607,0.2116702131422368,0.8077624506928212,0.8020441652685201
471,-0.02953901282703347 + (0.341652668583962)(X_0 + X_1 + (X_2)(X_2) + (1.7240258343306119)(X_3) + X_4 - ((X_0)(X_0))),24,0.1763362962968026,0.1952535912251721,0.1763362962968026,0.1952535912251721,0.8157895206548511,0.8173971336754632
472,(0.32987691230768357)(2.7467715887242714 + X_0 + X_1 + (2.7688525453298074)(X_3) + X_4 + (-2.0586211579719422)(sqrt(X_0)) - ((X_1)(X_1) + X_3)),24,0.1892319186749953,0.2243061528713875,0.1892319186749953,0.2243061528713875,0.8023180526154945,0.7902269239119395
473,-0.025811942404202853 + (0.31929537326230073)(X_0 + X_1 + (X_2)(X_2) + (2)(X_3) + X_4 - ((X_0)(X_0))),24,0.1811121964736824,0.1998631261980058,0.1811121964736824,0.1998631261980058,0.8108003557502712,0.813086256250976
474,0.539340551932999 + (0.3186391500335506)(X_0 + X_1 + (X_2)(X_2) + (2)(X_3) + X_4 + (-2)(sqrt(X_1)) - ((X_0)(X_0))),29,0.1405837281014385,0.1477710308977177,0.1405837281014385,0.1477710308977177,0.8531385966159502,0.8618032394060455
475,0.539340551932999 + (0.3186391500335506)(X_0 + X_1 + (X_2)(X_2) + (2)(X_3) + X_4 + (-2)(sqrt(X_1)) - ((X_0)(X_0))),29,0.1405837281014385,0.1477710308977177,0.1405837281014385,0.1477710308977177,0.8531385966159502,0.8618032394060455
476,(0.32999170381717907)(-2.70991940167412 + X_0 + X_1 + (1.7479289117767631)(1 + X_3) + X_4 + (2.26090284880459)(sqrt(X_2)) - ((X_1)(X_1))),24,0.1864901906696993,0.2218681872564168,0.1864901906696993,0.2218681872564168,0.805182210708276,0.7925069306790412
477,-0.025811942404202856 + (0.31929537326230073)(X_0 + X_1 + (X_2)(X_2) + (2)(X_3) + X_4 - ((X_0)(X_0))),24,0.1811121964736824,0.1998631261980057,0.1811121964736824,0.1998631261980057,0.8108003557502712,0.8130862562509761
478,(0.3207096019437504)(2.6470310198607288 + X_0 + X_1 + (2)(X_3) + X_4 + (-2.117036789833295)(sqrt(X_0)) - (sqrt((X_1)(X_1)))),26,0.2006971210922407,0.2250748194772472,0.2006971210922407,0.2250748194772472,0.7903408790135544,0.7895080601788977
479,-0.025811942404202853 + (0.31929537326230073)(X_0 + X_1 + (X_2)(X_2) + (2)(X_3) + X_4 - ((X_0)(X_0))),24,0.1811121964736824,0.1998631261980058,0.1811121964736824,0.1998631261980058,0.8108003557502712,0.813086256250976
480,(-0.05381609249380048)(0.4796315638486333 + (-5.933072818621459)(X_0 + X_1 + (X_2)(X_2) + (2)(X_3) + X_4 - ((X_0)(X_0)))),24,0.1811121964762249,0.1998631818949635,0.1811121964762249,0.1998631818949635,0.8108003557476152,0.813086204162694
481,0.539340551932999 + (0.3186391500335506)(X_0 + X_1 + (X_2)(X_2) + (2)(X_3) + X_4 + (-2)(sqrt(X_1)) - ((X_0)(X_0))),29,0.1405837281014385,0.1477710308977177,0.1405837281014385,0.1477710308977177,0.8531385966159502,0.8618032394060455
482,-0.025811942404202853 + (0.31929537326230073)(X_0 + X_1 + (X_2)(X_2) + (2)(X_3) + X_4 - ((X_0)(X_0))),24,0.1811121964736824,0.1998631261980058,0.1811121964736824,0.1998631261980058,0.8108003557502712,0.813086256250976
483,-0.025811942404202853 + (0.31929537326230073)(X_0 + X_1 + (X_2)(X_2) + (2)(X_3) + X_4 - ((X_0)(X_0))),24,0.1811121964736824,0.1998631261980058,0.1811121964736824,0.1998631261980058,0.8108003557502712,0.813086256250976
484,-0.025811942404202853 + (0.31929537326230073)(X_0 + X_1 + (X_2)(X_2) + (2)(X_3) + X_4 - ((X_0)(X_0))),24,0.1811121964736824,0.1998631261980058,0.1811121964736824,0.1998631261980058,0.8108003557502712,0.813086256250976
485,(0.257599363703626)((2)(X_0) + X_1 + X_3 + X_4 - (sqrt(X_1))),18,0.4629706735178555,0.4476316221036572,0.4629706735178555,0.4476316221036572,0.5163556710529766,0.5813709917408579
486,(0.32987691230768346)(0.9779190433944627 + X_0 + X_1 + (1.7688525453298078)(1 + X_3) + X_4 + (-2.0586211579719422)(sqrt(X_0)) - ((X_1)(X_1))),24,0.1892319186749953,0.2243061528713875,0.1892319186749953,0.2243061528713875,0.8023180526154945,0.7902269239119395
487,0.539340551932999 + (0.3186391500335506)(X_0 + X_1 + (X_2)(X_2) + (2)(X_3) + X_4 + (-2)(sqrt(X_1)) - ((X_0)(X_0))),29,0.1405837281014385,0.1477710308977177,0.1405837281014385,0.1477710308977177,0.8531385966159502,0.8618032394060455
488,(0.31657219059195413)(0.9957028106964733 + X_0 + X_1 + (2)(X_3) + X_4 + (-1.1398719597174227)(((X_1)(X_1))(sqrt(X_0)))),22,0.1985806920181419,0.2679851742807768,0.1985806920181419,0.2679851742807768,0.7925518158565487,0.7493779210456759
489,-0.025811942404202853 + (0.31929537326230073)(X_0 + X_1 + (X_2)(X_2) + (2)(X_3) + X_4 - ((X_0)(X_0))),24,0.1811121964736824,0.1998631261980058,0.1811121964736824,0.1998631261980058,0.8108003557502712,0.813086256250976
490,0.00773016739626306 + (0.3087320678698168)(X_0 + X_1 + (X_2)(X_2) + (2)(X_3) + X_4 - ((X_1)(X_1))),24,0.1810977140656778,0.2067725366512829,0.1810977140656778,0.2067725366512829,0.8108154848608209,0.8066245151610203
491,0.007730167396263532 + (0.3087320678698178)(X_0 + X_1 + (X_2)(X_2) + (2)(X_3) + X_4 - ((X_1)(X_1))),24,0.1810977140656778,0.2067725366512827,0.1810977140656778,0.2067725366512827,0.810815484860821,0.8066245151610205
492,0.539340551932999 + (0.3186391500335506)(X_0 + X_1 + (X_2)(X_2) + (2)(X_3) + X_4 + (-2)(sqrt(X_1)) - ((X_0)(X_0))),29,0.1405837281014385,0.1477710308977177,0.1405837281014385,0.1477710308977177,0.8531385966159502,0.8618032394060455
493,(0.35321998099216356)(-2.288954799760225 + X_0 + X_1 + (1.619769125984082)(1 + X_3) + X_4 + (2.1708805029601557)(sqrt(X_2)) - (sqrt((2)(X_1)))),27,0.1972235334804758,0.1918943508147787,0.1972235334804758,0.1918943508147787,0.7939695774292996,0.8205387246892932
494,0.539340551932999 + (0.3186391500335506)(X_0 + X_1 + (X_2)(X_2) + (2)(X_3) + X_4 + (-2)(sqrt(X_1)) - ((X_0)(X_0))),29,0.1405837281014385,0.1477710308977177,0.1405837281014385,0.1477710308977177,0.8531385966159502,0.8618032394060455
495,-0.025811942404202853 + (0.31929537326230073)(X_0 + X_1 + (X_2)(X_2) + (2)(X_3) + X_4 - ((X_0)(X_0))),24,0.1811121964736824,0.1998631261980058,0.1811121964736824,0.1998631261980058,0.8108003557502712,0.813086256250976
496,(0.3297673095092416)(1.698953409763435 + X_0 + X_1 + (1.0288088087780143)(1 + X_3) + X_4 + sin(X_3) + (-2.0527937890206065)(sqrt(X_0)) - ((X_1)(X_1))),28,0.1911598267098531,0.2275145660830708,0.1911598267098531,0.2275145660830708,0.8003040550965902,0.7872263878135726
497,-0.025811942404202853 + (0.31929537326230073)(X_0 + X_1 + (X_2)(X_2) + (2)(X_3) + X_4 - ((X_0)(X_0))),24,0.1811121964736824,0.1998631261980058,0.1811121964736824,0.1998631261980058,0.8108003557502712,0.813086256250976
498,-0.025811942404202853 + (0.31929537326230073)(X_0 + X_1 + (X_2)(X_2) + (2)(X_3) + X_4 - ((X_0)(X_0))),24,0.1811121964736824,0.1998631261980058,0.1811121964736824,0.1998631261980058,0.8108003557502712,0.813086256250976
499,(0.3227095106384056)(1.4354034032375775 + X_0 + X_1 + (-0.5815611827980627)(((X_0)(X_0))((X_1)(X_1))) + (2)(X_3) + X_4 - (sqrt(X_1))),27,0.1896424550585871,0.2495652892830727,0.1896424550585871,0.2495652892830727,0.8018891839957136,0.7666043586074321
