Id,Expression,size,MSE_train,MSE_test,nll_train,nll_test,R2_train,R2_test
0,2934.4785,1,524070.6913493205,534483.0759682392,524070.6913493205,534483.0759682392,-6.381048134329603e-09,-8.105221193543954e-06
1,x2 + 2805.5112,3,514172.2605593047,527600.3411170905,514172.2605593047,527600.3411170905,0.018887580764290646,0.012869366389612003
2,(x0 * -1125.8333) + 3302.5688,5,245138.7871332431,245354.37860946055,245138.7871332431,245354.37860946055,0.5322409882027009,0.5409464241379462
3,(x2 + (x0 * -1125.8333)) + 3199.2244,7,241903.53849218524,244325.4357592831,241903.53849218524,244325.4357592831,0.5384142940469419,0.5428715574793954
4,(powabs((x2; x7) + (x0 * -1125.8333)) + 3199.1416,9,236901.05062315057,237347.0025101984,236901.05062315057,237347.0025101984,0.547959738933539,0.5559280790506126
5,((powabs((x2; x7) * x3) + 3143.739) + (x0 * -1125.8333),11,232576.0803480898,232713.89461444176,232576.0803480898,232713.89461444176,0.5562123857120167,0.5645965395808694
