Id,Expression,size,MSE_train,MSE_test,nll_train,nll_test,R2_train,R2_test
0,-0.055824302195518836 + sin((1.4100847735618518)(0.8471898310694382 + X_0 + X_1 + sqrt(X_0))) - (sin(sin(X_1))),21,0.2121901732339376,0.2737136489927694,0.2121901732339376,0.2737136489927694,0.7802691710408652,0.7430081808247553
1,sin(X_4) - (sin(sin(X_1))),8,0.9781027994937198,0.9909455390484362,0.9781027994937198,0.9909455390484362,-0.0128618854703459,0.0695937242414296
2,sin((3.9485782256127915)(-3.8176193505172145 + X_0 + X_1 + sqrt(X_0))) - (sin(sin(X_1))),20,1.097022953677772,1.1846725162447524,1.097022953677772,1.1846725162447524,-0.1360081351790982,-0.1122980026644422
3,sin((-2.6519284434472747)(-0.36859443643820994 + X_0 + X_1 + sqrt(X_0))) - (sin(sin(X_1))),22,0.8205122303814792,1.0105562112968558,0.8205122303814792,1.0105562112968558,0.1503290194590635,0.0511811154624498
4,(0.21203373905469824)(-1.1224521738552122 + X_1 + sqrt(sqrt(X_6))) - (sin(sin(-1.1224521738552122 + X_1 + sqrt(sqrt(X_6))))),20,0.6677689354194689,0.7436196032630938,0.6677689354194689,0.7436196032630938,0.308500391433721,0.3018099195265027
5,sin((2.5065363233174422)(1.1472731009801151 + X_0 + X_1 + (-1.0083218521312896)(sqrt(X_0)))) - (sin(X_1)),19,0.7470068964427065,0.7081859562816032,0.7470068964427065,0.7081859562816032,0.2264465309965927,0.3350788391850442
6,sin((1.417845688797734)(0.8147974738159052 + X_0 + X_1 + sqrt(X_0))) - (sin(sin(X_1))),20,0.2146678745605507,0.2742786342788239,0.2146678745605507,0.2742786342788239,0.7777034190170445,0.7424777118583565
7,sin((-4.080565005684508)(-4.845864320855663 + X_0 + X_1 + (-0.1454517247541063)(sqrt(X_0)))) + (-0.1454517247541063)(sqrt(X_0)),20,1.339444216594932,1.4763337220931048,1.339444216594932,1.4763337220931048,-0.3870443836833166,-0.3861409189736458
8,sin((2.0063914331110997)(-5.8713294090120405 + X_1 + sqrt(X_1))),11,0.5418086874678987,0.6045411703337259,0.5418086874678987,0.6045411703337259,0.4389369204985363,0.4323917141066653
9,sin((0.10925024366224048)(3.7385301769926773 + X_0 + X_1 + (-4.601391512157044)(sqrt(X_0)))) - (sin(sin(X_1))),20,0.6423158321090483,0.7040740530267869,0.6423158321090483,0.7040740530267869,0.3348580280987101,0.3389395363100012
10,sin((2.7807421333274043)(-0.7033322812840341 + X_0 + X_1 + (sqrt(X_0))((X_0 + sqrt(X_0))^(-1)))) - (sin(sin(X_1))),27,0.8257644303787801,0.8711886654006522,0.8257644303787801,0.8711886654006522,0.1448901707052443,0.1820343603980025
11,X_0 + X_1 + (1.631468530718173)(X_3 + sqrt(X_0)) + (-0.8963353028148877)(X_0 + X_1 + (1.631468530718173)(X_3 + sqrt(X_0)) - (1.6264868609733258)) - (1.6264868609733258 + sin(sin(X_1))),21,0.6365484677990613,0.6646681075680897,0.6365484677990613,0.6646681075680897,0.3408303486893796,0.3759380771099107
12,sin((-3.7582391681935774)(-6.321266394563034 + X_0 + X_1 + (2.3659835498768467)(sqrt(X_0)))) - (sin(sin(X_1))),22,0.9198807631547178,1.0414432663788264,0.9198807631547178,1.0414432663788264,0.0474292020643885,0.022181025391343
13,sin((-3.952886124712153)(0.16034387981493245 + X_0 + X_1 + sqrt(X_0))) - (sin(X_1)),21,1.1485101125796182,1.2332407446078633,1.1485101125796182,1.2332407446078633,-0.1893250062378748,-0.1578990803128728
14,sin(1.519807595385997 + X_0 + X_1 + sqrt(X_0)) - (sin(sin(X_1))),14,0.6536634142806218,0.6640039854950844,0.6536634142806218,0.6640039854950844,0.3231071840363284,0.3765616263568119
15,(-0.0025746845511723116)(X_0 + X_1 + sqrt(X_0) - (-2.986185775963222)) - (sin(sin(-2.986185775963222 - (X_1)))),18,0.7022566785702103,0.7360765327747207,0.7022566785702103,0.7360765327747207,0.2727870486528212,0.3088921655676028
16,sin((0.10925024366224048)(3.7385301769926773 + X_0 + X_1 + (-4.601391512157044)(sqrt(X_0)))) - (sin(sin(X_1))),20,0.6423158321090483,0.7040740530267869,0.6423158321090483,0.7040740530267869,0.3348580280987101,0.3389395363100012
17,sin((2.6518947496731053)(-3.922684270730971 + X_0 + X_1 + sqrt(X_0))) - (sin(sin(X_1))),20,0.8205122293179007,1.010543028408644,0.8205122293179007,1.010543028408644,0.1503290205604388,0.0511934929760884
18,0.26786899542832465 + sin((-2.5544358938192393)(X_0 + (2.059044282571369)(sqrt(X_0)))) - (sin(sin(X_1))),19,1.0477272625102825,1.1360159905381295,1.0477272625102825,1.1360159905381295,-0.0849606105964961,-0.066614021971092
19,sin((3.9486088339313383)(-5.408844625116797 + X_0 + X_1 + sqrt(X_0))) - (sin(sin(X_1))),20,1.0970229604576285,1.1846740516344734,1.0970229604576285,1.1846740516344734,-0.1360081421998922,-0.1122994442534861
20,(0.19458393342856706)(X_0) - (sin(sin(X_1))),9,0.6722398059825595,0.7057486577580705,0.6722398059825595,0.7057486577580705,0.3038706384153575,0.3373672372380487
21,X_1 + sin((-0.8781011703635325)(-0.7687698281632117 + X_0 + X_1 + (0.6048958505823211)(sqrt(X_0)))) - (sin(sin(X_1))),23,0.4094249406393774,0.4538397748626277,0.4094249406393774,0.4538397748626277,0.5760252219406444,0.5738863962932617
22,sin((-4.337647546497549)(-0.3349148872874203 + X_0 + X_1)) - (sin(sin(X_1))),17,1.127561683957942,1.2631631540698025,1.127561683957942,1.2631631540698025,-0.1676321280226458,-0.1859934573014805
23,(sin(exp(-2.430831347226418)))(sin((1.3582147485605813)(0.5252137344998592 + X_0 + X_1 + (sqrt(X_0))^(-2.430831347226418)))),16,0.9308331416866756,1.024754950838716,0.9308331416866756,1.024754950838716,0.0360876060930799,0.0378498113119777
24,sin((-2.651923777338493)(-0.36860979842530217 + X_0 + X_1 + sqrt(X_0))) - (sin(sin(X_1))),22,0.8205122278591289,1.0105543849909542,0.8205122278591289,1.0105543849909542,0.1503290220710513,0.0511828301949001
25,sin(1.9393506939465024 + X_0 + X_1 + sqrt(X_0)),8,0.3394280573144876,0.3734400797672068,0.3394280573144876,0.3734400797672068,0.6485096021695866,0.6493742792678263
26,sin((-2.4196125145802236)(X_1 + ((-1)(-0.983942834451866))(X_8) + ((-0.983942834451866)(-0.983942834451866))((X_8)(X_8)) + sin(exp(((-0.983942834451866)(-0.983942834451866))((X_8)(X_8)))))) - (sin(sin(X_1))),30,1.2015455324937996,1.2951985243846276,1.2015455324937996,1.2951985243846276,-0.2442451592512333,-0.2160717092463702
27,sin((4.647126963115735)(X_0 + X_1 + sqrt(X_0) - (3.2660922060266704))) - (sin((sin(3.2660922060266704))(X_7))),19,1.4826509719070309,1.5743290839888204,1.4826509719070309,1.5743290839888204,-0.5353403135923016,-0.4781495068427208
28,(0.10001469877949991)(X_1) + sin((1.795152515811642)(1.8911874001037652 + X_0 + (2)(X_1) + sqrt(X_0))) - (sin(sin(X_1))),23,0.8426364183736355,0.9978432224390728,0.8426364183736355,0.9978432224390728,0.1274185986159427,0.0631174370369819
29,sin((1.4800753638727064)(1.7152149048206151 + X_0 + X_1 + (0.651883844207185)(sin(log(sqrt(X_0)))))) - (sin(X_1)),21,0.2218050657761386,0.2747143571306789,0.2218050657761386,0.2747143571306789,0.7703125916364006,0.7420686083709473
30,sin((-3.948586261413971)(1.7517525993801513 + X_0 + X_1 + sqrt(X_0))) - (sin(sin(X_1))),22,1.0970229572115993,1.1846721679669028,1.0970229572115993,1.1846721679669028,-0.1360081388385079,-0.1122976756637301
31,sin((0.10925024366224048)(3.7385301769926773 + X_0 + X_1 + (-4.601391512157044)(sqrt(X_0)))) - (sin(sin(X_1))),20,0.6423158321090483,0.7040740530267869,0.6423158321090483,0.7040740530267869,0.3348580280987101,0.3389395363100012
32,sin((-1.2218065151128679)(-5.1306340681794556 + X_1 + sqrt(X_0))) - (sin(sin(X_1))),19,0.9368676110226284,0.837646040000991,0.9368676110226284,0.837646040000991,0.0298386882977419,0.2135277855636597
33,sin((-0.08652668961028444)(-37.50278763875741 + X_0 + X_1 + sqrt(X_0))) - (sin(sin(X_1))),22,0.6786110626305162,0.7157139308035437,0.6786110626305162,0.7157139308035437,0.2972729648123322,0.3280107668612212
34,sin((-0.08652668961028444)(-37.50278763875741 + X_0 + X_1 + sqrt(X_0))) - (sin(sin(X_1))),22,0.6786110626305162,0.7157139308035437,0.6786110626305162,0.7157139308035437,0.2972729648123322,0.3280107668612212
35,sin((2.6542836341233356)(-1.5558661685732147 + X_0 + X_1 + sqrt(X_0))) - (sin(X_1)),19,0.8491831315257834,1.0352366844970096,0.8491831315257834,1.0352366844970096,0.1206392332666662,0.0280084321521595
36,sin((1.196690641791906)(-3.0570841055490114 + X_0 + X_1 + ((2)^(-1))(((X_0)^(-1))(sqrt(X_0))))) - (sin(sin(X_1))),20,0.4237693033476973,0.5010142093595645,0.4237693033476973,0.5010142093595645,0.5611710999954462,0.5295939622676151
37,sin((-2.633226838261383)(-3.6817260360889397 + X_0 + X_1)) - (sin(sin(X_1))),17,0.961552548160692,0.9657708652110516,0.961552548160692,0.9657708652110516,0.0042765163201974,0.0932304162749489
38,sin((-1.906213186964679)(X_0 + sqrt(X_0) - (X_1))) - (sin(sin(X_1))),21,1.1387891871727382,1.1655356413267763,1.1387891871727382,1.1655356413267763,-0.1792586258520652,-0.0943302457893378
39,sin((-1.4178489961889014)(3.0305416473355358 + X_0 + X_1 + sqrt(X_0))) - (sin(sin(X_1))),22,0.2146678744389296,0.2742783683778817,0.2146678744389296,0.2742783683778817,0.7777034191429877,0.7424779615147661
40,sin((-2.5328308227848213)(6.310646422059126 + X_0 + X_1 + (1.7594716380265756)(sqrt(X_0)))) - (sin(X_1)),21,0.7237850266269906,0.967920335760754,0.7237850266269906,0.967920335760754,0.2504936422591998,0.0912122620876646
41,sin((-2.0649757773262682)(exp(-1.77818807819607) - (-1.77818807819607) + X_0 + sqrt(X_0))) - (sin(sin(exp(-1.77818807819607)))),15,0.5440135385273148,0.5824096880728075,0.5440135385273148,0.5824096880728075,0.4366537150907023,0.4531711305084696
42,sin((2.8628046256148276)(0.8453547862400649 + X_1)) - (sin(sin(X_1))),12,0.4304567672973988,0.5139159928770881,0.4304567672973988,0.5139159928770881,0.5542459819520098,0.5174803799564124
43,sin((0.0666581975195871)(-0.40068038528841693 + X_0 + X_1 + sin(X_0))) - (sin(sin(X_1))),19,0.6776147641718716,0.7185950204210197,0.6776147641718716,0.7185950204210197,0.2983046689806837,0.3253056899871717
44,sin((-1.6655170754434192)(X_1 + (X_0)(sin(sin(X_0))) + sqrt((X_0)(sin(sin(X_0)))) - (4.25753317730437))) - (sin(4.25753317730437 - (X_1))),28,1.2057733030505584,1.1783064221209931,1.2057733030505584,1.1783064221209931,-0.2486231731570019,-0.1063208286509209
45,sin((-3.952891312778154)(-4.608211046052642 + X_0 + X_1 + sqrt(X_0))) - (sin(X_1)),21,1.148510110268499,1.2332405925633247,1.148510110268499,1.2332405925633247,-0.1893250038446248,-0.1578989375571036
46,sin((-4.912047903253967)(-0.5643249410680294 + X_0 + X_1 + sqrt(X_0))) - (sin(sin(X_1))),22,1.1620200570476034,1.2447463856143617,1.1620200570476034,1.2447463856143617,-0.2033150570111943,-0.1687018138408433
47,sin((0.10925024366224048)(3.7385301769926773 + X_0 + X_1 + (-4.601391512157044)(sqrt(X_0)))) - (sin(sin(X_1))),20,0.6423158321090483,0.7040740530267869,0.6423158321090483,0.7040740530267869,0.3348580280987101,0.3389395363100012
48,sin((0.10925024366224048)(3.7385301769926773 + X_0 + X_1 + (-4.601391512157044)(sqrt(X_0)))) - (sin(sin(X_1))),20,0.6423158321090483,0.7040740530267869,0.6423158321090483,0.7040740530267869,0.3348580280987101,0.3389395363100012
49,sin((0.0635677637659959)(X_0 + sqrt(X_0))) - (sin(sin(X_1))),16,0.7026538884048641,0.7220358830727137,0.7026538884048641,0.7220358830727137,0.2723757230720509,0.3220750379694699
50,sin((4.337719577890359)(-5.404625299200956 + X_0 + X_1)) - (sin(sin(X_1))),15,1.1275616799812125,1.2631670398934167,1.1275616799812125,1.2631670398934167,-0.1676321239045941,-0.1859971057307179
51,sin((2.6519270591512027)(-6.29182497892173 + X_0 + X_1 + sqrt(X_0))) - (sin(sin(X_1))),20,0.8205122295535682,1.01055566948273,0.8205122295535682,1.01055566948273,0.1503290203163962,0.0511816241758382
52,sin((-1.3506570545529641)(-5.208793789003173 + X_1 + (X_0)(sqrt(X_0)))) - (sin(sin(X_1))),19,0.3127221518710342,0.3499930998415119,0.3127221518710342,0.3499930998415119,0.6761645621131122,0.6713888263956129
53,sin((-4.376547410935708)(1.8766784277756008 + X_0 + X_1 + (-1.2172725057624196)(sqrt(X_0) - (X_2 + X_3)))) - (sin(log(log(sqrt(X_0) - (X_2 + X_3))))),38,1.7135702565738773,1.7756352058614262,1.7135702565738773,1.7756352058614262,-0.7744658351429916,-0.667157350118089
54,(-0.08155091433881025)((-0.7902717325526237 + X_1)(-0.7902717325526237 + X_1)) - (sin(sin(X_1))),13,0.6716600507033587,0.7429819049602305,0.6716600507033587,0.7429819049602305,0.3044709966041968,0.3024086592953847
55,sin((-3.9485787692704966)(3.3430162339878597 + X_0 + X_1 + sqrt(X_0))) - (sin(sin(X_1))),22,1.0970229539177192,1.1846724912511395,1.0970229539177192,1.1846724912511395,-0.1360081354275724,-0.1122979791977498
56,-0.5156564198985205 + sin((1.2892753626537834)(4.711736915946767 + X_0 + sqrt(X_0) + ((-1)(1.9354040523496308))((X_0 + sqrt(X_0) - (1.9354040523496308))^(-1)))),23,0.7519043199923524,0.7579020468100839,0.7519043199923524,0.7579020468100839,0.2213750664705644,0.2884000250513255
57,sin((-0.08652668961028444)(-37.50278763875741 + X_0 + X_1 + sqrt(X_0))) - (sin(sin(X_1))),22,0.6786110626305162,0.7157139308035437,0.6786110626305162,0.7157139308035437,0.2972729648123322,0.3280107668612212
58,sin((3.585480637606925)(3.0259828536526054 + (2)(X_0) + X_1)) - (sin(sin(X_1))),15,1.109656295128041,1.216213600030137,1.109656295128041,1.216213600030137,-0.1490904308720799,-0.1419121652412558
59,sin((0.10925024366224048)(3.7385301769926773 + X_0 + X_1 + (-4.601391512157044)(sqrt(X_0)))) - (sin(sin(X_1))),20,0.6423158321090483,0.7040740530267869,0.6423158321090483,0.7040740530267869,0.3348580280987101,0.3389395363100012
60,sin((-2.5065521677474236)(-2.6128140468592855 + X_0 + X_1 + (-1.0083097372913266)(sqrt(X_0)))) - (sin(X_1)),19,0.7470069012254253,0.7081887798103663,0.7470069012254253,0.7081887798103663,0.2264465260439091,0.3350761881524925
61,sin((2.651923306212896)(3.18532927103196 + X_0 + X_1 + sqrt(X_0))) - (sin(sin(X_1))),20,0.8205122276468725,1.0105542005980035,0.8205122276468725,1.0105542005980035,0.1503290222908507,0.0511830033228387
62,(0.17614469600765326)((0.18898969163477514)(X_0) + X_1 - (0.18898969163477514)) - (sin(sin(X_1))),13,0.6662504200584024,0.7133512424300161,0.6662504200584024,0.7133512424300161,0.3100728706583195,0.3302291128790083
63,sin((-2.6519296747443626)(2.0006976743601714 + X_0 + X_1 + sqrt(X_0))) - (sin(sin(X_1))),22,0.8205122311743464,1.0105566932485948,0.8205122311743464,1.0105566932485948,0.1503290186380201,0.05118066295431
64,sin((-1.4178440825552496)(-5.832461623222476 + X_0 + X_1 + sqrt(X_0))) - (sin(sin(X_1))),22,0.2146678746463182,0.2742787620943303,0.2146678746463182,0.2742787620943303,0.7777034189282291,0.742477591851409
65,sin((-2.267022693690988)(-4.756411464093769 + X_0 + X_1 + X_9 + sqrt(X_0))) - (sin(sin(X_1))),25,1.107177790120294,1.3005407577926111,1.107177790120294,1.3005407577926111,-0.1465238466065062,-0.2210875726752805
66,-0.031244844166796022 - (sin(sin(X_1))),7,0.7092855345899438,0.7379313254119206,0.7092855345899438,0.7379313254119206,0.2655084064032214,0.307150686705365
67,sin((3.9443790472079376)(-3.786423769812294 + X_0 + X_1 + (1.694580023293879)(X_7 + sqrt(X_0)))) - (sin(sin(X_1))),23,1.0507797232277891,1.2743743194751804,1.0507797232277891,1.2743743194751804,-0.0881215473807057,-0.1965197054560941
68,sin((-2.6543183163092285)(-2.7393393537734645 + X_0 + X_1 + sqrt(X_0))) - (sin(X_1)),21,0.8491831293613383,1.0352521821053131,0.8491831293613383,1.0352521821053131,0.1206392355080298,0.027993881330286
69,sin((-4.472500280463506)(-0.23578165437183315 + X_0 + X_1 + (2.8274572237497932)(sqrt(X_0)))) - (sin(sin(X_1))),22,0.9254040264753536,1.158308489038974,0.9254040264753536,1.158308489038974,0.0417096571415194,-0.0875446177407053
70,sin((-1.0978734701209516)(-6.556348068768055 + X_0 + X_1 + (0.5729081445115091)(sqrt(X_0)))),16,0.3066022359768174,0.3554056137554226,0.3066022359768174,0.3554056137554226,0.6825019630026148,0.6663069760671188
71,sin((3.917252633520259)(6.576421625936957 + X_0 + X_1 + (-3.548758039309213)(sqrt(X_0)))) - (sin((sqrt(X_0))(sqrt(X_0)))),19,1.5660516051935802,1.8265458606452871,1.5660516051935802,1.8265458606452871,-0.6217047762272723,-0.7149577496833037
72,sin((-3.8284287385854006)(-3.5434594632555427 + X_1 + exp(X_0))) - (sin(sin(X_1))),18,1.0245831335037794,1.1276435662028768,1.0245831335037794,1.1276435662028768,-0.0609940028378541,-0.0587530893185135
73,sin((-4.949223038460665)(-3.634085638854713 + X_1 + log(X_0))) - (sin(sin(X_1))),18,1.044924226460878,1.058408812685891,1.044924226460878,1.058408812685891,-0.0820579623477533,0.0062519454028271
74,-0.23589022160793588 - (sin(-1.1977697802043852 + (2)(X_1) + sqrt(X_1))),13,0.399965315487545,0.4661759568484823,0.399965315487545,0.4661759568484823,0.5858210161783126,0.5623038615461347
75,(-0.014473549963990235)(2.8887769507599144 + X_1) + sin((-2.0551927855446084)(2.8887769507599144 + X_1)),13,0.4309875183114575,0.5085277879591215,0.4309875183114575,0.5085277879591215,0.5536963695052476,0.5225394063844069
76,sin((2.6518962755722595)(-3.9226772007007096 + X_0 + X_1 + sqrt(X_0))) - (sin(sin(X_1))),20,0.8205122285051499,1.0105436251829334,0.8205122285051499,1.0105436251829334,0.1503290214020725,0.0511929326601861
77,-0.031244844166796015 - (sin(sin(X_1))),7,0.7092855345899438,0.7379313254119207,0.7092855345899438,0.7379313254119207,0.2655084064032214,0.307150686705365
78,sin((-3.8686168161449657)(-0.41872887291678307 + X_1 + X_3)) - (sin(sin(X_1))),17,1.0826851534977409,1.2919455458229938,1.0826851534977409,1.2919455458229938,-0.1211608089764124,-0.213017463024566
79,(0.06567769221524511)(-1.9729130130667811 + X_1 + (log(X_0 + sqrt(X_0)))((X_0 + sqrt(X_0))(X_0 + sqrt(X_0)))) - (sin(sin(X_1))),25,0.6410321880648538,0.6529611347783773,0.6410321880648538,0.6529611347783773,0.336187289325187,0.3869298425747843
80,sin((3.947871269786257)(-0.6344728781427906 + X_0 + X_1 + sqrt(X_0))) - (sin(sin(X_1))),20,1.097022960289608,1.1847039623695672,1.097022960289608,1.1847039623695672,-0.1360081420259007,-0.1123275276693218
81,sin(1.8373047867838408 + X_0 + X_1 + sqrt(X_0)) - (sin((X_8)(X_8) + sin(X_1))),18,0.623666979046916,0.665459468837485,0.623666979046916,0.665459468837485,0.354169610157516,0.3751950620173307
82,sin(sin((0.7190538781317503)(-3.705705773807589 + X_0 + X_1 + sqrt(X_0))) + (0.7190538781317503)(-3.705705773807589 + X_0 + X_1 + sqrt(X_0))) - (sin(sin(X_1))),34,0.4849411400303926,0.4435378108246264,0.4849411400303926,0.4435378108246264,0.4978253843179229,0.5835589883943367
83,sin((1.2712459773791294)(-7.505199645642183 + X_0 + sqrt(X_0))) - (sin(sin(X_1))),17,0.8214490335275476,0.7657533735088153,0.8214490335275476,0.7657533735088153,0.149358924903223,0.2810283549184288
84,sin((0.08488486660422932)(0.007140598750898707 + X_1 + X_9 + (-0.3896636650799769)(sqrt(X_9)))) - (sin(sin(X_1))),20,0.6946992678894556,0.7101046048911964,0.6946992678894556,0.7101046048911964,0.2806130289437938,0.3332774054664413
85,sin((-0.08652668961028444)(-37.50278763875741 + X_0 + X_1 + sqrt(X_0))) - (sin(sin(X_1))),22,0.6786110626305162,0.7157139308035437,0.6786110626305162,0.7157139308035437,0.2972729648123322,0.3280107668612212
86,sin((2.4278658973782345)(-2.9240542520611545 + X_0 + X_1 + (sqrt(X_0))((X_0 + sqrt(X_0))^(-1)))) - (sin(sin(X_1))),27,0.7423202517228717,0.6984622431469606,0.7423202517228717,0.6984622431469606,0.2312997261923518,0.3442085071311102
87,sin((-2.7021438864722143)(5.799539894315004 + X_1 + sqrt(sqrt(X_0)))) - (sin(sin(X_1))),19,0.3894880613289339,0.4714916305962531,0.3894880613289339,0.4714916305962531,0.5966706031615374,0.5573129351834607
88,sin((-9.891177781666534e-06)(2855.182509046481 + X_0 + (-19021.386395060345)(X_0) + X_1)) - (sin(sin(X_1))),17,0.6725460803595917,0.7085900580056461,0.6725460803595917,0.7085900580056461,0.3035534798885109,0.334699425014155
89,sin(2.3839507732111738 + (2)(X_0) + X_1) - (sin(sin(X_1))),13,0.3017497732097275,0.3315745926425153,0.3017497732097275,0.3315745926425153,0.6875268689634129,0.6886821023757506
90,sin((0.10925024366224048)(3.7385301769926773 + X_0 + X_1 + (-4.601391512157044)(sqrt(X_0)))) - (sin(sin(X_1))),20,0.6423158321090483,0.7040740530267869,0.6423158321090483,0.7040740530267869,0.3348580280987101,0.3389395363100012
91,sin((-2.50628927186175)(-5.119668268617685 + X_0 + X_1 + (-1.0085109589021892)(sqrt(X_0)))) - (sin(X_1)),19,0.7470068952263852,0.7081419308645676,0.7470068952263852,0.7081419308645676,0.2264465322561387,0.3351201749827129
92,sin((-2.651927972281625)(-2.7378855658102523 + X_0 + X_1 + sqrt(X_0))) - (sin(sin(X_1))),22,0.8205122300921525,1.0105560268835263,0.8205122300921525,1.0105560268835263,0.1503290197586723,0.0511812886095223
93,sin((-4.9106873254619945)(-1.8425458539559056 + X_0 + X_1 + sqrt(X_0))) - (sin(sin(X_1))),22,1.1620200625444386,1.2453528334571875,1.1620200625444386,1.2453528334571875,-0.2033150627033719,-0.1692712123159878
94,sin((4.998791406159271)(-2.2996624597555444 + X_0 + X_1 + (3.4476098581435513)(exp(X_0)))) - (sin(sin(X_1))),19,1.1027208521025744,1.2757599317952812,1.1027208521025744,1.2757599317952812,-0.1419085212578938,-0.1978206673632723
95,sin((0.10925024366224048)(3.7385301769926773 + X_0 + X_1 + (-4.601391512157044)(sqrt(X_0)))) - (sin(sin(X_1))),20,0.6423158321090483,0.7040740530267869,0.6423158321090483,0.7040740530267869,0.3348580280987101,0.3389395363100012
96,sin((-2.7975212839646684)(X_1)) - (sin(sin(X_1))),12,0.6193693634541249,0.6044242107841904,0.6193693634541249,0.6044242107841904,0.3586199511999854,0.4325015283140153
97,sin((-0.08652668961028444)(-37.50278763875741 + X_0 + X_1 + sqrt(X_0))) - (sin(sin(X_1))),22,0.6786110626305162,0.7157139308035437,0.6786110626305162,0.7157139308035437,0.2972729648123322,0.3280107668612212
98,sin((3.9478780746579987)(-3.8175485534457594 + X_0 + X_1 + sqrt(X_0))) - (sin(sin(X_1))),20,1.0970229572429713,1.184703671659726,1.0970229572429713,1.184703671659726,-0.1360081388709948,-0.1123272547196492
99,sin((-1.7975724833838747)(0.1435401071869372 + X_0 + (2)(X_1) + sqrt(X_0))) - (sin(sin(X_1))),22,0.8526512709709911,0.9987962477414584,0.8526512709709911,0.9987962477414584,0.1170478456749269,0.0622226343587765
100,sin((0.08652888299138854)(-1.1949904943081893 + X_0 + X_1 + sqrt(X_0))) - (sin(sin(X_1))),20,0.6786110626239671,0.7157141394946183,0.6786110626239671,0.7157141394946183,0.297272964819114,0.3280105709195899
101,sin((0.08652896063998516)(-1.194990107805743 + X_0 + X_1 + sqrt(X_0))) - (sin(sin(X_1))),20,0.6786110626244543,0.7157141465272018,0.6786110626244543,0.7157141465272018,0.2972729648186095,0.328010564316644
102,sin((-0.2008337977708942)(15.513657860012303 + X_1)) - (sin(sin(X_1))),14,0.6678740646343189,0.7151551662497299,0.6678740646343189,0.7151551662497299,0.3083915262154372,0.32853539513498
103,sin((1.348094880672378)(-3.8348949490723787 + (2)(X_0) + sqrt(X_0))) - (sin(sin(X_1))),17,0.5083198191583953,0.5339531956504959,0.5083198191583953,0.5339531956504959,0.4736158911709328,0.4986672984353758
104,sin(1.5197013305699767 + X_0 + X_1 + sqrt(X_0)) - (sin(sin(X_1))),14,0.6536634153047682,0.6640241805610358,0.6536634153047682,0.6640241805610358,0.3231071829757866,0.3765426650563568
105,sin(exp(-3.690323952492893 + X_1 + sin(sqrt(X_0)))) - (sin(sin(X_1))),16,0.6927480442785778,0.7039387164529122,0.6927480442785778,0.7039387164529122,0.2826335936804562,0.33906660484476
106,sin((-1.408479644692469)(X_0 + X_1)) - (sin(sin(X_1))),16,0.5019197557333341,0.4765956185869638,0.5019197557333341,0.4765956185869638,0.480243395264769,0.5525207621821939
107,sin((-0.08652668961028444)(-37.50278763875741 + X_0 + X_1 + sqrt(X_0))) - (sin(sin(X_1))),22,0.6786110626305162,0.7157139308035437,0.6786110626305162,0.7157139308035437,0.2972729648123322,0.3280107668612212
108,-0.055824120474884255 + sin((-1.4100821322156951)(-1.3807590988357206 + X_0 + X_1 + sqrt(X_0))) - (sin(sin(X_1))),23,0.2121901731239076,0.273713792483176,0.2121901731239076,0.273713792483176,0.7802691711548054,0.7430080461005251
109,sin((4.997182414626971)(-3.84755180340643 + X_1 + sqrt(X_1))) - (sin(sin(X_1))),17,0.6318416829377224,0.7584737055332373,0.6318416829377224,0.7584737055332373,0.3457043997519332,0.287863290344265
110,sin((-1.4178608166540687)(7.461972340925317 + X_0 + X_1 + sqrt(X_0))) - (sin(sin(X_1))),22,0.2146678746127273,0.2742774209124082,0.2146678746127273,0.2742774209124082,0.7777034189630138,0.7424788510972788
111,sin((-3.9485900734899397)(3.3429959072832 + X_0 + X_1 + sqrt(X_0))) - (sin(sin(X_1))),22,1.0970229584307851,1.1846722006693138,1.0970229584307851,1.1846722006693138,-0.1360081401010202,-0.1122977063682715
112,sin((1.180141573511123)(1.2589608673664905 + X_0 + X_1 + (0.9140142121812744)(sqrt(X_0)) - (X_9))) - (sin(sin(X_1))),23,0.8070139291359154,0.8833390634300815,0.8070139291359154,0.8833390634300815,0.1643070132418288,0.1706262596153893
113,(0.595198869433685)^(sin(X_1)) + X_1 + (-0.6389573814882977)((0.595198869433685)^(sin(X_1)) + X_1 - (1.1578316384729987)) - (1.1578316384729987 + sin(sin(X_1))),16,0.6599045274845348,0.7022840701207784,0.6599045274845348,0.7022840701207784,0.3166442788177551,0.3406201648245107
114,sin((-3.9478695063582463)(-4.613316871587996 + X_0 + X_1 + sqrt(X_0))) - (sin(sin(X_1))),22,1.0970229611050029,1.1847040443077723,1.0970229611050029,1.1847040443077723,-0.1360081428702724,-0.1123276046017236
115,(exp(-4.273679855964241 + X_0 + X_1 + sqrt(X_0)))(-4.273679855964241 + X_0 + X_1 + sqrt(X_0)) - (sin(sin(X_1))),22,0.6230199714093131,0.6259065744226519,0.6230199714093131,0.6259065744226519,0.3548396106687869,0.4123315743056999
116,sin((2.862773259448012)(-1.3494088410375726 + X_1)) - (sin(sin(X_1))),12,0.4304567668034589,0.5139145881824041,0.4304567668034589,0.5139145881824041,0.554245982463503,0.5174816988348956
117,sin((-0.08652668961028444)(-37.50278763875741 + X_0 + X_1 + sqrt(X_0))) - (sin(sin(X_1))),22,0.6786110626305162,0.7157139308035437,0.6786110626305162,0.7157139308035437,0.2972729648123322,0.3280107668612212
118,sin(0.32790154821260176 - (X_0 + X_1)),7,0.3567979241051153,0.4030682619716927,0.3567979241051153,0.4030682619716927,0.6305224580401246,0.6215561544808246
119,(0.10905673844969006)(3.70721197802595 + X_0 + X_1 + (-4.595115288781923)(sqrt(X_0))) - (sin(sin(X_1))),18,0.6408739333968761,0.7039354244007291,0.6408739333968761,0.7039354244007291,0.3363511679292309,0.3390696957775011
120,sin((3.7503882390682555)(0.3335267070246262 + X_0 + X_1 + log(sqrt(X_1)))) - (sin(sin(X_1))),21,1.092485537873962,1.1879844263828834,1.092485537873962,1.1879844263828834,-0.1313094720850054,-0.1154075801899887
121,sin((2.6778773362505004)(0.8260198855054486 + X_0 + X_1 + sqrt(X_1))) - (sin(sin(X_1))),20,0.8141035345880938,0.9348143652949016,0.8141035345880938,0.9348143652949016,0.1569654626918751,0.1222957086271028
122,sin((-0.10260561946892591)(-30.880502590226612 + X_0 + X_1)) - (sin(sin(X_1))),17,0.667994767860658,0.7100226160943313,0.667994767860658,0.7100226160943313,0.3082665335280882,0.3333543853691093
123,1 - (sin(sin(1.0281061606103075))) + (-0.3382932456001238)(X_0 + (2.00585506225449)(sqrt(X_0)) - (1.0281061606103075)),10,0.8090885659099398,0.9372348126633674,0.8090885659099398,0.9372348126633674,0.1621586495773017,0.1200231322512846
124,sin((0.10925024366224048)(3.7385301769926773 + X_0 + X_1 + (-4.601391512157044)(sqrt(X_0)))) - (sin(sin(X_1))),20,0.6423158321090483,0.7040740530267869,0.6423158321090483,0.7040740530267869,0.3348580280987101,0.3389395363100012
125,sin((0.9830598330644619)(-3.95400496616012 + (2)(X_0) + X_1)) - (sin(sin(X_1))),15,0.3004478066818136,0.3317397287059236,0.3004478066818136,0.3317397287059236,0.6888751038043361,0.6885270548744553
126,sin(-5.955291190754034 - (X_0 + X_1)),7,0.356797924099096,0.4030671692249507,0.356797924099096,0.4030671692249507,0.6305224580463579,0.6215571804690212
127,sin((0.6628825892417823)(4.469839592010936 + X_0 + X_1 + sqrt(X_0) + sqrt(X_1))) - (sin(sin(X_1))),25,0.8104674306586972,0.7363037686677256,0.8104674306586972,0.7363037686677256,0.1607307837640581,0.3086788120657218
128,(-1)(sin(sin(X_1))),5,0.7102617748769511,0.7352994697878722,0.7102617748769511,0.7352994697878722,0.2644974732188135,0.3096217558943506
129,sin((-0.08652668961028444)(-37.50278763875741 + X_0 + X_1 + sqrt(X_0))) - (sin(sin(X_1))),22,0.6786110626305162,0.7157139308035437,0.6786110626305162,0.7157139308035437,0.2972729648123322,0.3280107668612212
130,(0.2060401860179599)(X_1) - (sin(sin(X_1))),9,0.6676062439758679,0.7131961206740638,0.6676062439758679,0.7131961206740638,0.3086688644842029,0.3303747578711471
131,(0.20604018601795998)(X_1) - (sin(sin(X_1))),9,0.6676062439758679,0.7131961206740638,0.6676062439758679,0.7131961206740638,0.3086688644842029,0.3303747578711471
132,0.007975927004260617 + sin((-3.8607178118027767)(-3.100231959404404 + X_0 + X_1 + sqrt(X_0))),18,1.3295339958694032,1.4396037760403164,1.3295339958694032,1.4396037760403164,-0.376781980943357,-0.3516548942940214
133,sin(1.9393531592119297 + X_0 + X_1 + sqrt(X_0)),8,0.3394280573072827,0.3734396366305635,0.3394280573072827,0.3734396366305635,0.6485096021770476,0.6493746953321786
134,sin((-1.417849220655423)(3.0305411994184563 + X_0 + X_1 + sqrt(X_0))) - (sin(sin(X_1))),22,0.2146678744333841,0.2742783505326317,0.2146678744333841,0.2742783505326317,0.7777034191487304,0.7424779782698065
135,sin((-2.8998673594314854)(2.328886900522804 + (2)(X_0) + X_1 + (3.8719314496716404)(sqrt(X_0)))) - (sin(sin(X_1))),22,0.8100873121747246,1.0823731907673069,0.8100873121747246,1.0823731907673069,0.1611244106145056,-0.0162483907740842
136,sin(((-43101584.173793465)^(-1))(124788.79918573813 + X_0 + X_1 + sqrt(X_0))) - (sin(X_1 + ((-1)((-43101584.173793465)^(-1)))(124788.79918573813 + X_0 + X_1 + sqrt(X_0)))),33,0.7686568582810068,0.7847909354055023,0.7686568582810068,0.7847909354055023,0.2040271890018122,0.2631538437915828
137,-0.4738892579680093 + sin((3.8252893292082994)(4.86174012936322 + X_0 + (1.4426319625360908)(sqrt(X_0)))),13,0.8264418385820429,0.8813954324063121,0.8264418385820429,0.8813954324063121,0.1441886892757412,0.1724511495119729
138,sin((-0.2008373032996152)(0.12909335181077747 - (X_1))) - (sin(sin(X_1))),12,0.6678740646389545,0.7151555663977042,0.6678740646389545,0.7151555663977042,0.3083915262106368,0.3285350194330146
139,sin((1.417847606864646)(-3.6166988556218227 + X_0 + X_1 + sqrt(X_0))) - (sin(sin(X_1))),20,0.2146678744809296,0.2742784798224761,0.2146678744809296,0.2742784798224761,0.7777034190994951,0.7424778568785919
140,sin((-1.4178464158471866)(-5.832451684323035 + X_0 + X_1 + sqrt(X_0))) - (sin(sin(X_1))),22,0.214667874527367,0.2742785751276786,0.214667874527367,0.2742785751276786,0.7777034190514075,0.7424777673958152
141,X_1 + (1.1653311117783647e-05)(-3139.6874072920955 + X_1 + (-72874.40951068855)((X_0)((sqrt(X_0))^(-1)))) - (sin(sin(X_1))),15,0.6909750775728075,0.7810525429912543,0.6909750775728075,0.7810525429912543,0.2844695667513974,0.2666638487579551
142,sin((3.224546237134271)(-2.0159043978063633 + (3.4545474163750276)^(X_9) + X_1 + (1.5180849033820847)(sqrt((3.4545474163750276)^(X_9))))) - (sin(sin(X_1))),24,1.0366784492224737,1.137398847399527,1.0366784492224737,1.137398847399527,-0.0735191528430858,-0.0679123967572135
143,sin((-2.447288111696365)(0.684895451124055 + X_0 + X_1 + exp(X_0))) - (sin(sin(X_1))),21,1.1182912958180238,1.305813042747145,1.1182912958180238,1.305813042747145,-0.1580322957603317,-0.2260377609711945
144,sin((0.09037017806757476)(-1.0324446659350932 + X_0 + X_1 + sin(sqrt(X_0)))) - (sin(sin(X_1))),21,0.676594291398649,0.7157833797187072,0.676594291398649,0.7157833797187072,0.29936140655233,0.3279455607485072
145,sin((2.651892240521389)(-1.5533743947366183 + X_0 + X_1 + sqrt(X_0))) - (sin(sin(X_1))),20,0.8205122308320623,1.010542047108268,0.8205122308320623,1.010542047108268,0.1503290189924681,0.0511944143264477
146,sin((-2.7975470531697404)(X_1)) - (sin(sin(X_1))),12,0.6193693634310876,0.6044256053836438,0.6193693634310876,0.6044256053836438,0.3586199512238414,0.4325002189140207
147,sin((0.10925024366224048)(3.7385301769926773 + X_0 + X_1 + (-4.601391512157044)(sqrt(X_0)))) - (sin(sin(X_1))),20,0.6423158321090483,0.7040740530267869,0.6423158321090483,0.7040740530267869,0.3348580280987101,0.3389395363100012
148,sin((-5.420468732259668)(0.289507694996241 + X_0 + X_1)) - (sin(X_1)),16,1.154001881844293,1.283061963917788,1.154001881844293,1.283061963917788,-0.1950119378925698,-0.20467660065613
149,sin((-1.8621574879886997)(X_0 + (0.44053314656602044)(-0.7969565997721825 - (X_1)) + sqrt(X_0))) - (sin(sin(X_1))),22,0.7159960946771119,0.7229930160720023,0.7159960946771119,0.7229930160720023,0.2585593714490537,0.3211763785435151
150,sin((-0.08124211843714584)(-4.558717097983051 + X_0 + (2)(X_1) + sqrt(X_0))) - (sin(sin(X_0 + sqrt(X_0)))),26,0.6782847696553057,0.6901907164894461,0.6782847696553057,0.6901907164894461,0.2976108533433318,0.3519747061894821
151,sin((2.633216320161716)(-2.4886593184347263 + X_0 + X_1)) - (sin(sin(X_1))),15,0.9615525424533709,0.965766690144418,0.9615525424533709,0.965766690144418,0.0042765222303412,0.0932343362766489
152,exp(-5.332596162202509 + (2)(X_0) + X_1) - (sin(sin(X_1))),14,0.6318156950085945,0.6227827914801374,0.6318156950085945,0.6227827914801374,0.3457313112206557,0.4152645177816996
153,sin((0.10925024366224048)(3.7385301769926773 + X_0 + X_1 + (-4.601391512157044)(sqrt(X_0)))) - (sin(sin(X_1))),20,0.6423158321090483,0.7040740530267869,0.6423158321090483,0.7040740530267869,0.3348580280987101,0.3389395363100012
154,(0.20604018601795995)(X_1) - (sin(sin(X_1))),9,0.6676062439758679,0.7131961206740638,0.6676062439758679,0.7131961206740638,0.3086688644842029,0.3303747578711471
155,X_0 + X_1 + sqrt(X_0) + (-1.217010947257726)(X_0 + X_1 + sqrt(X_0) - (0.7941294885535242)) - (0.7941294885535242),13,0.78090119529272,0.8690424733912742,0.78090119529272,0.8690424733912742,0.1913477218962713,0.1840494363389324
156,(-3.621148269932365e-06)(143006.9816829193 + (2)(X_0) + X_1) - (sin(-0.7230095668920113 + sin(X_1))),15,0.6550279533315642,0.7313343830876222,0.6550279533315642,0.7313343830876222,0.3216941530168377,0.3133446058436847
157,sin((-2.651927994340073)(2.0006936435357234 + X_0 + X_1 + sqrt(X_0))) - (sin(sin(X_1))),22,0.8205122301054907,1.0105560354995728,0.8205122301054907,1.0105560354995728,0.15032901974486,0.0511812805198508
158,sin((0.1584371147736229)(X_1 + X_3 - (X_9))) - (sin(sin(X_1))),17,0.6366604548531632,0.7088913957837474,0.6366604548531632,0.7088913957837474,0.3407143819230799,0.3344164966908309
159,sin((-1.4178434397320108)(7.462061195288966 + X_0 + X_1 + sqrt(X_0))) - (sin(sin(X_1))),22,0.2146678746866546,0.2742788216439885,0.2146678746866546,0.2742788216439885,0.7777034188864593,0.7424775359397837
160,(-0.112432318127769)(sin((-3.9126543277696615)(-3.8624380805107483 + X_0 + X_1 + sqrt(X_0)))) - (sin(sin(X_1))),22,0.7039389168730161,0.731437493082342,0.7039389168730161,0.731437493082342,0.2710450282229928,0.3132477950882997
161,sin((0.11863319195712592)(-1.183962223383717 + X_0 + X_1 + (sqrt(X_0))((X_0 + sqrt(X_0))^(-1)))) - (sin(X_1)),26,0.7116220039149134,0.7465131298408051,0.7116220039149134,0.7465131298408051,0.2630889053783217,0.2990931654962439
162,sin((0.10925024366224048)(3.7385301769926773 + X_0 + X_1 + (-4.601391512157044)(sqrt(X_0)))) - (sin(sin(X_1))),20,0.6423158321090483,0.7040740530267869,0.6423158321090483,0.7040740530267869,0.3348580280987101,0.3389395363100012
163,-0.05055375031267274 + sin((-1.9817152446813815)(-6.477998165686864 + X_0)),10,0.5263101143235143,0.5740696839613846,0.5263101143235143,0.5740696839613846,0.4549862703472911,0.4610016235672217
164,sin((-1.4178464158471866)(-5.832451684323035 + X_0 + X_1 + sqrt(X_0))) - (sin(sin(X_1))),22,0.214667874527367,0.2742785751276786,0.214667874527367,0.2742785751276786,0.7777034190514075,0.7424777673958152
165,sin((-0.08652668961028444)(-37.50278763875741 + X_0 + X_1 + sqrt(X_0))) - (sin(sin(X_1))),22,0.6786110626305162,0.7157139308035437,0.6786110626305162,0.7157139308035437,0.2972729648123322,0.3280107668612212
166,sin((2.512002769269957)(-3.1651038217151974 + X_0 + X_1 + exp(X_1))) - (sin(sin(X_1))),19,1.1071095032461944,1.1146829038789454,1.1071095032461944,1.1146829038789454,-0.1464531330045317,-0.0465842252498052
167,sin(-5.955294817135965 - (X_0 + X_1)),7,0.3567979241189237,0.4030666360370398,0.3567979241189237,0.4030666360370398,0.6305224580258255,0.6215576810831911
168,sin((2.8627616393731152)(0.25200877354750556 - (X_1))) - (sin(sin(X_1))),14,0.4304567671526719,0.5139140682341155,0.4304567671526719,0.5139140682341155,0.5542459821018799,0.5174821870182839
169,sin((5.468176052826936)(-3.488113685780056 + X_0 + X_1 + sqrt(X_0))),14,1.3792018638645736,1.5425411785750318,1.3792018638645736,1.5425411785750318,-0.4282149084954711,-0.4483036015686439
170,sin((-4.488485500161708)(2.4386301334522567 + (2)(X_1) + sin(sqrt(X_0)))) - (sin(sin(X_1))),20,1.050474959673844,1.1665234836089473,1.050474959673844,1.1665234836089473,-0.0878059533674473,-0.0952577383936983
171,sin((-2.6519282670189237)(-0.36859501727077404 + X_0 + X_1 + sqrt(X_0))) - (sin(sin(X_1))),22,0.8205122302722224,1.010556142239346,0.8205122302722224,1.010556142239346,0.150329019572203,0.0511811803010691
172,sin((-2.6542893326825925)(1.9949236945915612 + X_0 + X_1 + sqrt(X_0))) - (sin(X_1)),21,0.8491831292223994,1.0352392301710798,0.8491831292223994,1.0352392301710798,0.1206392356519062,0.0280060419994844
173,sin((1.4178465877912556)(5.246295784700094 + X_0 + X_1 + sqrt(X_0))) - (sin(sin(X_1))),20,0.2146678745201614,0.2742785624458399,0.2146678745201614,0.2742785624458399,0.7777034190588692,0.7424777793028896
174,sin(sin((-1.0161742070137718)(X_0 + X_1 + (5.8846319102144165)(sqrt(X_0)) - (0.09193820517981986))) + (-1.0161742070137718)(X_0 + X_1 + (5.8846319102144165)(sqrt(X_0)) - (0.09193820517981986)) - (0.09193820517981986)),30,1.0734529384341605,1.1806996018026352,1.0734529384341605,1.1806996018026352,-0.1116005063566818,-0.1085678031889521
175,sin((1.0895041537786514)(exp(-7.433196122225302) - (-7.433196122225302) + X_0 + X_1 + sqrt(X_0))) - (sin(sin(exp(-7.433196122225302)))),16,0.3193623687114408,0.3674834689402495,0.3193623687114408,0.3674834689402495,0.669288370211415,0.6549669863110148
176,sin(((1.5236060827142495 + X_7 - (X_2))^(-1))(X_0 + sqrt(X_0) - (X_1))) - (sin(sin(X_1))),24,1.188360198688991,1.1122477510536903,1.188360198688991,1.1122477510536903,-0.230591254912132,-0.0442978418091732
177,sin((-2.8469416935217438)(1.591604780145151 + (2)(X_0) + X_1)) - (sin(sin(X_1))),17,1.1493176774069784,1.2678210039748623,1.1493176774069784,1.2678210039748623,-0.1901612697002668,-0.190366747873403
178,-0.25131375743922635 + sin((1.9836879619429142)(sqrt(X_0 + sqrt(X_0)))) - (sin(X_0 + sqrt(X_0))),20,0.747289735928758,0.7964723349968872,0.747289735928758,0.7964723349968872,0.2261536401723604,0.2521860891964063
179,sin((-1.4874023914394947)(-0.49941021033915683 + X_0 + X_1)) - (sin(sin(X_1))),17,0.2496336023850792,0.289526969454681,0.2496336023850792,0.289526969454681,0.741495105300402,0.7281609344135427
180,sin((0.6350654445843945)(5.85032476147536 + X_0 + X_1 + sqrt(X_0))) - (sin(sin(X_1))),20,1.046659634450016,0.974827896002492,1.046659634450016,0.974827896002492,-0.0838550419684724,0.0847267014328734
181,sin((-2.7298869676718325)((X_3)(sqrt(X_0)) - (X_1))),13,1.4831396002791093,1.6133967659052122,1.4831396002791093,1.6133967659052122,-0.5358463064741275,-0.5148304494394802
182,sin(-3.89923148186269 + (2)(X_0) + X_1) - (sin(sin(X_1))),13,0.3017497732071543,0.3315744263967294,0.3017497732071543,0.3315744263967294,0.6875268689660774,0.6886822584651786
183,sin((0.10925024366224048)(3.7385301769926773 + X_0 + X_1 + (-4.601391512157044)(sqrt(X_0)))) - (sin(sin(X_1))),20,0.6423158321090483,0.7040740530267869,0.6423158321090483,0.7040740530267869,0.3348580280987101,0.3389395363100012
184,exp((2.1354923394065297)(-3.324131146702387 + X_0 + sqrt(X_0))) - (sin(sin(X_1))),18,0.6445559723950807,0.6366472022795882,0.6445559723950807,0.6366472022795882,0.3325382793821096,0.4022471174209383
185,sin((1.4178471557744494)(-3.6167000725039107 + X_0 + X_1 + sqrt(X_0))) - (sin(sin(X_1))),20,0.2146678744973909,0.2742785160158531,0.2146678744973909,0.2742785160158531,0.777703419082449,0.742477822896356
186,sin((2.6519243813065)(0.8160385832515766 + X_0 + X_1 + sqrt(X_0))) - (sin(sin(X_1))),20,0.8205122281425974,1.0105546213653334,0.8205122281425974,1.0105546213653334,0.150329021777509,0.0511826082612042
187,sin((0.10925024366224048)(3.7385301769926773 + X_0 + X_1 + (-4.601391512157044)(sqrt(X_0)))) - (sin(sin(X_1))),20,0.6423158321090483,0.7040740530267869,0.6423158321090483,0.7040740530267869,0.3348580280987101,0.3389395363100012
188,sin((2.632643119943942)(-4.874836055670438 + X_0 + X_1)) - (sin(sin(X_1))),15,0.961552543639721,0.965539283989891,0.961552543639721,0.965539283989891,0.0042765210018315,0.0934478496383631
189,sin((3.578948546160694)(2.4963779944726525 + (2)(X_1))) - (sin(sin(X_1))),12,1.0112993133564014,1.0831219722459833,1.0112993133564014,1.0831219722459833,-0.0472381122221783,-0.0169514273784987
190,sin((0.10925024366224048)(3.7385301769926773 + X_0 + X_1 + (-4.601391512157044)(sqrt(X_0)))) - (sin(sin(X_1))),20,0.6423158321090483,0.7040740530267869,0.6423158321090483,0.7040740530267869,0.3348580280987101,0.3389395363100012
191,sin((-3.94858535657976)(-1.4307505747446478 + X_0 + X_1 + sqrt(X_0))) - (sin(sin(X_1))),22,1.0970229588213356,1.1846713883624105,1.0970229588213356,1.1846713883624105,-0.1360081405054498,-0.1122969436871643
192,sin((-1.417857958102701)(3.0305238122602547 + X_0 + X_1 + sqrt(X_0))) - (sin(sin(X_1))),22,0.2146678744836263,0.27427764903259,0.2146678744836263,0.27427764903259,0.7777034190967026,0.7424786369135116
193,-0.031244844166796005 - (sin(sin(X_1))),7,0.7092855345899438,0.7379313254119206,0.7092855345899438,0.7379313254119206,0.2655084064032214,0.307150686705365
194,-0.26868467004694524 + sin(1.7543348022737237 + X_0 + X_1 + (1.274168620323563)(sqrt(X_0))),12,0.2868399785932803,0.32875787081317,0.2868399785932803,0.32875787081317,0.7029665167131249,0.6913267438457606
195,sin((1.417861450137061)(0.8147907414017279 + X_0 + X_1 + sqrt(X_0))) - (sin(sin(X_1))),20,0.2146678746490586,0.2742773686882971,0.2146678746490586,0.2742773686882971,0.7777034189253913,0.7424789001308925
196,sin((-2.8627926729400426)(-3.0401395591961577 - (X_1))) - (sin(sin(X_1))),12,0.4304567668619261,0.5139154574836124,0.4304567668619261,0.5139154574836124,0.5542459824029581,0.5174808826414037
197,(0.21579873789439952)(1 - (sqrt(exp(-1.2194142096972365))) + X_0 + ((-1.2194142096972365)^(-1))(sqrt(X_0))) - (sin(sin(X_1))),15,0.6577061024274071,0.7036245999783745,0.6577061024274071,0.7036245999783745,0.3189208298608358,0.3393615311830024
198,sin((-5.41664298090204)(-3.1951596617474167 + X_0 + X_1)) - (sin(sin(X_1))),17,1.0998253056114546,1.219599540234026,1.0998253056114546,1.219599540234026,-0.1389100750005263,-0.1450912501565247
199,sin((1.0034409685001073)(-5.339086552553424 + X_0 + (3.5117764895838337)(sqrt(X_0)))) - (sin(sin(X_1))),17,0.4641314951006564,0.4667241133190255,0.4641314951006564,0.4667241133190255,0.5193745468501341,0.5617891932821444
200,sin((-4.9106873254619945)(-1.8425458539559056 + X_0 + X_1 + sqrt(X_0))) - (sin(sin(X_1))),22,1.1620200625444386,1.2453528334571875,1.1620200625444386,1.2453528334571875,-0.2033150627033719,-0.1692712123159878
201,sin((-1.417845377552358)(-5.832456107163484 + X_0 + X_1 + sqrt(X_0))) - (sin(sin(X_1))),22,0.2146678745757292,0.2742786583392539,0.2146678745757292,0.2742786583392539,0.7777034190013267,0.7424776892678365
202,sin((3.546803215765886)(sqrt(1.1204987058976812) - (1.1204987058976812) + X_0 + ((-1)(3.3772893713503516))((sqrt(1.1204987058976812) - (3.3772893713503516) + X_0)^(-1)) + X_1)) - (sin(X_1)),21,1.2014592737797951,1.275261250955572,1.2014592737797951,1.275261250955572,-0.2441558351395447,-0.1973524521439864
203,sin((4.912052248750152)(1.354375747063696 + X_0 + X_1 + sqrt(X_0))) - (sin(sin(X_1))),20,1.1620200596245147,1.2447444338874485,1.1620200596245147,1.2447444338874485,-0.2033150596796822,-0.1686999813496548
204,(0.20604018601796037)(X_1) - (sin(sin(X_1))),9,0.6676062439758679,0.7131961206740638,0.6676062439758679,0.7131961206740638,0.3086688644842029,0.3303747578711471
205,sin((2.6332319365817924)(4.6696627544235225 + X_0 + X_1)) - (sin(sin(X_1))),15,0.9615525510017038,0.9657728891512326,0.9615525510017038,0.9657728891512326,0.0042765133782239,0.0932285159821759
206,X_1 + sin((-2.0888783902342087)(1.6739520940643404 + X_0 + X_1 + (2.486678141065826)(sqrt(X_0)))) - (sin(X_1)),22,1.1476365453254145,1.3206427841633608,1.1476365453254145,1.3206427841633608,-0.1884203948037435,-0.2399615175630787
207,sin((-1.8412274072544774)(X_1 + sqrt(X_0) + ((-1)(3.5814952726048395))((X_0 + sqrt(X_0) - (3.5814952726048395))^(-1)))) - (sin((2.4644486105503804)(sin(X_1)))),30,0.7782932732791686,0.9048339671785748,0.7782932732791686,0.9048339671785748,0.1940483222924386,0.1504445316027389
208,sin(((sin(sqrt(X_0)))^(-1))(4.2670785424823885 + X_0 + X_1 + (-1.4914741396333742)(sqrt(X_0)))) - (sin(X_1)),22,1.2309137882043248,1.3114002495544734,1.2309137882043248,1.3114002495544734,-0.2746570820750253,-0.2312836317810991
209,(0.12094555711077946)(3.285386613219946 + X_0 + X_1 + X_4 + (-4.079221799041972)(sqrt(X_0))) - (sin(sin(X_1))),21,0.6153271501657873,0.6700080428222323,0.6153271501657873,0.6700080428222323,0.3628058136418659,0.3709243714350564
210,sin((-3.9485863471869016)(-3.021995459568518 + X_0 + X_1 + sqrt(X_0))) - (sin(sin(X_1))),22,1.097022957247692,1.1846721650963363,1.097022957247692,1.1846721650963363,-0.1360081388758833,-0.1122976729685336
211,sin((0.10925024366224048)(3.7385301769926773 + X_0 + X_1 + (-4.601391512157044)(sqrt(X_0)))) - (sin(sin(X_1))),20,0.6423158321090483,0.7040740530267869,0.6423158321090483,0.7040740530267869,0.3348580280987101,0.3389395363100012
212,sin((-0.41615329341984414)(-2.7986969217983844 + X_0 + sqrt(X_0))) - (sin(sin(1))),19,0.8397029705102753,0.967756210603149,0.8397029705102753,0.967756210603149,0.130456293156179,0.0913663604418407
213,sin((-2.651924490406336)(-2.737900139817409 + X_0 + X_1 + sqrt(X_0))) - (sin(sin(X_1))),22,0.8205122281951861,1.0105546640769365,0.8205122281951861,1.0105546640769365,0.1503290217230515,0.0511825681589565
214,sin((-1.3552918852796565)(X_0 + X_1 + sqrt(X_0) - (-3.2685110978388483))) - (sin(sin(-3.2685110978388483 - (X_1)))),22,0.2115129231766413,0.2545803054839543,0.2115129231766413,0.2545803054839543,0.7809704887043287,0.7609726220330384
215,sin((1.4178475777379074)(5.246292268315327 + X_0 + X_1 + sqrt(X_0))) - (sin(sin(X_1))),20,0.2146678744819995,0.2742784828267871,0.2146678744819995,0.2742784828267871,0.7777034190983872,0.7424778540578216
216,sin((2.6332231343691412)(-2.488664890397318 + X_0 + X_1)) - (sin(sin(X_1))),15,0.9615525461273372,0.9657693949896784,0.9615525461273372,0.9657693949896784,0.0042765184258122,0.0932317966769372
217,sin(0.761906209366471 + X_0 + X_1 + exp(X_1)) - (sin(sin(X_1))),13,0.4577102792386704,0.5192112360688222,0.4577102792386704,0.5192112360688222,0.5260239550803832,0.512508635997619
218,sin((-4.912066391909486)(0.7147906108979369 + X_0 + X_1 + sqrt(X_0))) - (sin(sin(X_1))),22,1.1620200681252488,1.2447380814812732,1.1620200681252488,1.2447380814812732,-0.2033150684825089,-0.1686940170273598
219,sin((-1.4178573030751829)(-1.4009400891433856 + X_0 + X_1 + sqrt(X_0))) - (sin(sin(X_1))),22,0.2146678744618637,0.274277701276128,0.2146678744618637,0.274277701276128,0.7777034191192387,0.7424785878616578
220,sin((0.18230796429413115)((2)(X_0) + X_1 + (-7.4771755567819564)(((2)(X_0) + X_1 - (-0.5407910159290836))^(-1)) - (-0.5407910159290836))) - (sin(sin(X_1))),25,0.8048704710221707,0.7819139760050419,0.8048704710221707,0.7819139760050419,0.1665266439673906,0.2658550427735786
221,sin((2.86276405974101)(0.8453885249738036 + X_1)) - (sin(sin(X_1))),12,0.4304567670561836,0.5139141766476016,0.4304567670561836,0.5139141766476016,0.5542459822017971,0.5174820852280402
222,sin(1.9991277638680638 + X_0 + X_1 + sqrt(X_0)) - (sin(exp(sin(1.9991277638680638 + X_0 + X_1 + sqrt(X_0))))),21,0.5818539643859003,0.6732002237524957,0.5818539643859003,0.6732002237524957,0.3974685444706342,0.3679272085700558
223,sin((0.2008418275008445)(-0.12909735141942488 + X_1)) - (sin(sin(X_1))),12,0.6678740646852053,0.7151560990530854,0.6678740646852053,0.7151560990530854,0.3083915261627424,0.3285345193188408
224,0.005900314889241984 + sin(sin((3.8511851816998224)(4.237193714067317 + X_0 + X_1 + sqrt(X_0)))),17,1.233026569171598,1.3453323177209715,1.233026569171598,1.3453323177209715,-0.2768449454726209,-0.2631427077116428
225,sin((-1.4178464158471866)(-5.832451684323035 + X_0 + X_1 + sqrt(X_0))) - (sin(sin(X_1))),22,0.214667874527367,0.2742785751276786,0.214667874527367,0.2742785751276786,0.7777034190514075,0.7424777673958152
226,sin((3.7387327204618166)(2.8682053896844426 + X_0 + X_1 + (2.390929402366933)(sqrt(X_0)))) - (sin(X_1)),19,0.933121653638703,1.0511230310651074,0.933121653638703,1.0511230310651074,0.0337177667143849,0.0130926209764746
227,sin(0.7360440946313759 + X_1 + exp(X_0)) - (sin(sin(X_1))),12,0.4838018837567035,0.5645843984515664,0.4838018837567035,0.5645843984515664,0.4990051266292626,0.4699074300095931
228,sin((4.337522511698812)(-2.5077819722499486 + X_0 + X_1)) - (sin(sin(X_1))),15,1.1275616778346496,1.2631572629727472,1.1275616778346496,1.2631572629727472,-0.1676321216817484,-0.1859879261058141
229,sin(sin(X_1)) + sin((0.8362029786825544)(-4.425293232549041 + X_0 + X_1 + (0.5870417754296183)(sqrt(X_0)))),18,0.6868742618223466,0.7787566046987114,0.6868742618223466,0.7787566046987114,0.2887161142258841,0.2688195226188896
230,sin(((X_0)^(-1))(-2.1840156638271098 + X_0 + X_1 + sqrt(X_0))) - (sin(sin(X_1))),18,1.1816878284772765,1.146776009925298,1.1816878284772765,1.146776009925298,-0.2236817669966577,-0.0767166857105332
231,sin((1.4178579632196469)(5.246255372535368 + X_0 + X_1 + sqrt(X_0))) - (sin(sin(X_1))),20,0.214667874483792,0.2742776488377483,0.214667874483792,0.2742776488377483,0.7777034190965311,0.74247863709645
232,sin((0.10925024366224048)(3.7385301769926773 + X_0 + X_1 + (-4.601391512157044)(sqrt(X_0)))) - (sin(sin(X_1))),20,0.6423158321090483,0.7040740530267869,0.6423158321090483,0.7040740530267869,0.3348580280987101,0.3389395363100012
233,-0.026203873840161755 + sin((-2.0424882138668385)(2.9072135459467003 + X_1)),10,0.4322198721953199,0.5088866562951165,0.4322198721953199,0.5088866562951165,0.5524202211504716,0.5222024621843235
234,sin((-0.08652668961028444)(-37.50278763875741 + X_0 + X_1 + sqrt(X_0))) - (sin(sin(X_1))),22,0.6786110626305162,0.7157139308035437,0.6786110626305162,0.7157139308035437,0.2972729648123322,0.3280107668612212
235,sin((2.6519238134667753)(-3.922549620237376 + X_0 + X_1 + sqrt(X_0))) - (sin(sin(X_1))),20,0.8205122278757381,1.010554399138697,0.8205122278757381,1.010554399138697,0.1503290220538519,0.0511828169114773
236,sin(sin((-0.9705501570160132)(-1.4282860064302607 + X_0 + (2)(X_1) + sqrt(X_0))) - (X_0)),19,0.470099380334626,0.5479753168139003,0.470099380334626,0.5479753168139003,0.5131945793728119,0.4855018226188075
237,(0.10859449431247228)(-1.099129754394014 + X_0 + X_1 + (-4.5015695431964105)(sin(log(sqrt(X_0))))) - (sin(sin(X_1))),20,0.6354476101949098,0.6962771100715633,0.6354476101949098,0.6962771100715633,0.3419703277479738,0.3462601451340114
238,sin((-2.6518966103973116)(4.369935943525639 + X_0 + X_1 + sqrt(X_0))) - (sin(sin(X_1))),22,0.8205122283377734,1.0105437561136696,0.8205122283377734,1.0105437561136696,0.1503290215753971,0.0511928097283256
239,sin(-4.763357572467864 + X_0 + X_1 + sqrt(X_0)) - (sin(sin(X_1))),14,0.6536634148820386,0.664000158929182,0.6536634148820386,0.664000158929182,0.3231071834135389,0.3765652191485346
240,sin((0.20083403847373738)(31.156366680127768 + X_1)) - (sin(sin(X_1))),12,0.667874064633769,0.7151552351193585,0.667874064633769,0.7151552351193585,0.3083915262160066,0.3285353304727637
241,sin((-1.7975724833838747)(0.1435401071869372 + X_0 + (2)(X_1) + sqrt(X_0))) - (sin(sin(X_1))),22,0.8526512709709911,0.9987962477414584,0.8526512709709911,0.9987962477414584,0.1170478456749269,0.0622226343587765
242,sin((-2.6326387244585168)(-3.6815118104017923 + X_0 + X_1)) - (sin(sin(X_1))),17,0.961552546015974,0.9655375411202312,0.961552546015974,0.9655375411202312,0.0042765185411328,0.0934494860318937
243,sin((0.10925024366224048)(3.7385301769926773 + X_0 + X_1 + (-4.601391512157044)(sqrt(X_0)))) - (sin(sin(X_1))),20,0.6423158321090483,0.7040740530267869,0.6423158321090483,0.7040740530267869,0.3348580280987101,0.3389395363100012
244,sin(0.32789206101818147 - (X_0 + X_1)),7,0.3567979241085011,0.403066867015923,0.3567979241085011,0.403066867015923,0.6305224580366184,0.6215574642153674
245,sin((2.493788898037568)(8.697876464883352 + X_0 + X_1 + (-1.0133484655927891)(sqrt(X_0)))) - (sin(sin(X_1))),20,0.6971045535606789,0.6672281493914565,0.6971045535606789,0.6672281493914565,0.2781222660287801,0.3735344344425728
246,sin(log((-0.0004891158437130468)(48804.007426477765 + X_1))) - (sin(sin(X_1))),13,0.7092940277834935,0.7379162906601143,0.7092940277834935,0.7379162906601143,0.2654996113849095,0.3071648029477657
247,sin((-0.08652668961028444)(-37.50278763875741 + X_0 + X_1 + sqrt(X_0))) - (sin(sin(X_1))),22,0.6786110626305162,0.7157139308035437,0.6786110626305162,0.7157139308035437,0.2972729648123322,0.3280107668612212
248,sin((-1.104349764530041)(33.76533881644756 + X_0 + X_1 + ((20.826110532648105)^(-1))(sqrt(X_0)))) - (sin(sin(sqrt(exp(20.826110532648105))))),18,0.3271516897363787,0.3839726298382472,0.3271516897363787,0.3839726298382472,0.6612222381198432,0.6394851881930055
249,sin((-2.651923777338493)(-0.36860979842530217 + X_0 + X_1 + sqrt(X_0))) - (sin(sin(X_1))),22,0.8205122278591289,1.0105543849909542,0.8205122278591289,1.0105543849909542,0.1503290220710513,0.0511828301949001
250,sin((-4.165039999406359)(3.31500379541693 + X_0 + ((-0.08762999032586409)^(-1))(X_0) + X_1)) - (sin(exp(-0.08762999032586409))),13,1.928085762012549,2.318170966458109,1.928085762012549,2.318170966458109,-0.9966046322241386,-1.1765482869472923
251,sin(-3.8992293235503386 + (2)(X_0) + X_1) - (sin(sin(X_1))),13,0.3017497732106808,0.3315743088402584,0.3017497732106808,0.3315743088402584,0.6875268689624257,0.6886823688398401
252,sin(-3.556379242768782 + X_0 + (X_0)(X_1)),7,0.4176719782095807,0.5013229598116049,0.4176719782095807,0.5013229598116049,0.567485107315449,0.5293040741285581
253,(0.1942589316736606)(X_0 + (-0.4586462838052785)(sqrt(X_0))) - (sin(sin(X_1))),14,0.6655236615511185,0.7096977466829139,0.6655236615511185,0.7096977466829139,0.3108254561660495,0.3336594077212711
254,(-0.9438153457808205)(sin(sin(X_1))) + sin((1.402174036889642)(0.8481412066263624 + X_0 + X_1 + sqrt(X_0))),20,0.2140698208862225,0.2734405798015566,0.2140698208862225,0.2734405798015566,0.7783227258756958,0.7432645675576373
255,sin((-4.06412941188618)(0.35952103036725885 + X_0 + X_1 + (-1.8714409731661426)(sqrt(X_0)))) - (sin(X_1)),21,0.9382235700101036,0.9074507411031688,0.9382235700101036,0.9074507411031688,0.0284345422535985,0.1479876227356568
256,sin((0.24715590366796034)(1.3698190090145992 + log(log(sqrt(X_0))))) - (sin(sin(X_1))),16,0.6405694387092264,0.6653439548576404,0.6405694387092264,0.6653439548576404,0.3366664835214245,0.3753035189683438
257,sin((3.8693501898493716)(5.632674348928952 + X_1 + (X_0)(sqrt(X_3)) + sqrt((X_0)(sqrt(X_3))))) - (sin(sin(X_1))),27,1.079595313912726,1.1429930271924833,1.079595313912726,1.1429930271924833,-0.1179611649824485,-0.0731648145561638
258,sin((-0.08652668961028444)(-37.50278763875741 + X_0 + X_1 + sqrt(X_0))) - (sin(sin(X_1))),22,0.6786110626305162,0.7157139308035437,0.6786110626305162,0.7157139308035437,0.2972729648123322,0.3280107668612212
259,sin((0.20083383153799367)(-15.513655186067295 - (X_1))) - (sin(sin(X_1))),14,0.6678740646342337,0.7151551704724267,0.6678740646342337,0.7151551704724267,0.3083915262155253,0.328535391170258
260,sin(2.3839579678179312 + (2)(X_0) + X_1) - (sin(sin(X_1))),13,0.3017497732178303,0.3315742007714798,0.3017497732178303,0.3315742007714798,0.687526868955022,0.6886824703064351
261,sin((3.9485865771724393)(5.729875167724031 + X_0 + X_1 + sqrt(X_0))) - (sin(sin(X_1))),20,1.097022957353625,1.1846721536568072,1.097022957353625,1.1846721536568072,-0.1360081389855807,-0.112297662227873
262,sin((0.9830644334325306)(-3.953996582472153 + (2)(X_0) + X_1)) - (sin(sin(X_1))),15,0.3004478067456595,0.3317397995068646,0.3004478067456595,0.3317397995068646,0.6888751037382215,0.6885269883989151
263,sin((0.10925024366224048)(3.7385301769926773 + X_0 + X_1 + (-4.601391512157044)(sqrt(X_0)))) - (sin(sin(X_1))),20,0.6423158321090483,0.7040740530267869,0.6423158321090483,0.7040740530267869,0.3348580280987101,0.3389395363100012
264,(-0.00039885482823558117)((507.6592361969244)(0.13742686982310873 - (X_1)) + (X_1)((X_8)^(-1)) + ((X_1)^(-1))(X_0 + sqrt(X_0))) - (sin(sin(X_1))),26,0.6639370295233408,0.7143402384402,0.6639370295233408,0.7143402384402,0.3124684727365311,0.3293005370306736
265,sin((3.9485987072494537)(4.138600372367107 + X_0 + X_1 + sqrt(X_0))) - (sin(sin(X_1))),20,1.0970229628390111,1.1846716304721,1.0970229628390111,1.1846716304721,-0.1360081446659027,-0.1122971710057865
266,(-0.12362110711819503)(0.22434413236319894 + (-1.6627919340577286)(X_1)) - (sin(sin(X_1))),10,0.6668371600959607,0.7150004993402301,0.6668371600959607,0.7150004993402301,0.3094652794920025,0.3286806130683377
267,(-1)(sin(5.080941310921698 + X_0 + X_1 + sqrt(X_0))),10,0.3394280573254073,0.3734404458580627,0.3394280573254073,0.3734404458580627,0.648509602158279,0.6493739355423475
268,sin(-3.8992314644383117 + (2)(X_0) + X_1) - (sin(sin(X_1))),13,0.3017497732071651,0.3315744254476615,0.3017497732071651,0.3315744254476615,0.6875268689660663,0.6886822593562657
269,-0.015527358229435143 + sin(1.6093920430017827 + (2)(X_0) + X_1 + (sqrt(X_0))^(X_0 + sqrt(X_0))),20,0.7148103971386806,0.7849697181203203,0.7148103971386806,0.7849697181203203,0.2597872054200788,0.2629859833458678
270,sin((-1.7975724833838747)(0.1435401071869372 + X_0 + (2)(X_1) + sqrt(X_0))) - (sin(sin(X_1))),22,0.8526512709709911,0.9987962477414584,0.8526512709709911,0.9987962477414584,0.1170478456749269,0.0622226343587765
271,(0.10905673844969008)(3.707211978025949 + X_0 + X_1 + (-4.595115288781925)(sqrt(X_0))) - (sin(sin(X_1))),18,0.6408739333968761,0.7039354244007291,0.6408739333968761,0.7039354244007291,0.3363511679292309,0.3390696957775011
272,sin((-1.4178435801378577)(3.030552403648733 + X_0 + X_1 + sqrt(X_0))) - (sin(sin(X_1))),22,0.2146678746773385,0.2742788066932372,0.2146678746773385,0.2742788066932372,0.7777034188961065,0.7424775499771574
273,sin((0.10925024366224048)(3.7385301769926773 + X_0 + X_1 + (-4.601391512157044)(sqrt(X_0)))) - (sin(sin(X_1))),20,0.6423158321090483,0.7040740530267869,0.6423158321090483,0.7040740530267869,0.3348580280987101,0.3389395363100012
274,-0.397166460833982 + sin((-1.908350659607122)(2.285304216947272 + X_0 + sqrt(X_0))),15,0.4853417718371959,0.5124740647674579,0.4853417718371959,0.5124740647674579,0.4974105151575153,0.518834217185127
275,sin((-3.947891622380645)(-4.613314812290247 + X_0 + X_1 + sqrt(X_0))) - (sin(sin(X_1))),22,1.097022951202757,1.1847030308149844,1.097022951202757,1.1847030308149844,-0.1360081326161279,-0.112326653025665
276,sin((1.8040095050344123)(X_0 + X_1 + (sqrt(X_0))((X_0 + sqrt(X_0))^(-1)) - (3.597931642552354))) - (sin(sqrt((X_0 + X_1 + sqrt(X_0) - (3.597931642552354))(X_0 + X_1 + sqrt(X_0) - (3.597931642552354))))),36,0.8095083471719815,0.6925122084662709,0.8095083471719815,0.6925122084662709,0.1617239504426334,0.3497950397807357
277,-0.031244844166793406 - (sin(sin(X_1))),7,0.7092855345899438,0.7379313254119203,0.7092855345899438,0.7379313254119203,0.2655084064032214,0.3071506867053654
278,sin((1.4178526939134848)(-0.18520553769209439 + X_0 + X_1 + sqrt(X_0) + ((-1)(15394690.304971587))((X_0 + sqrt(X_0) - (15394690.304971587))^(-1)))) - (sin(sin(X_1))),30,0.2146678786730346,0.2742780720404094,0.2146678786730346,0.2742780720404094,0.7777034147584143,0.7424782397482645
279,-0.009367961929822297 + sin((-5.468004960818082)(-1.7657258747809423 + X_0 + X_1 + sqrt(X_0))),18,1.3791152864218308,1.5435009110962028,1.3791152864218308,1.5435009110962028,-0.4281252543283007,-0.4492047017053926
280,-0.3971659803575338 + sin((-1.9083488736661998)(5.577776930773118 + X_0 + sqrt(X_0))),15,0.4853417718431071,0.5124744171298207,0.4853417718431071,0.5124744171298207,0.4974105151513941,0.5188338863494346
281,sin((-2.991239571101395)(X_0 + (-2)(X_1) + sqrt(X_0))) - (sin(sin(X_1))),21,1.03043052610839,1.23041558935391,1.03043052610839,1.23041558935391,-0.0670491957088461,-0.1552465206365918
282,sin((-4.006521034956504)(-1.1582592158160518 + X_0 + X_1 + ((0.2437434715325179)^(-1))(sqrt(X_0)))) - (sin(((-1)((0.2437434715325179)^(-1)))(sqrt(X_0)) - (X_0))),25,1.0070000954553395,1.060522713030386,1.0070000954553395,1.060522713030386,-0.0427861119298049,0.0042671883507543
283,sin((-4.2123198804204804)(X_5)) - (sin(sin(X_1))),12,1.132465928596703,1.221074097828579,1.132465928596703,1.221074097828579,-0.172710656040554,-0.1464757234558917
284,sin((3.94858467657656)(-2.226369974677023 + X_0 + X_1 + sqrt(X_0))) - (sin(sin(X_1))),20,1.097022956507247,1.1846722370778102,1.097022956507247,1.1846722370778102,-0.1360081381091247,-0.1122977405524847
285,sin((0.08652643261512918)(-1.1950026641487455 + X_0 + X_1 + sqrt(X_0))) - (sin(sin(X_1))),20,0.678611062633862,0.7157139173619392,0.678611062633862,0.7157139173619392,0.2972729648088675,0.3280107794816456
286,sin((4.775586352722301)(-1.8499271819903385 + X_0 + X_1 + (0.481959506578989)(sqrt(X_0)))) - (sin(X_1)),19,1.1768332261323846,1.274869078154859,1.1768332261323846,1.274869078154859,-0.2186546454233415,-0.1969842381296063
287,-0.31256352474334526 + sin(3.807204566076506 + (2)(X_0) + X_1 + (sqrt(X_0))^(-4.232616759750859)),12,1.733109775674847,1.971474494737104,1.733109775674847,1.971474494737104,-0.7946997350643865,-0.8510323424663013
288,sin((0.10925024366224048)(3.7385301769926773 + X_0 + X_1 + (-4.601391512157044)(sqrt(X_0)))) - (sin(sin(X_1))),20,0.6423158321090483,0.7040740530267869,0.6423158321090483,0.7040740530267869,0.3348580280987101,0.3389395363100012
289,sin(-5.955294783061776 - (X_0 + X_1)),7,0.3567979241186678,0.4030666410469037,0.3567979241186678,0.4030666410469037,0.6305224580260904,0.6215576763793919
290,sin(X_0 + (-3.988064258624889)(-2.2388676663225473 + X_0 + X_1 + (4.153392515925322)(sqrt(X_0)))) - (sin(sin(X_1))),22,1.109364693238423,1.2798174451055386,1.109364693238423,1.2798174451055386,-0.1487884662525345,-0.2016302973571291
291,-0.031244844166796182 - (sin(sin(X_1))),7,0.7092855345899438,0.7379313254119206,0.7092855345899438,0.7379313254119206,0.2655084064032214,0.307150686705365
292,(0.17870201566913796)(-1.0314507634420425 + X_1 + X_4 + sqrt(X_4)) - (sin(sin(X_1))),18,0.6417308776582914,0.6654168982017389,0.6417308776582914,0.6654168982017389,0.3354637702233769,0.3752350319098227
293,sin((-3.5886110076798707)(log(sin(X_1) + (-4.239095272334783)((X_9)(sqrt(sin(X_1))))))) - (sin(sin(X_1))),22,1.2117179130265323,1.2049550879108453,1.2117179130265323,1.2049550879108453,-0.2547790382376127,-0.131341462898167
294,sin((2.651896308328432)(-3.922677048943306 + X_0 + X_1 + sqrt(X_0))) - (sin(sin(X_1))),20,0.8205122284886004,1.0105436379929058,0.8205122284886004,1.0105436379929058,0.1503290214192101,0.0511929206328057
295,sin((-0.6350684686831093)(0.9034134660204687 + X_0 + X_1 + sqrt(X_0))) - (sin(sin(X_1))),22,1.0466596355744358,0.97482531918541,1.0466596355744358,0.97482531918541,-0.0838550431328508,0.084729120825958
296,(0.3013579205025643)(X_1) - (sin(X_1)),8,0.6774262926182347,0.724634282366738,0.6774262926182347,0.724634282366738,0.2984998382954765,0.3196353811822682
297,sin((2.6519307258765608)(0.8160566366780838 + X_0 + X_1 + sqrt(X_0))) - (sin(sin(X_1))),20,0.8205122318932846,1.0105571047076902,0.8205122318932846,1.0105571047076902,0.1503290178935328,0.0511802766322473
298,sin((-2.651927972281625)(-2.7378855658102523 + X_0 + X_1 + sqrt(X_0))) - (sin(sin(X_1))),22,0.8205122300921525,1.0105560268835263,0.8205122300921525,1.0105560268835263,0.1503290197586723,0.0511812886095223
299,(X_7)((-133.4318551856812 + X_1 + sqrt(X_0))^(-1)) - (sin(sin(X_1))),16,0.710206584662394,0.7346607549295657,0.710206584662394,0.7346607549295657,0.2645546247419509,0.3102214501148415
300,sin((-4.906835827844959)(4.779252928857469 + X_0 + X_1 + ((0.42973786764074173 - (X_2))^(-1))(sqrt(X_0)))),23,1.4750725657055932,1.5374957169744623,1.4750725657055932,1.5374957169744623,-0.5274925916575304,-0.4435663794385795
301,sin((0.20083522901593576)(31.156182795009634 + X_1)) - (sin(sin(X_1))),12,0.667874064632982,0.7151553288588944,0.667874064632982,0.7151553288588944,0.3083915262168215,0.3285352424600031
302,sin((5.343213366387817)(-2.4615161065813065 + X_1)) - (sin(sin(X_1))),12,0.9493129264697624,0.9200995922337946,0.9493129264697624,0.9200995922337946,0.0169511005354102,0.136111520559173
303,sin((-0.2008343469267843)(46.79902661971757 + X_1)) - (sin(sin(X_1))),14,0.6678740646332696,0.7151552323192119,0.6678740646332696,0.7151552323192119,0.3083915262165236,0.3285353331018427
304,sin((-4.8570898057666465)(-3.8057490649813634 + X_0 + X_1 + ((2.274560357103668)^(-1))(sqrt(X_0)))) - (sin(sqrt(exp(2.274560357103668)))),18,1.383012756076417,1.5388160822983938,1.383012756076417,1.5388160822983938,-0.432161229345396,-0.4448060804466285
305,sin((2.6076559785778053)(X_0 + (1 + -0.8537890336663626)(X_1) - (-0.8537890336663626))) - (sin(sin(X_1))),15,0.4448679340921446,0.4635101874685853,0.4448679340921446,0.4635101874685853,0.5393226818867107,0.5648067726174766
306,sin((-1.9882412612112212)(-1.5069485517378645 + X_0 + X_1 + (sqrt(X_0))((X_0 + sqrt(X_0))^(-1)))) - (sin(sin(X_1))),29,0.7026048902905689,0.6661025711052281,0.7026048902905689,0.6661025711052281,0.2724264624446968,0.3745912484248731
307,sin((-3.9485864101796486)(0.1605031174037691 + X_0 + X_1 + sqrt(X_0))) - (sin(sin(X_1))),22,1.0970229572667558,1.1846721660477244,1.0970229572667558,1.1846721660477244,-0.1360081388956247,-0.1122976738617989
308,sin((-0.08652668961028444)(-37.50278763875741 + X_0 + X_1 + sqrt(X_0))) - (sin(sin(X_1))),22,0.6786110626305162,0.7157139308035437,0.6786110626305162,0.7157139308035437,0.2972729648123322,0.3280107668612212
309,sin((-4.910680113079157)(1.995940742367728 + X_0 + X_1 + sqrt(X_0))) - (sin(sin(X_1))),22,1.1620200668841354,1.2453560229490317,1.1620200668841354,1.2453560229490317,-0.2033150671972898,-0.1692742069540496
310,sin((2.6778415181757826)(0.8261406230505186 + X_0 + X_1 + sqrt(X_1))) - (sin(sin(X_1))),20,0.8141035352577349,0.934832703147834,0.8141035352577349,0.934832703147834,0.1569654619984369,0.1222784910780248
311,sin((-1.4178564164579184)(-1.4009410850775328 + X_0 + X_1 + sqrt(X_0))) - (sin(sin(X_1))),22,0.2146678744371095,0.2742777708287499,0.2146678744371095,0.2742777708287499,0.7777034191448726,0.742478522558174
312,sin((-3.3249023038453185)(-4.923730171309304 + X_1 + sin(X_0))) - (sin(sin(X_1))),18,0.7305998038582786,0.7528963072860925,0.7305998038582786,0.7528963072860925,0.2434366865699658,0.2930999518226863
313,(0.10905673844969)(3.7072119780259576 + X_0 + X_1 + (-4.595115288781932)(sqrt(X_0))) - (sin(sin(X_1))),18,0.6408739333968761,0.7039354244007291,0.6408739333968761,0.7039354244007291,0.3363511679292309,0.3390696957775011
314,(0.08419044480190103)(-2.2071097973826967 + X_0 + X_1 + (X_7)(X_7) + sqrt(X_0)) - (sin(sin(X_1))),23,0.6764345547039237,0.7265083493660964,0.6764345547039237,0.7265083493660964,0.2995268198502799,0.3178758054753434
315,sin((-3.638875278251824)(-0.9129597205758682 + sin(5.001544622226711 + X_1))) - (sin(sin(X_1))),17,0.4019952953430052,0.4670210627595466,0.4019952953430052,0.4670210627595466,0.5837188964165324,0.561510385202228
316,sin((0.10925024366224048)(3.7385301769926773 + X_0 + X_1 + (-4.601391512157044)(sqrt(X_0)))) - (sin(sin(X_1))),20,0.6423158321090483,0.7040740530267869,0.6423158321090483,0.7040740530267869,0.3348580280987101,0.3389395363100012
317,sin((-2.493781085824431)(4.91860082423471 + X_0 + X_1 + (-1.013352972270983)(sqrt(X_0)))) - (sin(sin(X_1))),22,0.6971045514763924,0.667226721830259,0.6971045514763924,0.667226721830259,0.2781222681871365,0.3735357747905988
318,-0.3971659094337849 + sin((-1.9083485980049257)(8.870250041078602 + X_0 + sqrt(X_0))),15,0.4853417718455371,0.5124744689689634,0.4853417718455371,0.5124744689689634,0.4974105151488778,0.5188338376772708
319,sin((-2.65161122623939)(-3.0554751455191234 + X_0 + X_1 + (-2.112678052407415)((X_0)(sqrt(X_0))))) - (sin(sin(X_1))),20,0.896882135931552,1.0319623732501977,0.896882135931552,1.0319623732501977,0.0712451373061062,0.0310827077937313
320,sin((3.692438998863862)(1.8858798679391944 - (X_0 + X_1))),11,1.3544650578639896,1.6018426391045597,1.3544650578639896,1.6018426391045597,-0.4025990243785518,-0.5039821922319649
321,(-0.0357073238476517)(X_9) - (sin(sin(X_1))),9,0.7089884972854894,0.74388660123095,0.7089884972854894,0.74388660123095,0.2658159995973114,0.3015592331112364
322,sin((0.21742994424204062)(-13.98746500835774 + X_0 + X_1 + ((-2.5842106606778144)^(-1))(sqrt(X_0)))) - (sin((exp(-2.5842106606778144))((X_2)^(-1)))),25,0.8456006920882152,0.926606322893098,0.8456006920882152,0.926606322893098,0.1243489827584342,0.1300023018367194
323,sin((0.10925024366224048)(3.7385301769926773 + X_0 + X_1 + (-4.601391512157044)(sqrt(X_0)))) - (sin(sin(X_1))),20,0.6423158321090483,0.7040740530267869,0.6423158321090483,0.7040740530267869,0.3348580280987101,0.3389395363100012
324,sin((-1.4474551795565895)(0.0326848167964762 + X_1 + (-1.5223464083158007)(sqrt(X_0)))) - (sin(X_1)),18,0.7718291311542892,0.8767257596466003,0.7718291311542892,0.8767257596466003,0.2007421822670166,0.1768355406517189
325,sin((-3.4812971313485708)(2.3291264843739796 + (2)(X_1) + (2.301066469648775)(sqrt(X_1)))) - (sin(sin(X_1))),19,0.6765074798064891,0.8482629729027844,0.6765074798064891,0.8482629729027844,0.2994513031899445,0.2035594668096121
326,sin((-3.483766429917609)(X_0 + (-3.066394872508291)(-5.3840446288562 + X_0) + X_1 - (-5.3840446288562))) - (sin(sin(X_1))),17,0.9757654926764042,1.0455204981629644,0.9757654926764042,1.0455204981629644,-0.0104415171909233,0.0183528815729379
327,sin((1.417844815494594)(9.677806310919927 + X_0 + X_1 + sqrt(X_0))) - (sin(sin(X_1))),20,0.2146678746052511,0.2742787059104453,0.2146678746052511,0.2742787059104453,0.7777034189707557,0.7424776446028845
328,sin((-2.651927972281625)(-2.7378855658102523 + X_0 + X_1 + sqrt(X_0))) - (sin(sin(X_1))),22,0.8205122300921525,1.0105560268835263,0.8205122300921525,1.0105560268835263,0.1503290197586723,0.0511812886095223
329,0.6035354825970285 + sin((-0.396826657504919)(X_0 + X_1 + sin((X_0 + sqrt(X_0))((X_0 + X_1 + sqrt(X_0) - (-2.322103186741123))^(-1))) + sqrt(X_0) - (-2.322103186741123))) - (sin(sin(X_1))),41,0.8411970057408726,0.7809458680330247,0.8411970057408726,0.7809458680330247,0.1289091640186229,0.266764006684594
330,sin((1.4178489394413183)(-3.616695260698331 + X_0 + X_1 + sqrt(X_0))) - (sin(sin(X_1))),20,0.2146678744403861,0.2742783728953328,0.2146678744403861,0.2742783728953328,0.7777034191414796,0.7424779572732971
331,sin((-2.8627736825652232)(-2.446803563916693 + X_1)) - (sin(sin(X_1))),14,0.4304567667961743,0.5139146070942359,0.4304567667961743,0.5139146070942359,0.5542459824710465,0.5174816810784335
332,sin(-0.4076877806748932 + X_0 + sqrt(X_0)) - (sin(5.1863685447574035 + X_0 + X_1 + sqrt(X_0))),18,0.7746780676413638,0.8302055596495298,0.7746780676413638,0.8302055596495298,0.1977920024051684,0.2205137089478098
333,-0.07242834472142479 + sin((4.5088137613700106)(2.7323626530372596 + X_0 + sqrt(X_0))) - (sin(sin(X_1))),18,0.7702927848402689,0.8313789620902715,0.7702927848402689,0.8313789620902715,0.2023331261076431,0.2194119925044372
334,sin((2.79989089934976)(0.38023186322063957 + X_0 + (-1.459331735360087)(sqrt(X_0)))) - (sin(sin(X_1))),17,0.8150874319183379,0.8046907742123349,0.8150874319183379,0.8046907742123349,0.1559466003539531,0.2444697343396746
335,sin((0.7223385712683079)(0.9801679029476817 + (-4.969982350649512)^(X_3) + X_1)) - (sin(sin(X_1))),17,inf,inf,inf,inf,-inf,-inf
336,sin((1.3057738334964721)(4.75609305160453 + X_1 + (X_0 + (-0.6368952665056753)(sqrt(X_0)))^(X_1))) - (sin(sin(X_1))),23,inf,inf,inf,inf,-inf,-inf
337,sin((0.10925024366224048)(3.7385301769926773 + X_0 + X_1 + (-4.601391512157044)(sqrt(X_0)))) - (sin(sin(X_1))),20,0.6423158321090483,0.7040740530267869,0.6423158321090483,0.7040740530267869,0.3348580280987101,0.3389395363100012
338,sin((-2.6326387444629096)(-3.6815118176811277 + X_0 + X_1)) - (sin(sin(X_1))),17,0.961552546005078,0.9655375490523116,0.961552546005078,0.9655375490523116,0.0042765185524162,0.0934494785844033
339,sin((4.338231027806263)(-3.7843458375599464 + X_0 + (2)(X_1) + sqrt(X_0))) - (sin(X_1)),19,1.1599153241311932,1.341620016140582,1.1599153241311932,1.341620016140582,-0.2011355276700761,-0.2596571996268899
340,sin((0.10925024366224048)(3.7385301769926773 + X_0 + X_1 + (-4.601391512157044)(sqrt(X_0)))) - (sin(sin(X_1))),20,0.6423158321090483,0.7040740530267869,0.6423158321090483,0.7040740530267869,0.3348580280987101,0.3389395363100012
341,sin((-0.2008349667484261)(15.513566069756791 + X_1)) - (sin(sin(X_1))),14,0.6678740646328944,0.7151552986840827,0.6678740646328944,0.7151552986840827,0.3083915262169122,0.3285352707913626
342,sin((3.767304589344949)(4.411469095478883 + X_0 + X_1 + ((0.33785428362022724)^(-1))(sqrt(X_0)))) - (sin(sin(log(sqrt(exp(0.33785428362022724)))))),16,1.2904701882851797,1.5143135110368946,1.2904701882851797,1.5143135110368946,-0.3363299529725878,-0.4218004306146388
343,sin((0.18871018462768224)(X_0)) - (sin(sin(X_1))),10,0.6733157216294413,0.7067372105561666,0.6733157216294413,0.7067372105561666,0.3027564876826617,0.336439077524902
344,sin((4.125756702664735)(X_0 + (2)(X_1) + (sqrt(-3.2985500690035607))(sqrt(X_4)) - (-3.2985500690035607))) - (sin(sin(X_1))),21,1.1310647837455086,1.273319868465601,1.1310647837455086,1.273319868465601,-0.1712597183512514,-0.1955296734128249
345,sin((5.287737862389527)(X_1)) - (sin(X_1)),9,1.00865249360086,0.9684054197277792,1.00865249360086,0.9684054197277792,-0.0444972317651493,0.0907568130751754
346,sin((5.170990227523581)(-1.2588397164879568 + X_1 + X_5 + sqrt(X_5))) - (sin(sin(X_1))),20,1.0958158019951318,1.0721172461837425,1.0958158019951318,1.0721172461837425,-0.1347580846425282,-0.0066190066875042
347,sin((0.10925024366224048)(3.7385301769926773 + X_0 + X_1 + (-4.601391512157044)(sqrt(X_0)))) - (sin(sin(X_1))),20,0.6423158321090483,0.7040740530267869,0.6423158321090483,0.7040740530267869,0.3348580280987101,0.3389395363100012
348,(-0.0038762150065001742)((5.127334935483707 + X_0 + X_1 + sqrt(X_0))(5.127334935483707 + X_0 + X_1 + sqrt(X_0))) - (sin(5.127334935483707 + X_0 + X_1 + sqrt(X_0))),22,0.3073082258885443,0.3393526769350747,0.3073082258885443,0.3393526769350747,0.6817708841492622,0.681379200093022
349,sin((5.343213235884902)(3.0494793564364584 - (X_1))) - (sin(sin(X_1))),14,0.949312928285286,0.9201002014631476,0.949312928285286,0.9201002014631476,0.0169510986553681,0.1361109485491168
350,(0.2115084635903159)(-0.971251360126502 + X_1 + X_3 + sqrt(X_3)) - (sin(sin(X_1))),18,0.6148306935539846,0.6418841506831977,0.6148306935539846,0.6418841506831977,0.3633199129575462,0.3973301068804589
351,sin((2.3840176297541014)(-3.2841651933817175 + X_0 + X_1 + (3.9717568708096302)((sqrt(X_0))^(-1)))) - (sin(sin(X_1))),20,1.0108743267105074,0.9563256042129163,1.0108743267105074,0.9563256042129163,-0.0467980227186179,0.1020986434000049
352,0,1,0.9657439953116288,1.0653128456994163,0.9657439953116288,1.0653128456994163,-6.388334571139076e-05,-0.0002303035106667
353,(-0.08993718230859057)(sqrt(X_0)) - (sin(sin(X_1))),11,0.7034181264558333,0.7409766314346249,0.7034181264558333,0.7409766314346249,0.2715843261006349,0.3042914258040544
354,sin((-0.08652668961028444)(-37.50278763875741 + X_0 + X_1 + sqrt(X_0))) - (sin(sin(X_1))),22,0.6786110626305162,0.7157139308035437,0.6786110626305162,0.7157139308035437,0.2972729648123322,0.3280107668612212
355,sin((1.4874030093635622)(-2.6115428557161944 + X_0 + X_1)) - (sin(sin(X_1))),15,0.2496336023873915,0.2895269123908088,0.2496336023873915,0.2895269123908088,0.7414951052980076,0.7281609879912447
356,sin((2.6320733089001958)(1 + X_0)) - (sin(sin(X_1))),12,0.5284297934281461,0.5292862507358558,0.5284297934281461,0.5292862507358558,0.4527912636714889,0.503049128380713
357,sin((3.9478730083217606)(4.140136023479128 + X_0 + X_1 + sqrt(X_0))) - (sin(sin(X_1))),20,1.097022959488841,1.184703881258091,1.097022959488841,1.184703881258091,-0.1360081411966764,-0.1123274515131425
358,-0.39716666667157086 + sin((1.9083514179080847)(-2.6533975354682786 + X_0 + sqrt(X_0))),13,0.4853417718401839,0.5124739138542708,0.4853417718401839,0.5124739138542708,0.4974105151544211,0.5188343588786621
359,sin((3.9097917085989327)(-3.7060706880253083 + X_0 + X_1 + sin(X_0))) - (sin(sin(X_1))),19,1.061645746748907,1.1033659753329397,1.061645746748907,1.1033659753329397,-0.0993737195213659,-0.0359586752810086
360,sin((-3.864310151775206)((2)(X_0) + (2)(sqrt(X_0)) - (X_1))) - (sin(X_0 + sqrt(X_0))),24,1.205705651683662,1.226261077959881,1.205705651683662,1.226261077959881,-0.2485531176464106,-0.1513458184068541
361,sin((-0.18813599352305882)(16.548397945925643 + X_0)) - (sin(sin(X_1))),14,0.6725454188734376,0.7085905855180912,0.6725454188734376,0.7085905855180912,0.3035541648820653,0.334698929728723
362,sin((2.8627671231659755)(0.25201123239774265 - (X_1))) - (sin(sin(X_1))),14,0.4304567669520114,0.5139143136383426,0.4304567669520114,0.5139143136383426,0.5542459823096713,0.5174819566063954
363,sin((1.417847556501122)(-3.616698991470643 + X_0 + X_1 + sqrt(X_0))) - (sin(sin(X_1))),20,0.2146678744826987,0.2742784838612364,0.2146678744826987,0.2742784838612364,0.7777034190976633,0.7424778530865692
364,sin((-3.892341310450048)(exp(((2.263917712522371)^(-1))((0.767132157542366 + (2)(X_0) + X_1 + sqrt(X_0))(0.767132157542366 + (2)(X_0) + X_1 + sqrt(X_0)))) - (exp(sin(((2.263917712522371)^(-1))(0.767132157542366 + (2)(X_0) + X_1 + sqrt(X_0))))))) - (sin(sin(X_0 + X_1))),45,0.8356434857694188,1.0069703033542443,0.8356434857694188,1.0069703033542443,0.1346600408305445,0.0545479516029119
365,sin((2.6519241049527804)(-1.5532552365191707 + X_0 + X_1 + sqrt(X_0))) - (sin(sin(X_1))),20,0.8205122280113146,1.01055451321474,0.8205122280113146,1.01055451321474,0.1503290219134573,0.051182709804616
366,sin((-2.6519280319798653)(-2.737885315976887 + X_0 + X_1 + sqrt(X_0))) - (sin(sin(X_1))),22,0.8205122301283762,1.010556050246882,0.8205122301283762,1.010556050246882,0.1503290197211612,0.0511812666734906
367,sin(sin(6.606946403147834 - (X_0 + X_1))),8,0.3864194762396275,0.4373993543760494,0.3864194762396275,0.4373993543760494,0.5998482373334157,0.5893224316696463
368,sin((4.5237106905872)(-0.07235772419904654 + X_0 + sqrt(X_0))) - (sin(sin(X_1))),17,0.7736779109809616,0.83714671066678,0.7736779109809616,0.83714671066678,0.1988277018851669,0.2139966096593474
369,sin((2.4680095856971658)(0.10141008131772236 + X_1 + X_3 + (-4.5404185634268766)(sqrt(X_3)))) - (sin(sin(X_1))),20,1.1070997548029375,1.1173627607251524,1.1070997548029375,1.1173627607251524,-0.1464430381283872,-0.0491003631500168
370,sin((0.10925024366224048)(3.7385301769926773 + X_0 + X_1 + (-4.601391512157044)(sqrt(X_0)))) - (sin(sin(X_1))),20,0.6423158321090483,0.7040740530267869,0.6423158321090483,0.7040740530267869,0.3348580280987101,0.3389395363100012
371,sin(-432.55564190486916 + (2.493607120727512)(192.24352153029048 + X_0 + X_1 + (-1.0135136036084695)(sqrt(X_0)))) - (sin(sin(X_1))),20,0.6971045385138019,0.667192875300875,0.6971045385138019,0.667192875300875,0.2781222816103817,0.3735675535535183
372,sin((2.8627983411427307)(2.4467957151580535 - (X_1))) - (sin(sin(X_1))),14,0.4304567670304265,0.5139157111034945,0.4304567670304265,0.5139157111034945,0.5542459822284695,0.5174806445157746
373,sin((-3.4626368956339606)(2.6479746562709883 + X_0 + X_1 + sin(X_0))) - (sin(sin(X_1))),21,1.0430720598028027,1.1474414050805657,1.0430720598028027,1.1474414050805657,-0.0801399747758186,-0.0773414302640176
374,sin((0.046326223813398563)(log(X_2))) - (sin(sin(X_1))),11,0.7067881950016471,0.7312722808026297,0.7067881950016471,0.7312722808026297,0.2680944945785861,0.3134029141496602
375,sin((3.9478753590411912)(4.140131034609574 + X_0 + X_1 + sqrt(X_0))) - (sin(sin(X_1))),20,1.0970229584188378,1.184703774232589,1.0970229584188378,1.184703774232589,-0.1360081400886483,-0.1123273510260876
376,sin((1.4873975823028984)(1.6127268077801866 + X_0 + X_1)) - (sin(sin(X_1))),15,0.2496336024430912,0.2895276029062663,0.2496336024430912,0.2895276029062663,0.7414951052403285,0.7281603396610491
377,sin((5.266698185952665)(X_1)) - (sin(sin(X_1))),10,0.9793656620711098,0.9470913332213868,0.9793656620711098,0.9470913332213868,-0.0141696267137889,0.1107687704090277
378,sin(-4.815127102326498 + (2)(X_0) + X_1 + sqrt(X_0)) - (sin(sin(X_1))),16,0.2729579010101849,0.3289694852632416,0.2729579010101849,0.3289694852632416,0.7173419251899615,0.6911280574350251
379,sin((-1.4178473672959244)(-1.400951372375023 + X_0 + X_1 + sqrt(X_0))) - (sin(sin(X_1))),22,0.214667874489512,0.2742784992078033,0.214667874489512,0.2742784992078033,0.7777034190906078,0.7424778386775613
380,sin((2.651894906376704)(-1.5533644242666425 + X_0 + X_1 + sqrt(X_0))) - (sin(sin(X_1))),20,0.8205122292306827,1.0105430896867351,0.8205122292306827,1.0105430896867351,0.1503290206507562,0.0511934354416245
381,sin((1.4178564518919494)(5.246260743235757 + X_0 + X_1 + sqrt(X_0))) - (sin(sin(X_1))),20,0.2146678744378983,0.2742777699251468,0.2146678744378983,0.2742777699251468,0.7777034191440557,0.7424785234065738
382,(0.10905673844969005)(3.7072119780259545 + X_0 + X_1 + (-4.595115288781928)(sqrt(X_0))) - (sin(sin(X_1))),18,0.6408739333968761,0.7039354244007291,0.6408739333968761,0.7039354244007291,0.3363511679292309,0.3390696957775011
383,sin((-0.42671992186514474)(sqrt(-11.178767899540512) - (-11.178767899540512) + X_0 + sqrt(X_0))) - (sin(sin(sqrt(-11.178767899540512)))),20,0.7720979293264625,0.8714574761345534,0.7720979293264625,0.8714574761345534,0.2004638317463768,0.1817819719629599
384,-0.2009243427022938 - (sin(sin(-2.0069759647077405 - (X_0 + X_1 + sqrt(X_0))))),11,0.3270812156948018,0.3692613132962802,0.3270812156948018,0.3692613132962802,0.6612952166152174,0.6532977547730625
385,sin((3.948575426193105)(4.1386494663058535 + X_0 + X_1 + sqrt(X_0))) - (sin(sin(X_1))),20,1.0970229524703805,1.1846726355582398,1.0970229524703805,1.1846726355582398,-0.1360081339287993,-0.1122981146887796
386,sin((-4.5329879748770985)(0.6190027217704168 + X_0 + X_1 + sqrt(X_0) + ((-1)(-1.2692192313500297))((X_0 + sqrt(X_0) - (-1.2692192313500297))^(-1)))) - (sin(X_2)),31,1.307011368521701,1.4414069775028775,1.307011368521701,1.4414069775028775,-0.3534589613047798,-0.3533479338114451
387,sin((-1.4178478000659294)(-1.4009508810538018 + X_0 + X_1 + sqrt(X_0))) - (sin(sin(X_1))),22,0.2146678744743124,0.2742784644590894,0.2146678744743124,0.2742784644590894,0.7777034191063475,0.7424778713033922
388,sin((-0.08652668961028444)(-37.50278763875741 + X_0 + X_1 + sqrt(X_0))) - (sin(sin(X_1))),22,0.6786110626305162,0.7157139308035437,0.6786110626305162,0.7157139308035437,0.2972729648123322,0.3280107668612212
389,-0.03124484416679607 - (sin(sin(X_1))),7,0.7092855345899438,0.7379313254119207,0.7092855345899438,0.7379313254119207,0.2655084064032214,0.307150686705365
390,sin((4.237884558081833)(3.171643582045336 + (2)(X_0) + (2)(X_1) + (2)(sqrt(X_0)))) - (sin(sin(X_1))),20,1.1267159966649245,1.2989168304048235,1.1267159966649245,1.2989168304048235,-0.166756387326916,-0.2195628549451571
391,(-0.03155285443787984)((-1.0654930711938415 + X_0 + X_1 + sqrt(X_0))(-1.0654930711938415 + X_0 + X_1 + sqrt(X_0))) - (sin(-1.0654930711938415 + X_0 + X_1 + sqrt(X_0))),22,0.3201547867782734,0.3606989247243958,0.3201547867782734,0.3606989247243958,0.6684677917838014,0.6613370462869175
392,sin((2.6105815318652366)(0.038577416792948266 + X_1 + sqrt(X_0))) - (sin(sin(X_1))),17,0.4638734780409001,0.5364102383268209,0.4638734780409001,0.5364102383268209,0.5196417331272449,0.4963603624476983
393,sin((0.0672569252346664)(-0.40674512210225877 + (2)(X_0) + X_1)) - (sin(sin(X_1))),15,0.6690694993048384,0.7091027884373917,0.6690694993048384,0.7091027884373917,0.307153609081404,0.3342180185264417
394,sin((2.651924791073489)(-1.5532526711119046 + X_0 + X_1 + sqrt(X_0))) - (sin(sin(X_1))),20,0.8205122283422193,1.0105547817493368,0.8205122283422193,1.0105547817493368,0.1503290215707933,0.0511824576754481
395,sin(-4.769359714950509 + X_0 + (2)(X_1) + sqrt(X_0)) - (sin(sin(X_1))),16,0.2158241265503506,0.2752776653411785,0.2158241265503506,0.2752776653411785,0.7765060770085422,0.7415397140234956
396,(-0.04832841166266294)((3.9203379826738836 + X_0 + (2)(X_1) + sqrt(X_0))^(-1)) - (sin(sin(X_1))),19,0.7004495126628142,0.7168673895145712,0.7004495126628142,0.7168673895145712,0.2746584362710454,0.3269277757368061
397,sin((3.779728338997004)(X_0 + X_1 + sqrt(X_0) - (-2.790295326568616))) - (sin(sin(-2.790295326568616 - (X_1)))),20,1.113969214125228,1.222104703499997,1.113969214125228,1.222104703499997,-0.1535566191598887,-0.1474433669304671
398,sin((-2.862771429731822)(1.3494087220010238 - (X_1))) - (sin(sin(X_1))),12,0.4304567668393645,0.5139145062809811,0.4304567668393645,0.5139145062809811,0.5542459824263214,0.5174817757327622
399,sin((0.10260866323646699)(-0.26236898894901356 + X_0 + X_1)) - (sin(sin(X_1))),15,0.6679947679183195,0.7100230807512462,0.6679947679183195,0.7100230807512462,0.3082665334683776,0.3333539490992109
400,(-0.18118757428966883)(-0.69201225609182 + X_0 + sqrt(X_0) - (X_1)) - (sin(sin(X_1))),18,0.698286045642524,0.7454661899976889,0.698286045642524,0.7454661899976889,0.2768987869647131,0.3000761452484031
401,sin((0.15660905388284177)(2.692071157050416 + X_0 + X_1 + (-3.3093722062817372)(sqrt(X_0)))) - (sin(X_1)),19,0.6555430019686838,0.7153905372181223,0.6555430019686838,0.7153905372181223,0.3211608009663458,0.3283144035491719
402,sin((-2.6518911271876933)(-0.368717310079205 + X_0 + X_1 + sqrt(X_0))) - (sin(sin(X_1))),22,0.8205122315746363,1.0105416117350865,0.8205122315746363,1.0105416117350865,0.1503290182235049,0.0511948231016271
403,sin(-4.763376224241997 + X_0 + X_1 + sqrt(X_0)) - (sin(sin(X_1))),14,0.653663414316374,0.664003702844549,0.653663414316374,0.664003702844549,0.3231071839993057,0.3765618917395416
404,sin((-4.282618339241746)(1.5239535399876856 + (2)(X_0) + X_1)) - (sin(sin(X_1))),17,1.149784490778873,1.2288460998251047,1.149784490778873,1.2288460998251047,-0.1906446723367425,-0.1537729150247841
405,sin((1.4178471557744494)(-3.6167000725039107 + X_0 + X_1 + sqrt(X_0))) - (sin(sin(X_1))),20,0.2146678744973909,0.2742785160158531,0.2146678744973909,0.2742785160158531,0.777703419082449,0.742477822896356
406,-0.6073023662234531 + (-0.37535649571739865)(-2.44439974293695 + X_0 + sqrt(X_0)),10,0.8071950605748772,0.9202291366157176,0.8071950605748772,0.9202291366157176,0.1641194448892182,0.1359898903573294
407,(-1.9436636303771806)((sin(X_1))(sin(((-1.9436636303771806)^(-1))(-4.998415692341439 + X_0 + X_1 + (0.054608626527342205)(sqrt(X_0)))) - (sin(sin(X_1))))),26,0.5898931317632469,0.5999198706663401,0.5898931317632469,0.5999198706663401,0.389143687173788,0.4367306873834665
408,0,1,0.9657439953116288,1.0653128456994163,0.9657439953116288,1.0653128456994163,-6.388334571139076e-05,-0.0002303035106667
409,-0.03124484416679696 - (sin(sin(X_1))),7,0.7092855345899438,0.7379313254119209,0.7092855345899438,0.7379313254119209,0.2655084064032214,0.3071506867053649
410,(-1)(sin(sin(X_1))),5,0.7102617748769511,0.7352994697878722,0.7102617748769511,0.7352994697878722,0.2644974732188135,0.3096217558943506
411,sin((-3.9478846032198533)(-1.4302511499955075 + X_0 + X_1 + sqrt(X_0))) - (sin(sin(X_1))),22,1.0970229542764214,1.1847033520179555,1.0970229542764214,1.1847033520179555,-0.1360081357990219,-0.1123269546055687
412,(-0.0931016289959201)(X_0 + sqrt(X_0)) - (sin(-1.172391849255298 + X_0 + X_1 + sqrt(X_0))),19,0.3239349666499706,0.3545594696186465,0.3239349666499706,0.3545594696186465,0.6645532747062038,0.6671014272090138
413,sin(0.3278905125786494 - (X_0 + X_1)),7,0.3567979241187543,0.4030666393503223,0.3567979241187543,0.4030666393503223,0.6305224580260009,0.6215576779723251
414,sin((-2.651896210574432)(-2.738018524267715 + X_0 + X_1 + sqrt(X_0))) - (sin(sin(X_1))),22,0.8205122285381096,1.0105435997588033,0.8205122285381096,1.0105435997588033,0.1503290213679415,0.0511929565310944
415,sin((2.6519244607726757)(3.1853315249260414 + X_0 + X_1 + sqrt(X_0))) - (sin(sin(X_1))),20,0.8205122281808431,1.0105546524638986,0.8205122281808431,1.0105546524638986,0.1503290217379042,0.0511825790625256
416,exp((-8.143202725074213)(10.038654660445781 + X_0 + (0.7917184829486255)(sin(X_1)))) - (sin(sin(X_1))),17,0.7102617748769511,0.7352994697878722,0.7102617748769511,0.7352994697878722,0.2644974732188135,0.3096217558943506
417,sin((2.523932557134282)(2.644372225532918 + X_0 + X_1 + (1.7313741953164314)(sqrt(X_0)))) - (sin(sin(X_1))),20,0.712714026630594,0.9551901218068356,0.712714026630594,0.9551901218068356,0.2619580751758591,0.1031647564354858
418,sin((1.4518098930172223)(-3.5714805263694727 + X_0 + X_1 + sqrt(X_0))) - (sin(X_1)),19,0.2290775263389561,0.2883953015684979,0.2290775263389561,0.2883953015684979,0.7627816878076039,0.729223465967386
419,sin((4.707896251855794)(X_0 + X_1 + sqrt(X_0) - (3.246617400814354))) - (sin(sin(3.246617400814354))),16,1.489449469061572,1.5593857895646843,1.489449469061572,1.5593857895646843,-0.5423804106555936,-0.464119134471223
420,sin((1.7728001914260392)(log(-0.015699816227428824 - (X_1)))) - (sin(sin(X_1))),15,1.1269557180461955,1.0663828212157598,1.1269557180461955,1.0663828212157598,-0.1670046277473986,-0.0012349116309775
421,sin((3.7146306661701005)(3.8783238319075752 + X_1 + (X_0)(X_0 + sqrt(X_0)) + sqrt((X_0)(X_0 + sqrt(X_0))))) - (sin(sin(X_1))),31,1.0147686701105985,1.1462177967397045,1.0147686701105985,1.1462177967397045,-0.0508307603827233,-0.0761925751205743
422,sin((-5.1930072881591585)(-3.7541221378807723 + X_0 + X_1 + (3.0441923150721224)(sqrt(X_0)))) - (sin(log(sqrt(X_0)))),24,1.36277669469427,1.5136607363029546,1.36277669469427,1.5136607363029546,-0.4112060339440293,-0.4211875354703733
423,-0.30161520305105866 + sin((-1.2600978435395098)(-1.8278243522418904 + X_0 + (2.3166756000247863)(sqrt(X_0)))),15,0.5104884277244512,0.5471423806452986,0.5104884277244512,0.5471423806452986,0.4713702162150902,0.4862838726992967
424,sin((-1.4178564569591838)(3.0305267999556857 + X_0 + X_1 + sqrt(X_0))) - (sin(sin(X_1))),22,0.2146678744380303,0.2742777694417901,0.2146678744380303,0.2742777694417901,0.777703419143919,0.742478523860401
425,sin((-4.7735762500198735)(-3.7033268585106964 + X_0 + X_1 + ((4.424880218558455)^(-1))(sqrt(X_0)))) - (sin(sin(log(log(sqrt(X_0))) - (exp(4.424880218558455))))),28,1.4731377507274444,1.632915806716728,1.4731377507274444,1.632915806716728,-0.5254890186713179,-0.5331570247679902
426,-0.055824120474884255 + sin((-1.4100821322156951)(-1.3807590988357206 + X_0 + X_1 + sqrt(X_0))) - (sin(sin(X_1))),23,0.2121901731239076,0.273713792483176,0.2121901731239076,0.273713792483176,0.7802691711548054,0.7430080461005251
427,sin((1.428623049275207)(-3.5681806512820273 + X_0 + X_1 + sqrt(X_0))) - (sin(X_0)),19,0.3318738156263057,0.4162491049409816,0.3318738156263057,0.4162491049409816,0.6563323008506978,0.6091805611357142
428,sin((5.266699186898762)(X_1)) - (sin(sin(X_1))),10,0.979365662020614,0.9470913224064236,0.979365662020614,0.9470913224064236,-0.0141696266614987,0.1107687805632786
429,sin((-3.948021952746477)(1.7527230389838904 + X_0 + X_1 + sqrt(X_0))) - (sin(sin(X_1))),22,1.097022945940703,1.18471608524253,1.097022945940703,1.18471608524253,-0.136008127167075,-0.112338909926611
430,sin(sin(sin(X_3))) - (sin(sin(X_1))),10,0.7796436052984032,0.7987740010334,0.7796436052984032,0.7987740010334,0.1926500031835262,0.250025037513255
431,sin((1.0891766246006078)(-4.101124826277791 + X_0 + X_1 + sqrt(X_0))),14,0.3196003375836852,0.3676524088928481,0.3196003375836852,0.3676524088928481,0.6690419445793142,0.6548083673093338
432,sin((-0.08652668961028444)(-37.50278763875741 + X_0 + X_1 + sqrt(X_0))) - (sin(sin(X_1))),22,0.6786110626305162,0.7157139308035437,0.6786110626305162,0.7157139308035437,0.2972729648123322,0.3280107668612212
433,sin((-0.9413812551848132)((9.531771770075148)(X_0) + sqrt((9.531771770075148)(X_0)) - (X_1))) - (sin(sin(X_1))),21,1.092436860434276,1.279133301631051,1.092436860434276,1.279133301631051,-0.1312590647828633,-0.2009879498646589
434,exp(-4.860372171985617 + X_0 + X_1 + sqrt(X_0)) - (sin(sin(X_1))),15,0.6384243240872354,0.6276386026417482,0.6384243240872354,0.6276386026417482,0.338887829622984,0.4107053598858988
435,-0.06641487884233441 + sin((-2.0000654463032115)(X_1)),8,0.4997716866621372,0.5109975801567135,0.4997716866621372,0.5109975801567135,0.4824678008085412,0.5202204997745989
436,sin((-0.08652668961028444)(-37.50278763875741 + X_0 + X_1 + sqrt(X_0))) - (sin(sin(X_1))),22,0.6786110626305162,0.7157139308035437,0.6786110626305162,0.7157139308035437,0.2972729648123322,0.3280107668612212
437,sin((0.08494155692436327)(-1.1961361908063806 + (2)(X_1) + sqrt(X_0))) - (sin(sin(X_1))),17,0.6782922191313844,0.7198485164342019,0.6782922191313844,0.7198485164342019,0.297603139133342,0.3241287730817048
438,sin((-5.343213405019267)(-3.4180792213827536 - (X_1))) - (sin(sin(X_1))),12,0.9493129259462472,0.920099411669243,0.9493129259462472,0.920099411669243,0.01695110107753,0.1361116900925987
439,sin(((-3.2156934337820076)^(-1))((X_0)(2.3320797917858695 + X_0 + X_1 + sqrt(X_0)))) + ((-1)((-3.2156934337820076)^(-2)))((X_0)(2.3320797917858695 + X_0 + X_1 + sqrt(X_0))),24,0.6035201619684573,0.6701416230513286,0.6035201619684573,0.6701416230513286,0.3750323897578568,0.370798951945719
440,-0.020808834780050432 + sin((3.949892075599091)(-3.8151760913345583 + X_0 + X_1 + sqrt(X_0))) - (sin(sin(X_1))),21,1.0965930234779142,1.186833209797776,1.0965930234779142,1.186833209797776,-0.1355629264412496,-0.1143266942145901
441,sin((2.4871202284137857)(X_0 + X_1 + (-1.429144415726215)((sqrt(X_0))^(-1)) + sqrt(X_0))) - (sin(sin(X_1))),24,0.8361591696375054,1.0495299984793365,0.8361591696375054,1.0495299984793365,0.1341260309747223,0.0145883313428712
442,sin((-4.10648388767361)(4.386936452880252 + X_0 + X_1 + ((-5.495901959277793)^(-1))(sqrt(X_0)))) - (sin(sin(sqrt(exp(-5.495901959277793))))),18,1.336793519602619,1.4661475155915804,1.336793519602619,1.4661475155915804,-0.3842994882031745,-0.3765770125007512
443,sin((2.8627675712658998)(-1.3494084709476837 + X_1)) - (sin(sin(X_1))),12,0.430456766938468,0.5139143335744385,0.430456766938468,0.5139143335744385,0.554245982323696,0.5174819378882438
444,sin((-2.651898123859888)(6.739254468083413 + X_0 + X_1 + sqrt(X_0))) - (sin(sin(X_1))),22,0.8205122276302387,1.0105443479699765,0.8205122276302387,1.0105443479699765,0.1503290223080756,0.0511922540299542
445,sin((-2.4308097621264384)(905.8665111708125 + X_0 + X_1 + (-1.2915399993255512)(943.4450441853795 + sqrt(X_0)))) - (sin(sin(X_1) - (X_4))),22,0.8241916430161849,0.8888377340276182,0.8241916430161849,0.8888377340276182,0.1465188506091835,0.1654635161237642
446,sin((2.750366315838838)(-2.0415754211923822 - (X_0))) - (sin(sin(X_1))),14,0.5164128866849211,0.5218559477283725,0.5164128866849211,0.5218559477283725,0.4652352182617061,0.510025496179481
447,sin(X_1) + sin(-4.322539609053909 + X_0 + X_1 + sqrt(X_0)) - (sin(sin(X_1))),16,0.3461439435361964,0.3867014342396094,0.3461439435361964,0.3867014342396094,0.6415550518046913,0.6369230930623457
448,(-0.04875000871567492)(X_0 - (X_1)) - (sin(sin(X_1))),12,0.7096951087193678,0.7375338107437818,0.7096951087193678,0.7375338107437818,0.2650842771346179,0.3075239162395508
449,sin((-1.2274217000260368)(X_0 + sqrt(X_0))) - (sin(sin(X_1))),18,0.826167805749806,0.785633459494926,0.826167805749806,0.785633459494926,0.1444724604818802,0.2623627915395786
450,sin((-0.10894608981919202)(-29.916938353359903 + X_0 + X_1 + (-4.530915186153944)(sin(log(sqrt(X_0)))))) - (sin(sin(X_1))),24,0.6368199278836286,0.6964380828276603,0.6368199278836286,0.6964380828276603,0.3405492416592932,0.3461090065934993
451,sin((-1.1979857385499015)(X_0 + ((3.719140563715005)^(-1))(X_0) + X_1 - (0.4722604883708895))) - (sin((sin(exp(3.719140563715005)))(0.4722604883708895 - (X_1)))),20,0.2891820546943192,0.3316541663713676,0.2891820546943192,0.3316541663713676,0.7005412096627401,0.6886073899987406
452,sin(0.32789189700300747 - (X_0 + X_1)),7,0.3567979241094583,0.4030668429007913,0.3567979241094583,0.4030668429007913,0.6305224580356272,0.6215574868572473
453,sin((0.10925024366224048)(3.7385301769926773 + X_0 + X_1 + (-4.601391512157044)(sqrt(X_0)))) - (sin(sin(X_1))),20,0.6423158321090483,0.7040740530267869,0.6423158321090483,0.7040740530267869,0.3348580280987101,0.3389395363100012
454,sin((2.862762199112274)(4.641605411614795 - (X_1))) - (sin(sin(X_1))),14,0.4304567671294138,0.5139140926306635,0.4304567671294138,0.5139140926306635,0.5542459821259647,0.5174821641121801
455,sin((4.749756168265753)(X_0)) + sin(X_1) - (sin(sin(X_1))),12,1.5343985516572065,1.592059931892803,1.5343985516572065,1.592059931892803,-0.5889268601408033,-0.4947971342998536
456,sin((2.633232197337714)(-2.488672301230569 + X_0 + X_1)) - (sin(sin(X_1))),15,0.9615525511481308,0.9657729925147032,0.9615525511481308,0.9657729925147032,0.0042765132265932,0.09322841893343
457,sin((-3.5470138223256713)(X_0 + sqrt(X_0))) - (sin(sin(X_1))),18,1.4353181307430267,1.4441058916063627,1.4353181307430267,1.4441058916063627,-0.4863253933090179,-0.3558819647149267
458,sin(sin(1.5041267848826794 + X_0 + X_1 + sqrt(X_0))) - (sin(sin(X_1))),15,0.6213485927642941,0.6294123012005847,0.6213485927642941,0.6294123012005847,0.3565703855184294,0.4090400208683479
459,sin((0.10925024366224048)(3.7385301769926773 + X_0 + X_1 + (-4.601391512157044)(sqrt(X_0)))) - (sin(sin(X_1))),20,0.6423158321090483,0.7040740530267869,0.6423158321090483,0.7040740530267869,0.3348580280987101,0.3389395363100012
460,sin((-1.7975724833838747)(0.1435401071869372 + X_0 + (2)(X_1) + sqrt(X_0))) - (sin(sin(X_1))),22,0.8526512709709911,0.9987962477414584,0.8526512709709911,0.9987962477414584,0.1170478456749269,0.0622226343587765
461,(0.10658550621051559)(5.806777130953726 + (2)(X_1) + (-6.9054349612277)(sqrt(X_1))) - (sin(sin(X_1))),15,0.6146110243623403,0.7178532525991239,0.6146110243623403,0.7178532525991239,0.3635473885886801,0.3260021414160871
462,sin((-2.6542864101829844)(4.36210314626345 + X_0 + X_1 + sqrt(X_0))) - (sin(X_1)),21,0.849183130308026,1.0352379245708572,0.849183130308026,1.0352379245708572,0.1206392345276994,0.028007267837427
463,sin((2.6518947793403425)(5.5545928022706965 + X_0 + X_1 + sqrt(X_0))) - (sin(sin(X_1))),20,0.8205122293013777,1.0105430399784423,0.8205122293013777,1.0105430399784423,0.1503290205775489,0.0511934821131172
464,sin((3.318948150514213)(3.9402740783486903 + X_0 + X_1 + (-3.923505258597194)(sqrt(X_0)))),14,1.2578312404243182,1.5157005802025394,1.2578312404243182,1.5157005802025394,-0.3025311065862652,-0.4231027603651378
465,sin((2.8627680370947237)(-3.5442022196936174 + X_1)) - (sin(sin(X_1))),12,0.4304567669248474,0.5139143542605329,0.4304567669248474,0.5139143542605329,0.5542459823378006,0.5174819184659132
466,(0.0696653916563126)(-0.4018376145701146 + (2)(X_0) + X_1) - (sin(sin(X_1))),13,0.6677391756070851,0.7083039002176411,0.6677391756070851,0.7083039002176411,0.3085312088280665,0.3349681007297476
467,sin((-1.7975724833838747)(0.1435401071869372 + X_0 + (2)(X_1) + sqrt(X_0))) - (sin(sin(X_1))),22,0.8526512709709911,0.9987962477414584,0.8526512709709911,0.9987962477414584,0.1170478456749269,0.0622226343587765
468,sin((0.058386958665546426)(exp(X_0) - ((X_0)((sqrt(X_0))^(-1))))) - (sin(sin(X_1))),19,0.6968384098001851,0.700411687600709,0.6968384098001851,0.700411687600709,0.2783978678072429,0.3423781589610665
469,sin((1.4178492390006947)(-3.6166944525284914 + X_0 + X_1 + sqrt(X_0))) - (sin(sin(X_1))),20,0.214667874432935,0.2742783488538609,0.214667874432935,0.2742783488538609,0.7777034191491954,0.7424779798460173
470,sin((0.10925024366224048)(3.7385301769926773 + X_0 + X_1 + (-4.601391512157044)(sqrt(X_0)))) - (sin(sin(X_1))),20,0.6423158321090483,0.7040740530267869,0.6423158321090483,0.7040740530267869,0.3348580280987101,0.3389395363100012
471,sin(3.2582763502803638 + exp(0.4867361074278564 - (X_1))) - (sin(X_0 + sqrt(X_0) - (exp(0.4867361074278564 - (X_1))))),24,0.6177883413127826,0.6746391344889339,0.6177883413127826,0.6746391344889339,0.3602571585240819,0.3665762043758959
472,sin((1.1899751564551502)(-3.110209191253899 + X_0 + X_1)) - (sin(X_0 + sqrt(X_0))),18,0.4046790021507773,0.4807716543394764,0.4046790021507773,0.4807716543394764,0.5809398180427903,0.5485998505691694
473,(0.10905673844969008)(3.707211978025949 + X_0 + X_1 + (-4.595115288781922)(sqrt(X_0))) - (sin(sin(X_1))),18,0.6408739333968761,0.7039354244007291,0.6408739333968761,0.7039354244007291,0.3363511679292309,0.3390696957775011
474,sin((2.946650703592483)(-1.3048807772308657 + X_1)) - (sin(X_1)),11,0.4397329312311768,0.5106313882283989,0.4397329312311768,0.5106313882283989,0.5446401686399923,0.5205643201510075
475,sin((-1.417848706929886)(-1.4009498514531389 + X_0 + X_1 + sqrt(X_0))) - (sin(sin(X_1))),22,0.2146678744465952,0.2742783916413359,0.2146678744465952,0.2742783916413359,0.7777034191350497,0.7424779396725327
476,-0.0015366615652406476 + sin((2.5433551497853735)(3.498220777416186 + X_0 + X_1 + sqrt(X_0))),16,1.1291038691544004,1.3370688561121538,1.1291038691544004,1.3370688561121538,-0.1692291182435488,-0.2553840809886072
477,-0.356378796976496 + sin((4.057942282009508)(1.8383311737842274 + X_0 + sqrt(X_0))),13,0.9206282550647236,1.0100573413306937,0.9206282550647236,1.0100573413306937,0.0466551463457726,0.0516495082539955
478,sin((-0.2207686642217823)(sin(X_0 + (-2.328005460344002)(sqrt(X_0))))) - (sin(sin(X_1))),19,0.6782182994534413,0.7132731704796452,0.6782182994534413,0.7132731704796452,0.2976796857135313,0.3303024152248219
479,sin((3.885454124109294)(-2.0445640240282583 + X_0 + X_1 + (2.3099990448471845)(sqrt(X_0))) - (log(X_6))) - (sin(sin(X_1))),24,0.9585798389058348,1.08082064207401,0.9585798389058348,1.08082064207401,0.0073548674939066,-0.0147906910411088
480,(-0.02431879257819519)((2.372455155840538 + X_0 + X_1 + (-3.848847868700531)(sqrt(X_0)))(2.372455155840538 + X_0 + X_1 + (-3.848847868700531)(sqrt(X_0)))) - (sin(sin(X_1))),19,0.6307871777050754,0.7022783397508346,0.6307871777050754,0.7022783397508346,0.3467963792031012,0.3406255451122743
481,sin((1.4178450457369398)(-3.616705764172736 + X_0 + X_1 + sqrt(X_0))) - (sin(sin(X_1))),20,0.2146678745927666,0.2742786852636569,0.2146678745927666,0.2742786852636569,0.7777034189836838,0.7424776639883106
482,sin(6.611088739481982 - (X_0 + X_1)),7,0.3567979241166052,0.4030685390128527,0.3567979241166052,0.4030685390128527,0.6305224580282263,0.6215558943647801
483,sin((2.0490949182093734e-06)(243487.31464973663 + X_1 + sin(exp(X_6)))) - (sin(sqrt(exp(X_0 + sin(X_0))))),22,1.0528086873635838,1.0809277125034418,1.0528086873635838,1.0809277125034418,-0.0902226153269345,-0.0148912202786559
484,sin((0.08652725005969884)(-1.1949986048613805 + X_0 + X_1 + sqrt(X_0))) - (sin(sin(X_1))),20,0.678611062625116,0.7157139914651947,0.678611062625116,0.7157139914651947,0.2972729648179244,0.3280107099055376
485,-0.04960350111114507 + sin((-2.388155704704777)(-5.010040580721322 + X_0 + X_5 + (0.7952795393728045)(sqrt(X_0)))),18,1.225903988161391,1.2495350693563534,1.225903988161391,1.2495350693563534,-0.2694692475039124,-0.1731979452936884
486,sin((-1.7975724833838747)(0.1435401071869372 + X_0 + (2)(X_1) + sqrt(X_0))) - (sin(sin(X_1))),22,0.8526512709709911,0.9987962477414584,0.8526512709709911,0.9987962477414584,0.1170478456749269,0.0622226343587765
487,sin((-2.6519249959791273)(-0.3686057862850662 + X_0 + X_1 + sqrt(X_0))) - (sin(sin(X_1))),22,0.8205122284442399,1.0105548619446094,0.8205122284442399,1.0105548619446094,0.1503290214651471,0.051182382379499
488,sin((1.942561919568307)(-1.5009956778908486 + X_1)) - (sin(log(X_1))),12,0.572523484655095,0.6334688807773939,0.572523484655095,0.6334688807773939,0.4071306038138628,0.4052312675639012
489,sin((1.4178476899659367)(-3.616698631436322 + X_0 + X_1 + sqrt(X_0))) - (sin(sin(X_1))),20,0.214667874478048,0.2742784731538376,0.214667874478048,0.2742784731538376,0.7777034191024792,0.7424778631398272
490,sin((-2.651927210792895)(-5.107179011690006 + X_0 + X_1 + sqrt(X_0))) - (sin(sin(X_1))),22,0.8205122296409837,1.0105557288338496,0.8205122296409837,1.0105557288338496,0.1503290202258743,0.0511815684506223
491,sin((0.08652658844145385)(-1.1950018793821682 + X_0 + X_1 + sqrt(X_0))) - (sin(sin(X_1))),20,0.678611062631774,0.7157139313961626,0.678611062631774,0.7157139313961626,0.2972729648110297,0.3280107663048069
492,sin(0.3278921018450404 - (X_0 + X_1)),7,0.3567979241082676,0.4030668730186962,0.3567979241082676,0.4030668730186962,0.6305224580368602,0.621557458579318
493,sin(((1 + log(sqrt(X_0)))^(-1))(-0.0508411542035072 + X_0 + (-1.3460654624051003)(sqrt(X_0)))) - (sin(sin(X_1))),24,0.8498921466352227,0.8990290479284136,0.8498921466352227,0.8990290479284136,0.1199050217083869,0.1558948142749917
494,sin(2.3839508190013086 + (2)(X_0) + X_1) - (sin(sin(X_1))),13,0.3017497732096235,0.3315745901483005,0.3017497732096235,0.3315745901483005,0.6875268689635206,0.6886821047175877
495,sin((3.638875956246662)(-2.6443221610629237 + X_0 + X_1 + (-3.4951877387980974)(sin(X_0)))) - (sin(sin(X_1))),19,0.856026868746488,0.990347740448394,0.856026868746488,0.990347740448394,0.1135522884295648,0.0701550018769825
496,(-0.10743981693135082)(sin(sin(sin(X_1)) + (3.8261968772111206)(-1.6413041733167626 + X_0 + X_1 + sqrt(X_1)))) - (sin(sin(X_1))),25,0.7045575541722727,0.7319316615360081,0.7045575541722727,0.7319316615360081,0.2704044062539404,0.3127838165824634
497,(0.1072910200278252)(-0.684077959703318 + X_0 + X_1 + ((2)^(-1))(((X_0)^(-1))(sin(X_0)))) - (sin(sin(X_1))),20,0.6659114487586628,0.7102354281638491,0.6659114487586628,0.7102354281638491,0.3104238880666659,0.3331545745044005
498,sin((-1.4873980972086744)(3.7248664140155983 + X_0 + X_1)) - (sin(sin(X_1))),17,0.2496336024288788,0.2895275186131186,0.2496336024288788,0.2895275186131186,0.741495105255046,0.7281604188045242
499,sin((-0.3643372707913077)(-1.6465598768912673 + X_0 + X_1 + ((0.22128077636985935)^(-1))(sqrt(X_0)))) - (sin(sin(log(X_6) - (exp(0.22128077636985935))))),25,0.8114391894906242,0.7696577199298058,0.8114391894906242,0.7696577199298058,0.1597244912933305,0.2773625344775666
