Id,Expression,size,MSE_train,MSE_test,nll_train,nll_test,R2_train,R2_test
0,71.75035,1,1277.9685261194752,899.6558696577016,1277.9685261194752,899.6558696577016,-6.675993091675991e-12,-0.006390574114240044
1,24036.586 / x0,3,197.50709771185544,161.48752629346043,197.50709771185544,161.48752629346043,0.8454522989600533,0.8193536775782956
2,(35186.316 / x0) + -38.396507,5,63.34224889547184,49.36773161583855,63.34224889547184,49.36773161583855,0.9504352043095833,0.9447753063818893
3,(60850.89 / (x0 + 92.34871)) + -73.544205,7,58.539198854274936,46.59972265012685,58.539198854274936,46.59972265012685,0.9541935519864336,0.947871710491625
4,(((x1 + 34288.074) + x1) / x0) + -37.896137,9,56.97335811232181,46.008933626054066,56.97335811232181,46.008933626054066,0.9554188096590293,0.9485325904182388
5,((34288.074 + (x1 + (x1 + x1))) / x0) + -38.396507,11,54.34179255659002,43.47738388735839,54.34179255659002,43.47738388735839,0.9574779883492432,0.95136448190125
6,(45804.125 / (x0 + ((810.6424 / (x1 + 1.1328958)) + 33.64888))) + -54.209877,13,8.87271557846116,5.906955762223829,8.87271557846116,5.906955762223829,0.9930571720686563,0.9933922460784104
7,(45804.125 / (x0 + ((810.6424 / (x1 + powabs((49424.977; 0.025004718))) + 33.64888))) + -54.209877,15,8.705661578570504,5.724588992079016,8.705661578570504,5.724588992079016,0.9931878904678011,0.9935962487473144
