Id,Expression,size,MSE_train,MSE_test,nll_train,nll_test,R2_train,R2_test
0,71.75035,1,1277.9685261194752,899.6558696577016,1277.9685261194752,899.6558696577016,-6.675993091675991e-12,-0.006390574114240044
1,24037.08 / x0,3,197.50709794114687,161.49140019330008,197.50709794114687,161.49140019330008,0.8454522987806345,0.8193493440809938
2,(35186.285 / x0) + -38.396294,5,63.3422488958587,49.367654413421654,63.3422488958587,49.367654413421654,0.9504352043092806,0.9447753927435608
3,(3794.1843 / log(x0)) + -582.6834,6,59.80257511953468,47.54152512029556,59.80257511953468,47.54152512029556,0.9532049703121225,0.9468181730662361
4,(60798.004 / (x0 + 92.18303)) - 73.48,7,58.539176798228645,46.59929983651721,58.539176798228645,46.59929983651721,0.9541935692451109,0.9478721834676214
5,(34287.797 / (x0 + (x1 / -38.396294))) + -38.39676,9,53.080160419816735,41.06336411991488,53.080160419816735,41.06336411991488,0.9584652052571687,0.9540648997183482
6,-38.396294 + (35186.125 / ((x0 / (x1 - -0.63528633)) + x0)),11,27.995207628642802,20.531884237239975,27.995207628642802,20.531884237239975,0.9780939772328849,0.9770322236956839
7,-38.396294 + (35186.125 / (((34287.797 / 71.75351) / (x1 - -0.63528633)) + x0)),13,19.189042823573594,16.461815551434352,19.189042823573594,16.461815551434352,0.9849847297241593,0.9815851632134918
8,(35186.125 / (x0 + ((x0 - (34287.797 / (x1 + 0.9253297))) / -38.396492))) + -38.396492,15,11.580368385460249,9.149557902991464,11.580368385460249,9.149557902991464,0.9909384557218314,0.9897649433061705
