Id,Expression,size,MSE_train,MSE_test,nll_train,nll_test,R2_train,R2_test
0,71.75132,1,1277.9685272395666,899.6605074865005,1277.9685272395666,899.6605074865005,-8.831384512575369e-10,-0.0063957621726353775
1,24037.21 / x0,3,197.5070988759911,161.49242044538076,197.5070988759911,161.49242044538076,0.8454522980491266,0.8193482027867369
2,(35186.293 / x0) - 38.396385,5,63.34224889038428,49.36771327766493,63.34224889038428,49.36771327766493,0.9504352043135643,0.9447753268956943
3,(60792.832 / (x0 + 92.16884)) - 73.473366,7,58.53917567689676,46.59933912552492,58.53917567689676,46.59933912552492,0.954193570122544,0.9478721395173862
4,((x1 + (x1 + 34587.574)) / x0) - 38.39726,9,56.69512340795753,44.84599123167752,56.69512340795753,44.84599123167752,0.9556365260571091,0.9498335036934267
5,(36964.625 / ((958.64166 / (x1 + 1.8129718)) + x0)) - 40.887005,11,10.385778809298534,7.269949233907866,10.385778809298534,7.269949233907866,0.9918732123701793,0.9918675477701516
