Id,Expression,size,MSE_train,MSE_test,nll_train,nll_test,R2_train,R2_test
0,71.75053,1,1277.9685261851273,899.6567301435261,1277.9685261851273,899.6567301435261,-5.804801084252631e-11,-0.0063915366876552415
1,24037.21 / x0,3,197.5070988759911,161.49242044538076,197.5070988759911,161.49242044538076,0.8454522980491266,0.8193482027867369
2,(35186.125 / x0) + -38.39585,5,63.3422488899894,49.36796429028867,63.3422488899894,49.36796429028867,0.9504352043138733,0.9447750461030635
3,(4064.758 / sqrtabs(x0)) + -152.97588,6,58.897815171890144,46.83951323761182,58.897815171890144,46.83951323761182,0.9539129376283426,0.9476034712735583
4,(60801.227 / (x0 + 92.21276)) + -73.4766,7,58.5391800615689,46.60118603259177,58.5391800615689,46.60118603259177,0.9541935666915736,0.9478700734942256
5,((x1 + (x1 + 35186.125)) / x0) + -39.396053,9,57.8125288896609,43.879743489893706,57.8125288896609,43.879743489893706,0.9547621653362675,0.950914386564741
6,(35619.65 / (x0 + (374.50452 / (0.37533095 + x1)))) + -38.39585,11,17.885911927707017,12.529229397819432,17.885911927707017,12.529229397819432,0.9860044190742814,0.9859843093429957
7,(35619.65 / (x0 + ((35619.65 / 63.755455) / (0.37533095 + x1)))) + -38.39585,13,14.433428809344583,11.108742514378166,14.433428809344583,11.108742514378166,0.9887059590948866,0.9875733220514796
8,(35619.65 / (x0 + (((x0 + 35619.65) / 63.755455) / (0.37533095 + x1)))) + -38.39585,15,14.42675968823219,11.127234565253097,14.42675968823219,11.127234565253097,0.988711177628032,0.9875526361133068
