Id,Expression,size,MSE_train,MSE_test,nll_train,nll_test,R2_train,R2_test
0,71.75053,1,1277.9685261851273,899.6567301435261,1277.9685261851273,899.6567301435261,-5.804801084252631e-11,-0.0063915366876552415
1,24036.434 / x0,3,197.50709869985107,161.48633529839708,197.50709869985107,161.48633529839708,0.8454522981869548,0.8193550098723937
2,(35186.78 / x0) + -38.396843,5,63.342250382204064,49.365805685435255,63.342250382204064,49.365805685435255,0.9504352031462274,0.944777460803674
3,(60794.67 / (x0 - -92.18143)) - 73.474144,7,58.53917812131735,46.59969608317863,58.53917812131735,46.59969608317863,0.9541935682098047,0.9478717402104622
4,(103186.56 / exp(28.981924 / (5794.7446 / x0))) / 282.15805,10,57.7290753796262,46.18231365747089,57.7290753796262,46.18231365747089,0.9548274670305812,0.9483386406700712
5,((427.4724 / (69.41673 / (x1 + (x0 + 5414.3354)))) / x0) + -44.545906,13,51.15672821883306,43.05875190067197,51.15672821883306,43.05875190067197,0.9599702753443303,0.9518327801691023
6,((427.4724 / (69.41673 / ((x1 - 0.4493449) + (0.4493449 + 5414.3354)))) / x0) + -38.396843,15,51.15666367671691,43.068411971099266,51.15666367671691,43.068411971099266,0.9599703258480125,0.9518219740329439
7,((427.4724 / (69.41673 / ((x1 - ((24036.434 / x0) / 69.41673)) + (x0 + 5414.3354)))) / x0) + -44.545906,19,51.148794754857704,43.10180686238117,51.148794754857704,43.10180686238117,0.959976483215505,0.9517846171891293
