Id,Expression,size,MSE_train,MSE_test,nll_train,nll_test,R2_train,R2_test
0,71.7505,1,1277.9685261696852,899.6565867247222,1277.9685261696852,899.6565867247222,-4.5964787531715956e-11,-0.0063913762537191054
1,24036.586 / x0,3,197.50709771185544,161.48752629346043,197.50709771185544,161.48752629346043,0.8454522989600533,0.8193536775782956
2,(35186.316 / x0) + -38.396507,5,63.34224889547184,49.36773161583855,63.34224889547184,49.36773161583855,0.9504352043095833,0.9447753063818893
3,(60798.465 / (x0 + 92.191246)) + -73.47848,7,58.53917561047055,46.599819654098326,58.53917561047055,46.599819654098326,0.954193570174522,0.9478716019791529
4,(((x1 / 0.15031998) + 33373.1) / x0) + -38.396507,9,51.58822832710794,42.9742138272487,51.58822832710794,42.9742138272487,0.9596326300115552,0.9519273477955875
5,((((-38.396507 + x1) / 0.15031998) + 33389.234) / x0) + -38.396225,11,51.2808656526796,43.87229663329091,51.2808656526796,43.87229663329091,0.9598731388098146,0.9509227169125379
6,(84817.77 / ((20126.94 / (x0 + x1)) + (x0 + x0))) + -53.029762,13,34.861545950722174,30.999022857370665,34.861545950722174,30.999022857370665,0.97272112322139,0.9653232691937201
7,(84817.77 / ((20126.94 / ((x0 + x1) + -53.029762)) + (x0 + x0))) + -53.029762,15,31.354190876493984,30.31005096657665,31.354190876493984,30.31005096657665,0.9754656001021327,0.9660939803512971
8,((x0 + 84817.77) / ((20126.94 / ((x0 + x1) + -53.029762)) + (x0 + x0))) + -53.029762,17,30.451329186155082,29.321500182410023,30.451329186155082,29.321500182410023,0.9761720820474169,0.9671998122863424
