Id,Expression,size,MSE_train,MSE_test,nll_train,nll_test,R2_train,R2_test
0,71.75035,1,1277.9685261194752,899.6558696577016,1277.9685261194752,899.6558696577016,-6.675993091675991e-12,-0.006390574114240044
1,24036.434 / x0,3,197.50709869985107,161.48633529839708,197.50709869985107,161.48633529839708,0.8454522981869548,0.8193550098723937
2,(35186.29 / x0) + -38.39637,5,63.3422488901213,49.367711873019566,63.3422488901213,49.367711873019566,0.95043520431377,0.9447753284669861
3,-73.51629 - (-60835.242 / (x0 + 92.32581)),7,58.539194750573664,46.60183924325415,58.539194750573664,46.60183924325415,0.9541935551975466,0.94786934278699
4,((x1 + 56796.77) / (x0 + 80.0699)) - 68.94972,9,55.873202119616515,44.634968272213236,55.873202119616515,44.634968272213236,0.9562796727947226,0.9500695623070468
5,(((x1 + x1) + 56796.77) / (x0 + 80.06975)) - 69.60121,11,53.58359595860993,42.97194149182749,53.58359595860993,42.97194149182749,0.9580712710338234,0.9519298897197013
6,(56796.754 / ((x0 + 73.51629) + (x0 / (x1 + 0.2121143)))) - 68.53293,13,24.848708671593826,16.31635383327377,24.848708671593826,16.31635383327377,0.9805560871305553,0.9817478824342388
7,(56796.754 / ((x0 + 71.37671) + ((56796.77 / (x1 + 1.2162017)) / 71.78192))) - 68.94972,15,8.840538775291963,5.921737367343406,8.840538775291963,5.921737367343406,0.9930823501559971,0.9933757107913475
