Id,Expression,size,MSE_train,MSE_test,nll_train,nll_test,R2_train,R2_test
0,71.7505,1,1277.9685261696852,899.6565867247222,1277.9685261696852,899.6565867247222,-4.5964787531715956e-11,-0.0063913762537191054
1,24036.586 / x0,3,197.50709771185544,161.48752629346043,197.50709771185544,161.48752629346043,0.8454522989600533,0.8193536775782956
2,(35186.293 / x0) + -38.396397,5,63.34224889008827,49.36772624790185,63.34224889008827,49.36772624790185,0.9504352043137959,0.9447753123866752
3,(60900.492 / (x0 + 92.52259)) + -73.598404,7,58.53923170698288,46.60162110381901,58.53923170698288,46.60162110381901,0.9541935262794563,0.9478695868063742
4,-73.55545 - (-1573.022 / ((x0 / 38.693657) - -2.3884025)),9,58.539206066671774,46.60162266681219,58.539206066671774,46.60162266681219,0.9541935463427916,0.9478695850579484
5,(60900.492 / ((x0 - (x1 / 60.63253)) - -93.695114)) + -73.598404,11,53.28851362372778,43.653309736420695,53.28851362372778,43.653309736420695,0.9583021705660522,0.9511676843009557
6,(60900.492 / ((x0 - -93.695114) - (-93.695114 / (x1 + 0.6356267)))) + -73.598404,13,38.148705152932656,28.959919185113336,38.148705152932656,28.959919185113336,0.9701489478234452,0.9676042910650967
7,(60900.492 / ((x0 - -93.695114) - ((-93.695114 - 78.38195) / (x1 + 0.6356267)))) + -73.598404,15,29.377815798394636,21.4636551424575,29.377815798394636,21.4636551424575,0.9770120975609659,0.9759899079748944
8,(60900.492 / ((x0 - -93.695114) - ((-93.695114 - (143.47675 - -73.598404)) / (x1 + 0.6356267)))) + -73.598404,17,21.588616582088683,15.089309915996807,21.588616582088683,15.089309915996807,0.9831070827324784,0.9831205022036642
