Id,Expression,size,MSE_train,MSE_test,nll_train,nll_test,R2_train,R2_test
0,71.75035,1,1277.9685261194752,899.6558696577016,1277.9685261194752,899.6558696577016,-6.675993091675991e-12,-0.006390574114240044
1,24036.646 / x0,3,197.50709745898348,161.48799654928004,197.50709745898348,161.48799654928004,0.8454522991579235,0.8193531515315701
2,(35186.332 / x0) + -38.396584,5,63.34224890158835,49.36773586933198,63.34224890158835,49.36773586933198,0.9504352043047972,0.9447753016237637
3,(60836.395 / (x0 + 92.31293)) + -73.5257,7,58.53919141687884,46.59976076332734,58.53919141687884,46.59976076332734,0.9541935578061358,0.9478716678566943
4,(-196.11096 - (-60833.02 / (x0 + 92.29678))) + 122.5886,9,58.53918740051602,46.59957704517789,58.53918740051602,46.59957704517789,0.9541935609489071,0.9478718733710694
5,((595.3441 / (97.33634 / (x1 + 5460.213))) / x0) + -38.535397,11,51.15849356129598,42.97719349992733,51.15849356129598,42.97719349992733,0.9599688939781802,0.9519240146160921
