Id,Expression,size,MSE_train,MSE_test,nll_train,nll_test,R2_train,R2_test
0,71.75053,1,1277.9685261851273,899.6567301435261,1277.9685261851273,899.6567301435261,-5.804801084252631e-11,-0.0063915366876552415
1,24036.15 / x0,3,197.50710188071255,161.48411124654825,197.50710188071255,161.48411124654825,0.8454522956979564,0.8193574977845972
2,(35186.125 / x0) + -38.39588,5,63.34224888924366,49.36799671503572,63.34224888924366,49.36799671503572,0.9504352043144568,0.9447750098314613
3,(60800.113 / (x0 + 92.20147)) + -73.478455,7,58.53917617898768,46.600351390920146,58.53917617898768,46.600351390920146,0.954193569729662,0.9478710071573511
4,(46009.793 / ((7328.3325 / x0) + x0)) + -60.118637,9,58.14110402850452,46.41448970116294,58.14110402850452,46.41448970116294,0.9545050579567582,0.9480789193813126
5,-60.118637 + (48073.625 / ((19609.514 / (x1 + x0)) + x0)),11,36.41000014323866,34.75212613900854,36.41000014323866,34.75212613900854,0.9715094703826236,0.9611248996907737
6,-60.118637 + (46009.793 / ((24015.504 / (x1 + (x0 + (72.579865 + x1)))) + x0)),15,33.29080289091662,30.324356382809604,33.29080289091662,30.324356382809604,0.9739502169179192,0.9660779777479226
7,-60.118637 + (46009.793 / ((24036.15 / sqrtabs(x0 + (x0 * sqrtabs(20254.36 * x1)))) + x0)),17,19.22702690753646,18.158293042626777,19.22702690753646,18.158293042626777,0.9849550074867279,0.9796874165150985
