Id,Expression,size,MSE_train,MSE_test,nll_train,nll_test,R2_train,R2_test
0,71.7505,1,1277.9685261696852,899.6565867247222,1277.9685261696852,899.6565867247222,-4.5964787531715956e-11,-0.0063913762537191054
1,24037.21 / x0,3,197.5070988759911,161.49242044538076,197.5070988759911,161.49242044538076,0.8454522980491266,0.8193482027867369
2,(35186.316 / x0) - 38.396507,5,63.34224889547184,49.36773161583855,63.34224889547184,49.36773161583855,0.9504352043095833,0.9447753063818893
3,sqrtabs(1.6524935e7 / x0) + -152.99455,6,58.89783374051588,46.83771255278908,58.89783374051588,46.83771255278908,0.9539129230985437,0.9476054855906918
4,(60807.22 / (x0 + 92.21228)) + -73.49234,7,58.5391809508704,46.59904674403634,58.5391809508704,46.59904674403634,0.9541935659957024,0.9478724665868625
5,(((35186.316 + x1) + x1) / x0) - 40.599155,9,57.15456688046764,44.641124726471766,57.15456688046764,44.641124726471766,0.9552770152686014,0.9500626754542569
6,(36817.312 / ((914.0806 / (x1 + 1.6318008)) + x0)) - 40.56135,11,10.437788124929464,7.3169820214763766,10.437788124929464,7.3169820214763766,0.9918325155027932,0.9918149350371283
