Id,Expression,size,MSE_train,MSE_test,nll_train,nll_test,R2_train,R2_test
0,71.7504,1,1277.9685261312118,899.6561086750419,1277.9685261312118,899.6561086750419,-1.5859757951375286e-11,-0.006390841488473242
1,24036.434 / x0,3,197.50709869985107,161.48633529839708,197.50709869985107,161.48633529839708,0.8454522981869548,0.8193550098723937
2,(35186.32 / x0) + -38.396523,5,63.34224889657901,49.3677291659255,63.34224889657901,49.3677291659255,0.950435204308717,0.9447753091224588
3,(60801.48 / (x0 - -92.2012)) + -73.48202,7,58.53917618584583,46.59987192164818,58.53917618584583,46.59987192164818,0.9541935697242955,0.9478715435106081
4,(46009.38 / ((7326.693 / x0) + x0)) + -60.117603,9,58.1410953618462,46.41487018978202,58.1410953618462,46.41487018978202,0.954505064738348,0.9480784937517216
5,(37058.285 / ((967.66974 / (x1 + 1.8599284)) + x0)) + -41.154,11,10.378681281207173,7.183928120461254,10.378681281207173,7.183928120461254,0.991878766128309,0.9919637743837572
6,(37058.285 / ((967.66974 / (x1 + (x0 / sqrtabs(21571.229)))) + x0)) + -41.154,14,10.088439232745117,7.083501612122521,10.088439232745117,7.083501612122521,0.9921058781756967,0.9920761154408124
