Id,Expression,size,MSE_train,MSE_test,nll_train,nll_test,R2_train,R2_test
0,0.08261739,1,0.00022729848206621295,0.00015258381915549625,0.00022729848206621295,0.00015258381915549625,-1.7225193715830756e-08,-0.0029596978899766313
1,powabs(((0.079489686; powabs(x0; 0.085323654)),5,0.00010846154363140132,0.0001491085526312444,0.00010846154363140132,0.0001491085526312444,0.5228232739887936,0.019883826951269334
2,sin(powabs(((0.079581775; powabs(x0; 0.08556195))),6,0.00010845474674340339,0.0001490917429210297,0.00010845474674340339,0.0001490917429210297,0.5228531769078681,0.019994320068900673
3,powabs(((0.080457404; powabs(x0 + x2; 0.08515911)),7,0.00010356108755850482,0.00014182505158022847,0.00010356108755850482,0.00014182505158022847,0.5443828379276336,0.06775953260695078
4,powabs((((0.110559784; powabs(powabs(0.91454756; x5 + -1.4689283); x0)),9,9.994153388904e-05,0.00016757306384776666,9.994153388904e-05,0.00016757306384776666,0.5603070697962738,-0.10148658240082975
5,sin(powabs((((0.110559784; powabs(powabs(0.91454756; x5 + -1.4689283); x0))),10,9.967349929268769e-05,0.00016696452850841785,9.967349929268769e-05,0.00016696452850841785,0.5614862884101983,-0.09748657490667556
6,powabs(((((powabs(0.08264033; powabs(-1.3754885 * x0; 0.08261541)); powabs(0.91454756; x5)),11,9.233309793511019e-05,0.00012639452420832597,9.233309793511019e-05,0.00012639452420832597,0.593780395336434,0.16918704410104157
7,powabs(((((powabs(0.08962013; powabs(sqrtabs(sqrtabs(x1)) * x0; 0.079489686)); powabs(0.91454756; x5)),13,7.932134141722329e-05,0.00011069971972400784,7.932134141722329e-05,0.00011069971972400784,0.6510256379079463,0.27235169452830765
8,powabs(((((powabs(0.120586626; powabs(sqrtabs(sqrtabs(x1)) * x0; 0.08037063)); powabs(0.92176944; x5 + -1.3754885)),15,7.202257812787078e-05,0.00010280944337839763,7.202257812787078e-05,0.00010280944337839763,0.683136558089758,0.3242158386011269
