Id,Expression,size,MSE_train,MSE_test,nll_train,nll_test,R2_train,R2_test
0,0.08261528,1,0.00022729847816819185,0.00015258665531673167,0.00022729847816819185,0.00015258665531673167,-7.584399774884787e-11,-0.0029783404657857115
1,powabs(((0.079494536; powabs(x0; 0.08530627)),5,0.00010846155482009608,0.00014908260705687914,0.00010846155482009608,0.00014908260705687914,0.522823224764114,0.020054371675939375
2,powabs((((0.061960552; powabs(0.7681309; powabs(0.360263; x0))),7,0.00010742866400771976,0.00015249872540794824,0.00010742866400771976,0.00015249872540794824,0.5273674294626178,-0.002400362045550608
3,powabs(((((powabs(0.1132578; powabs(x0; 0.059193287)); powabs(x1; 0.041682947)),9,8.764447652800955e-05,9.816477275263767e-05,8.764447652800955e-05,9.816477275263767e-05,0.6144079923412271,0.3547460578169883
4,sin(powabs(((((powabs(0.1132578; powabs(x0; 0.059193287)); powabs(x1; 0.041682947))),10,8.748768821261355e-05,9.79465078236824e-05,8.748768821261355e-05,9.79465078236824e-05,0.6150977827730482,0.3561807507511183
5,powabs((((((powabs(0.1081563; powabs(x0; 0.059298586)); powabs(powabs(x1; 0.091069795); 0.39838278)),11,8.66283781751073e-05,9.865374609959806e-05,8.66283781751073e-05,9.865374609959806e-05,0.618878318588759,0.35153195187143016
6,powabs((((((powabs(0.082481295; powabs(x0; 0.05922791)); powabs(powabs(x1; 0.15760908) / 1.6487163; 0.23123251)),13,8.662817793864561e-05,9.856108311072949e-05,8.662817793864561e-05,9.856108311072949e-05,0.6188791995293764,0.35214104164146987
7,powabs(((((((powabs(0.10981714; powabs(x0; 0.059193287)); sqrtabs(powabs(powabs(x1; 0.079881035); powabs(0.48839033; x5)))),14,6.305102018810861e-05,7.114059164628784e-05,6.305102018810861e-05,7.114059164628784e-05,0.7226069408778206,0.532380650188327
