Id,Expression,size,MSE_train,MSE_test,nll_train,nll_test,R2_train,R2_test
0,0.08261557,1,0.00022729847817613887,0.00015258626498478085,0.00022729847817613887,0.00015258626498478085,-1.1080669715113345e-10,-0.002975774746709847
1,powabs(((0.07946597; powabs(x0; 0.085645296)),5,0.0001084633930281457,0.0001495506524866258,0.0001084633930281457,0.0001495506524866258,0.5228151375650065,0.016977828531222983
2,(powabs((0.33854356; x0) + 1.1088598) * 0.055193815,7,0.00010733911341699743,0.00015436703280864136,0.00010733911341699743,0.00015436703280864136,0.5277614074225707,-0.01468106806363223
3,powabs((((powabs(0.7832876; powabs(0.33854356; x5)); x0) * 0.102625474,9,9.754377321204482e-05,0.00012951864039869985,9.754377321204482e-05,0.00012951864039869985,0.5708560215380571,0.1486516908256238
4,powabs(((((powabs(powabs(0.34827408; x0); powabs(0.4205115; x5)); 0.2739344) * 0.107779264,11,9.407413505372041e-05,0.00014635039080762292,9.407413505372041e-05,0.00014635039080762292,0.5861206998876418,0.038013699205495355
5,powabs(((((0.61598986; powabs(powabs(0.28614134; powabs(0.11192768; x0)); exp(exp(x5)))) * 0.10860595,13,8.859191113166223e-05,0.00013533171307911638,8.859191113166223e-05,0.00013533171307911638,0.6102397523628518,0.11044136386152104
6,powabs(((((((powabs(0.7832876; exp(powabs(0.7006621; x7))) + 0.102625474; powabs(powabs(0.2589393; powabs(0.102625474; x0)); exp(exp(x5)))) * 0.107933156,20,8.356691985063948e-05,0.00013002521159113977,8.356691985063948e-05,0.00013002521159113977,0.6323472091390716,0.14532191121372706
7,powabs((((((((((powabs(0.7832876; exp(powabs(powabs(powabs(0.10053145; 0.082615346); powabs(x7; 0.098044716)); exp(0.7832876)))) + 0.102625474; powabs(powabs(0.2589393; powabs(0.10244543; x0)); exp(exp(x5)))) * 0.107779264,27,8.345909198850724e-05,0.00012949239646900683,8.345909198850724e-05,0.00012949239646900683,0.6328215979823644,0.14882419669120006
