Id,Expression,size,MSE_train,MSE_test,nll_train,nll_test,R2_train,R2_test
0,0.08261555,1,0.0002272984781701908,0.00015258629189882574,0.0002272984781701908,0.00015258629189882574,-8.463829637150866e-11,-0.002975951657357978
1,powabs(((0.07949369; powabs(x0; 0.0853254)),5,0.00010846155213749634,0.00014910845040147462,0.00010846155213749634,0.00014910845040147462,0.5228232365662155,0.019884498925136662
2,sin(powabs(((0.079542495; powabs(x0; 0.0853254))),6,0.00010845828911676032,0.00014880711912707728,0.00010845828911676032,0.00014880711912707728,0.5228375922309019,0.021865201240801935
3,powabs((((0.061872937; powabs(0.7675375; powabs(0.3604881; x0))),7,0.0001074251190612677,0.00015285318138469445,0.0001074251190612677,0.00015285318138469445,0.5273830254599201,-0.004730262170742794
4,powabs((((0.08022238; powabs(x0 / powabs(-0.5640573; x2); 0.086064175)),9,0.00010057383372155333,0.00014329303246659046,0.00010057383372155333,0.00014329303246659046,0.5575252657223662,0.05811024165039502
5,powabs(((((powabs(0.07883898; powabs(x0; 0.083761916)); sqrtabs(powabs(0.85908943; x5))),10,9.090858343754467e-05,0.00012619935168027403,9.090858343754467e-05,0.00012619935168027403,0.6000475490329908,0.17046994671060278
6,powabs(((((powabs(0.08205981; powabs(x0 / 0.80676323; 0.085188024)); sqrtabs(powabs(0.85908943; x5))),12,9.069446396319686e-05,0.00012817851996534515,9.069446396319686e-05,0.00012817851996534515,0.6009895679857338,0.15746053302404772
7,powabs((((((powabs(0.07903636; powabs(x0 / powabs(0.5673151; x2); 0.08526388)); sqrtabs(powabs(0.85908943; x5))),14,8.446827967416022e-05,0.00012305796191518228,8.446827967416022e-05,0.00012305796191518228,0.6283816752258964,0.19111884216484665
8,powabs((((((((powabs(0.07883898; powabs(powabs(x0 / powabs(0.5673151; x2); 0.08536753); powabs(0.7675375; x5))); sqrtabs(powabs(0.85908943; x5))),18,8.381273782095803e-05,0.00012110712657066055,8.381273782095803e-05,0.00012110712657066055,0.6312657326051403,0.2039420185580173
