Id,Expression,size,MSE_train,MSE_test,nll_train,nll_test,R2_train,R2_test
0,0.08261527,1,0.00022729847817091784,0.0001525866687794541,0.00022729847817091784,0.0001525866687794541,-8.783684890545373e-11,-0.0029784289585768065
1,powabs(((0.07948614; powabs(x0; 0.08501181)),5,0.00010846359319689358,0.00014869981276431835,0.00010846359319689358,0.00014869981276431835,0.5228142569222961,0.022570544427058747
2,0.1322056 / powabs((1.6426697; sqrtabs(x0)),6,0.0001077788673154576,0.00015573027312693071,0.0001077788673154576,0.00015573027312693071,0.5258267094780992,-0.023641881243891882
3,0.11903871 / powabs((x0 * x1; 0.11401855),7,8.890248226841849e-05,8.947242203984394e-05,8.890248226841849e-05,8.947242203984394e-05,0.6088733941747868,0.41188237471552425
4,0.11903871 / powabs((((x0 * powabs(0.13182081; x5)) * x1; 0.11903871),11,6.293843783037157e-05,5.924383018219877e-05,6.293843783037157e-05,5.924383018219877e-05,0.723102247131751,0.6105801103272306
