Id,Expression,size,MSE_train,MSE_test,nll_train,nll_test,R2_train,R2_test
0,0.08261561,1,0.000227298478190435,0.00015258621115909105,0.000227298478190435,0.00015258621115909105,-1.7370260785298797e-10,-0.0029754209411891885
1,powabs(((0.079501726; powabs(x0; 0.08492178)),5,0.00010846432738159427,0.00014857185525255786,0.00010846432738159427,0.00014857185525255786,0.5228110268755899,0.023411631169075964
2,powabs(((0.08052218; powabs(x0 + x2; 0.08471807)),7,0.0001035543389025312,0.00014120199914591342,0.0001035543389025312,0.00014120199914591342,0.544412528649844,0.0718549634642256
3,sin(powabs(((0.08060945; powabs(x0 + x2; 0.08481974))),8,0.00010354746995508105,0.00014100671684637956,0.00010354746995508105,0.00014100671684637956,0.5444427485945882,0.07313858762062553
4,powabs(((0.09268316; powabs(x0 + (x2 + x0); 0.085906595)),9,0.00010167627697953401,0.00014168849453587596,0.00010167627697953401,0.00014168849453587596,0.5526750649337426,0.06865714555638802
5,powabs((((0.11251076; powabs(powabs(0.21236889; x5 * x0) + x0; 0.21236889)),11,9.062262567874982e-05,0.00014028300189584578,9.062262567874982e-05,0.00014028300189584578,0.6013056206273153,0.07789569051766387
6,powabs(((((0.09268316; powabs(powabs(0.12915306; sqrtabs(powabs(x5 + 0.0071600177; x0))) + (x2 + x0); 0.10858356)),16,8.808637719032739e-05,0.00012528324999394478,8.808637719032739e-05,0.00012528324999394478,0.6124638497059017,0.17649164072535883
7,powabs(((((0.09268316; powabs(powabs(0.12915306; sqrtabs(powabs(x5 + 0.0071600177; x5 + x0))) + (x2 + x0); 0.10858356)),18,8.807698910079419e-05,0.00012527559642855373,8.807698910079419e-05,0.00012527559642855373,0.612505152620068,0.17654194892759723
