Id,Expression,size,MSE_train,MSE_test,nll_train,nll_test,R2_train,R2_test
0,192.81836,1,1537.9648780896,1604.5832490896,1537.9648780896,1604.5832490896,-2.2327948601130743e-08,-0.008675623020289125
1,x1 * 1.415673,3,897.8886985447408,1168.4389428943612,897.8886985447408,1168.4389428943612,0.4161838599929044,0.26549409053482775
2,(x12 * -0.3396615) + 373.10907,5,319.1117333565056,406.4310013175738,319.1117333565056,406.4310013175738,0.792510384971857,0.7445087104696106
3,((x3 + x12) * -0.31799132) + 395.34225,7,293.2377197994987,369.5642988068012,293.2377197994987,369.5642988068012,0.8093339252901901,0.7676839144640784
4,(x12 * -0.3567584) + (sqrtabs(x9) + 372.13446),8,273.27729652644297,289.9948565882629,273.27729652644297,289.9948565882629,0.8223123905354596,0.8177029812521048
5,((x12 + (x12 / x9)) * -0.3321944) + 373.10876,9,197.53332081168656,362.3893925904693,197.53332081168656,362.3893925904693,0.8715618750230704,0.7721942151929293
6,((x12 + (x12 / x9)) * sin(-0.3321944)) + 373.10876,10,195.94042718343093,351.7400213817718,195.94042718343093,351.7400213817718,0.8725975902637203,0.7788886395207427
7,((x12 + (9.387918 / (x0 / x12))) * -0.3396615) + 396.30685,11,180.28247170756862,418.0721134137399,180.28247170756862,418.0721134137399,0.882778548261228,0.7371908564393437
8,((x12 + (400.19513 / ((x0 / (x3 + -63.249176)) + 0.9947782))) * -0.33805463) + 417.33173,15,136.79065417461615,330.94823856862126,136.79065417461615,330.94823856862126,0.9110573595160464,0.7919588024397787
