Id,Expression,size,MSE_train,MSE_test,nll_train,nll_test,R2_train,R2_test
0,198.58789,1,1576.1145165875841,1584.2337821520996,1576.1145165875841,1584.2337821520996,-3.330195208484099e-08,-0.12918847164787528
1,x1 * 1.4238055,3,1046.1402614379226,877.9295279804805,1046.1402614379226,877.9295279804805,0.33625362543997495,0.37424140737099765
2,(x2 * 65.23973) + 171.22205,5,539.752963923684,1054.1810876836062,539.752963923684,1054.1810876836062,0.6575420274237939,0.24861523302167488
3,x1 * sqrtabs(x2 + 1.6394435),6,535.2857337125505,841.4399257859081,535.2857337125505,841.4399257859081,0.6603763585037288,0.40024996658575895
4,(x1 + 36.85242) + (x2 * 50.077152),7,491.7693713147287,852.0197726526721,491.7693713147287,852.0197726526721,0.6879862582851344,0.39270900814367793
5,((powabs((x12; 1.2344196) / 1.3455889) / -10.380993) + 359.42212,9,298.9304322562727,441.91101179556915,298.9304322562727,441.91101179556915,0.8103371049088182,0.6850207175004575
6,(((powabs((x12; 1.2344196) / 1.3455889) / -10.380993) + 359.42212) - -0.6719251,11,298.79157020802523,448.6082714761691,298.79157020802523,448.6082714761691,0.8104252089465708,0.680247136411502
