Id,Expression,size,MSE_train,MSE_test,nll_train,nll_test,R2_train,R2_test
0,X_3,1,0.8186895007439886,0.7806847611183233,0.8186895007439886,0.7806847611183233,0.16739590230598278,0.23736893586337304
1,X_3,1,0.8186895007439886,0.7806847611183233,0.8186895007439886,0.7806847611183233,0.16739590230598278,0.23736893586337304
2,(0.5872945945974414)(X_3),3,0.6574781901030332,0.6150342000161755,0.6574781901030332,0.6150342000161755,0.3313471899581448,0.3991887509539013
3,X_3,1,0.8186895007439886,0.7806847611183233,0.8186895007439886,0.7806847611183233,0.16739590230598278,0.23736893586337304
4,X_3,1,0.8186895007439886,0.7806847611183233,0.8186895007439886,0.7806847611183233,0.16739590230598278,0.23736893586337304
5,(X_3)(sqrt(X_45)),4,0.8135498079015911,0.7639935895346983,0.8135498079015911,0.7639935895346983,0.17262295031084895,0.2536741163670535
6,(0.5872945945974412)(X_3),3,0.6574781901030332,0.6150342000161755,0.6574781901030332,0.6150342000161755,0.3313471899581448,0.3991887509539013
7,X_3,1,0.8186895007439886,0.7806847611183233,0.8186895007439886,0.7806847611183233,0.16739590230598278,0.23736893586337304
8,X_3,1,0.8186895007439886,0.7806847611183233,0.8186895007439886,0.7806847611183233,0.16739590230598278,0.23736893586337304
9,X_3,1,0.8186895007439886,0.7806847611183233,0.8186895007439886,0.7806847611183233,0.16739590230598278,0.23736893586337304
10,X_3,1,0.8186895007439886,0.7806847611183233,0.8186895007439886,0.7806847611183233,0.16739590230598278,0.23736893586337304
11,X_3,1,0.8186895007439886,0.7806847611183233,0.8186895007439886,0.7806847611183233,0.16739590230598278,0.23736893586337304
12,X_3,1,0.8186895007439886,0.7806847611183233,0.8186895007439886,0.7806847611183233,0.16739590230598278,0.23736893586337304
13,X_3,1,0.8186895007439886,0.7806847611183233,0.8186895007439886,0.7806847611183233,0.16739590230598278,0.23736893586337304
14,X_3,1,0.8186895007439886,0.7806847611183233,0.8186895007439886,0.7806847611183233,0.16739590230598278,0.23736893586337304
15,X_3,1,0.8186895007439886,0.7806847611183233,0.8186895007439886,0.7806847611183233,0.16739590230598278,0.23736893586337304
16,X_3,1,0.8186895007439886,0.7806847611183233,0.8186895007439886,0.7806847611183233,0.16739590230598278,0.23736893586337304
17,X_3,1,0.8186895007439886,0.7806847611183233,0.8186895007439886,0.7806847611183233,0.16739590230598278,0.23736893586337304
18,sin(X_3),2,0.6838896335537086,0.6506800337350728,0.6838896335537086,0.6506800337350728,0.3044868527691832,0.3643672436631247
19,X_3,1,0.8186895007439886,0.7806847611183233,0.8186895007439886,0.7806847611183233,0.16739590230598278,0.23736893586337304
20,(0.5872945945974412)(X_3),3,0.6574781901030332,0.6150342000161755,0.6574781901030332,0.6150342000161755,0.3313471899581448,0.3991887509539013
21,X_3,1,0.8186895007439886,0.7806847611183233,0.8186895007439886,0.7806847611183233,0.16739590230598278,0.23736893586337304
22,X_3,1,0.8186895007439886,0.7806847611183233,0.8186895007439886,0.7806847611183233,0.16739590230598278,0.23736893586337304
23,X_3,1,0.8186895007439886,0.7806847611183233,0.8186895007439886,0.7806847611183233,0.16739590230598278,0.23736893586337304
24,X_3,1,0.8186895007439886,0.7806847611183233,0.8186895007439886,0.7806847611183233,0.16739590230598278,0.23736893586337304
25,X_3,1,0.8186895007439886,0.7806847611183233,0.8186895007439886,0.7806847611183233,0.16739590230598278,0.23736893586337304
26,X_3,1,0.8186895007439886,0.7806847611183233,0.8186895007439886,0.7806847611183233,0.16739590230598278,0.23736893586337304
27,X_3,1,0.8186895007439886,0.7806847611183233,0.8186895007439886,0.7806847611183233,0.16739590230598278,0.23736893586337304
28,X_3,1,0.8186895007439886,0.7806847611183233,0.8186895007439886,0.7806847611183233,0.16739590230598278,0.23736893586337304
29,X_3,1,0.8186895007439886,0.7806847611183233,0.8186895007439886,0.7806847611183233,0.16739590230598278,0.23736893586337304
30,X_3,1,0.8186895007439886,0.7806847611183233,0.8186895007439886,0.7806847611183233,0.16739590230598278,0.23736893586337304
31,X_3,1,0.8186895007439886,0.7806847611183233,0.8186895007439886,0.7806847611183233,0.16739590230598278,0.23736893586337304
32,X_3,1,0.8186895007439886,0.7806847611183233,0.8186895007439886,0.7806847611183233,0.16739590230598278,0.23736893586337304
33,X_3,1,0.8186895007439886,0.7806847611183233,0.8186895007439886,0.7806847611183233,0.16739590230598278,0.23736893586337304
34,X_3,1,0.8186895007439886,0.7806847611183233,0.8186895007439886,0.7806847611183233,0.16739590230598278,0.23736893586337304
35,(0.5872945945974459)(X_3),3,0.6574781901030332,0.6150342000161753,0.6574781901030332,0.6150342000161753,0.3313471899581448,0.3991887509539015
36,X_3,1,0.8186895007439886,0.7806847611183233,0.8186895007439886,0.7806847611183233,0.16739590230598278,0.23736893586337304
37,X_3,1,0.8186895007439886,0.7806847611183233,0.8186895007439886,0.7806847611183233,0.16739590230598278,0.23736893586337304
38,X_3,1,0.8186895007439886,0.7806847611183233,0.8186895007439886,0.7806847611183233,0.16739590230598278,0.23736893586337304
39,X_3,1,0.8186895007439886,0.7806847611183233,0.8186895007439886,0.7806847611183233,0.16739590230598278,0.23736893586337304
40,X_3,1,0.8186895007439886,0.7806847611183233,0.8186895007439886,0.7806847611183233,0.16739590230598278,0.23736893586337304
41,X_3,1,0.8186895007439886,0.7806847611183233,0.8186895007439886,0.7806847611183233,0.16739590230598278,0.23736893586337304
42,X_3,1,0.8186895007439886,0.7806847611183233,0.8186895007439886,0.7806847611183233,0.16739590230598278,0.23736893586337304
43,X_3,1,0.8186895007439886,0.7806847611183233,0.8186895007439886,0.7806847611183233,0.16739590230598278,0.23736893586337304
44,X_3,1,0.8186895007439886,0.7806847611183233,0.8186895007439886,0.7806847611183233,0.16739590230598278,0.23736893586337304
45,X_3,1,0.8186895007439886,0.7806847611183233,0.8186895007439886,0.7806847611183233,0.16739590230598278,0.23736893586337304
46,(0.5872945945974413)(X_3),3,0.6574781901030331,0.6150342000161756,0.6574781901030331,0.6150342000161756,0.33134718995814494,0.39918875095390116
47,X_3,1,0.8186895007439886,0.7806847611183233,0.8186895007439886,0.7806847611183233,0.16739590230598278,0.23736893586337304
48,X_3,1,0.8186895007439886,0.7806847611183233,0.8186895007439886,0.7806847611183233,0.16739590230598278,0.23736893586337304
49,X_3,1,0.8186895007439886,0.7806847611183233,0.8186895007439886,0.7806847611183233,0.16739590230598278,0.23736893586337304
50,X_3,1,0.8186895007439886,0.7806847611183233,0.8186895007439886,0.7806847611183233,0.16739590230598278,0.23736893586337304
51,X_3,1,0.8186895007439886,0.7806847611183233,0.8186895007439886,0.7806847611183233,0.16739590230598278,0.23736893586337304
52,X_3,1,0.8186895007439886,0.7806847611183233,0.8186895007439886,0.7806847611183233,0.16739590230598278,0.23736893586337304
53,X_3,1,0.8186895007439886,0.7806847611183233,0.8186895007439886,0.7806847611183233,0.16739590230598278,0.23736893586337304
54,X_3,1,0.8186895007439886,0.7806847611183233,0.8186895007439886,0.7806847611183233,0.16739590230598278,0.23736893586337304
55,X_3,1,0.8186895007439886,0.7806847611183233,0.8186895007439886,0.7806847611183233,0.16739590230598278,0.23736893586337304
56,X_3,1,0.8186895007439886,0.7806847611183233,0.8186895007439886,0.7806847611183233,0.16739590230598278,0.23736893586337304
57,X_3,1,0.8186895007439886,0.7806847611183233,0.8186895007439886,0.7806847611183233,0.16739590230598278,0.23736893586337304
58,X_3,1,0.8186895007439886,0.7806847611183233,0.8186895007439886,0.7806847611183233,0.16739590230598278,0.23736893586337304
59,X_3,1,0.8186895007439886,0.7806847611183233,0.8186895007439886,0.7806847611183233,0.16739590230598278,0.23736893586337304
60,X_3,1,0.8186895007439886,0.7806847611183233,0.8186895007439886,0.7806847611183233,0.16739590230598278,0.23736893586337304
61,X_3,1,0.8186895007439886,0.7806847611183233,0.8186895007439886,0.7806847611183233,0.16739590230598278,0.23736893586337304
62,X_3,1,0.8186895007439886,0.7806847611183233,0.8186895007439886,0.7806847611183233,0.16739590230598278,0.23736893586337304
63,X_3,1,0.8186895007439886,0.7806847611183233,0.8186895007439886,0.7806847611183233,0.16739590230598278,0.23736893586337304
64,X_3,1,0.8186895007439886,0.7806847611183233,0.8186895007439886,0.7806847611183233,0.16739590230598278,0.23736893586337304
65,X_3,1,0.8186895007439886,0.7806847611183233,0.8186895007439886,0.7806847611183233,0.16739590230598278,0.23736893586337304
66,X_3,1,0.8186895007439886,0.7806847611183233,0.8186895007439886,0.7806847611183233,0.16739590230598278,0.23736893586337304
67,X_3,1,0.8186895007439886,0.7806847611183233,0.8186895007439886,0.7806847611183233,0.16739590230598278,0.23736893586337304
68,(0.5872945945974415)(X_3),3,0.6574781901030332,0.6150342000161756,0.6574781901030332,0.6150342000161756,0.3313471899581448,0.39918875095390116
69,X_3,1,0.8186895007439886,0.7806847611183233,0.8186895007439886,0.7806847611183233,0.16739590230598278,0.23736893586337304
70,X_3,1,0.8186895007439886,0.7806847611183233,0.8186895007439886,0.7806847611183233,0.16739590230598278,0.23736893586337304
71,(0.5872945945974409)(X_3),3,0.6574781901030331,0.6150342000161756,0.6574781901030331,0.6150342000161756,0.33134718995814494,0.39918875095390116
72,X_3,1,0.8186895007439886,0.7806847611183233,0.8186895007439886,0.7806847611183233,0.16739590230598278,0.23736893586337304
73,X_3,1,0.8186895007439886,0.7806847611183233,0.8186895007439886,0.7806847611183233,0.16739590230598278,0.23736893586337304
74,X_3,1,0.8186895007439886,0.7806847611183233,0.8186895007439886,0.7806847611183233,0.16739590230598278,0.23736893586337304
75,X_3,1,0.8186895007439886,0.7806847611183233,0.8186895007439886,0.7806847611183233,0.16739590230598278,0.23736893586337304
76,X_3,1,0.8186895007439886,0.7806847611183233,0.8186895007439886,0.7806847611183233,0.16739590230598278,0.23736893586337304
77,X_3,1,0.8186895007439886,0.7806847611183233,0.8186895007439886,0.7806847611183233,0.16739590230598278,0.23736893586337304
78,X_3,1,0.8186895007439886,0.7806847611183233,0.8186895007439886,0.7806847611183233,0.16739590230598278,0.23736893586337304
79,(0.5872945945974388)(X_3),3,0.6574781901030332,0.6150342000161758,0.6574781901030332,0.6150342000161758,0.3313471899581448,0.39918875095390105
80,X_3,1,0.8186895007439886,0.7806847611183233,0.8186895007439886,0.7806847611183233,0.16739590230598278,0.23736893586337304
81,(0.5872945945974413)(X_3),3,0.6574781901030331,0.6150342000161756,0.6574781901030331,0.6150342000161756,0.33134718995814494,0.39918875095390116
82,X_3,1,0.8186895007439886,0.7806847611183233,0.8186895007439886,0.7806847611183233,0.16739590230598278,0.23736893586337304
83,X_3,1,0.8186895007439886,0.7806847611183233,0.8186895007439886,0.7806847611183233,0.16739590230598278,0.23736893586337304
84,X_3,1,0.8186895007439886,0.7806847611183233,0.8186895007439886,0.7806847611183233,0.16739590230598278,0.23736893586337304
85,X_3,1,0.8186895007439886,0.7806847611183233,0.8186895007439886,0.7806847611183233,0.16739590230598278,0.23736893586337304
86,(X_3)(sqrt(sin((X_3)(X_3)))),5,0.7349394787884621,0.6893155756186138,0.7349394787884621,0.6893155756186138,0.2525693549993021,0.3266251665948695
87,X_3,1,0.8186895007439886,0.7806847611183233,0.8186895007439886,0.7806847611183233,0.16739590230598278,0.23736893586337304
88,X_3,1,0.8186895007439886,0.7806847611183233,0.8186895007439886,0.7806847611183233,0.16739590230598278,0.23736893586337304
89,X_3,1,0.8186895007439886,0.7806847611183233,0.8186895007439886,0.7806847611183233,0.16739590230598278,0.23736893586337304
90,X_3,1,0.8186895007439886,0.7806847611183233,0.8186895007439886,0.7806847611183233,0.16739590230598278,0.23736893586337304
91,sin(X_3),2,0.6838896335537086,0.6506800337350728,0.6838896335537086,0.6506800337350728,0.3044868527691832,0.3643672436631247
92,X_3,1,0.8186895007439886,0.7806847611183233,0.8186895007439886,0.7806847611183233,0.16739590230598278,0.23736893586337304
93,X_3,1,0.8186895007439886,0.7806847611183233,0.8186895007439886,0.7806847611183233,0.16739590230598278,0.23736893586337304
94,X_3,1,0.8186895007439886,0.7806847611183233,0.8186895007439886,0.7806847611183233,0.16739590230598278,0.23736893586337304
95,X_3,1,0.8186895007439886,0.7806847611183233,0.8186895007439886,0.7806847611183233,0.16739590230598278,0.23736893586337304
96,X_3,1,0.8186895007439886,0.7806847611183233,0.8186895007439886,0.7806847611183233,0.16739590230598278,0.23736893586337304
97,X_3,1,0.8186895007439886,0.7806847611183233,0.8186895007439886,0.7806847611183233,0.16739590230598278,0.23736893586337304
98,X_3,1,0.8186895007439886,0.7806847611183233,0.8186895007439886,0.7806847611183233,0.16739590230598278,0.23736893586337304
99,X_3,1,0.8186895007439886,0.7806847611183233,0.8186895007439886,0.7806847611183233,0.16739590230598278,0.23736893586337304
100,X_3,1,0.8186895007439886,0.7806847611183233,0.8186895007439886,0.7806847611183233,0.16739590230598278,0.23736893586337304
101,X_3,1,0.8186895007439886,0.7806847611183233,0.8186895007439886,0.7806847611183233,0.16739590230598278,0.23736893586337304
102,X_3,1,0.8186895007439886,0.7806847611183233,0.8186895007439886,0.7806847611183233,0.16739590230598278,0.23736893586337304
103,X_3,1,0.8186895007439886,0.7806847611183233,0.8186895007439886,0.7806847611183233,0.16739590230598278,0.23736893586337304
104,X_3,1,0.8186895007439886,0.7806847611183233,0.8186895007439886,0.7806847611183233,0.16739590230598278,0.23736893586337304
105,X_3,1,0.8186895007439886,0.7806847611183233,0.8186895007439886,0.7806847611183233,0.16739590230598278,0.23736893586337304
106,X_3,1,0.8186895007439886,0.7806847611183233,0.8186895007439886,0.7806847611183233,0.16739590230598278,0.23736893586337304
107,X_3,1,0.8186895007439886,0.7806847611183233,0.8186895007439886,0.7806847611183233,0.16739590230598278,0.23736893586337304
108,X_3,1,0.8186895007439886,0.7806847611183233,0.8186895007439886,0.7806847611183233,0.16739590230598278,0.23736893586337304
109,X_3,1,0.8186895007439886,0.7806847611183233,0.8186895007439886,0.7806847611183233,0.16739590230598278,0.23736893586337304
110,X_3,1,0.8186895007439886,0.7806847611183233,0.8186895007439886,0.7806847611183233,0.16739590230598278,0.23736893586337304
111,sin(X_3),2,0.6838896335537086,0.6506800337350728,0.6838896335537086,0.6506800337350728,0.3044868527691832,0.3643672436631247
112,(0.587294594597441)(X_3),3,0.6574781901030332,0.6150342000161756,0.6574781901030332,0.6150342000161756,0.3313471899581448,0.39918875095390116
113,X_3,1,0.8186895007439886,0.7806847611183233,0.8186895007439886,0.7806847611183233,0.16739590230598278,0.23736893586337304
114,X_3,1,0.8186895007439886,0.7806847611183233,0.8186895007439886,0.7806847611183233,0.16739590230598278,0.23736893586337304
115,X_3,1,0.8186895007439886,0.7806847611183233,0.8186895007439886,0.7806847611183233,0.16739590230598278,0.23736893586337304
116,(0.5872945945974406)(X_3),3,0.6574781901030332,0.6150342000161756,0.6574781901030332,0.6150342000161756,0.3313471899581448,0.39918875095390116
117,X_3,1,0.8186895007439886,0.7806847611183233,0.8186895007439886,0.7806847611183233,0.16739590230598278,0.23736893586337304
118,X_3,1,0.8186895007439886,0.7806847611183233,0.8186895007439886,0.7806847611183233,0.16739590230598278,0.23736893586337304
119,X_3,1,0.8186895007439886,0.7806847611183233,0.8186895007439886,0.7806847611183233,0.16739590230598278,0.23736893586337304
120,X_3,1,0.8186895007439886,0.7806847611183233,0.8186895007439886,0.7806847611183233,0.16739590230598278,0.23736893586337304
121,X_3,1,0.8186895007439886,0.7806847611183233,0.8186895007439886,0.7806847611183233,0.16739590230598278,0.23736893586337304
122,X_3,1,0.8186895007439886,0.7806847611183233,0.8186895007439886,0.7806847611183233,0.16739590230598278,0.23736893586337304
123,X_3,1,0.8186895007439886,0.7806847611183233,0.8186895007439886,0.7806847611183233,0.16739590230598278,0.23736893586337304
124,X_3,1,0.8186895007439886,0.7806847611183233,0.8186895007439886,0.7806847611183233,0.16739590230598278,0.23736893586337304
125,X_3,1,0.8186895007439886,0.7806847611183233,0.8186895007439886,0.7806847611183233,0.16739590230598278,0.23736893586337304
126,X_3,1,0.8186895007439886,0.7806847611183233,0.8186895007439886,0.7806847611183233,0.16739590230598278,0.23736893586337304
127,X_3,1,0.8186895007439886,0.7806847611183233,0.8186895007439886,0.7806847611183233,0.16739590230598278,0.23736893586337304
128,X_3,1,0.8186895007439886,0.7806847611183233,0.8186895007439886,0.7806847611183233,0.16739590230598278,0.23736893586337304
129,X_3,1,0.8186895007439886,0.7806847611183233,0.8186895007439886,0.7806847611183233,0.16739590230598278,0.23736893586337304
130,(0.5872945945974413)(X_3),3,0.6574781901030331,0.6150342000161756,0.6574781901030331,0.6150342000161756,0.33134718995814494,0.39918875095390116
131,X_3,1,0.8186895007439886,0.7806847611183233,0.8186895007439886,0.7806847611183233,0.16739590230598278,0.23736893586337304
132,X_3,1,0.8186895007439886,0.7806847611183233,0.8186895007439886,0.7806847611183233,0.16739590230598278,0.23736893586337304
133,X_3,1,0.8186895007439886,0.7806847611183233,0.8186895007439886,0.7806847611183233,0.16739590230598278,0.23736893586337304
134,(X_3)(sqrt(X_13)),4,0.7885979894639351,0.7663088783492653,0.7885979894639351,0.7663088783492653,0.1979988544322896,0.25141236967955893
135,X_3,1,0.8186895007439886,0.7806847611183233,0.8186895007439886,0.7806847611183233,0.16739590230598278,0.23736893586337304
136,X_3,1,0.8186895007439886,0.7806847611183233,0.8186895007439886,0.7806847611183233,0.16739590230598278,0.23736893586337304
137,X_3,1,0.8186895007439886,0.7806847611183233,0.8186895007439886,0.7806847611183233,0.16739590230598278,0.23736893586337304
138,X_3,1,0.8186895007439886,0.7806847611183233,0.8186895007439886,0.7806847611183233,0.16739590230598278,0.23736893586337304
139,(0.5872945945974412)(X_3),3,0.6574781901030332,0.6150342000161755,0.6574781901030332,0.6150342000161755,0.3313471899581448,0.3991887509539013
140,X_3,1,0.8186895007439886,0.7806847611183233,0.8186895007439886,0.7806847611183233,0.16739590230598278,0.23736893586337304
141,(0.587294594597441)(X_3),3,0.6574781901030332,0.6150342000161756,0.6574781901030332,0.6150342000161756,0.3313471899581448,0.39918875095390116
142,X_3,1,0.8186895007439886,0.7806847611183233,0.8186895007439886,0.7806847611183233,0.16739590230598278,0.23736893586337304
143,X_3,1,0.8186895007439886,0.7806847611183233,0.8186895007439886,0.7806847611183233,0.16739590230598278,0.23736893586337304
144,X_3,1,0.8186895007439886,0.7806847611183233,0.8186895007439886,0.7806847611183233,0.16739590230598278,0.23736893586337304
145,(0.5872945945974408)(X_3),3,0.6574781901030332,0.6150342000161756,0.6574781901030332,0.6150342000161756,0.3313471899581448,0.39918875095390116
146,X_3,1,0.8186895007439886,0.7806847611183233,0.8186895007439886,0.7806847611183233,0.16739590230598278,0.23736893586337304
147,X_3,1,0.8186895007439886,0.7806847611183233,0.8186895007439886,0.7806847611183233,0.16739590230598278,0.23736893586337304
148,X_3,1,0.8186895007439886,0.7806847611183233,0.8186895007439886,0.7806847611183233,0.16739590230598278,0.23736893586337304
149,X_3,1,0.8186895007439886,0.7806847611183233,0.8186895007439886,0.7806847611183233,0.16739590230598278,0.23736893586337304
150,X_3,1,0.8186895007439886,0.7806847611183233,0.8186895007439886,0.7806847611183233,0.16739590230598278,0.23736893586337304
151,X_3,1,0.8186895007439886,0.7806847611183233,0.8186895007439886,0.7806847611183233,0.16739590230598278,0.23736893586337304
152,sin(X_3),2,0.6838896335537086,0.6506800337350728,0.6838896335537086,0.6506800337350728,0.3044868527691832,0.3643672436631247
153,X_3,1,0.8186895007439886,0.7806847611183233,0.8186895007439886,0.7806847611183233,0.16739590230598278,0.23736893586337304
154,X_3,1,0.8186895007439886,0.7806847611183233,0.8186895007439886,0.7806847611183233,0.16739590230598278,0.23736893586337304
155,(0.5872945945974412)(X_3),3,0.6574781901030332,0.6150342000161755,0.6574781901030332,0.6150342000161755,0.3313471899581448,0.3991887509539013
156,(0.5872945945974412)(X_3),3,0.6574781901030332,0.6150342000161755,0.6574781901030332,0.6150342000161755,0.3313471899581448,0.3991887509539013
157,X_3,1,0.8186895007439886,0.7806847611183233,0.8186895007439886,0.7806847611183233,0.16739590230598278,0.23736893586337304
158,X_3,1,0.8186895007439886,0.7806847611183233,0.8186895007439886,0.7806847611183233,0.16739590230598278,0.23736893586337304
159,X_3,1,0.8186895007439886,0.7806847611183233,0.8186895007439886,0.7806847611183233,0.16739590230598278,0.23736893586337304
160,X_3,1,0.8186895007439886,0.7806847611183233,0.8186895007439886,0.7806847611183233,0.16739590230598278,0.23736893586337304
161,sin(X_3),2,0.6838896335537086,0.6506800337350728,0.6838896335537086,0.6506800337350728,0.3044868527691832,0.3643672436631247
162,X_3,1,0.8186895007439886,0.7806847611183233,0.8186895007439886,0.7806847611183233,0.16739590230598278,0.23736893586337304
163,X_3,1,0.8186895007439886,0.7806847611183233,0.8186895007439886,0.7806847611183233,0.16739590230598278,0.23736893586337304
164,X_3,1,0.8186895007439886,0.7806847611183233,0.8186895007439886,0.7806847611183233,0.16739590230598278,0.23736893586337304
165,X_3,1,0.8186895007439886,0.7806847611183233,0.8186895007439886,0.7806847611183233,0.16739590230598278,0.23736893586337304
166,sin(X_3),2,0.6838896335537086,0.6506800337350728,0.6838896335537086,0.6506800337350728,0.3044868527691832,0.3643672436631247
167,X_3,1,0.8186895007439886,0.7806847611183233,0.8186895007439886,0.7806847611183233,0.16739590230598278,0.23736893586337304
168,X_3,1,0.8186895007439886,0.7806847611183233,0.8186895007439886,0.7806847611183233,0.16739590230598278,0.23736893586337304
169,X_3,1,0.8186895007439886,0.7806847611183233,0.8186895007439886,0.7806847611183233,0.16739590230598278,0.23736893586337304
170,X_3,1,0.8186895007439886,0.7806847611183233,0.8186895007439886,0.7806847611183233,0.16739590230598278,0.23736893586337304
171,X_3,1,0.8186895007439886,0.7806847611183233,0.8186895007439886,0.7806847611183233,0.16739590230598278,0.23736893586337304
172,X_3,1,0.8186895007439886,0.7806847611183233,0.8186895007439886,0.7806847611183233,0.16739590230598278,0.23736893586337304
173,X_3,1,0.8186895007439886,0.7806847611183233,0.8186895007439886,0.7806847611183233,0.16739590230598278,0.23736893586337304
174,X_3,1,0.8186895007439886,0.7806847611183233,0.8186895007439886,0.7806847611183233,0.16739590230598278,0.23736893586337304
175,sin(X_3),2,0.6838896335537086,0.6506800337350728,0.6838896335537086,0.6506800337350728,0.3044868527691832,0.3643672436631247
176,X_3,1,0.8186895007439886,0.7806847611183233,0.8186895007439886,0.7806847611183233,0.16739590230598278,0.23736893586337304
177,X_3,1,0.8186895007439886,0.7806847611183233,0.8186895007439886,0.7806847611183233,0.16739590230598278,0.23736893586337304
178,X_3,1,0.8186895007439886,0.7806847611183233,0.8186895007439886,0.7806847611183233,0.16739590230598278,0.23736893586337304
179,(1.5872945945974408)(X_3) - (X_3),4,0.6574781901030332,0.6150342000161756,0.6574781901030332,0.6150342000161756,0.3313471899581448,0.39918875095390116
180,(0.5872945945974433)(X_3),3,0.6574781901030332,0.6150342000161755,0.6574781901030332,0.6150342000161755,0.3313471899581448,0.3991887509539014
181,X_3,1,0.8186895007439886,0.7806847611183233,0.8186895007439886,0.7806847611183233,0.16739590230598278,0.23736893586337304
182,X_3,1,0.8186895007439886,0.7806847611183233,0.8186895007439886,0.7806847611183233,0.16739590230598278,0.23736893586337304
183,X_3,1,0.8186895007439886,0.7806847611183233,0.8186895007439886,0.7806847611183233,0.16739590230598278,0.23736893586337304
184,X_3,1,0.8186895007439886,0.7806847611183233,0.8186895007439886,0.7806847611183233,0.16739590230598278,0.23736893586337304
185,X_3,1,0.8186895007439886,0.7806847611183233,0.8186895007439886,0.7806847611183233,0.16739590230598278,0.23736893586337304
186,X_3,1,0.8186895007439886,0.7806847611183233,0.8186895007439886,0.7806847611183233,0.16739590230598278,0.23736893586337304
187,X_3,1,0.8186895007439886,0.7806847611183233,0.8186895007439886,0.7806847611183233,0.16739590230598278,0.23736893586337304
188,X_3,1,0.8186895007439886,0.7806847611183233,0.8186895007439886,0.7806847611183233,0.16739590230598278,0.23736893586337304
189,X_3,1,0.8186895007439886,0.7806847611183233,0.8186895007439886,0.7806847611183233,0.16739590230598278,0.23736893586337304
190,X_3,1,0.8186895007439886,0.7806847611183233,0.8186895007439886,0.7806847611183233,0.16739590230598278,0.23736893586337304
191,X_3,1,0.8186895007439886,0.7806847611183233,0.8186895007439886,0.7806847611183233,0.16739590230598278,0.23736893586337304
192,X_3,1,0.8186895007439886,0.7806847611183233,0.8186895007439886,0.7806847611183233,0.16739590230598278,0.23736893586337304
193,X_3,1,0.8186895007439886,0.7806847611183233,0.8186895007439886,0.7806847611183233,0.16739590230598278,0.23736893586337304
194,X_3,1,0.8186895007439886,0.7806847611183233,0.8186895007439886,0.7806847611183233,0.16739590230598278,0.23736893586337304
195,(0.5872945945974412)(X_3),3,0.6574781901030332,0.6150342000161755,0.6574781901030332,0.6150342000161755,0.3313471899581448,0.3991887509539013
196,X_3,1,0.8186895007439886,0.7806847611183233,0.8186895007439886,0.7806847611183233,0.16739590230598278,0.23736893586337304
197,X_3,1,0.8186895007439886,0.7806847611183233,0.8186895007439886,0.7806847611183233,0.16739590230598278,0.23736893586337304
198,(0.5872945945974412)(X_3),3,0.6574781901030332,0.6150342000161755,0.6574781901030332,0.6150342000161755,0.3313471899581448,0.3991887509539013
199,X_3,1,0.8186895007439886,0.7806847611183233,0.8186895007439886,0.7806847611183233,0.16739590230598278,0.23736893586337304
200,X_3,1,0.8186895007439886,0.7806847611183233,0.8186895007439886,0.7806847611183233,0.16739590230598278,0.23736893586337304
201,X_3,1,0.8186895007439886,0.7806847611183233,0.8186895007439886,0.7806847611183233,0.16739590230598278,0.23736893586337304
202,X_3,1,0.8186895007439886,0.7806847611183233,0.8186895007439886,0.7806847611183233,0.16739590230598278,0.23736893586337304
203,X_3,1,0.8186895007439886,0.7806847611183233,0.8186895007439886,0.7806847611183233,0.16739590230598278,0.23736893586337304
204,X_3,1,0.8186895007439886,0.7806847611183233,0.8186895007439886,0.7806847611183233,0.16739590230598278,0.23736893586337304
205,X_3,1,0.8186895007439886,0.7806847611183233,0.8186895007439886,0.7806847611183233,0.16739590230598278,0.23736893586337304
206,(0.5872945945974414)(X_3),3,0.6574781901030332,0.6150342000161755,0.6574781901030332,0.6150342000161755,0.3313471899581448,0.3991887509539013
207,X_3,1,0.8186895007439886,0.7806847611183233,0.8186895007439886,0.7806847611183233,0.16739590230598278,0.23736893586337304
208,(0.5872945945974408)(X_3),3,0.6574781901030332,0.6150342000161756,0.6574781901030332,0.6150342000161756,0.3313471899581448,0.39918875095390116
209,X_3,1,0.8186895007439886,0.7806847611183233,0.8186895007439886,0.7806847611183233,0.16739590230598278,0.23736893586337304
210,X_3,1,0.8186895007439886,0.7806847611183233,0.8186895007439886,0.7806847611183233,0.16739590230598278,0.23736893586337304
211,X_3,1,0.8186895007439886,0.7806847611183233,0.8186895007439886,0.7806847611183233,0.16739590230598278,0.23736893586337304
212,X_3,1,0.8186895007439886,0.7806847611183233,0.8186895007439886,0.7806847611183233,0.16739590230598278,0.23736893586337304
213,X_3,1,0.8186895007439886,0.7806847611183233,0.8186895007439886,0.7806847611183233,0.16739590230598278,0.23736893586337304
214,X_3,1,0.8186895007439886,0.7806847611183233,0.8186895007439886,0.7806847611183233,0.16739590230598278,0.23736893586337304
215,X_3,1,0.8186895007439886,0.7806847611183233,0.8186895007439886,0.7806847611183233,0.16739590230598278,0.23736893586337304
216,X_3,1,0.8186895007439886,0.7806847611183233,0.8186895007439886,0.7806847611183233,0.16739590230598278,0.23736893586337304
217,X_3,1,0.8186895007439886,0.7806847611183233,0.8186895007439886,0.7806847611183233,0.16739590230598278,0.23736893586337304
218,X_3,1,0.8186895007439886,0.7806847611183233,0.8186895007439886,0.7806847611183233,0.16739590230598278,0.23736893586337304
219,X_3,1,0.8186895007439886,0.7806847611183233,0.8186895007439886,0.7806847611183233,0.16739590230598278,0.23736893586337304
220,X_3,1,0.8186895007439886,0.7806847611183233,0.8186895007439886,0.7806847611183233,0.16739590230598278,0.23736893586337304
221,X_3,1,0.8186895007439886,0.7806847611183233,0.8186895007439886,0.7806847611183233,0.16739590230598278,0.23736893586337304
222,X_3,1,0.8186895007439886,0.7806847611183233,0.8186895007439886,0.7806847611183233,0.16739590230598278,0.23736893586337304
223,X_3,1,0.8186895007439886,0.7806847611183233,0.8186895007439886,0.7806847611183233,0.16739590230598278,0.23736893586337304
224,X_3,1,0.8186895007439886,0.7806847611183233,0.8186895007439886,0.7806847611183233,0.16739590230598278,0.23736893586337304
225,X_3,1,0.8186895007439886,0.7806847611183233,0.8186895007439886,0.7806847611183233,0.16739590230598278,0.23736893586337304
226,X_3,1,0.8186895007439886,0.7806847611183233,0.8186895007439886,0.7806847611183233,0.16739590230598278,0.23736893586337304
227,X_3,1,0.8186895007439886,0.7806847611183233,0.8186895007439886,0.7806847611183233,0.16739590230598278,0.23736893586337304
228,X_3,1,0.8186895007439886,0.7806847611183233,0.8186895007439886,0.7806847611183233,0.16739590230598278,0.23736893586337304
229,X_3,1,0.8186895007439886,0.7806847611183233,0.8186895007439886,0.7806847611183233,0.16739590230598278,0.23736893586337304
230,X_3,1,0.8186895007439886,0.7806847611183233,0.8186895007439886,0.7806847611183233,0.16739590230598278,0.23736893586337304
231,X_3,1,0.8186895007439886,0.7806847611183233,0.8186895007439886,0.7806847611183233,0.16739590230598278,0.23736893586337304
232,X_3,1,0.8186895007439886,0.7806847611183233,0.8186895007439886,0.7806847611183233,0.16739590230598278,0.23736893586337304
233,X_3,1,0.8186895007439886,0.7806847611183233,0.8186895007439886,0.7806847611183233,0.16739590230598278,0.23736893586337304
234,X_3,1,0.8186895007439886,0.7806847611183233,0.8186895007439886,0.7806847611183233,0.16739590230598278,0.23736893586337304
235,X_3,1,0.8186895007439886,0.7806847611183233,0.8186895007439886,0.7806847611183233,0.16739590230598278,0.23736893586337304
236,X_3,1,0.8186895007439886,0.7806847611183233,0.8186895007439886,0.7806847611183233,0.16739590230598278,0.23736893586337304
237,X_3,1,0.8186895007439886,0.7806847611183233,0.8186895007439886,0.7806847611183233,0.16739590230598278,0.23736893586337304
238,X_3,1,0.8186895007439886,0.7806847611183233,0.8186895007439886,0.7806847611183233,0.16739590230598278,0.23736893586337304
239,X_3,1,0.8186895007439886,0.7806847611183233,0.8186895007439886,0.7806847611183233,0.16739590230598278,0.23736893586337304
240,X_3,1,0.8186895007439886,0.7806847611183233,0.8186895007439886,0.7806847611183233,0.16739590230598278,0.23736893586337304
241,X_3,1,0.8186895007439886,0.7806847611183233,0.8186895007439886,0.7806847611183233,0.16739590230598278,0.23736893586337304
242,X_3,1,0.8186895007439886,0.7806847611183233,0.8186895007439886,0.7806847611183233,0.16739590230598278,0.23736893586337304
243,X_3,1,0.8186895007439886,0.7806847611183233,0.8186895007439886,0.7806847611183233,0.16739590230598278,0.23736893586337304
244,(0.5872945945974375)(X_3),3,0.6574781901030332,0.6150342000161758,0.6574781901030332,0.6150342000161758,0.3313471899581448,0.39918875095390105
245,X_3,1,0.8186895007439886,0.7806847611183233,0.8186895007439886,0.7806847611183233,0.16739590230598278,0.23736893586337304
246,X_3,1,0.8186895007439886,0.7806847611183233,0.8186895007439886,0.7806847611183233,0.16739590230598278,0.23736893586337304
247,X_3,1,0.8186895007439886,0.7806847611183233,0.8186895007439886,0.7806847611183233,0.16739590230598278,0.23736893586337304
248,X_3,1,0.8186895007439886,0.7806847611183233,0.8186895007439886,0.7806847611183233,0.16739590230598278,0.23736893586337304
249,X_3,1,0.8186895007439886,0.7806847611183233,0.8186895007439886,0.7806847611183233,0.16739590230598278,0.23736893586337304
250,X_3,1,0.8186895007439886,0.7806847611183233,0.8186895007439886,0.7806847611183233,0.16739590230598278,0.23736893586337304
251,X_3,1,0.8186895007439886,0.7806847611183233,0.8186895007439886,0.7806847611183233,0.16739590230598278,0.23736893586337304
252,X_3,1,0.8186895007439886,0.7806847611183233,0.8186895007439886,0.7806847611183233,0.16739590230598278,0.23736893586337304
253,X_3,1,0.8186895007439886,0.7806847611183233,0.8186895007439886,0.7806847611183233,0.16739590230598278,0.23736893586337304
254,X_3,1,0.8186895007439886,0.7806847611183233,0.8186895007439886,0.7806847611183233,0.16739590230598278,0.23736893586337304
255,X_3,1,0.8186895007439886,0.7806847611183233,0.8186895007439886,0.7806847611183233,0.16739590230598278,0.23736893586337304
256,((2)^(-1))(X_3),5,0.6646907577503482,0.6280799299988992,0.6646907577503482,0.6280799299988992,0.32401203618789054,0.3864447095242829
257,X_3,1,0.8186895007439886,0.7806847611183233,0.8186895007439886,0.7806847611183233,0.16739590230598278,0.23736893586337304
258,X_3,1,0.8186895007439886,0.7806847611183233,0.8186895007439886,0.7806847611183233,0.16739590230598278,0.23736893586337304
259,X_3,1,0.8186895007439886,0.7806847611183233,0.8186895007439886,0.7806847611183233,0.16739590230598278,0.23736893586337304
260,X_3,1,0.8186895007439886,0.7806847611183233,0.8186895007439886,0.7806847611183233,0.16739590230598278,0.23736893586337304
261,X_3,1,0.8186895007439886,0.7806847611183233,0.8186895007439886,0.7806847611183233,0.16739590230598278,0.23736893586337304
262,X_3,1,0.8186895007439886,0.7806847611183233,0.8186895007439886,0.7806847611183233,0.16739590230598278,0.23736893586337304
263,X_3,1,0.8186895007439886,0.7806847611183233,0.8186895007439886,0.7806847611183233,0.16739590230598278,0.23736893586337304
264,X_3,1,0.8186895007439886,0.7806847611183233,0.8186895007439886,0.7806847611183233,0.16739590230598278,0.23736893586337304
265,X_3,1,0.8186895007439886,0.7806847611183233,0.8186895007439886,0.7806847611183233,0.16739590230598278,0.23736893586337304
266,X_3,1,0.8186895007439886,0.7806847611183233,0.8186895007439886,0.7806847611183233,0.16739590230598278,0.23736893586337304
267,X_3,1,0.8186895007439886,0.7806847611183233,0.8186895007439886,0.7806847611183233,0.16739590230598278,0.23736893586337304
268,X_3,1,0.8186895007439886,0.7806847611183233,0.8186895007439886,0.7806847611183233,0.16739590230598278,0.23736893586337304
269,X_3,1,0.8186895007439886,0.7806847611183233,0.8186895007439886,0.7806847611183233,0.16739590230598278,0.23736893586337304
270,X_3,1,0.8186895007439886,0.7806847611183233,0.8186895007439886,0.7806847611183233,0.16739590230598278,0.23736893586337304
271,X_3,1,0.8186895007439886,0.7806847611183233,0.8186895007439886,0.7806847611183233,0.16739590230598278,0.23736893586337304
272,X_3,1,0.8186895007439886,0.7806847611183233,0.8186895007439886,0.7806847611183233,0.16739590230598278,0.23736893586337304
273,X_3,1,0.8186895007439886,0.7806847611183233,0.8186895007439886,0.7806847611183233,0.16739590230598278,0.23736893586337304
274,X_3,1,0.8186895007439886,0.7806847611183233,0.8186895007439886,0.7806847611183233,0.16739590230598278,0.23736893586337304
275,X_3,1,0.8186895007439886,0.7806847611183233,0.8186895007439886,0.7806847611183233,0.16739590230598278,0.23736893586337304
276,(0.5872945945974397)(X_3),3,0.6574781901030332,0.6150342000161756,0.6574781901030332,0.6150342000161756,0.3313471899581448,0.39918875095390116
277,X_3,1,0.8186895007439886,0.7806847611183233,0.8186895007439886,0.7806847611183233,0.16739590230598278,0.23736893586337304
278,(0.5872945945974442)(X_3),3,0.6574781901030331,0.6150342000161754,0.6574781901030331,0.6150342000161754,0.33134718995814494,0.3991887509539014
279,X_3,1,0.8186895007439886,0.7806847611183233,0.8186895007439886,0.7806847611183233,0.16739590230598278,0.23736893586337304
280,(0.5280384543938532)((X_3)(((sin(sin(sqrt(X_41))))^(-1))(sin(sqrt(X_41))))),11,0.6598424175812921,0.6161790145625891,0.6598424175812921,0.6161790145625891,0.3289427796359282,0.3980704107745442
281,X_3,1,0.8186895007439886,0.7806847611183233,0.8186895007439886,0.7806847611183233,0.16739590230598278,0.23736893586337304
282,X_3,1,0.8186895007439886,0.7806847611183233,0.8186895007439886,0.7806847611183233,0.16739590230598278,0.23736893586337304
283,X_3,1,0.8186895007439886,0.7806847611183233,0.8186895007439886,0.7806847611183233,0.16739590230598278,0.23736893586337304
284,X_3,1,0.8186895007439886,0.7806847611183233,0.8186895007439886,0.7806847611183233,0.16739590230598278,0.23736893586337304
285,X_3,1,0.8186895007439886,0.7806847611183233,0.8186895007439886,0.7806847611183233,0.16739590230598278,0.23736893586337304
286,(0.5872945945974415)(X_3),3,0.6574781901030332,0.6150342000161756,0.6574781901030332,0.6150342000161756,0.3313471899581448,0.39918875095390116
287,X_3,1,0.8186895007439886,0.7806847611183233,0.8186895007439886,0.7806847611183233,0.16739590230598278,0.23736893586337304
288,X_3,1,0.8186895007439886,0.7806847611183233,0.8186895007439886,0.7806847611183233,0.16739590230598278,0.23736893586337304
289,X_3,1,0.8186895007439886,0.7806847611183233,0.8186895007439886,0.7806847611183233,0.16739590230598278,0.23736893586337304
290,X_3,1,0.8186895007439886,0.7806847611183233,0.8186895007439886,0.7806847611183233,0.16739590230598278,0.23736893586337304
291,X_3,1,0.8186895007439886,0.7806847611183233,0.8186895007439886,0.7806847611183233,0.16739590230598278,0.23736893586337304
292,X_3,1,0.8186895007439886,0.7806847611183233,0.8186895007439886,0.7806847611183233,0.16739590230598278,0.23736893586337304
293,X_3,1,0.8186895007439886,0.7806847611183233,0.8186895007439886,0.7806847611183233,0.16739590230598278,0.23736893586337304
294,X_3,1,0.8186895007439886,0.7806847611183233,0.8186895007439886,0.7806847611183233,0.16739590230598278,0.23736893586337304
295,X_3,1,0.8186895007439886,0.7806847611183233,0.8186895007439886,0.7806847611183233,0.16739590230598278,0.23736893586337304
296,X_3,1,0.8186895007439886,0.7806847611183233,0.8186895007439886,0.7806847611183233,0.16739590230598278,0.23736893586337304
297,X_3,1,0.8186895007439886,0.7806847611183233,0.8186895007439886,0.7806847611183233,0.16739590230598278,0.23736893586337304
298,X_3,1,0.8186895007439886,0.7806847611183233,0.8186895007439886,0.7806847611183233,0.16739590230598278,0.23736893586337304
299,X_3,1,0.8186895007439886,0.7806847611183233,0.8186895007439886,0.7806847611183233,0.16739590230598278,0.23736893586337304
300,X_3,1,0.8186895007439886,0.7806847611183233,0.8186895007439886,0.7806847611183233,0.16739590230598278,0.23736893586337304
301,X_3,1,0.8186895007439886,0.7806847611183233,0.8186895007439886,0.7806847611183233,0.16739590230598278,0.23736893586337304
302,X_3,1,0.8186895007439886,0.7806847611183233,0.8186895007439886,0.7806847611183233,0.16739590230598278,0.23736893586337304
303,X_3,1,0.8186895007439886,0.7806847611183233,0.8186895007439886,0.7806847611183233,0.16739590230598278,0.23736893586337304
304,X_3,1,0.8186895007439886,0.7806847611183233,0.8186895007439886,0.7806847611183233,0.16739590230598278,0.23736893586337304
305,X_3,1,0.8186895007439886,0.7806847611183233,0.8186895007439886,0.7806847611183233,0.16739590230598278,0.23736893586337304
306,X_3,1,0.8186895007439886,0.7806847611183233,0.8186895007439886,0.7806847611183233,0.16739590230598278,0.23736893586337304
307,X_3,1,0.8186895007439886,0.7806847611183233,0.8186895007439886,0.7806847611183233,0.16739590230598278,0.23736893586337304
308,X_3,1,0.8186895007439886,0.7806847611183233,0.8186895007439886,0.7806847611183233,0.16739590230598278,0.23736893586337304
309,X_3,1,0.8186895007439886,0.7806847611183233,0.8186895007439886,0.7806847611183233,0.16739590230598278,0.23736893586337304
310,X_3,1,0.8186895007439886,0.7806847611183233,0.8186895007439886,0.7806847611183233,0.16739590230598278,0.23736893586337304
311,X_3,1,0.8186895007439886,0.7806847611183233,0.8186895007439886,0.7806847611183233,0.16739590230598278,0.23736893586337304
312,X_3,1,0.8186895007439886,0.7806847611183233,0.8186895007439886,0.7806847611183233,0.16739590230598278,0.23736893586337304
313,X_3,1,0.8186895007439886,0.7806847611183233,0.8186895007439886,0.7806847611183233,0.16739590230598278,0.23736893586337304
314,X_3,1,0.8186895007439886,0.7806847611183233,0.8186895007439886,0.7806847611183233,0.16739590230598278,0.23736893586337304
315,X_3,1,0.8186895007439886,0.7806847611183233,0.8186895007439886,0.7806847611183233,0.16739590230598278,0.23736893586337304
316,X_3,1,0.8186895007439886,0.7806847611183233,0.8186895007439886,0.7806847611183233,0.16739590230598278,0.23736893586337304
317,X_3,1,0.8186895007439886,0.7806847611183233,0.8186895007439886,0.7806847611183233,0.16739590230598278,0.23736893586337304
318,X_3,1,0.8186895007439886,0.7806847611183233,0.8186895007439886,0.7806847611183233,0.16739590230598278,0.23736893586337304
319,X_3,1,0.8186895007439886,0.7806847611183233,0.8186895007439886,0.7806847611183233,0.16739590230598278,0.23736893586337304
320,X_3,1,0.8186895007439886,0.7806847611183233,0.8186895007439886,0.7806847611183233,0.16739590230598278,0.23736893586337304
321,X_3,1,0.8186895007439886,0.7806847611183233,0.8186895007439886,0.7806847611183233,0.16739590230598278,0.23736893586337304
322,X_3,1,0.8186895007439886,0.7806847611183233,0.8186895007439886,0.7806847611183233,0.16739590230598278,0.23736893586337304
323,X_3,1,0.8186895007439886,0.7806847611183233,0.8186895007439886,0.7806847611183233,0.16739590230598278,0.23736893586337304
324,X_3,1,0.8186895007439886,0.7806847611183233,0.8186895007439886,0.7806847611183233,0.16739590230598278,0.23736893586337304
325,X_3,1,0.8186895007439886,0.7806847611183233,0.8186895007439886,0.7806847611183233,0.16739590230598278,0.23736893586337304
326,X_3,1,0.8186895007439886,0.7806847611183233,0.8186895007439886,0.7806847611183233,0.16739590230598278,0.23736893586337304
327,X_3,1,0.8186895007439886,0.7806847611183233,0.8186895007439886,0.7806847611183233,0.16739590230598278,0.23736893586337304
328,(0.5872945945974415)(X_3),3,0.6574781901030332,0.6150342000161756,0.6574781901030332,0.6150342000161756,0.3313471899581448,0.39918875095390116
329,X_3,1,0.8186895007439886,0.7806847611183233,0.8186895007439886,0.7806847611183233,0.16739590230598278,0.23736893586337304
330,X_3,1,0.8186895007439886,0.7806847611183233,0.8186895007439886,0.7806847611183233,0.16739590230598278,0.23736893586337304
331,X_3,1,0.8186895007439886,0.7806847611183233,0.8186895007439886,0.7806847611183233,0.16739590230598278,0.23736893586337304
332,X_3,1,0.8186895007439886,0.7806847611183233,0.8186895007439886,0.7806847611183233,0.16739590230598278,0.23736893586337304
333,X_3,1,0.8186895007439886,0.7806847611183233,0.8186895007439886,0.7806847611183233,0.16739590230598278,0.23736893586337304
334,X_3,1,0.8186895007439886,0.7806847611183233,0.8186895007439886,0.7806847611183233,0.16739590230598278,0.23736893586337304
335,X_3,1,0.8186895007439886,0.7806847611183233,0.8186895007439886,0.7806847611183233,0.16739590230598278,0.23736893586337304
336,(X_3)(sqrt(X_47)),4,0.7761530228874753,0.7722132330162218,0.7761530228874753,0.7722132330162218,0.2106553379438153,0.24564455595119716
337,X_3,1,0.8186895007439886,0.7806847611183233,0.8186895007439886,0.7806847611183233,0.16739590230598278,0.23736893586337304
338,X_3,1,0.8186895007439886,0.7806847611183233,0.8186895007439886,0.7806847611183233,0.16739590230598278,0.23736893586337304
339,X_3,1,0.8186895007439886,0.7806847611183233,0.8186895007439886,0.7806847611183233,0.16739590230598278,0.23736893586337304
340,(0.5872945945974437)(X_3),3,0.6574781901030332,0.6150342000161755,0.6574781901030332,0.6150342000161755,0.3313471899581448,0.3991887509539014
341,X_3,1,0.8186895007439886,0.7806847611183233,0.8186895007439886,0.7806847611183233,0.16739590230598278,0.23736893586337304
342,((2)^(-1))(X_3),5,0.6646907577503482,0.6280799299988992,0.6646907577503482,0.6280799299988992,0.32401203618789054,0.3864447095242829
343,X_3,1,0.8186895007439886,0.7806847611183233,0.8186895007439886,0.7806847611183233,0.16739590230598278,0.23736893586337304
344,X_3,1,0.8186895007439886,0.7806847611183233,0.8186895007439886,0.7806847611183233,0.16739590230598278,0.23736893586337304
345,X_3,1,0.8186895007439886,0.7806847611183233,0.8186895007439886,0.7806847611183233,0.16739590230598278,0.23736893586337304
346,X_3,1,0.8186895007439886,0.7806847611183233,0.8186895007439886,0.7806847611183233,0.16739590230598278,0.23736893586337304
347,X_3,1,0.8186895007439886,0.7806847611183233,0.8186895007439886,0.7806847611183233,0.16739590230598278,0.23736893586337304
348,X_3,1,0.8186895007439886,0.7806847611183233,0.8186895007439886,0.7806847611183233,0.16739590230598278,0.23736893586337304
349,X_3,1,0.8186895007439886,0.7806847611183233,0.8186895007439886,0.7806847611183233,0.16739590230598278,0.23736893586337304
350,0.0006353421147894389 + X_3,3,0.8186890970843861,0.7806867891495989,0.8186890970843861,0.7806867891495989,0.167396312826258,0.2373669547312608
351,(X_3)(sqrt(log(X_3))),4,0.7074281831860179,0.660322977683762,0.7074281831860179,0.660322977683762,0.28054823762898096,0.35494729726316654
352,X_3,1,0.8186895007439886,0.7806847611183233,0.8186895007439886,0.7806847611183233,0.16739590230598278,0.23736893586337304
353,X_3,1,0.8186895007439886,0.7806847611183233,0.8186895007439886,0.7806847611183233,0.16739590230598278,0.23736893586337304
354,((exp(1))^(-1))(X_3),6,0.7030449795821074,0.6797605144368956,0.7030449795821074,0.6797605144368956,0.28500593896547854,0.33595926255758035
355,X_3,1,0.8186895007439886,0.7806847611183233,0.8186895007439886,0.7806847611183233,0.16739590230598278,0.23736893586337304
356,(X_3)^((2)((2)^(-1))),6,0.8186895007439886,0.7806847611183233,0.8186895007439886,0.7806847611183233,0.16739590230598278,0.23736893586337304
357,X_3,1,0.8186895007439886,0.7806847611183233,0.8186895007439886,0.7806847611183233,0.16739590230598278,0.23736893586337304
358,X_3,1,0.8186895007439886,0.7806847611183233,0.8186895007439886,0.7806847611183233,0.16739590230598278,0.23736893586337304
359,X_3,1,0.8186895007439886,0.7806847611183233,0.8186895007439886,0.7806847611183233,0.16739590230598278,0.23736893586337304
360,X_3,1,0.8186895007439886,0.7806847611183233,0.8186895007439886,0.7806847611183233,0.16739590230598278,0.23736893586337304
361,X_3,1,0.8186895007439886,0.7806847611183233,0.8186895007439886,0.7806847611183233,0.16739590230598278,0.23736893586337304
362,X_3,1,0.8186895007439886,0.7806847611183233,0.8186895007439886,0.7806847611183233,0.16739590230598278,0.23736893586337304
363,X_3,1,0.8186895007439886,0.7806847611183233,0.8186895007439886,0.7806847611183233,0.16739590230598278,0.23736893586337304
364,X_3,1,0.8186895007439886,0.7806847611183233,0.8186895007439886,0.7806847611183233,0.16739590230598278,0.23736893586337304
365,X_3,1,0.8186895007439886,0.7806847611183233,0.8186895007439886,0.7806847611183233,0.16739590230598278,0.23736893586337304
366,X_3,1,0.8186895007439886,0.7806847611183233,0.8186895007439886,0.7806847611183233,0.16739590230598278,0.23736893586337304
367,X_3,1,0.8186895007439886,0.7806847611183233,0.8186895007439886,0.7806847611183233,0.16739590230598278,0.23736893586337304
368,X_3,1,0.8186895007439886,0.7806847611183233,0.8186895007439886,0.7806847611183233,0.16739590230598278,0.23736893586337304
369,X_3,1,0.8186895007439886,0.7806847611183233,0.8186895007439886,0.7806847611183233,0.16739590230598278,0.23736893586337304
370,X_3,1,0.8186895007439886,0.7806847611183233,0.8186895007439886,0.7806847611183233,0.16739590230598278,0.23736893586337304
371,X_3,1,0.8186895007439886,0.7806847611183233,0.8186895007439886,0.7806847611183233,0.16739590230598278,0.23736893586337304
372,X_3,1,0.8186895007439886,0.7806847611183233,0.8186895007439886,0.7806847611183233,0.16739590230598278,0.23736893586337304
373,X_3,1,0.8186895007439886,0.7806847611183233,0.8186895007439886,0.7806847611183233,0.16739590230598278,0.23736893586337304
374,X_3,1,0.8186895007439886,0.7806847611183233,0.8186895007439886,0.7806847611183233,0.16739590230598278,0.23736893586337304
375,X_3,1,0.8186895007439886,0.7806847611183233,0.8186895007439886,0.7806847611183233,0.16739590230598278,0.23736893586337304
376,X_3,1,0.8186895007439886,0.7806847611183233,0.8186895007439886,0.7806847611183233,0.16739590230598278,0.23736893586337304
377,X_3,1,0.8186895007439886,0.7806847611183233,0.8186895007439886,0.7806847611183233,0.16739590230598278,0.23736893586337304
378,(0.5872945945974413)(X_3),3,0.6574781901030331,0.6150342000161756,0.6574781901030331,0.6150342000161756,0.33134718995814494,0.39918875095390116
379,X_3,1,0.8186895007439886,0.7806847611183233,0.8186895007439886,0.7806847611183233,0.16739590230598278,0.23736893586337304
380,X_3,1,0.8186895007439886,0.7806847611183233,0.8186895007439886,0.7806847611183233,0.16739590230598278,0.23736893586337304
381,X_3,1,0.8186895007439886,0.7806847611183233,0.8186895007439886,0.7806847611183233,0.16739590230598278,0.23736893586337304
382,X_3,1,0.8186895007439886,0.7806847611183233,0.8186895007439886,0.7806847611183233,0.16739590230598278,0.23736893586337304
383,X_3,1,0.8186895007439886,0.7806847611183233,0.8186895007439886,0.7806847611183233,0.16739590230598278,0.23736893586337304
384,X_3,1,0.8186895007439886,0.7806847611183233,0.8186895007439886,0.7806847611183233,0.16739590230598278,0.23736893586337304
385,X_3,1,0.8186895007439886,0.7806847611183233,0.8186895007439886,0.7806847611183233,0.16739590230598278,0.23736893586337304
386,(0.5872945945974415)(X_3),3,0.6574781901030332,0.6150342000161756,0.6574781901030332,0.6150342000161756,0.3313471899581448,0.39918875095390116
387,X_3,1,0.8186895007439886,0.7806847611183233,0.8186895007439886,0.7806847611183233,0.16739590230598278,0.23736893586337304
388,X_3,1,0.8186895007439886,0.7806847611183233,0.8186895007439886,0.7806847611183233,0.16739590230598278,0.23736893586337304
389,X_3,1,0.8186895007439886,0.7806847611183233,0.8186895007439886,0.7806847611183233,0.16739590230598278,0.23736893586337304
390,(0.5872945945974402)(X_3),3,0.6574781901030332,0.6150342000161756,0.6574781901030332,0.6150342000161756,0.3313471899581448,0.39918875095390116
391,X_3,1,0.8186895007439886,0.7806847611183233,0.8186895007439886,0.7806847611183233,0.16739590230598278,0.23736893586337304
392,X_3,1,0.8186895007439886,0.7806847611183233,0.8186895007439886,0.7806847611183233,0.16739590230598278,0.23736893586337304
393,X_3,1,0.8186895007439886,0.7806847611183233,0.8186895007439886,0.7806847611183233,0.16739590230598278,0.23736893586337304
394,X_3,1,0.8186895007439886,0.7806847611183233,0.8186895007439886,0.7806847611183233,0.16739590230598278,0.23736893586337304
395,X_3,1,0.8186895007439886,0.7806847611183233,0.8186895007439886,0.7806847611183233,0.16739590230598278,0.23736893586337304
396,X_3 - (sin(X_3)),3,0.7826752805795778,0.7372714059123779,0.7826752805795778,0.7372714059123779,0.20402222676341553,0.2797783371062307
397,X_3,1,0.8186895007439886,0.7806847611183233,0.8186895007439886,0.7806847611183233,0.16739590230598278,0.23736893586337304
398,(X_3)(sqrt(sin(X_3))),4,0.7900816260837109,0.739805208829276,0.7900816260837109,0.739805208829276,0.19649000165233865,0.2773031295563121
399,X_3,1,0.8186895007439886,0.7806847611183233,0.8186895007439886,0.7806847611183233,0.16739590230598278,0.23736893586337304
400,X_3,1,0.8186895007439886,0.7806847611183233,0.8186895007439886,0.7806847611183233,0.16739590230598278,0.23736893586337304
401,X_3,1,0.8186895007439886,0.7806847611183233,0.8186895007439886,0.7806847611183233,0.16739590230598278,0.23736893586337304
402,X_3,1,0.8186895007439886,0.7806847611183233,0.8186895007439886,0.7806847611183233,0.16739590230598278,0.23736893586337304
403,X_3,1,0.8186895007439886,0.7806847611183233,0.8186895007439886,0.7806847611183233,0.16739590230598278,0.23736893586337304
404,X_3,1,0.8186895007439886,0.7806847611183233,0.8186895007439886,0.7806847611183233,0.16739590230598278,0.23736893586337304
405,(X_3)(sqrt(X_23)),4,0.7938655129485647,0.8211878416300065,0.7938655129485647,0.8211878416300065,0.1926418031521443,0.19780250786343567
406,X_3,1,0.8186895007439886,0.7806847611183233,0.8186895007439886,0.7806847611183233,0.16739590230598278,0.23736893586337304
407,X_3,1,0.8186895007439886,0.7806847611183233,0.8186895007439886,0.7806847611183233,0.16739590230598278,0.23736893586337304
408,X_3,1,0.8186895007439886,0.7806847611183233,0.8186895007439886,0.7806847611183233,0.16739590230598278,0.23736893586337304
409,(0.5872945945974415)(X_3),3,0.6574781901030332,0.6150342000161756,0.6574781901030332,0.6150342000161756,0.3313471899581448,0.39918875095390116
410,(0.5872945945974397)(X_3),3,0.6574781901030332,0.6150342000161756,0.6574781901030332,0.6150342000161756,0.3313471899581448,0.39918875095390116
411,X_3,1,0.8186895007439886,0.7806847611183233,0.8186895007439886,0.7806847611183233,0.16739590230598278,0.23736893586337304
412,X_3,1,0.8186895007439886,0.7806847611183233,0.8186895007439886,0.7806847611183233,0.16739590230598278,0.23736893586337304
413,X_3,1,0.8186895007439886,0.7806847611183233,0.8186895007439886,0.7806847611183233,0.16739590230598278,0.23736893586337304
414,X_3,1,0.8186895007439886,0.7806847611183233,0.8186895007439886,0.7806847611183233,0.16739590230598278,0.23736893586337304
415,(0.5872945945974477)(X_3),3,0.6574781901030332,0.6150342000161751,0.6574781901030332,0.6150342000161751,0.3313471899581448,0.3991887509539017
416,(0.5872945945974433)(X_3),3,0.6574781901030332,0.6150342000161755,0.6574781901030332,0.6150342000161755,0.3313471899581448,0.3991887509539014
417,X_3,1,0.8186895007439886,0.7806847611183233,0.8186895007439886,0.7806847611183233,0.16739590230598278,0.23736893586337304
418,X_3,1,0.8186895007439886,0.7806847611183233,0.8186895007439886,0.7806847611183233,0.16739590230598278,0.23736893586337304
419,X_3,1,0.8186895007439886,0.7806847611183233,0.8186895007439886,0.7806847611183233,0.16739590230598278,0.23736893586337304
420,X_3,1,0.8186895007439886,0.7806847611183233,0.8186895007439886,0.7806847611183233,0.16739590230598278,0.23736893586337304
421,X_3,1,0.8186895007439886,0.7806847611183233,0.8186895007439886,0.7806847611183233,0.16739590230598278,0.23736893586337304
422,X_3,1,0.8186895007439886,0.7806847611183233,0.8186895007439886,0.7806847611183233,0.16739590230598278,0.23736893586337304
423,X_3,1,0.8186895007439886,0.7806847611183233,0.8186895007439886,0.7806847611183233,0.16739590230598278,0.23736893586337304
424,X_3,1,0.8186895007439886,0.7806847611183233,0.8186895007439886,0.7806847611183233,0.16739590230598278,0.23736893586337304
425,X_3,1,0.8186895007439886,0.7806847611183233,0.8186895007439886,0.7806847611183233,0.16739590230598278,0.23736893586337304
426,X_3,1,0.8186895007439886,0.7806847611183233,0.8186895007439886,0.7806847611183233,0.16739590230598278,0.23736893586337304
427,X_3,1,0.8186895007439886,0.7806847611183233,0.8186895007439886,0.7806847611183233,0.16739590230598278,0.23736893586337304
428,X_3,1,0.8186895007439886,0.7806847611183233,0.8186895007439886,0.7806847611183233,0.16739590230598278,0.23736893586337304
429,X_3,1,0.8186895007439886,0.7806847611183233,0.8186895007439886,0.7806847611183233,0.16739590230598278,0.23736893586337304
430,X_3,1,0.8186895007439886,0.7806847611183233,0.8186895007439886,0.7806847611183233,0.16739590230598278,0.23736893586337304
431,X_3,1,0.8186895007439886,0.7806847611183233,0.8186895007439886,0.7806847611183233,0.16739590230598278,0.23736893586337304
432,X_3,1,0.8186895007439886,0.7806847611183233,0.8186895007439886,0.7806847611183233,0.16739590230598278,0.23736893586337304
433,X_3,1,0.8186895007439886,0.7806847611183233,0.8186895007439886,0.7806847611183233,0.16739590230598278,0.23736893586337304
434,X_3,1,0.8186895007439886,0.7806847611183233,0.8186895007439886,0.7806847611183233,0.16739590230598278,0.23736893586337304
435,X_3,1,0.8186895007439886,0.7806847611183233,0.8186895007439886,0.7806847611183233,0.16739590230598278,0.23736893586337304
436,X_3,1,0.8186895007439886,0.7806847611183233,0.8186895007439886,0.7806847611183233,0.16739590230598278,0.23736893586337304
437,X_3,1,0.8186895007439886,0.7806847611183233,0.8186895007439886,0.7806847611183233,0.16739590230598278,0.23736893586337304
438,X_3,1,0.8186895007439886,0.7806847611183233,0.8186895007439886,0.7806847611183233,0.16739590230598278,0.23736893586337304
439,X_3,1,0.8186895007439886,0.7806847611183233,0.8186895007439886,0.7806847611183233,0.16739590230598278,0.23736893586337304
440,sin(X_3),2,0.6838896335537086,0.6506800337350728,0.6838896335537086,0.6506800337350728,0.3044868527691832,0.3643672436631247
441,X_3,1,0.8186895007439886,0.7806847611183233,0.8186895007439886,0.7806847611183233,0.16739590230598278,0.23736893586337304
442,X_3,1,0.8186895007439886,0.7806847611183233,0.8186895007439886,0.7806847611183233,0.16739590230598278,0.23736893586337304
443,X_3,1,0.8186895007439886,0.7806847611183233,0.8186895007439886,0.7806847611183233,0.16739590230598278,0.23736893586337304
444,(0.5872945945974412)(X_3),3,0.6574781901030332,0.6150342000161755,0.6574781901030332,0.6150342000161755,0.3313471899581448,0.3991887509539013
445,X_3,1,0.8186895007439886,0.7806847611183233,0.8186895007439886,0.7806847611183233,0.16739590230598278,0.23736893586337304
446,X_3,1,0.8186895007439886,0.7806847611183233,0.8186895007439886,0.7806847611183233,0.16739590230598278,0.23736893586337304
447,(0.5872945945974415)(X_3),3,0.6574781901030332,0.6150342000161756,0.6574781901030332,0.6150342000161756,0.3313471899581448,0.39918875095390116
448,X_3,1,0.8186895007439886,0.7806847611183233,0.8186895007439886,0.7806847611183233,0.16739590230598278,0.23736893586337304
449,X_3,1,0.8186895007439886,0.7806847611183233,0.8186895007439886,0.7806847611183233,0.16739590230598278,0.23736893586337304
450,X_3,1,0.8186895007439886,0.7806847611183233,0.8186895007439886,0.7806847611183233,0.16739590230598278,0.23736893586337304
451,(X_3)(sqrt(X_20)),4,0.7905794027062243,0.7969565280160427,0.7905794027062243,0.7969565280160427,0.19598376472702772,0.2214734611178245
452,X_3,1,0.8186895007439886,0.7806847611183233,0.8186895007439886,0.7806847611183233,0.16739590230598278,0.23736893586337304
453,(0.587294594597441)(X_3),3,0.6574781901030332,0.6150342000161756,0.6574781901030332,0.6150342000161756,0.3313471899581448,0.39918875095390116
454,X_3,1,0.8186895007439886,0.7806847611183233,0.8186895007439886,0.7806847611183233,0.16739590230598278,0.23736893586337304
455,X_3,1,0.8186895007439886,0.7806847611183233,0.8186895007439886,0.7806847611183233,0.16739590230598278,0.23736893586337304
456,X_3,1,0.8186895007439886,0.7806847611183233,0.8186895007439886,0.7806847611183233,0.16739590230598278,0.23736893586337304
457,X_3,1,0.8186895007439886,0.7806847611183233,0.8186895007439886,0.7806847611183233,0.16739590230598278,0.23736893586337304
458,X_3,1,0.8186895007439886,0.7806847611183233,0.8186895007439886,0.7806847611183233,0.16739590230598278,0.23736893586337304
459,X_3,1,0.8186895007439886,0.7806847611183233,0.8186895007439886,0.7806847611183233,0.16739590230598278,0.23736893586337304
460,X_3,1,0.8186895007439886,0.7806847611183233,0.8186895007439886,0.7806847611183233,0.16739590230598278,0.23736893586337304
461,X_3,1,0.8186895007439886,0.7806847611183233,0.8186895007439886,0.7806847611183233,0.16739590230598278,0.23736893586337304
462,sin(X_3),2,0.6838896335537086,0.6506800337350728,0.6838896335537086,0.6506800337350728,0.3044868527691832,0.3643672436631247
463,X_3,1,0.8186895007439886,0.7806847611183233,0.8186895007439886,0.7806847611183233,0.16739590230598278,0.23736893586337304
464,X_3,1,0.8186895007439886,0.7806847611183233,0.8186895007439886,0.7806847611183233,0.16739590230598278,0.23736893586337304
465,(0.587294594597437)(X_3),3,0.6574781901030332,0.6150342000161758,0.6574781901030332,0.6150342000161758,0.3313471899581448,0.39918875095390105
466,X_3,1,0.8186895007439886,0.7806847611183233,0.8186895007439886,0.7806847611183233,0.16739590230598278,0.23736893586337304
467,X_3,1,0.8186895007439886,0.7806847611183233,0.8186895007439886,0.7806847611183233,0.16739590230598278,0.23736893586337304
468,X_3,1,0.8186895007439886,0.7806847611183233,0.8186895007439886,0.7806847611183233,0.16739590230598278,0.23736893586337304
469,(0.5872945945974477)(X_3),3,0.6574781901030332,0.6150342000161751,0.6574781901030332,0.6150342000161751,0.3313471899581448,0.3991887509539017
470,X_3,1,0.8186895007439886,0.7806847611183233,0.8186895007439886,0.7806847611183233,0.16739590230598278,0.23736893586337304
471,X_3,1,0.8186895007439886,0.7806847611183233,0.8186895007439886,0.7806847611183233,0.16739590230598278,0.23736893586337304
472,X_3,1,0.8186895007439886,0.7806847611183233,0.8186895007439886,0.7806847611183233,0.16739590230598278,0.23736893586337304
473,X_3,1,0.8186895007439886,0.7806847611183233,0.8186895007439886,0.7806847611183233,0.16739590230598278,0.23736893586337304
474,X_3,1,0.8186895007439886,0.7806847611183233,0.8186895007439886,0.7806847611183233,0.16739590230598278,0.23736893586337304
475,X_3,1,0.8186895007439886,0.7806847611183233,0.8186895007439886,0.7806847611183233,0.16739590230598278,0.23736893586337304
476,X_3,1,0.8186895007439886,0.7806847611183233,0.8186895007439886,0.7806847611183233,0.16739590230598278,0.23736893586337304
477,X_3,1,0.8186895007439886,0.7806847611183233,0.8186895007439886,0.7806847611183233,0.16739590230598278,0.23736893586337304
478,X_3,1,0.8186895007439886,0.7806847611183233,0.8186895007439886,0.7806847611183233,0.16739590230598278,0.23736893586337304
479,X_3,1,0.8186895007439886,0.7806847611183233,0.8186895007439886,0.7806847611183233,0.16739590230598278,0.23736893586337304
480,X_3,1,0.8186895007439886,0.7806847611183233,0.8186895007439886,0.7806847611183233,0.16739590230598278,0.23736893586337304
481,(0.7783434938824705)(sin(X_3)),4,0.6574083872989954,0.6329718853645772,0.6574083872989954,0.6329718853645772,0.33141817914344596,0.3816658828940672
482,X_3,1,0.8186895007439886,0.7806847611183233,0.8186895007439886,0.7806847611183233,0.16739590230598278,0.23736893586337304
483,X_3,1,0.8186895007439886,0.7806847611183233,0.8186895007439886,0.7806847611183233,0.16739590230598278,0.23736893586337304
484,X_3,1,0.8186895007439886,0.7806847611183233,0.8186895007439886,0.7806847611183233,0.16739590230598278,0.23736893586337304
485,(0.5872945945974397)(X_3),3,0.6574781901030332,0.6150342000161756,0.6574781901030332,0.6150342000161756,0.3313471899581448,0.39918875095390116
486,X_3,1,0.8186895007439886,0.7806847611183233,0.8186895007439886,0.7806847611183233,0.16739590230598278,0.23736893586337304
487,X_3,1,0.8186895007439886,0.7806847611183233,0.8186895007439886,0.7806847611183233,0.16739590230598278,0.23736893586337304
488,X_3,1,0.8186895007439886,0.7806847611183233,0.8186895007439886,0.7806847611183233,0.16739590230598278,0.23736893586337304
489,X_3,1,0.8186895007439886,0.7806847611183233,0.8186895007439886,0.7806847611183233,0.16739590230598278,0.23736893586337304
490,X_3,1,0.8186895007439886,0.7806847611183233,0.8186895007439886,0.7806847611183233,0.16739590230598278,0.23736893586337304
491,X_3,1,0.8186895007439886,0.7806847611183233,0.8186895007439886,0.7806847611183233,0.16739590230598278,0.23736893586337304
492,(0.367197558595036)((X_1)((exp((sqrt(0))((X_38)^(-1))))^(-1))),12,0.8497577810246124,0.8147886556589415,0.8497577810246124,0.8147886556589415,0.13579957983397573,0.20405370969262282
493,X_3,1,0.8186895007439886,0.7806847611183233,0.8186895007439886,0.7806847611183233,0.16739590230598278,0.23736893586337304
494,X_3,1,0.8186895007439886,0.7806847611183233,0.8186895007439886,0.7806847611183233,0.16739590230598278,0.23736893586337304
495,X_3,1,0.8186895007439886,0.7806847611183233,0.8186895007439886,0.7806847611183233,0.16739590230598278,0.23736893586337304
496,X_3,1,0.8186895007439886,0.7806847611183233,0.8186895007439886,0.7806847611183233,0.16739590230598278,0.23736893586337304
497,X_3,1,0.8186895007439886,0.7806847611183233,0.8186895007439886,0.7806847611183233,0.16739590230598278,0.23736893586337304
498,X_3,1,0.8186895007439886,0.7806847611183233,0.8186895007439886,0.7806847611183233,0.16739590230598278,0.23736893586337304
499,X_3,1,0.8186895007439886,0.7806847611183233,0.8186895007439886,0.7806847611183233,0.16739590230598278,0.23736893586337304
500,X_3,1,0.8186895007439886,0.7806847611183233,0.8186895007439886,0.7806847611183233,0.16739590230598278,0.23736893586337304
501,X_3,1,0.8186895007439886,0.7806847611183233,0.8186895007439886,0.7806847611183233,0.16739590230598278,0.23736893586337304
502,X_3,1,0.8186895007439886,0.7806847611183233,0.8186895007439886,0.7806847611183233,0.16739590230598278,0.23736893586337304
503,X_3,1,0.8186895007439886,0.7806847611183233,0.8186895007439886,0.7806847611183233,0.16739590230598278,0.23736893586337304
504,X_3,1,0.8186895007439886,0.7806847611183233,0.8186895007439886,0.7806847611183233,0.16739590230598278,0.23736893586337304
505,X_3,1,0.8186895007439886,0.7806847611183233,0.8186895007439886,0.7806847611183233,0.16739590230598278,0.23736893586337304
506,X_3,1,0.8186895007439886,0.7806847611183233,0.8186895007439886,0.7806847611183233,0.16739590230598278,0.23736893586337304
507,(0.587294594597445)(X_3),3,0.6574781901030332,0.6150342000161753,0.6574781901030332,0.6150342000161753,0.3313471899581448,0.3991887509539015
508,X_3,1,0.8186895007439886,0.7806847611183233,0.8186895007439886,0.7806847611183233,0.16739590230598278,0.23736893586337304
509,X_3,1,0.8186895007439886,0.7806847611183233,0.8186895007439886,0.7806847611183233,0.16739590230598278,0.23736893586337304
510,sin(X_3),2,0.6838896335537086,0.6506800337350728,0.6838896335537086,0.6506800337350728,0.3044868527691832,0.3643672436631247
511,X_3,1,0.8186895007439886,0.7806847611183233,0.8186895007439886,0.7806847611183233,0.16739590230598278,0.23736893586337304
512,X_3,1,0.8186895007439886,0.7806847611183233,0.8186895007439886,0.7806847611183233,0.16739590230598278,0.23736893586337304
513,X_3,1,0.8186895007439886,0.7806847611183233,0.8186895007439886,0.7806847611183233,0.16739590230598278,0.23736893586337304
514,(0.5872945945974406)(X_3),3,0.6574781901030332,0.6150342000161756,0.6574781901030332,0.6150342000161756,0.3313471899581448,0.39918875095390116
515,X_3,1,0.8186895007439886,0.7806847611183233,0.8186895007439886,0.7806847611183233,0.16739590230598278,0.23736893586337304
516,X_3,1,0.8186895007439886,0.7806847611183233,0.8186895007439886,0.7806847611183233,0.16739590230598278,0.23736893586337304
517,(0.5872945945974397)(X_3),3,0.6574781901030332,0.6150342000161756,0.6574781901030332,0.6150342000161756,0.3313471899581448,0.39918875095390116
518,X_3,1,0.8186895007439886,0.7806847611183233,0.8186895007439886,0.7806847611183233,0.16739590230598278,0.23736893586337304
519,X_3,1,0.8186895007439886,0.7806847611183233,0.8186895007439886,0.7806847611183233,0.16739590230598278,0.23736893586337304
520,X_3,1,0.8186895007439886,0.7806847611183233,0.8186895007439886,0.7806847611183233,0.16739590230598278,0.23736893586337304
521,X_3,1,0.8186895007439886,0.7806847611183233,0.8186895007439886,0.7806847611183233,0.16739590230598278,0.23736893586337304
522,(0.5872945945974412)(X_3),3,0.6574781901030332,0.6150342000161755,0.6574781901030332,0.6150342000161755,0.3313471899581448,0.3991887509539013
523,X_3,1,0.8186895007439886,0.7806847611183233,0.8186895007439886,0.7806847611183233,0.16739590230598278,0.23736893586337304
524,(0.45028407500132506)(X_1 + X_3),5,0.5690987525382423,0.4486640461874174,0.5690987525382423,0.4486640461874174,0.4212287406577283,0.561711517855675
525,X_3,1,0.8186895007439886,0.7806847611183233,0.8186895007439886,0.7806847611183233,0.16739590230598278,0.23736893586337304
526,X_3,1,0.8186895007439886,0.7806847611183233,0.8186895007439886,0.7806847611183233,0.16739590230598278,0.23736893586337304
527,X_3,1,0.8186895007439886,0.7806847611183233,0.8186895007439886,0.7806847611183233,0.16739590230598278,0.23736893586337304
528,X_3,1,0.8186895007439886,0.7806847611183233,0.8186895007439886,0.7806847611183233,0.16739590230598278,0.23736893586337304
529,X_3,1,0.8186895007439886,0.7806847611183233,0.8186895007439886,0.7806847611183233,0.16739590230598278,0.23736893586337304
530,X_3,1,0.8186895007439886,0.7806847611183233,0.8186895007439886,0.7806847611183233,0.16739590230598278,0.23736893586337304
531,X_3,1,0.8186895007439886,0.7806847611183233,0.8186895007439886,0.7806847611183233,0.16739590230598278,0.23736893586337304
532,X_3,1,0.8186895007439886,0.7806847611183233,0.8186895007439886,0.7806847611183233,0.16739590230598278,0.23736893586337304
533,0.0006353421147862193 + X_3,3,0.8186890970843858,0.7806867891495989,0.8186890970843858,0.7806867891495989,0.16739631282625833,0.2373669547312608
534,X_3,1,0.8186895007439886,0.7806847611183233,0.8186895007439886,0.7806847611183233,0.16739590230598278,0.23736893586337304
535,sin(sin(X_3)),3,0.6664624781126078,0.6416985954238905,0.6664624781126078,0.6416985954238905,0.3222102033413172,0.3731409820500794
536,X_3,1,0.8186895007439886,0.7806847611183233,0.8186895007439886,0.7806847611183233,0.16739590230598278,0.23736893586337304
537,X_3,1,0.8186895007439886,0.7806847611183233,0.8186895007439886,0.7806847611183233,0.16739590230598278,0.23736893586337304
538,X_3,1,0.8186895007439886,0.7806847611183233,0.8186895007439886,0.7806847611183233,0.16739590230598278,0.23736893586337304
539,X_3,1,0.8186895007439886,0.7806847611183233,0.8186895007439886,0.7806847611183233,0.16739590230598278,0.23736893586337304
540,X_3,1,0.8186895007439886,0.7806847611183233,0.8186895007439886,0.7806847611183233,0.16739590230598278,0.23736893586337304
541,X_3,1,0.8186895007439886,0.7806847611183233,0.8186895007439886,0.7806847611183233,0.16739590230598278,0.23736893586337304
542,X_3,1,0.8186895007439886,0.7806847611183233,0.8186895007439886,0.7806847611183233,0.16739590230598278,0.23736893586337304
543,(0.5872945945974412)(X_3),3,0.6574781901030332,0.6150342000161755,0.6574781901030332,0.6150342000161755,0.3313471899581448,0.3991887509539013
544,X_3,1,0.8186895007439886,0.7806847611183233,0.8186895007439886,0.7806847611183233,0.16739590230598278,0.23736893586337304
545,X_3,1,0.8186895007439886,0.7806847611183233,0.8186895007439886,0.7806847611183233,0.16739590230598278,0.23736893586337304
546,X_3,1,0.8186895007439886,0.7806847611183233,0.8186895007439886,0.7806847611183233,0.16739590230598278,0.23736893586337304
547,(0.587294594597441)(X_3),3,0.6574781901030332,0.6150342000161756,0.6574781901030332,0.6150342000161756,0.3313471899581448,0.39918875095390116
548,X_3,1,0.8186895007439886,0.7806847611183233,0.8186895007439886,0.7806847611183233,0.16739590230598278,0.23736893586337304
549,X_3,1,0.8186895007439886,0.7806847611183233,0.8186895007439886,0.7806847611183233,0.16739590230598278,0.23736893586337304
550,X_3,1,0.8186895007439886,0.7806847611183233,0.8186895007439886,0.7806847611183233,0.16739590230598278,0.23736893586337304
551,(0.5872945945974397)(X_3),3,0.6574781901030332,0.6150342000161756,0.6574781901030332,0.6150342000161756,0.3313471899581448,0.39918875095390116
552,X_3,1,0.8186895007439886,0.7806847611183233,0.8186895007439886,0.7806847611183233,0.16739590230598278,0.23736893586337304
553,X_3,1,0.8186895007439886,0.7806847611183233,0.8186895007439886,0.7806847611183233,0.16739590230598278,0.23736893586337304
554,X_3,1,0.8186895007439886,0.7806847611183233,0.8186895007439886,0.7806847611183233,0.16739590230598278,0.23736893586337304
555,(0.5872945945974404)(X_3),3,0.6574781901030332,0.6150342000161756,0.6574781901030332,0.6150342000161756,0.3313471899581448,0.39918875095390116
556,X_3,1,0.8186895007439886,0.7806847611183233,0.8186895007439886,0.7806847611183233,0.16739590230598278,0.23736893586337304
557,X_3,1,0.8186895007439886,0.7806847611183233,0.8186895007439886,0.7806847611183233,0.16739590230598278,0.23736893586337304
558,(0.587294594597445)(X_3),3,0.6574781901030332,0.6150342000161753,0.6574781901030332,0.6150342000161753,0.3313471899581448,0.3991887509539015
559,X_3,1,0.8186895007439886,0.7806847611183233,0.8186895007439886,0.7806847611183233,0.16739590230598278,0.23736893586337304
560,X_3,1,0.8186895007439886,0.7806847611183233,0.8186895007439886,0.7806847611183233,0.16739590230598278,0.23736893586337304
561,X_3,1,0.8186895007439886,0.7806847611183233,0.8186895007439886,0.7806847611183233,0.16739590230598278,0.23736893586337304
562,(0.5872945945974395)(X_3),3,0.6574781901030332,0.6150342000161757,0.6574781901030332,0.6150342000161757,0.3313471899581448,0.39918875095390105
563,(X_3)(sqrt(X_7)),4,0.7540094621631387,0.7927552117394318,0.7540094621631387,0.7927552117394318,0.23317525468864275,0.2255776200080487
564,X_3,1,0.8186895007439886,0.7806847611183233,0.8186895007439886,0.7806847611183233,0.16739590230598278,0.23736893586337304
565,X_3,1,0.8186895007439886,0.7806847611183233,0.8186895007439886,0.7806847611183233,0.16739590230598278,0.23736893586337304
566,X_3,1,0.8186895007439886,0.7806847611183233,0.8186895007439886,0.7806847611183233,0.16739590230598278,0.23736893586337304
567,X_3,1,0.8186895007439886,0.7806847611183233,0.8186895007439886,0.7806847611183233,0.16739590230598278,0.23736893586337304
568,X_3,1,0.8186895007439886,0.7806847611183233,0.8186895007439886,0.7806847611183233,0.16739590230598278,0.23736893586337304
569,X_3,1,0.8186895007439886,0.7806847611183233,0.8186895007439886,0.7806847611183233,0.16739590230598278,0.23736893586337304
570,X_3,1,0.8186895007439886,0.7806847611183233,0.8186895007439886,0.7806847611183233,0.16739590230598278,0.23736893586337304
571,X_3,1,0.8186895007439886,0.7806847611183233,0.8186895007439886,0.7806847611183233,0.16739590230598278,0.23736893586337304
572,(0.5872945945974412)(X_3),3,0.6574781901030332,0.6150342000161755,0.6574781901030332,0.6150342000161755,0.3313471899581448,0.3991887509539013
573,X_3,1,0.8186895007439886,0.7806847611183233,0.8186895007439886,0.7806847611183233,0.16739590230598278,0.23736893586337304
574,X_3,1,0.8186895007439886,0.7806847611183233,0.8186895007439886,0.7806847611183233,0.16739590230598278,0.23736893586337304
575,X_3,1,0.8186895007439886,0.7806847611183233,0.8186895007439886,0.7806847611183233,0.16739590230598278,0.23736893586337304
576,X_3,1,0.8186895007439886,0.7806847611183233,0.8186895007439886,0.7806847611183233,0.16739590230598278,0.23736893586337304
577,X_3,1,0.8186895007439886,0.7806847611183233,0.8186895007439886,0.7806847611183233,0.16739590230598278,0.23736893586337304
578,X_3,1,0.8186895007439886,0.7806847611183233,0.8186895007439886,0.7806847611183233,0.16739590230598278,0.23736893586337304
579,X_3,1,0.8186895007439886,0.7806847611183233,0.8186895007439886,0.7806847611183233,0.16739590230598278,0.23736893586337304
580,X_3,1,0.8186895007439886,0.7806847611183233,0.8186895007439886,0.7806847611183233,0.16739590230598278,0.23736893586337304
581,X_3,1,0.8186895007439886,0.7806847611183233,0.8186895007439886,0.7806847611183233,0.16739590230598278,0.23736893586337304
582,X_3,1,0.8186895007439886,0.7806847611183233,0.8186895007439886,0.7806847611183233,0.16739590230598278,0.23736893586337304
583,(0.5872945945974408)(X_3),3,0.6574781901030332,0.6150342000161756,0.6574781901030332,0.6150342000161756,0.3313471899581448,0.39918875095390116
584,X_3,1,0.8186895007439886,0.7806847611183233,0.8186895007439886,0.7806847611183233,0.16739590230598278,0.23736893586337304
585,X_3,1,0.8186895007439886,0.7806847611183233,0.8186895007439886,0.7806847611183233,0.16739590230598278,0.23736893586337304
586,X_3,1,0.8186895007439886,0.7806847611183233,0.8186895007439886,0.7806847611183233,0.16739590230598278,0.23736893586337304
587,X_3,1,0.8186895007439886,0.7806847611183233,0.8186895007439886,0.7806847611183233,0.16739590230598278,0.23736893586337304
588,X_3,1,0.8186895007439886,0.7806847611183233,0.8186895007439886,0.7806847611183233,0.16739590230598278,0.23736893586337304
589,X_3,1,0.8186895007439886,0.7806847611183233,0.8186895007439886,0.7806847611183233,0.16739590230598278,0.23736893586337304
590,((0.17731388794441957)(exp(sqrt(0.17731388794441957))))((exp(sqrt(0.17731388794441957)))(X_3) + sin(sin(X_3))),10,0.6561950206248546,0.6200783774255821,0.6561950206248546,0.6200783774255821,0.33265216842018264,0.3942612224852796
591,X_3,1,0.8186895007439886,0.7806847611183233,0.8186895007439886,0.7806847611183233,0.16739590230598278,0.23736893586337304
592,X_3,1,0.8186895007439886,0.7806847611183233,0.8186895007439886,0.7806847611183233,0.16739590230598278,0.23736893586337304
593,X_3,1,0.8186895007439886,0.7806847611183233,0.8186895007439886,0.7806847611183233,0.16739590230598278,0.23736893586337304
594,X_3,1,0.8186895007439886,0.7806847611183233,0.8186895007439886,0.7806847611183233,0.16739590230598278,0.23736893586337304
595,X_3,1,0.8186895007439886,0.7806847611183233,0.8186895007439886,0.7806847611183233,0.16739590230598278,0.23736893586337304
596,X_3,1,0.8186895007439886,0.7806847611183233,0.8186895007439886,0.7806847611183233,0.16739590230598278,0.23736893586337304
597,X_3,1,0.8186895007439886,0.7806847611183233,0.8186895007439886,0.7806847611183233,0.16739590230598278,0.23736893586337304
598,X_3,1,0.8186895007439886,0.7806847611183233,0.8186895007439886,0.7806847611183233,0.16739590230598278,0.23736893586337304
599,X_3,1,0.8186895007439886,0.7806847611183233,0.8186895007439886,0.7806847611183233,0.16739590230598278,0.23736893586337304
600,X_3,1,0.8186895007439886,0.7806847611183233,0.8186895007439886,0.7806847611183233,0.16739590230598278,0.23736893586337304
601,X_3,1,0.8186895007439886,0.7806847611183233,0.8186895007439886,0.7806847611183233,0.16739590230598278,0.23736893586337304
602,X_3,1,0.8186895007439886,0.7806847611183233,0.8186895007439886,0.7806847611183233,0.16739590230598278,0.23736893586337304
603,X_3,1,0.8186895007439886,0.7806847611183233,0.8186895007439886,0.7806847611183233,0.16739590230598278,0.23736893586337304
604,X_3,1,0.8186895007439886,0.7806847611183233,0.8186895007439886,0.7806847611183233,0.16739590230598278,0.23736893586337304
605,X_3,1,0.8186895007439886,0.7806847611183233,0.8186895007439886,0.7806847611183233,0.16739590230598278,0.23736893586337304
606,X_3,1,0.8186895007439886,0.7806847611183233,0.8186895007439886,0.7806847611183233,0.16739590230598278,0.23736893586337304
607,X_3,1,0.8186895007439886,0.7806847611183233,0.8186895007439886,0.7806847611183233,0.16739590230598278,0.23736893586337304
608,(0.5872945945974407)(X_3),3,0.6574781901030331,0.6150342000161756,0.6574781901030331,0.6150342000161756,0.33134718995814494,0.39918875095390116
609,X_3,1,0.8186895007439886,0.7806847611183233,0.8186895007439886,0.7806847611183233,0.16739590230598278,0.23736893586337304
610,X_3,1,0.8186895007439886,0.7806847611183233,0.8186895007439886,0.7806847611183233,0.16739590230598278,0.23736893586337304
611,X_3,1,0.8186895007439886,0.7806847611183233,0.8186895007439886,0.7806847611183233,0.16739590230598278,0.23736893586337304
612,X_3,1,0.8186895007439886,0.7806847611183233,0.8186895007439886,0.7806847611183233,0.16739590230598278,0.23736893586337304
613,X_3,1,0.8186895007439886,0.7806847611183233,0.8186895007439886,0.7806847611183233,0.16739590230598278,0.23736893586337304
614,(0.5872945945974414)(X_3),3,0.6574781901030332,0.6150342000161755,0.6574781901030332,0.6150342000161755,0.3313471899581448,0.3991887509539013
615,X_3,1,0.8186895007439886,0.7806847611183233,0.8186895007439886,0.7806847611183233,0.16739590230598278,0.23736893586337304
616,X_3,1,0.8186895007439886,0.7806847611183233,0.8186895007439886,0.7806847611183233,0.16739590230598278,0.23736893586337304
617,X_3,1,0.8186895007439886,0.7806847611183233,0.8186895007439886,0.7806847611183233,0.16739590230598278,0.23736893586337304
618,X_3,1,0.8186895007439886,0.7806847611183233,0.8186895007439886,0.7806847611183233,0.16739590230598278,0.23736893586337304
619,X_3,1,0.8186895007439886,0.7806847611183233,0.8186895007439886,0.7806847611183233,0.16739590230598278,0.23736893586337304
620,X_3,1,0.8186895007439886,0.7806847611183233,0.8186895007439886,0.7806847611183233,0.16739590230598278,0.23736893586337304
621,X_3,1,0.8186895007439886,0.7806847611183233,0.8186895007439886,0.7806847611183233,0.16739590230598278,0.23736893586337304
622,X_3,1,0.8186895007439886,0.7806847611183233,0.8186895007439886,0.7806847611183233,0.16739590230598278,0.23736893586337304
623,X_3,1,0.8186895007439886,0.7806847611183233,0.8186895007439886,0.7806847611183233,0.16739590230598278,0.23736893586337304
624,X_3,1,0.8186895007439886,0.7806847611183233,0.8186895007439886,0.7806847611183233,0.16739590230598278,0.23736893586337304
625,X_3,1,0.8186895007439886,0.7806847611183233,0.8186895007439886,0.7806847611183233,0.16739590230598278,0.23736893586337304
626,X_3,1,0.8186895007439886,0.7806847611183233,0.8186895007439886,0.7806847611183233,0.16739590230598278,0.23736893586337304
627,X_3,1,0.8186895007439886,0.7806847611183233,0.8186895007439886,0.7806847611183233,0.16739590230598278,0.23736893586337304
628,X_3,1,0.8186895007439886,0.7806847611183233,0.8186895007439886,0.7806847611183233,0.16739590230598278,0.23736893586337304
629,X_3,1,0.8186895007439886,0.7806847611183233,0.8186895007439886,0.7806847611183233,0.16739590230598278,0.23736893586337304
630,(X_3)(sqrt(X_38)),4,0.7784447130783336,0.8309684621250227,0.7784447130783336,0.8309684621250227,0.20832469776604357,0.18824806875110334
631,X_3,1,0.8186895007439886,0.7806847611183233,0.8186895007439886,0.7806847611183233,0.16739590230598278,0.23736893586337304
632,X_3,1,0.8186895007439886,0.7806847611183233,0.8186895007439886,0.7806847611183233,0.16739590230598278,0.23736893586337304
633,X_3,1,0.8186895007439886,0.7806847611183233,0.8186895007439886,0.7806847611183233,0.16739590230598278,0.23736893586337304
634,X_3,1,0.8186895007439886,0.7806847611183233,0.8186895007439886,0.7806847611183233,0.16739590230598278,0.23736893586337304
635,0.0006353421147888838 + X_3,3,0.818689097084386,0.7806867891495989,0.818689097084386,0.7806867891495989,0.1673963128262581,0.2373669547312608
636,X_3,1,0.8186895007439886,0.7806847611183233,0.8186895007439886,0.7806847611183233,0.16739590230598278,0.23736893586337304
637,(0.5872945945974437)(X_3),3,0.6574781901030332,0.6150342000161755,0.6574781901030332,0.6150342000161755,0.3313471899581448,0.3991887509539014
638,X_3,1,0.8186895007439886,0.7806847611183233,0.8186895007439886,0.7806847611183233,0.16739590230598278,0.23736893586337304
639,X_3,1,0.8186895007439886,0.7806847611183233,0.8186895007439886,0.7806847611183233,0.16739590230598278,0.23736893586337304
640,X_3,1,0.8186895007439886,0.7806847611183233,0.8186895007439886,0.7806847611183233,0.16739590230598278,0.23736893586337304
641,X_3,1,0.8186895007439886,0.7806847611183233,0.8186895007439886,0.7806847611183233,0.16739590230598278,0.23736893586337304
642,X_3,1,0.8186895007439886,0.7806847611183233,0.8186895007439886,0.7806847611183233,0.16739590230598278,0.23736893586337304
643,X_3,1,0.8186895007439886,0.7806847611183233,0.8186895007439886,0.7806847611183233,0.16739590230598278,0.23736893586337304
644,X_3,1,0.8186895007439886,0.7806847611183233,0.8186895007439886,0.7806847611183233,0.16739590230598278,0.23736893586337304
645,X_3,1,0.8186895007439886,0.7806847611183233,0.8186895007439886,0.7806847611183233,0.16739590230598278,0.23736893586337304
646,X_3,1,0.8186895007439886,0.7806847611183233,0.8186895007439886,0.7806847611183233,0.16739590230598278,0.23736893586337304
647,X_3,1,0.8186895007439886,0.7806847611183233,0.8186895007439886,0.7806847611183233,0.16739590230598278,0.23736893586337304
648,X_3,1,0.8186895007439886,0.7806847611183233,0.8186895007439886,0.7806847611183233,0.16739590230598278,0.23736893586337304
649,X_3,1,0.8186895007439886,0.7806847611183233,0.8186895007439886,0.7806847611183233,0.16739590230598278,0.23736893586337304
650,X_3,1,0.8186895007439886,0.7806847611183233,0.8186895007439886,0.7806847611183233,0.16739590230598278,0.23736893586337304
651,(0.5872945945974455)(X_3),3,0.6574781901030332,0.6150342000161753,0.6574781901030332,0.6150342000161753,0.3313471899581448,0.3991887509539015
652,0.0006353421147875515 + X_3,3,0.818689097084386,0.7806867891495987,0.818689097084386,0.7806867891495987,0.1673963128262581,0.2373669547312609
653,X_3,1,0.8186895007439886,0.7806847611183233,0.8186895007439886,0.7806847611183233,0.16739590230598278,0.23736893586337304
654,(0.5872945945974437)(X_3),3,0.6574781901030332,0.6150342000161755,0.6574781901030332,0.6150342000161755,0.3313471899581448,0.3991887509539014
655,X_3,1,0.8186895007439886,0.7806847611183233,0.8186895007439886,0.7806847611183233,0.16739590230598278,0.23736893586337304
656,X_3,1,0.8186895007439886,0.7806847611183233,0.8186895007439886,0.7806847611183233,0.16739590230598278,0.23736893586337304
657,X_3,1,0.8186895007439886,0.7806847611183233,0.8186895007439886,0.7806847611183233,0.16739590230598278,0.23736893586337304
658,X_3,1,0.8186895007439886,0.7806847611183233,0.8186895007439886,0.7806847611183233,0.16739590230598278,0.23736893586337304
659,X_3,1,0.8186895007439886,0.7806847611183233,0.8186895007439886,0.7806847611183233,0.16739590230598278,0.23736893586337304
660,X_3,1,0.8186895007439886,0.7806847611183233,0.8186895007439886,0.7806847611183233,0.16739590230598278,0.23736893586337304
661,X_3,1,0.8186895007439886,0.7806847611183233,0.8186895007439886,0.7806847611183233,0.16739590230598278,0.23736893586337304
662,sin(X_3),2,0.6838896335537086,0.6506800337350728,0.6838896335537086,0.6506800337350728,0.3044868527691832,0.3643672436631247
663,X_3,1,0.8186895007439886,0.7806847611183233,0.8186895007439886,0.7806847611183233,0.16739590230598278,0.23736893586337304
664,X_3,1,0.8186895007439886,0.7806847611183233,0.8186895007439886,0.7806847611183233,0.16739590230598278,0.23736893586337304
665,X_3,1,0.8186895007439886,0.7806847611183233,0.8186895007439886,0.7806847611183233,0.16739590230598278,0.23736893586337304
666,X_3,1,0.8186895007439886,0.7806847611183233,0.8186895007439886,0.7806847611183233,0.16739590230598278,0.23736893586337304
667,X_3,1,0.8186895007439886,0.7806847611183233,0.8186895007439886,0.7806847611183233,0.16739590230598278,0.23736893586337304
668,X_3,1,0.8186895007439886,0.7806847611183233,0.8186895007439886,0.7806847611183233,0.16739590230598278,0.23736893586337304
669,sin(X_3),2,0.6838896335537086,0.6506800337350728,0.6838896335537086,0.6506800337350728,0.3044868527691832,0.3643672436631247
670,X_3,1,0.8186895007439886,0.7806847611183233,0.8186895007439886,0.7806847611183233,0.16739590230598278,0.23736893586337304
671,X_3,1,0.8186895007439886,0.7806847611183233,0.8186895007439886,0.7806847611183233,0.16739590230598278,0.23736893586337304
672,X_3,1,0.8186895007439886,0.7806847611183233,0.8186895007439886,0.7806847611183233,0.16739590230598278,0.23736893586337304
673,X_3,1,0.8186895007439886,0.7806847611183233,0.8186895007439886,0.7806847611183233,0.16739590230598278,0.23736893586337304
674,X_3,1,0.8186895007439886,0.7806847611183233,0.8186895007439886,0.7806847611183233,0.16739590230598278,0.23736893586337304
675,(0.5872945945974415)(X_3),3,0.6574781901030332,0.6150342000161756,0.6574781901030332,0.6150342000161756,0.3313471899581448,0.39918875095390116
676,X_3,1,0.8186895007439886,0.7806847611183233,0.8186895007439886,0.7806847611183233,0.16739590230598278,0.23736893586337304
677,X_3,1,0.8186895007439886,0.7806847611183233,0.8186895007439886,0.7806847611183233,0.16739590230598278,0.23736893586337304
678,X_3,1,0.8186895007439886,0.7806847611183233,0.8186895007439886,0.7806847611183233,0.16739590230598278,0.23736893586337304
679,X_3,1,0.8186895007439886,0.7806847611183233,0.8186895007439886,0.7806847611183233,0.16739590230598278,0.23736893586337304
680,X_3,1,0.8186895007439886,0.7806847611183233,0.8186895007439886,0.7806847611183233,0.16739590230598278,0.23736893586337304
681,X_3,1,0.8186895007439886,0.7806847611183233,0.8186895007439886,0.7806847611183233,0.16739590230598278,0.23736893586337304
682,X_3,1,0.8186895007439886,0.7806847611183233,0.8186895007439886,0.7806847611183233,0.16739590230598278,0.23736893586337304
683,X_3,1,0.8186895007439886,0.7806847611183233,0.8186895007439886,0.7806847611183233,0.16739590230598278,0.23736893586337304
684,X_3,1,0.8186895007439886,0.7806847611183233,0.8186895007439886,0.7806847611183233,0.16739590230598278,0.23736893586337304
685,X_3,1,0.8186895007439886,0.7806847611183233,0.8186895007439886,0.7806847611183233,0.16739590230598278,0.23736893586337304
686,(0.5872945945974412)(X_3),3,0.6574781901030332,0.6150342000161755,0.6574781901030332,0.6150342000161755,0.3313471899581448,0.3991887509539013
687,sin(X_3),2,0.6838896335537086,0.6506800337350728,0.6838896335537086,0.6506800337350728,0.3044868527691832,0.3643672436631247
688,X_3,1,0.8186895007439886,0.7806847611183233,0.8186895007439886,0.7806847611183233,0.16739590230598278,0.23736893586337304
689,(0.587294594597441)(X_3),3,0.6574781901030332,0.6150342000161756,0.6574781901030332,0.6150342000161756,0.3313471899581448,0.39918875095390116
690,X_3,1,0.8186895007439886,0.7806847611183233,0.8186895007439886,0.7806847611183233,0.16739590230598278,0.23736893586337304
691,X_3,1,0.8186895007439886,0.7806847611183233,0.8186895007439886,0.7806847611183233,0.16739590230598278,0.23736893586337304
692,X_3,1,0.8186895007439886,0.7806847611183233,0.8186895007439886,0.7806847611183233,0.16739590230598278,0.23736893586337304
693,X_3,1,0.8186895007439886,0.7806847611183233,0.8186895007439886,0.7806847611183233,0.16739590230598278,0.23736893586337304
694,X_3,1,0.8186895007439886,0.7806847611183233,0.8186895007439886,0.7806847611183233,0.16739590230598278,0.23736893586337304
695,X_3,1,0.8186895007439886,0.7806847611183233,0.8186895007439886,0.7806847611183233,0.16739590230598278,0.23736893586337304
696,X_3,1,0.8186895007439886,0.7806847611183233,0.8186895007439886,0.7806847611183233,0.16739590230598278,0.23736893586337304
697,X_3,1,0.8186895007439886,0.7806847611183233,0.8186895007439886,0.7806847611183233,0.16739590230598278,0.23736893586337304
698,X_3,1,0.8186895007439886,0.7806847611183233,0.8186895007439886,0.7806847611183233,0.16739590230598278,0.23736893586337304
699,X_3,1,0.8186895007439886,0.7806847611183233,0.8186895007439886,0.7806847611183233,0.16739590230598278,0.23736893586337304
700,(X_3)(sqrt((0.38173831483980225)((X_3)^(-1)))),7,0.6596501616693136,0.6534350954676593,0.6596501616693136,0.6534350954676593,0.32913830316465775,0.3616758940101934
701,(X_3)(sin(sqrt(log(X_3) - (X_7)))),7,0.6951346559668409,0.664674240021154,0.6951346559668409,0.664674240021154,0.2930507078921246,0.3506966598843232
702,X_3,1,0.8186895007439886,0.7806847611183233,0.8186895007439886,0.7806847611183233,0.16739590230598278,0.23736893586337304
703,X_3,1,0.8186895007439886,0.7806847611183233,0.8186895007439886,0.7806847611183233,0.16739590230598278,0.23736893586337304
704,X_3,1,0.8186895007439886,0.7806847611183233,0.8186895007439886,0.7806847611183233,0.16739590230598278,0.23736893586337304
705,X_3,1,0.8186895007439886,0.7806847611183233,0.8186895007439886,0.7806847611183233,0.16739590230598278,0.23736893586337304
706,X_3,1,0.8186895007439886,0.7806847611183233,0.8186895007439886,0.7806847611183233,0.16739590230598278,0.23736893586337304
707,X_3,1,0.8186895007439886,0.7806847611183233,0.8186895007439886,0.7806847611183233,0.16739590230598278,0.23736893586337304
708,X_3,1,0.8186895007439886,0.7806847611183233,0.8186895007439886,0.7806847611183233,0.16739590230598278,0.23736893586337304
709,X_3,1,0.8186895007439886,0.7806847611183233,0.8186895007439886,0.7806847611183233,0.16739590230598278,0.23736893586337304
710,(X_3)(sqrt(sin(log(X_3)))),5,0.7079929029065566,0.6513321399010992,0.7079929029065566,0.6513321399010992,0.2799739198284694,0.3637302177544668
711,X_3,1,0.8186895007439886,0.7806847611183233,0.8186895007439886,0.7806847611183233,0.16739590230598278,0.23736893586337304
712,X_3,1,0.8186895007439886,0.7806847611183233,0.8186895007439886,0.7806847611183233,0.16739590230598278,0.23736893586337304
713,X_3,1,0.8186895007439886,0.7806847611183233,0.8186895007439886,0.7806847611183233,0.16739590230598278,0.23736893586337304
714,X_3,1,0.8186895007439886,0.7806847611183233,0.8186895007439886,0.7806847611183233,0.16739590230598278,0.23736893586337304
715,X_3,1,0.8186895007439886,0.7806847611183233,0.8186895007439886,0.7806847611183233,0.16739590230598278,0.23736893586337304
716,X_3,1,0.8186895007439886,0.7806847611183233,0.8186895007439886,0.7806847611183233,0.16739590230598278,0.23736893586337304
717,X_3,1,0.8186895007439886,0.7806847611183233,0.8186895007439886,0.7806847611183233,0.16739590230598278,0.23736893586337304
718,X_3,1,0.8186895007439886,0.7806847611183233,0.8186895007439886,0.7806847611183233,0.16739590230598278,0.23736893586337304
719,X_3,1,0.8186895007439886,0.7806847611183233,0.8186895007439886,0.7806847611183233,0.16739590230598278,0.23736893586337304
720,(0.5872945945974412)(X_3),3,0.6574781901030332,0.6150342000161755,0.6574781901030332,0.6150342000161755,0.3313471899581448,0.3991887509539013
721,X_3,1,0.8186895007439886,0.7806847611183233,0.8186895007439886,0.7806847611183233,0.16739590230598278,0.23736893586337304
722,(0.5872945945974412)(X_3),3,0.6574781901030332,0.6150342000161755,0.6574781901030332,0.6150342000161755,0.3313471899581448,0.3991887509539013
723,X_3,1,0.8186895007439886,0.7806847611183233,0.8186895007439886,0.7806847611183233,0.16739590230598278,0.23736893586337304
724,X_3,1,0.8186895007439886,0.7806847611183233,0.8186895007439886,0.7806847611183233,0.16739590230598278,0.23736893586337304
725,(0.5872945945974409)(X_3),3,0.6574781901030331,0.6150342000161756,0.6574781901030331,0.6150342000161756,0.33134718995814494,0.39918875095390116
726,X_3,1,0.8186895007439886,0.7806847611183233,0.8186895007439886,0.7806847611183233,0.16739590230598278,0.23736893586337304
727,X_3,1,0.8186895007439886,0.7806847611183233,0.8186895007439886,0.7806847611183233,0.16739590230598278,0.23736893586337304
728,X_3,1,0.8186895007439886,0.7806847611183233,0.8186895007439886,0.7806847611183233,0.16739590230598278,0.23736893586337304
729,X_3,1,0.8186895007439886,0.7806847611183233,0.8186895007439886,0.7806847611183233,0.16739590230598278,0.23736893586337304
730,X_3,1,0.8186895007439886,0.7806847611183233,0.8186895007439886,0.7806847611183233,0.16739590230598278,0.23736893586337304
731,X_3,1,0.8186895007439886,0.7806847611183233,0.8186895007439886,0.7806847611183233,0.16739590230598278,0.23736893586337304
732,(0.5872945945974404)(X_3),3,0.6574781901030332,0.6150342000161756,0.6574781901030332,0.6150342000161756,0.3313471899581448,0.39918875095390116
733,X_3,1,0.8186895007439886,0.7806847611183233,0.8186895007439886,0.7806847611183233,0.16739590230598278,0.23736893586337304
734,X_3,1,0.8186895007439886,0.7806847611183233,0.8186895007439886,0.7806847611183233,0.16739590230598278,0.23736893586337304
735,X_3,1,0.8186895007439886,0.7806847611183233,0.8186895007439886,0.7806847611183233,0.16739590230598278,0.23736893586337304
736,X_3,1,0.8186895007439886,0.7806847611183233,0.8186895007439886,0.7806847611183233,0.16739590230598278,0.23736893586337304
737,X_3,1,0.8186895007439886,0.7806847611183233,0.8186895007439886,0.7806847611183233,0.16739590230598278,0.23736893586337304
738,X_3,1,0.8186895007439886,0.7806847611183233,0.8186895007439886,0.7806847611183233,0.16739590230598278,0.23736893586337304
739,X_3,1,0.8186895007439886,0.7806847611183233,0.8186895007439886,0.7806847611183233,0.16739590230598278,0.23736893586337304
740,(0.5872945945974399)(X_3),3,0.6574781901030332,0.6150342000161756,0.6574781901030332,0.6150342000161756,0.3313471899581448,0.39918875095390116
741,X_3,1,0.8186895007439886,0.7806847611183233,0.8186895007439886,0.7806847611183233,0.16739590230598278,0.23736893586337304
742,X_3,1,0.8186895007439886,0.7806847611183233,0.8186895007439886,0.7806847611183233,0.16739590230598278,0.23736893586337304
743,X_3,1,0.8186895007439886,0.7806847611183233,0.8186895007439886,0.7806847611183233,0.16739590230598278,0.23736893586337304
744,X_3,1,0.8186895007439886,0.7806847611183233,0.8186895007439886,0.7806847611183233,0.16739590230598278,0.23736893586337304
745,X_3,1,0.8186895007439886,0.7806847611183233,0.8186895007439886,0.7806847611183233,0.16739590230598278,0.23736893586337304
746,X_3,1,0.8186895007439886,0.7806847611183233,0.8186895007439886,0.7806847611183233,0.16739590230598278,0.23736893586337304
747,X_3,1,0.8186895007439886,0.7806847611183233,0.8186895007439886,0.7806847611183233,0.16739590230598278,0.23736893586337304
748,X_3,1,0.8186895007439886,0.7806847611183233,0.8186895007439886,0.7806847611183233,0.16739590230598278,0.23736893586337304
749,X_3,1,0.8186895007439886,0.7806847611183233,0.8186895007439886,0.7806847611183233,0.16739590230598278,0.23736893586337304
750,X_3,1,0.8186895007439886,0.7806847611183233,0.8186895007439886,0.7806847611183233,0.16739590230598278,0.23736893586337304
751,X_3,1,0.8186895007439886,0.7806847611183233,0.8186895007439886,0.7806847611183233,0.16739590230598278,0.23736893586337304
752,X_3,1,0.8186895007439886,0.7806847611183233,0.8186895007439886,0.7806847611183233,0.16739590230598278,0.23736893586337304
753,(0.587294594597441)(X_3),3,0.6574781901030332,0.6150342000161756,0.6574781901030332,0.6150342000161756,0.3313471899581448,0.39918875095390116
754,X_3,1,0.8186895007439886,0.7806847611183233,0.8186895007439886,0.7806847611183233,0.16739590230598278,0.23736893586337304
755,X_3,1,0.8186895007439886,0.7806847611183233,0.8186895007439886,0.7806847611183233,0.16739590230598278,0.23736893586337304
756,X_3,1,0.8186895007439886,0.7806847611183233,0.8186895007439886,0.7806847611183233,0.16739590230598278,0.23736893586337304
757,X_3,1,0.8186895007439886,0.7806847611183233,0.8186895007439886,0.7806847611183233,0.16739590230598278,0.23736893586337304
758,X_3,1,0.8186895007439886,0.7806847611183233,0.8186895007439886,0.7806847611183233,0.16739590230598278,0.23736893586337304
759,X_3,1,0.8186895007439886,0.7806847611183233,0.8186895007439886,0.7806847611183233,0.16739590230598278,0.23736893586337304
760,X_3,1,0.8186895007439886,0.7806847611183233,0.8186895007439886,0.7806847611183233,0.16739590230598278,0.23736893586337304
761,X_3,1,0.8186895007439886,0.7806847611183233,0.8186895007439886,0.7806847611183233,0.16739590230598278,0.23736893586337304
762,X_3,1,0.8186895007439886,0.7806847611183233,0.8186895007439886,0.7806847611183233,0.16739590230598278,0.23736893586337304
763,X_3,1,0.8186895007439886,0.7806847611183233,0.8186895007439886,0.7806847611183233,0.16739590230598278,0.23736893586337304
764,(0.5872945945974459)(X_3),3,0.6574781901030332,0.6150342000161753,0.6574781901030332,0.6150342000161753,0.3313471899581448,0.3991887509539015
765,X_3,1,0.8186895007439886,0.7806847611183233,0.8186895007439886,0.7806847611183233,0.16739590230598278,0.23736893586337304
766,X_3,1,0.8186895007439886,0.7806847611183233,0.8186895007439886,0.7806847611183233,0.16739590230598278,0.23736893586337304
767,X_3,1,0.8186895007439886,0.7806847611183233,0.8186895007439886,0.7806847611183233,0.16739590230598278,0.23736893586337304
768,(X_3)(sqrt(X_32)),4,0.8117837649602354,0.8210972533822879,0.8117837649602354,0.8210972533822879,0.17441900924203124,0.19789100121593428
769,X_3,1,0.8186895007439886,0.7806847611183233,0.8186895007439886,0.7806847611183233,0.16739590230598278,0.23736893586337304
770,X_3,1,0.8186895007439886,0.7806847611183233,0.8186895007439886,0.7806847611183233,0.16739590230598278,0.23736893586337304
771,X_3,1,0.8186895007439886,0.7806847611183233,0.8186895007439886,0.7806847611183233,0.16739590230598278,0.23736893586337304
772,X_3,1,0.8186895007439886,0.7806847611183233,0.8186895007439886,0.7806847611183233,0.16739590230598278,0.23736893586337304
773,X_3,1,0.8186895007439886,0.7806847611183233,0.8186895007439886,0.7806847611183233,0.16739590230598278,0.23736893586337304
774,(0.5872945945974415)(X_3),3,0.6574781901030332,0.6150342000161756,0.6574781901030332,0.6150342000161756,0.3313471899581448,0.39918875095390116
775,X_3,1,0.8186895007439886,0.7806847611183233,0.8186895007439886,0.7806847611183233,0.16739590230598278,0.23736893586337304
776,X_3,1,0.8186895007439886,0.7806847611183233,0.8186895007439886,0.7806847611183233,0.16739590230598278,0.23736893586337304
777,X_3,1,0.8186895007439886,0.7806847611183233,0.8186895007439886,0.7806847611183233,0.16739590230598278,0.23736893586337304
778,X_3,1,0.8186895007439886,0.7806847611183233,0.8186895007439886,0.7806847611183233,0.16739590230598278,0.23736893586337304
779,X_3,1,0.8186895007439886,0.7806847611183233,0.8186895007439886,0.7806847611183233,0.16739590230598278,0.23736893586337304
780,X_3,1,0.8186895007439886,0.7806847611183233,0.8186895007439886,0.7806847611183233,0.16739590230598278,0.23736893586337304
781,sin(X_3),2,0.6838896335537086,0.6506800337350728,0.6838896335537086,0.6506800337350728,0.3044868527691832,0.3643672436631247
782,X_3,1,0.8186895007439886,0.7806847611183233,0.8186895007439886,0.7806847611183233,0.16739590230598278,0.23736893586337304
783,X_3,1,0.8186895007439886,0.7806847611183233,0.8186895007439886,0.7806847611183233,0.16739590230598278,0.23736893586337304
784,0.0006353421147884397 + X_3,3,0.818689097084386,0.7806867891495989,0.818689097084386,0.7806867891495989,0.1673963128262581,0.2373669547312608
785,X_3,1,0.8186895007439886,0.7806847611183233,0.8186895007439886,0.7806847611183233,0.16739590230598278,0.23736893586337304
786,(0.5466634886721593)(X_3 + sin(X_4)),6,0.5755527595303488,0.5324000661868571,0.5755527595303488,0.5324000661868571,0.41466504017874284,0.47991193213395533
787,X_3,1,0.8186895007439886,0.7806847611183233,0.8186895007439886,0.7806847611183233,0.16739590230598278,0.23736893586337304
788,(0.5872945945974412)(X_3),3,0.6574781901030332,0.6150342000161755,0.6574781901030332,0.6150342000161755,0.3313471899581448,0.3991887509539013
789,X_3,1,0.8186895007439886,0.7806847611183233,0.8186895007439886,0.7806847611183233,0.16739590230598278,0.23736893586337304
790,X_3,1,0.8186895007439886,0.7806847611183233,0.8186895007439886,0.7806847611183233,0.16739590230598278,0.23736893586337304
791,X_3,1,0.8186895007439886,0.7806847611183233,0.8186895007439886,0.7806847611183233,0.16739590230598278,0.23736893586337304
792,X_3,1,0.8186895007439886,0.7806847611183233,0.8186895007439886,0.7806847611183233,0.16739590230598278,0.23736893586337304
793,X_3,1,0.8186895007439886,0.7806847611183233,0.8186895007439886,0.7806847611183233,0.16739590230598278,0.23736893586337304
794,X_3,1,0.8186895007439886,0.7806847611183233,0.8186895007439886,0.7806847611183233,0.16739590230598278,0.23736893586337304
795,X_3,1,0.8186895007439886,0.7806847611183233,0.8186895007439886,0.7806847611183233,0.16739590230598278,0.23736893586337304
796,X_3,1,0.8186895007439886,0.7806847611183233,0.8186895007439886,0.7806847611183233,0.16739590230598278,0.23736893586337304
797,(X_3)((exp(sqrt(X_35)))^(-1)),7,0.6921963960131842,0.6456973638321828,0.6921963960131842,0.6456973638321828,0.2960389070510019,0.3692346870148294
798,X_3,1,0.8186895007439886,0.7806847611183233,0.8186895007439886,0.7806847611183233,0.16739590230598278,0.23736893586337304
799,X_3,1,0.8186895007439886,0.7806847611183233,0.8186895007439886,0.7806847611183233,0.16739590230598278,0.23736893586337304
800,X_3,1,0.8186895007439886,0.7806847611183233,0.8186895007439886,0.7806847611183233,0.16739590230598278,0.23736893586337304
801,X_3,1,0.8186895007439886,0.7806847611183233,0.8186895007439886,0.7806847611183233,0.16739590230598278,0.23736893586337304
802,X_3,1,0.8186895007439886,0.7806847611183233,0.8186895007439886,0.7806847611183233,0.16739590230598278,0.23736893586337304
803,X_3,1,0.8186895007439886,0.7806847611183233,0.8186895007439886,0.7806847611183233,0.16739590230598278,0.23736893586337304
804,X_3,1,0.8186895007439886,0.7806847611183233,0.8186895007439886,0.7806847611183233,0.16739590230598278,0.23736893586337304
805,X_3,1,0.8186895007439886,0.7806847611183233,0.8186895007439886,0.7806847611183233,0.16739590230598278,0.23736893586337304
806,(0.5872945945974412)(X_3),3,0.6574781901030332,0.6150342000161755,0.6574781901030332,0.6150342000161755,0.3313471899581448,0.3991887509539013
807,X_3,1,0.8186895007439886,0.7806847611183233,0.8186895007439886,0.7806847611183233,0.16739590230598278,0.23736893586337304
808,X_3,1,0.8186895007439886,0.7806847611183233,0.8186895007439886,0.7806847611183233,0.16739590230598278,0.23736893586337304
809,X_3,1,0.8186895007439886,0.7806847611183233,0.8186895007439886,0.7806847611183233,0.16739590230598278,0.23736893586337304
810,X_3,1,0.8186895007439886,0.7806847611183233,0.8186895007439886,0.7806847611183233,0.16739590230598278,0.23736893586337304
811,X_3,1,0.8186895007439886,0.7806847611183233,0.8186895007439886,0.7806847611183233,0.16739590230598278,0.23736893586337304
812,X_3,1,0.8186895007439886,0.7806847611183233,0.8186895007439886,0.7806847611183233,0.16739590230598278,0.23736893586337304
813,X_3,1,0.8186895007439886,0.7806847611183233,0.8186895007439886,0.7806847611183233,0.16739590230598278,0.23736893586337304
814,X_3,1,0.8186895007439886,0.7806847611183233,0.8186895007439886,0.7806847611183233,0.16739590230598278,0.23736893586337304
815,X_3,1,0.8186895007439886,0.7806847611183233,0.8186895007439886,0.7806847611183233,0.16739590230598278,0.23736893586337304
816,X_3,1,0.8186895007439886,0.7806847611183233,0.8186895007439886,0.7806847611183233,0.16739590230598278,0.23736893586337304
817,X_3,1,0.8186895007439886,0.7806847611183233,0.8186895007439886,0.7806847611183233,0.16739590230598278,0.23736893586337304
818,X_3,1,0.8186895007439886,0.7806847611183233,0.8186895007439886,0.7806847611183233,0.16739590230598278,0.23736893586337304
819,X_3,1,0.8186895007439886,0.7806847611183233,0.8186895007439886,0.7806847611183233,0.16739590230598278,0.23736893586337304
820,X_3,1,0.8186895007439886,0.7806847611183233,0.8186895007439886,0.7806847611183233,0.16739590230598278,0.23736893586337304
821,((0.5872945945974412)(X_3))^(sqrt(1)),6,0.6574781901030332,0.6150342000161755,0.6574781901030332,0.6150342000161755,0.3313471899581448,0.3991887509539013
822,X_3,1,0.8186895007439886,0.7806847611183233,0.8186895007439886,0.7806847611183233,0.16739590230598278,0.23736893586337304
823,X_3,1,0.8186895007439886,0.7806847611183233,0.8186895007439886,0.7806847611183233,0.16739590230598278,0.23736893586337304
824,0.0006353421147888838 + X_3,3,0.818689097084386,0.7806867891495989,0.818689097084386,0.7806867891495989,0.1673963128262581,0.2373669547312608
825,(X_3)((sqrt(X_6))(sqrt(log(X_3) + log(((X_3)^(-1))(sqrt(X_6)))))),12,0.7029370953619293,0.6748741355641936,0.7029370953619293,0.6748741355641936,0.2851156568056551,0.3407326416538051
826,(0.21262101451604415)((X_3)((exp(X_22))^(-1))),8,0.800786618521224,0.8256023571062521,0.800786618521224,0.8256023571062521,0.1856030651994378,0.19349008010389523
827,X_3,1,0.8186895007439886,0.7806847611183233,0.8186895007439886,0.7806847611183233,0.16739590230598278,0.23736893586337304
828,(0.5872945945974415)(X_3),3,0.6574781901030332,0.6150342000161756,0.6574781901030332,0.6150342000161756,0.3313471899581448,0.39918875095390116
829,X_3,1,0.8186895007439886,0.7806847611183233,0.8186895007439886,0.7806847611183233,0.16739590230598278,0.23736893586337304
830,X_3,1,0.8186895007439886,0.7806847611183233,0.8186895007439886,0.7806847611183233,0.16739590230598278,0.23736893586337304
831,X_3,1,0.8186895007439886,0.7806847611183233,0.8186895007439886,0.7806847611183233,0.16739590230598278,0.23736893586337304
832,X_3,1,0.8186895007439886,0.7806847611183233,0.8186895007439886,0.7806847611183233,0.16739590230598278,0.23736893586337304
833,X_3,1,0.8186895007439886,0.7806847611183233,0.8186895007439886,0.7806847611183233,0.16739590230598278,0.23736893586337304
834,X_3,1,0.8186895007439886,0.7806847611183233,0.8186895007439886,0.7806847611183233,0.16739590230598278,0.23736893586337304
835,X_3,1,0.8186895007439886,0.7806847611183233,0.8186895007439886,0.7806847611183233,0.16739590230598278,0.23736893586337304
836,(0.5872945945974384)(X_3),3,0.6574781901030332,0.6150342000161758,0.6574781901030332,0.6150342000161758,0.3313471899581448,0.39918875095390105
837,X_3,1,0.8186895007439886,0.7806847611183233,0.8186895007439886,0.7806847611183233,0.16739590230598278,0.23736893586337304
838,X_3,1,0.8186895007439886,0.7806847611183233,0.8186895007439886,0.7806847611183233,0.16739590230598278,0.23736893586337304
839,X_3,1,0.8186895007439886,0.7806847611183233,0.8186895007439886,0.7806847611183233,0.16739590230598278,0.23736893586337304
840,X_3,1,0.8186895007439886,0.7806847611183233,0.8186895007439886,0.7806847611183233,0.16739590230598278,0.23736893586337304
841,X_3,1,0.8186895007439886,0.7806847611183233,0.8186895007439886,0.7806847611183233,0.16739590230598278,0.23736893586337304
842,X_3,1,0.8186895007439886,0.7806847611183233,0.8186895007439886,0.7806847611183233,0.16739590230598278,0.23736893586337304
843,X_3,1,0.8186895007439886,0.7806847611183233,0.8186895007439886,0.7806847611183233,0.16739590230598278,0.23736893586337304
844,sin(X_3),2,0.6838896335537086,0.6506800337350728,0.6838896335537086,0.6506800337350728,0.3044868527691832,0.3643672436631247
845,X_3,1,0.8186895007439886,0.7806847611183233,0.8186895007439886,0.7806847611183233,0.16739590230598278,0.23736893586337304
846,X_3,1,0.8186895007439886,0.7806847611183233,0.8186895007439886,0.7806847611183233,0.16739590230598278,0.23736893586337304
847,X_3,1,0.8186895007439886,0.7806847611183233,0.8186895007439886,0.7806847611183233,0.16739590230598278,0.23736893586337304
848,X_3,1,0.8186895007439886,0.7806847611183233,0.8186895007439886,0.7806847611183233,0.16739590230598278,0.23736893586337304
849,X_3,1,0.8186895007439886,0.7806847611183233,0.8186895007439886,0.7806847611183233,0.16739590230598278,0.23736893586337304
850,X_3,1,0.8186895007439886,0.7806847611183233,0.8186895007439886,0.7806847611183233,0.16739590230598278,0.23736893586337304
851,X_3,1,0.8186895007439886,0.7806847611183233,0.8186895007439886,0.7806847611183233,0.16739590230598278,0.23736893586337304
852,X_3,1,0.8186895007439886,0.7806847611183233,0.8186895007439886,0.7806847611183233,0.16739590230598278,0.23736893586337304
853,X_3,1,0.8186895007439886,0.7806847611183233,0.8186895007439886,0.7806847611183233,0.16739590230598278,0.23736893586337304
854,X_3,1,0.8186895007439886,0.7806847611183233,0.8186895007439886,0.7806847611183233,0.16739590230598278,0.23736893586337304
855,X_3,1,0.8186895007439886,0.7806847611183233,0.8186895007439886,0.7806847611183233,0.16739590230598278,0.23736893586337304
856,X_3,1,0.8186895007439886,0.7806847611183233,0.8186895007439886,0.7806847611183233,0.16739590230598278,0.23736893586337304
857,X_3,1,0.8186895007439886,0.7806847611183233,0.8186895007439886,0.7806847611183233,0.16739590230598278,0.23736893586337304
858,X_3,1,0.8186895007439886,0.7806847611183233,0.8186895007439886,0.7806847611183233,0.16739590230598278,0.23736893586337304
859,X_3,1,0.8186895007439886,0.7806847611183233,0.8186895007439886,0.7806847611183233,0.16739590230598278,0.23736893586337304
860,X_3,1,0.8186895007439886,0.7806847611183233,0.8186895007439886,0.7806847611183233,0.16739590230598278,0.23736893586337304
861,X_3,1,0.8186895007439886,0.7806847611183233,0.8186895007439886,0.7806847611183233,0.16739590230598278,0.23736893586337304
862,X_3,1,0.8186895007439886,0.7806847611183233,0.8186895007439886,0.7806847611183233,0.16739590230598278,0.23736893586337304
863,X_3,1,0.8186895007439886,0.7806847611183233,0.8186895007439886,0.7806847611183233,0.16739590230598278,0.23736893586337304
864,X_3,1,0.8186895007439886,0.7806847611183233,0.8186895007439886,0.7806847611183233,0.16739590230598278,0.23736893586337304
865,X_3,1,0.8186895007439886,0.7806847611183233,0.8186895007439886,0.7806847611183233,0.16739590230598278,0.23736893586337304
866,X_3,1,0.8186895007439886,0.7806847611183233,0.8186895007439886,0.7806847611183233,0.16739590230598278,0.23736893586337304
867,X_3,1,0.8186895007439886,0.7806847611183233,0.8186895007439886,0.7806847611183233,0.16739590230598278,0.23736893586337304
868,X_3,1,0.8186895007439886,0.7806847611183233,0.8186895007439886,0.7806847611183233,0.16739590230598278,0.23736893586337304
869,X_3,1,0.8186895007439886,0.7806847611183233,0.8186895007439886,0.7806847611183233,0.16739590230598278,0.23736893586337304
870,X_3,1,0.8186895007439886,0.7806847611183233,0.8186895007439886,0.7806847611183233,0.16739590230598278,0.23736893586337304
871,X_3,1,0.8186895007439886,0.7806847611183233,0.8186895007439886,0.7806847611183233,0.16739590230598278,0.23736893586337304
872,X_3,1,0.8186895007439886,0.7806847611183233,0.8186895007439886,0.7806847611183233,0.16739590230598278,0.23736893586337304
873,X_3,1,0.8186895007439886,0.7806847611183233,0.8186895007439886,0.7806847611183233,0.16739590230598278,0.23736893586337304
874,X_3,1,0.8186895007439886,0.7806847611183233,0.8186895007439886,0.7806847611183233,0.16739590230598278,0.23736893586337304
875,X_3,1,0.8186895007439886,0.7806847611183233,0.8186895007439886,0.7806847611183233,0.16739590230598278,0.23736893586337304
876,X_3,1,0.8186895007439886,0.7806847611183233,0.8186895007439886,0.7806847611183233,0.16739590230598278,0.23736893586337304
877,X_3,1,0.8186895007439886,0.7806847611183233,0.8186895007439886,0.7806847611183233,0.16739590230598278,0.23736893586337304
878,X_3,1,0.8186895007439886,0.7806847611183233,0.8186895007439886,0.7806847611183233,0.16739590230598278,0.23736893586337304
879,X_3,1,0.8186895007439886,0.7806847611183233,0.8186895007439886,0.7806847611183233,0.16739590230598278,0.23736893586337304
880,(X_3)(sqrt(X_47)),4,0.7761530228874753,0.7722132330162218,0.7761530228874753,0.7722132330162218,0.2106553379438153,0.24564455595119716
881,X_3,1,0.8186895007439886,0.7806847611183233,0.8186895007439886,0.7806847611183233,0.16739590230598278,0.23736893586337304
882,X_3,1,0.8186895007439886,0.7806847611183233,0.8186895007439886,0.7806847611183233,0.16739590230598278,0.23736893586337304
883,X_3,1,0.8186895007439886,0.7806847611183233,0.8186895007439886,0.7806847611183233,0.16739590230598278,0.23736893586337304
884,X_3,1,0.8186895007439886,0.7806847611183233,0.8186895007439886,0.7806847611183233,0.16739590230598278,0.23736893586337304
885,X_3,1,0.8186895007439886,0.7806847611183233,0.8186895007439886,0.7806847611183233,0.16739590230598278,0.23736893586337304
886,(0.5872945945974412)(X_3),3,0.6574781901030332,0.6150342000161755,0.6574781901030332,0.6150342000161755,0.3313471899581448,0.3991887509539013
887,X_3,1,0.8186895007439886,0.7806847611183233,0.8186895007439886,0.7806847611183233,0.16739590230598278,0.23736893586337304
888,X_3,1,0.8186895007439886,0.7806847611183233,0.8186895007439886,0.7806847611183233,0.16739590230598278,0.23736893586337304
889,X_3,1,0.8186895007439886,0.7806847611183233,0.8186895007439886,0.7806847611183233,0.16739590230598278,0.23736893586337304
890,X_3,1,0.8186895007439886,0.7806847611183233,0.8186895007439886,0.7806847611183233,0.16739590230598278,0.23736893586337304
891,(0.5872945945974412)(X_3),3,0.6574781901030332,0.6150342000161755,0.6574781901030332,0.6150342000161755,0.3313471899581448,0.3991887509539013
892,(0.5872945945974433)(X_3),3,0.6574781901030332,0.6150342000161755,0.6574781901030332,0.6150342000161755,0.3313471899581448,0.3991887509539014
893,X_3,1,0.8186895007439886,0.7806847611183233,0.8186895007439886,0.7806847611183233,0.16739590230598278,0.23736893586337304
894,X_3,1,0.8186895007439886,0.7806847611183233,0.8186895007439886,0.7806847611183233,0.16739590230598278,0.23736893586337304
895,X_3,1,0.8186895007439886,0.7806847611183233,0.8186895007439886,0.7806847611183233,0.16739590230598278,0.23736893586337304
896,X_3,1,0.8186895007439886,0.7806847611183233,0.8186895007439886,0.7806847611183233,0.16739590230598278,0.23736893586337304
897,X_3,1,0.8186895007439886,0.7806847611183233,0.8186895007439886,0.7806847611183233,0.16739590230598278,0.23736893586337304
898,X_3,1,0.8186895007439886,0.7806847611183233,0.8186895007439886,0.7806847611183233,0.16739590230598278,0.23736893586337304
899,X_3,1,0.8186895007439886,0.7806847611183233,0.8186895007439886,0.7806847611183233,0.16739590230598278,0.23736893586337304
900,X_3,1,0.8186895007439886,0.7806847611183233,0.8186895007439886,0.7806847611183233,0.16739590230598278,0.23736893586337304
901,X_3,1,0.8186895007439886,0.7806847611183233,0.8186895007439886,0.7806847611183233,0.16739590230598278,0.23736893586337304
902,X_3,1,0.8186895007439886,0.7806847611183233,0.8186895007439886,0.7806847611183233,0.16739590230598278,0.23736893586337304
903,X_3,1,0.8186895007439886,0.7806847611183233,0.8186895007439886,0.7806847611183233,0.16739590230598278,0.23736893586337304
904,sin(X_3),2,0.6838896335537086,0.6506800337350728,0.6838896335537086,0.6506800337350728,0.3044868527691832,0.3643672436631247
905,X_3,1,0.8186895007439886,0.7806847611183233,0.8186895007439886,0.7806847611183233,0.16739590230598278,0.23736893586337304
906,(0.5872945945974446)(X_3),3,0.6574781901030332,0.6150342000161753,0.6574781901030332,0.6150342000161753,0.3313471899581448,0.3991887509539015
907,X_3,1,0.8186895007439886,0.7806847611183233,0.8186895007439886,0.7806847611183233,0.16739590230598278,0.23736893586337304
908,X_3,1,0.8186895007439886,0.7806847611183233,0.8186895007439886,0.7806847611183233,0.16739590230598278,0.23736893586337304
909,X_3,1,0.8186895007439886,0.7806847611183233,0.8186895007439886,0.7806847611183233,0.16739590230598278,0.23736893586337304
910,X_3,1,0.8186895007439886,0.7806847611183233,0.8186895007439886,0.7806847611183233,0.16739590230598278,0.23736893586337304
911,X_3,1,0.8186895007439886,0.7806847611183233,0.8186895007439886,0.7806847611183233,0.16739590230598278,0.23736893586337304
912,X_3,1,0.8186895007439886,0.7806847611183233,0.8186895007439886,0.7806847611183233,0.16739590230598278,0.23736893586337304
913,(0.5872945945974412)(X_3),3,0.6574781901030332,0.6150342000161755,0.6574781901030332,0.6150342000161755,0.3313471899581448,0.3991887509539013
914,X_3,1,0.8186895007439886,0.7806847611183233,0.8186895007439886,0.7806847611183233,0.16739590230598278,0.23736893586337304
915,X_3,1,0.8186895007439886,0.7806847611183233,0.8186895007439886,0.7806847611183233,0.16739590230598278,0.23736893586337304
916,X_3,1,0.8186895007439886,0.7806847611183233,0.8186895007439886,0.7806847611183233,0.16739590230598278,0.23736893586337304
917,X_3,1,0.8186895007439886,0.7806847611183233,0.8186895007439886,0.7806847611183233,0.16739590230598278,0.23736893586337304
918,X_3,1,0.8186895007439886,0.7806847611183233,0.8186895007439886,0.7806847611183233,0.16739590230598278,0.23736893586337304
919,X_3,1,0.8186895007439886,0.7806847611183233,0.8186895007439886,0.7806847611183233,0.16739590230598278,0.23736893586337304
920,X_3,1,0.8186895007439886,0.7806847611183233,0.8186895007439886,0.7806847611183233,0.16739590230598278,0.23736893586337304
921,X_3,1,0.8186895007439886,0.7806847611183233,0.8186895007439886,0.7806847611183233,0.16739590230598278,0.23736893586337304
922,X_3,1,0.8186895007439886,0.7806847611183233,0.8186895007439886,0.7806847611183233,0.16739590230598278,0.23736893586337304
923,X_3,1,0.8186895007439886,0.7806847611183233,0.8186895007439886,0.7806847611183233,0.16739590230598278,0.23736893586337304
924,X_3,1,0.8186895007439886,0.7806847611183233,0.8186895007439886,0.7806847611183233,0.16739590230598278,0.23736893586337304
925,X_3,1,0.8186895007439886,0.7806847611183233,0.8186895007439886,0.7806847611183233,0.16739590230598278,0.23736893586337304
926,X_3,1,0.8186895007439886,0.7806847611183233,0.8186895007439886,0.7806847611183233,0.16739590230598278,0.23736893586337304
927,X_3,1,0.8186895007439886,0.7806847611183233,0.8186895007439886,0.7806847611183233,0.16739590230598278,0.23736893586337304
928,X_3,1,0.8186895007439886,0.7806847611183233,0.8186895007439886,0.7806847611183233,0.16739590230598278,0.23736893586337304
929,X_3,1,0.8186895007439886,0.7806847611183233,0.8186895007439886,0.7806847611183233,0.16739590230598278,0.23736893586337304
930,X_3,1,0.8186895007439886,0.7806847611183233,0.8186895007439886,0.7806847611183233,0.16739590230598278,0.23736893586337304
931,(0.587294594597443)(X_3),3,0.6574781901030332,0.6150342000161755,0.6574781901030332,0.6150342000161755,0.3313471899581448,0.3991887509539014
932,X_3,1,0.8186895007439886,0.7806847611183233,0.8186895007439886,0.7806847611183233,0.16739590230598278,0.23736893586337304
933,X_3,1,0.8186895007439886,0.7806847611183233,0.8186895007439886,0.7806847611183233,0.16739590230598278,0.23736893586337304
934,X_3,1,0.8186895007439886,0.7806847611183233,0.8186895007439886,0.7806847611183233,0.16739590230598278,0.23736893586337304
935,X_3,1,0.8186895007439886,0.7806847611183233,0.8186895007439886,0.7806847611183233,0.16739590230598278,0.23736893586337304
936,X_3,1,0.8186895007439886,0.7806847611183233,0.8186895007439886,0.7806847611183233,0.16739590230598278,0.23736893586337304
937,X_3,1,0.8186895007439886,0.7806847611183233,0.8186895007439886,0.7806847611183233,0.16739590230598278,0.23736893586337304
938,X_3,1,0.8186895007439886,0.7806847611183233,0.8186895007439886,0.7806847611183233,0.16739590230598278,0.23736893586337304
939,X_3,1,0.8186895007439886,0.7806847611183233,0.8186895007439886,0.7806847611183233,0.16739590230598278,0.23736893586337304
940,X_3,1,0.8186895007439886,0.7806847611183233,0.8186895007439886,0.7806847611183233,0.16739590230598278,0.23736893586337304
941,X_3,1,0.8186895007439886,0.7806847611183233,0.8186895007439886,0.7806847611183233,0.16739590230598278,0.23736893586337304
942,(0.5872945945974403)(X_3),3,0.6574781901030332,0.6150342000161755,0.6574781901030332,0.6150342000161755,0.3313471899581448,0.3991887509539013
943,X_3,1,0.8186895007439886,0.7806847611183233,0.8186895007439886,0.7806847611183233,0.16739590230598278,0.23736893586337304
944,X_3,1,0.8186895007439886,0.7806847611183233,0.8186895007439886,0.7806847611183233,0.16739590230598278,0.23736893586337304
945,X_3,1,0.8186895007439886,0.7806847611183233,0.8186895007439886,0.7806847611183233,0.16739590230598278,0.23736893586337304
946,X_3,1,0.8186895007439886,0.7806847611183233,0.8186895007439886,0.7806847611183233,0.16739590230598278,0.23736893586337304
947,X_3,1,0.8186895007439886,0.7806847611183233,0.8186895007439886,0.7806847611183233,0.16739590230598278,0.23736893586337304
948,X_3,1,0.8186895007439886,0.7806847611183233,0.8186895007439886,0.7806847611183233,0.16739590230598278,0.23736893586337304
949,X_3,1,0.8186895007439886,0.7806847611183233,0.8186895007439886,0.7806847611183233,0.16739590230598278,0.23736893586337304
950,X_3,1,0.8186895007439886,0.7806847611183233,0.8186895007439886,0.7806847611183233,0.16739590230598278,0.23736893586337304
951,X_3,1,0.8186895007439886,0.7806847611183233,0.8186895007439886,0.7806847611183233,0.16739590230598278,0.23736893586337304
952,X_3,1,0.8186895007439886,0.7806847611183233,0.8186895007439886,0.7806847611183233,0.16739590230598278,0.23736893586337304
953,X_3,1,0.8186895007439886,0.7806847611183233,0.8186895007439886,0.7806847611183233,0.16739590230598278,0.23736893586337304
954,X_3,1,0.8186895007439886,0.7806847611183233,0.8186895007439886,0.7806847611183233,0.16739590230598278,0.23736893586337304
955,X_3,1,0.8186895007439886,0.7806847611183233,0.8186895007439886,0.7806847611183233,0.16739590230598278,0.23736893586337304
956,X_3,1,0.8186895007439886,0.7806847611183233,0.8186895007439886,0.7806847611183233,0.16739590230598278,0.23736893586337304
957,X_3,1,0.8186895007439886,0.7806847611183233,0.8186895007439886,0.7806847611183233,0.16739590230598278,0.23736893586337304
958,X_3,1,0.8186895007439886,0.7806847611183233,0.8186895007439886,0.7806847611183233,0.16739590230598278,0.23736893586337304
959,X_3,1,0.8186895007439886,0.7806847611183233,0.8186895007439886,0.7806847611183233,0.16739590230598278,0.23736893586337304
960,X_3,1,0.8186895007439886,0.7806847611183233,0.8186895007439886,0.7806847611183233,0.16739590230598278,0.23736893586337304
961,X_3,1,0.8186895007439886,0.7806847611183233,0.8186895007439886,0.7806847611183233,0.16739590230598278,0.23736893586337304
962,X_3,1,0.8186895007439886,0.7806847611183233,0.8186895007439886,0.7806847611183233,0.16739590230598278,0.23736893586337304
963,X_3,1,0.8186895007439886,0.7806847611183233,0.8186895007439886,0.7806847611183233,0.16739590230598278,0.23736893586337304
964,X_3,1,0.8186895007439886,0.7806847611183233,0.8186895007439886,0.7806847611183233,0.16739590230598278,0.23736893586337304
965,X_3,1,0.8186895007439886,0.7806847611183233,0.8186895007439886,0.7806847611183233,0.16739590230598278,0.23736893586337304
966,(log(0.6169469515508117))(log(((exp(X_29 - (0.6169469515508117)))^(-1))(exp(X_29 - (X_3))))),13,0.7489020781590536,0.7367828983403361,0.7489020781590536,0.7367828983403361,0.23836944472825317,0.280255547714225
967,(0.5872945945974402)(X_3),3,0.6574781901030332,0.6150342000161756,0.6574781901030332,0.6150342000161756,0.3313471899581448,0.39918875095390116
968,X_3,1,0.8186895007439886,0.7806847611183233,0.8186895007439886,0.7806847611183233,0.16739590230598278,0.23736893586337304
969,X_3,1,0.8186895007439886,0.7806847611183233,0.8186895007439886,0.7806847611183233,0.16739590230598278,0.23736893586337304
970,X_3,1,0.8186895007439886,0.7806847611183233,0.8186895007439886,0.7806847611183233,0.16739590230598278,0.23736893586337304
971,X_3,1,0.8186895007439886,0.7806847611183233,0.8186895007439886,0.7806847611183233,0.16739590230598278,0.23736893586337304
972,X_3,1,0.8186895007439886,0.7806847611183233,0.8186895007439886,0.7806847611183233,0.16739590230598278,0.23736893586337304
973,X_3,1,0.8186895007439886,0.7806847611183233,0.8186895007439886,0.7806847611183233,0.16739590230598278,0.23736893586337304
974,X_3,1,0.8186895007439886,0.7806847611183233,0.8186895007439886,0.7806847611183233,0.16739590230598278,0.23736893586337304
975,X_3,1,0.8186895007439886,0.7806847611183233,0.8186895007439886,0.7806847611183233,0.16739590230598278,0.23736893586337304
976,X_3,1,0.8186895007439886,0.7806847611183233,0.8186895007439886,0.7806847611183233,0.16739590230598278,0.23736893586337304
977,X_3,1,0.8186895007439886,0.7806847611183233,0.8186895007439886,0.7806847611183233,0.16739590230598278,0.23736893586337304
978,X_3,1,0.8186895007439886,0.7806847611183233,0.8186895007439886,0.7806847611183233,0.16739590230598278,0.23736893586337304
979,X_3,1,0.8186895007439886,0.7806847611183233,0.8186895007439886,0.7806847611183233,0.16739590230598278,0.23736893586337304
980,X_3,1,0.8186895007439886,0.7806847611183233,0.8186895007439886,0.7806847611183233,0.16739590230598278,0.23736893586337304
981,X_3,1,0.8186895007439886,0.7806847611183233,0.8186895007439886,0.7806847611183233,0.16739590230598278,0.23736893586337304
982,X_3,1,0.8186895007439886,0.7806847611183233,0.8186895007439886,0.7806847611183233,0.16739590230598278,0.23736893586337304
983,(X_3)((sqrt((2)(X_3)))^(-1)),7,0.6664179573119632,0.6571285196847763,0.6664179573119632,0.6571285196847763,0.32225548082565736,0.3580678819401577
984,X_3,1,0.8186895007439886,0.7806847611183233,0.8186895007439886,0.7806847611183233,0.16739590230598278,0.23736893586337304
985,X_3,1,0.8186895007439886,0.7806847611183233,0.8186895007439886,0.7806847611183233,0.16739590230598278,0.23736893586337304
986,(0.5872945945974379)(X_3),3,0.6574781901030332,0.6150342000161758,0.6574781901030332,0.6150342000161758,0.3313471899581448,0.39918875095390105
987,(0.587294594597441)(X_3),3,0.6574781901030332,0.6150342000161756,0.6574781901030332,0.6150342000161756,0.3313471899581448,0.39918875095390116
988,X_3,1,0.8186895007439886,0.7806847611183233,0.8186895007439886,0.7806847611183233,0.16739590230598278,0.23736893586337304
989,X_3,1,0.8186895007439886,0.7806847611183233,0.8186895007439886,0.7806847611183233,0.16739590230598278,0.23736893586337304
990,X_3,1,0.8186895007439886,0.7806847611183233,0.8186895007439886,0.7806847611183233,0.16739590230598278,0.23736893586337304
991,X_3,1,0.8186895007439886,0.7806847611183233,0.8186895007439886,0.7806847611183233,0.16739590230598278,0.23736893586337304
992,X_3,1,0.8186895007439886,0.7806847611183233,0.8186895007439886,0.7806847611183233,0.16739590230598278,0.23736893586337304
993,X_3,1,0.8186895007439886,0.7806847611183233,0.8186895007439886,0.7806847611183233,0.16739590230598278,0.23736893586337304
994,(0.5872945945974413)(X_3),3,0.6574781901030331,0.6150342000161756,0.6574781901030331,0.6150342000161756,0.33134718995814494,0.39918875095390116
995,X_3,1,0.8186895007439886,0.7806847611183233,0.8186895007439886,0.7806847611183233,0.16739590230598278,0.23736893586337304
996,X_3,1,0.8186895007439886,0.7806847611183233,0.8186895007439886,0.7806847611183233,0.16739590230598278,0.23736893586337304
997,(0.587294594597441)(X_3),3,0.6574781901030332,0.6150342000161756,0.6574781901030332,0.6150342000161756,0.3313471899581448,0.39918875095390116
998,X_3,1,0.8186895007439886,0.7806847611183233,0.8186895007439886,0.7806847611183233,0.16739590230598278,0.23736893586337304
999,X_3,1,0.8186895007439886,0.7806847611183233,0.8186895007439886,0.7806847611183233,0.16739590230598278,0.23736893586337304
