Id,Expression,size,MSE_train,MSE_test,nll_train,nll_test,R2_train,R2_test
0,(X_3)(sin(sqrt(X_3))),4,0.7529907887047805,0.6987778681476593,0.7529907887047805,0.6987778681476593,0.23421124170798324,0.3173816939667362
1,X_3 - (sin((0.43045737506881465)(X_3))),5,0.6583846082246892,0.6138329908395236,0.6583846082246892,0.6138329908395236,0.33042536618780316,0.40036218161153114
2,sin(sin(X_3)),3,0.6664624781126078,0.6416985954238905,0.6664624781126078,0.6416985954238905,0.3222102033413172,0.3731409820500794
3,X_3,1,0.8186895007439886,0.7806847611183233,0.8186895007439886,0.7806847611183233,0.16739590230598278,0.23736893586337304
4,X_3,1,0.8186895007439886,0.7806847611183233,0.8186895007439886,0.7806847611183233,0.16739590230598278,0.23736893586337304
5,sin(X_3),2,0.6838896335537086,0.6506800337350728,0.6838896335537086,0.6506800337350728,0.3044868527691832,0.3643672436631247
6,X_3 - (sin((X_3)(sin(sqrt(X_3))))),6,0.7338055392306976,0.7116544715437539,0.7338055392306976,0.7116544715437539,0.25372256720182096,0.3048028679930337
7,X_3,1,0.8186895007439886,0.7806847611183233,0.8186895007439886,0.7806847611183233,0.16739590230598278,0.23736893586337304
8,sin(X_3),2,0.6838896335537086,0.6506800337350728,0.6838896335537086,0.6506800337350728,0.3044868527691832,0.3643672436631247
9,sin(X_3),2,0.6838896335537086,0.6506800337350728,0.6838896335537086,0.6506800337350728,0.3044868527691832,0.3643672436631247
10,X_3 - (sin(log((exp(sin(sqrt(X_38))))^(-3.67090837279222)))),10,1.0773928387206742,1.1806313089978335,1.0773928387206742,1.1806313089978335,-0.09570440506422906,-0.1533286627040631
11,X_3 - (sin((X_3)(sin(sqrt(X_3))))),6,0.7338055392306976,0.7116544715437539,0.7338055392306976,0.7116544715437539,0.25372256720182096,0.3048028679930337
12,sin(X_3),2,0.6838896335537086,0.6506800337350728,0.6838896335537086,0.6506800337350728,0.3044868527691832,0.3643672436631247
13,X_3,1,0.8186895007439886,0.7806847611183233,0.8186895007439886,0.7806847611183233,0.16739590230598278,0.23736893586337304
14,X_3,1,0.8186895007439886,0.7806847611183233,0.8186895007439886,0.7806847611183233,0.16739590230598278,0.23736893586337304
15,X_3,1,0.8186895007439886,0.7806847611183233,0.8186895007439886,0.7806847611183233,0.16739590230598278,0.23736893586337304
16,X_3,1,0.8186895007439886,0.7806847611183233,0.8186895007439886,0.7806847611183233,0.16739590230598278,0.23736893586337304
17,sin(X_3),2,0.6838896335537086,0.6506800337350728,0.6838896335537086,0.6506800337350728,0.3044868527691832,0.3643672436631247
18,sin(X_3),2,0.6838896335537086,0.6506800337350728,0.6838896335537086,0.6506800337350728,0.3044868527691832,0.3643672436631247
19,X_3,1,0.8186895007439886,0.7806847611183233,0.8186895007439886,0.7806847611183233,0.16739590230598278,0.23736893586337304
20,X_3,1,0.8186895007439886,0.7806847611183233,0.8186895007439886,0.7806847611183233,0.16739590230598278,0.23736893586337304
21,X_3,1,0.8186895007439886,0.7806847611183233,0.8186895007439886,0.7806847611183233,0.16739590230598278,0.23736893586337304
22,X_3 - (sin((X_3)(sin(sqrt(X_3))))),6,0.7338055392306976,0.7116544715437539,0.7338055392306976,0.7116544715437539,0.25372256720182096,0.3048028679930337
23,X_3,1,0.8186895007439886,0.7806847611183233,0.8186895007439886,0.7806847611183233,0.16739590230598278,0.23736893586337304
24,X_3,1,0.8186895007439886,0.7806847611183233,0.8186895007439886,0.7806847611183233,0.16739590230598278,0.23736893586337304
25,sin(X_3),2,0.6838896335537086,0.6506800337350728,0.6838896335537086,0.6506800337350728,0.3044868527691832,0.3643672436631247
26,X_3,1,0.8186895007439886,0.7806847611183233,0.8186895007439886,0.7806847611183233,0.16739590230598278,0.23736893586337304
27,sin(X_3),2,0.6838896335537086,0.6506800337350728,0.6838896335537086,0.6506800337350728,0.3044868527691832,0.3643672436631247
28,sin(X_3),2,0.6838896335537086,0.6506800337350728,0.6838896335537086,0.6506800337350728,0.3044868527691832,0.3643672436631247
29,X_3,1,0.8186895007439886,0.7806847611183233,0.8186895007439886,0.7806847611183233,0.16739590230598278,0.23736893586337304
30,sin(X_3),2,0.6838896335537086,0.6506800337350728,0.6838896335537086,0.6506800337350728,0.3044868527691832,0.3643672436631247
31,X_3 - ((0)^(exp(X_5))),6,0.8186895007439886,0.7806847611183233,0.8186895007439886,0.7806847611183233,0.16739590230598278,0.23736893586337304
32,(X_3)(sqrt(X_20)),4,0.7905794027062243,0.7969565280160427,0.7905794027062243,0.7969565280160427,0.19598376472702772,0.2214734611178245
33,sin((X_3)(sqrt(X_13))),5,0.6623185390612023,0.6451153442193515,0.6623185390612023,0.6451153442193515,0.32642457354108045,0.369803247154323
34,sin((X_3)(((sin(sqrt(X_3)))(sin(sqrt(X_3))))((sqrt(X_3))^(-1)))),9,0.6571443747549031,0.6127778134403009,0.6571443747549031,0.6127778134403009,0.33168667889317294,0.40139295754427695
35,X_3,1,0.8186895007439886,0.7806847611183233,0.8186895007439886,0.7806847611183233,0.16739590230598278,0.23736893586337304
36,X_3,1,0.8186895007439886,0.7806847611183233,0.8186895007439886,0.7806847611183233,0.16739590230598278,0.23736893586337304
37,X_3,1,0.8186895007439886,0.7806847611183233,0.8186895007439886,0.7806847611183233,0.16739590230598278,0.23736893586337304
38,(0.5872945945974412)(X_3),3,0.6574781901030332,0.6150342000161755,0.6574781901030332,0.6150342000161755,0.3313471899581448,0.3991887509539013
39,X_3,1,0.8186895007439886,0.7806847611183233,0.8186895007439886,0.7806847611183233,0.16739590230598278,0.23736893586337304
40,sin(X_3),2,0.6838896335537086,0.6506800337350728,0.6838896335537086,0.6506800337350728,0.3044868527691832,0.3643672436631247
41,X_3,1,0.8186895007439886,0.7806847611183233,0.8186895007439886,0.7806847611183233,0.16739590230598278,0.23736893586337304
42,X_3,1,0.8186895007439886,0.7806847611183233,0.8186895007439886,0.7806847611183233,0.16739590230598278,0.23736893586337304
43,sin((X_3)(((sin(sqrt(X_3)))^(1 + log(sqrt(X_3)) - (sqrt(X_3))))(sqrt(X_3)))),11,0.6722366382952223,0.6416005679725703,0.6722366382952223,0.6416005679725703,0.3163379044729214,0.37323674257114803
44,X_3,1,0.8186895007439886,0.7806847611183233,0.8186895007439886,0.7806847611183233,0.16739590230598278,0.23736893586337304
45,sin(X_3),2,0.6838896335537086,0.6506800337350728,0.6838896335537086,0.6506800337350728,0.3044868527691832,0.3643672436631247
46,X_3,1,0.8186895007439886,0.7806847611183233,0.8186895007439886,0.7806847611183233,0.16739590230598278,0.23736893586337304
47,X_3,1,0.8186895007439886,0.7806847611183233,0.8186895007439886,0.7806847611183233,0.16739590230598278,0.23736893586337304
48,X_3,1,0.8186895007439886,0.7806847611183233,0.8186895007439886,0.7806847611183233,0.16739590230598278,0.23736893586337304
49,sin(X_3),2,0.6838896335537086,0.6506800337350728,0.6838896335537086,0.6506800337350728,0.3044868527691832,0.3643672436631247
50,X_3,1,0.8186895007439886,0.7806847611183233,0.8186895007439886,0.7806847611183233,0.16739590230598278,0.23736893586337304
51,X_3,1,0.8186895007439886,0.7806847611183233,0.8186895007439886,0.7806847611183233,0.16739590230598278,0.23736893586337304
52,X_3,1,0.8186895007439886,0.7806847611183233,0.8186895007439886,0.7806847611183233,0.16739590230598278,0.23736893586337304
53,sin(X_3),2,0.6838896335537086,0.6506800337350728,0.6838896335537086,0.6506800337350728,0.3044868527691832,0.3643672436631247
54,X_3,1,0.8186895007439886,0.7806847611183233,0.8186895007439886,0.7806847611183233,0.16739590230598278,0.23736893586337304
55,X_3,1,0.8186895007439886,0.7806847611183233,0.8186895007439886,0.7806847611183233,0.16739590230598278,0.23736893586337304
56,X_3,1,0.8186895007439886,0.7806847611183233,0.8186895007439886,0.7806847611183233,0.16739590230598278,0.23736893586337304
57,X_3 + (0.20412491445079262)(X_1 + X_5),7,0.7376275511251822,0.6958578451731832,0.7376275511251822,0.6958578451731832,0.24983559569199787,0.32023419005637177
58,X_3 - (sin((X_3)(sin(sqrt(log(X_3)))))),7,0.6640320194339235,0.6363998969048857,0.6640320194339235,0.6363998969048857,0.3246819705415922,0.37831714570965846
59,sin(X_3),2,0.6838896335537086,0.6506800337350728,0.6838896335537086,0.6506800337350728,0.3044868527691832,0.3643672436631247
60,sin(X_3),2,0.6838896335537086,0.6506800337350728,0.6838896335537086,0.6506800337350728,0.3044868527691832,0.3643672436631247
61,sin(X_3),2,0.6838896335537086,0.6506800337350728,0.6838896335537086,0.6506800337350728,0.3044868527691832,0.3643672436631247
62,(0.5872945945974402)(X_3),3,0.6574781901030332,0.6150342000161756,0.6574781901030332,0.6150342000161756,0.3313471899581448,0.39918875095390116
63,X_3,1,0.8186895007439886,0.7806847611183233,0.8186895007439886,0.7806847611183233,0.16739590230598278,0.23736893586337304
64,sin(X_3),2,0.6838896335537086,0.6506800337350728,0.6838896335537086,0.6506800337350728,0.3044868527691832,0.3643672436631247
65,X_3 - (sqrt(0)),4,0.8186895007439886,0.7806847611183233,0.8186895007439886,0.7806847611183233,0.16739590230598278,0.23736893586337304
66,0.0006353421147888838 + X_3,3,0.818689097084386,0.7806867891495989,0.818689097084386,0.7806867891495989,0.1673963128262581,0.2373669547312608
67,(X_3)((sqrt(X_3))^(-1)),5,0.783709844111427,0.7713248957646988,0.783709844111427,0.7713248957646988,0.2029700795999797,0.24651234999199645
68,X_3 + sqrt((sqrt(sqrt(-0.20352961667322525 + X_11 - (X_0))))^((-0.20352961667322525 + X_11 - (X_0))(sqrt(-0.20352961667322525 + X_11 - (X_0))))) - ((sqrt(sqrt(-0.20352961667322525 + X_11 - (X_0))))^((-0.20352961667322525 + X_11 - (X_0))(sqrt(-0.20352961667322525 + X_11 - (X_0))))),13,0.7651199555652496,0.7217843153126781,0.7651199555652496,0.7217843153126781,0.22187592530235734,0.2949072815568825
69,X_3,1,0.8186895007439886,0.7806847611183233,0.8186895007439886,0.7806847611183233,0.16739590230598278,0.23736893586337304
70,X_3,1,0.8186895007439886,0.7806847611183233,0.8186895007439886,0.7806847611183233,0.16739590230598278,0.23736893586337304
71,X_3 + ((-1)(sqrt(log(-2.220465303702412 + sqrt(sqrt(-2.220465303702412))))))((-2.220465303702412)(-2.220465303702412) + X_3),13,0.8126832928504651,0.7734497856977731,0.8126832928504651,0.7734497856977731,0.17350419281075324,0.24443659912360194
72,X_3,1,0.8186895007439886,0.7806847611183233,0.8186895007439886,0.7806847611183233,0.16739590230598278,0.23736893586337304
73,X_3 - (sin((X_3)(sin(sqrt(X_3))))),6,0.7338055392306976,0.7116544715437539,0.7338055392306976,0.7116544715437539,0.25372256720182096,0.3048028679930337
74,X_3,1,0.8186895007439886,0.7806847611183233,0.8186895007439886,0.7806847611183233,0.16739590230598278,0.23736893586337304
75,X_3,1,0.8186895007439886,0.7806847611183233,0.8186895007439886,0.7806847611183233,0.16739590230598278,0.23736893586337304
76,sin(X_3),2,0.6838896335537086,0.6506800337350728,0.6838896335537086,0.6506800337350728,0.3044868527691832,0.3643672436631247
77,X_3 - (sin((X_3)(sin(sqrt(X_3))))),6,0.7338055392306976,0.7116544715437539,0.7338055392306976,0.7116544715437539,0.25372256720182096,0.3048028679930337
78,X_3,1,0.8186895007439886,0.7806847611183233,0.8186895007439886,0.7806847611183233,0.16739590230598278,0.23736893586337304
79,sin(X_3),2,0.6838896335537086,0.6506800337350728,0.6838896335537086,0.6506800337350728,0.3044868527691832,0.3643672436631247
80,X_3 - (sin((X_3)(sin((X_34)(X_34))))),7,0.7035591510177484,0.6909871928091356,0.7035591510177484,0.6909871928091356,0.2844830285777884,0.32499220632674475
81,sin(X_3),2,0.6838896335537086,0.6506800337350728,0.6838896335537086,0.6506800337350728,0.3044868527691832,0.3643672436631247
82,0.0006353421147857752 + X_3,3,0.818689097084386,0.7806867891495989,0.818689097084386,0.7806867891495989,0.1673963128262581,0.2373669547312608
83,sin(X_3),2,0.6838896335537086,0.6506800337350728,0.6838896335537086,0.6506800337350728,0.3044868527691832,0.3643672436631247
84,sin(X_3),2,0.6838896335537086,0.6506800337350728,0.6838896335537086,0.6506800337350728,0.3044868527691832,0.3643672436631247
85,sin(X_3),2,0.6838896335537086,0.6506800337350728,0.6838896335537086,0.6506800337350728,0.3044868527691832,0.3643672436631247
86,sin(X_0 + X_3),4,0.6777273376228965,0.6424047499874335,0.6777273376228965,0.6424047499874335,0.31075388421215977,0.3724511576381512
87,sin(X_3),2,0.6838896335537086,0.6506800337350728,0.6838896335537086,0.6506800337350728,0.3044868527691832,0.3643672436631247
88,X_3,1,0.8186895007439886,0.7806847611183233,0.8186895007439886,0.7806847611183233,0.16739590230598278,0.23736893586337304
89,sin(X_3),2,0.6838896335537086,0.6506800337350728,0.6838896335537086,0.6506800337350728,0.3044868527691832,0.3643672436631247
90,X_3,1,0.8186895007439886,0.7806847611183233,0.8186895007439886,0.7806847611183233,0.16739590230598278,0.23736893586337304
91,X_3,1,0.8186895007439886,0.7806847611183233,0.8186895007439886,0.7806847611183233,0.16739590230598278,0.23736893586337304
92,X_3,1,0.8186895007439886,0.7806847611183233,0.8186895007439886,0.7806847611183233,0.16739590230598278,0.23736893586337304
93,X_3 - (sin((X_3)(sin(sqrt(X_3))))),6,0.7338055392306976,0.7116544715437539,0.7338055392306976,0.7116544715437539,0.25372256720182096,0.3048028679930337
94,X_3 + (X_1)(log(X_1)),5,0.7677250434004957,0.7921286361787685,0.7677250434004957,0.7921286361787685,0.2192265609163384,0.226189705718427
95,X_3 + ((-1)(3.051800393191512e-09))((3.051800393191512e-09 + ((2)(3.051800393191512e-09))(X_18))((X_31)^(-1))),14,0.8186895007439888,0.7806847611183233,0.8186895007439888,0.7806847611183233,0.16739590230598256,0.23736893586337304
96,(0.587294594597445)(X_3),3,0.6574781901030332,0.6150342000161753,0.6574781901030332,0.6150342000161753,0.3313471899581448,0.3991887509539015
97,X_3,1,0.8186895007439886,0.7806847611183233,0.8186895007439886,0.7806847611183233,0.16739590230598278,0.23736893586337304
98,sin(X_3),2,0.6838896335537086,0.6506800337350728,0.6838896335537086,0.6506800337350728,0.3044868527691832,0.3643672436631247
99,sin(X_3),2,0.6838896335537086,0.6506800337350728,0.6838896335537086,0.6506800337350728,0.3044868527691832,0.3643672436631247
100,X_3 + (0.3406811472494571)(X_4),5,0.697532770228515,0.6878326762519725,0.697532770228515,0.6878326762519725,0.29061183484050523,0.32807377322626985
101,X_3,1,0.8186895007439886,0.7806847611183233,0.8186895007439886,0.7806847611183233,0.16739590230598278,0.23736893586337304
102,X_3,1,0.8186895007439886,0.7806847611183233,0.8186895007439886,0.7806847611183233,0.16739590230598278,0.23736893586337304
103,X_3,1,0.8186895007439886,0.7806847611183233,0.8186895007439886,0.7806847611183233,0.16739590230598278,0.23736893586337304
104,X_3 + (0.5425725992127489)(sin((X_0)((X_41)(X_41)))),9,0.7322827748823222,0.7070008264113796,0.7322827748823222,0.7070008264113796,0.25527121273242503,0.3093488954245579
105,X_3,1,0.8186895007439886,0.7806847611183233,0.8186895007439886,0.7806847611183233,0.16739590230598278,0.23736893586337304
106,sin((X_3)((sin(sqrt(X_3)))(sqrt(X_3)))),6,0.6655351272763844,0.6194327528395863,0.6655351272763844,0.6194327528395863,0.3231533156024833,0.3948919167034496
107,sin(X_3 - (((0)^(1 + (sqrt(1))^(X_21)))(X_26))),12,0.6838896335537086,0.6506800337350728,0.6838896335537086,0.6506800337350728,0.3044868527691832,0.3643672436631247
108,X_3,1,0.8186895007439886,0.7806847611183233,0.8186895007439886,0.7806847611183233,0.16739590230598278,0.23736893586337304
109,sin(X_3),2,0.6838896335537086,0.6506800337350728,0.6838896335537086,0.6506800337350728,0.3044868527691832,0.3643672436631247
110,0.0006353421147891614 + X_3,3,0.8186890970843861,0.7806867891495989,0.8186890970843861,0.7806867891495989,0.167396312826258,0.2373669547312608
111,X_3,1,0.8186895007439886,0.7806847611183233,0.8186895007439886,0.7806847611183233,0.16739590230598278,0.23736893586337304
112,X_3 - (sin(X_3)),3,0.7826752805795778,0.7372714059123779,0.7826752805795778,0.7372714059123779,0.20402222676341553,0.2797783371062307
113,(0.31475726794139763)(X_1) + X_3,5,0.7200991695382606,0.6254494073060096,0.7200991695382606,0.6254494073060096,0.26766189286809794,0.38901440016053945
114,X_3 + (-0.4127054054025594)(X_3),4,0.6574781901030332,0.6150342000161756,0.6574781901030332,0.6150342000161756,0.3313471899581448,0.39918875095390116
115,((-1)((sin(sqrt(-8.040002857750295e-11)))(exp(-8.040002857750295e-11))))((sqrt(sin(sqrt(-8.040002857750295e-11))))^(X_34)) + X_3,13,0.8160430909145795,0.78080485902366,0.8160430909145795,0.78080485902366,0.1700872910023583,0.23725161527776772
116,X_3,1,0.8186895007439886,0.7806847611183233,0.8186895007439886,0.7806847611183233,0.16739590230598278,0.23736893586337304
117,X_3,1,0.8186895007439886,0.7806847611183233,0.8186895007439886,0.7806847611183233,0.16739590230598278,0.23736893586337304
118,X_3,1,0.8186895007439886,0.7806847611183233,0.8186895007439886,0.7806847611183233,0.16739590230598278,0.23736893586337304
119,X_3 - (sin((X_3)(sin(sqrt(X_3))))),6,0.7338055392306976,0.7116544715437539,0.7338055392306976,0.7116544715437539,0.25372256720182096,0.3048028679930337
120,sin(X_3),2,0.6838896335537086,0.6506800337350728,0.6838896335537086,0.6506800337350728,0.3044868527691832,0.3643672436631247
121,(0.5872945945974397)(X_3),3,0.6574781901030332,0.6150342000161756,0.6574781901030332,0.6150342000161756,0.3313471899581448,0.39918875095390116
122,X_3 + (0.10314272382733147)(X_6),5,0.8082354030496374,0.7852238269913794,0.8082354030496374,0.7852238269913794,0.1780276797626381,0.23293483799268278
123,X_3,1,0.8186895007439886,0.7806847611183233,0.8186895007439886,0.7806847611183233,0.16739590230598278,0.23736893586337304
124,0.0006353421147871074 + X_3,3,0.8186890970843861,0.7806867891495989,0.8186890970843861,0.7806867891495989,0.167396312826258,0.2373669547312608
125,sin(X_3),2,0.6838896335537086,0.6506800337350728,0.6838896335537086,0.6506800337350728,0.3044868527691832,0.3643672436631247
126,sin((X_3)(sqrt(X_3))),4,0.6734557563564229,0.6371564983290183,0.6734557563564229,0.6371564983290183,0.31509806605749546,0.377578041044176
127,X_3 - (sin(log(sqrt(1)))),6,0.8186895007439886,0.7806847611183233,0.8186895007439886,0.7806847611183233,0.16739590230598278,0.23736893586337304
128,sin(X_3),2,0.6838896335537086,0.6506800337350728,0.6838896335537086,0.6506800337350728,0.3044868527691832,0.3643672436631247
129,X_3,1,0.8186895007439886,0.7806847611183233,0.8186895007439886,0.7806847611183233,0.16739590230598278,0.23736893586337304
130,X_3,1,0.8186895007439886,0.7806847611183233,0.8186895007439886,0.7806847611183233,0.16739590230598278,0.23736893586337304
131,X_3 - (sin((X_3)(sin((X_34)(X_34))))),7,0.7035591510177484,0.6909871928091356,0.7035591510177484,0.6909871928091356,0.2844830285777884,0.32499220632674475
132,X_3,1,0.8186895007439886,0.7806847611183233,0.8186895007439886,0.7806847611183233,0.16739590230598278,0.23736893586337304
133,X_3,1,0.8186895007439886,0.7806847611183233,0.8186895007439886,0.7806847611183233,0.16739590230598278,0.23736893586337304
134,(0.5924811902002478)(X_3) + (-0.0015924741075945548)((X_32 - (sqrt(X_32)))^(-1)),11,0.6552069786007776,0.7044029525861893,0.6552069786007776,0.7044029525861893,0.3336570033877654,0.3118866922133149
135,X_3,1,0.8186895007439886,0.7806847611183233,0.8186895007439886,0.7806847611183233,0.16739590230598278,0.23736893586337304
136,X_3,1,0.8186895007439886,0.7806847611183233,0.8186895007439886,0.7806847611183233,0.16739590230598278,0.23736893586337304
137,X_3,1,0.8186895007439886,0.7806847611183233,0.8186895007439886,0.7806847611183233,0.16739590230598278,0.23736893586337304
138,X_3,1,0.8186895007439886,0.7806847611183233,0.8186895007439886,0.7806847611183233,0.16739590230598278,0.23736893586337304
139,X_3,1,0.8186895007439886,0.7806847611183233,0.8186895007439886,0.7806847611183233,0.16739590230598278,0.23736893586337304
140,sin(X_3),2,0.6838896335537086,0.6506800337350728,0.6838896335537086,0.6506800337350728,0.3044868527691832,0.3643672436631247
141,X_3 - (sin((X_3)(sin((X_34)(X_34))))),7,0.7035591510177484,0.6909871928091356,0.7035591510177484,0.6909871928091356,0.2844830285777884,0.32499220632674475
142,(X_3)((sin(sqrt(X_3)))(sqrt(X_36))),7,0.742762008772042,0.7160286819928532,0.742762008772042,0.7160286819928532,0.24461387186101313,0.3005298131882037
143,sin(X_3),2,0.6838896335537086,0.6506800337350728,0.6838896335537086,0.6506800337350728,0.3044868527691832,0.3643672436631247
144,X_3,1,0.8186895007439886,0.7806847611183233,0.8186895007439886,0.7806847611183233,0.16739590230598278,0.23736893586337304
145,X_3,1,0.8186895007439886,0.7806847611183233,0.8186895007439886,0.7806847611183233,0.16739590230598278,0.23736893586337304
146,X_3,1,0.8186895007439886,0.7806847611183233,0.8186895007439886,0.7806847611183233,0.16739590230598278,0.23736893586337304
147,X_3,1,0.8186895007439886,0.7806847611183233,0.8186895007439886,0.7806847611183233,0.16739590230598278,0.23736893586337304
148,X_3 - (sin(sin(X_3))),4,0.7332273058018749,0.6758735909066075,0.7332273058018749,0.6758735909066075,0.25431062839208163,0.3397562991794749
149,X_3 - (sin((X_3)(sin(sqrt(X_3))))),6,0.7338055392306976,0.7116544715437539,0.7338055392306976,0.7116544715437539,0.25372256720182096,0.3048028679930337
150,X_3,1,0.8186895007439886,0.7806847611183233,0.8186895007439886,0.7806847611183233,0.16739590230598278,0.23736893586337304
151,X_3 - (sin((X_3)(sin(sqrt(X_3))))),6,0.7338055392306976,0.7116544715437539,0.7338055392306976,0.7116544715437539,0.25372256720182096,0.3048028679930337
152,X_3,1,0.8186895007439886,0.7806847611183233,0.8186895007439886,0.7806847611183233,0.16739590230598278,0.23736893586337304
153,X_3,1,0.8186895007439886,0.7806847611183233,0.8186895007439886,0.7806847611183233,0.16739590230598278,0.23736893586337304
154,X_3 - ((0)^(sqrt(X_3))),5,0.8186895007439886,0.7806847611183233,0.8186895007439886,0.7806847611183233,0.16739590230598278,0.23736893586337304
155,sin(X_3),2,0.6838896335537086,0.6506800337350728,0.6838896335537086,0.6506800337350728,0.3044868527691832,0.3643672436631247
156,(0.5872945945974412)(X_3),3,0.6574781901030332,0.6150342000161755,0.6574781901030332,0.6150342000161755,0.3313471899581448,0.3991887509539013
157,-0.009220096587872024 + sin((X_3)((sqrt(X_3))^(sqrt(X_3)))),7,0.6729787997197468,0.6510000750255004,0.6729787997197468,0.6510000750255004,0.3155831291366701,0.36405460347589114
158,X_3 - (((sin(0.40318662409092704 + X_9))(log(sin(0.40318662409092704 + X_9))))((log(0.40318662409092704 + X_9 - (log(0.40318662409092704 + X_9))))(sqrt(X_39)))),15,0.8124984877086386,0.7980360444419798,0.8124984877086386,0.7980360444419798,0.17369213893467428,0.22041890900963923
159,X_3,1,0.8186895007439886,0.7806847611183233,0.8186895007439886,0.7806847611183233,0.16739590230598278,0.23736893586337304
160,X_3,1,0.8186895007439886,0.7806847611183233,0.8186895007439886,0.7806847611183233,0.16739590230598278,0.23736893586337304
161,sin(X_3),2,0.6838896335537086,0.6506800337350728,0.6838896335537086,0.6506800337350728,0.3044868527691832,0.3643672436631247
162,-0.010141918323708128 + (0.5870149676768179)(X_3),5,0.6573754056028088,0.6155659549073768,0.6573754056028088,0.6155659549073768,0.3314517214025916,0.39866929314105026
163,X_3,1,0.8186895007439886,0.7806847611183233,0.8186895007439886,0.7806847611183233,0.16739590230598278,0.23736893586337304
164,((exp(1))^(-1))(-0.04311325629750451 + X_3),8,0.7027934247361722,0.6810243501563303,0.7027934247361722,0.6810243501563303,0.28526176928372504,0.3347246536249995
165,sin(X_3),2,0.6838896335537086,0.6506800337350728,0.6838896335537086,0.6506800337350728,0.3044868527691832,0.3643672436631247
166,sin(X_3),2,0.6838896335537086,0.6506800337350728,0.6838896335537086,0.6506800337350728,0.3044868527691832,0.3643672436631247
167,0.0006353421147890503 + X_3,3,0.8186890970843861,0.7806867891495987,0.8186890970843861,0.7806867891495987,0.167396312826258,0.2373669547312609
168,X_3 - (sin((X_3)(sin((X_34)(X_34))))),7,0.7035591510177484,0.6909871928091356,0.7035591510177484,0.6909871928091356,0.2844830285777884,0.32499220632674475
169,X_3 - ((X_5)(((136467875.3634777 + X_11 - (X_5))^(-1))((X_22)^(-1)))),13,0.8186895157351264,0.7806847700782914,0.8186895157351264,0.7806847700782914,0.16739588706005293,0.23736892711060842
170,sin(X_3),2,0.6838896335537086,0.6506800337350728,0.6838896335537086,0.6506800337350728,0.3044868527691832,0.3643672436631247
171,sin(X_3),2,0.6838896335537086,0.6506800337350728,0.6838896335537086,0.6506800337350728,0.3044868527691832,0.3643672436631247
172,X_3 + ((-1)(sqrt(0)))(X_22),8,0.8186895007439886,0.7806847611183233,0.8186895007439886,0.7806847611183233,0.16739590230598278,0.23736893586337304
173,sin(X_3),2,0.6838896335537086,0.6506800337350728,0.6838896335537086,0.6506800337350728,0.3044868527691832,0.3643672436631247
174,X_3,1,0.8186895007439886,0.7806847611183233,0.8186895007439886,0.7806847611183233,0.16739590230598278,0.23736893586337304
175,X_3,1,0.8186895007439886,0.7806847611183233,0.8186895007439886,0.7806847611183233,0.16739590230598278,0.23736893586337304
176,X_3,1,0.8186895007439886,0.7806847611183233,0.8186895007439886,0.7806847611183233,0.16739590230598278,0.23736893586337304
177,X_3,1,0.8186895007439886,0.7806847611183233,0.8186895007439886,0.7806847611183233,0.16739590230598278,0.23736893586337304
178,sin(X_3),2,0.6838896335537086,0.6506800337350728,0.6838896335537086,0.6506800337350728,0.3044868527691832,0.3643672436631247
179,X_3 - (sin((X_3)(sin((sqrt(X_3))(sqrt(X_41)))))),9,0.7074962145280564,0.700758876795467,0.7074962145280564,0.700758876795467,0.28047905001377216,0.3154464970621915
180,(1.4707599486151306)(X_3) - ((X_3)(sin(sqrt(X_3)))),7,0.6588302809139768,0.6362687278697637,0.6588302809139768,0.6362687278697637,0.3299721187637261,0.37844528140004075
181,X_3,1,0.8186895007439886,0.7806847611183233,0.8186895007439886,0.7806847611183233,0.16739590230598278,0.23736893586337304
182,X_3 + (-0.00014793725928630153)(exp(exp(X_22))),7,0.81859690855243,0.780801255784605,0.81859690855243,0.780801255784605,0.167490068211416,0.23725513519024932
183,sin((X_3)((sqrt(X_3))^(2 + log(sqrt(X_3)) - (sqrt(X_3))))),9,0.6722274643948135,0.6407821876896742,0.6722274643948135,0.6407821876896742,0.31634723429462464,0.37403619743064764
184,X_3,1,0.8186895007439886,0.7806847611183233,0.8186895007439886,0.7806847611183233,0.16739590230598278,0.23736893586337304
185,X_3 + (-0.16238490778473505)(X_9),5,0.7920795585769003,0.7950347608896063,0.7920795585769003,0.7950347608896063,0.19445811193195772,0.2233507864886406
186,X_3 - (sin((X_3)(sin(sqrt(X_3))))),6,0.7338055392306976,0.7116544715437539,0.7338055392306976,0.7116544715437539,0.25372256720182096,0.3048028679930337
187,X_3,1,0.8186895007439886,0.7806847611183233,0.8186895007439886,0.7806847611183233,0.16739590230598278,0.23736893586337304
188,X_3,1,0.8186895007439886,0.7806847611183233,0.8186895007439886,0.7806847611183233,0.16739590230598278,0.23736893586337304
189,(X_3)(sin(sqrt(X_3))),4,0.7529907887047805,0.6987778681476593,0.7529907887047805,0.6987778681476593,0.23421124170798324,0.3173816939667362
190,(0.5872945945974406)(X_3),3,0.6574781901030332,0.6150342000161756,0.6574781901030332,0.6150342000161756,0.3313471899581448,0.39918875095390116
191,(X_3)(sin(sqrt(X_3))),4,0.7529907887047805,0.6987778681476593,0.7529907887047805,0.6987778681476593,0.23421124170798324,0.3173816939667362
192,(0.5872945945974433)(X_3),3,0.6574781901030332,0.6150342000161755,0.6574781901030332,0.6150342000161755,0.3313471899581448,0.3991887509539014
193,X_3,1,0.8186895007439886,0.7806847611183233,0.8186895007439886,0.7806847611183233,0.16739590230598278,0.23736893586337304
194,X_3 - (exp((X_44)(sqrt(X_42)) - ((X_42)(X_42) + X_44 + exp(X_42) + exp((X_42)(X_42))))),14,0.8120191810241824,0.7752836284392032,0.8120191810241824,0.7752836284392032,0.17417959200347233,0.24264516484563203
195,sin(X_3),2,0.6838896335537086,0.6506800337350728,0.6838896335537086,0.6506800337350728,0.3044868527691832,0.3643672436631247
196,sin(X_3),2,0.6838896335537086,0.6506800337350728,0.6838896335537086,0.6506800337350728,0.3044868527691832,0.3643672436631247
197,X_3 + (-0.5063338768191574)((sin(X_3))(sqrt(X_3))),7,0.6586248871762745,0.6194145126671494,0.6586248871762745,0.6194145126671494,0.3301810034110756,0.39490973506344373
198,X_3,1,0.8186895007439886,0.7806847611183233,0.8186895007439886,0.7806847611183233,0.16739590230598278,0.23736893586337304
199,sin(X_3),2,0.6838896335537086,0.6506800337350728,0.6838896335537086,0.6506800337350728,0.3044868527691832,0.3643672436631247
200,X_3,1,0.8186895007439886,0.7806847611183233,0.8186895007439886,0.7806847611183233,0.16739590230598278,0.23736893586337304
201,X_3,1,0.8186895007439886,0.7806847611183233,0.8186895007439886,0.7806847611183233,0.16739590230598278,0.23736893586337304
202,(0.5872945945974412)(X_3),3,0.6574781901030332,0.6150342000161755,0.6574781901030332,0.6150342000161755,0.3313471899581448,0.3991887509539013
203,X_3,1,0.8186895007439886,0.7806847611183233,0.8186895007439886,0.7806847611183233,0.16739590230598278,0.23736893586337304
204,X_3,1,0.8186895007439886,0.7806847611183233,0.8186895007439886,0.7806847611183233,0.16739590230598278,0.23736893586337304
205,X_3,1,0.8186895007439886,0.7806847611183233,0.8186895007439886,0.7806847611183233,0.16739590230598278,0.23736893586337304
206,(sqrt(0))(sqrt(0)) + X_3,5,0.8186895007439886,0.7806847611183233,0.8186895007439886,0.7806847611183233,0.16739590230598278,0.23736893586337304
207,X_3,1,0.8186895007439886,0.7806847611183233,0.8186895007439886,0.7806847611183233,0.16739590230598278,0.23736893586337304
208,X_3 - (sqrt(0)),4,0.8186895007439886,0.7806847611183233,0.8186895007439886,0.7806847611183233,0.16739590230598278,0.23736893586337304
209,X_3 - (sin((X_3)(sin(sqrt(X_3))))),6,0.7338055392306976,0.7116544715437539,0.7338055392306976,0.7116544715437539,0.25372256720182096,0.3048028679930337
210,X_3,1,0.8186895007439886,0.7806847611183233,0.8186895007439886,0.7806847611183233,0.16739590230598278,0.23736893586337304
211,(0.5872945945974495)(X_3),3,0.6574781901030332,0.6150342000161751,0.6574781901030332,0.6150342000161751,0.3313471899581448,0.3991887509539016
212,X_3,1,0.8186895007439886,0.7806847611183233,0.8186895007439886,0.7806847611183233,0.16739590230598278,0.23736893586337304
213,-0.010141918323708114 + (0.5870149676768178)(X_3),5,0.6573754056028089,0.6155659549073768,0.6573754056028089,0.6155659549073768,0.3314517214025915,0.39866929314105026
214,X_3,1,0.8186895007439886,0.7806847611183233,0.8186895007439886,0.7806847611183233,0.16739590230598278,0.23736893586337304
215,X_3,1,0.8186895007439886,0.7806847611183233,0.8186895007439886,0.7806847611183233,0.16739590230598278,0.23736893586337304
216,X_3,1,0.8186895007439886,0.7806847611183233,0.8186895007439886,0.7806847611183233,0.16739590230598278,0.23736893586337304
217,sin(X_3),2,0.6838896335537086,0.6506800337350728,0.6838896335537086,0.6506800337350728,0.3044868527691832,0.3643672436631247
218,sin(X_3),2,0.6838896335537086,0.6506800337350728,0.6838896335537086,0.6506800337350728,0.3044868527691832,0.3643672436631247
219,X_3,1,0.8186895007439886,0.7806847611183233,0.8186895007439886,0.7806847611183233,0.16739590230598278,0.23736893586337304
220,X_3 - (sqrt(sqrt(0))),5,0.8186895007439886,0.7806847611183233,0.8186895007439886,0.7806847611183233,0.16739590230598278,0.23736893586337304
221,sin(X_3),2,0.6838896335537086,0.6506800337350728,0.6838896335537086,0.6506800337350728,0.3044868527691832,0.3643672436631247
222,X_3 - (sin((X_3)((sin(sqrt(X_3)))^(exp(X_47))))),9,0.7257496682711022,0.7096200663227469,0.7257496682711022,0.7096200663227469,0.2619153572221621,0.3067902266502709
223,0.0006353421147890642 + X_3,3,0.8186890970843861,0.7806867891495989,0.8186890970843861,0.7806867891495989,0.167396312826258,0.2373669547312608
224,sin(X_3),2,0.6838896335537086,0.6506800337350728,0.6838896335537086,0.6506800337350728,0.3044868527691832,0.3643672436631247
225,0.0006353421147877736 + X_3,3,0.8186890970843861,0.780686789149599,0.8186890970843861,0.780686789149599,0.167396312826258,0.23736695473126057
226,X_3,1,0.8186895007439886,0.7806847611183233,0.8186895007439886,0.7806847611183233,0.16739590230598278,0.23736893586337304
227,X_3,1,0.8186895007439886,0.7806847611183233,0.8186895007439886,0.7806847611183233,0.16739590230598278,0.23736893586337304
228,sin(X_3),2,0.6838896335537086,0.6506800337350728,0.6838896335537086,0.6506800337350728,0.3044868527691832,0.3643672436631247
229,X_3,1,0.8186895007439886,0.7806847611183233,0.8186895007439886,0.7806847611183233,0.16739590230598278,0.23736893586337304
230,sin(sqrt(X_3)) + (X_3)(sin(sqrt(X_3))) - (sqrt(X_3)),6,0.78731053041178,0.7329648530537374,0.78731053041178,0.7329648530537374,0.19930819537469024,0.28398529893374347
231,X_3,1,0.8186895007439886,0.7806847611183233,0.8186895007439886,0.7806847611183233,0.16739590230598278,0.23736893586337304
232,sin(X_3),2,0.6838896335537086,0.6506800337350728,0.6838896335537086,0.6506800337350728,0.3044868527691832,0.3643672436631247
233,X_3 - ((X_3)(sin((X_22)(X_22)))),6,0.7462604180519322,0.7486010177945858,0.7462604180519322,0.7486010177945858,0.2410560029751897,0.2687107277505595
234,X_3 - (exp(log((0)^(sqrt((sqrt(X_10))^(1 - (sqrt(X_10)))))))),12,0.8186895007439886,0.7806847611183233,0.8186895007439886,0.7806847611183233,0.16739590230598278,0.23736893586337304
235,sin(X_3),2,0.6838896335537086,0.6506800337350728,0.6838896335537086,0.6506800337350728,0.3044868527691832,0.3643672436631247
236,sin(X_3),2,0.6838896335537086,0.6506800337350728,0.6838896335537086,0.6506800337350728,0.3044868527691832,0.3643672436631247
237,X_3,1,0.8186895007439886,0.7806847611183233,0.8186895007439886,0.7806847611183233,0.16739590230598278,0.23736893586337304
238,sin(X_3),2,0.6838896335537086,0.6506800337350728,0.6838896335537086,0.6506800337350728,0.3044868527691832,0.3643672436631247
239,sin(X_3),2,0.6838896335537086,0.6506800337350728,0.6838896335537086,0.6506800337350728,0.3044868527691832,0.3643672436631247
240,sin(X_3),2,0.6838896335537086,0.6506800337350728,0.6838896335537086,0.6506800337350728,0.3044868527691832,0.3643672436631247
241,sin(X_3),2,0.6838896335537086,0.6506800337350728,0.6838896335537086,0.6506800337350728,0.3044868527691832,0.3643672436631247
242,X_3,1,0.8186895007439886,0.7806847611183233,0.8186895007439886,0.7806847611183233,0.16739590230598278,0.23736893586337304
243,X_3,1,0.8186895007439886,0.7806847611183233,0.8186895007439886,0.7806847611183233,0.16739590230598278,0.23736893586337304
244,X_3 + X_4 - (sin(X_4)),5,0.725674931235976,0.6966529244986337,0.725674931235976,0.6966529244986337,0.2619913645016483,0.3194574973088756
245,sin(X_3),2,0.6838896335537086,0.6506800337350728,0.6838896335537086,0.6506800337350728,0.3044868527691832,0.3643672436631247
246,X_3,1,0.8186895007439886,0.7806847611183233,0.8186895007439886,0.7806847611183233,0.16739590230598278,0.23736893586337304
247,sin(X_3),2,0.6838896335537086,0.6506800337350728,0.6838896335537086,0.6506800337350728,0.3044868527691832,0.3643672436631247
248,sin(sin(X_3)),3,0.6664624781126078,0.6416985954238905,0.6664624781126078,0.6416985954238905,0.3222102033413172,0.3731409820500794
249,X_3 - (sin((X_3)(sin((X_3)(X_3))))),6,0.7327229156148181,0.6916980354997232,0.7327229156148181,0.6916980354997232,0.25482359128729226,0.32429780220288307
250,X_3,1,0.8186895007439886,0.7806847611183233,0.8186895007439886,0.7806847611183233,0.16739590230598278,0.23736893586337304
251,X_3,1,0.8186895007439886,0.7806847611183233,0.8186895007439886,0.7806847611183233,0.16739590230598278,0.23736893586337304
252,X_3 - (sin((X_3)(sin((X_3)(X_3))))),6,0.7327229156148181,0.6916980354997232,0.7327229156148181,0.6916980354997232,0.25482359128729226,0.32429780220288307
253,X_3,1,0.8186895007439886,0.7806847611183233,0.8186895007439886,0.7806847611183233,0.16739590230598278,0.23736893586337304
254,X_3 - (sin((0.4936244185566272)((X_3)(sin(sqrt(X_3)))))),8,0.6568901655410588,0.6213386983582874,0.6568901655410588,0.6213386983582874,0.33194520869345245,0.39303004705835587
255,X_3,1,0.8186895007439886,0.7806847611183233,0.8186895007439886,0.7806847611183233,0.16739590230598278,0.23736893586337304
256,X_3,1,0.8186895007439886,0.7806847611183233,0.8186895007439886,0.7806847611183233,0.16739590230598278,0.23736893586337304
257,sin((X_3)(sin(sqrt(X_3)))),5,0.6652461177848443,0.618580151224678,0.6652461177848443,0.618580151224678,0.3234472371523628,0.3957248015107957
258,(sin(1))(X_3),4,0.7186266621904323,0.6726648004574756,0.7186266621904323,0.6726648004574756,0.26915942722095354,0.34289088486205876
259,(X_3)(sin(sin(sqrt(X_30)))),6,0.6717145439602882,0.6434797574373067,0.6717145439602882,0.6434797574373067,0.3168688724189547,0.3714010102338683
260,sin(X_3),2,0.6838896335537086,0.6506800337350728,0.6838896335537086,0.6506800337350728,0.3044868527691832,0.3643672436631247
261,X_3 + (-0.41270540540255873)(X_3),4,0.6574781901030332,0.6150342000161756,0.6574781901030332,0.6150342000161756,0.3313471899581448,0.39918875095390116
262,X_3,1,0.8186895007439886,0.7806847611183233,0.8186895007439886,0.7806847611183233,0.16739590230598278,0.23736893586337304
263,sin(X_3),2,0.6838896335537086,0.6506800337350728,0.6838896335537086,0.6506800337350728,0.3044868527691832,0.3643672436631247
264,(0.5872945945974397)(X_3),3,0.6574781901030332,0.6150342000161756,0.6574781901030332,0.6150342000161756,0.3313471899581448,0.39918875095390116
265,(0.587294594597437)(X_3),3,0.6574781901030332,0.6150342000161758,0.6574781901030332,0.6150342000161758,0.3313471899581448,0.39918875095390105
266,X_3,1,0.8186895007439886,0.7806847611183233,0.8186895007439886,0.7806847611183233,0.16739590230598278,0.23736893586337304
267,X_3 - (sin(X_3)),3,0.7826752805795778,0.7372714059123779,0.7826752805795778,0.7372714059123779,0.20402222676341553,0.2797783371062307
268,X_3 - (sin((X_3)(sin((X_34)(X_34))))),7,0.7035591510177484,0.6909871928091356,0.7035591510177484,0.6909871928091356,0.2844830285777884,0.32499220632674475
269,X_3,1,0.8186895007439886,0.7806847611183233,0.8186895007439886,0.7806847611183233,0.16739590230598278,0.23736893586337304
270,X_3,1,0.8186895007439886,0.7806847611183233,0.8186895007439886,0.7806847611183233,0.16739590230598278,0.23736893586337304
271,sin(X_3),2,0.6838896335537086,0.6506800337350728,0.6838896335537086,0.6506800337350728,0.3044868527691832,0.3643672436631247
272,sin(X_3),2,0.6838896335537086,0.6506800337350728,0.6838896335537086,0.6506800337350728,0.3044868527691832,0.3643672436631247
273,sin(X_3),2,0.6838896335537086,0.6506800337350728,0.6838896335537086,0.6506800337350728,0.3044868527691832,0.3643672436631247
274,X_3,1,0.8186895007439886,0.7806847611183233,0.8186895007439886,0.7806847611183233,0.16739590230598278,0.23736893586337304
275,X_3 + (0.14304597700708754)((2)(X_1) + X_11),9,0.7115488402427663,0.6711383112772696,0.7115488402427663,0.6711383112772696,0.2763575451289273,0.34438207327237935
276,X_3 + sqrt(sqrt(X_1)) - (sqrt(X_1)),6,0.7819602077487026,0.7633103015288567,0.7819602077487026,0.7633103015288567,0.20474945310331027,0.2543416030210268
277,X_3,1,0.8186895007439886,0.7806847611183233,0.8186895007439886,0.7806847611183233,0.16739590230598278,0.23736893586337304
278,sin(X_3),2,0.6838896335537086,0.6506800337350728,0.6838896335537086,0.6506800337350728,0.3044868527691832,0.3643672436631247
279,(0.5872945945974409)(X_3),3,0.6574781901030331,0.6150342000161756,0.6574781901030331,0.6150342000161756,0.33134718995814494,0.39918875095390116
280,X_3,1,0.8186895007439886,0.7806847611183233,0.8186895007439886,0.7806847611183233,0.16739590230598278,0.23736893586337304
281,sin(X_3),2,0.6838896335537086,0.6506800337350728,0.6838896335537086,0.6506800337350728,0.3044868527691832,0.3643672436631247
282,sin(X_3),2,0.6838896335537086,0.6506800337350728,0.6838896335537086,0.6506800337350728,0.3044868527691832,0.3643672436631247
283,X_3,1,0.8186895007439886,0.7806847611183233,0.8186895007439886,0.7806847611183233,0.16739590230598278,0.23736893586337304
284,X_3,1,0.8186895007439886,0.7806847611183233,0.8186895007439886,0.7806847611183233,0.16739590230598278,0.23736893586337304
285,X_3,1,0.8186895007439886,0.7806847611183233,0.8186895007439886,0.7806847611183233,0.16739590230598278,0.23736893586337304
286,X_3,1,0.8186895007439886,0.7806847611183233,0.8186895007439886,0.7806847611183233,0.16739590230598278,0.23736893586337304
287,(-2.7962146018707736)((-2.7962146018707736)^(-2.7962146018707736) + ((-2.7962146018707736)(-2.7962146018707736))(X_1)) + ((-1)(-2.7962146018707736))((-2.7962146018707736)^(-2.7962146018707736) + ((-2.7962146018707736)(-2.7962146018707736))(X_1)) + X_3,13,inf,inf,inf,inf,-inf,-inf
288,X_3,1,0.8186895007439886,0.7806847611183233,0.8186895007439886,0.7806847611183233,0.16739590230598278,0.23736893586337304
289,X_3,1,0.8186895007439886,0.7806847611183233,0.8186895007439886,0.7806847611183233,0.16739590230598278,0.23736893586337304
290,X_3,1,0.8186895007439886,0.7806847611183233,0.8186895007439886,0.7806847611183233,0.16739590230598278,0.23736893586337304
291,0.0006353421147879956 + X_3,3,0.8186890970843861,0.7806867891495989,0.8186890970843861,0.7806867891495989,0.167396312826258,0.2373669547312608
292,sin(X_3),2,0.6838896335537086,0.6506800337350728,0.6838896335537086,0.6506800337350728,0.3044868527691832,0.3643672436631247
293,X_3,1,0.8186895007439886,0.7806847611183233,0.8186895007439886,0.7806847611183233,0.16739590230598278,0.23736893586337304
294,X_3,1,0.8186895007439886,0.7806847611183233,0.8186895007439886,0.7806847611183233,0.16739590230598278,0.23736893586337304
295,X_3 + exp((exp(exp(sin(exp(-25.34783888399272)))))(exp(exp(sin(exp(-25.34783888399272)))) - (exp(-25.34783888399272)) - (X_20))),12,1179235252.002406,1517503662.7843702,1179235252.002406,1517503662.7843702,-1199277749.685933,-1482410686.1545167
296,sin(X_3),2,0.6838896335537086,0.6506800337350728,0.6838896335537086,0.6506800337350728,0.3044868527691832,0.3643672436631247
297,(sin(sin(sqrt(X_3))))(sin((X_3)(sin(sqrt(X_3))))),7,0.6618599638329368,0.6167535303007984,0.6618599638329368,0.6167535303007984,0.3268909427980551,0.3975091809790936
298,X_3 + (4.038009814552122)(X_24) + ((-1)(4.038009814552122))(X_24),9,0.8186895007439886,0.7806847611183233,0.8186895007439886,0.7806847611183233,0.16739590230598278,0.23736893586337304
299,X_3,1,0.8186895007439886,0.7806847611183233,0.8186895007439886,0.7806847611183233,0.16739590230598278,0.23736893586337304
300,X_3,1,0.8186895007439886,0.7806847611183233,0.8186895007439886,0.7806847611183233,0.16739590230598278,0.23736893586337304
301,X_3 - (sin(X_3)),3,0.7826752805795778,0.7372714059123779,0.7826752805795778,0.7372714059123779,0.20402222676341553,0.2797783371062307
302,sin(X_3),2,0.6838896335537086,0.6506800337350728,0.6838896335537086,0.6506800337350728,0.3044868527691832,0.3643672436631247
303,X_3,1,0.8186895007439886,0.7806847611183233,0.8186895007439886,0.7806847611183233,0.16739590230598278,0.23736893586337304
304,(0.5872945945974442)(X_3),3,0.6574781901030331,0.6150342000161754,0.6574781901030331,0.6150342000161754,0.33134718995814494,0.3991887509539014
305,X_3,1,0.8186895007439886,0.7806847611183233,0.8186895007439886,0.7806847611183233,0.16739590230598278,0.23736893586337304
306,X_3,1,0.8186895007439886,0.7806847611183233,0.8186895007439886,0.7806847611183233,0.16739590230598278,0.23736893586337304
307,sin(((X_3)((sin(sqrt(X_3)))^(1 + sqrt(X_3))))(((sqrt((sin(sqrt(X_3)))^(sqrt(X_3))))^(-1))((sqrt(sqrt(X_3)))^(-1)))),16,0.6598056645732812,0.6164422461499242,0.6598056645732812,0.6164422461499242,0.328980157304806,0.3978132665396853
308,X_3,1,0.8186895007439886,0.7806847611183233,0.8186895007439886,0.7806847611183233,0.16739590230598278,0.23736893586337304
309,X_3,1,0.8186895007439886,0.7806847611183233,0.8186895007439886,0.7806847611183233,0.16739590230598278,0.23736893586337304
310,(X_3 - (sqrt((0.028879528933471517)(X_5))))(sqrt(sin(sqrt((0.028879528933471517)(X_5))) + sqrt((0.028879528933471517)(X_5)))),10,0.6668103156483022,0.6338965265212313,0.6668103156483022,0.6338965265212313,0.3218564538950526,0.3807626244927713
311,(0.31475726794139763)(X_1) + X_3,5,0.7200991695382606,0.6254494073060096,0.7200991695382606,0.6254494073060096,0.26766189286809794,0.38901440016053945
312,X_3,1,0.8186895007439886,0.7806847611183233,0.8186895007439886,0.7806847611183233,0.16739590230598278,0.23736893586337304
313,sin(X_3),2,0.6838896335537086,0.6506800337350728,0.6838896335537086,0.6506800337350728,0.3044868527691832,0.3643672436631247
314,X_3 - (sin((X_3)(sin((sqrt(X_3))^(X_3))))),7,0.7355435011302016,0.698628750035391,0.7355435011302016,0.698628750035391,0.25195506658302946,0.3175273636535356
315,sin(X_3),2,0.6838896335537086,0.6506800337350728,0.6838896335537086,0.6506800337350728,0.3044868527691832,0.3643672436631247
316,sin(X_3),2,0.6838896335537086,0.6506800337350728,0.6838896335537086,0.6506800337350728,0.3044868527691832,0.3643672436631247
317,sin(X_3),2,0.6838896335537086,0.6506800337350728,0.6838896335537086,0.6506800337350728,0.3044868527691832,0.3643672436631247
318,X_3,1,0.8186895007439886,0.7806847611183233,0.8186895007439886,0.7806847611183233,0.16739590230598278,0.23736893586337304
319,X_3,1,0.8186895007439886,0.7806847611183233,0.8186895007439886,0.7806847611183233,0.16739590230598278,0.23736893586337304
320,X_3,1,0.8186895007439886,0.7806847611183233,0.8186895007439886,0.7806847611183233,0.16739590230598278,0.23736893586337304
321,X_3,1,0.8186895007439886,0.7806847611183233,0.8186895007439886,0.7806847611183233,0.16739590230598278,0.23736893586337304
322,(0.5872945945974504)(X_3),3,0.6574781901030331,0.615034200016175,0.6574781901030331,0.615034200016175,0.33134718995814494,0.3991887509539017
323,X_3,1,0.8186895007439886,0.7806847611183233,0.8186895007439886,0.7806847611183233,0.16739590230598278,0.23736893586337304
324,X_3 - ((0)^((X_23)(X_23))),6,0.8186895007439886,0.7806847611183233,0.8186895007439886,0.7806847611183233,0.16739590230598278,0.23736893586337304
325,sin(X_3),2,0.6838896335537086,0.6506800337350728,0.6838896335537086,0.6506800337350728,0.3044868527691832,0.3643672436631247
326,X_3,1,0.8186895007439886,0.7806847611183233,0.8186895007439886,0.7806847611183233,0.16739590230598278,0.23736893586337304
327,sin(X_3),2,0.6838896335537086,0.6506800337350728,0.6838896335537086,0.6506800337350728,0.3044868527691832,0.3643672436631247
328,sin(X_3),2,0.6838896335537086,0.6506800337350728,0.6838896335537086,0.6506800337350728,0.3044868527691832,0.3643672436631247
329,X_3 - ((0)^(sqrt(X_15))),6,0.8186895007439886,0.7806847611183233,0.8186895007439886,0.7806847611183233,0.16739590230598278,0.23736893586337304
330,X_3,1,0.8186895007439886,0.7806847611183233,0.8186895007439886,0.7806847611183233,0.16739590230598278,0.23736893586337304
331,X_3 - (sin((X_3)(sin(sqrt(X_3))))),6,0.7338055392306976,0.7116544715437539,0.7338055392306976,0.7116544715437539,0.25372256720182096,0.3048028679930337
332,X_3,1,0.8186895007439886,0.7806847611183233,0.8186895007439886,0.7806847611183233,0.16739590230598278,0.23736893586337304
333,(sin(X_3))(sqrt(X_3)),4,0.7059929370047284,0.6520196490833119,0.7059929370047284,0.6520196490833119,0.2820078775176754,0.3630586075407827
334,(0.41066305520010976)(X_0) + (0.6101488642919779)(X_3),7,0.4860756461291792,0.4928978745225768,0.4860756461291792,0.4928978745225768,0.5056629230145977,0.5185006173050408
335,sin(X_3),2,0.6838896335537086,0.6506800337350728,0.6838896335537086,0.6506800337350728,0.3044868527691832,0.3643672436631247
336,sin(X_3),2,0.6838896335537086,0.6506800337350728,0.6838896335537086,0.6506800337350728,0.3044868527691832,0.3643672436631247
337,X_3,1,0.8186895007439886,0.7806847611183233,0.8186895007439886,0.7806847611183233,0.16739590230598278,0.23736893586337304
338,X_3 - (sin((X_3)(sin(sqrt(X_3))))),6,0.7338055392306976,0.7116544715437539,0.7338055392306976,0.7116544715437539,0.25372256720182096,0.3048028679930337
339,sin(X_3),2,0.6838896335537086,0.6506800337350728,0.6838896335537086,0.6506800337350728,0.3044868527691832,0.3643672436631247
340,X_3,1,0.8186895007439886,0.7806847611183233,0.8186895007439886,0.7806847611183233,0.16739590230598278,0.23736893586337304
341,(0.5872945945974408)(X_3),3,0.6574781901030332,0.6150342000161756,0.6574781901030332,0.6150342000161756,0.3313471899581448,0.39918875095390116
342,X_3 - ((log(0))^(log(0))),5,0.8186895007439886,0.7806847611183233,0.8186895007439886,0.7806847611183233,0.16739590230598278,0.23736893586337304
343,sin(X_3),2,0.6838896335537086,0.6506800337350728,0.6838896335537086,0.6506800337350728,0.3044868527691832,0.3643672436631247
344,sin(X_3),2,0.6838896335537086,0.6506800337350728,0.6838896335537086,0.6506800337350728,0.3044868527691832,0.3643672436631247
345,X_3 + (-0.0007148517958812661)((((X_2)^(-1))(X_14))(((X_22)^(-1))(log(X_34)))),15,0.8159033798237311,0.7824240855871583,0.8159033798237311,0.7824240855871583,0.170229376648538,0.23566983407913122
346,sin(X_3),2,0.6838896335537086,0.6506800337350728,0.6838896335537086,0.6506800337350728,0.3044868527691832,0.3643672436631247
347,sin(X_3),2,0.6838896335537086,0.6506800337350728,0.6838896335537086,0.6506800337350728,0.3044868527691832,0.3643672436631247
348,X_3 + (0.12110191515816437)(X_11),5,0.8038494921724393,0.8166283868887443,0.8038494921724393,0.8166283868887443,0.18248813438573697,0.2022565231003035
349,sin(X_3),2,0.6838896335537086,0.6506800337350728,0.6838896335537086,0.6506800337350728,0.3044868527691832,0.3643672436631247
350,X_3,1,0.8186895007439886,0.7806847611183233,0.8186895007439886,0.7806847611183233,0.16739590230598278,0.23736893586337304
351,X_3,1,0.8186895007439886,0.7806847611183233,0.8186895007439886,0.7806847611183233,0.16739590230598278,0.23736893586337304
352,X_3,1,0.8186895007439886,0.7806847611183233,0.8186895007439886,0.7806847611183233,0.16739590230598278,0.23736893586337304
353,X_3 - (sin(sin(X_3))),4,0.7332273058018749,0.6758735909066075,0.7332273058018749,0.6758735909066075,0.25431062839208163,0.3397562991794749
354,X_3,1,0.8186895007439886,0.7806847611183233,0.8186895007439886,0.7806847611183233,0.16739590230598278,0.23736893586337304
355,X_3 + ((-1)(-0.002414107863627395))((sqrt(-0.002414107863627395))(((X_0)^(-1))((X_6)^(-1))) - (X_43)),15,0.815640783876618,0.7792673578457479,0.815640783876618,0.7792673578457479,0.17049643572454365,0.23875356102824297
356,X_3,1,0.8186895007439886,0.7806847611183233,0.8186895007439886,0.7806847611183233,0.16739590230598278,0.23736893586337304
357,(X_3)(sqrt(sin(sqrt(X_3) - (X_25)))),7,0.7055629813060694,0.6518304784494565,0.7055629813060694,0.6518304784494565,0.2824451408222678,0.36324340351604145
358,sin(X_3),2,0.6838896335537086,0.6506800337350728,0.6838896335537086,0.6506800337350728,0.3044868527691832,0.3643672436631247
359,(2)(X_3) + (-1.4127054054025656)(X_3),6,0.6574781901030332,0.6150342000161759,0.6574781901030332,0.6150342000161759,0.3313471899581448,0.39918875095390094
360,X_3,1,0.8186895007439886,0.7806847611183233,0.8186895007439886,0.7806847611183233,0.16739590230598278,0.23736893586337304
361,sin(X_3),2,0.6838896335537086,0.6506800337350728,0.6838896335537086,0.6506800337350728,0.3044868527691832,0.3643672436631247
362,X_3 - ((log(sqrt(4.72323181742396)))^(exp(4.72323181742396) + log(sqrt(4.72323181742396)) - (log(X_16)))),11,0.8186895007439821,0.7806847611183305,0.8186895007439821,0.7806847611183305,0.16739590230598955,0.23736893586336594
363,(0.587294594597443)(X_3),3,0.6574781901030332,0.6150342000161755,0.6574781901030332,0.6150342000161755,0.3313471899581448,0.3991887509539014
364,sin((X_3)((sin(sqrt(X_3)))(sqrt(X_3)))),6,0.6655351272763844,0.6194327528395863,0.6655351272763844,0.6194327528395863,0.3231533156024833,0.3948919167034496
365,X_3 - (sin((X_3)(sin(sqrt(X_3))))),6,0.7338055392306976,0.7116544715437539,0.7338055392306976,0.7116544715437539,0.25372256720182096,0.3048028679930337
366,sin(X_3),2,0.6838896335537086,0.6506800337350728,0.6838896335537086,0.6506800337350728,0.3044868527691832,0.3643672436631247
367,X_3,1,0.8186895007439886,0.7806847611183233,0.8186895007439886,0.7806847611183233,0.16739590230598278,0.23736893586337304
368,X_3,1,0.8186895007439886,0.7806847611183233,0.8186895007439886,0.7806847611183233,0.16739590230598278,0.23736893586337304
369,sin(X_3),2,0.6838896335537086,0.6506800337350728,0.6838896335537086,0.6506800337350728,0.3044868527691832,0.3643672436631247
370,(0.5872945945974406)(X_3),3,0.6574781901030332,0.6150342000161756,0.6574781901030332,0.6150342000161756,0.3313471899581448,0.39918875095390116
371,sin(X_3),2,0.6838896335537086,0.6506800337350728,0.6838896335537086,0.6506800337350728,0.3044868527691832,0.3643672436631247
372,X_3,1,0.8186895007439886,0.7806847611183233,0.8186895007439886,0.7806847611183233,0.16739590230598278,0.23736893586337304
373,X_3,1,0.8186895007439886,0.7806847611183233,0.8186895007439886,0.7806847611183233,0.16739590230598278,0.23736893586337304
374,X_3,1,0.8186895007439886,0.7806847611183233,0.8186895007439886,0.7806847611183233,0.16739590230598278,0.23736893586337304
375,sin(X_3),2,0.6838896335537086,0.6506800337350728,0.6838896335537086,0.6506800337350728,0.3044868527691832,0.3643672436631247
376,X_3,1,0.8186895007439886,0.7806847611183233,0.8186895007439886,0.7806847611183233,0.16739590230598278,0.23736893586337304
377,(0.587294594597437)(X_3),3,0.6574781901030332,0.6150342000161758,0.6574781901030332,0.6150342000161758,0.3313471899581448,0.39918875095390105
378,0.0006353421147893279 + X_3,3,0.8186890970843861,0.780686789149599,0.8186890970843861,0.780686789149599,0.167396312826258,0.23736695473126057
379,sin(X_3),2,0.6838896335537086,0.6506800337350728,0.6838896335537086,0.6506800337350728,0.3044868527691832,0.3643672436631247
380,X_3 - ((0)^((X_38)(X_38))),6,0.8186895007439886,0.7806847611183233,0.8186895007439886,0.7806847611183233,0.16739590230598278,0.23736893586337304
381,X_3,1,0.8186895007439886,0.7806847611183233,0.8186895007439886,0.7806847611183233,0.16739590230598278,0.23736893586337304
382,(X_3)(sqrt(X_28)),4,0.8157028869408561,0.7660239341610445,0.8157028869408561,0.7660239341610445,0.17043327714523238,0.2516907244013433
383,sin(X_3),2,0.6838896335537086,0.6506800337350728,0.6838896335537086,0.6506800337350728,0.3044868527691832,0.3643672436631247
384,X_3 - (sin((X_3)(sin((X_34)(X_34))))),7,0.7035591510177484,0.6909871928091356,0.7035591510177484,0.6909871928091356,0.2844830285777884,0.32499220632674475
385,sin(X_3),2,0.6838896335537086,0.6506800337350728,0.6838896335537086,0.6506800337350728,0.3044868527691832,0.3643672436631247
386,0.0006353421147888838 + X_3,3,0.818689097084386,0.7806867891495989,0.818689097084386,0.7806867891495989,0.1673963128262581,0.2373669547312608
387,X_3,1,0.8186895007439886,0.7806847611183233,0.8186895007439886,0.7806847611183233,0.16739590230598278,0.23736893586337304
388,X_3 + (1.0660171098634664e-07)((X_9)^(-2)),7,0.8178151658769085,0.780689643141117,0.8178151658769085,0.780689643141117,0.16828509752886778,0.23736416673961946
389,X_3 - (((0)^(exp(exp(X_26))))((exp(X_26) - (X_18))^(-1))),12,0.8186895007439886,0.7806847611183233,0.8186895007439886,0.7806847611183233,0.16739590230598278,0.23736893586337304
390,X_3,1,0.8186895007439886,0.7806847611183233,0.8186895007439886,0.7806847611183233,0.16739590230598278,0.23736893586337304
391,X_3,1,0.8186895007439886,0.7806847611183233,0.8186895007439886,0.7806847611183233,0.16739590230598278,0.23736893586337304
392,X_3 - ((0)^(exp(X_3))),5,0.8186895007439886,0.7806847611183233,0.8186895007439886,0.7806847611183233,0.16739590230598278,0.23736893586337304
393,sin(X_3),2,0.6838896335537086,0.6506800337350728,0.6838896335537086,0.6506800337350728,0.3044868527691832,0.3643672436631247
394,X_3,1,0.8186895007439886,0.7806847611183233,0.8186895007439886,0.7806847611183233,0.16739590230598278,0.23736893586337304
395,X_3,1,0.8186895007439886,0.7806847611183233,0.8186895007439886,0.7806847611183233,0.16739590230598278,0.23736893586337304
396,sin(X_3),2,0.6838896335537086,0.6506800337350728,0.6838896335537086,0.6506800337350728,0.3044868527691832,0.3643672436631247
397,sin(X_3),2,0.6838896335537086,0.6506800337350728,0.6838896335537086,0.6506800337350728,0.3044868527691832,0.3643672436631247
398,X_3 + ((-1)(0.07408113666152928))(X_29 + ((0.07408113666152928)(0.07408113666152928))((X_43)^(-1))),12,0.81130364036462,0.7818930268299517,0.81130364036462,0.7818930268299517,0.17490729412335648,0.23618861185640905
399,(X_3)(sqrt(sin(X_5))),5,0.7165090382253654,0.679680133921739,0.7165090382253654,0.679680133921739,0.2713130427114264,0.336037784236064
400,sin(X_3),2,0.6838896335537086,0.6506800337350728,0.6838896335537086,0.6506800337350728,0.3044868527691832,0.3643672436631247
401,X_3 - (exp(-2.096585502866446 + X_3)),5,0.7578306802020996,0.7212358952447113,0.7578306802020996,0.7212358952447113,0.22928909052685742,0.29544301915656124
402,sin(X_3),2,0.6838896335537086,0.6506800337350728,0.6838896335537086,0.6506800337350728,0.3044868527691832,0.3643672436631247
403,X_3,1,0.8186895007439886,0.7806847611183233,0.8186895007439886,0.7806847611183233,0.16739590230598278,0.23736893586337304
404,X_3,1,0.8186895007439886,0.7806847611183233,0.8186895007439886,0.7806847611183233,0.16739590230598278,0.23736893586337304
405,sin(X_3),2,0.6838896335537086,0.6506800337350728,0.6838896335537086,0.6506800337350728,0.3044868527691832,0.3643672436631247
406,sin(X_3),2,0.6838896335537086,0.6506800337350728,0.6838896335537086,0.6506800337350728,0.3044868527691832,0.3643672436631247
407,sin(X_3),2,0.6838896335537086,0.6506800337350728,0.6838896335537086,0.6506800337350728,0.3044868527691832,0.3643672436631247
408,(0.5872945945974379)(X_3),3,0.6574781901030332,0.6150342000161758,0.6574781901030332,0.6150342000161758,0.3313471899581448,0.39918875095390105
409,X_3,1,0.8186895007439886,0.7806847611183233,0.8186895007439886,0.7806847611183233,0.16739590230598278,0.23736893586337304
410,X_3,1,0.8186895007439886,0.7806847611183233,0.8186895007439886,0.7806847611183233,0.16739590230598278,0.23736893586337304
411,X_3,1,0.8186895007439886,0.7806847611183233,0.8186895007439886,0.7806847611183233,0.16739590230598278,0.23736893586337304
412,X_3,1,0.8186895007439886,0.7806847611183233,0.8186895007439886,0.7806847611183233,0.16739590230598278,0.23736893586337304
413,sin(X_3),2,0.6838896335537086,0.6506800337350728,0.6838896335537086,0.6506800337350728,0.3044868527691832,0.3643672436631247
414,sin((X_3)(sin(sqrt(X_3)))),5,0.6652461177848443,0.618580151224678,0.6652461177848443,0.618580151224678,0.3234472371523628,0.3957248015107957
415,X_3 - (sin((X_3)(sin((X_34)(X_34))))),7,0.7035591510177484,0.6909871928091356,0.7035591510177484,0.6909871928091356,0.2844830285777884,0.32499220632674475
416,X_3 - (sqrt(0)),4,0.8186895007439886,0.7806847611183233,0.8186895007439886,0.7806847611183233,0.16739590230598278,0.23736893586337304
417,sin(X_3),2,0.6838896335537086,0.6506800337350728,0.6838896335537086,0.6506800337350728,0.3044868527691832,0.3643672436631247
418,(1.4707599486151308)(X_3) - ((X_3)(sin(sqrt(X_3)))),7,0.6588302809139768,0.6362687278697637,0.6588302809139768,0.6362687278697637,0.3299721187637261,0.37844528140004063
419,X_3,1,0.8186895007439886,0.7806847611183233,0.8186895007439886,0.7806847611183233,0.16739590230598278,0.23736893586337304
420,X_3,1,0.8186895007439886,0.7806847611183233,0.8186895007439886,0.7806847611183233,0.16739590230598278,0.23736893586337304
421,X_3,1,0.8186895007439886,0.7806847611183233,0.8186895007439886,0.7806847611183233,0.16739590230598278,0.23736893586337304
422,X_3,1,0.8186895007439886,0.7806847611183233,0.8186895007439886,0.7806847611183233,0.16739590230598278,0.23736893586337304
423,X_3,1,0.8186895007439886,0.7806847611183233,0.8186895007439886,0.7806847611183233,0.16739590230598278,0.23736893586337304
424,X_3,1,0.8186895007439886,0.7806847611183233,0.8186895007439886,0.7806847611183233,0.16739590230598278,0.23736893586337304
425,sin(X_3),2,0.6838896335537086,0.6506800337350728,0.6838896335537086,0.6506800337350728,0.3044868527691832,0.3643672436631247
426,sin(X_3),2,0.6838896335537086,0.6506800337350728,0.6838896335537086,0.6506800337350728,0.3044868527691832,0.3643672436631247
427,X_3 - ((sin(X_28 + (X_28)(X_28)))(((exp((X_28 + (X_28)(X_28))(X_28 + (X_28)(X_28)) + sqrt(X_28)))^(-1))(((X_28)(X_28))((sqrt(X_28) - ((X_28)(X_28)))^(-1)) - (X_13)))),19,0.8015961730318929,0.8229794665321974,0.8015961730318929,0.8229794665321974,0.18477975135178604,0.1960523151176028
428,X_3 - ((sqrt(exp(-38.44145790993795 + X_11)))((sqrt(sqrt(exp(-38.44145790993795 + X_11)) - (-38.44145790993795 + X_11)))^(-1))),12,0.8186895008405457,0.7806847610199485,0.8186895008405457,0.7806847610199485,0.16739590220778455,0.23736893595947273
429,sin(X_3),2,0.6838896335537086,0.6506800337350728,0.6838896335537086,0.6506800337350728,0.3044868527691832,0.3643672436631247
430,X_3,1,0.8186895007439886,0.7806847611183233,0.8186895007439886,0.7806847611183233,0.16739590230598278,0.23736893586337304
431,sin(X_3),2,0.6838896335537086,0.6506800337350728,0.6838896335537086,0.6506800337350728,0.3044868527691832,0.3643672436631247
432,X_3 - ((X_3)((sin(log(X_3)))(sin(log(X_3))))),6,0.7411375023334305,0.6831676580716083,0.7411375023334305,0.6831676580716083,0.24626598870908456,0.33263091069877737
433,X_3,1,0.8186895007439886,0.7806847611183233,0.8186895007439886,0.7806847611183233,0.16739590230598278,0.23736893586337304
434,sin((X_3)((sqrt(X_3))^(2 - (sqrt(X_3))))),7,0.6740280231348321,0.6295830624598105,0.6740280231348321,0.6295830624598105,0.31451607292793327,0.3849763376982964
435,sin(X_3),2,0.6838896335537086,0.6506800337350728,0.6838896335537086,0.6506800337350728,0.3044868527691832,0.3643672436631247
436,X_3,1,0.8186895007439886,0.7806847611183233,0.8186895007439886,0.7806847611183233,0.16739590230598278,0.23736893586337304
437,sin((X_3)(sqrt(X_3))),4,0.6734557563564229,0.6371564983290183,0.6734557563564229,0.6371564983290183,0.31509806605749546,0.377578041044176
438,X_3,1,0.8186895007439886,0.7806847611183233,0.8186895007439886,0.7806847611183233,0.16739590230598278,0.23736893586337304
439,X_3 - (sin((X_3)((sin(sqrt(X_3)))(sqrt(X_3))))),7,0.7346684413561911,0.7109864325378578,0.7346684413561911,0.7109864325378578,0.252844999033496,0.30545545828725373
440,X_3,1,0.8186895007439886,0.7806847611183233,0.8186895007439886,0.7806847611183233,0.16739590230598278,0.23736893586337304
441,(0.5872945945974439)(X_3),3,0.6574781901030332,0.6150342000161755,0.6574781901030332,0.6150342000161755,0.3313471899581448,0.3991887509539014
442,sin(X_3),2,0.6838896335537086,0.6506800337350728,0.6838896335537086,0.6506800337350728,0.3044868527691832,0.3643672436631247
443,sin(X_3),2,0.6838896335537086,0.6506800337350728,0.6838896335537086,0.6506800337350728,0.3044868527691832,0.3643672436631247
444,X_3,1,0.8186895007439886,0.7806847611183233,0.8186895007439886,0.7806847611183233,0.16739590230598278,0.23736893586337304
445,sin(X_3),2,0.6838896335537086,0.6506800337350728,0.6838896335537086,0.6506800337350728,0.3044868527691832,0.3643672436631247
446,0.0006353421147893279 + X_3,3,0.8186890970843861,0.780686789149599,0.8186890970843861,0.780686789149599,0.167396312826258,0.23736695473126057
447,X_3 - (sin((X_3)(sin((X_3)(X_3))))),6,0.7327229156148181,0.6916980354997232,0.7327229156148181,0.6916980354997232,0.25482359128729226,0.32429780220288307
448,X_3,1,0.8186895007439886,0.7806847611183233,0.8186895007439886,0.7806847611183233,0.16739590230598278,0.23736893586337304
449,X_3 - (sqrt(0)),4,0.8186895007439886,0.7806847611183233,0.8186895007439886,0.7806847611183233,0.16739590230598278,0.23736893586337304
450,X_3,1,0.8186895007439886,0.7806847611183233,0.8186895007439886,0.7806847611183233,0.16739590230598278,0.23736893586337304
451,X_3,1,0.8186895007439886,0.7806847611183233,0.8186895007439886,0.7806847611183233,0.16739590230598278,0.23736893586337304
452,X_3,1,0.8186895007439886,0.7806847611183233,0.8186895007439886,0.7806847611183233,0.16739590230598278,0.23736893586337304
453,X_3,1,0.8186895007439886,0.7806847611183233,0.8186895007439886,0.7806847611183233,0.16739590230598278,0.23736893586337304
454,X_3 - ((0)^(exp(X_48))),6,0.8186895007439886,0.7806847611183233,0.8186895007439886,0.7806847611183233,0.16739590230598278,0.23736893586337304
455,X_3,1,0.8186895007439886,0.7806847611183233,0.8186895007439886,0.7806847611183233,0.16739590230598278,0.23736893586337304
456,X_3 - (sin(sin(X_3))),4,0.7332273058018749,0.6758735909066075,0.7332273058018749,0.6758735909066075,0.25431062839208163,0.3397562991794749
457,X_3,1,0.8186895007439886,0.7806847611183233,0.8186895007439886,0.7806847611183233,0.16739590230598278,0.23736893586337304
458,(0.5872945945974402)(X_3),3,0.6574781901030332,0.6150342000161756,0.6574781901030332,0.6150342000161756,0.3313471899581448,0.39918875095390116
459,X_3,1,0.8186895007439886,0.7806847611183233,0.8186895007439886,0.7806847611183233,0.16739590230598278,0.23736893586337304
460,X_3 - (sin((X_3)(sin(sqrt(X_3))))),6,0.7338055392306976,0.7116544715437539,0.7338055392306976,0.7116544715437539,0.25372256720182096,0.3048028679930337
461,X_3,1,0.8186895007439886,0.7806847611183233,0.8186895007439886,0.7806847611183233,0.16739590230598278,0.23736893586337304
462,(0.5872945945974413)(X_3),3,0.6574781901030331,0.6150342000161756,0.6574781901030331,0.6150342000161756,0.33134718995814494,0.39918875095390116
463,X_3 - (sin(sin(X_3 - (X_0)))),6,0.5932617839524379,0.6088262536869983,0.5932617839524379,0.6088262536869983,0.3966550299287084,0.4052531356465672
464,X_3,1,0.8186895007439886,0.7806847611183233,0.8186895007439886,0.7806847611183233,0.16739590230598278,0.23736893586337304
465,X_3,1,0.8186895007439886,0.7806847611183233,0.8186895007439886,0.7806847611183233,0.16739590230598278,0.23736893586337304
466,X_3,1,0.8186895007439886,0.7806847611183233,0.8186895007439886,0.7806847611183233,0.16739590230598278,0.23736893586337304
467,sin(X_3),2,0.6838896335537086,0.6506800337350728,0.6838896335537086,0.6506800337350728,0.3044868527691832,0.3643672436631247
468,X_3 + ((sqrt(X_22))(sqrt(X_22)))^(sqrt(sqrt(X_22))) - ((sqrt(X_22))(sqrt(X_22))),8,0.829515144830693,0.800840853271323,0.829515144830693,0.800840853271323,0.15638626358632657,0.21767896268462372
469,X_3,1,0.8186895007439886,0.7806847611183233,0.8186895007439886,0.7806847611183233,0.16739590230598278,0.23736893586337304
470,X_3,1,0.8186895007439886,0.7806847611183233,0.8186895007439886,0.7806847611183233,0.16739590230598278,0.23736893586337304
471,X_3,1,0.8186895007439886,0.7806847611183233,0.8186895007439886,0.7806847611183233,0.16739590230598278,0.23736893586337304
472,X_3,1,0.8186895007439886,0.7806847611183233,0.8186895007439886,0.7806847611183233,0.16739590230598278,0.23736893586337304
473,X_3,1,0.8186895007439886,0.7806847611183233,0.8186895007439886,0.7806847611183233,0.16739590230598278,0.23736893586337304
474,sin((X_3)(sqrt(sin(X_37)))),6,0.6658579828634994,0.6608775861294498,0.6658579828634994,0.6608775861294498,0.32282497270257915,0.35440551439487
475,(X_3)((sqrt(X_3))^(-1)),5,0.783709844111427,0.7713248957646988,0.783709844111427,0.7713248957646988,0.2029700795999797,0.24651234999199645
476,sin(X_3),2,0.6838896335537086,0.6506800337350728,0.6838896335537086,0.6506800337350728,0.3044868527691832,0.3643672436631247
477,X_3,1,0.8186895007439886,0.7806847611183233,0.8186895007439886,0.7806847611183233,0.16739590230598278,0.23736893586337304
478,X_3,1,0.8186895007439886,0.7806847611183233,0.8186895007439886,0.7806847611183233,0.16739590230598278,0.23736893586337304
479,(0.5872945945974412)(X_3),3,0.6574781901030332,0.6150342000161755,0.6574781901030332,0.6150342000161755,0.3313471899581448,0.3991887509539013
480,X_3,1,0.8186895007439886,0.7806847611183233,0.8186895007439886,0.7806847611183233,0.16739590230598278,0.23736893586337304
481,sin(X_3),2,0.6838896335537086,0.6506800337350728,0.6838896335537086,0.6506800337350728,0.3044868527691832,0.3643672436631247
482,sin(X_3),2,0.6838896335537086,0.6506800337350728,0.6838896335537086,0.6506800337350728,0.3044868527691832,0.3643672436631247
483,X_3 + (-0.36971739105702195)((X_3)(sqrt(X_3))),6,0.6565658775169124,0.6273018535188147,0.6565658775169124,0.6273018535188147,0.3322750083763506,0.38720479262509366
484,X_3,1,0.8186895007439886,0.7806847611183233,0.8186895007439886,0.7806847611183233,0.16739590230598278,0.23736893586337304
485,X_3,1,0.8186895007439886,0.7806847611183233,0.8186895007439886,0.7806847611183233,0.16739590230598278,0.23736893586337304
486,X_3,1,0.8186895007439886,0.7806847611183233,0.8186895007439886,0.7806847611183233,0.16739590230598278,0.23736893586337304
487,(0.6127266394916537)((X_3)(sqrt(X_45))),6,0.7002019398615382,0.6498695874240161,0.7002019398615382,0.6498695874240161,0.28789729951071774,0.36515894802756155
488,X_3,1,0.8186895007439886,0.7806847611183233,0.8186895007439886,0.7806847611183233,0.16739590230598278,0.23736893586337304
489,sin((X_3)((sin(sqrt(X_3)))(sin(sqrt(X_3))))),6,0.6623468785716644,0.6080348637686273,0.6623468785716644,0.6080348637686273,0.3263957523670995,0.4060262243062327
490,X_3,1,0.8186895007439886,0.7806847611183233,0.8186895007439886,0.7806847611183233,0.16739590230598278,0.23736893586337304
491,X_3,1,0.8186895007439886,0.7806847611183233,0.8186895007439886,0.7806847611183233,0.16739590230598278,0.23736893586337304
492,sin(X_3),2,0.6838896335537086,0.6506800337350728,0.6838896335537086,0.6506800337350728,0.3044868527691832,0.3643672436631247
493,X_3,1,0.8186895007439886,0.7806847611183233,0.8186895007439886,0.7806847611183233,0.16739590230598278,0.23736893586337304
494,sin((X_3)((sin(sqrt(X_3)))(sqrt(X_3)))),6,0.6655351272763844,0.6194327528395863,0.6655351272763844,0.6194327528395863,0.3231533156024833,0.3948919167034496
495,X_3,1,0.8186895007439886,0.7806847611183233,0.8186895007439886,0.7806847611183233,0.16739590230598278,0.23736893586337304
496,sin(X_3),2,0.6838896335537086,0.6506800337350728,0.6838896335537086,0.6506800337350728,0.3044868527691832,0.3643672436631247
497,sin(X_0 + X_3),4,0.6777273376228965,0.6424047499874335,0.6777273376228965,0.6424047499874335,0.31075388421215977,0.3724511576381512
498,0.0006353421147902161 + X_3,3,0.8186890970843861,0.7806867891495989,0.8186890970843861,0.7806867891495989,0.167396312826258,0.2373669547312608
499,X_3 - (sin((-6.953531788753114 + X_3)(sin(sqrt(-6.953531788753114 + X_3))))),8,0.7098044163140569,0.6558284500006238,0.7098044163140569,0.6558284500006238,0.278131617606758,0.35933788691022595
500,sin(X_3),2,0.6838896335537086,0.6506800337350728,0.6838896335537086,0.6506800337350728,0.3044868527691832,0.3643672436631247
501,sin(X_3),2,0.6838896335537086,0.6506800337350728,0.6838896335537086,0.6506800337350728,0.3044868527691832,0.3643672436631247
502,X_3,1,0.8186895007439886,0.7806847611183233,0.8186895007439886,0.7806847611183233,0.16739590230598278,0.23736893586337304
503,sin(X_3),2,0.6838896335537086,0.6506800337350728,0.6838896335537086,0.6506800337350728,0.3044868527691832,0.3643672436631247
504,X_3 - (sin((X_3)(sin(sqrt(X_3))))),6,0.7338055392306976,0.7116544715437539,0.7338055392306976,0.7116544715437539,0.25372256720182096,0.3048028679930337
505,X_3,1,0.8186895007439886,0.7806847611183233,0.8186895007439886,0.7806847611183233,0.16739590230598278,0.23736893586337304
506,X_3,1,0.8186895007439886,0.7806847611183233,0.8186895007439886,0.7806847611183233,0.16739590230598278,0.23736893586337304
507,X_3,1,0.8186895007439886,0.7806847611183233,0.8186895007439886,0.7806847611183233,0.16739590230598278,0.23736893586337304
508,X_3 + (-251.94938498707586)(X_43) + (252.01311777049034)(X_43),8,0.8146036188464677,0.7710426068303761,0.8146036188464677,0.7710426068303761,0.17155122860182292,0.24678811086385988
509,X_3,1,0.8186895007439886,0.7806847611183233,0.8186895007439886,0.7806847611183233,0.16739590230598278,0.23736893586337304
510,X_3,1,0.8186895007439886,0.7806847611183233,0.8186895007439886,0.7806847611183233,0.16739590230598278,0.23736893586337304
511,X_3,1,0.8186895007439886,0.7806847611183233,0.8186895007439886,0.7806847611183233,0.16739590230598278,0.23736893586337304
512,sin(X_3),2,0.6838896335537086,0.6506800337350728,0.6838896335537086,0.6506800337350728,0.3044868527691832,0.3643672436631247
513,(0.587294594597445)(X_3),3,0.6574781901030332,0.6150342000161753,0.6574781901030332,0.6150342000161753,0.3313471899581448,0.3991887509539015
514,sin(X_3),2,0.6838896335537086,0.6506800337350728,0.6838896335537086,0.6506800337350728,0.3044868527691832,0.3643672436631247
515,sin(X_3),2,0.6838896335537086,0.6506800337350728,0.6838896335537086,0.6506800337350728,0.3044868527691832,0.3643672436631247
516,X_3,1,0.8186895007439886,0.7806847611183233,0.8186895007439886,0.7806847611183233,0.16739590230598278,0.23736893586337304
517,(2.6691842441132804e-09)((X_2)^(-2)) + X_3,7,0.815882168005223,0.780685522756104,0.815882168005223,0.780685522756104,0.170250948987005,0.23736819183881908
518,X_3 - (sin((X_3)(sin(sqrt(X_3))))),6,0.7338055392306976,0.7116544715437539,0.7338055392306976,0.7116544715437539,0.25372256720182096,0.3048028679930337
519,sin(X_3),2,0.6838896335537086,0.6506800337350728,0.6838896335537086,0.6506800337350728,0.3044868527691832,0.3643672436631247
520,0.0006353421147886618 + X_3,3,0.8186890970843861,0.780686789149599,0.8186890970843861,0.780686789149599,0.167396312826258,0.23736695473126057
521,X_3,1,0.8186895007439886,0.7806847611183233,0.8186895007439886,0.7806847611183233,0.16739590230598278,0.23736893586337304
522,(0.3041014504452617)(X_3 + (X_3)((sqrt(X_3))^(-1))),8,0.6552846862489502,0.6302373504357862,0.6552846862489502,0.6302373504357862,0.3335779750061484,0.3843371804350557
523,X_3,1,0.8186895007439886,0.7806847611183233,0.8186895007439886,0.7806847611183233,0.16739590230598278,0.23736893586337304
524,X_3,1,0.8186895007439886,0.7806847611183233,0.8186895007439886,0.7806847611183233,0.16739590230598278,0.23736893586337304
525,sin(X_3),2,0.6838896335537086,0.6506800337350728,0.6838896335537086,0.6506800337350728,0.3044868527691832,0.3643672436631247
526,X_3 + (0.46722705299397144)(-0.024124763834345832 + sin(X_4)),8,0.6951510680381523,0.6937713704547998,0.6951510680381523,0.6937713704547998,0.29303401687823827,0.3222724140797222
527,sin(X_3),2,0.6838896335537086,0.6506800337350728,0.6838896335537086,0.6506800337350728,0.3044868527691832,0.3643672436631247
528,X_3,1,0.8186895007439886,0.7806847611183233,0.8186895007439886,0.7806847611183233,0.16739590230598278,0.23736893586337304
529,sin((X_3)(sqrt(X_3))),4,0.6734557563564229,0.6371564983290183,0.6734557563564229,0.6371564983290183,0.31509806605749546,0.377578041044176
530,sin(X_3),2,0.6838896335537086,0.6506800337350728,0.6838896335537086,0.6506800337350728,0.3044868527691832,0.3643672436631247
531,X_3,1,0.8186895007439886,0.7806847611183233,0.8186895007439886,0.7806847611183233,0.16739590230598278,0.23736893586337304
532,sin(X_3),2,0.6838896335537086,0.6506800337350728,0.6838896335537086,0.6506800337350728,0.3044868527691832,0.3643672436631247
533,X_3 + (-0.0002334724235260044)((X_39)^(-1)),7,0.8177958144314684,0.7809948382224339,0.8177958144314684,0.7809948382224339,0.16830477787502474,0.23706602943602906
534,sin(X_3),2,0.6838896335537086,0.6506800337350728,0.6838896335537086,0.6506800337350728,0.3044868527691832,0.3643672436631247
535,sin(X_3),2,0.6838896335537086,0.6506800337350728,0.6838896335537086,0.6506800337350728,0.3044868527691832,0.3643672436631247
536,sin(X_3),2,0.6838896335537086,0.6506800337350728,0.6838896335537086,0.6506800337350728,0.3044868527691832,0.3643672436631247
537,X_3,1,0.8186895007439886,0.7806847611183233,0.8186895007439886,0.7806847611183233,0.16739590230598278,0.23736893586337304
538,X_3,1,0.8186895007439886,0.7806847611183233,0.8186895007439886,0.7806847611183233,0.16739590230598278,0.23736893586337304
539,X_3,1,0.8186895007439886,0.7806847611183233,0.8186895007439886,0.7806847611183233,0.16739590230598278,0.23736893586337304
540,X_3,1,0.8186895007439886,0.7806847611183233,0.8186895007439886,0.7806847611183233,0.16739590230598278,0.23736893586337304
541,X_3,1,0.8186895007439886,0.7806847611183233,0.8186895007439886,0.7806847611183233,0.16739590230598278,0.23736893586337304
542,(0.5872945945974433)(X_3),3,0.6574781901030332,0.6150342000161755,0.6574781901030332,0.6150342000161755,0.3313471899581448,0.3991887509539014
543,X_3,1,0.8186895007439886,0.7806847611183233,0.8186895007439886,0.7806847611183233,0.16739590230598278,0.23736893586337304
544,sin(X_3),2,0.6838896335537086,0.6506800337350728,0.6838896335537086,0.6506800337350728,0.3044868527691832,0.3643672436631247
545,log(sqrt(exp(-0.024825323119335913 + X_3))),6,0.6645366835833534,0.6288540133927008,0.6645366835833534,0.6288540133927008,0.3241687290276939,0.3856885271677838
546,X_3 + ((-1)(sqrt(0)))((X_22)^(-1)),9,0.8186895007439886,0.7806847611183233,0.8186895007439886,0.7806847611183233,0.16739590230598278,0.23736893586337304
547,(X_3)((exp(sqrt(sin(X_3))))^(-1)),7,0.6935256149106674,0.679412992348619,0.6935256149106674,0.679412992348619,0.2946870965052808,0.3362987480364741
548,sin(X_3),2,0.6838896335537086,0.6506800337350728,0.6838896335537086,0.6506800337350728,0.3044868527691832,0.3643672436631247
549,X_3,1,0.8186895007439886,0.7806847611183233,0.8186895007439886,0.7806847611183233,0.16739590230598278,0.23736893586337304
550,X_3,1,0.8186895007439886,0.7806847611183233,0.8186895007439886,0.7806847611183233,0.16739590230598278,0.23736893586337304
551,((-1)(sin(sqrt(0))))(((exp(sqrt(0)))^(sqrt(log(X_27 - (sqrt(0))))))^((-1)(X_3))) + X_3,16,0.8186895007439886,0.7806847611183233,0.8186895007439886,0.7806847611183233,0.16739590230598278,0.23736893586337304
552,X_3,1,0.8186895007439886,0.7806847611183233,0.8186895007439886,0.7806847611183233,0.16739590230598278,0.23736893586337304
553,X_3,1,0.8186895007439886,0.7806847611183233,0.8186895007439886,0.7806847611183233,0.16739590230598278,0.23736893586337304
554,X_3,1,0.8186895007439886,0.7806847611183233,0.8186895007439886,0.7806847611183233,0.16739590230598278,0.23736893586337304
555,X_3 - (sin(sin(X_3))),4,0.7332273058018749,0.6758735909066075,0.7332273058018749,0.6758735909066075,0.25431062839208163,0.3397562991794749
556,X_3,1,0.8186895007439886,0.7806847611183233,0.8186895007439886,0.7806847611183233,0.16739590230598278,0.23736893586337304
557,X_3 - (sin((X_3)(sin((X_34)(X_34))))),7,0.7035591510177484,0.6909871928091356,0.7035591510177484,0.6909871928091356,0.2844830285777884,0.32499220632674475
558,X_3,1,0.8186895007439886,0.7806847611183233,0.8186895007439886,0.7806847611183233,0.16739590230598278,0.23736893586337304
559,sin(X_3),2,0.6838896335537086,0.6506800337350728,0.6838896335537086,0.6506800337350728,0.3044868527691832,0.3643672436631247
560,(0.5872945945974433)(X_3),3,0.6574781901030332,0.6150342000161755,0.6574781901030332,0.6150342000161755,0.3313471899581448,0.3991887509539014
561,X_3,1,0.8186895007439886,0.7806847611183233,0.8186895007439886,0.7806847611183233,0.16739590230598278,0.23736893586337304
562,X_3 - ((0)^((X_38)(X_38))),6,0.8186895007439886,0.7806847611183233,0.8186895007439886,0.7806847611183233,0.16739590230598278,0.23736893586337304
563,X_3,1,0.8186895007439886,0.7806847611183233,0.8186895007439886,0.7806847611183233,0.16739590230598278,0.23736893586337304
564,X_3 - (sin((X_3)(sin((X_3)(X_3))))),6,0.7327229156148181,0.6916980354997232,0.7327229156148181,0.6916980354997232,0.25482359128729226,0.32429780220288307
565,sin(X_3),2,0.6838896335537086,0.6506800337350728,0.6838896335537086,0.6506800337350728,0.3044868527691832,0.3643672436631247
566,X_3,1,0.8186895007439886,0.7806847611183233,0.8186895007439886,0.7806847611183233,0.16739590230598278,0.23736893586337304
567,X_3,1,0.8186895007439886,0.7806847611183233,0.8186895007439886,0.7806847611183233,0.16739590230598278,0.23736893586337304
568,X_3,1,0.8186895007439886,0.7806847611183233,0.8186895007439886,0.7806847611183233,0.16739590230598278,0.23736893586337304
569,X_3,1,0.8186895007439886,0.7806847611183233,0.8186895007439886,0.7806847611183233,0.16739590230598278,0.23736893586337304
570,X_3 + (-0.9615088904848959)((-0.9615088904848959 - (log((exp(-0.9615088904848959))(sqrt(X_47)))))^(-1)) + ((-1)(-0.9615088904848959))((-0.9615088904848959 - (log((exp(-0.9615088904848959))(sqrt(X_47)))))^(-1)),15,0.8186895007439886,0.7806847611183233,0.8186895007439886,0.7806847611183233,0.16739590230598278,0.23736893586337304
571,X_3 - (exp(-1.9073684391380046 - (X_0))),6,0.7241029975377075,0.7108089745654691,0.7241029975377075,0.7108089745654691,0.26359001507343693,0.30562881246177165
572,X_3 - (sin((X_3)(sin(sqrt(X_3))))),6,0.7338055392306976,0.7116544715437539,0.7338055392306976,0.7116544715437539,0.25372256720182096,0.3048028679930337
573,X_3,1,0.8186895007439886,0.7806847611183233,0.8186895007439886,0.7806847611183233,0.16739590230598278,0.23736893586337304
574,X_3,1,0.8186895007439886,0.7806847611183233,0.8186895007439886,0.7806847611183233,0.16739590230598278,0.23736893586337304
575,sin(X_3),2,0.6838896335537086,0.6506800337350728,0.6838896335537086,0.6506800337350728,0.3044868527691832,0.3643672436631247
576,sin(X_3),2,0.6838896335537086,0.6506800337350728,0.6838896335537086,0.6506800337350728,0.3044868527691832,0.3643672436631247
577,sin(X_3),2,0.6838896335537086,0.6506800337350728,0.6838896335537086,0.6506800337350728,0.3044868527691832,0.3643672436631247
578,X_3 - (sin((X_3)(sin(sqrt(X_3))))),6,0.7338055392306976,0.7116544715437539,0.7338055392306976,0.7116544715437539,0.25372256720182096,0.3048028679930337
579,X_3,1,0.8186895007439886,0.7806847611183233,0.8186895007439886,0.7806847611183233,0.16739590230598278,0.23736893586337304
580,sin(X_3),2,0.6838896335537086,0.6506800337350728,0.6838896335537086,0.6506800337350728,0.3044868527691832,0.3643672436631247
581,sin(X_3),2,0.6838896335537086,0.6506800337350728,0.6838896335537086,0.6506800337350728,0.3044868527691832,0.3643672436631247
582,X_3,1,0.8186895007439886,0.7806847611183233,0.8186895007439886,0.7806847611183233,0.16739590230598278,0.23736893586337304
583,sin(X_3),2,0.6838896335537086,0.6506800337350728,0.6838896335537086,0.6506800337350728,0.3044868527691832,0.3643672436631247
584,X_3,1,0.8186895007439886,0.7806847611183233,0.8186895007439886,0.7806847611183233,0.16739590230598278,0.23736893586337304
585,0.0006353421147942129 + X_3,3,0.818689097084386,0.7806867891495987,0.818689097084386,0.7806867891495987,0.1673963128262581,0.2373669547312609
586,X_3,1,0.8186895007439886,0.7806847611183233,0.8186895007439886,0.7806847611183233,0.16739590230598278,0.23736893586337304
587,(X_3)(sqrt(sqrt(sin(X_16)))),6,0.7672537202887459,0.7231059692116758,0.7672537202887459,0.7231059692116758,0.2197058947221635,0.2936161915169422
588,sin(X_3),2,0.6838896335537086,0.6506800337350728,0.6838896335537086,0.6506800337350728,0.3044868527691832,0.3643672436631247
589,X_3,1,0.8186895007439886,0.7806847611183233,0.8186895007439886,0.7806847611183233,0.16739590230598278,0.23736893586337304
590,sin(X_3),2,0.6838896335537086,0.6506800337350728,0.6838896335537086,0.6506800337350728,0.3044868527691832,0.3643672436631247
591,(0.587294594597443)(X_3),3,0.6574781901030332,0.6150342000161755,0.6574781901030332,0.6150342000161755,0.3313471899581448,0.3991887509539014
592,X_3,1,0.8186895007439886,0.7806847611183233,0.8186895007439886,0.7806847611183233,0.16739590230598278,0.23736893586337304
593,X_3,1,0.8186895007439886,0.7806847611183233,0.8186895007439886,0.7806847611183233,0.16739590230598278,0.23736893586337304
594,X_3,1,0.8186895007439886,0.7806847611183233,0.8186895007439886,0.7806847611183233,0.16739590230598278,0.23736893586337304
595,X_3,1,0.8186895007439886,0.7806847611183233,0.8186895007439886,0.7806847611183233,0.16739590230598278,0.23736893586337304
596,sin(X_3),2,0.6838896335537086,0.6506800337350728,0.6838896335537086,0.6506800337350728,0.3044868527691832,0.3643672436631247
597,(0.5872945945974375)(X_3),3,0.6574781901030332,0.6150342000161758,0.6574781901030332,0.6150342000161758,0.3313471899581448,0.39918875095390105
598,X_3 - (sin((X_3)(sin(sqrt(X_3))))),6,0.7338055392306976,0.7116544715437539,0.7338055392306976,0.7116544715437539,0.25372256720182096,0.3048028679930337
599,0.0006353421147887728 + X_3,3,0.818689097084386,0.780686789149599,0.818689097084386,0.780686789149599,0.1673963128262581,0.23736695473126057
600,sin(X_3),2,0.6838896335537086,0.6506800337350728,0.6838896335537086,0.6506800337350728,0.3044868527691832,0.3643672436631247
601,X_3,1,0.8186895007439886,0.7806847611183233,0.8186895007439886,0.7806847611183233,0.16739590230598278,0.23736893586337304
602,X_3,1,0.8186895007439886,0.7806847611183233,0.8186895007439886,0.7806847611183233,0.16739590230598278,0.23736893586337304
603,sin(X_3),2,0.6838896335537086,0.6506800337350728,0.6838896335537086,0.6506800337350728,0.3044868527691832,0.3643672436631247
604,X_3,1,0.8186895007439886,0.7806847611183233,0.8186895007439886,0.7806847611183233,0.16739590230598278,0.23736893586337304
605,sin(X_3),2,0.6838896335537086,0.6506800337350728,0.6838896335537086,0.6506800337350728,0.3044868527691832,0.3643672436631247
606,X_3,1,0.8186895007439886,0.7806847611183233,0.8186895007439886,0.7806847611183233,0.16739590230598278,0.23736893586337304
607,X_3,1,0.8186895007439886,0.7806847611183233,0.8186895007439886,0.7806847611183233,0.16739590230598278,0.23736893586337304
608,sin((X_3)((sin(sqrt(X_3)))(sqrt(X_3)))),6,0.6655351272763844,0.6194327528395863,0.6655351272763844,0.6194327528395863,0.3231533156024833,0.3948919167034496
609,X_3,1,0.8186895007439886,0.7806847611183233,0.8186895007439886,0.7806847611183233,0.16739590230598278,0.23736893586337304
610,X_3 - (sin((X_3)(sin(sqrt(X_3))))),6,0.7338055392306976,0.7116544715437539,0.7338055392306976,0.7116544715437539,0.25372256720182096,0.3048028679930337
611,X_3,1,0.8186895007439886,0.7806847611183233,0.8186895007439886,0.7806847611183233,0.16739590230598278,0.23736893586337304
612,(0.5872945945974437)(X_3),3,0.6574781901030332,0.6150342000161755,0.6574781901030332,0.6150342000161755,0.3313471899581448,0.3991887509539014
613,X_3 - (sin((X_3)(-0.4390211819735657 + sin(sqrt(X_3))))),8,0.6583564622108252,0.6316766165127353,0.6583564622108252,0.6316766165127353,0.3304539905764825,0.38293119805329756
614,X_3,1,0.8186895007439886,0.7806847611183233,0.8186895007439886,0.7806847611183233,0.16739590230598278,0.23736893586337304
615,sin(X_3),2,0.6838896335537086,0.6506800337350728,0.6838896335537086,0.6506800337350728,0.3044868527691832,0.3643672436631247
616,sin(X_3),2,0.6838896335537086,0.6506800337350728,0.6838896335537086,0.6506800337350728,0.3044868527691832,0.3643672436631247
617,X_3,1,0.8186895007439886,0.7806847611183233,0.8186895007439886,0.7806847611183233,0.16739590230598278,0.23736893586337304
618,X_3 + ((-1)(sqrt(0)))(X_11),8,0.8186895007439886,0.7806847611183233,0.8186895007439886,0.7806847611183233,0.16739590230598278,0.23736893586337304
619,sin(X_3),2,0.6838896335537086,0.6506800337350728,0.6838896335537086,0.6506800337350728,0.3044868527691832,0.3643672436631247
620,X_3,1,0.8186895007439886,0.7806847611183233,0.8186895007439886,0.7806847611183233,0.16739590230598278,0.23736893586337304
621,X_3,1,0.8186895007439886,0.7806847611183233,0.8186895007439886,0.7806847611183233,0.16739590230598278,0.23736893586337304
622,X_3,1,0.8186895007439886,0.7806847611183233,0.8186895007439886,0.7806847611183233,0.16739590230598278,0.23736893586337304
623,sin(sin(sqrt(X_3)) + (X_3)(sin(sqrt(X_3))) - (sqrt(X_3))),7,0.6619760617280258,0.6243976194866311,0.6619760617280258,0.6243976194866311,0.3267728716818419,0.39004186489904613
624,(sqrt(0))(sqrt(0)) + X_3,5,0.8186895007439886,0.7806847611183233,0.8186895007439886,0.7806847611183233,0.16739590230598278,0.23736893586337304
625,sin(X_3),2,0.6838896335537086,0.6506800337350728,0.6838896335537086,0.6506800337350728,0.3044868527691832,0.3643672436631247
626,X_3,1,0.8186895007439886,0.7806847611183233,0.8186895007439886,0.7806847611183233,0.16739590230598278,0.23736893586337304
627,sin((X_3)(((X_41)^(-1))(sin(X_41)))),8,0.6672609581291973,0.6279471202395887,0.6672609581291973,0.6279471202395887,0.32139815221187806,0.3865744479963463
628,X_3,1,0.8186895007439886,0.7806847611183233,0.8186895007439886,0.7806847611183233,0.16739590230598278,0.23736893586337304
629,sin(X_3),2,0.6838896335537086,0.6506800337350728,0.6838896335537086,0.6506800337350728,0.3044868527691832,0.3643672436631247
630,X_3,1,0.8186895007439886,0.7806847611183233,0.8186895007439886,0.7806847611183233,0.16739590230598278,0.23736893586337304
631,(0.5872945945974412)(X_3),3,0.6574781901030332,0.6150342000161755,0.6574781901030332,0.6150342000161755,0.3313471899581448,0.3991887509539013
632,X_3,1,0.8186895007439886,0.7806847611183233,0.8186895007439886,0.7806847611183233,0.16739590230598278,0.23736893586337304
633,X_3,1,0.8186895007439886,0.7806847611183233,0.8186895007439886,0.7806847611183233,0.16739590230598278,0.23736893586337304
634,X_3 + (0.07058856342135728)(exp(X_1)),6,0.7977810059940587,0.7423417123883287,0.7977810059940587,0.7423417123883287,0.1886597616685195,0.27482528381784066
635,sin(X_3),2,0.6838896335537086,0.6506800337350728,0.6838896335537086,0.6506800337350728,0.3044868527691832,0.3643672436631247
636,sin((X_3)(sqrt(X_36))),5,0.6724475219890733,0.6487489953086796,0.6724475219890733,0.6487489953086796,0.3161234365611214,0.3662536259307886
637,X_3 + (-0.4127054054025592)(X_3),4,0.6574781901030332,0.6150342000161756,0.6574781901030332,0.6150342000161756,0.3313471899581448,0.39918875095390116
638,sin(X_3),2,0.6838896335537086,0.6506800337350728,0.6838896335537086,0.6506800337350728,0.3044868527691832,0.3643672436631247
639,X_3 - (sin((X_3)(sin((sin(X_3))(sin(X_3)))))),7,0.7006706894849039,0.6878558035071879,0.7006706894849039,0.6878558035071879,0.2874205829327574,0.32805118079955187
640,X_3 + (0.08706295618825965)(X_5),5,0.8113855466317855,0.7830723508537197,0.8113855466317855,0.7830723508537197,0.17482399576224783,0.23503656024735775
641,sin(X_3),2,0.6838896335537086,0.6506800337350728,0.6838896335537086,0.6506800337350728,0.3044868527691832,0.3643672436631247
642,X_3,1,0.8186895007439886,0.7806847611183233,0.8186895007439886,0.7806847611183233,0.16739590230598278,0.23736893586337304
643,sin(X_3),2,0.6838896335537086,0.6506800337350728,0.6838896335537086,0.6506800337350728,0.3044868527691832,0.3643672436631247
644,X_3,1,0.8186895007439886,0.7806847611183233,0.8186895007439886,0.7806847611183233,0.16739590230598278,0.23736893586337304
645,X_3,1,0.8186895007439886,0.7806847611183233,0.8186895007439886,0.7806847611183233,0.16739590230598278,0.23736893586337304
646,0.0006353421147879956 + X_3,3,0.8186890970843861,0.7806867891495989,0.8186890970843861,0.7806867891495989,0.167396312826258,0.2373669547312608
647,X_3 - (sin((sqrt(sin(log((exp((log(sqrt(0)))((0)^(-1))))^(sin(sqrt(0)))))))((X_46)^(-1)))),18,0.8186895007439886,0.7806847611183233,0.8186895007439886,0.7806847611183233,0.16739590230598278,0.23736893586337304
648,sin(X_3),2,0.6838896335537086,0.6506800337350728,0.6838896335537086,0.6506800337350728,0.3044868527691832,0.3643672436631247
649,sin(sin((X_3)((sin(sqrt(X_3)))(sqrt(X_3))))),7,0.6570203357884675,0.6176762840424626,0.6570203357884675,0.6176762840424626,0.33181282604863804,0.39660776634544137
650,sin(X_3),2,0.6838896335537086,0.6506800337350728,0.6838896335537086,0.6506800337350728,0.3044868527691832,0.3643672436631247
651,(0.5872945945974408)(X_3),3,0.6574781901030332,0.6150342000161756,0.6574781901030332,0.6150342000161756,0.3313471899581448,0.39918875095390116
652,X_3,1,0.8186895007439886,0.7806847611183233,0.8186895007439886,0.7806847611183233,0.16739590230598278,0.23736893586337304
653,X_3 - (sin((sin(1))(X_3))),6,0.7379385765248057,0.699554197744028,0.7379385765248057,0.699554197744028,0.24951928404762225,0.31662331735214555
654,X_3,1,0.8186895007439886,0.7806847611183233,0.8186895007439886,0.7806847611183233,0.16739590230598278,0.23736893586337304
655,X_3,1,0.8186895007439886,0.7806847611183233,0.8186895007439886,0.7806847611183233,0.16739590230598278,0.23736893586337304
656,sin(X_3),2,0.6838896335537086,0.6506800337350728,0.6838896335537086,0.6506800337350728,0.3044868527691832,0.3643672436631247
657,(0.5872945945974388)(X_3),3,0.6574781901030332,0.6150342000161758,0.6574781901030332,0.6150342000161758,0.3313471899581448,0.39918875095390105
658,X_3,1,0.8186895007439886,0.7806847611183233,0.8186895007439886,0.7806847611183233,0.16739590230598278,0.23736893586337304
659,X_3,1,0.8186895007439886,0.7806847611183233,0.8186895007439886,0.7806847611183233,0.16739590230598278,0.23736893586337304
660,X_3 - (sin(sin((X_3)(sin((X_34)(X_34)))))),8,0.6935316152965563,0.6658471522115854,0.6935316152965563,0.6658471522115854,0.29468099413573257,0.34955087183199063
661,X_3,1,0.8186895007439886,0.7806847611183233,0.8186895007439886,0.7806847611183233,0.16739590230598278,0.23736893586337304
662,X_3,1,0.8186895007439886,0.7806847611183233,0.8186895007439886,0.7806847611183233,0.16739590230598278,0.23736893586337304
663,X_3,1,0.8186895007439886,0.7806847611183233,0.8186895007439886,0.7806847611183233,0.16739590230598278,0.23736893586337304
664,(0.5872945945974402)(X_3),3,0.6574781901030332,0.6150342000161756,0.6574781901030332,0.6150342000161756,0.3313471899581448,0.39918875095390116
665,X_3,1,0.8186895007439886,0.7806847611183233,0.8186895007439886,0.7806847611183233,0.16739590230598278,0.23736893586337304
666,X_3,1,0.8186895007439886,0.7806847611183233,0.8186895007439886,0.7806847611183233,0.16739590230598278,0.23736893586337304
667,0.0006353421147888838 + X_3,3,0.818689097084386,0.7806867891495989,0.818689097084386,0.7806867891495989,0.1673963128262581,0.2373669547312608
668,X_3,1,0.8186895007439886,0.7806847611183233,0.8186895007439886,0.7806847611183233,0.16739590230598278,0.23736893586337304
669,X_3 - (sin((X_3)(sin((X_34)(X_34))))),7,0.7035591510177484,0.6909871928091356,0.7035591510177484,0.6909871928091356,0.2844830285777884,0.32499220632674475
670,0.0006353421147866634 + X_3,3,0.8186890970843861,0.7806867891495989,0.8186890970843861,0.7806867891495989,0.167396312826258,0.2373669547312608
671,X_3,1,0.8186895007439886,0.7806847611183233,0.8186895007439886,0.7806847611183233,0.16739590230598278,0.23736893586337304
672,sin(X_3),2,0.6838896335537086,0.6506800337350728,0.6838896335537086,0.6506800337350728,0.3044868527691832,0.3643672436631247
673,X_3 - (sin((X_3)(sqrt(X_34)))),6,0.7273532847858944,0.7203009329882428,0.7273532847858944,0.7203009329882428,0.26028448534688753,0.2963563599774539
674,X_3 - (sin((X_3)(sin(sqrt(X_3))))),6,0.7338055392306976,0.7116544715437539,0.7338055392306976,0.7116544715437539,0.25372256720182096,0.3048028679930337
675,sin(X_3),2,0.6838896335537086,0.6506800337350728,0.6838896335537086,0.6506800337350728,0.3044868527691832,0.3643672436631247
676,sin(X_3),2,0.6838896335537086,0.6506800337350728,0.6838896335537086,0.6506800337350728,0.3044868527691832,0.3643672436631247
677,X_3,1,0.8186895007439886,0.7806847611183233,0.8186895007439886,0.7806847611183233,0.16739590230598278,0.23736893586337304
678,X_3,1,0.8186895007439886,0.7806847611183233,0.8186895007439886,0.7806847611183233,0.16739590230598278,0.23736893586337304
679,X_3 - (sin((X_3)((sqrt(X_3))(sqrt(X_34))))),8,0.7127459680650382,0.7094337068097363,0.7127459680650382,0.7094337068097363,0.27514007070256497,0.3069722765131576
680,sin(sin(X_3)),3,0.6664624781126078,0.6416985954238905,0.6664624781126078,0.6416985954238905,0.3222102033413172,0.3731409820500794
681,((2)^(-1))((X_3)((sqrt(X_3))^(-1))),8,0.6714484691444214,0.6708175092500218,0.6714484691444214,0.6708175092500218,0.31713946949120564,0.34469545660404144
682,sin(X_3),2,0.6838896335537086,0.6506800337350728,0.6838896335537086,0.6506800337350728,0.3044868527691832,0.3643672436631247
683,X_3,1,0.8186895007439886,0.7806847611183233,0.8186895007439886,0.7806847611183233,0.16739590230598278,0.23736893586337304
684,X_3,1,0.8186895007439886,0.7806847611183233,0.8186895007439886,0.7806847611183233,0.16739590230598278,0.23736893586337304
685,X_3,1,0.8186895007439886,0.7806847611183233,0.8186895007439886,0.7806847611183233,0.16739590230598278,0.23736893586337304
686,(0.5872945945974412)(X_3),3,0.6574781901030332,0.6150342000161755,0.6574781901030332,0.6150342000161755,0.3313471899581448,0.3991887509539013
687,sin(X_3),2,0.6838896335537086,0.6506800337350728,0.6838896335537086,0.6506800337350728,0.3044868527691832,0.3643672436631247
688,sin(X_3),2,0.6838896335537086,0.6506800337350728,0.6838896335537086,0.6506800337350728,0.3044868527691832,0.3643672436631247
689,sin(X_3),2,0.6838896335537086,0.6506800337350728,0.6838896335537086,0.6506800337350728,0.3044868527691832,0.3643672436631247
690,0.0006353421147853311 + X_3,3,0.818689097084386,0.7806867891495989,0.818689097084386,0.7806867891495989,0.1673963128262581,0.2373669547312608
691,sin(sin(X_3)),3,0.6664624781126078,0.6416985954238905,0.6664624781126078,0.6416985954238905,0.3222102033413172,0.3731409820500794
692,sin(X_3),2,0.6838896335537086,0.6506800337350728,0.6838896335537086,0.6506800337350728,0.3044868527691832,0.3643672436631247
693,(0.5872945945974408)(X_3),3,0.6574781901030332,0.6150342000161756,0.6574781901030332,0.6150342000161756,0.3313471899581448,0.39918875095390116
694,0.0006353421147879956 + X_3,3,0.8186890970843861,0.7806867891495989,0.8186890970843861,0.7806867891495989,0.167396312826258,0.2373669547312608
695,X_3,1,0.8186895007439886,0.7806847611183233,0.8186895007439886,0.7806847611183233,0.16739590230598278,0.23736893586337304
696,sin(X_3),2,0.6838896335537086,0.6506800337350728,0.6838896335537086,0.6506800337350728,0.3044868527691832,0.3643672436631247
697,sin(X_3),2,0.6838896335537086,0.6506800337350728,0.6838896335537086,0.6506800337350728,0.3044868527691832,0.3643672436631247
698,X_3,1,0.8186895007439886,0.7806847611183233,0.8186895007439886,0.7806847611183233,0.16739590230598278,0.23736893586337304
699,X_3,1,0.8186895007439886,0.7806847611183233,0.8186895007439886,0.7806847611183233,0.16739590230598278,0.23736893586337304
700,sin(sin((X_3)(sqrt(X_3)))),5,0.6602055031990398,0.6295856294045519,0.6602055031990398,0.6295856294045519,0.32857352294841025,0.38497383011534214
701,X_3,1,0.8186895007439886,0.7806847611183233,0.8186895007439886,0.7806847611183233,0.16739590230598278,0.23736893586337304
702,X_3 - (sqrt(0)),4,0.8186895007439886,0.7806847611183233,0.8186895007439886,0.7806847611183233,0.16739590230598278,0.23736893586337304
703,X_3,1,0.8186895007439886,0.7806847611183233,0.8186895007439886,0.7806847611183233,0.16739590230598278,0.23736893586337304
704,sin(X_3),2,0.6838896335537086,0.6506800337350728,0.6838896335537086,0.6506800337350728,0.3044868527691832,0.3643672436631247
705,X_3,1,0.8186895007439886,0.7806847611183233,0.8186895007439886,0.7806847611183233,0.16739590230598278,0.23736893586337304
706,X_3,1,0.8186895007439886,0.7806847611183233,0.8186895007439886,0.7806847611183233,0.16739590230598278,0.23736893586337304
707,X_3,1,0.8186895007439886,0.7806847611183233,0.8186895007439886,0.7806847611183233,0.16739590230598278,0.23736893586337304
708,X_3 + (-0.07513860493257823)(-0.019178240028769444 + X_17),7,0.8129396358430337,0.7787184477774972,0.8129396358430337,0.7787184477774972,0.17324349296565478,0.23928977729672207
709,X_3,1,0.8186895007439886,0.7806847611183233,0.8186895007439886,0.7806847611183233,0.16739590230598278,0.23736893586337304
710,X_3 - (sin((sin(1))(X_3))),6,0.7379385765248057,0.699554197744028,0.7379385765248057,0.699554197744028,0.24951928404762225,0.31662331735214555
711,X_3,1,0.8186895007439886,0.7806847611183233,0.8186895007439886,0.7806847611183233,0.16739590230598278,0.23736893586337304
712,X_3 - (sin(X_3)),3,0.7826752805795778,0.7372714059123779,0.7826752805795778,0.7372714059123779,0.20402222676341553,0.2797783371062307
713,sin(X_3),2,0.6838896335537086,0.6506800337350728,0.6838896335537086,0.6506800337350728,0.3044868527691832,0.3643672436631247
714,(0.5872945945974375)(X_3),3,0.6574781901030332,0.6150342000161758,0.6574781901030332,0.6150342000161758,0.3313471899581448,0.39918875095390105
715,X_3,1,0.8186895007439886,0.7806847611183233,0.8186895007439886,0.7806847611183233,0.16739590230598278,0.23736893586337304
716,0.0006353421147884397 + X_3,3,0.818689097084386,0.7806867891495989,0.818689097084386,0.7806867891495989,0.1673963128262581,0.2373669547312608
717,sin(X_3),2,0.6838896335537086,0.6506800337350728,0.6838896335537086,0.6506800337350728,0.3044868527691832,0.3643672436631247
718,0.0006353421147884397 + X_3,3,0.818689097084386,0.7806867891495989,0.818689097084386,0.7806867891495989,0.1673963128262581,0.2373669547312608
719,(0.5872945945974412)(X_3),3,0.6574781901030332,0.6150342000161755,0.6574781901030332,0.6150342000161755,0.3313471899581448,0.3991887509539013
720,sin(X_3),2,0.6838896335537086,0.6506800337350728,0.6838896335537086,0.6506800337350728,0.3044868527691832,0.3643672436631247
721,X_3 + (sqrt(sin(sqrt(X_3))))^(X_3) - (sqrt(X_3 + (X_34)(X_34))),11,0.7948019557329328,0.7833666860394203,0.7948019557329328,0.7833666860394203,0.19168944441441493,0.23474903169926353
722,sin(X_3),2,0.6838896335537086,0.6506800337350728,0.6838896335537086,0.6506800337350728,0.3044868527691832,0.3643672436631247
723,X_3,1,0.8186895007439886,0.7806847611183233,0.8186895007439886,0.7806847611183233,0.16739590230598278,0.23736893586337304
724,X_3,1,0.8186895007439886,0.7806847611183233,0.8186895007439886,0.7806847611183233,0.16739590230598278,0.23736893586337304
725,X_3,1,0.8186895007439886,0.7806847611183233,0.8186895007439886,0.7806847611183233,0.16739590230598278,0.23736893586337304
726,X_3,1,0.8186895007439886,0.7806847611183233,0.8186895007439886,0.7806847611183233,0.16739590230598278,0.23736893586337304
727,X_3,1,0.8186895007439886,0.7806847611183233,0.8186895007439886,0.7806847611183233,0.16739590230598278,0.23736893586337304
728,sin(X_3),2,0.6838896335537086,0.6506800337350728,0.6838896335537086,0.6506800337350728,0.3044868527691832,0.3643672436631247
729,X_3,1,0.8186895007439886,0.7806847611183233,0.8186895007439886,0.7806847611183233,0.16739590230598278,0.23736893586337304
730,(1.5872945945974415)(X_3) - (X_3),4,0.6574781901030332,0.6150342000161756,0.6574781901030332,0.6150342000161756,0.3313471899581448,0.39918875095390116
731,sin(X_3),2,0.6838896335537086,0.6506800337350728,0.6838896335537086,0.6506800337350728,0.3044868527691832,0.3643672436631247
732,X_3,1,0.8186895007439886,0.7806847611183233,0.8186895007439886,0.7806847611183233,0.16739590230598278,0.23736893586337304
733,sin(X_3),2,0.6838896335537086,0.6506800337350728,0.6838896335537086,0.6506800337350728,0.3044868527691832,0.3643672436631247
734,X_3,1,0.8186895007439886,0.7806847611183233,0.8186895007439886,0.7806847611183233,0.16739590230598278,0.23736893586337304
735,X_3,1,0.8186895007439886,0.7806847611183233,0.8186895007439886,0.7806847611183233,0.16739590230598278,0.23736893586337304
736,X_3,1,0.8186895007439886,0.7806847611183233,0.8186895007439886,0.7806847611183233,0.16739590230598278,0.23736893586337304
737,sin(X_3),2,0.6838896335537086,0.6506800337350728,0.6838896335537086,0.6506800337350728,0.3044868527691832,0.3643672436631247
738,sin(X_3),2,0.6838896335537086,0.6506800337350728,0.6838896335537086,0.6506800337350728,0.3044868527691832,0.3643672436631247
