Id,Expression,size,MSE_train,MSE_test,nll_train,nll_test,R2_train,R2_test
0,0.52765,1,0.03447771476086957,0.009968880075757578,0.03447771476086957,0.009968880075757578,-1.97382332700613e-10,-0.005862909441849196
1,powabs((x0; -0.15540229),3,0.007091016773916199,0.0026522609864401197,0.007091016773916199,0.0026522609864401197,0.7943304298298859,0.7323860923046535
2,powabs((x0 * -0.1774586; -0.2669603),5,0.001230717373702095,0.0014639567497814752,0.001230717373702095,0.0014639567497814752,0.9643039748289287,0.8522863366354296
3,powabs((0.28356016 - (x0 * -0.15276708); -0.27832323),7,0.0012242118420544988,0.0014700598457769941,0.0012242118420544988,0.0014700598457769941,0.9644926628465076,0.8516705324680605
4,powabs((5.534402 - sqrtabs(x0 - -39.9247); -0.41805467),8,0.001218409404568289,0.0015388242409275343,0.001218409404568289,0.0015388242409275343,0.9646609581505207,0.8447321849258591
5,(powabs(((x0; -0.27562594) / 0.6074081) * powabs(0.9765504; sin(x0)),10,0.0012083762860578256,0.0017162537776256453,0.0012083762860578256,0.0017162537776256453,0.9649519611529537,0.8268294928834414
6,powabs((((x0 * -0.59044015) + sin(1.4303145)) * sin(x0 + 0.25840464); -0.21316606),13,0.0012061103022097265,0.0014216276175779523,0.0012061103022097265,0.0014216276175779523,0.9650176842980132,0.8565573584301369
7,powabs(((((x0 * sin(sin(sin(x0)))) + -4.1882453) * x0) * 0.13728932; -0.12014305),14,0.0012050682955639172,0.0029612338136732674,0.0012050682955639172,0.0029612338136732674,0.9650479069114677,0.7012106438513236
8,(powabs(((((x0; -0.2753529) / 0.6097528) * powabs(0.5188961; powabs(powabs(sin(x1 / -1.7162701); 0.502056); x0)),16,0.0011028919482058434,0.0014256336502495473,0.0011028919482058434,0.0014256336502495473,0.9680114544692718,0.8561531485642596
