Id,Expression,size,MSE_train,MSE_test,nll_train,nll_test,R2_train,R2_test
0,0.5276559,1,0.034477714826462176,0.009968790162385758,0.034477714826462176,0.009968790162385758,-2.099846296843566e-09,-0.0058538371563878755
1,powabs((x0; -0.15540175),3,0.007091016687992285,0.0026522447216087044,0.007091016687992285,0.0026522447216087044,0.794330432322044,0.7323877334308908
2,sqrtabs(powabs((x0; -0.31077608)),4,0.007091015435155485,0.0026518326832496186,0.007091015435155485,0.0026518326832496186,0.7943304686596264,0.7324293082215917
3,sqrtabs(sqrtabs(4.979132 / x0)),5,0.001341359520537207,0.001386408436994401,0.001341359520537207,0.001386408436994401,0.9610948831700312,0.8601109840310786
4,powabs((2.3738403 / sqrtabs(x0); 0.5338943),6,0.0012307172161905493,0.0014637700638135379,0.0012307172161905493,0.0014637700638135379,0.9643039793974317,0.852305173304086
5,sqrtabs(sqrtabs((x1 / x0) + (4.979132 / powabs((x1; x1)))),11,0.0011790135751870462,0.0007883536845023941,0.0011790135751870462,0.0007883536845023941,0.9658036043398711,0.9204548831226141
6,powabs(((sqrtabs((x1 / x0) + (4.979132 / powabs(x1; x1))); 0.5249779),12,0.0009408466239726149,0.0007349528516387444,0.0009408466239726149,0.0007349528516387444,0.9727114563513318,0.9258430427456265
7,sqrtabs(powabs((((x1 / x0) + (4.979132 / powabs(x1 + -0.508948; x1)); 0.5359769)),14,0.0008575454262329412,0.0006975709399885122,0.0008575454262329412,0.0006975709399885122,0.9751275444921461,0.9296148885424717
