Id,Expression,size,MSE_train,MSE_test,nll_train,nll_test,R2_train,R2_test
0,0.5276465,1,0.034477714754858696,0.009968933447098486,0.034477714754858696,0.009968933447098486,-2.30415686530705e-11,-0.0058682946257251345
1,powabs((x0; -0.1600832),3,0.007193724120179531,0.002893033715689437,0.007193724120179531,0.002893033715689437,0.7913514810510599,0.7080920536446922
2,1.8473907 / log(x0),4,0.005868564873749444,0.007814188758195879,0.005868564873749444,0.007814188758195879,0.8297867212020584,0.21154607342897724
3,powabs((5.6399956 / x0; 0.26708078),5,0.0012307246723790525,0.001464811989349195,0.0012307246723790525,0.001464811989349195,0.9643037631363321,0.8522000427134124
4,sqrtabs(((0.23933397 * x1) + (sqrtabs(x0) + sqrtabs(x0))) / x0),12,0.0011989438845151287,0.0014383174341514589,0.0011989438845151287,0.0014383174341514589,0.9652255408147724,0.8548733510663106
5,sqrtabs(((sqrtabs(x0) + sqrtabs(x0)) + sqrtabs(x1)) / (x0 + 1.8473907)),13,0.0011918388445888474,0.0013807825950614616,0.0011918388445888474,0.0013807825950614616,0.9654316171158545,0.8606786331242287
6,sin(sqrtabs((sqrtabs(x0 / sqrtabs(sqrtabs(x1))) + (sqrtabs(x0) + x1)) / x0)),15,0.0011712341841285919,0.0013971857782865034,0.0011712341841285919,0.0013971857782865034,0.9660292396847292,0.8590235471489273
7,sin(sqrtabs((((x1 + (sqrtabs(x0) + (x0 / x1))) / x1) + (sqrtabs(x0) + x1)) / x0)),19,0.0011155262614357124,0.001342019810166893,0.0011155262614357124,0.001342019810166893,0.9676450057843752,0.864589809434488
