Id,Expression,size,MSE_train,MSE_test,nll_train,nll_test,R2_train,R2_test
0,0.52763945,1,0.03447771481712859,0.009969041026605532,0.03447771481712859,0.009969041026605532,-1.8291326231434368e-09,-0.005879149429387276
1,powabs((x0; -0.15539762),3,0.007091016122510353,0.002652120415368775,0.007091016122510353,0.002652120415368775,0.7943304487234191,0.7324002759667831
2,2.0677063 / log(x0),4,0.0017815779156896458,0.0020061763891190024,0.0017815779156896458,0.0020061763891190024,0.9483266820786134,0.7975762167587886
3,powabs((x0 * 0.17747077; -0.26694107),5,0.0012307171645373825,0.0014637517511549018,0.0012307171645373825,0.0014637517511549018,0.9643039808955928,0.8523070210566875
4,powabs(((x0 * -0.42359155) + 9.565737; -0.22552949),7,0.0012199036700414668,0.0090483412002276,0.0012199036700414668,0.0090483412002276,0.9646176181123587,0.08701973179351019
5,powabs((((x1 - x0) * -0.1588957) + 1.0068519; -0.2753493),9,0.0011665090990688291,0.0013899796138211642,0.0011665090990688291,0.0013899796138211642,0.9661662871976943,0.859750651246874
6,powabs(((((x1 - -0.13273124) - x0) * -0.1588957) + 1.0068519; -0.2753493),11,0.0011655842992329183,0.0013917166214164674,0.0011655842992329183,0.0013917166214164674,0.9661931103164104,0.859575386673496
7,powabs((sin(sin((x0 + (x0 + -2.0037827)) + -2.002271)) + -1.9373504; -1.181757),13,0.0011312944179547584,0.0052971197289908315,0.0011312944179547584,0.0052971197289908315,0.9671876623487234,0.4655190731783755
8,powabs((((powabs(-0.2782882 - powabs(sin(-0.45865735 - x0); 0.98715967); x1) - -1.356135; -0.77250415),14,0.0008084678873949826,0.009366113608869384,0.0008084678873949826,0.009366113608869384,0.9765510013305136,0.05495640300755522
