Id,Expression,size,MSE_train,MSE_test,nll_train,nll_test,R2_train,R2_test
0,0.5276464,1,0.034477714755046955,0.00996893497235394,0.034477714755046955,0.00996893497235394,-2.8501867532781944e-11,-0.005868448524445569
1,powabs((x0; -0.15540513),3,0.007091017271438381,0.0026523465719980703,0.007091017271438381,0.0026523465719980703,0.7943304153996319,0.7323774566968748
2,sqrtabs(powabs((x0; -0.3107866)),4,0.007091015704534142,0.002651990560029743,0.007091015704534142,0.002651990560029743,0.7943304608465025,0.7324133784083948
3,powabs((x0 * -0.17765057; -0.2594011),5,0.001308852206816317,0.0014420246301981964,0.001308852206816317,0.0014420246301981964,0.9620377331806185,0.8544992939031082
4,sqrtabs(powabs((x0 * -0.17765057; -0.52571386)),6,0.001252842558782306,0.0014306931729541825,0.001252842558782306,0.0014306931729541825,0.9636622505952307,0.8556426412465472
5,sqrtabs(sqrtabs(powabs((sqrtabs(x0 * -0.17765057); -2.1346502))),8,0.0012307231353589276,0.0014631976198398366,0.0012307231353589276,0.0014631976198398366,0.9643038077164366,0.8523629330681219
6,sqrtabs(sqrtabs(sqrtabs(sin(powabs((x0 * -0.17765057; -2.1346502))))),9,0.0012305270350928595,0.0014631698138707619,0.0012305270350928595,0.0014631698138707619,0.9643094954561104,0.8523657386985178
7,sqrtabs(sqrtabs(sqrtabs(sin(sin(powabs((x0 * -0.17765057; -2.1346502)))))),10,0.0012303680569208395,0.0014631421020938732,0.0012303680569208395,0.0014631421020938732,0.9643141064975659,0.8523685348248946
8,powabs(((((-0.23293126; powabs(powabs(1.7558287; powabs(x0; -0.57760966)); -20.851833) + 0.095191166),11,0.0012130514318660418,0.001799923016246105,0.0012130514318660418,0.001799923016246105,0.9648163620901514,0.8183872422845783
