Id,Expression,size,MSE_train,MSE_test,nll_train,nll_test,R2_train,R2_test
0,0.5276464,1,0.034477714755046955,0.00996893497235394,0.034477714755046955,0.00996893497235394,-2.8501867532781944e-11,-0.005868448524445569
1,powabs((x0; -0.1553988),3,0.007091016267530206,0.002652155915265711,0.007091016267530206,0.002652155915265711,0.7943304445172281,0.7323966940168203
2,sqrtabs(powabs((x0; -0.31079835)),4,0.007091016316388859,0.002652167199721665,0.007091016316388859,0.002652167199721665,0.7943304431001199,0.7323955554119208
3,powabs((x0; -0.26694545) / 0.6303004,5,0.001230717283749953,0.0014637265917538313,0.001230717283749953,0.0014637265917538313,0.9643039774379224,0.8523095596475994
4,powabs(((x0 * -0.42248917) + 9.549297; -0.22568737),7,0.0012199189624702682,0.009134175389200326,0.0012199189624702682,0.009134175389200326,0.9646171745670451,0.07835903707217995
5,powabs((sqrtabs(x0 + 40.18276) + -5.5528426; -0.41825458),8,0.0012183528627644322,0.0015398845008571232,0.0012183528627644322,0.0015398845008571232,0.9646625981027118,0.8446252043894864
6,powabs(((-0.37277555; powabs(sin(x0 + 0.5468697); 3.595297)) * 0.7694594,10,0.0011141231832030294,0.012044590857030878,0.0011141231832030294,0.012044590857030878,0.9676857010056997,-0.21530273314769377
