Id,Expression,size,MSE_train,MSE_test,nll_train,nll_test,R2_train,R2_test
0,0.5276465,1,0.034477714754858696,0.009968933447098486,0.034477714754858696,0.009968933447098486,-2.30415686530705e-11,-0.0058682946257251345
1,powabs((x0; -0.15538526),3,0.007091015399042635,0.0026517493465205693,0.007091015399042635,0.0026517493465205693,0.7943304697070522,0.7324377169218778
2,powabs((x0 / 5.6142225; -0.26670724),5,0.001230831724269794,0.0014641069961359775,0.001230831724269794,0.0014641069961359775,0.9643006581773317,0.8522711767344052
3,(28.747967 / (x0 + 40.70756)) + 0.2520551,7,0.0012167409063193642,0.0019068688230566835,0.0012167409063193642,0.0019068688230566835,0.964709351678364,0.8075963791611778
4,powabs((log(x0 + 34.552025) + -2.568882; -0.9129924),8,0.001214096171793032,0.001632217538839572,0.001214096171793032,0.001632217538839572,0.9647860601999466,0.8353087739061381
5,powabs(((2.8011785 / x1) + (x0 / 7.8466005); -0.2916327),9,0.0011802978122532597,0.001407746509185888,0.0011802978122532597,0.001407746509185888,0.9657663560165592,0.8579579663186272
6,powabs(((sin((x0 + x0) + -0.2689472) + -0.792583) * -0.2043152; 0.26087093),12,0.0011142616858524045,0.012057694620320499,0.0011142616858524045,0.012057694620320499,0.9676816838412687,-0.2166249066884498
