Id,Expression,size,MSE_train,MSE_test,nll_train,nll_test,R2_train,R2_test
0,0.5276465,1,0.034477714754858696,0.009968933447098486,0.034477714754858696,0.009968933447098486,-2.30415686530705e-11,-0.0058682946257251345
1,powabs((x0; -0.15539853),3,0.007091016233179787,0.0026521477912664765,0.007091016233179787,0.0026521477912664765,0.794330445513536,0.7323975137307144
2,powabs((0.9385297; sqrtabs(x0)),4,0.003913236236993731,0.0046709098736536,0.003913236236993731,0.0046709098736536,0.8864995471739485,0.528703830365135
3,sqrtabs(-2.1356235 / sqrtabs(x0)),5,0.001487976662562616,0.0015285955182116964,0.001487976662562616,0.0015285955182116964,0.9568423640262523,0.84576426603353
4,powabs(((0.80997336; powabs(x0 + -12.813803; 0.28357017)),7,0.00126448941557641,0.0014574299094189524,0.00126448941557641,0.0014574299094189524,0.9633244423362674,0.8529448967331155
5,powabs((sqrtabs(sqrtabs(sqrtabs(x0 / -5.635176))); -2.1356235),8,0.0012307172292232115,0.0014638418937984133,0.0012307172292232115,0.0014638418937984133,0.9643039790194292,0.8522979256376457
6,powabs(((((-0.14114846; powabs(powabs(-0.028900208; powabs(x0; -0.3989277)); 1.6614935)),9,0.001216887614853048,0.0015664009813176932,0.001216887614853048,0.0015664009813176932,0.9647050965084744,0.8419496837711685
7,powabs(((((0.14990819; powabs(0.12425257; sqrtabs(powabs(powabs(x0 * 0.075937055; -1.3704718); 0.60522556)))),12,0.0012140189500977395,0.001593412955847299,0.0012140189500977395,0.001593412955847299,0.9647882999567241,0.8392241676566562
8,sin(powabs(((((((((0.2667964; powabs(powabs(-0.046587117; powabs(x0; powabs(0.8827311; x0))); powabs(0.8079498; powabs(powabs(x0; 0.7254094); 0.6074606))))),18,0.0012040897328345432,0.001456357038658185,0.0012040897328345432,0.001456357038658185,0.965076289382184,0.8530531497060352
