Id,Expression,size,MSE_train,MSE_test,nll_train,nll_test,R2_train,R2_test
0,7.80694,1,0.14150096175571247,0.1819070378004598,0.14150096175571247,0.1819070378004598,-1.0643841363844331e-10,-0.143368602870394
1,x2 + 4.4207606,3,0.03944305997241998,0.03953176598015925,0.03944305997241998,0.03953176598015925,0.7212523541379683,0.7515248415659715
2,sqrtabs(x2) * 4.246167,4,0.03478823389417953,0.0330691720596661,0.03478823389417953,0.0330691720596661,0.7541484279241805,0.7921451884812918
3,4.246167 + powabs((-1.4569627; x2),5,0.03080434716450289,0.02790057320085256,0.03080434716450289,0.02790057320085256,0.7823029130998959,0.8246321869364126
4,(exp(x3) + 4.246167) + x2,6,0.016107161067022074,0.014477840558037325,0.016107161067022074,0.014477840558037325,0.8861692467041749,0.9090001765100393
5,(exp(exp(x3)) + x2) + 3.2562754,7,0.01431067710171024,0.012238089783265915,0.01431067710171024,0.012238089783265915,0.8988651601680318,0.9230780304792593
6,(3.1977248 + sqrtabs(x3 + x2)) + x2,8,0.007728786550606586,0.002503475102966955,0.007728786550606586,0.002503475102966955,0.9453799715879514,0.9842645184847658
7,(sqrtabs(x3 + x2) + (sqrtabs(4.4207606) + x2)) + sqrtabs(sqrtabs(1.4173409)),13,0.007551075026649902,0.002471712913985292,0.007551075026649902,0.002471712913985292,0.9466358748819685,0.9844641583122249
8,(sqrtabs(x3 + x2) + (sqrtabs(4.4207606) + x2)) + sqrtabs(sqrtabs(sqrtabs(x1))),14,0.005836140490157813,0.004652176112049487,0.005836140490157813,0.004652176112049487,0.9587554712111814,0.9707589537718941
