Id,Expression,size,MSE_train,MSE_test,nll_train,nll_test,R2_train,R2_test
0,7.80694,1,0.14150096175571247,0.1819070378004598,0.14150096175571247,0.1819070378004598,-1.0643841363844331e-10,-0.143368602870394
1,x2 + 4.4206324,3,0.03944304205334999,0.03952066612624024,0.03944304205334999,0.03952066612624024,0.7212524807736447,0.7515946092045461
2,sqrtabs(x2) * 4.246167,4,0.03478823389417953,0.0330691720596661,0.03478823389417953,0.0330691720596661,0.7541484279241805,0.7921451884812918
3,x2 + (sqrtabs(x2) + 2.58169),6,0.03254530805118678,0.029948628186349417,0.03254530805118678,0.029948628186349417,0.769999386217338,0.8117592283324803
4,(sqrtabs(sin(x2)) + 3.9153278) + x2,7,0.03031343040560826,0.02567363190850622,0.03031343040560826,0.02567363190850622,0.7857722659075072,0.8386295274730523
5,(sqrtabs(x2 + x3) + 3.2036731) + x2,8,0.008049021605040969,0.0026095742651558586,0.008049021605040969,0.0026095742651558586,0.9431168417088674,0.9835976369154518
6,(sqrtabs(x2 + (-0.11353038 + x3)) + 3.2036731) + x2,10,0.00706208374715271,0.004107842008003398,0.00706208374715271,0.004107842008003398,0.9500916201538164,0.9741803415948358
