Id,Expression,size,MSE_train,MSE_test,nll_train,nll_test,R2_train,R2_test
0,7.806958,1,0.1415009619400013,0.18191247514717057,0.1415009619400013,0.18191247514717057,-1.4088239463916352e-09,-0.14340277907153065
1,x2 + 4.4206324,3,0.03944304205334999,0.03952066612624024,0.03944304205334999,0.03952066612624024,0.7212524807736447,0.7515946092045461
2,sqrtabs(x2) * 4.246167,4,0.03478823389417953,0.0330691720596661,0.03478823389417953,0.0330691720596661,0.7541484279241805,0.7921451884812918
3,(x2 + 2.3948145) / 0.7403699,5,0.03196308985881277,0.029171310015126163,0.03196308985881277,0.029171310015126163,0.7741139744520182,0.8166450271567798
4,x2 + (4.246167 + exp(x3)),6,0.016107161067022074,0.014477840558037325,0.016107161067022074,0.014477840558037325,0.8861692467041749,0.9090001765100393
5,x2 + (3.1289606 + sqrtabs(x3 + x2)),8,0.009164314908833439,0.006414481046646239,0.009164314908833439,0.006414481046646239,0.9352349638044852,0.9596820644152999
6,(sqrtabs(x3 + x2) + (4.4206324 + -1.2575753)) + x2,10,0.007270465711006988,0.0032931745164814824,0.007270465711006988,0.0032931745164814824,0.9486189661075761,0.9793008979122175
