Id,Expression,size,MSE_train,MSE_test,nll_train,nll_test,R2_train,R2_test
0,7.80694,1,0.14150096175571247,0.1819070378004598,0.14150096175571247,0.1819070378004598,-1.0643841363844331e-10,-0.143368602870394
1,x2 + 4.4206324,3,0.03944304205334999,0.03952066612624024,0.03944304205334999,0.03952066612624024,0.7212524807736447,0.7515946092045461
2,sqrtabs(x2) * 4.246167,4,0.03478823389417953,0.0330691720596661,0.03478823389417953,0.0330691720596661,0.7541484279241805,0.7921451884812918
3,(x2 + 2.380115) * 1.3538601,5,0.031960260314094865,0.029152881328292635,0.031960260314094865,0.029152881328292635,0.7741339710985645,0.8167608598489745
4,x2 + (exp(x3) + 4.246167),6,0.016107161067022074,0.014477840558037325,0.016107161067022074,0.014477840558037325,0.8861692467041749,0.9090001765100393
5,(sqrtabs(x2 + x3) + 3.1488075) + x2,8,0.007779132266076138,0.0043148197058059815,0.007779132266076138,0.0043148197058059815,0.9450241738968952,0.9728793924725624
