Id,Expression,size,MSE_train,MSE_test,nll_train,nll_test,R2_train,R2_test
0,7.80694,1,0.14150096175571247,0.1819070378004598,0.14150096175571247,0.1819070378004598,-1.0643841363844331e-10,-0.143368602870394
1,x2 + 4.4206324,3,0.03944304205334999,0.03952066612624024,0.03944304205334999,0.03952066612624024,0.7212524807736447,0.7515946092045461
2,sqrtabs(x2) * 4.246167,4,0.03478823389417953,0.0330691720596661,0.03478823389417953,0.0330691720596661,0.7541484279241805,0.7921451884812918
3,(x2 + 2.5816922) / 0.7669756,5,0.0327712795638087,0.029472112714529458,0.0327712795638087,0.029472112714529458,0.7684024252508388,0.8147543451561545
4,sqrtabs(x2) + (x2 + 2.5816898),6,0.03254530805206115,0.02994862282845818,0.03254530805206115,0.02994862282845818,0.7699993862111588,0.8117592620092675
5,((x2 / x4) + x2) + 4.2194085,7,0.022849853854077836,0.030757509726962597,0.022849853854077836,0.030757509726962597,0.8385180314466133,0.8066750393524308
6,(x2 - -3.7262964) + sqrtabs(powabs((x3; -1.075608)),8,0.014815533998447188,0.01340760885371179,0.014815533998447188,0.01340760885371179,0.8952972911548001,0.9157270703307422
7,(x2 - -3.7262964) + sqrtabs(sqrtabs(x2) - sqrtabs(x3)),10,0.00955655876946616,0.0068175628443427295,0.00955655876946616,0.0068175628443427295,0.9324629412273409,0.9571485116872287
