Id,Expression,size,MSE_train,MSE_test,nll_train,nll_test,R2_train,R2_test
0,7.80694,1,0.14150096175571247,0.1819070378004598,0.14150096175571247,0.1819070378004598,-1.0643841363844331e-10,-0.143368602870394
1,x2 + 4.4206324,3,0.03944304205334999,0.03952066612624024,0.03944304205334999,0.03952066612624024,0.7212524807736447,0.7515946092045461
2,sqrtabs(x2) * 4.246167,4,0.03478823389417953,0.0330691720596661,0.03478823389417953,0.0330691720596661,0.7541484279241805,0.7921451884812918
3,powabs((-1.4746352; x2) + 4.065037,5,0.02929474893306191,0.02534025852332106,0.02929474893306191,0.02534025852332106,0.7929713793270572,0.840724931071848
4,sqrtabs(-2.077906 / x3) + (x2 + 3.3818617),8,0.02002495263978322,0.016647241776433966,0.02002495263978322,0.016647241776433966,0.8584818619361347,0.8953645015513586
5,(log(sqrtabs(x3 + x2)) + x2) + 4.246167,9,0.009094451645090809,0.0052174923957530525,0.009094451645090809,0.0052174923957530525,0.935728693761393,0.9672056833910799
6,(sqrtabs(x3 + x2) + (sin(x2) + x2)) + x2,11,0.0077039875243393174,0.004840329753228758,0.0077039875243393174,0.004840329753228758,0.9455552285329375,0.9695763224210604
7,sqrtabs(sqrtabs(x1)) + (x2 + (sqrtabs(4.246167) + sqrtabs(x3 + x2))),13,0.006484481040968892,0.006348247978714315,0.006484481040968892,0.006348247978714315,0.954173590333231,0.9600983694206523
