Id,Expression,size,MSE_train,MSE_test,nll_train,nll_test,R2_train,R2_test
0,7.80694,1,0.14150096175571247,0.1819070378004598,0.14150096175571247,0.1819070378004598,-1.0643841363844331e-10,-0.143368602870394
1,x2 + 4.4206324,3,0.03944304205334999,0.03952066612624024,0.03944304205334999,0.03952066612624024,0.7212524807736447,0.7515946092045461
2,sqrtabs(x2) * 4.246167,4,0.03478823389417953,0.0330691720596661,0.03478823389417953,0.0330691720596661,0.7541484279241805,0.7921451884812918
3,powabs((-1.4753325; x2) + 4.0594397,5,0.029293807009092877,0.025333743635564874,0.029293807009092877,0.025333743635564874,0.7929780359883084,0.8407658801093438
4,(x2 + 4.0594397) + powabs((-1.4753325; x3),7,0.02558988568602734,0.02838427862725634,0.02558988568602734,0.02838427862725634,0.8191539805013516,0.8215918779726947
5,(sqrtabs(x3 + x2) + 3.1669233) + x2,8,0.0072024936597914506,0.0030860211552110354,0.0072024936597914506,0.0030860211552110354,0.9490993306957696,0.9806029511594124
6,(sqrtabs(3.306692) + (1.3583441 + sqrtabs(x3 + x2))) + x2,11,0.0071644363149108575,0.0026932969147391863,0.0071644363149108575,0.0026932969147391863,0.9493682853686739,0.9830714019217969
