Id,Expression,size,MSE_train,MSE_test,nll_train,nll_test,R2_train,R2_test
0,7.80694,1,0.14150096175571247,0.1819070378004598,0.14150096175571247,0.1819070378004598,-1.0643841363844331e-10,-0.143368602870394
1,x2 + 4.4206324,3,0.03944304205334999,0.03952066612624024,0.03944304205334999,0.03952066612624024,0.7212524807736447,0.7515946092045461
2,sqrtabs(x2) * 4.246167,4,0.03478823389417953,0.0330691720596661,0.03478823389417953,0.0330691720596661,0.7541484279241805,0.7921451884812918
3,powabs((x2; 1.146285) + 3.7574134,5,0.0316196333450497,0.0286691485675952,0.0316196333450497,0.0286691485675952,0.7765412124689058,0.8198013406211806
4,-6.7118516 / sin(-3.514046 / x2),6,0.02937708970186597,0.02543428768187978,0.02937708970186597,0.02543428768187978,0.7923894697217007,0.8401339149740085
5,(x2 + sqrtabs(x3 + x2)) + 3.2184117,8,0.009147390705288812,0.0031773609701900613,0.009147390705288812,0.0031773609701900613,0.935354568670321,0.9800288388111394
6,(x2 + (sqrtabs(x3 + x2) + 2.5802398)) + 0.60362756,10,0.00725720873008237,0.0025307583484007845,0.00725720873008237,0.0025307583484007845,0.948712654381928,0.9840930308579503
