Id,Expression,size,MSE_train,MSE_test,nll_train,nll_test,R2_train,R2_test
0,7.80694,1,0.14150096175571247,0.1819070378004598,0.14150096175571247,0.1819070378004598,-1.0643841363844331e-10,-0.143368602870394
1,x2 + 4.4206324,3,0.03944304205334999,0.03952066612624024,0.03944304205334999,0.03952066612624024,0.7212524807736447,0.7515946092045461
2,sqrtabs(x2 * 18.030016),4,0.03478823419029258,0.03307001685762451,0.03478823419029258,0.03307001685762451,0.754148425831523,0.7921398785412637
3,(x2 + 2.3800805) * 1.3538687,5,0.0319602603351561,0.029152912815541547,0.0319602603351561,0.029152912815541547,0.774133970949723,0.8167606619372706
4,powabs((4.4206324; x3) + (4.4206266 + x2),7,0.026650047325531594,0.030004491612895198,0.026650047325531594,0.030004491612895198,0.81166172301799,0.8114081012472749
5,x2 + (sqrtabs(x2 + x3) + 3.1724138),8,0.007157337588189492,0.002843209767573605,0.007157337588189492,0.002843209767573605,0.9494184527077084,0.9821291313468363
