Id,Expression,size,MSE_train,MSE_test,nll_train,nll_test,R2_train,R2_test
0,7.8069644,1,0.14150096216168623,0.18191440858216112,0.14150096216168623,0.18191440858216112,-2.975491186774093e-09,-0.14341493159124963
1,x2 + 4.4206324,3,0.03944304205334999,0.03952066612624024,0.03944304205334999,0.03952066612624024,0.7212524807736447,0.7515946092045461
2,sqrtabs(x2) * 4.246167,4,0.03478823389417953,0.0330691720596661,0.03478823389417953,0.0330691720596661,0.7541484279241805,0.7921451884812918
3,sqrtabs(exp(x2) + 30.836517),5,0.03426856831674256,0.03033568366802163,0.03426856831674256,0.03033568366802163,0.7578209512133821,0.8093264083016338
4,x2 + (sqrtabs(x2) + 2.58169),6,0.03254530805118678,0.029948628186349417,0.03254530805118678,0.029948628186349417,0.769999386217338,0.8117592283324803
5,x2 + (sqrtabs(x2 + x3) + 3.1760252),8,0.007160506589451837,0.002716370134225168,0.007160506589451837,0.002716370134225168,0.9493960570912875,0.9829263762259998
6,x2 + ((sqrtabs(sqrtabs(3.1760252)) + sqrtabs(x2 + x3)) + 1.8390499),12,0.0071555254638206,0.0027836365089807095,0.0071555254638206,0.0027836365089807095,0.9494312591533085,0.9825035764165236
7,x2 + (sqrtabs(sqrtabs(1.549686 + x1)) + (sqrtabs(x2 + x3) + 1.8390499)),14,0.005840642779921947,0.004622322513664964,0.005840642779921947,0.004622322513664964,0.958723653125221,0.9709465972379651
