Id,Expression,size,MSE_train,MSE_test,nll_train,nll_test,R2_train,R2_test
0,7.80694,1,0.14150096175571247,0.1819070378004598,0.14150096175571247,0.1819070378004598,-1.0643841363844331e-10,-0.143368602870394
1,x2 + 4.4206324,3,0.03944304205334999,0.03952066612624024,0.03944304205334999,0.03952066612624024,0.7212524807736447,0.7515946092045461
2,sqrtabs(x2) * 4.246167,4,0.03478823389417953,0.0330691720596661,0.03478823389417953,0.0330691720596661,0.7541484279241805,0.7921451884812918
3,powabs((x2 + 2.9790268; 1.1101801),5,0.03182704504368537,0.028955127171268927,0.03182704504368537,0.028955127171268927,0.7750754153740718,0.8180038348155397
4,sin(x2 * 1.8119012) + 7.8970304,6,0.02906456298980944,0.025041840025691577,0.02906456298980944,0.025041840025691577,0.7945981240531768,0.8426006272781683
5,sin(sin(x2 * 1.8119012)) + 7.8970304,7,0.025577833996245743,0.019984261445135525,0.025577833996245743,0.019984261445135525,0.8192391508749897,0.8743898127076009
6,x2 + (sqrtabs(x3 + x2) + 3.110493),8,0.011160808374316131,0.009075799084466022,0.011160808374316131,0.009075799084466022,0.9211255652468843,0.9429544681469598
7,(sqrtabs(x3 + x2) + sqrtabs(9.864421)) + x2,9,0.008245338360429883,0.0050704589416814844,0.008245338360429883,0.0050704589416814844,0.9417294535740169,0.9681298556330655
8,x2 + ((sqrtabs(x3 + x2) + 1.8119012) + sqrtabs(1.8119012)),11,0.00740544902875788,0.0036112911391332657,0.00740544902875788,0.0036112911391332657,0.9476650268827792,0.9773013900163757
