Id,Expression,size,MSE_train,MSE_test,nll_train,nll_test,R2_train,R2_test
0,7.8069644,1,0.14150096216168623,0.18191440858216112,0.14150096216168623,0.18191440858216112,-2.975491186774093e-09,-0.14341493159124963
1,x2 + 4.4206324,3,0.03944304205334999,0.03952066612624024,0.03944304205334999,0.03952066612624024,0.7212524807736447,0.7515946092045461
2,sqrtabs(x2) * 4.246167,4,0.03478823389417953,0.0330691720596661,0.03478823389417953,0.0330691720596661,0.7541484279241805,0.7921451884812918
3,(x2 + 2.3796105) * 1.3539765,5,0.031960261511154775,0.029152792958392827,0.031960261511154775,0.029152792958392827,0.7741339626388347,0.816761415294053
4,x2 + (4.205058 + exp(x3)),6,0.01904893690701296,0.016023271140523217,0.01904893690701296,0.016023271140523217,0.8653794527423311,0.8992864412566053
5,x2 + (sqrtabs(x3 + x2) + 3.1672509),8,0.007198107980108466,0.0030698420356713566,0.007198107980108466,0.0030698420356713566,0.9491303246878177,0.9807046442963435
