Id,Expression,size,MSE_train,MSE_test,nll_train,nll_test,R2_train,R2_test
0,7.80694,1,0.14150096175571247,0.1819070378004598,0.14150096175571247,0.1819070378004598,-1.0643841363844331e-10,-0.143368602870394
1,x2 + 4.4206324,3,0.03944304205334999,0.03952066612624024,0.03944304205334999,0.03952066612624024,0.7212524807736447,0.7515946092045461
2,(x2 + 2.3801777) * 1.3538455,5,0.031960260298487246,0.02915288459460562,0.031960260298487246,0.02915288459460562,0.7741339712088651,0.8167608393187094
3,sin(x2 * -2.6392388) + 8.147171,6,0.03107927538318346,0.027087176051038022,0.03107927538318346,0.027087176051038022,0.780359970696547,0.8297447585774416
4,((x2 + -5.117573) * x2) + 13.60976,7,0.025035903315988928,0.018878026398697276,0.025035903315988928,0.018878026398697276,0.8230690236446891,0.8813430039353081
5,(sqrtabs(x2 + x3) + 3.1322203) + x2,8,0.008882740064993695,0.006015558596271422,0.008882740064993695,0.006015558596271422,0.937224878504541,0.9621894737506057
6,(x2 + 1.6035384) + (1.6035384 + sqrtabs(x2 + x3)),10,0.008264095960011986,0.002702117083984464,0.008264095960011986,0.002702117083984464,0.9415968919337895,0.9830159631399389
7,((x2 + -0.030660786) + 1.6035384) + (1.6035384 + sqrtabs(x2 + x3)),12,0.007162413649756865,0.0027042080815749265,0.007162413649756865,0.0027042080815749265,0.9493825797249037,0.9830028202674996
8,(sqrtabs(4.4206324) + sqrtabs(x3 + x2)) + (sqrtabs(sqrtabs(sqrtabs(x1))) + x2),14,0.005836634786945679,0.004654192701418544,0.005836634786945679,0.004654192701418544,0.9587519779714057,0.9707462785890242
