Id,Expression,size,MSE_train,MSE_test,nll_train,nll_test,R2_train,R2_test
0,7.80694,1,0.14150096175571247,0.1819070378004598,0.14150096175571247,0.1819070378004598,-1.0643841363844331e-10,-0.143368602870394
1,x2 + 4.4206324,3,0.03944304205334999,0.03952066612624024,0.03944304205334999,0.03952066612624024,0.7212524807736447,0.7515946092045461
2,sqrtabs(x2) * 4.246167,4,0.03478823389417953,0.0330691720596661,0.03478823389417953,0.0330691720596661,0.7541484279241805,0.7921451884812918
3,(exp(x3) + 4.246167) + x2,6,0.016107161067022074,0.014477840558037325,0.016107161067022074,0.014477840558037325,0.8861692467041749,0.9090001765100393
4,powabs((2.5535665; x3) + (4.246167 + x2),7,0.015498036804074121,0.014447904212831309,0.015498036804074121,0.014447904212831309,0.8904739825551182,0.9091883400775796
5,1.3101916 + (x2 + (1.865356 + sqrtabs(x2 + x3))),10,0.007158590792867761,0.0027316477041721076,0.007158590792867761,0.0027316477041721076,0.9494095961977396,0.9828303497389727
6,((x2 + 1.8707498) + sqrtabs(x2 + x3)) + sqrtabs(sqrtabs(sqrtabs(8.363914))),13,0.007156550474055349,0.0027557764052339854,0.007156550474055349,0.0027557764052339854,0.9494240153139584,0.9826786898606316
7,((x2 + 1.8707498) + sqrtabs(x3 + x2)) + sqrtabs(sqrtabs(x1 + 1.3101916)),14,0.005893054905794119,0.004544544648978901,0.005893054905794119,0.004544544648978901,0.9583532519263357,0.9714354665503107
8,(sqrtabs(x3 + x2) + (x2 + 1.8707498)) + sqrtabs(sqrtabs(x1 + sqrtabs(sqrtabs(x3)))),16,0.005704160935818638,0.005699621740177923,0.005704160935818638,0.005699621740177923,0.9596881825702821,0.9641752808206056
