Id,Expression,size,MSE_train,MSE_test,nll_train,nll_test,R2_train,R2_test
0,7.80694,1,0.14150096175571247,0.1819070378004598,0.14150096175571247,0.1819070378004598,-1.0643841363844331e-10,-0.143368602870394
1,x2 + 4.4206324,3,0.03944304205334999,0.03952066612624024,0.03944304205334999,0.03952066612624024,0.7212524807736447,0.7515946092045461
2,sqrtabs(x2) * 4.246167,4,0.03478823389417953,0.0330691720596661,0.03478823389417953,0.0330691720596661,0.7541484279241805,0.7921451884812918
3,powabs((1.4746488; x2) + 4.065541,5,0.029295194594439213,0.02534195794160322,0.029295194594439213,0.02534195794160322,0.7929682297980941,0.8407142494537508
4,((4.065541 + x2) + powabs((x3; -0.45352876)) + -0.45352876,9,0.018729892291602462,0.016789563021411807,0.018729892291602462,0.016789563021411807,0.8676341696819605,0.8944699476902398
5,(sqrtabs(x3 + x2) + (1.328377 + 1.834921)) + x2,10,0.007265357089097718,0.0032793936123332646,0.007265357089097718,0.0032793936123332646,0.9486550691972401,0.9793875171728726
