Id,Expression,size,MSE_train,MSE_test,nll_train,nll_test,R2_train,R2_test
0,1.80595,1,0.05341109749999999,0.0750182975617284,0.05341109749999999,0.0750182975617284,0.0,-0.0042128095701505774
1,1.8468487 - powabs((0.022665929; x0),5,0.02724284319050138,0.03291043581748396,0.02724284319050138,0.03291043581748396,0.4899403969277848,0.5594530629109594
2,powabs((((1.8571795; powabs(3.2178409e-9; powabs(-5.7305355e-5; x0))),7,0.02037502316188328,0.022717766682562205,0.02037502316188328,0.022717766682562205,0.618524536742888,0.6958945610744764
3,1.8569626 - powabs(((powabs(sin(-0.0012631565); x0); x0),8,0.020205491383290208,0.02233646195980822,0.020205491383290208,0.02233646195980822,0.6216986295162684,0.7009987969660476
4,1.8569626 - powabs(((-9.977064e-6; powabs(x0; exp(exp(-9.977064e-6)))),9,0.019381110727278893,0.02093857484795938,0.019381110727278893,0.02093857484795938,0.6371332619166102,0.7197112469906104
5,1.8569626 - powabs((((-9.977064e-6; powabs(x0; exp(powabs(-9.977064e-6; -9.977064e-6)))),10,0.019381077687230696,0.020938208378722747,0.019381077687230696,0.020938208378722747,0.6371338805155483,0.7197161526351492
6,powabs(((((1.5900698; powabs(1.3562053 - powabs(7.4426007; x0); powabs(-0.24212117; x0))),11,0.006038492849323201,0.008372007494291208,0.006038492849323201,0.008372007494291208,0.8869431048608728,0.887930312459215
7,powabs((((((2.1345854; powabs(powabs(0.016418999; powabs(0.2629021; x0)); powabs(0.96796495 - x0; 2.020978))),13,0.0028785874016142134,0.004118396640980385,0.0028785874016142134,0.004118396640980385,0.946105069239324,0.9448701610649041
8,powabs(((((1.7151904; powabs(x0 * (x0 * 3.333243); powabs(powabs(0.72929007; x0) * 0.7993279; x0 * 2.3238194))),17,0.0025864115037761847,0.0036379814736847795,0.0025864115037761847,0.0036379814736847795,0.9515753911670476,0.9513011129871742
