Id,Expression,size,MSE_train,MSE_test,nll_train,nll_test,R2_train,R2_test
0,1.8059502,1,0.05341109750004,0.07501830465781778,0.05341109750004,0.07501830465781778,-7.489564524121306e-13,-0.004212904560094266
1,1.8709514 - powabs((-0.057440847; x0),5,0.029299277950638487,0.034288189103514166,0.029299277950638487,0.034288189103514166,0.45143838411786075,0.5410101290771111
2,powabs((1.9717871; sin(sqrtabs(x0 * 1.9717871))),7,0.022744531959670144,0.029421101158869877,0.022744531959670144,0.029421101158869877,0.574160932385444,0.6061621282316443
3,sin(x0 + sin(x0)) + sqrtabs(x0),8,0.017285021516026445,0.01760154485302908,0.017285021516026445,0.01760154485302908,0.6763777131517201,0.764381525785879
4,sin(sin(sin(x0)) + x0) + sqrtabs(x0),9,0.01201987719926511,0.012503736870522284,0.01201987719926511,0.012503736870522284,0.7749554350710521,0.8326219983525873
5,sin(sin(x0) + x0) + sqrtabs(0.21786329 + x0),10,0.0036016135349621757,0.0034302140957151745,0.0036016135349621757,0.0034302140957151745,0.932568067245535,0.9540823366239304
6,sin(sin(x0) + x0) + sqrtabs(sqrtabs(-0.057440847) + x0),11,0.0033966773113486616,0.003279522858756649,0.0033966773113486616,0.003279522858756649,0.9364050268514205,0.9560995254346896
