Id,Expression,size,MSE_train,MSE_test,nll_train,nll_test,R2_train,R2_test
0,1.8059502,1,0.05341109750004,0.07501830465781778,0.05341109750004,0.07501830465781778,-7.489564524121306e-13,-0.004212904560094266
1,sqrtabs(sin(x0)) + 0.95988,5,0.03254728609517742,0.04182427271350729,0.03254728609517742,0.04182427271350729,0.39062689930351224,0.44013031786945733
2,powabs((sin(x0); 0.32730854) + 0.9161671,6,0.030501266480508465,0.041372553014500955,0.030501266480508465,0.041372553014500955,0.4289339124606367,0.44617714541448483
3,0.9161671 + sin(sqrtabs(1.8733332 * x0)),7,0.023131963312449436,0.03036471321587706,0.023131963312449436,0.03036471321587706,0.566907171071528,0.5935307123543148
4,sin(x0 + sin(x0)) + sqrtabs(x0),8,0.017285021516026445,0.01760154485302908,0.017285021516026445,0.01760154485302908,0.6763777131517201,0.764381525785879
5,sin(x0 + sin(sin(x0))) + sqrtabs(x0),9,0.01201987719926511,0.012503736870522284,0.01201987719926511,0.012503736870522284,0.7749554350710521,0.8326219983525873
6,sin(x0 + sin(x0)) + sqrtabs(x0 + 0.23414351),10,0.003432784746947778,0.0033008140605230137,0.003432784746947778,0.0033008140605230137,0.935728998136618,0.9558145163337122
