Id,Expression,size,MSE_train,MSE_test,nll_train,nll_test,R2_train,R2_test
0,1.8059502,1,0.05341109750004,0.07501830465781778,0.05341109750004,0.07501830465781778,-7.489564524121306e-13,-0.004212904560094266
1,sqrtabs(sin(x0)) + 0.95989287,5,0.032547285883230616,0.04182429393382381,0.032547285883230616,0.04182429393382381,0.3906269032717289,0.4401300338092431
2,sqrtabs(sin(sin(x0))) + 1.0083468,6,0.030667812343279914,0.040776954090574254,0.030667812343279914,0.040776954090574254,0.4258157240959163,0.4541499745536858
3,sin(sqrtabs(x0 + x0)) + 0.9397188,7,0.023907114055446058,0.03159496222141626,0.023907114055446058,0.03159496222141626,0.5523942556049132,0.577062305972434
4,sqrtabs(x0) + sin(sin(x0) + x0),8,0.017285021516026445,0.01760154485302908,0.017285021516026445,0.01760154485302908,0.6763777131517201,0.764381525785879
5,sqrtabs(x0) + sin(sin(sin(x0)) + x0),9,0.01201987719926511,0.012503736870522284,0.01201987719926511,0.012503736870522284,0.7749554350710521,0.8326219983525873
6,sqrtabs(x0 + 0.24497582) + sin(sin(x0) + x0),10,0.0033719510563401563,0.0032696882772782986,0.0033719510563401563,0.0032696882772782986,0.936867969126825,0.9562311734861425
