Id,Expression,size,MSE_train,MSE_test,nll_train,nll_test,R2_train,R2_test
0,1.80595,1,0.05341109749999999,0.0750182975617284,0.05341109749999999,0.0750182975617284,0.0,-0.0042128095701505774
1,1.8474268 - powabs((0.022875488; x0),5,0.027243039359813932,0.03290594716424708,0.027243039359813932,0.03290594716424708,0.48993672410843203,0.559513149092927
2,1.8511598 - powabs(((powabs(0.00080587703; x0); x0),7,0.020215016942087875,0.02246142030744378,0.020215016942087875,0.02246142030744378,0.621520285328571,0.6993260747444443
3,sqrtabs(x0) + sin(sin(x0) + x0),8,0.017285021516026445,0.01760154485302908,0.017285021516026445,0.01760154485302908,0.6763777131517201,0.764381525785879
4,powabs(((x0 * 2.8743434; powabs(-0.4058199; x0)) + 0.47713414,9,0.006684827071056,0.00724223862748491,0.006684827071056,0.00724223862748491,0.8748419825850611,0.903053667757526
5,powabs((((((((0.00020984292; powabs(-0.0018291626; x0)) + sin(powabs(powabs(powabs(0.3974105; x0); -0.5711248); powabs(powabs(x0; x0); -0.19176517))),18,0.005495459344145878,0.005969135049419276,0.005495459344145878,0.005969135049419276,0.8971101587241139,0.920095735660375
