Id,Expression,size,MSE_train,MSE_test,nll_train,nll_test,R2_train,R2_test
0,1.8059502,1,0.05341109750004,0.07501830465781778,0.05341109750004,0.07501830465781778,-7.489564524121306e-13,-0.004212904560094266
1,sqrtabs(sin(x0)) + 0.9598951,5,0.03254728588017934,0.04182429764436596,0.03254728588017934,0.04182429764436596,0.39062690332885697,0.4401299841390416
2,sqrtabs(sin(sin(x0))) + 1.0083461,6,0.03066781234407248,0.04077694973079084,0.03066781234407248,0.04077694973079084,0.42581572408107726,0.4541500329147856
3,sin(sqrtabs(x0 * 1.8607923)) + 0.9124786,7,0.02312109993098547,0.030290278797731034,0.02312109993098547,0.030290278797731034,0.5671105629127828,0.5945271092148758
4,sqrtabs(x0) + sin(sin(x0) + x0),8,0.017285021516026445,0.01760154485302908,0.017285021516026445,0.01760154485302908,0.6763777131517201,0.764381525785879
5,sqrtabs(x0) + sin(x0 + sin(sin(x0))),9,0.01201987719926511,0.012503736870522284,0.01201987719926511,0.012503736870522284,0.7749554350710521,0.8326219983525873
6,sqrtabs(-0.2913837 - x0) + sin(sin(x0) + x0),10,0.003559573438864309,0.003612802882853352,0.003559573438864309,0.003612802882853352,0.9333551713880377,0.9516381596046217
