Id,Expression,size,MSE_train,MSE_test,nll_train,nll_test,R2_train,R2_test
0,1.8059502,1,0.05341109750004,0.07501830465781778,0.05341109750004,0.07501830465781778,-7.489564524121306e-13,-0.004212904560094266
1,sqrtabs(sin(x0)) + 0.95992774,5,0.03254728697367538,0.04182435309287949,0.03254728697367538,0.04182435309287949,0.39062688285565783,0.44012924189202496
2,sqrtabs(sin(sin(x0))) + 1.0083468,6,0.030667812343279914,0.040776954090574254,0.030667812343279914,0.040776954090574254,0.4258157240959163,0.4541499745536858
3,sin(sqrtabs(x0 * 1.8996072)) + 0.9197562,7,0.02318164843546957,0.030479336160974084,0.02318164843546957,0.030479336160974084,0.56597693137705,0.5919963422942321
4,sin(sqrtabs(x0) * 1.8996072) + sqrtabs(x0),8,0.0154829615641641,0.01662051558793201,0.0154829615641641,0.01662051558793201,0.7101171425252195,0.777513817327993
5,sin(sin(sin(x0)) + x0) + sqrtabs(x0),9,0.01201987719926511,0.012503736870522284,0.01201987719926511,0.012503736870522284,0.7749554350710521,0.8326219983525873
6,sqrtabs(x0 + 0.22469494) + sin(x0 + sin(x0)),10,0.0035193226158695,0.0033636812504654313,0.0035193226158695,0.0033636812504654313,0.9341087755055117,0.9549729611465938
