Id,Expression,size,MSE_train,MSE_test,nll_train,nll_test,R2_train,R2_test
0,1.80595,1,0.05341109749999999,0.0750182975617284,0.05341109749999999,0.0750182975617284,0.0,-0.0042128095701505774
1,1.8469946 - powabs((0.022746477; x0),5,0.02724285095273534,0.03290788536516912,0.02724285095273534,0.03290788536516912,0.4899402515978005,0.5594872038734713
2,1.8559843 - powabs(((4.926005e-8; powabs(x0; 3.147584)),7,0.019410515999191236,0.02085274045579897,0.019410515999191236,0.02085274045579897,0.6365827158074923,0.7208602466201772
3,powabs((((1.9607245; sin(powabs(4.638473; powabs(0.26481134; x0)))),8,0.008955159185940474,0.009364328979104001,0.008955159185940474,0.009364328979104001,0.832335233591849,0.8746468605728175
4,powabs((((((1.7631209 - powabs(0.24636775; x0); powabs(4.6794515; powabs(0.38524216; powabs(x0; x0)))),13,0.00147599541775333,0.0015201213285399979,0.00147599541775333,0.0015201213285399979,0.9723653793529832,0.9796512936198722
5,powabs(((((((1.7631209 - powabs(0.24636775; powabs(x0; 1.0276433)); powabs(4.6794515; powabs(0.38524216; powabs(x0; x0)))),15,0.0014209058416761902,0.001394214926638689,0.0014209058416761902,0.001394214926638689,0.9733968050052484,0.9813367067218178
6,powabs((((((1.7618544 - powabs(-0.23774494; x0); powabs(2.530901; powabs(0.6324242; powabs(x0; sin(x0) + x0)))),16,0.0014046332185751354,0.0014754585841139645,0.0014046332185751354,0.0014754585841139645,0.9737014724594428,0.9802491597608131
7,powabs((((((((1.7618544 - powabs(-0.23774494; x0); powabs(2.530901; powabs(0.6324242; powabs(x0; sin(powabs(x0; powabs(0.6324242; -0.1840746))) + x0)))),20,0.001386546463349015,0.0014401413088656464,0.001386546463349015,0.0014401413088656464,0.974040105366698,0.9807219252241228
