Id,Expression,size,MSE_train,MSE_test,nll_train,nll_test,R2_train,R2_test
0,1.80595,1,0.05341109749999999,0.0750182975617284,0.05341109749999999,0.0750182975617284,0.0,-0.0042128095701505774
1,sqrtabs(sin(x0)) + 0.95989287,5,0.032547285883230616,0.04182429393382381,0.032547285883230616,0.04182429393382381,0.3906269032717289,0.4401300338092431
2,sqrtabs(sin(sin(x0))) + 1.008347,6,0.030667812343233472,0.04077695533640665,0.030667812343233472,0.04077695533640665,0.4258157240967858,0.45414995787667645
3,0.93970037 + sin(sqrtabs(x0 + x0)),7,0.023906707251106562,0.031594190521746564,0.023906707251106562,0.031594190521746564,0.5524018720808618,0.5770726361281244
4,sqrtabs(x0) + sin(x0 + sin(x0)),8,0.017285021516026445,0.01760154485302908,0.017285021516026445,0.01760154485302908,0.6763777131517201,0.764381525785879
5,sqrtabs(x0) + sin(x0 + sin(sin(x0))),9,0.01201987719926511,0.012503736870522284,0.01201987719926511,0.012503736870522284,0.7749554350710521,0.8326219983525873
6,sin(sin(x0) + x0) + sqrtabs(0.25122526 + x0),10,0.0033552394236119297,0.0032713161355982035,0.0033552394236119297,0.0032713161355982035,0.9371808560269347,0.9562093825867201
