Id,Expression,size,MSE_train,MSE_test,nll_train,nll_test,R2_train,R2_test
0,1.80595,1,0.05341109749999999,0.0750182975617284,0.05341109749999999,0.0750182975617284,0.0,-0.0042128095701505774
1,1.8472418 - powabs((-0.022924924; x0),5,0.02724305906582503,0.03290173268840704,0.02724305906582503,0.03290173268840704,0.4899363551586815,0.5595695650709184
2,sin(sqrtabs(x0 + x0)) + 0.9397194,7,0.02390712731062986,0.03159498735599225,0.02390712731062986,0.03159498735599225,0.5523940074320723,0.5770619695150097
3,sin(sin(x0) + x0) + sqrtabs(x0),8,0.017285021516026445,0.01760154485302908,0.017285021516026445,0.01760154485302908,0.6763777131517201,0.764381525785879
4,sin(sin(sin(x0)) + x0) + sqrtabs(x0),9,0.01201987719926511,0.012503736870522284,0.01201987719926511,0.012503736870522284,0.7749554350710521,0.8326219983525873
5,sqrtabs(0.21715093 + x0) + sin(sin(x0) + x0),10,0.0036111563237157802,0.0034381810451333213,0.0036111563237157802,0.0034381810451333213,0.932389400466527,0.9539756891403306
6,sqrtabs(0.21715093 + (x0 + 0.02797834)) + sin(sin(x0) + x0),12,0.003371380548815508,0.0032695577352832546,0.003371380548815508,0.0032695577352832546,0.9368786505685357,0.9562329209523991
