Id,Expression,size,MSE_train,MSE_test,nll_train,nll_test,R2_train,R2_test
0,1.8059502,1,0.05341109750004,0.07501830465781778,0.05341109750004,0.07501830465781778,-7.489564524121306e-13,-0.004212904560094266
1,sqrtabs(sin(x0)) + 0.95989865,5,0.03254728589584094,0.041824303571801814,0.03254728589584094,0.041824303571801814,0.39062690303562964,0.44012990479297265
2,sqrtabs(sin(sin(x0))) + 1.008347,6,0.030667812343233472,0.04077695533640665,0.030667812343233472,0.04077695533640665,0.4258157240967858,0.45414995787667645
3,sin(sqrtabs(x0 + x0)) + 0.93181866,7,0.023795001327973048,0.031326434724873564,0.023795001327973048,0.031326434724873564,0.5544933086616868,0.5806568790367999
4,sqrtabs(x0) + sin(sin(x0) + x0),8,0.017285021516026445,0.01760154485302908,0.017285021516026445,0.01760154485302908,0.6763777131517201,0.764381525785879
5,sqrtabs(x0) + sin(sin(sin(x0)) + x0),9,0.01201987719926511,0.012503736870522284,0.01201987719926511,0.012503736870522284,0.7749554350710521,0.8326219983525873
6,sqrtabs(x0 + 0.19508494) + sin(sin(x0) + x0),10,0.003998294161491299,0.003783109435957159,0.003998294161491299,0.003783109435957159,0.9251411345462186,0.949358395497207
