Id,Expression,size,MSE_train,MSE_test,nll_train,nll_test,R2_train,R2_test
0,1.8059502,1,0.05341109750004,0.07501830465781778,0.05341109750004,0.07501830465781778,-7.489564524121306e-13,-0.004212904560094266
1,sqrtabs(sin(x0)) + 0.9598951,5,0.03254728588017934,0.04182429764436596,0.03254728588017934,0.04182429764436596,0.39062690332885697,0.4401299841390416
2,sqrtabs(sin(sin(x0))) + 1.0039212,6,0.030687400191528588,0.04076897313169403,0.030687400191528588,0.04076897313169403,0.4254489866730675,0.45425680957128367
3,0.9257023 + sin(sqrtabs(-1.9164315 * x0)),7,0.02327701924873276,0.030683102652632403,0.02327701924873276,0.030683102652632403,0.5641913321715069,0.5892686754751326
4,sin(sin(x0) + x0) + sqrtabs(x0),8,0.017285021516026445,0.01760154485302908,0.017285021516026445,0.01760154485302908,0.6763777131517201,0.764381525785879
5,sin(sin(sin(x0)) + x0) + sqrtabs(x0),9,0.01201987719926511,0.012503736870522284,0.01201987719926511,0.012503736870522284,0.7749554350710521,0.8326219983525873
6,(sin(sin(x0) + x0) + sqrtabs(x0)) + 0.15658076,10,0.008007344160765515,0.007388457291245593,0.008007344160765515,0.007388457291245593,0.8500808907593499,0.9010963498774998
7,sin(powabs(((1.707892 * (x0 * x0); powabs(-0.67776334; x0))) + 1.0692704,12,0.006159946159866815,0.007668126835389338,0.006159946159866815,0.007668126835389338,0.884669170861602,0.8973526267085662
8,exp(sin(sin(sin(powabs((((x0 * x0) * 1.8297145; powabs(-0.67776334; x0)))))),13,0.0043235852162623704,0.005167354574507172,0.0043235852162623704,0.005167354574507172,0.9190508074419859,0.9308285601783861
