Id,Expression,size,MSE_train,MSE_test,nll_train,nll_test,R2_train,R2_test
0,1.8059502,1,0.05341109750004,0.07501830465781778,0.05341109750004,0.07501830465781778,-7.489564524121306e-13,-0.004212904560094266
1,1.8334303 - powabs((0.008085504; x0),5,0.028405511146844926,0.03516371272845733,0.028405511146844926,0.03516371272845733,0.4681721126055324,0.5292901611782693
2,powabs(((1.3560038e-6; powabs(0.00014779584; x0)) + 0.8564068,7,0.01994207000319785,0.02169321290891848,0.01994207000319785,0.02169321290891848,0.6266305892104567,0.7096094820607847
3,powabs((((-6.8278896e-5; powabs(-0.0010200896; x0)) + powabs(0.9075061; x0),9,0.012544045247089377,0.014516806056515837,0.012544045247089377,0.014516806056515837,0.765141593522032,0.8056745744729364
4,powabs(((((-1.19507895e-5; powabs(-0.0010200896; x0)) + powabs(powabs(0.95312226; x0); x0),11,0.009705060234616853,0.011103799119590481,0.009705060234616853,0.011103799119590481,0.81829506059828,0.8513618987206244
5,powabs((((((powabs(0.8096899; powabs(3.9118977; x0)) + 1.7211287; powabs(-6.8278896e-5; powabs(-0.0010200896; x0))),13,0.008183785921170665,0.009197104512127905,0.008183785921170665,0.009197104512127905,0.8467774244636956,0.8768853671408018
6,powabs(((((((powabs(0.8096899; powabs(3.940143; x0)) + 1.7211287; powabs(powabs(x0; 3.940143); powabs(0.05374846; x0))),15,0.003234756582079321,0.004125573553974774,0.003234756582079321,0.004125573553974774,0.9394366202252383,0.9447740891971547
7,powabs(((((((powabs(0.8096899; powabs(3.940143; x0)) + 1.7288483; powabs(powabs(sin(x0); 3.9118977); powabs(0.05374846; x0))),16,0.0032153503196061138,0.0038940061495337215,0.0032153503196061138,0.0038940061495337215,0.9397999578719364,0.9478739056602952
8,powabs((((((((powabs(0.8096899; powabs(3.9118977; x0)) + 1.7235008; powabs(powabs(sin(x0); 3.940143); powabs(0.05374846; powabs(x0; 0.8095075)))),18,0.00259641890778785,0.0034418011167493367,0.00259641890778785,0.0034418011167493367,0.9513880255355575,0.9539272299989408
