Id,Expression,size,MSE_train,MSE_test,nll_train,nll_test,R2_train,R2_test
0,1.80595,1,0.05341109749999999,0.0750182975617284,0.05341109749999999,0.0750182975617284,0.0,-0.0042128095701505774
1,sqrtabs(sin(x0)) + 0.95989144,5,0.03254728589042106,0.04182429155965167,0.03254728589042106,0.04182429155965167,0.39062690313710435,0.4401300655904772
2,sqrtabs(sin(sin(x0))) + 1.0083058,6,0.030667814042001453,0.040776700384132135,0.030667814042001453,0.040776700384132135,0.42581569229126115,0.4541533707285834
3,sin(sqrtabs(x0 * 1.8607953)) + 0.9124772,7,0.023121099921977802,0.030290255325254607,0.023121099921977802,0.030290255325254607,0.5671105630814306,0.5945274234230393
4,sin(sin(x0) + x0) + sqrtabs(x0),8,0.017285021516026445,0.01760154485302908,0.017285021516026445,0.01760154485302908,0.6763777131517201,0.764381525785879
5,sin(sin(sin(x0)) + x0) + sqrtabs(x0),9,0.01201987719926511,0.012503736870522284,0.01201987719926511,0.012503736870522284,0.7749554350710521,0.8326219983525873
6,sin(sin(x0) + x0) + sqrtabs(x0 + 0.21784726),10,0.003601826267183599,0.0034303912260267026,0.003601826267183599,0.0034303912260267026,0.9325640843237943,0.9540799655153664
