Id,Expression,size,MSE_train,MSE_test,nll_train,nll_test,R2_train,R2_test
0,1.8059502,1,0.05341109750004,0.07501830465781778,0.05341109750004,0.07501830465781778,-7.489564524121306e-13,-0.004212904560094266
1,1.8059502 - powabs((-0.006008514; x0),5,0.029697275741680837,0.03642113783974917,0.029697275741680837,0.03642113783974917,0.4439867905414069,0.5124579689681567
2,powabs(((0.00010148978; powabs(-0.0004343493; x0)) + 0.8503361,7,0.020276359442993424,0.022184595088902886,0.020276359442993424,0.022184595088902886,0.6203717880353717,0.7030317230929967
3,powabs((((0.00010148978; powabs(-0.0004343493; x0)) + powabs(0.89992553; x0),9,0.013357840778876551,0.015801312281838276,0.013357840778876551,0.015801312281838276,0.7499051432358874,0.7884798680164217
4,powabs((((((powabs(2.401182; powabs(0.83192194; x0)); powabs(-0.006008514; powabs(-0.006008514; x0))),11,0.007130995269242236,0.00857820331729105,0.007130995269242236,0.00857820331729105,0.866488508886337,0.8851701260318182
5,powabs(((((((powabs(2.401182; powabs(powabs(0.00010148978; powabs(-0.0004343493; x0)); 2.401182)); powabs(0.83192194; x0)),13,0.006479416479280933,0.006981610794714185,0.006479416479280933,0.006981610794714185,0.8786878236441231,0.9065424940399875
6,powabs(((((((powabs(2.401182; powabs(powabs(0.00010148978; powabs(-0.0004343493; x0)); 1.5190034 * 1.4760813)); powabs(0.83192194; x0)),15,0.006416395325974287,0.00690051944617815,0.006416395325974287,0.00690051944617815,0.8798677498440415,0.9076280021572332
7,powabs((((((((((powabs(2.401182; powabs(powabs(powabs(powabs(-0.0004343493; 0.83192194); 2.401182); powabs(-0.0004343493; x0)); powabs(1.5372483; x0))); powabs(0.83192194; x0)),19,0.006279462909529438,0.006806921264858831,0.006279462909529438,0.006806921264858831,0.8824314945123635,0.9088809297187522
