Id,Expression,size,MSE_train,MSE_test,nll_train,nll_test,R2_train,R2_test
0,1.8059502,1,0.05341109750004,0.07501830465781778,0.05341109750004,0.07501830465781778,-7.489564524121306e-13,-0.004212904560094266
1,sqrtabs(sin(x0)) + 0.959892,5,0.03254728588711802,0.0418242924889102,0.03254728588711802,0.0418242924889102,0.3906269031989462,0.440130053151201
2,sqrtabs(sin(sin(x0))) + 1.008343,6,0.0306678123593624,0.040776930434958635,0.0306678123593624,0.040776930434958635,0.4258157237948087,0.454150291213394
3,sin(sqrtabs(x0 + x0)) + 0.9340728,7,0.02381426347948778,0.031390326564919226,0.02381426347948778,0.031390326564919226,0.554132669161352,0.5798016076392043
4,sin(x0 + sin(x0)) + sqrtabs(x0),8,0.017285021516026445,0.01760154485302908,0.017285021516026445,0.01760154485302908,0.6763777131517201,0.764381525785879
5,sin(x0 + sin(sin(x0))) + sqrtabs(x0),9,0.01201987719926511,0.012503736870522284,0.01201987719926511,0.012503736870522284,0.7749554350710521,0.8326219983525873
6,sin(x0 + sin(x0)) + sqrtabs(x0 + 0.2559733),10,0.003351433057111557,0.003282011709948187,0.003351433057111557,0.003282011709948187,0.9372521214882065,0.956066209079495
