Id,Expression,size,MSE_train,MSE_test,nll_train,nll_test,R2_train,R2_test
0,1.80595,1,0.05341109749999999,0.0750182975617284,0.05341109749999999,0.0750182975617284,0.0,-0.0042128095701505774
1,sqrtabs(sin(x0)) + 0.9598958,5,0.03254728588127254,0.04182429881116111,0.03254728588127254,0.04182429881116111,0.39062690330838923,0.4401299685200436
2,sqrtabs(sin(sin(x0))) + 1.008347,6,0.030667812343233472,0.04077695533640665,0.030667812343233472,0.04077695533640665,0.4258157240967858,0.45414995787667645
3,0.94802356 + sin(sqrtabs(x0 + x0)),7,0.024159546644939533,0.032011820646094834,0.024159546644939533,0.032011820646094834,0.5476680357496954,0.5714821397537191
4,sin(x0 + sin(x0)) + sqrtabs(x0),8,0.017285021516026445,0.01760154485302908,0.017285021516026445,0.01760154485302908,0.6763777131517201,0.764381525785879
5,sin(x0 + sin(sin(x0))) + sqrtabs(x0),9,0.01201987719926511,0.012503736870522284,0.01201987719926511,0.012503736870522284,0.7749554350710521,0.8326219983525873
6,sin(x0 + sin(x0)) + sqrtabs(x0 - -0.2612227),10,0.0033560856882060186,0.003303255562347953,0.0033560856882060186,0.003303255562347953,0.9371650116681085,0.9557818338084232
