Id,Expression,size,MSE_train,MSE_test,nll_train,nll_test,R2_train,R2_test
0,(0.3313941133854992)(1.5995799747945574 + X_0 + X_1 + X_4 + (-1.765358114179291)(sqrt(X_1) - (X_3))),15,0.24269995879341488,0.23647760561904635,0.24269995879341488,0.23647760561904635,0.7525947804908,0.7705946741726659
1,(0.3313941133854992)(1.5995799747945572 + X_0 + X_1 + X_4 + (-1.765358114179291)(sqrt(X_1) - (X_3))),15,0.24269995879341488,0.23647760561904635,0.24269995879341488,0.23647760561904635,0.7525947804908,0.7705946741726659
2,(0.33139411338549907)(1.5995799747945574 + X_0 + X_1 + X_4 + (-1.765358114179289)(sqrt(X_1) - (X_3))),15,0.24269995879341488,0.2364776056190465,0.24269995879341488,0.2364776056190465,0.7525947804908,0.7705946741726658
3,(0.611112521082528)(X_0 + X_1 + X_3 + (-0.3963771979838848)(X_1 + (-1.345318724874204)((X_4 - (X_0))(sqrt(X_1))))),17,0.24422405537809036,0.27114377530378975,0.24422405537809036,0.27114377530378975,0.7510411360157062,0.7369652574213585
4,(0.3313941133854993)(1.5995799747945583 + X_0 + X_1 + X_4 + (-1.7653581141792913)(sqrt(X_1) - (X_3))),15,0.24269995879341488,0.23647760561904635,0.24269995879341488,0.23647760561904635,0.7525947804908,0.7705946741726659
5,(0.34643749820547887)(1.5263402644206001 + X_0 + X_1 + (0.8650406910708145)(X_4) + (-1.686461251726248)(sqrt(X_1) - (X_3))),17,0.2413729460691703,0.23017550928536154,0.2413729460691703,0.23017550928536154,0.7539475202109277,0.7767082952026133
6,(0.3313941133854992)(1.5995799747945572 + X_0 + X_1 + X_4 + (-1.765358114179291)(sqrt(X_1) - (X_3))),15,0.24269995879341488,0.23647760561904635,0.24269995879341488,0.23647760561904635,0.7525947804908,0.7705946741726659
7,(0.3562602023138433)(X_0 + X_1 + (0.826602482803517)((2)(X_3) + X_4)),13,0.26532677978643204,0.2501707016001096,0.26532677978643204,0.2501707016001096,0.7295292899056212,0.7573110943728044
8,(0.3313941133854991)(1.5995799747945574 + X_0 + X_1 + X_4 + (-1.765358114179291)(sqrt(X_1) - (X_3))),15,0.24269995879341488,0.2364776056190464,0.24269995879341488,0.2364776056190464,0.7525947804908,0.7705946741726659
9,(0.3343893344194384)(X_0 + X_1 + (1.7695575641611196)(X_3) + X_4),11,0.26812770149078646,0.2567897440445142,0.26812770149078646,0.2567897440445142,0.7266740663096265,0.7508900060644691
10,(0.3347469487922024)(0.0611842088213415 + X_0 + X_1 + (1.7692439589068398)(X_3) + X_4),13,0.2677089086990712,0.25871766311650185,0.2677089086990712,0.25871766311650185,0.7271009783003755,0.7490197448119489
11,(0.3343893344194385)(X_0 + X_1 + (1.7695575641611203)(X_3) + X_4),11,0.26812770149078646,0.2567897440445141,0.26812770149078646,0.2567897440445141,0.7266740663096265,0.7508900060644692
12,(0.3313941133854991)(1.5995799747945574 + X_0 + X_1 + X_4 + (-1.765358114179291)(sqrt(X_1) - (X_3))),15,0.24269995879341488,0.2364776056190464,0.24269995879341488,0.2364776056190464,0.7525947804908,0.7705946741726659
13,(0.6267655283515422)(X_0 + X_1 + X_3 + (-0.48567480245436845)(X_1 - ((X_4 - (X_0))(sqrt(X_1))))),15,0.24806686280319923,0.2623798424653441,0.24806686280319923,0.2623798424653441,0.7471238275033059,0.7454670893942825
14,(0.3313941133854991)(1.5995799747945576 + X_0 + X_1 + X_3 + X_4 + (-0.7653581141792911)(sqrt(X_1) - (X_3)) - (sqrt(X_1))),17,0.24269995879341488,0.2364776056190464,0.24269995879341488,0.2364776056190464,0.7525947804908,0.7705946741726659
15,(0.6267655283515422)(X_0 + X_1 + X_3 + (-0.48567480245437766)(X_1 - ((X_4 - (X_0))(sqrt(X_1))))),15,0.24806686280319917,0.26237984246534624,0.24806686280319917,0.26237984246534624,0.747123827503306,0.7454670893942804
16,(0.33139411338549907)(1.5995799747945572 + X_0 + X_1 + X_4 + (-1.76535811417929)(sqrt(X_1) - (X_3))),15,0.24269995879341488,0.23647760561904643,0.24269995879341488,0.23647760561904643,0.7525947804908,0.7705946741726659
17,(0.3313941133854991)(1.5995799747945574 + X_0 + X_1 + X_4 + (-1.765358114179291)(sqrt(X_1) - (X_3))),15,0.24269995879341488,0.2364776056190464,0.24269995879341488,0.2364776056190464,0.7525947804908,0.7705946741726659
18,(0.6267655283515424)(X_0 + X_1 + X_3 + (-0.4856748024543791)(X_1 - ((X_4 - (X_0))(sqrt(X_1))))),15,0.24806686280319917,0.2623798424653465,0.24806686280319917,0.2623798424653465,0.747123827503306,0.7454670893942801
19,(0.3313941133854991)(1.5995799747945574 + X_0 + X_1 + X_4 + (-1.765358114179291)(sqrt(X_1) - (X_3))),15,0.24269995879341488,0.2364776056190464,0.24269995879341488,0.2364776056190464,0.7525947804908,0.7705946741726659
20,(0.3313941133854991)(1.5995799747945574 + X_0 + X_1 + X_4 + (-1.765358114179291)(sqrt(X_1) - (X_3))),15,0.24269995879341488,0.2364776056190464,0.24269995879341488,0.2364776056190464,0.7525947804908,0.7705946741726659
21,(0.33139411338549946)(1.5995799747945632 + X_0 + X_1 + X_4 + (-1.765358114179295)(sqrt(X_1) - (X_3))),15,0.24269995879341488,0.23647760561904635,0.24269995879341488,0.23647760561904635,0.7525947804908,0.7705946741726659
22,(0.36453878354249325)(X_0 + X_1 + (1.6343377025339967)(X_3)),9,0.3416250320904141,0.3668621156119478,0.3416250320904141,0.3668621156119478,0.6517518318735714,0.6441095428662207
23,(0.33139411338549957)(1.5995799747945407 + X_0 + X_1 + X_4 + (-1.7653581141793016)(sqrt(X_1) - (X_3))),15,0.24269995879341488,0.23647760561904507,0.24269995879341488,0.23647760561904507,0.7525947804908,0.7705946741726671
24,(0.3313941133854991)(1.5995799747945576 + X_0 + X_1 + X_4 + (-1.7653581141792911)(sqrt(X_1) - (X_3))),15,0.24269995879341488,0.23647760561904635,0.24269995879341488,0.23647760561904635,0.7525947804908,0.7705946741726659
25,(0.6267655283515425)(X_0 + X_1 + X_3 + (-0.4856748024543829)(X_1 - ((X_4 - (X_0))(sqrt(X_1))))),15,0.24806686280319917,0.2623798424653474,0.24806686280319917,0.2623798424653474,0.747123827503306,0.7454670893942793
26,(0.3313941133854991)(1.5995799747945574 + X_0 + X_1 + X_4 + (-1.7653581141792911)(sqrt(X_1) - (X_3))),15,0.24269995879341488,0.23647760561904635,0.24269995879341488,0.23647760561904635,0.7525947804908,0.7705946741726659
27,(0.45935234796371055)(X_0 + X_1 + X_3 + (-0.14706731369229972)(X_1 - ((exp(X_4) + (X_4)(exp(X_4)) - ((X_1)(X_1)))(sqrt(X_1))))),19,0.31508942664827705,0.31478758560614195,0.31508942664827705,0.31478758560614195,0.6788018871016797,0.6946266922259443
28,(0.32887558777742654)(X_0 + X_1 + (1.7905059875186653)((-0.14540364504995645)((X_1)(X_1)) + X_3) + X_4),15,0.2543171771487743,0.23851280513911066,0.2543171771487743,0.23851280513911066,0.7407523373705664,0.7686203408830431
29,(0.6267655283515422)(X_0 + X_1 + X_3 + (-0.4856748024543768)(X_1 - ((X_4 - (X_0))(sqrt(X_1))))),15,0.24806686280319917,0.262379842465346,0.24806686280319917,0.262379842465346,0.747123827503306,0.7454670893942806
30,(0.6267655283515422)(X_0 + X_1 + X_3 + (-0.4856748024543768)(X_1 - ((X_4 - (X_0))(sqrt(X_1))))),15,0.24806686280319917,0.262379842465346,0.24806686280319917,0.262379842465346,0.747123827503306,0.7454670893942806
31,(0.33139411338549896)(1.599579974794545 + X_0 + X_1 + X_4 + (-1.7653581141792938)(sqrt(X_1) - (X_3))),15,0.24269995879341488,0.23647760561904577,0.24269995879341488,0.23647760561904577,0.7525947804908,0.7705946741726665
32,(0.3313941133854994)(1.5995799747945565 + X_0 + X_1 + X_4 + (-1.7653581141792944)(sqrt(X_1) - (X_3))),15,0.24269995879341488,0.2364776056190461,0.24269995879341488,0.2364776056190461,0.7525947804908,0.7705946741726661
33,(0.3313941133854992)(1.5995799747945572 + X_0 + X_1 + X_4 + (-1.765358114179291)(sqrt(X_1) - (X_3))),15,0.24269995879341488,0.23647760561904635,0.24269995879341488,0.23647760561904635,0.7525947804908,0.7705946741726659
34,(0.6267655283515422)(X_0 + X_1 + X_3 + (-0.4856748024543768)(X_1 - ((X_4 - (X_0))(sqrt(X_1))))),15,0.24806686280319917,0.262379842465346,0.24806686280319917,0.262379842465346,0.747123827503306,0.7454670893942806
35,(0.3313941133854991)(1.5995799747945576 + X_0 + X_1 + X_4 + (-1.7653581141792911)(sqrt(X_1) - (X_3))),15,0.24269995879341488,0.23647760561904635,0.24269995879341488,0.23647760561904635,0.7525947804908,0.7705946741726659
36,(0.33139411338549923)(1.5995799747945572 + X_0 + X_1 + X_4 + (-1.7653581141792962)(sqrt(X_1) - (X_3))),15,0.24269995879341488,0.2364776056190461,0.24269995879341488,0.2364776056190461,0.7525947804908,0.7705946741726661
37,(0.3313941133854991)(1.5995799747945576 + X_0 + X_1 + X_4 + (-1.7653581141792911)(sqrt(X_1) - (X_3))),15,0.24269995879341488,0.23647760561904635,0.24269995879341488,0.23647760561904635,0.7525947804908,0.7705946741726659
38,(0.5844608431991689)(X_3 + (-1.4328326893124903)(sin(-2.960729145018925 + X_0 + X_1))),12,0.25960270022188325,0.3364738318291657,0.25960270022188325,0.3364738318291657,0.7353643430642447,0.6735890114369273
39,(0.3313941133854991)(1.5995799747945574 + X_0 + X_1 + X_4 + (-1.765358114179291)(sqrt(X_1) - (X_3))),15,0.24269995879341488,0.2364776056190464,0.24269995879341488,0.2364776056190464,0.7525947804908,0.7705946741726659
40,(0.331394113385499)(1.5995799747945336 + X_0 + X_1 + X_4 + (-1.7653581141792478)(sqrt(X_1) - (X_3))),15,0.24269995879341488,0.23647760561904732,0.24269995879341488,0.23647760561904732,0.7525947804908,0.770594674172665
41,(0.3345516688844905)(X_0 + X_1 + X_4 + (1.774054807823961)(X_3 + log(X_1) + (-1.197870811715656)(log(X_1)))),16,0.252150130899493,0.2471929702096019,0.252150130899493,0.2471929702096019,0.7429613964724117,0.76019977145526
42,(0.33438933441943836)(X_0 + X_1 + (1.7695575641611185)(X_3) + X_4),11,0.26812770149078646,0.2567897440445142,0.26812770149078646,0.2567897440445142,0.7266740663096265,0.7508900060644691
43,(0.5671831886092886)(X_0 + X_1 + X_3 + (-0.20014144412910406)(X_1 - ((X_4 - (X_0))(exp(sqrt(X_1)))))),16,0.2544034361027448,0.28932511015532864,0.2544034361027448,0.28932511015532864,0.740664406101242,0.7193276674488338
44,(0.2953623003333466)(1.062417481256856 + X_0 + X_1 + (1.9999580297292572)(X_3) + X_4 - ((X_1)(X_1))),15,0.2400088800767874,0.26239168213379616,0.2400088800767874,0.26239168213379616,0.7553380315564933,0.745455603811993
45,(0.33139411338549857)(1.5995799747945625 + X_0 + X_1 + X_4 + (-1.7653581141792984)(sqrt(X_1) - (X_3))),15,0.24269995879341488,0.23647760561904643,0.24269995879341488,0.23647760561904643,0.7525947804908,0.7705946741726659
46,(0.2953623003333462)(1.0624174812568559 + X_0 + X_1 + (1.999958029729258)(X_3) + X_4 - ((X_1)(X_1))),15,0.2400088800767874,0.2623916821337963,0.2400088800767874,0.2623916821337963,0.7553380315564933,0.7454556038119929
47,(0.2953623003333466)(1.062417481256856 + X_0 + X_1 + (1.9999580297292574)(X_3) + X_4 - ((X_1)(X_1))),15,0.24000888007678745,0.26239168213379616,0.24000888007678745,0.26239168213379616,0.7553380315564932,0.745455603811993
48,(0.2953623003333466)(1.062417481256856 + X_0 + X_1 + (1.9999580297292576)(X_3) + X_4 - ((X_1)(X_1))),15,0.24000888007678745,0.2623916821337962,0.24000888007678745,0.2623916821337962,0.7553380315564932,0.745455603811993
49,(0.33139411338549946)(1.5995799747945263 + X_0 + X_1 + X_4 + (-1.7653581141792918)(sqrt(X_1) - (X_3))),15,0.24269995879341488,0.2364776056190449,0.24269995879341488,0.2364776056190449,0.7525947804908,0.7705946741726674
50,(0.3313941133854991)(1.5995799747945576 + X_0 + X_1 + X_4 + (-1.7653581141792911)(sqrt(X_1) - (X_3))),15,0.24269995879341488,0.23647760561904635,0.24269995879341488,0.23647760561904635,0.7525947804908,0.7705946741726659
51,(0.33139411338549907)(1.5995799747945583 + X_0 + X_1 + X_4 + (-1.7653581141792913)(sqrt(X_1) - (X_3))),15,0.24269995879341488,0.2364776056190464,0.24269995879341488,0.2364776056190464,0.7525947804908,0.7705946741726659
52,(0.6267655283515422)(X_0 + X_1 + X_3 + (-0.4856748024543768)(X_1 - ((X_4 - (X_0))(sqrt(X_1))))),15,0.24806686280319917,0.262379842465346,0.24806686280319917,0.262379842465346,0.747123827503306,0.7454670893942806
53,(0.3343893344194386)(X_0 + X_1 + (1.7695575641611097)(X_3) + X_4),11,0.26812770149078646,0.2567897440445143,0.26812770149078646,0.2567897440445143,0.7266740663096265,0.750890006064469
54,(-8.451445186683199e-07)(-621127.4285828861 + X_0 + X_1 + X_4 + (-708997.9381531737)(X_3 - (sqrt(X_1)))),15,0.5765265880417798,0.6763359570673642,0.5765265880417798,0.6763359570673642,0.4122962040188166,0.34389106235400746
55,(0.3313941133854991)(1.5995799747945574 + X_0 + X_1 + X_4 + (-1.765358114179291)(sqrt(X_1) - (X_3))),15,0.24269995879341488,0.2364776056190464,0.24269995879341488,0.2364776056190464,0.7525947804908,0.7705946741726659
56,(0.3313941133854991)(1.5995799747945574 + X_0 + X_1 + X_4 + (-1.765358114179291)(sqrt(X_1) - (X_3))),15,0.24269995879341488,0.2364776056190464,0.24269995879341488,0.2364776056190464,0.7525947804908,0.7705946741726659
57,(0.3313941133854991)(1.599579974794561 + X_0 + X_1 + X_4 + (1.7653581141792922)(X_3 - (sqrt(X_1)))),15,0.24269995879341488,0.23647760561904652,0.24269995879341488,0.23647760561904652,0.7525947804908,0.7705946741726658
58,(0.6267655283515422)(X_0 + X_1 + X_3 + (-0.4856748024543768)(X_1 - ((X_4 - (X_0))(sqrt(X_1))))),15,0.24806686280319917,0.262379842465346,0.24806686280319917,0.262379842465346,0.747123827503306,0.7454670893942806
59,(0.3313941133854992)(1.5995799747945572 + X_0 + X_1 + X_4 + (-1.765358114179291)(sqrt(X_1) - (X_3))),15,0.24269995879341488,0.23647760561904635,0.24269995879341488,0.23647760561904635,0.7525947804908,0.7705946741726659
60,(0.6267655283515423)(X_0 + X_1 + X_3 + (-0.4856748024543749)(X_1 - ((X_4 - (X_0))(sqrt(X_1))))),15,0.24806686280319917,0.26237984246534557,0.24806686280319917,0.26237984246534557,0.747123827503306,0.7454670893942811
61,(0.6267655283515421)(X_0 + X_1 + X_3 + (-0.4856748024543768)(X_1 - ((X_4 - (X_0))(sqrt(X_1))))),15,0.24806686280319917,0.26237984246534596,0.24806686280319917,0.26237984246534596,0.747123827503306,0.7454670893942806
62,(0.3313941133854991)(1.5995799747945574 + X_0 + X_1 + X_4 + (-1.7653581141792911)(sqrt(X_1) - (X_3))),15,0.24269995879341488,0.23647760561904635,0.24269995879341488,0.23647760561904635,0.7525947804908,0.7705946741726659
63,(0.6267655283515425)(X_0 + X_1 + X_3 + (-0.4856748024543811)(X_1 - ((X_4 - (X_0))(sqrt(X_1))))),15,0.24806686280319917,0.2623798424653469,0.24806686280319917,0.2623798424653469,0.747123827503306,0.7454670893942797
64,(0.3313941133854991)(1.5995799747945574 + X_0 + X_1 + X_4 + (-1.765358114179291)(sqrt(X_1) - (X_3))),15,0.24269995879341488,0.2364776056190464,0.24269995879341488,0.2364776056190464,0.7525947804908,0.7705946741726659
65,(0.3313941133854992)(1.5995799747945574 + X_0 + X_1 + X_4 + (-1.765358114179291)(sqrt(X_1) - (X_3))),15,0.24269995879341488,0.23647760561904635,0.24269995879341488,0.23647760561904635,0.7525947804908,0.7705946741726659
66,(0.3313941133854991)(1.5995799747945574 + X_0 + X_1 + X_4 + (-1.7653581141792911)(sqrt(X_1) - (X_3))),15,0.24269995879341488,0.23647760561904635,0.24269995879341488,0.23647760561904635,0.7525947804908,0.7705946741726659
67,(0.3548506999729888)(X_0 + X_1 + (-1.6430638002962528)(-0.889744788627906 + sqrt(X_1) - (X_3))),13,0.32401033303849625,0.3337181677947846,0.32401033303849625,0.3337181677947846,0.6697080297534306,0.6762622624791264
68,(0.6679703123869497)(X_3 + sin(X_0 + X_1)),8,0.29017716136193117,0.3605238273280006,0.29017716136193117,0.3605238273280006,0.7041971302334928,0.6502582734623383
69,(0.33139411338549934)(1.599579974794546 + X_0 + X_1 + X_4 + (-1.7653581141792936)(sqrt(X_1) - (X_3))),15,0.24269995879341488,0.2364776056190457,0.24269995879341488,0.2364776056190457,0.7525947804908,0.7705946741726666
70,(0.3313941133854994)(1.5995799747945436 + X_0 + X_1 + X_4 + (-1.7653581141792893)(sqrt(X_1) - (X_3))),15,0.24269995879341488,0.23647760561904577,0.24269995879341488,0.23647760561904577,0.7525947804908,0.7705946741726665
71,(0.33829849513088106)(0.9328194728945521 + X_0 + X_1 + (1.7500300819022778)(X_3) + X_4 - (sqrt(X_1))),15,0.24510867442488174,0.23556746099917936,0.24510867442488174,0.23556746099917936,0.7501393667259977,0.7714775993127612
72,(0.3313941133854991)(1.5995799747945576 + X_0 + X_1 + X_4 + (-1.7653581141792911)(sqrt(X_1) - (X_3))),15,0.24269995879341488,0.23647760561904635,0.24269995879341488,0.23647760561904635,0.7525947804908,0.7705946741726659
73,(-1.701641886133944e-06)(X_0 + X_1 + (-353788.3586986823)(X_3) + X_4),11,0.6084646195381764,0.7129010621893112,0.6084646195381764,0.7129010621893112,0.37973898508750403,0.3084195011782571
74,(0.35641879205746274)(X_0 + X_1 + (0.8078588455953437)((2.055917179156176)(X_3) + X_4)),13,0.26527854564500275,0.2504407723086072,0.26527854564500275,0.2504407723086072,0.729578459169627,0.757049100605077
75,(0.34439855297394434)(X_0 + X_1 + (1.7235914204991878)(X_3) + (-0.32477435060977633)((X_1)(X_1) - ((X_4)(exp(X_4))))),17,0.2575530492505482,0.27307570532205305,0.2575530492505482,0.27307570532205305,0.7374537309281792,0.7350911051769838
76,(0.3343893344194383)(X_0 + X_1 + (1.7695575641611208)(X_3) + X_4),11,0.26812770149078646,0.2567897440445142,0.26812770149078646,0.2567897440445142,0.7266740663096265,0.7508900060644691
77,(0.3313941133854991)(1.5995799747945574 + X_0 + X_1 + X_4 + (-1.765358114179291)(sqrt(X_1) - (X_3))),15,0.24269995879341488,0.2364776056190464,0.24269995879341488,0.2364776056190464,0.7525947804908,0.7705946741726659
78,(0.6267655283515421)(X_0 + X_1 + X_3 + (-0.4856748024543768)(X_1 - ((X_4 - (X_0))(sqrt(X_1))))),15,0.24806686280319917,0.26237984246534596,0.24806686280319917,0.26237984246534596,0.747123827503306,0.7454670893942806
79,(0.33474694879220196)(0.061184208821346786 + X_0 + X_1 + (1.7692439589068334)(X_3) + X_4),13,0.2677089086990712,0.2587176631165025,0.2677089086990712,0.2587176631165025,0.7271009783003755,0.7490197448119482
80,(0.3313941133854985)(1.5995799747945576 + X_0 + X_1 + X_4 + (-1.7653581141793433)(sqrt(X_1) - (X_3))),15,0.24269995879341488,0.23647760561904427,0.24269995879341488,0.23647760561904427,0.7525947804908,0.7705946741726679
81,(0.3313941133854992)(1.5995799747945572 + X_0 + X_1 + X_4 + (-1.7653581141792907)(sqrt(X_1) - (X_3))),15,0.24269995879341488,0.23647760561904635,0.24269995879341488,0.23647760561904635,0.7525947804908,0.7705946741726659
82,(0.3313941133854991)(1.5995799747945574 + X_0 + X_1 + X_4 + (-1.765358114179291)(sqrt(X_1) - (X_3))),15,0.24269995879341488,0.2364776056190464,0.24269995879341488,0.2364776056190464,0.7525947804908,0.7705946741726659
83,(0.3313941133854991)(1.5995799747945574 + X_0 + X_1 + X_4 + (-1.765358114179291)(sqrt(X_1) - (X_3))),15,0.24269995879341488,0.2364776056190464,0.24269995879341488,0.2364776056190464,0.7525947804908,0.7705946741726659
84,(0.3343893344194384)(X_0 + X_1 + (1.7695575641611196)(X_3) + X_4),11,0.26812770149078646,0.2567897440445142,0.26812770149078646,0.2567897440445142,0.7266740663096265,0.7508900060644691
85,(0.3313941133854991)(1.5995799747945572 + X_0 + X_1 + X_4 + (-1.765358114179291)(sqrt(X_1) - (X_3))),15,0.24269995879341488,0.23647760561904643,0.24269995879341488,0.23647760561904643,0.7525947804908,0.7705946741726659
86,(0.6267655283515412)(X_0 + X_1 + X_3 + (-0.48567480245438066)(X_1 - ((X_4 - (X_0))(sqrt(X_1))))),15,0.24806686280319923,0.26237984246534707,0.24806686280319923,0.26237984246534707,0.7471238275033059,0.7454670893942796
87,(0.3313941133854991)(1.5995799747945574 + X_0 + X_1 + X_4 + (-1.765358114179291)(sqrt(X_1) - (X_3))),15,0.24269995879341488,0.2364776056190464,0.24269995879341488,0.2364776056190464,0.7525947804908,0.7705946741726659
88,(0.3313941133854992)(1.5995799747945572 + X_0 + X_1 + X_4 + (-1.765358114179291)(sqrt(X_1) - (X_3))),15,0.24269995879341488,0.23647760561904635,0.24269995879341488,0.23647760561904635,0.7525947804908,0.7705946741726659
89,(0.3313941133854992)(X_0 + X_1 + X_4 + (-1.765358114179291)(-0.9060937619097169 + sqrt(X_1) - (X_3))),15,0.24269995879341488,0.23647760561904635,0.24269995879341488,0.23647760561904635,0.7525947804908,0.7705946741726659
90,(0.33438933441943847)(X_0 + X_1 + (1.7695575641611214)(X_3) + X_4),11,0.26812770149078646,0.2567897440445141,0.26812770149078646,0.2567897440445141,0.7266740663096265,0.7508900060644692
91,(0.3343893344194384)(X_0 + X_1 + (1.7695575641611199)(X_3) + X_4),11,0.26812770149078646,0.2567897440445142,0.26812770149078646,0.2567897440445142,0.7266740663096265,0.7508900060644692
92,(0.3313941133854992)(1.5995799747945574 + X_0 + X_1 + X_4 + (-1.765358114179291)(sqrt(X_1) - (X_3))),15,0.24269995879341488,0.23647760561904635,0.24269995879341488,0.23647760561904635,0.7525947804908,0.7705946741726659
93,(0.3313941133854993)(1.5995799747945598 + X_0 + X_1 + X_4 + (-1.7653581141792887)(sqrt(X_1) - (X_3))),15,0.24269995879341488,0.23647760561904652,0.24269995879341488,0.23647760561904652,0.7525947804908,0.7705946741726658
94,(0.33139411338549923)(1.5995799747945476 + X_0 + X_1 + X_4 + (-1.765358114179286)(sqrt(X_1) - (X_3))),15,0.24269995879341488,0.23647760561904613,0.24269995879341488,0.23647760561904613,0.7525947804908,0.7705946741726661
95,(0.3562602023138436)(X_0 + X_1 + (0.8266024828035015)((2)(X_3) + X_4)),13,0.26532677978643204,0.25017070160011057,0.26532677978643204,0.25017070160011057,0.7295292899056212,0.7573110943728035
96,(0.3313941133854991)(1.5995799747945574 + X_0 + X_1 + X_4 + (-1.765358114179291)(sqrt(X_1) - (X_3))),15,0.24269995879341488,0.2364776056190464,0.24269995879341488,0.2364776056190464,0.7525947804908,0.7705946741726659
97,(0.3313941133854991)(1.5995799747945576 + X_0 + X_1 + X_4 + (-1.7653581141792911)(sqrt(X_1) - (X_3))),15,0.24269995879341488,0.23647760561904635,0.24269995879341488,0.23647760561904635,0.7525947804908,0.7705946741726659
98,(0.6679703123869497)(X_3 + sin(X_0 + X_1)),8,0.29017716136193117,0.3605238273280006,0.29017716136193117,0.3605238273280006,0.7041971302334928,0.6502582734623383
99,(0.2953623003333466)(1.0624174812568508 + X_0 + X_1 + (1.9999580297292567)(X_3) + X_4 - ((X_1)(X_1))),15,0.2400088800767874,0.262391682133796,0.2400088800767874,0.262391682133796,0.7553380315564933,0.7454556038119933
100,(0.6267655283515422)(X_0 + X_1 + X_3 + (-0.4856748024543902)(X_1 - ((X_4 - (X_0))(sqrt(X_1))))),15,0.24806686280319917,0.26237984246534907,0.24806686280319917,0.26237984246534907,0.747123827503306,0.7454670893942776
101,(0.3343893344194384)(X_0 + X_1 + (1.7695575641611199)(X_3) + X_4),11,0.26812770149078646,0.2567897440445142,0.26812770149078646,0.2567897440445142,0.7266740663096265,0.7508900060644692
102,(0.8313097636150139)((0.7085657519168301)(X_3) + sin(X_0 + X_1)),10,0.2711628093766974,0.3297270120546125,0.2711628093766974,0.3297270120546125,0.7235801163292432,0.6801340556690354
103,(0.33139411338549896)(1.5995799747945438 + X_0 + X_1 + X_4 + (-1.7653581141792474)(sqrt(X_1) - (X_3))),15,0.24269995879341488,0.2364776056190478,0.24269995879341488,0.2364776056190478,0.7525947804908,0.7705946741726646
104,(0.33438933441943836)(X_0 + X_1 + (1.7695575641611212)(X_3) + X_4),11,0.26812770149078646,0.25678974404451416,0.26812770149078646,0.25678974404451416,0.7266740663096265,0.7508900060644692
105,(0.3343893344194384)(X_0 + X_1 + (1.7695575641611196)(X_3) + X_4),11,0.26812770149078646,0.2567897440445142,0.26812770149078646,0.2567897440445142,0.7266740663096265,0.7508900060644691
106,(0.3313941133854991)(1.5995799747945574 + X_0 + X_1 + X_4 + (-1.765358114179291)(sqrt(X_1) - (X_3))),15,0.24269995879341488,0.2364776056190464,0.24269995879341488,0.2364776056190464,0.7525947804908,0.7705946741726659
107,(0.33139411338549923)(1.5995799747945805 + X_0 + X_1 + X_4 + (-1.7653581141793233)(sqrt(X_1) - (X_3))),15,0.24269995879341488,0.23647760561904593,0.24269995879341488,0.23647760561904593,0.7525947804908,0.7705946741726664
108,(0.3313941133854991)(1.5995799747945574 + X_0 + X_1 + X_4 + (-1.765358114179291)(sqrt(X_1) - (X_3))),15,0.24269995879341488,0.2364776056190464,0.24269995879341488,0.2364776056190464,0.7525947804908,0.7705946741726659
109,(0.3313941133854992)(X_0 + X_1 + X_4 + (-1.765358114179291)(-0.9060937619097167 + sqrt(X_1) - (X_3))),15,0.24269995879341483,0.23647760561904635,0.24269995879341483,0.23647760561904635,0.7525947804908,0.7705946741726659
110,(-6.29740255238455e-07)(-4251.856303067728 + X_0 + X_1 + (-956202.7191927276)(X_3) + X_4 - ((X_1)(X_1))),15,0.6084555426766205,0.7129394974225142,0.6084555426766205,0.7129394974225142,0.3797482379235443,0.3083822154184783
111,(0.3313941133854993)(1.5995799747945598 + X_0 + X_1 + X_4 + (-1.7653581141792887)(sqrt(X_1) - (X_3))),15,0.24269995879341488,0.23647760561904652,0.24269995879341488,0.23647760561904652,0.7525947804908,0.7705946741726658
112,(0.3562602023138435)(X_0 + X_1 + (0.8266024828034957)((2)(X_3) + X_4)),13,0.26532677978643204,0.2501707016001109,0.26532677978643204,0.2501707016001109,0.7295292899056212,0.7573110943728032
113,(0.3306881146445623)(X_0 + X_1 + X_4 - ((X_3)(-0.9119159388749769 - (sqrt(X_7))))),14,0.266171565830136,0.2561351399455538,0.266171565830136,0.2561351399455538,0.7286681258674401,0.7515250330735459
114,(0.3313941133854993)(1.5995799747945598 + X_0 + X_1 + X_4 + (-1.7653581141792887)(sqrt(X_1) - (X_3))),15,0.24269995879341488,0.23647760561904652,0.24269995879341488,0.23647760561904652,0.7525947804908,0.7705946741726658
115,(0.6267655283515422)(X_0 + X_1 + X_3 + (-0.4856748024543768)(X_1 - ((X_4 - (X_0))(sqrt(X_1))))),15,0.24806686280319917,0.262379842465346,0.24806686280319917,0.262379842465346,0.747123827503306,0.7454670893942806
116,(0.6267655283515421)(X_0 + X_1 + X_3 + (-0.4856748024543768)(X_1 - ((X_4 - (X_0))(sqrt(X_1))))),15,0.24806686280319917,0.26237984246534596,0.24806686280319917,0.26237984246534596,0.747123827503306,0.7454670893942806
117,(0.3313941133854991)(1.5995799747945574 + X_0 + X_1 + X_4 + (-1.765358114179291)(sqrt(X_1) - (X_3))),15,0.24269995879341488,0.2364776056190464,0.24269995879341488,0.2364776056190464,0.7525947804908,0.7705946741726659
118,(0.3313941133854992)(1.5995799747945572 + X_0 + X_1 + X_4 + (-1.765358114179291)(sqrt(X_1) - (X_3))),15,0.24269995879341488,0.23647760561904635,0.24269995879341488,0.23647760561904635,0.7525947804908,0.7705946741726659
119,(0.3313941133854991)(1.5995799747945574 + X_0 + X_1 + X_4 + (-1.765358114179291)(sqrt(X_1) - (X_3))),15,0.24269995879341488,0.2364776056190464,0.24269995879341488,0.2364776056190464,0.7525947804908,0.7705946741726659
120,(0.3313941133854991)(1.5995799747945574 + X_0 + X_1 + X_4 + (-1.765358114179291)(sqrt(X_1) - (X_3))),15,0.24269995879341488,0.2364776056190464,0.24269995879341488,0.2364776056190464,0.7525947804908,0.7705946741726659
121,(0.3313941133854992)(1.5995799747945405 + X_0 + X_1 + X_4 + (-1.7653581141792944)(sqrt(X_1) - (X_3))),15,0.24269995879341488,0.2364776056190455,0.24269995879341488,0.2364776056190455,0.7525947804908,0.7705946741726668
122,(0.3313941133854991)(1.5995799747945574 + X_0 + X_1 + X_4 + (-1.7653581141792911)(sqrt(X_1) - (X_3))),15,0.24269995879341488,0.23647760561904635,0.24269995879341488,0.23647760561904635,0.7525947804908,0.7705946741726659
123,(0.6267655283515422)(X_0 + X_1 + X_3 + (-0.4856748024543768)(X_1 - ((X_4 - (X_0))(sqrt(X_1))))),15,0.24806686280319917,0.262379842465346,0.24806686280319917,0.262379842465346,0.747123827503306,0.7454670893942806
124,(0.3313941133854991)(1.5995799747945574 + X_0 + X_1 + X_4 + (-1.765358114179291)(sqrt(X_1) - (X_3))),15,0.24269995879341488,0.2364776056190464,0.24269995879341488,0.2364776056190464,0.7525947804908,0.7705946741726659
125,(0.6267655283515422)(X_0 + X_1 + X_3 + (-0.4856748024543768)(X_1 - ((X_4 - (X_0))(sqrt(X_1))))),15,0.24806686280319917,0.262379842465346,0.24806686280319917,0.262379842465346,0.747123827503306,0.7454670893942806
126,(-1.6703409002827399e-06)(X_0 + X_1 + (-360428.61514905345)(X_3) + X_4),11,0.6084645511506456,0.7129016139920701,0.6084645511506456,0.7129016139920701,0.3797390548008742,0.30841896587813267
127,(0.3313941133854993)(1.5995799747945598 + X_0 + X_1 + X_4 + (-1.7653581141792887)(sqrt(X_1) - (X_3))),15,0.24269995879341488,0.23647760561904652,0.24269995879341488,0.23647760561904652,0.7525947804908,0.7705946741726658
128,(0.3313941133854992)(1.5995799747945572 + X_0 + X_1 + X_4 + (-1.765358114179291)(sqrt(X_1) - (X_3))),15,0.24269995879341488,0.23647760561904635,0.24269995879341488,0.23647760561904635,0.7525947804908,0.7705946741726659
129,(0.33438933441943836)(X_0 + X_1 + (1.7695575641611199)(X_3) + X_4),11,0.26812770149078646,0.2567897440445142,0.26812770149078646,0.2567897440445142,0.7266740663096265,0.7508900060644692
130,(0.33139411338549857)(1.5995799747945625 + X_0 + X_1 + X_4 + (-1.7653581141792984)(sqrt(X_1) - (X_3))),15,0.24269995879341488,0.23647760561904643,0.24269995879341488,0.23647760561904643,0.7525947804908,0.7705946741726659
131,(0.3562602023138435)(X_0 + X_1 + (0.8266024828034968)((2)(X_3) + X_4)),13,0.265326779786432,0.25017070160011085,0.265326779786432,0.25017070160011085,0.7295292899056212,0.7573110943728033
132,(0.3313941133854991)(1.5995799747945574 + X_0 + X_1 + X_4 + (-1.7653581141792911)(sqrt(X_1) - (X_3))),15,0.24269995879341488,0.23647760561904635,0.24269995879341488,0.23647760561904635,0.7525947804908,0.7705946741726659
133,(0.3343893344194385)(X_0 + X_1 + (1.7695575641611234)(X_3) + X_4),11,0.26812770149078646,0.25678974404451405,0.26812770149078646,0.25678974404451405,0.7266740663096265,0.7508900060644692
134,(0.3313941133854991)(1.5995799747945574 + X_0 + X_1 + X_4 + (-1.765358114179291)(sqrt(X_1) - (X_3))),15,0.24269995879341488,0.2364776056190464,0.24269995879341488,0.2364776056190464,0.7525947804908,0.7705946741726659
135,(0.3313941133854991)(1.5995799747945574 + X_0 + X_1 + X_4 + (-1.765358114179291)(sqrt(X_1) - (X_3))),15,0.24269995879341488,0.2364776056190464,0.24269995879341488,0.2364776056190464,0.7525947804908,0.7705946741726659
136,(0.3562602023138436)(X_0 + X_1 + (0.826602482803501)((2)(X_3) + X_4)),13,0.265326779786432,0.25017070160011057,0.265326779786432,0.25017070160011057,0.7295292899056212,0.7573110943728035
137,(0.3313941133854991)(1.5995799747945574 + X_0 + X_1 + X_4 + (-1.765358114179291)(sqrt(X_1) - (X_3))),15,0.24269995879341488,0.2364776056190464,0.24269995879341488,0.2364776056190464,0.7525947804908,0.7705946741726659
138,(0.3313941133854991)(1.5995799747945574 + X_0 + X_1 + X_4 + (-1.765358114179291)(sqrt(X_1) - (X_3))),15,0.24269995879341488,0.2364776056190464,0.24269995879341488,0.2364776056190464,0.7525947804908,0.7705946741726659
139,(0.3313941133854991)(X_0 + X_1 + X_4 + (-1.7653581141792911)(-0.9060937619097169 + sqrt(X_1) - (X_3))),15,0.24269995879341488,0.2364776056190464,0.24269995879341488,0.2364776056190464,0.7525947804908,0.7705946741726659
140,(0.33068811464456255)(X_0 + X_1 + X_4 - ((X_3)(-0.9119159388749911 - (sqrt(X_7))))),14,0.266171565830136,0.2561351399455533,0.266171565830136,0.2561351399455533,0.7286681258674401,0.7515250330735465
141,(0.3313941133854993)(1.5995799747945627 + X_0 + X_1 + X_4 + (-1.7653581141793042)(sqrt(X_1) - (X_3))),15,0.24269995879341488,0.23647760561904593,0.24269995879341488,0.23647760561904593,0.7525947804908,0.7705946741726664
142,(0.3343893344194384)(X_0 + X_1 + (1.7695575641611199)(X_3) + X_4),11,0.26812770149078646,0.2567897440445142,0.26812770149078646,0.2567897440445142,0.7266740663096265,0.7508900060644692
143,(-1.8158607263024842e-06)(X_0 + X_1 + (-331589.0748077793)(X_3) + X_4),11,0.6084648340365219,0.7129048494670289,0.6084648340365219,0.7129048494670289,0.37973876643064675,0.30841582716575777
144,(0.3343893344194384)(X_0 + X_1 + (1.7695575641611196)(X_3) + X_4),11,0.26812770149078646,0.2567897440445142,0.26812770149078646,0.2567897440445142,0.7266740663096265,0.7508900060644691
145,(0.2953623003333466)(1.062417481256856 + X_0 + X_1 + (1.9999580297292572)(X_3) + X_4 - ((X_1)(X_1))),15,0.2400088800767874,0.26239168213379616,0.2400088800767874,0.26239168213379616,0.7553380315564933,0.745455603811993
146,(0.33139411338550007)(1.599579974794528 + X_0 + X_1 + X_4 + (-1.7653581141792616)(sqrt(X_1) - (X_3))),15,0.24269995879341488,0.23647760561904604,0.24269995879341488,0.23647760561904604,0.7525947804908,0.7705946741726662
147,(-6.591025777390834e-07)(-4062.384922864258 + X_0 + X_1 + (-913603.4862668747)(X_3) + X_4 - ((X_1)(X_1))),15,0.6084556160677039,0.712939545809863,0.6084556160677039,0.712939545809863,0.3797481631096169,0.3083821684782384
148,(0.3313941133854992)(1.5995799747945572 + X_0 + X_1 + X_4 + (-1.765358114179291)(sqrt(X_1) - (X_3))),15,0.24269995879341488,0.23647760561904635,0.24269995879341488,0.23647760561904635,0.7525947804908,0.7705946741726659
149,(0.6267655283515422)(X_0 + X_1 + X_3 + (-0.4856748024543768)(X_1 - ((X_4 - (X_0))(sqrt(X_1))))),15,0.24806686280319917,0.262379842465346,0.24806686280319917,0.262379842465346,0.747123827503306,0.7454670893942806
150,(0.6267655283515422)(X_0 + X_1 + X_3 + (-0.4856748024543768)(X_1 - ((X_4 - (X_0))(sqrt(X_1))))),15,0.24806686280319917,0.262379842465346,0.24806686280319917,0.262379842465346,0.747123827503306,0.7454670893942806
151,(0.3313941133854991)(1.5995799747945574 + X_0 + X_1 + X_4 + (-1.765358114179291)(sqrt(X_1) - (X_3))),15,0.24269995879341488,0.2364776056190464,0.24269995879341488,0.2364776056190464,0.7525947804908,0.7705946741726659
152,(0.3313941133854991)(1.5995799747945574 + X_0 + X_1 + X_4 + (-1.765358114179291)(sqrt(X_1) - (X_3))),15,0.24269995879341488,0.2364776056190464,0.24269995879341488,0.2364776056190464,0.7525947804908,0.7705946741726659
153,(0.33438933441943836)(X_0 + X_1 + (1.769557564161119)(X_3) + X_4),11,0.26812770149078646,0.2567897440445142,0.26812770149078646,0.2567897440445142,0.7266740663096265,0.7508900060644691
154,(0.3313941133854991)(1.5995799747945574 + X_0 + X_1 + X_4 + (-1.765358114179291)(sqrt(X_1) - (X_3))),15,0.24269995879341488,0.2364776056190464,0.24269995879341488,0.2364776056190464,0.7525947804908,0.7705946741726659
155,(0.3343893344194378)(X_0 + X_1 + (1.769557564161091)(X_3) + X_4),11,0.26812770149078646,0.25678974404451516,0.26812770149078646,0.25678974404451516,0.7266740663096265,0.7508900060644682
156,(0.3343893344194378)(X_0 + X_1 + (1.769557564161091)(X_3) + X_4),11,0.26812770149078646,0.25678974404451516,0.26812770149078646,0.25678974404451516,0.7266740663096265,0.7508900060644682
157,(0.33829849513088106)(0.9328194728945522 + X_0 + X_1 + (1.7500300819022776)(X_3) + X_4 - (sqrt(X_1))),15,0.24510867442488174,0.2355674609991793,0.24510867442488174,0.2355674609991793,0.7501393667259977,0.7714775993127612
158,(0.33139411338549923)(1.5995799747945978 + X_0 + X_1 + X_4 + (-1.7653581141792523)(sqrt(X_1) - (X_3))),15,0.24269995879341488,0.2364776056190498,0.24269995879341488,0.2364776056190498,0.7525947804908,0.7705946741726626
159,(0.3313941133854991)(1.5995799747945572 + X_0 + X_1 + X_4 + (-1.765358114179291)(sqrt(X_1) - (X_3))),15,0.24269995879341488,0.23647760561904643,0.24269995879341488,0.23647760561904643,0.7525947804908,0.7705946741726659
160,(0.3313941133854991)(1.5995799747945574 + X_0 + X_1 + X_4 + (-1.765358114179291)(sqrt(X_1) - (X_3))),15,0.24269995879341488,0.2364776056190464,0.24269995879341488,0.2364776056190464,0.7525947804908,0.7705946741726659
161,(0.3564187920574628)(X_0 + X_1 + (0.8078588455953436)((2.0559171791561575)(X_3) + X_4)),13,0.26527854564500275,0.2504407723086074,0.26527854564500275,0.2504407723086074,0.729578459169627,0.7570491006050768
162,(-9.043703571033643e-07)(-580448.4989226168 + X_0 + X_1 + X_4 + (662564.2336530208)(sqrt(X_1) - (X_3))),15,0.576526707759236,0.6763359375827985,0.576526707759236,0.6763359375827985,0.41229608198038004,0.34389108125585277
163,(0.3313941133854991)(1.5995799747945576 + X_0 + X_1 + X_4 + (-1.7653581141792911)(sqrt(X_1) - (X_3))),15,0.24269995879341488,0.23647760561904635,0.24269995879341488,0.23647760561904635,0.7525947804908,0.7705946741726659
164,(0.3313941133854992)(1.5995799747945572 + X_0 + X_1 + X_4 + (-1.765358114179291)(sqrt(X_1) - (X_3))),15,0.24269995879341488,0.23647760561904635,0.24269995879341488,0.23647760561904635,0.7525947804908,0.7705946741726659
165,(0.3313941133854992)(1.5995799747945572 + X_0 + X_1 + X_4 + (-1.765358114179291)(sqrt(X_1) - (X_3))),15,0.24269995879341488,0.23647760561904635,0.24269995879341488,0.23647760561904635,0.7525947804908,0.7705946741726659
166,(0.33139411338549857)(1.5995799747945625 + X_0 + X_1 + X_4 + (-1.7653581141792984)(sqrt(X_1) - (X_3))),15,0.24269995879341488,0.23647760561904643,0.24269995879341488,0.23647760561904643,0.7525947804908,0.7705946741726659
167,(0.3313941133854991)(1.5995799747945574 + X_0 + X_1 + X_4 + (-1.765358114179291)(sqrt(X_1) - (X_3))),15,0.24269995879341488,0.2364776056190464,0.24269995879341488,0.2364776056190464,0.7525947804908,0.7705946741726659
168,(0.3564187920574628)(X_0 + X_1 + (0.8078588455953436)((2.055917179156158)(X_3) + X_4)),13,0.26527854564500275,0.25044077230860734,0.26527854564500275,0.25044077230860734,0.729578459169627,0.7570491006050768
169,(0.3313941133854991)(1.5995799747945574 + X_0 + X_1 + X_4 + (-1.765358114179291)(sqrt(X_1) - (X_3))),15,0.24269995879341488,0.2364776056190464,0.24269995879341488,0.2364776056190464,0.7525947804908,0.7705946741726659
170,(0.3313941133854991)(1.5995799747945574 + X_0 + X_1 + X_4 + (-1.7653581141792911)(sqrt(X_1) - (X_3))),15,0.24269995879341488,0.23647760561904635,0.24269995879341488,0.23647760561904635,0.7525947804908,0.7705946741726659
171,(0.8313097636150137)((0.7085657519168307)(X_3) + sin(X_0 + X_1)),10,0.2711628093766974,0.3297270120546125,0.2711628093766974,0.3297270120546125,0.7235801163292432,0.6801340556690354
172,(0.33438933441943824)(X_0 + X_1 + (1.7695575641610977)(X_3) + X_4),11,0.26812770149078646,0.25678974404451477,0.26812770149078646,0.25678974404451477,0.7266740663096265,0.7508900060644685
173,(0.33438933441943836)(X_0 + X_1 + (1.769557564161122)(X_3) + X_4),11,0.26812770149078646,0.25678974404451416,0.26812770149078646,0.25678974404451416,0.7266740663096265,0.7508900060644692
174,(0.33139411338549934)(1.5995799747945563 + X_0 + X_1 + X_4 + (-1.7653581141792922)(sqrt(X_1) - (X_3))),15,0.24269995879341488,0.23647760561904618,0.24269995879341488,0.23647760561904618,0.7525947804908,0.7705946741726661
175,(0.33139411338549907)(1.5995799747945578 + X_0 + X_1 + X_4 + (-1.7653581141792918)(sqrt(X_1) - (X_3))),15,0.24269995879341488,0.23647760561904635,0.24269995879341488,0.23647760561904635,0.7525947804908,0.7705946741726659
176,(0.33139411338549907)(1.5995799747945572 + X_0 + X_1 + X_4 + (-1.76535811417929)(sqrt(X_1) - (X_3))),15,0.24269995879341488,0.23647760561904643,0.24269995879341488,0.23647760561904643,0.7525947804908,0.7705946741726659
177,(0.3313941133854991)(1.5995799747945574 + X_0 + X_1 + X_4 + (-1.765358114179291)(sqrt(X_1) - (X_3))),15,0.24269995879341488,0.2364776056190464,0.24269995879341488,0.2364776056190464,0.7525947804908,0.7705946741726659
178,(0.3313941133854991)(1.5995799747945574 + X_0 + X_1 + X_4 + (1.765358114179291)(X_3 - (sqrt(X_1)))),15,0.24269995879341488,0.2364776056190464,0.24269995879341488,0.2364776056190464,0.7525947804908,0.7705946741726659
179,(0.33739029290114225)(X_0 + X_1 + X_4 + (-0.17982348908917395)((X_3)(-9.773950303412319 + X_26))),15,0.2644290115868861,0.26852510343958913,0.2644290115868861,0.26852510343958913,0.7304444632726925,0.7395056132857933
180,(0.6267655283515422)(X_0 + X_1 + X_3 + (-0.4856748024543768)(X_1 - ((X_4 - (X_0))(sqrt(X_1))))),15,0.24806686280319917,0.262379842465346,0.24806686280319917,0.262379842465346,0.747123827503306,0.7454670893942806
181,(0.3313941133854991)(1.5995799747945574 + X_0 + X_1 + X_4 + (-1.765358114179291)(sqrt(X_1) - (X_3))),15,0.24269995879341488,0.2364776056190464,0.24269995879341488,0.2364776056190464,0.7525947804908,0.7705946741726659
182,(0.33438933441943847)(X_0 + X_1 + (1.769557564161119)(X_3) + X_4),11,0.26812770149078646,0.25678974404451416,0.26812770149078646,0.25678974404451416,0.7266740663096265,0.7508900060644692
183,(0.3313941133854993)(1.5995799747945598 + X_0 + X_1 + X_4 + (-1.7653581141792887)(sqrt(X_1) - (X_3))),15,0.24269995879341488,0.23647760561904652,0.24269995879341488,0.23647760561904652,0.7525947804908,0.7705946741726658
184,(0.6267655283515422)(X_0 + X_1 + X_3 + (-0.4856748024543902)(X_1 - ((X_4 - (X_0))(sqrt(X_1))))),15,0.24806686280319917,0.26237984246534907,0.24806686280319917,0.26237984246534907,0.747123827503306,0.7454670893942776
185,(0.32887558777742654)(X_0 + X_1 + (1.7905059875186655)((-0.14540364504995645)((X_1)(X_1)) + X_3) + X_4),15,0.2543171771487743,0.23851280513911063,0.2543171771487743,0.23851280513911063,0.7407523373705664,0.7686203408830431
186,(0.3564187920574626)(X_0 + X_1 + X_3 + (0.8078588455953438)((0.8180771710256445)(X_3) + X_4)),14,0.26527854564500275,0.2504407723086083,0.26527854564500275,0.2504407723086083,0.729578459169627,0.7570491006050759
187,(0.3313941133854992)(1.5995799747945574 + X_0 + X_1 + X_4 + (-1.765358114179291)(sqrt(X_1) - (X_3))),15,0.24269995879341488,0.23647760561904635,0.24269995879341488,0.23647760561904635,0.7525947804908,0.7705946741726659
188,(0.3313941133854991)(1.5995799747945547 + X_0 + X_1 + X_4 + (-1.7653581141792904)(sqrt(X_1) - (X_3))),15,0.24269995879341488,0.23647760561904627,0.24269995879341488,0.23647760561904627,0.7525947804908,0.770594674172666
189,(0.3645388754543921)(X_0 + X_1 + (-7.853892964333035e-06)((-208085.00454137602)(X_3) + X_4)),13,0.3416265508701174,0.3668628062910129,0.3416265508701174,0.3668628062910129,0.651750283649057,0.644108872843131
190,(0.2953623003333466)(1.062417481256856 + X_0 + X_1 + (1.9999580297292576)(X_3) + X_4 - ((X_1)(X_1))),15,0.24000888007678745,0.2623916821337962,0.24000888007678745,0.2623916821337962,0.7553380315564932,0.745455603811993
191,(0.35960565289150437)(1.326774042828649 + X_0 + X_1 + X_3 + X_4 - (sin(sqrt(X_1) - (X_3)) + sqrt(X_1))),16,0.2540602909637292,0.2558754710576614,0.2540602909637292,0.2558754710576614,0.7410142038468359,0.7517769361054556
192,(0.3313941133854992)(1.5995799747945572 + X_0 + X_1 + X_4 + (-1.765358114179291)(sqrt(X_1) - (X_3))),15,0.24269995879341488,0.23647760561904635,0.24269995879341488,0.23647760561904635,0.7525947804908,0.7705946741726659
193,(0.3343893344194384)(X_0 + X_1 + (1.7695575641611196)(X_3) + X_4),11,0.26812770149078646,0.2567897440445142,0.26812770149078646,0.2567897440445142,0.7266740663096265,0.7508900060644691
194,(0.6267655283515422)(X_0 + X_1 + X_3 + (-0.4856748024543768)(X_1 - ((X_4 - (X_0))(sqrt(X_1))))),15,0.24806686280319917,0.262379842465346,0.24806686280319917,0.262379842465346,0.747123827503306,0.7454670893942806
195,(0.33438933441943836)(X_0 + X_1 + (1.7695575641611194)(X_3) + X_4),11,0.26812770149078646,0.2567897440445142,0.26812770149078646,0.2567897440445142,0.7266740663096265,0.7508900060644691
196,(0.3343893344194384)(X_0 + X_1 + (1.76955756416112)(X_3) + X_4),11,0.26812770149078646,0.25678974404451416,0.26812770149078646,0.25678974404451416,0.7266740663096265,0.7508900060644692
197,(0.3343893344194382)(X_0 + X_1 + (1.7695575641610852)(X_3) + X_4),11,0.26812770149078646,0.2567897440445151,0.26812770149078646,0.2567897440445151,0.7266740663096265,0.7508900060644683
198,(0.6267655283515432)(X_0 + X_1 + X_3 + (-0.4856748024543678)(X_1 - ((X_4 - (X_0))(sqrt(X_1))))),15,0.24806686280319917,0.2623798424653438,0.24806686280319917,0.2623798424653438,0.747123827503306,0.7454670893942827
199,(0.3343893344194384)(X_0 + X_1 + (1.7695575641611196)(X_3) + X_4),11,0.26812770149078646,0.2567897440445142,0.26812770149078646,0.2567897440445142,0.7266740663096265,0.7508900060644691
200,(0.3313941133854991)(1.5995799747945574 + X_0 + X_1 + X_4 + (1.7653581141792916)(X_3 - (sqrt(X_1)))),15,0.24269995879341488,0.23647760561904635,0.24269995879341488,0.23647760561904635,0.7525947804908,0.7705946741726659
201,(0.3313941133854992)(1.599579974794557 + X_0 + X_1 + X_4 + (-1.7653581141792907)(sqrt(X_1) - (X_3))),15,0.24269995879341488,0.23647760561904635,0.24269995879341488,0.23647760561904635,0.7525947804908,0.7705946741726659
202,(0.3313941133854991)(1.5995799747945574 + X_0 + X_1 + X_4 + (-1.765358114179291)(sqrt(X_1) - (X_3))),15,0.24269995879341488,0.2364776056190464,0.24269995879341488,0.2364776056190464,0.7525947804908,0.7705946741726659
203,(0.3313941133854993)(1.5995799747945598 + X_0 + X_1 + X_4 + (-1.7653581141792887)(sqrt(X_1) - (X_3))),15,0.24269995879341488,0.23647760561904652,0.24269995879341488,0.23647760561904652,0.7525947804908,0.7705946741726658
204,(0.33438933441943836)(X_0 + X_1 + (1.7695575641611216)(X_3) + X_4),11,0.26812770149078646,0.2567897440445142,0.26812770149078646,0.2567897440445142,0.7266740663096265,0.7508900060644692
205,(0.3343893344194389)(X_0 + X_1 + (1.7695575641611416)(X_3) + X_4),11,0.26812770149078646,0.2567897440445135,0.26812770149078646,0.2567897440445135,0.7266740663096265,0.7508900060644699
206,(0.3313941133854993)(1.5995799747945598 + X_0 + X_1 + X_4 + (-1.7653581141792887)(sqrt(X_1) - (X_3))),15,0.24269995879341488,0.23647760561904652,0.24269995879341488,0.23647760561904652,0.7525947804908,0.7705946741726658
207,(0.3313941133854991)(1.5995799747945576 + X_0 + X_1 + X_4 + (-1.7653581141792911)(sqrt(X_1) - (X_3))),15,0.24269995879341488,0.23647760561904635,0.24269995879341488,0.23647760561904635,0.7525947804908,0.7705946741726659
208,(0.3313941133854992)(1.5995799747945572 + X_0 + X_1 + X_4 + (1.765358114179291)(X_3 - (sqrt(X_1)))),15,0.24269995879341488,0.23647760561904635,0.24269995879341488,0.23647760561904635,0.7525947804908,0.7705946741726659
209,(0.3313941133854991)(1.5995799747945574 + X_0 + X_1 + X_4 + (-1.765358114179291)(sqrt(X_1) - (X_3))),15,0.24269995879341488,0.2364776056190464,0.24269995879341488,0.2364776056190464,0.7525947804908,0.7705946741726659
210,(0.3562602023138435)(X_0 + X_1 + (0.8266024828034968)((2)(X_3) + X_4)),13,0.265326779786432,0.25017070160011085,0.265326779786432,0.25017070160011085,0.7295292899056212,0.7573110943728033
211,(0.6267655283515422)(X_0 + X_1 + X_3 + (-0.48567480245437844)(X_1 - ((X_4 - (X_0))(sqrt(X_1))))),15,0.24806686280319915,0.2623798424653464,0.24806686280319915,0.2623798424653464,0.747123827503306,0.7454670893942803
212,(0.6267655283515422)(X_0 + X_1 + X_3 + (-0.4856748024543768)(X_1 - ((X_4 - (X_0))(sqrt(X_1))))),15,0.24806686280319917,0.262379842465346,0.24806686280319917,0.262379842465346,0.747123827503306,0.7454670893942806
213,(0.29536230033334626)(1.0624174812568548 + X_0 + X_1 + (1.999958029729247)(X_3) + X_4 - ((X_1)(X_1))),15,0.24000888007678745,0.2623916821337963,0.24000888007678745,0.2623916821337963,0.7553380315564932,0.7454556038119929
214,(0.6267655283515422)(X_0 + X_1 + X_3 + (-0.48567480245437666)(X_1 - ((X_4 - (X_0))(sqrt(X_1))))),15,0.24806686280319917,0.26237984246534596,0.24806686280319917,0.26237984246534596,0.747123827503306,0.7454670893942806
215,(0.3343893344194383)(X_0 + X_1 + (1.769557564161119)(X_3) + X_4),11,0.26812770149078646,0.2567897440445142,0.26812770149078646,0.2567897440445142,0.7266740663096265,0.7508900060644691
216,(0.33139411338549923)(1.5995799747945538 + X_0 + X_1 + X_4 + (-1.765358114179289)(sqrt(X_1) - (X_3))),15,0.24269995879341488,0.23647760561904627,0.24269995879341488,0.23647760561904627,0.7525947804908,0.770594674172666
217,(0.33139411338549907)(1.5995799747945891 + X_0 + X_1 + X_4 + (-1.7653581141792942)(sqrt(X_1) - (X_3))),15,0.24269995879341488,0.23647760561904763,0.24269995879341488,0.23647760561904763,0.7525947804908,0.7705946741726647
218,(0.2953623003333466)(1.062417481256856 + X_0 + X_1 + (1.9999580297292576)(X_3) + X_4 - ((X_1)(X_1))),15,0.24000888007678745,0.2623916821337962,0.24000888007678745,0.2623916821337962,0.7553380315564932,0.745455603811993
219,(0.6679703123869485)(X_3 + sin(X_0 + X_1)),8,0.29017716136193117,0.3605238273280007,0.29017716136193117,0.3605238273280007,0.7041971302334928,0.6502582734623383
220,(0.3313941133854992)(1.5995799747945572 + X_0 + X_1 + X_4 + (-1.765358114179291)(sqrt(X_1) - (X_3))),15,0.24269995879341488,0.23647760561904635,0.24269995879341488,0.23647760561904635,0.7525947804908,0.7705946741726659
221,(0.2953623003333466)(1.062417481256856 + X_0 + X_1 + (1.9999580297292574)(X_3) + X_4 - ((X_1)(X_1))),15,0.24000888007678745,0.26239168213379616,0.24000888007678745,0.26239168213379616,0.7553380315564932,0.745455603811993
222,(0.5890376277316747)(X_3) + (0.8313097636150137)(sin(X_0 + X_1)),10,0.2711628093766974,0.3297270120546125,0.2711628093766974,0.3297270120546125,0.7235801163292432,0.6801340556690354
223,(0.33139411338549835)(1.5995799747945638 + X_0 + X_1 + X_4 + (-1.7653581141793122)(sqrt(X_1) - (X_3))),15,0.24269995879341488,0.23647760561904602,0.24269995879341488,0.23647760561904602,0.7525947804908,0.7705946741726662
224,(0.6267655283515424)(X_0 + X_1 + X_3 + (-0.4856748024543802)(X_1 - ((X_4 - (X_0))(sqrt(X_1))))),15,0.24806686280319923,0.26237984246534674,0.24806686280319923,0.26237984246534674,0.7471238275033059,0.7454670893942799
225,(0.3313941133854989)(1.5995799747945902 + X_0 + X_1 + X_4 + (-1.765358114179326)(sqrt(X_1) - (X_3))),15,0.24269995879341488,0.23647760561904627,0.24269995879341488,0.23647760561904627,0.7525947804908,0.770594674172666
226,(0.6267655283515422)(X_0 + X_1 + X_3 + (-0.4856748024543768)(X_1 - ((X_4 - (X_0))(sqrt(X_1))))),15,0.24806686280319917,0.262379842465346,0.24806686280319917,0.262379842465346,0.747123827503306,0.7454670893942806
227,(0.3343893344194384)(X_0 + X_1 + (1.76955756416112)(X_3) + X_4),11,0.26812770149078646,0.25678974404451416,0.26812770149078646,0.25678974404451416,0.7266740663096265,0.7508900060644692
228,(0.3313941133854992)(1.5995799747945572 + X_0 + X_1 + X_4 + (-1.765358114179291)(sqrt(X_1) - (X_3))),15,0.24269995879341488,0.23647760561904635,0.24269995879341488,0.23647760561904635,0.7525947804908,0.7705946741726659
229,(0.3313941133854993)(1.5995799747945598 + X_0 + X_1 + X_4 + (-1.7653581141792887)(sqrt(X_1) - (X_3))),15,0.24269995879341488,0.23647760561904652,0.24269995879341488,0.23647760561904652,0.7525947804908,0.7705946741726658
230,(0.3347469487922024)(0.06118420882134412 + X_0 + X_1 + (1.769243958906828)(X_3) + X_4),13,0.2677089086990712,0.25871766311650224,0.2677089086990712,0.25871766311650224,0.7271009783003755,0.7490197448119486
231,(0.6267655283515421)(X_0 + X_1 + X_3 + (-0.4856748024543811)(X_1 - ((X_4 - (X_0))(sqrt(X_1))))),15,0.24806686280319915,0.262379842465347,0.24806686280319915,0.262379842465347,0.747123827503306,0.7454670893942796
232,(0.3313941133854992)(X_0 + X_1 + X_4 + (-1.7653581141792913)(-0.9060937619097156 + sqrt(X_1) - (X_3))),15,0.24269995879341488,0.23647760561904627,0.24269995879341488,0.23647760561904627,0.7525947804908,0.770594674172666
233,(0.3343893344194384)(X_0 + X_1 + (1.7695575641611199)(X_3) + X_4),11,0.26812770149078646,0.2567897440445142,0.26812770149078646,0.2567897440445142,0.7266740663096265,0.7508900060644692
234,(-4.2535157253613466e-07)(X_0 + X_1 + X_3 + (-369901.437581619)(X_1 - ((X_4 - (X_0))(sqrt(X_1))))),15,0.9189277853441563,0.9287611722048005,0.9189277853441563,0.9287611722048005,0.0632568230483661,0.09901506839234298
235,(0.3313941133854992)(1.5995799747945574 + X_0 + X_1 + X_4 + (-1.765358114179291)(sqrt(X_1) - (X_3))),15,0.24269995879341488,0.23647760561904635,0.24269995879341488,0.23647760561904635,0.7525947804908,0.7705946741726659
236,(0.341807444483335)(X_0 + X_1 + (1.7525203291102758)(X_3) + (-0.6132497267467536)((X_1)(X_1) - ((exp(X_4))(sqrt(X_1))))),18,0.2565318429084652,0.29766801435783763,0.2565318429084652,0.29766801435783763,0.7384947355516793,0.7112342725080629
237,(0.3313941133854992)(1.5995799747945574 + X_0 + X_1 + X_4 + (1.765358114179291)(X_3 - (sqrt(X_1)))),15,0.24269995879341488,0.23647760561904635,0.24269995879341488,0.23647760561904635,0.7525947804908,0.7705946741726659
238,(0.3343893344194386)(X_0 + X_1 + (1.7695575641611196)(X_3) + X_4),11,0.26812770149078646,0.2567897440445141,0.26812770149078646,0.2567897440445141,0.7266740663096265,0.7508900060644692
239,(0.2953623003333466)(1.062417481256856 + X_0 + X_1 + (1.9999580297292574)(X_3) + X_4 - ((X_1)(X_1))),15,0.24000888007678745,0.26239168213379616,0.24000888007678745,0.26239168213379616,0.7553380315564932,0.745455603811993
240,(0.33829849513088106)(0.9328194728945521 + X_0 + X_1 + (1.7500300819022776)(X_3) + X_4 - (sqrt(X_1))),15,0.24510867442488168,0.2355674609991793,0.24510867442488168,0.2355674609991793,0.7501393667259977,0.7714775993127612
241,(0.3313941133854991)(1.5995799747945574 + X_0 + X_1 + X_4 + (-1.765358114179291)(sqrt(X_1) - (X_3))),15,0.24269995879341488,0.2364776056190464,0.24269995879341488,0.2364776056190464,0.7525947804908,0.7705946741726659
242,(0.6267655283515422)(X_0 + X_1 + X_3 + (-0.4856748024543768)(X_1 - ((X_4 - (X_0))(sqrt(X_1))))),15,0.24806686280319917,0.262379842465346,0.24806686280319917,0.262379842465346,0.747123827503306,0.7454670893942806
243,(0.33438933441943847)(X_0 + X_1 + (1.769557564161119)(X_3) + X_4),11,0.26812770149078646,0.25678974404451416,0.26812770149078646,0.25678974404451416,0.7266740663096265,0.7508900060644692
244,(0.33438933441943836)(X_0 + X_1 + (1.7695575641611843)(X_3) + X_4),11,0.26812770149078646,0.2567897440445127,0.26812770149078646,0.2567897440445127,0.7266740663096265,0.7508900060644705
245,(0.3343893344194384)(X_0 + X_1 + (1.7695575641611196)(X_3) + X_4),11,0.26812770149078646,0.2567897440445142,0.26812770149078646,0.2567897440445142,0.7266740663096265,0.7508900060644691
246,(0.3313941133854991)(1.5995799747945574 + X_0 + X_1 + X_4 + (-1.765358114179291)(sqrt(X_1) - (X_3))),15,0.24269995879341488,0.2364776056190464,0.24269995879341488,0.2364776056190464,0.7525947804908,0.7705946741726659
247,(0.3313941133854992)(1.599579974794557 + X_0 + X_1 + X_4 + (-1.7653581141792907)(sqrt(X_1) - (X_3))),15,0.24269995879341488,0.23647760561904635,0.24269995879341488,0.23647760561904635,0.7525947804908,0.7705946741726659
248,(0.3313941133854991)(1.5995799747945574 + X_0 + X_1 + X_4 + (-1.765358114179291)(sqrt(X_1) - (X_3))),15,0.24269995879341488,0.2364776056190464,0.24269995879341488,0.2364776056190464,0.7525947804908,0.7705946741726659
249,(0.3313941133854991)(1.5995799747945574 + X_0 + X_1 + X_4 + (-1.765358114179291)(sqrt(X_1) - (X_3))),15,0.24269995879341488,0.2364776056190464,0.24269995879341488,0.2364776056190464,0.7525947804908,0.7705946741726659
250,(0.33139411338549907)(1.5995799747945585 + X_0 + X_1 + X_4 + (-1.7653581141792918)(sqrt(X_1) - (X_3))),15,0.24269995879341488,0.2364776056190464,0.24269995879341488,0.2364776056190464,0.7525947804908,0.7705946741726659
251,(0.3313941133854991)(1.5995799747945574 + X_0 + X_1 + X_4 + (-1.765358114179291)(sqrt(X_1) - (X_3))),15,0.24269995879341488,0.2364776056190464,0.24269995879341488,0.2364776056190464,0.7525947804908,0.7705946741726659
252,(0.3313941133854987)(1.5995799747945554 + X_0 + X_1 + X_4 + (-1.765358114179291)(sqrt(X_1) - (X_3))),15,0.24269995879341488,0.2364776056190465,0.24269995879341488,0.2364776056190465,0.7525947804908,0.7705946741726658
253,(0.3343893344194384)(X_0 + X_1 + (1.769557564161119)(X_3) + X_4),11,0.26812770149078646,0.2567897440445142,0.26812770149078646,0.2567897440445142,0.7266740663096265,0.7508900060644692
254,(0.3313941133854992)(1.599579974794561 + X_0 + X_1 + X_4 + (-1.7653581141792931)(sqrt(X_1) - (X_3))),15,0.24269995879341488,0.2364776056190465,0.24269995879341488,0.2364776056190465,0.7525947804908,0.7705946741726658
255,(0.6267655283515424)(X_0 + X_1 + X_3 + (-0.4856748024544011)(X_1 - ((X_4 - (X_0))(sqrt(X_1))))),15,0.24806686280319923,0.26237984246535145,0.24806686280319923,0.26237984246535145,0.7471238275033059,0.7454670893942754
256,(0.3313941133854991)(1.5995799747945574 + X_0 + X_1 + X_4 + (-1.7653581141792911)(sqrt(X_1) - (X_3))),15,0.24269995879341488,0.23647760561904635,0.24269995879341488,0.23647760561904635,0.7525947804908,0.7705946741726659
257,(0.3313941133854991)(1.5995799747945574 + X_0 + X_1 + X_4 + (-1.765358114179291)(sqrt(X_1) - (X_3))),15,0.24269995879341488,0.2364776056190464,0.24269995879341488,0.2364776056190464,0.7525947804908,0.7705946741726659
258,(0.33438933441943824)(X_0 + X_1 + (1.7695575641611305)(X_3) + X_4),11,0.26812770149078646,0.256789744044514,0.26812770149078646,0.256789744044514,0.7266740663096265,0.7508900060644693
259,(-1.7623243951177184e-06)(X_0 + X_1 + (-341605.9673227262)(X_3) + X_4),11,0.6084647432212005,0.7129011859809825,0.6084647432212005,0.7129011859809825,0.3797388590066185,0.30841938108879396
260,(0.33829849513088106)(0.9328194728945521 + X_0 + X_1 + (1.7500300819022776)(X_3) + X_4 - (sqrt(X_1))),15,0.24510867442488168,0.2355674609991793,0.24510867442488168,0.2355674609991793,0.7501393667259977,0.7714775993127612
261,(0.3313941133854991)(1.5995799747945574 + X_0 + X_1 + X_4 + (-1.765358114179291)(sqrt(X_1) - (X_3))),15,0.24269995879341488,0.2364776056190464,0.24269995879341488,0.2364776056190464,0.7525947804908,0.7705946741726659
262,(0.3343893344194384)(X_0 + X_1 + (1.7695575641611196)(X_3) + X_4),11,0.26812770149078646,0.2567897440445142,0.26812770149078646,0.2567897440445142,0.7266740663096265,0.7508900060644691
263,(0.5671831886092886)(X_0 + X_1 + X_3 + (-0.20014144412910403)(X_1 - ((X_4 - (X_0))(exp(sqrt(X_1)))))),16,0.2544034361027448,0.28932511015532864,0.2544034361027448,0.28932511015532864,0.740664406101242,0.7193276674488338
264,(0.6267655283515412)(X_0 + X_1 + X_3 + (-0.48567480245436734)(X_1 - ((X_4 - (X_0))(sqrt(X_1))))),15,0.24806686280319917,0.262379842465344,0.24806686280319917,0.262379842465344,0.747123827503306,0.7454670893942825
265,(0.3313941133854991)(1.5995799747945572 + X_0 + X_1 + X_4 + (-1.765358114179291)(sqrt(X_1) - (X_3))),15,0.24269995879341488,0.23647760561904643,0.24269995879341488,0.23647760561904643,0.7525947804908,0.7705946741726659
266,(0.3313941133854991)(1.5995799747945574 + X_0 + X_1 + X_4 + (-1.765358114179291)(sqrt(X_1) - (X_3))),15,0.24269995879341488,0.2364776056190464,0.24269995879341488,0.2364776056190464,0.7525947804908,0.7705946741726659
267,(-1.5074815919266216e-06)(X_0 + X_1 + (-397443.4354347017)(X_3) + (86360.96473866461)((X_1)(X_1) - ((X_4)(exp(X_4))))),17,0.49343589757436607,0.6104168453979336,0.49343589757436607,0.6104168453979336,0.49699778623770596,0.4078387467496928
268,(0.6267655283515422)(X_0 + X_1 + X_3 + (-0.4856748024543768)(X_1 - ((X_4 - (X_0))(sqrt(X_1))))),15,0.24806686280319917,0.262379842465346,0.24806686280319917,0.262379842465346,0.747123827503306,0.7454670893942806
269,(-6.564616947734357e-07)(-4078.6868148253166 + X_0 + X_1 + (-917268.6785041931)(X_3) + X_4 - ((X_1)(X_1))),15,0.6084556105007756,0.7129392971002477,0.6084556105007756,0.7129392971002477,0.37974816878447215,0.30838240974975406
270,(0.36782020544269495)(X_0 + (X_1)(X_1) + (-1.4394209412954346)((X_1)(X_1) - (X_3)) + X_4),13,0.3797651762426608,0.3967463429942979,0.3797651762426608,0.3967463429942979,0.612872258992675,0.6151190560004571
271,(0.3313941133854992)(1.5995799747945572 + X_0 + X_1 + X_4 + (-1.765358114179291)(sqrt(X_1) - (X_3))),15,0.24269995879341488,0.23647760561904635,0.24269995879341488,0.23647760561904635,0.7525947804908,0.7705946741726659
272,(0.33474694879220207)(0.06118420882130593 + X_0 + X_1 + (1.7692439589067916)(X_3) + X_4),13,0.2677089086990712,0.25871766311650163,0.2677089086990712,0.25871766311650163,0.7271009783003755,0.7490197448119491
273,(0.3313941133854992)(1.599579974794553 + X_0 + X_1 + X_4 + (-1.7653581141792933)(sqrt(X_1) - (X_3))),15,0.24269995879341488,0.2364776056190461,0.24269995879341488,0.2364776056190461,0.7525947804908,0.7705946741726661
274,(0.33139411338549934)(1.5995799747945563 + X_0 + X_1 + X_4 + (-1.7653581141792922)(sqrt(X_1) - (X_3))),15,0.24269995879341488,0.23647760561904618,0.24269995879341488,0.23647760561904618,0.7525947804908,0.7705946741726661
275,(0.33139411338549885)(1.599579974794541 + X_0 + X_1 + X_4 + (-1.7653581141793033)(sqrt(X_1) - (X_3))),15,0.24269995879341488,0.23647760561904524,0.24269995879341488,0.23647760561904524,0.7525947804908,0.770594674172667
276,(0.6267655283515421)(X_0 + X_1 + X_3 + (-0.4856748024543768)(X_1 - ((X_4 - (X_0))(sqrt(X_1))))),15,0.24806686280319917,0.26237984246534596,0.24806686280319917,0.26237984246534596,0.747123827503306,0.7454670893942806
277,(0.3313941133854989)(1.5995799747945583 + X_0 + X_1 + X_4 + (-1.7653581141792887)(sqrt(X_1) - (X_3))),15,0.24269995879341488,0.2364776056190466,0.24269995879341488,0.2364776056190466,0.7525947804908,0.7705946741726657
278,(0.3313941133854993)(1.5995799747945598 + X_0 + X_1 + X_4 + (-1.7653581141792887)(sqrt(X_1) - (X_3))),15,0.24269995879341488,0.23647760561904652,0.24269995879341488,0.23647760561904652,0.7525947804908,0.7705946741726658
279,(0.2953623003333466)(1.0624174812568563 + X_0 + X_1 + (1.9999580297292576)(X_3) + X_4 - ((X_1)(X_1))),15,0.24000888007678745,0.2623916821337962,0.24000888007678745,0.2623916821337962,0.7553380315564932,0.745455603811993
280,(0.6267655283515422)(X_0 + X_1 + X_3 + (-0.48567480245437683)(X_1 - ((X_4 - (X_0))(sqrt(X_1))))),15,0.24806686280319917,0.26237984246534596,0.24806686280319917,0.26237984246534596,0.747123827503306,0.7454670893942806
281,(0.33139411338549934)(1.5995799747945576 + X_0 + X_1 + X_4 + (-1.76535811417929)(sqrt(X_1) - (X_3))),15,0.24269995879341488,0.23647760561904635,0.24269995879341488,0.23647760561904635,0.7525947804908,0.7705946741726659
282,(0.6267655283515418)(X_0 + X_1 + X_3 + (-0.48567480245437333)(X_1 - ((X_4 - (X_0))(sqrt(X_1))))),15,0.24806686280319917,0.2623798424653454,0.24806686280319917,0.2623798424653454,0.747123827503306,0.7454670893942812
283,(0.3343893344194382)(X_0 + X_1 + (1.7695575641611212)(X_3) + X_4),11,0.26812770149078646,0.2567897440445142,0.26812770149078646,0.2567897440445142,0.7266740663096265,0.7508900060644691
284,(0.3343893344194386)(X_0 + X_1 + (1.7695575641611196)(X_3) + X_4),11,0.26812770149078646,0.2567897440445141,0.26812770149078646,0.2567897440445141,0.7266740663096265,0.7508900060644692
285,(0.3343893344194382)(X_0 + X_1 + (1.7695575641611194)(X_3) + X_4),11,0.26812770149078646,0.25678974404451427,0.26812770149078646,0.25678974404451427,0.7266740663096265,0.7508900060644691
286,(0.33438933441943813)(X_0 + X_1 + (1.7695575641611265)(X_3) + X_4),11,0.26812770149078646,0.25678974404451416,0.26812770149078646,0.25678974404451416,0.7266740663096265,0.7508900060644692
287,(0.33139411338549907)(1.5995799747945583 + X_0 + X_1 + X_4 + (-1.7653581141792913)(sqrt(X_1) - (X_3))),15,0.24269995879341488,0.2364776056190464,0.24269995879341488,0.2364776056190464,0.7525947804908,0.7705946741726659
288,(0.3313941133854991)(1.5995799747945574 + X_0 + X_1 + X_4 + (-1.765358114179291)(sqrt(X_1) - (X_3))),15,0.24269995879341488,0.2364776056190464,0.24269995879341488,0.2364776056190464,0.7525947804908,0.7705946741726659
289,(0.2953623003333466)(1.062417481256856 + X_0 + X_1 + (1.9999580297292576)(X_3) + X_4 - ((X_1)(X_1))),15,0.24000888007678745,0.2623916821337962,0.24000888007678745,0.2623916821337962,0.7553380315564932,0.745455603811993
290,(0.331394113385499)(1.5995799747945614 + X_0 + X_1 + X_4 + (-1.7653581141792938)(sqrt(X_1) - (X_3))),15,0.24269995879341488,0.23647760561904652,0.24269995879341488,0.23647760561904652,0.7525947804908,0.7705946741726658
291,(0.3343893344194384)(X_0 + X_1 + (1.7695575641611196)(X_3) + X_4),11,0.26812770149078646,0.2567897440445142,0.26812770149078646,0.2567897440445142,0.7266740663096265,0.7508900060644691
292,(0.3343893344194384)(X_0 + X_1 + (1.7695575641611199)(X_3) + X_4),11,0.26812770149078646,0.2567897440445142,0.26812770149078646,0.2567897440445142,0.7266740663096265,0.7508900060644692
293,(0.3343893344194384)(X_0 + X_1 + (1.7695575641611194)(X_3) + X_4),11,0.2681277014907864,0.2567897440445142,0.2681277014907864,0.2567897440445142,0.7266740663096265,0.7508900060644692
294,(0.3564187920574628)(X_0 + X_1 + (1.660890878992729)(X_3) + (0.8078588455953437)(X_4)),13,0.2652785456450027,0.2504407723086074,0.2652785456450027,0.2504407723086074,0.7295784591696272,0.7570491006050768
295,(0.3313941133854991)(1.5995799747945574 + X_0 + X_1 + X_4 + (-1.765358114179291)(sqrt(X_1) - (X_3))),15,0.24269995879341488,0.2364776056190464,0.24269995879341488,0.2364776056190464,0.7525947804908,0.7705946741726659
296,(0.3347469487922024)(-1.7080597500854982 + X_0 + X_1 + (1.7692439589068398)(1 + X_3) + X_4),15,0.2677089086990712,0.2587176631165019,0.2677089086990712,0.2587176631165019,0.7271009783003755,0.7490197448119489
297,(0.3313941133854992)(1.5995799747945625 + X_0 + X_1 + X_4 + (1.7653581141792638)(X_3 - (sqrt(X_1)))),15,0.2426999587934149,0.23647760561904785,0.2426999587934149,0.23647760561904785,0.7525947804907999,0.7705946741726645
298,(0.39444212322948213)(0.4313383062041305 + X_0 + X_1 + X_4 - (sin(sqrt(X_1) - (X_3)))),14,0.44985024133440477,0.44739495418717257,0.44985024133440477,0.44739495418717257,0.5414284441706927,0.5659851808371528
299,(0.6267655283515422)(X_0 + X_1 + X_3 + (-0.4856748024543768)(X_1 - ((X_4 - (X_0))(sqrt(X_1))))),15,0.24806686280319917,0.262379842465346,0.24806686280319917,0.262379842465346,0.747123827503306,0.7454670893942806
300,(0.6267655283515422)(X_0 + X_1 + X_3 + (-0.4856748024543768)(X_1 - ((X_4 - (X_0))(sqrt(X_1))))),15,0.24806686280319917,0.262379842465346,0.24806686280319917,0.262379842465346,0.747123827503306,0.7454670893942806
301,(0.3343893344194384)(X_0 + X_1 + (1.7695575641611199)(X_3) + X_4),11,0.26812770149078646,0.2567897440445142,0.26812770149078646,0.2567897440445142,0.7266740663096265,0.7508900060644692
302,(0.6679703123869478)(X_3 + sin(X_0 + X_1)),8,0.29017716136193117,0.3605238273280007,0.29017716136193117,0.3605238273280007,0.7041971302334928,0.6502582734623383
303,(0.6267655283515422)(X_0 + X_1 + X_3 + (-0.48567480245437844)(X_1 - ((X_4 - (X_0))(sqrt(X_1))))),15,0.24806686280319915,0.2623798424653464,0.24806686280319915,0.2623798424653464,0.747123827503306,0.7454670893942803
304,(0.3313941133854991)(1.5995799747945574 + X_0 + X_1 + X_4 + (-1.765358114179291)(sqrt(X_1) - (X_3))),15,0.24269995879341488,0.2364776056190464,0.24269995879341488,0.2364776056190464,0.7525947804908,0.7705946741726659
305,(0.3313941133854992)(1.5995799747945574 + X_0 + X_1 + X_4 + (-1.765358114179291)(sqrt(X_1) - (X_3))),15,0.24269995879341488,0.23647760561904635,0.24269995879341488,0.23647760561904635,0.7525947804908,0.7705946741726659
306,(0.3564187920574628)(X_0 + X_1 + (0.8078588455953435)((2.0559171791561637)(X_3) + X_4)),13,0.26527854564500275,0.25044077230860723,0.26527854564500275,0.25044077230860723,0.729578459169627,0.7570491006050769
307,(0.3313941133854989)(1.599579974794561 + X_0 + X_1 + X_4 + (-1.7653581141792927)(sqrt(X_1) - (X_3))),15,0.24269995879341488,0.2364776056190466,0.24269995879341488,0.2364776056190466,0.7525947804908,0.7705946741726657
308,(0.3343893344194381)(X_0 + X_1 + (1.7695575641611194)(X_3) + X_4),11,0.26812770149078646,0.2567897440445143,0.26812770149078646,0.2567897440445143,0.7266740663096265,0.750890006064469
309,(0.3313941133854992)(1.5995799747945572 + X_0 + X_1 + X_4 + (-1.765358114179291)(sqrt(X_1) - (X_3))),15,0.24269995879341488,0.23647760561904635,0.24269995879341488,0.23647760561904635,0.7525947804908,0.7705946741726659
310,(0.3562602023138435)(X_0 + X_1 + (0.8266024828034957)((2)(X_3) + X_4)),13,0.26532677978643204,0.2501707016001109,0.26532677978643204,0.2501707016001109,0.7295292899056212,0.7573110943728032
311,(0.33139411338549885)(1.5995799747945156 + X_0 + X_1 + X_4 + (1.7653581141793047)(X_3 - (sqrt(X_1)))),15,0.24269995879341488,0.23647760561904405,0.24269995879341488,0.23647760561904405,0.7525947804908,0.7705946741726681
312,(0.3313941133854991)(1.5995799747945574 + X_0 + X_1 + X_4 + (-1.765358114179291)(sqrt(X_1) - (X_3))),15,0.24269995879341488,0.2364776056190464,0.24269995879341488,0.2364776056190464,0.7525947804908,0.7705946741726659
313,(0.3313941133854991)(1.5995799747945574 + X_0 + X_1 + X_4 + (-1.765358114179291)(sqrt(X_1) - (X_3))),15,0.24269995879341488,0.2364776056190464,0.24269995879341488,0.2364776056190464,0.7525947804908,0.7705946741726659
314,(0.3343893344194384)(X_0 + X_1 + (1.7695575641611205)(X_3) + X_4),11,0.26812770149078646,0.25678974404451416,0.26812770149078646,0.25678974404451416,0.7266740663096265,0.7508900060644692
315,(0.3313941133854991)(1.5995799747945574 + X_0 + X_1 + X_4 + (-1.765358114179291)(sqrt(X_1) - (X_3))),15,0.24269995879341488,0.2364776056190464,0.24269995879341488,0.2364776056190464,0.7525947804908,0.7705946741726659
316,(-0.3300202183229711)((-1.8273063456483056)(X_3) - (X_0 + X_4)),9,0.39842023714537456,0.400649033804201,0.39842023714537456,0.400649033804201,0.5938555296098655,0.6113330820410817
317,(0.3313941133854992)(1.5995799747945574 + X_0 + X_1 + X_4 + (-1.765358114179291)(sqrt(X_1) - (X_3))),15,0.24269995879341488,0.23647760561904635,0.24269995879341488,0.23647760561904635,0.7525947804908,0.7705946741726659
318,(0.3313941133854991)(1.5995799747945574 + X_0 + X_1 + X_4 + (-1.765358114179291)(sqrt(X_1) - (X_3))),15,0.24269995879341488,0.2364776056190464,0.24269995879341488,0.2364776056190464,0.7525947804908,0.7705946741726659
319,(0.3313941133854992)(1.5995799747945572 + X_0 + X_1 + X_4 + (-1.765358114179291)(sqrt(X_1) - (X_3))),15,0.24269995879341488,0.23647760561904635,0.24269995879341488,0.23647760561904635,0.7525947804908,0.7705946741726659
320,(0.3313941133854991)(1.5995799747945574 + X_0 + X_1 + X_4 + (-1.765358114179291)(sqrt(X_1) - (X_3))),15,0.24269995879341488,0.2364776056190464,0.24269995879341488,0.2364776056190464,0.7525947804908,0.7705946741726659
321,(0.3343893344194384)(X_0 + X_1 + (1.7695575641611128)(X_3) + X_4),11,0.26812770149078646,0.2567897440445143,0.26812770149078646,0.2567897440445143,0.7266740663096265,0.750890006064469
322,(0.3343893344194384)(X_0 + X_1 + (1.7695575641611196)(X_3) + X_4),11,0.26812770149078646,0.2567897440445142,0.26812770149078646,0.2567897440445142,0.7266740663096265,0.7508900060644691
323,(-9.043703571033643e-07)(-580448.4989226168 + X_0 + X_1 + X_4 + (662564.2336530208)(sqrt(X_1) - (X_3))),15,0.576526707759236,0.6763359375827985,0.576526707759236,0.6763359375827985,0.41229608198038004,0.34389108125585277
324,(0.3313941133854991)(1.5995799747945574 + X_0 + X_1 + X_4 + (-1.765358114179291)(sqrt(X_1) - (X_3))),15,0.24269995879341488,0.2364776056190464,0.24269995879341488,0.2364776056190464,0.7525947804908,0.7705946741726659
325,(0.3313941133854991)(1.5995799747945574 + X_0 + X_1 + X_4 + (-1.765358114179291)(sqrt(X_1) - (X_3))),15,0.24269995879341488,0.2364776056190464,0.24269995879341488,0.2364776056190464,0.7525947804908,0.7705946741726659
326,(0.3313941133854992)(1.599579974794557 + X_0 + X_1 + X_4 + (-1.7653581141792907)(sqrt(X_1) - (X_3))),15,0.24269995879341488,0.23647760561904635,0.24269995879341488,0.23647760561904635,0.7525947804908,0.7705946741726659
327,(0.6267655283515422)(X_0 + X_1 + X_3 + (-0.4856748024543768)(X_1 - ((X_4 - (X_0))(sqrt(X_1))))),15,0.24806686280319917,0.262379842465346,0.24806686280319917,0.262379842465346,0.747123827503306,0.7454670893942806
328,(0.33438933441943824)(X_0 + X_1 + (1.769557564161068)(X_3) + X_4),11,0.26812770149078646,0.2567897440445155,0.26812770149078646,0.2567897440445155,0.7266740663096265,0.7508900060644679
329,(0.331394113385499)(1.5995799747945632 + X_0 + X_1 + X_4 + (-1.7653581141792873)(sqrt(X_1) - (X_3))),15,0.24269995879341488,0.23647760561904677,0.24269995879341488,0.23647760561904677,0.7525947804908,0.7705946741726655
330,(0.3313941133854984)(1.5995799747945856 + X_0 + X_1 + X_4 + (-1.7653581141793557)(sqrt(X_1) - (X_3))),15,0.24269995879341488,0.23647760561904496,0.24269995879341488,0.23647760561904496,0.7525947804908,0.7705946741726672
331,(0.6267655283515422)(X_0 + X_1 + X_3 + (-0.4856748024543768)(X_1 - ((X_4 - (X_0))(sqrt(X_1))))),15,0.24806686280319917,0.262379842465346,0.24806686280319917,0.262379842465346,0.747123827503306,0.7454670893942806
332,(0.3313941133854991)(1.5995799747945574 + X_0 + X_1 + X_4 + (-1.765358114179291)(sqrt(X_1) - (X_3))),15,0.24269995879341488,0.2364776056190464,0.24269995879341488,0.2364776056190464,0.7525947804908,0.7705946741726659
333,(0.6267655283515422)(X_0 + X_1 + X_3 + (-0.4856748024543768)(X_1 - ((X_4 - (X_0))(sqrt(X_1))))),15,0.24806686280319917,0.262379842465346,0.24806686280319917,0.262379842465346,0.747123827503306,0.7454670893942806
334,(0.3343893344194384)(X_0 + X_1 + (1.7695575641611196)(X_3) + X_4),11,0.26812770149078646,0.2567897440445142,0.26812770149078646,0.2567897440445142,0.7266740663096265,0.7508900060644691
335,(0.2953623003333466)(1.0624174812568508 + X_0 + X_1 + (1.9999580297292567)(X_3) + X_4 - ((X_1)(X_1))),15,0.2400088800767874,0.262391682133796,0.2400088800767874,0.262391682133796,0.7553380315564933,0.7454556038119933
336,(0.3562602023138435)(X_0 + X_1 + (0.8266024828034967)((2)(X_3) + X_4)),13,0.265326779786432,0.25017070160011085,0.265326779786432,0.25017070160011085,0.7295292899056212,0.7573110943728033
337,(0.3343893344194384)(X_0 + X_1 + (1.7695575641611094)(X_3) + X_4),11,0.26812770149078646,0.2567897440445144,0.26812770149078646,0.2567897440445144,0.7266740663096265,0.750890006064469
338,(0.3313941133854991)(1.5995799747945574 + X_0 + X_1 + X_4 + (-1.765358114179291)(sqrt(X_1) - (X_3))),15,0.24269995879341488,0.2364776056190464,0.24269995879341488,0.2364776056190464,0.7525947804908,0.7705946741726659
339,(0.33139411338549946)(1.5995799747945567 + X_0 + X_1 + X_4 + (-1.7653581141792958)(sqrt(X_1) - (X_3))),15,0.24269995879341488,0.23647760561904604,0.24269995879341488,0.23647760561904604,0.7525947804908,0.7705946741726662
340,(0.6267655283515422)(X_0 + X_1 + X_3 + (-0.4856748024543768)(X_1 - ((X_4 - (X_0))(sqrt(X_1))))),15,0.24806686280319917,0.262379842465346,0.24806686280319917,0.262379842465346,0.747123827503306,0.7454670893942806
341,(0.6267655283515416)(X_0 + X_1 + X_3 + (-0.48567480245437444)(X_1 - ((X_4 - (X_0))(sqrt(X_1))))),15,0.24806686280319917,0.26237984246534557,0.24806686280319917,0.26237984246534557,0.747123827503306,0.7454670893942811
342,(0.6267655283515421)(X_0 + X_1 + X_3 + (-0.4856748024543768)(X_1 - ((X_4 - (X_0))(sqrt(X_1))))),15,0.24806686280319917,0.26237984246534596,0.24806686280319917,0.26237984246534596,0.747123827503306,0.7454670893942806
343,(0.3313941133854992)(1.5995799747945572 + X_0 + X_1 + X_4 + (-1.765358114179291)(sqrt(X_1) - (X_3))),15,0.24269995879341488,0.23647760561904635,0.24269995879341488,0.23647760561904635,0.7525947804908,0.7705946741726659
344,(0.6267655283515422)(X_0 + X_1 + X_3 + (-0.4856748024543768)(X_1 - ((X_4 - (X_0))(sqrt(X_1))))),15,0.24806686280319917,0.262379842465346,0.24806686280319917,0.262379842465346,0.747123827503306,0.7454670893942806
345,(0.3343893344194384)(X_0 + X_1 + (1.7695575641611199)(X_3) + X_4),11,0.26812770149078646,0.2567897440445142,0.26812770149078646,0.2567897440445142,0.7266740663096265,0.7508900060644692
346,(0.3313941133854991)(1.5995799747945436 + X_0 + X_1 + X_4 + (-1.7653581141793044)(sqrt(X_1) - (X_3))),15,0.24269995879341488,0.23647760561904516,0.24269995879341488,0.23647760561904516,0.7525947804908,0.770594674172667
347,(0.6267655283515422)(X_0 + X_1 + X_3 + (-0.4856748024543768)(X_1 - ((X_4 - (X_0))(sqrt(X_1))))),15,0.24806686280319917,0.262379842465346,0.24806686280319917,0.262379842465346,0.747123827503306,0.7454670893942806
348,(0.3313941133854992)(1.5995799747945572 + X_0 + X_1 + X_4 + (-1.765358114179291)(sqrt(X_1) - (X_3))),15,0.24269995879341488,0.23647760561904635,0.24269995879341488,0.23647760561904635,0.7525947804908,0.7705946741726659
349,(0.3343893344194384)(X_0 + X_1 + (1.7695575641611199)(X_3) + X_4),11,0.26812770149078646,0.2567897440445142,0.26812770149078646,0.2567897440445142,0.7266740663096265,0.7508900060644692
350,(0.6267655283515422)(X_0 + X_1 + X_3 + (-0.4856748024543768)(X_1 - ((X_4 - (X_0))(sqrt(X_1))))),15,0.24806686280319917,0.262379842465346,0.24806686280319917,0.262379842465346,0.747123827503306,0.7454670893942806
351,(0.3313941133854992)(1.5995799747945578 + X_0 + X_1 + X_4 + (-1.765358114179292)(sqrt(X_1) - (X_3))),15,0.2426999587934149,0.23647760561904635,0.2426999587934149,0.23647760561904635,0.7525947804907999,0.7705946741726659
352,(0.3313941133854991)(1.599579974794557 + X_0 + X_1 + X_4 + (-1.7653581141792962)(sqrt(X_1) - (X_3))),15,0.24269995879341488,0.23647760561904618,0.24269995879341488,0.23647760561904618,0.7525947804908,0.7705946741726661
353,(0.3313941133854991)(1.5995799747945576 + X_0 + X_1 + X_4 + (-1.7653581141792911)(sqrt(X_1) - (X_3))),15,0.24269995879341488,0.23647760561904635,0.24269995879341488,0.23647760561904635,0.7525947804908,0.7705946741726659
354,(0.2953623003333466)(1.062417481256856 + X_0 + X_1 + (1.9999580297292576)(X_3) + X_4 - ((X_1)(X_1))),15,0.24000888007678745,0.2623916821337962,0.24000888007678745,0.2623916821337962,0.7553380315564932,0.745455603811993
355,(0.3313941133854992)(1.5995799747945572 + X_0 + X_1 + X_4 + (-1.765358114179291)(sqrt(X_1) - (X_3))),15,0.24269995879341488,0.23647760561904635,0.24269995879341488,0.23647760561904635,0.7525947804908,0.7705946741726659
356,(0.3313941133854993)(1.5995799747945598 + X_0 + X_1 + X_4 + (-1.7653581141792887)(sqrt(X_1) - (X_3))),15,0.24269995879341488,0.23647760561904652,0.24269995879341488,0.23647760561904652,0.7525947804908,0.7705946741726658
357,(0.6267655283515428)(X_0 + X_1 + X_3 + (-0.4856748024543802)(X_1 - ((X_4 - (X_0))(sqrt(X_1))))),15,0.24806686280319917,0.2623798424653467,0.24806686280319917,0.2623798424653467,0.747123827503306,0.7454670893942801
358,(0.6267655283515428)(X_0 + X_1 + X_3 + (-0.4856748024543802)(X_1 - ((X_4 - (X_0))(sqrt(X_1))))),15,0.24806686280319917,0.2623798424653467,0.24806686280319917,0.2623798424653467,0.747123827503306,0.7454670893942801
359,(0.33438933441943836)(X_0 + X_1 + (1.7695575641611205)(X_3) + X_4),11,0.26812770149078646,0.25678974404451416,0.26812770149078646,0.25678974404451416,0.7266740663096265,0.7508900060644692
360,(0.3313941133854991)(1.5995799747945576 + X_0 + X_1 + X_4 + (-1.7653581141792911)(sqrt(X_1) - (X_3))),15,0.24269995879341488,0.23647760561904635,0.24269995879341488,0.23647760561904635,0.7525947804908,0.7705946741726659
361,(0.3313941133854991)(1.5995799747945574 + X_0 + X_1 + X_4 + (-1.7653581141792911)(sqrt(X_1) - (X_3))),15,0.24269995879341488,0.23647760561904635,0.24269995879341488,0.23647760561904635,0.7525947804908,0.7705946741726659
362,(0.3313941133854991)(1.5995799747945578 + X_0 + X_1 + X_4 + (-1.7653581141792913)(sqrt(X_1) - (X_3))),15,0.24269995879341488,0.23647760561904635,0.24269995879341488,0.23647760561904635,0.7525947804908,0.7705946741726659
363,(0.3313941133854991)(1.5995799747945574 + X_0 + X_1 + X_4 + (-1.765358114179291)(sqrt(X_1) - (X_3))),15,0.24269995879341488,0.2364776056190464,0.24269995879341488,0.2364776056190464,0.7525947804908,0.7705946741726659
364,(0.3313941133854993)(1.5995799747945598 + X_0 + X_1 + X_4 + (-1.7653581141792887)(sqrt(X_1) - (X_3))),15,0.24269995879341488,0.23647760561904652,0.24269995879341488,0.23647760561904652,0.7525947804908,0.7705946741726658
365,(0.3564187920574628)(X_0 + X_1 + (0.8078588455953436)((2.0559171791561575)(X_3) + X_4)),13,0.26527854564500275,0.2504407723086074,0.26527854564500275,0.2504407723086074,0.729578459169627,0.7570491006050768
366,(0.3313941133854991)(1.5995799747945574 + X_0 + X_1 + X_4 + (-1.765358114179291)(sqrt(X_1) - (X_3))),15,0.24269995879341488,0.2364776056190464,0.24269995879341488,0.2364776056190464,0.7525947804908,0.7705946741726659
367,(-1.8108448002709175e-06)(X_0 + X_1 + (-332456.5971599509)(X_3) + X_4),11,0.6084648401043143,0.7129015420821431,0.6084648401043143,0.7129015420821431,0.37973876024521713,0.30841903563746653
368,(0.33139411338549896)(1.5995799747944703 + X_0 + X_1 + X_4 + (-1.765358114179285)(sqrt(X_1) - (X_3))),15,0.24269995879341488,0.23647760561904294,0.24269995879341488,0.23647760561904294,0.7525947804908,0.7705946741726692
369,(0.3343893344194384)(X_0 + X_1 + (1.7695575641611196)(X_3) + X_4),11,0.26812770149078646,0.2567897440445142,0.26812770149078646,0.2567897440445142,0.7266740663096265,0.7508900060644691
370,(0.3313941133854992)(1.5995799747945583 + X_0 + X_1 + X_4 + (-1.7653581141792931)(sqrt(X_1) - (X_3))),15,0.24269995879341488,0.23647760561904627,0.24269995879341488,0.23647760561904627,0.7525947804908,0.770594674172666
371,(-1.7697729864615472e-06)(X_0 + X_1 + (-340174.1016136042)(X_3) + X_4),11,0.6084647555271756,0.7129015743206998,0.6084647555271756,0.7129015743206998,0.3797388464620657,0.3084190043630607
372,(0.3464374982054788)(X_0 + X_1 + (-0.8650406910708147)(-1.7644722152101047 + (1.9495744756684394)(sqrt(X_1) - (X_3)) - (X_4))),17,0.2413729460691703,0.23017550928536154,0.2413729460691703,0.23017550928536154,0.7539475202109277,0.7767082952026133
373,(0.3343893344194384)(X_0 + X_1 + (1.7695575641611208)(X_3) + X_4),11,0.26812770149078646,0.25678974404451416,0.26812770149078646,0.25678974404451416,0.7266740663096265,0.7508900060644692
374,(0.33139411338549907)(1.5995799747945578 + X_0 + X_1 + X_4 + (1.7653581141792907)(X_3 - (sqrt(X_1)))),15,0.24269995879341488,0.23647760561904643,0.24269995879341488,0.23647760561904643,0.7525947804908,0.7705946741726659
375,(0.29536230033334654)(1.062417481256856 + X_0 + X_1 + (1.9999580297292578)(X_3) + X_4 - ((X_1)(X_1))),15,0.2400088800767874,0.2623916821337962,0.2400088800767874,0.2623916821337962,0.7553380315564933,0.745455603811993
376,(0.2953623003333466)(1.0624174812568508 + X_0 + X_1 + (1.9999580297292567)(X_3) + X_4 - ((X_1)(X_1))),15,0.2400088800767874,0.262391682133796,0.2400088800767874,0.262391682133796,0.7553380315564933,0.7454556038119933
377,(0.3313941133854994)(1.5995799747946284 + X_0 + X_1 + X_4 + (-1.765358114179369)(sqrt(X_1) - (X_3))),15,0.24269995879341488,0.23647760561904585,0.24269995879341488,0.23647760561904585,0.7525947804908,0.7705946741726664
378,(0.3313941133854992)(1.599579974794565 + X_0 + X_1 + X_4 + (-1.7653581141793067)(sqrt(X_1) - (X_3))),15,0.24269995879341488,0.23647760561904596,0.24269995879341488,0.23647760561904596,0.7525947804908,0.7705946741726664
379,(0.6267655283515422)(X_0 + X_1 + X_3 + (-0.4856748024543768)(X_1 - ((X_4 - (X_0))(sqrt(X_1))))),15,0.24806686280319917,0.262379842465346,0.24806686280319917,0.262379842465346,0.747123827503306,0.7454670893942806
380,(0.2953623003333466)(1.062417481256856 + X_0 + X_1 + (1.9999580297292576)(X_3) + X_4 - ((X_1)(X_1))),15,0.24000888007678745,0.2623916821337962,0.24000888007678745,0.2623916821337962,0.7553380315564932,0.745455603811993
381,(0.3564187920574628)(X_0 + X_1 + (0.8078588455953436)((2.055917179156158)(X_3) + X_4)),13,0.26527854564500275,0.25044077230860734,0.26527854564500275,0.25044077230860734,0.729578459169627,0.7570491006050768
382,(0.3313941133854991)(1.5995799747945574 + X_0 + X_1 + X_4 + (-1.765358114179291)(sqrt(X_1) - (X_3))),15,0.24269995879341488,0.2364776056190464,0.24269995879341488,0.2364776056190464,0.7525947804908,0.7705946741726659
383,(0.6267655283515431)(X_0 + X_1 + X_3 + (-0.48567480245439065)(X_1 - ((X_4 - (X_0))(sqrt(X_1))))),15,0.24806686280319917,0.26237984246534907,0.24806686280319917,0.26237984246534907,0.747123827503306,0.7454670893942776
384,(0.3313941133854993)(1.5995799747945554 + X_0 + X_1 + X_4 + (-1.7653581141792907)(sqrt(X_1) - (X_3))),15,0.24269995879341483,0.23647760561904627,0.24269995879341483,0.23647760561904627,0.7525947804908,0.770594674172666
385,(0.3313941133854992)(1.5995799747945572 + X_0 + X_1 + X_4 + (-1.765358114179291)(sqrt(X_1) - (X_3))),15,0.24269995879341488,0.23647760561904635,0.24269995879341488,0.23647760561904635,0.7525947804908,0.7705946741726659
386,(0.3313941133854991)(1.5995799747945574 + X_0 + X_1 + X_4 + (-1.765358114179291)(sqrt(X_1) - (X_3))),15,0.24269995879341488,0.2364776056190464,0.24269995879341488,0.2364776056190464,0.7525947804908,0.7705946741726659
387,(0.33438933441943836)(X_0 + X_1 + (1.7695575641611125)(X_3) + X_4),11,0.26812770149078646,0.2567897440445143,0.26812770149078646,0.2567897440445143,0.7266740663096265,0.750890006064469
388,(-1.3569097448837136e-06)(X_0 + X_1 + (-228293.69132405272)((1.9299150186859264)(X_3) + X_4)),13,0.5199200265678674,0.595093381242712,0.5199200265678674,0.595093381242712,0.4700002054399093,0.4227039356885348
389,(0.3343893344194384)(X_0 + X_1 + (1.7695575641611196)(X_3) + X_4),11,0.26812770149078646,0.2567897440445142,0.26812770149078646,0.2567897440445142,0.7266740663096265,0.7508900060644691
390,(0.33139411338549923)(1.5995799747945063 + X_0 + X_1 + X_4 + (-1.7653581141792092)(sqrt(X_1) - (X_3))),15,0.24269995879341488,0.2364776056190478,0.24269995879341488,0.2364776056190478,0.7525947804908,0.7705946741726646
391,(-1.803288908143766e-06)(X_0 + X_1 + (-333850.0824720205)(X_3) + X_4),11,0.6084648244938203,0.7129015544817113,0.6084648244938203,0.7129015544817113,0.37973877615835416,0.3084190236087292
392,(0.3313941133854991)(1.5995799747945574 + X_0 + X_1 + X_4 + (-1.765358114179291)(sqrt(X_1) - (X_3))),15,0.24269995879341488,0.2364776056190464,0.24269995879341488,0.2364776056190464,0.7525947804908,0.7705946741726659
393,(0.3313941133854991)(1.5995799747945574 + X_0 + X_1 + X_4 + (-1.7653581141792911)(sqrt(X_1) - (X_3))),15,0.24269995879341488,0.23647760561904635,0.24269995879341488,0.23647760561904635,0.7525947804908,0.7705946741726659
394,(0.3313941133854991)(1.5995799747945572 + X_0 + X_1 + X_4 + (-1.765358114179291)(sqrt(X_1) - (X_3))),15,0.24269995879341488,0.23647760561904643,0.24269995879341488,0.23647760561904643,0.7525947804908,0.7705946741726659
395,(0.3562602023138434)(X_0 + X_1 + (0.8266024828034899)((2)(X_3) + X_4)),13,0.26532677978643204,0.25017070160011134,0.26532677978643204,0.25017070160011134,0.7295292899056212,0.7573110943728028
396,(0.3313941133854993)(1.5995799747945598 + X_0 + X_1 + X_4 + (-1.7653581141792887)(sqrt(X_1) - (X_3))),15,0.24269995879341488,0.23647760561904652,0.24269995879341488,0.23647760561904652,0.7525947804908,0.7705946741726658
397,(0.3343893344194384)(X_0 + X_1 + (1.7695575641611196)(X_3) + X_4),11,0.26812770149078646,0.2567897440445142,0.26812770149078646,0.2567897440445142,0.7266740663096265,0.7508900060644691
398,(0.3313941133854991)(1.5995799747945574 + X_0 + X_1 + X_4 + (-1.765358114179291)(sqrt(X_1) - (X_3))),15,0.24269995879341488,0.2364776056190464,0.24269995879341488,0.2364776056190464,0.7525947804908,0.7705946741726659
399,(0.3313941133854991)(1.5995799747945576 + X_0 + X_1 + X_4 + (-1.7653581141792911)(sqrt(X_1) - (X_3))),15,0.24269995879341488,0.23647760561904635,0.24269995879341488,0.23647760561904635,0.7525947804908,0.7705946741726659
400,(0.3313941133854992)(1.599579974794557 + X_0 + X_1 + X_4 + (-1.7653581141792907)(sqrt(X_1) - (X_3))),15,0.24269995879341488,0.23647760561904635,0.24269995879341488,0.23647760561904635,0.7525947804908,0.7705946741726659
401,(0.3313941133854991)(1.5995799747945574 + X_0 + X_1 + X_4 + (-1.765358114179291)(sqrt(X_1) - (X_3))),15,0.24269995879341488,0.2364776056190464,0.24269995879341488,0.2364776056190464,0.7525947804908,0.7705946741726659
402,(-9.043703571033643e-07)(-580448.4989226168 + X_0 + X_1 + X_4 + (662564.2336530208)(sqrt(X_1) - (X_3))),15,0.576526707759236,0.6763359375827985,0.576526707759236,0.6763359375827985,0.41229608198038004,0.34389108125585277
403,(0.3343893344194384)(X_0 + X_1 + (1.7695575641611199)(X_3) + X_4),11,0.26812770149078646,0.2567897440445142,0.26812770149078646,0.2567897440445142,0.7266740663096265,0.7508900060644692
404,(0.3313941133854993)(1.5995799747945598 + X_0 + X_1 + X_4 + (-1.7653581141792887)(sqrt(X_1) - (X_3))),15,0.24269995879341488,0.23647760561904652,0.24269995879341488,0.23647760561904652,0.7525947804908,0.7705946741726658
405,(0.6267655283515422)(X_0 + X_1 + X_3 + (-0.48567480245437683)(X_1 - ((X_4 - (X_0))(sqrt(X_1))))),15,0.24806686280319917,0.26237984246534596,0.24806686280319917,0.26237984246534596,0.747123827503306,0.7454670893942806
406,(0.33438933441943847)(X_0 + X_1 + (1.7695575641611214)(X_3) + X_4),11,0.26812770149078646,0.2567897440445141,0.26812770149078646,0.2567897440445141,0.7266740663096265,0.7508900060644692
407,(0.33438933441943813)(X_0 + X_1 + (1.769557564161047)(X_3) + X_4),11,0.26812770149078646,0.25678974404451593,0.26812770149078646,0.25678974404451593,0.7266740663096265,0.7508900060644674
408,(0.6267655283515422)(X_0 + X_1 + X_3 + (-0.4856748024543768)(X_1 - ((X_4 - (X_0))(sqrt(X_1))))),15,0.24806686280319917,0.262379842465346,0.24806686280319917,0.262379842465346,0.747123827503306,0.7454670893942806
409,(0.3313941133854992)(1.5995799747945572 + X_0 + X_1 + X_4 + (-1.765358114179291)(sqrt(X_1) - (X_3))),15,0.24269995879341488,0.23647760561904635,0.24269995879341488,0.23647760561904635,0.7525947804908,0.7705946741726659
410,(0.3343893344194384)(X_0 + X_1 + (1.7695575641611199)(X_3) + X_4),11,0.26812770149078646,0.2567897440445142,0.26812770149078646,0.2567897440445142,0.7266740663096265,0.7508900060644692
411,(0.3343893344194384)(X_0 + X_1 + (1.7695575641611199)(X_3) + X_4),11,0.26812770149078646,0.2567897440445142,0.26812770149078646,0.2567897440445142,0.7266740663096265,0.7508900060644692
412,(0.3347469487922021)(0.06118420882138498 + X_0 + X_1 + (1.7692439589068214)(X_3) + X_4),13,0.2677089086990712,0.2587176631165042,0.2677089086990712,0.2587176631165042,0.7271009783003755,0.7490197448119467
413,(0.3313941133854991)(1.5995799747945574 + X_0 + X_1 + X_4 + (-1.765358114179291)(sqrt(X_1) - (X_3))),15,0.24269995879341488,0.2364776056190464,0.24269995879341488,0.2364776056190464,0.7525947804908,0.7705946741726659
414,(0.33438933441943847)(X_0 + X_1 + (1.7695575641611194)(X_3) + X_4),11,0.26812770149078646,0.25678974404451416,0.26812770149078646,0.25678974404451416,0.7266740663096265,0.7508900060644692
415,(-0.8313097636150137)((-0.7085657519168304)(X_3) - (sin(X_0 + X_1))),10,0.2711628093766974,0.3297270120546125,0.2711628093766974,0.3297270120546125,0.7235801163292432,0.6801340556690354
416,-1 + (0.33139411338549923)(4.61713508397882 + X_0 + X_1 + X_4 + (-1.7653581141792998)(sqrt(X_1) - (X_3))),17,0.24269995879341488,0.23647760561904618,0.24269995879341488,0.23647760561904618,0.7525947804908,0.7705946741726661
417,(0.3343893344194383)(X_0 + X_1 + (1.7695575641611476)(X_3) + X_4),11,0.26812770149078646,0.25678974404451366,0.26812770149078646,0.25678974404451366,0.7266740663096265,0.7508900060644697
418,(0.8313097636150137)((0.7085657519168307)(X_3) + sin(X_0 + X_1)),10,0.2711628093766974,0.3297270120546125,0.2711628093766974,0.3297270120546125,0.7235801163292432,0.6801340556690354
419,(0.3343893344194384)(X_0 + X_1 + (1.7695575641611196)(X_3) + X_4),11,0.26812770149078646,0.2567897440445142,0.26812770149078646,0.2567897440445142,0.7266740663096265,0.7508900060644691
420,(0.3313941133854987)(1.5995799747945576 + X_0 + X_1 + X_4 + (-1.7653581141792958)(sqrt(X_1) - (X_3))),15,0.24269995879341488,0.23647760561904635,0.24269995879341488,0.23647760561904635,0.7525947804908,0.7705946741726659
421,(0.3313941133854991)(1.5995799747945574 + X_0 + X_1 + X_4 + (-1.7653581141792907)(sqrt(X_1) - (X_3))),15,0.24269995879341488,0.2364776056190464,0.24269995879341488,0.2364776056190464,0.7525947804908,0.7705946741726659
422,(0.3313941133854991)(1.5995799747945574 + X_0 + X_1 + X_4 + (-1.765358114179291)(sqrt(X_1) - (X_3))),15,0.24269995879341488,0.2364776056190464,0.24269995879341488,0.2364776056190464,0.7525947804908,0.7705946741726659
423,(0.33438933441943836)(X_0 + X_1 + (1.7695575641611216)(X_3) + X_4),11,0.26812770149078646,0.2567897440445142,0.26812770149078646,0.2567897440445142,0.7266740663096265,0.7508900060644692
424,(0.3313941133854991)(1.5995799747945574 + X_0 + X_1 + X_4 + (-1.765358114179291)(sqrt(X_1) - (X_3))),15,0.24269995879341488,0.2364776056190464,0.24269995879341488,0.2364776056190464,0.7525947804908,0.7705946741726659
425,(0.3313941133854992)(1.5995799747945572 + X_0 + X_1 + X_4 + (1.7653581141792907)(X_3 - (sqrt(X_1)))),15,0.24269995879341488,0.23647760561904635,0.24269995879341488,0.23647760561904635,0.7525947804908,0.7705946741726659
426,(0.3313941133854991)(1.5995799747945574 + X_0 + X_1 + X_4 + (-1.765358114179291)(sqrt(X_1) - (X_3))),15,0.24269995879341488,0.2364776056190464,0.24269995879341488,0.2364776056190464,0.7525947804908,0.7705946741726659
427,(0.33954867950149514)(X_0 + X_1 + (1.7531448849989717)(X_3) + (-0.5246857344026461)((X_1)(X_1) - (exp(X_4)))),16,0.2462889169206427,0.2670758430865443,0.2462889169206427,0.2670758430865443,0.7489362426909154,0.7409115309524092
428,(0.3313941133854991)(1.5995799747945574 + X_0 + X_1 + X_4 + (-1.7653581141792911)(sqrt(X_1) - (X_3))),15,0.24269995879341488,0.23647760561904635,0.24269995879341488,0.23647760561904635,0.7525947804908,0.7705946741726659
429,(0.3313941133854993)(1.5995799747945623 + X_0 + X_1 + X_4 + (-1.7653581141792887)(sqrt(X_1) - (X_3))),15,0.24269995879341488,0.23647760561904665,0.24269995879341488,0.23647760561904665,0.7525947804908,0.7705946741726657
430,(0.3313941133854991)(1.5995799747945572 + X_0 + X_1 + X_4 + (-1.765358114179291)(sqrt(X_1) - (X_3))),15,0.24269995879341488,0.23647760561904643,0.24269995879341488,0.23647760561904643,0.7525947804908,0.7705946741726659
431,(0.3343893344194384)(X_0 + X_1 + (1.7695575641611196)(X_3) + X_4),11,0.26812770149078646,0.2567897440445142,0.26812770149078646,0.2567897440445142,0.7266740663096265,0.7508900060644691
432,(0.6679703123869523)(X_3 + sin(X_0 + X_1)),8,0.29017716136193117,0.36052382732800053,0.29017716136193117,0.36052382732800053,0.7041971302334928,0.6502582734623384
433,(0.3343893344194384)(X_0 + X_1 + (1.7695575641611199)(X_3) + X_4),11,0.26812770149078646,0.2567897440445142,0.26812770149078646,0.2567897440445142,0.7266740663096265,0.7508900060644692
434,(0.33139411338550007)(1.599579974794528 + X_0 + X_1 + X_4 + (-1.7653581141792616)(sqrt(X_1) - (X_3))),15,0.24269995879341488,0.23647760561904604,0.24269995879341488,0.23647760561904604,0.7525947804908,0.7705946741726662
435,(0.3313941133854991)(1.5995799747945574 + X_0 + X_1 + X_4 + (-1.765358114179291)(sqrt(X_1) - (X_3))),15,0.24269995879341488,0.2364776056190464,0.24269995879341488,0.2364776056190464,0.7525947804908,0.7705946741726659
436,(0.3343893344194381)(X_0 + X_1 + (1.7695575641610994)(X_3) + X_4),11,0.26812770149078646,0.2567897440445148,0.26812770149078646,0.2567897440445148,0.7266740663096265,0.7508900060644685
437,(0.3313941133854991)(-0.16577813938473368 + X_0 + X_1 + X_4 + (-1.7653581141792911)(-1 + sqrt(X_1) - (X_3))),17,0.24269995879341488,0.2364776056190464,0.24269995879341488,0.2364776056190464,0.7525947804908,0.7705946741726659
438,(0.3313941133854991)(1.5995799747945574 + X_0 + X_1 + X_4 + (-1.7653581141792911)(sqrt(X_1) - (X_3))),15,0.24269995879341488,0.23647760561904635,0.24269995879341488,0.23647760561904635,0.7525947804908,0.7705946741726659
439,(0.38199357778179255)(X_1 + (1.5783360141624883)(X_3 + (0.022152983059272834)(1 - (X_3)))),12,0.46276076498130253,0.6003241532511945,0.46276076498130253,0.6003241532511945,0.5282676222541208,0.41762959914071174
440,(0.3313941133854995)(1.5995799747945707 + X_0 + X_1 + X_4 + (-1.7653581141792887)(sqrt(X_1) - (X_3))),15,0.24269995879341488,0.2364776056190469,0.24269995879341488,0.2364776056190469,0.7525947804908,0.7705946741726654
441,(0.33139411338549885)(1.5995799747945458 + X_0 + X_1 + X_4 + (-1.7653581141792825)(sqrt(X_1) - (X_3))),15,0.24269995879341488,0.23647760561904635,0.24269995879341488,0.23647760561904635,0.7525947804908,0.7705946741726659
442,(0.3343893344194384)(X_0 + X_1 + (1.7695575641611196)(X_3) + X_4),11,0.26812770149078646,0.2567897440445142,0.26812770149078646,0.2567897440445142,0.7266740663096265,0.7508900060644691
443,(0.31230364418603673)(X_0 + X_1 + (2)(X_3) + X_4),11,0.2706778748540214,0.2651505657670304,0.2706778748540214,0.2651505657670304,0.7240744523506695,0.7427792294587219
444,(0.3343893344194386)(X_0 + X_1 + (1.7695575641611196)(X_3) + X_4),11,0.26812770149078646,0.2567897440445141,0.26812770149078646,0.2567897440445141,0.7266740663096265,0.7508900060644692
445,(0.6267655283515422)(X_0 + X_1 + X_3 + (-0.4856748024543768)(X_1 - ((X_4 - (X_0))(sqrt(X_1))))),15,0.24806686280319917,0.262379842465346,0.24806686280319917,0.262379842465346,0.747123827503306,0.7454670893942806
446,(0.3313941133854991)(1.5995799747945574 + X_0 + X_1 + X_4 + (-1.765358114179291)(sqrt(X_1) - (X_3))),15,0.24269995879341488,0.2364776056190464,0.24269995879341488,0.2364776056190464,0.7525947804908,0.7705946741726659
447,(0.3343893344194384)(X_0 + X_1 + (1.7695575641611185)(X_3) + X_4),11,0.26812770149078646,0.2567897440445142,0.26812770149078646,0.2567897440445142,0.7266740663096265,0.7508900060644691
448,(0.3562602023138436)(X_0 + X_1 + (0.826602482803501)((2)(X_3) + X_4)),13,0.265326779786432,0.25017070160011057,0.265326779786432,0.25017070160011057,0.7295292899056212,0.7573110943728035
449,(0.3313941133854991)(1.5995799747945574 + X_0 + X_1 + X_4 + (-1.765358114179291)(sqrt(X_1) - (X_3))),15,0.24269995879341488,0.2364776056190464,0.24269995879341488,0.2364776056190464,0.7525947804908,0.7705946741726659
450,(0.341807444483335)(X_0 + X_1 + (1.7525203291102758)(X_3) + (-0.6132497267467536)((X_1)(X_1) - ((exp(X_4))(sqrt(X_1))))),18,0.2565318429084652,0.29766801435783763,0.2565318429084652,0.29766801435783763,0.7384947355516793,0.7112342725080629
451,0.02048119451321928 + (0.33474689765492494)(X_0 + X_1 + X_4 + (1.4550098241027924e-05)((121586.82631404258)(X_3) + X_14)),17,0.2677096933014993,0.25872115165728055,0.2677096933014993,0.25872115165728055,0.7271001784867417,0.7490163606021338
452,(0.3343893344194384)(X_0 + X_1 + (1.7695575641611243)(X_3) + X_4),11,0.2681277014907864,0.25678974404451405,0.2681277014907864,0.25678974404451405,0.7266740663096265,0.7508900060644692
453,(0.3343893344194384)(X_0 + X_1 + (1.7695575641611196)(X_3) + X_4),11,0.26812770149078646,0.2567897440445142,0.26812770149078646,0.2567897440445142,0.7266740663096265,0.7508900060644691
454,(0.6267655283515422)(X_0 + X_1 + X_3 + (-0.4856748024543768)(X_1 - ((X_4 - (X_0))(sqrt(X_1))))),15,0.24806686280319917,0.262379842465346,0.24806686280319917,0.262379842465346,0.747123827503306,0.7454670893942806
455,(0.3313941133854991)(1.5995799747945574 + X_0 + X_1 + X_4 + (-1.7653581141792911)(sqrt(X_1) - (X_3))),15,0.24269995879341488,0.23647760561904635,0.24269995879341488,0.23647760561904635,0.7525947804908,0.7705946741726659
456,(0.3343893344194384)(X_0 + X_1 + (1.7695575641611199)(X_3) + X_4),11,0.26812770149078646,0.2567897440445142,0.26812770149078646,0.2567897440445142,0.7266740663096265,0.7508900060644692
457,(0.33438933441943824)(X_0 + X_1 + (1.7695575641611245)(X_3) + X_4),11,0.26812770149078646,0.25678974404451416,0.26812770149078646,0.25678974404451416,0.7266740663096265,0.7508900060644692
458,(0.3313941133854991)(1.5995799747945574 + X_0 + X_1 + X_4 + (-1.765358114179291)(sqrt(X_1) - (X_3))),15,0.24269995879341488,0.2364776056190464,0.24269995879341488,0.2364776056190464,0.7525947804908,0.7705946741726659
459,(0.3313941133854994)(1.599579974794544 + X_0 + X_1 + X_4 + (-1.765358114179297)(sqrt(X_1) - (X_3))),15,0.24269995879341488,0.2364776056190454,0.24269995879341488,0.2364776056190454,0.7525947804908,0.7705946741726668
460,(0.3313941133854992)(1.5995799747945858 + X_0 + X_1 + X_4 + (-1.765358114179279)(sqrt(X_1) - (X_3))),15,0.24269995879341488,0.2364776056190481,0.24269995879341488,0.2364776056190481,0.7525947804908,0.7705946741726643
461,(0.3329550356441263)(X_0 + X_1 + X_4 + (1.785172870223969)(X_3 + (-0.14556841431867157)(log((X_1)((X_1)(X_1) + X_47))))),19,0.24844561209446756,0.25336303129599513,0.24844561209446756,0.25336303129599513,0.7467377353423882,0.7542142369257079
462,(0.3313941133854992)(1.5995799747945563 + X_0 + X_1 + X_4 + (-1.7653581141792904)(sqrt(X_1) - (X_3))),15,0.24269995879341488,0.23647760561904635,0.24269995879341488,0.23647760561904635,0.7525947804908,0.7705946741726659
463,(0.3313941133854991)(1.5995799747945576 + X_0 + X_1 + X_4 + (-1.7653581141792911)(sqrt(X_1) - (X_3))),15,0.24269995879341488,0.23647760561904635,0.24269995879341488,0.23647760561904635,0.7525947804908,0.7705946741726659
464,(0.3313941133854991)(1.5995799747945574 + X_0 + X_1 + X_4 + (-1.765358114179291)(sqrt(X_1) - (X_3))),15,0.24269995879341488,0.2364776056190464,0.24269995879341488,0.2364776056190464,0.7525947804908,0.7705946741726659
465,(0.33139411338549873)(1.5995799747945476 + X_0 + X_1 + X_4 + (-1.7653581141792865)(sqrt(X_1) - (X_3))),15,0.24269995879341488,0.23647760561904627,0.24269995879341488,0.23647760561904627,0.7525947804908,0.770594674172666
466,(0.3313941133854991)(1.5995799747945576 + X_0 + X_1 + X_4 + (1.7653581141792911)(X_3 - (sqrt(X_1)))),15,0.24269995879341488,0.23647760561904635,0.24269995879341488,0.23647760561904635,0.7525947804908,0.7705946741726659
467,(0.3313941133854991)(1.5995799747945574 + X_0 + X_1 + X_4 + (-1.765358114179291)(sqrt(X_1) - (X_3))),15,0.24269995879341488,0.2364776056190464,0.24269995879341488,0.2364776056190464,0.7525947804908,0.7705946741726659
468,(0.35626020231384314)(X_0 + X_1 + (0.8266024828035192)((2)(X_3) + X_4)),13,0.265326779786432,0.2501707016001096,0.265326779786432,0.2501707016001096,0.7295292899056212,0.7573110943728044
469,(0.3343893344194384)(X_0 + X_1 + (1.7695575641611192)(X_3) + X_4),11,0.26812770149078646,0.2567897440445142,0.26812770149078646,0.2567897440445142,0.7266740663096265,0.7508900060644692
470,(0.3313941133854991)(1.5995799747945578 + X_0 + X_1 + X_4 + (-1.7653581141792913)(sqrt(X_1) - (X_3))),15,0.24269995879341488,0.23647760561904635,0.24269995879341488,0.23647760561904635,0.7525947804908,0.7705946741726659
471,(0.3564187920574628)(X_0 + X_1 + (0.807858845595344)((2.055917179156184)(X_3) + X_4)),13,0.2652785456450028,0.25044077230860695,0.2652785456450028,0.25044077230860695,0.729578459169627,0.7570491006050772
472,(0.3343893344194384)(X_0 + X_1 + (1.7695575641611199)(X_3) + X_4),11,0.26812770149078646,0.2567897440445142,0.26812770149078646,0.2567897440445142,0.7266740663096265,0.7508900060644692
473,(0.33438933441943836)(X_0 + X_1 + (1.7695575641611212)(X_3) + X_4),11,0.26812770149078646,0.25678974404451416,0.26812770149078646,0.25678974404451416,0.7266740663096265,0.7508900060644692
474,(0.6267655283515422)(X_0 + X_1 + X_3 + (-0.48567480245437683)(X_1 - ((X_4 - (X_0))(sqrt(X_1))))),15,0.24806686280319917,0.26237984246534596,0.24806686280319917,0.26237984246534596,0.747123827503306,0.7454670893942806
475,(0.3313941133854991)(X_0 + X_1 + X_4 + (-1.7653581141792913)(-0.9060937619097169 + sqrt(X_1) - (X_3))),15,0.24269995879341488,0.23647760561904635,0.24269995879341488,0.23647760561904635,0.7525947804908,0.7705946741726659
476,(0.6267655283515422)(X_0 + X_1 + X_3 + (-0.48567480245437844)(X_1 - ((X_4 - (X_0))(sqrt(X_1))))),15,0.24806686280319915,0.2623798424653464,0.24806686280319915,0.2623798424653464,0.747123827503306,0.7454670893942803
477,(0.6267655283515422)(X_0 + X_1 + X_3 + (-0.4856748024543768)(X_1 - ((X_4 - (X_0))(sqrt(X_1))))),15,0.24806686280319917,0.262379842465346,0.24806686280319917,0.262379842465346,0.747123827503306,0.7454670893942806
478,(0.33139411338549907)(1.5995799747945532 + X_0 + X_1 + X_4 + (-1.765358114179288)(sqrt(X_1) - (X_3))),15,0.24269995879341488,0.23647760561904635,0.24269995879341488,0.23647760561904635,0.7525947804908,0.7705946741726659
479,(0.3313941133854991)(1.5995799747945574 + X_0 + X_1 + X_4 + (-1.765358114179291)(sqrt(X_1) - (X_3))),15,0.24269995879341488,0.2364776056190464,0.24269995879341488,0.2364776056190464,0.7525947804908,0.7705946741726659
480,(0.3343893344194384)(X_0 + X_1 + (1.7695575641611199)(X_3) + X_4),11,0.26812770149078646,0.2567897440445142,0.26812770149078646,0.2567897440445142,0.7266740663096265,0.7508900060644692
481,(0.626765528351543)(X_0 + X_1 + X_3 + (-0.48567480245439576)(X_1 - ((X_4 - (X_0))(sqrt(X_1))))),15,0.24806686280319923,0.2623798424653502,0.24806686280319923,0.2623798424653502,0.7471238275033059,0.7454670893942766
482,(0.33139411338549923)(1.599579974794558 + X_0 + X_1 + X_4 + (-1.765358114179292)(sqrt(X_1) - (X_3))),15,0.24269995879341488,0.23647760561904635,0.24269995879341488,0.23647760561904635,0.7525947804908,0.7705946741726659
483,(0.3313941133854991)(1.5995799747945572 + X_0 + X_1 + X_4 + (-1.765358114179291)(sqrt(X_1) - (X_3))),15,0.24269995879341488,0.23647760561904643,0.24269995879341488,0.23647760561904643,0.7525947804908,0.7705946741726659
484,(0.3313941133854991)(1.5995799747945507 + X_0 + X_1 + X_4 + (-1.765358114179268)(sqrt(X_1) - (X_3))),15,0.24269995879341488,0.23647760561904713,0.24269995879341488,0.23647760561904713,0.7525947804908,0.7705946741726653
485,(0.34180744448333505)(X_0 + X_1 + (1.7525203291102756)(X_3) + (-0.6132497267467536)((X_1)(X_1) - ((exp(X_4))(sqrt(X_1))))),18,0.25653184290846515,0.29766801435783763,0.25653184290846515,0.29766801435783763,0.7384947355516794,0.7112342725080629
486,(0.3313941133854991)(1.5995799747945576 + X_0 + X_1 + X_4 + (1.7653581141792911)(X_3 - (sqrt(X_1)))),15,0.24269995879341488,0.23647760561904635,0.24269995879341488,0.23647760561904635,0.7525947804908,0.7705946741726659
487,(0.33139411338549896)(1.5995799747945743 + X_0 + X_1 + X_4 + (-1.7653581141792678)(sqrt(X_1) - (X_3))),15,0.24269995879341488,0.23647760561904824,0.24269995879341488,0.23647760561904824,0.7525947804908,0.7705946741726641
488,(0.3343893344194384)(X_0 + X_1 + (1.7695575641611199)(X_3) + X_4),11,0.26812770149078646,0.2567897440445142,0.26812770149078646,0.2567897440445142,0.7266740663096265,0.7508900060644692
489,(0.2953623003333465)(1.0624174812568776 + X_0 + X_1 + (1.9999580297292427)(X_3) + X_4 - ((X_1)(X_1))),15,0.24000888007678745,0.262391682133797,0.24000888007678745,0.262391682133797,0.7553380315564932,0.7454556038119924
490,(0.3319139541764753)(X_0 + X_1 + (1.7829957802760616)(X_3) + X_4 + (1.0051713444703125e-05)(((X_3)^(-2))((sqrt(X_45))(sqrt(X_45))))),20,0.2645039161575914,0.25770413346091126,0.2645039161575914,0.25770413346091126,0.7303681065157746,0.7500029630759691
491,(0.3313941133854992)(1.5995799747945572 + X_0 + X_1 + X_4 + (-1.7653581141792907)(sqrt(X_1) - (X_3))),15,0.24269995879341488,0.23647760561904635,0.24269995879341488,0.23647760561904635,0.7525947804908,0.7705946741726659
492,(0.3343893344194384)(X_0 + X_1 + (1.7695575641611199)(X_3) + X_4),11,0.26812770149078646,0.2567897440445142,0.26812770149078646,0.2567897440445142,0.7266740663096265,0.7508900060644692
493,(0.3313941133854993)(1.5995799747945598 + X_0 + X_1 + X_4 + (-1.7653581141792887)(sqrt(X_1) - (X_3))),15,0.24269995879341488,0.23647760561904652,0.24269995879341488,0.23647760561904652,0.7525947804908,0.7705946741726658
494,-1 + (0.3313941133854992)(4.617135083978814 + X_0 + X_1 + X_4 + (-1.765358114179291)(sqrt(X_1) - (X_3))),17,0.24269995879341488,0.23647760561904635,0.24269995879341488,0.23647760561904635,0.7525947804908,0.7705946741726659
495,(0.3313941133854991)(1.5995799747945576 + X_0 + X_1 + X_4 + (-1.7653581141792911)(sqrt(X_1) - (X_3))),15,0.24269995879341488,0.23647760561904635,0.24269995879341488,0.23647760561904635,0.7525947804908,0.7705946741726659
496,(0.3313941133854992)(1.5995799747945572 + X_0 + X_1 + X_4 + (-1.765358114179291)(sqrt(X_1) - (X_3))),15,0.24269995879341488,0.23647760561904635,0.24269995879341488,0.23647760561904635,0.7525947804908,0.7705946741726659
497,(0.2953623003333463)(1.0624174812568556 + X_0 + X_1 + (1.9999580297292585)(X_3) + X_4 - ((X_1)(X_1))),15,0.2400088800767874,0.26239168213379627,0.2400088800767874,0.26239168213379627,0.7553380315564933,0.745455603811993
498,(0.5671831886092884)(X_0 + X_1 + X_3 + (-0.20014144412910762)(X_1 - ((X_4 - (X_0))(exp(sqrt(X_1)))))),16,0.2544034361027448,0.28932511015533086,0.2544034361027448,0.28932511015533086,0.740664406101242,0.7193276674488317
499,(-8.265992573886584e-07)(X_0 + X_1 + X_4 + (168755.17290832463)((sqrt(X_1) - (X_3))(sqrt(X_1) - (X_3)))),14,0.8170183457320495,0.8588362775385282,0.8170183457320495,0.8588362775385282,0.16714199634068627,0.16684873578070314
500,(0.3343893344194384)(X_0 + X_1 + (1.7695575641611196)(X_3) + X_4),11,0.26812770149078646,0.2567897440445142,0.26812770149078646,0.2567897440445142,0.7266740663096265,0.7508900060644691
501,(0.3343893344194381)(X_0 + X_1 + (1.7695575641611274)(X_3) + X_4),11,0.26812770149078646,0.25678974404451416,0.26812770149078646,0.25678974404451416,0.7266740663096265,0.7508900060644692
502,(0.6257972595805106)(X_0 + X_1 + X_3 + (-0.4824714781789306)(X_1 - ((X_4 - (X_0))((sqrt(X_1))^(sqrt((2)(X_23))))))),20,0.2427190032252128,0.2661233238501704,0.2427190032252128,0.2661233238501704,0.7525753668417297,0.7418355634213831
503,(0.6267655283515421)(X_0 + X_1 + X_3 + (-0.4856748024543811)(X_1 - ((X_4 - (X_0))(sqrt(X_1))))),15,0.24806686280319915,0.262379842465347,0.24806686280319915,0.262379842465347,0.747123827503306,0.7454670893942796
504,(0.3313941133854991)(1.5995799747945574 + X_0 + X_1 + X_4 + (-1.765358114179291)(sqrt(X_1) - (X_3))),15,0.24269995879341488,0.2364776056190464,0.24269995879341488,0.2364776056190464,0.7525947804908,0.7705946741726659
505,(0.3313941133854994)(1.5995799747945567 + X_0 + X_1 + X_4 + (-1.765358114179294)(sqrt(X_1) - (X_3))),15,0.24269995879341488,0.2364776056190461,0.24269995879341488,0.2364776056190461,0.7525947804908,0.7705946741726661
506,(0.3343893344194384)(X_0 + X_1 + (1.7695575641611199)(X_3) + X_4),11,0.26812770149078646,0.2567897440445142,0.26812770149078646,0.2567897440445142,0.7266740663096265,0.7508900060644692
507,(0.3313941133854993)(1.5995799747945598 + X_0 + X_1 + X_4 + (-1.7653581141792887)(sqrt(X_1) - (X_3))),15,0.24269995879341488,0.23647760561904652,0.24269995879341488,0.23647760561904652,0.7525947804908,0.7705946741726658
508,(0.3343893344194384)(X_0 + X_1 + (4.760083568036765)(X_3) + X_4) - (X_3),12,0.2681277014907864,0.2567897440445142,0.2681277014907864,0.2567897440445142,0.7266740663096265,0.7508900060644692
509,(0.33954867950149525)(X_0 + X_1 + (1.7531448849989963)(X_3) + (-0.5246857344026381)((X_1)(X_1) - (exp(X_4)))),16,0.2462889169206427,0.2670758430865443,0.2462889169206427,0.2670758430865443,0.7489362426909154,0.7409115309524094
510,(0.3313941133854992)(1.5995799747945574 + X_0 + X_1 + X_4 + (-1.765358114179291)(sqrt(X_1) - (X_3))),15,0.24269995879341488,0.23647760561904635,0.24269995879341488,0.23647760561904635,0.7525947804908,0.7705946741726659
511,(0.33139411338549934)(1.5995799747945414 + X_0 + X_1 + X_4 + (-1.765358114179282)(sqrt(X_1) - (X_3))),15,0.24269995879341488,0.23647760561904602,0.24269995879341488,0.23647760561904602,0.7525947804908,0.7705946741726662
512,(0.3313941133854991)(1.5995799747945574 + X_0 + X_1 + X_4 + (-1.765358114179291)(sqrt(X_1) - (X_3))),15,0.24269995879341488,0.2364776056190464,0.24269995879341488,0.2364776056190464,0.7525947804908,0.7705946741726659
513,(0.3343893344194383)(X_0 + X_1 + (1.7695575641611563)(X_3) + X_4),11,0.26812770149078646,0.25678974404451343,0.26812770149078646,0.25678974404451343,0.7266740663096265,0.7508900060644699
514,(0.33438933441943913)(X_0 + X_1 + (1.769557564161107)(X_3) + X_4),11,0.26812770149078646,0.25678974404451416,0.26812770149078646,0.25678974404451416,0.7266740663096265,0.7508900060644692
515,(0.5671831886092886)(X_0 + X_1 + X_3 + (-0.20014144412909962)(X_1 - ((X_4 - (X_0))(exp(sqrt(X_1)))))),16,0.2544034361027448,0.2893251101553259,0.2544034361027448,0.2893251101553259,0.740664406101242,0.7193276674488365
516,(0.31230364418602896)(X_0 + X_1 + (2)(X_3) + X_4),11,0.2706778748540214,0.26515056576703433,0.2706778748540214,0.26515056576703433,0.7240744523506695,0.7427792294587181
517,(0.35626020231384314)(X_0 + X_1 + (0.8266024828035192)((2)(X_3) + X_4)),13,0.265326779786432,0.2501707016001096,0.265326779786432,0.2501707016001096,0.7295292899056212,0.7573110943728044
518,(0.3313941133854992)(1.5995799747945572 + X_0 + X_1 + X_4 + (-1.765358114179291)(sqrt(X_1) - (X_3))),15,0.24269995879341488,0.23647760561904635,0.24269995879341488,0.23647760561904635,0.7525947804908,0.7705946741726659
519,(0.3313941133854991)(X_0 + X_1 + X_4 + (-0.165778139384734)(-9.64891981977364 + sqrt(X_1) + ((-1)(-9.64891981977364))(sqrt(X_1) - (X_3)) - (X_3))),20,0.24269995879341488,0.23647760561904635,0.24269995879341488,0.23647760561904635,0.7525947804908,0.7705946741726659
520,(0.3344296421238599)(X_0 + X_1 + X_4 + (-1.7695740028559488)((0.0046659063379152575)(X_5) - (X_3))),15,0.2681201510002982,0.2576585111046207,0.2681201510002982,0.2576585111046207,0.726681763182613,0.7500472210152461
521,(0.3313941133854992)(1.599579974794557 + X_0 + X_1 + X_4 + (-1.76535811417929)(sqrt(X_1) - (X_3))),15,0.24269995879341488,0.23647760561904635,0.24269995879341488,0.23647760561904635,0.7525947804908,0.7705946741726659
522,(0.33438933441943863)(X_0 + X_1 + (1.7695575641611203)(X_3) + X_4),11,0.26812770149078646,0.25678974404451405,0.26812770149078646,0.25678974404451405,0.7266740663096265,0.7508900060644692
523,(0.33494296081827973)(X_0 + X_1 + X_4 + (0.09759082856822561)((X_3)(18.082144106589894 + X_3 + sin(X_46)))),17,0.26558406596567474,0.2627718127728267,0.26558406596567474,0.2627718127728267,0.7292670156804062,0.7450868416500308
524,(0.6267655283515422)(X_0 + X_1 + X_3 + (-0.4856748024543768)(X_1 - ((X_4 - (X_0))(sqrt(X_1))))),15,0.24806686280319917,0.262379842465346,0.24806686280319917,0.262379842465346,0.747123827503306,0.7454670893942806
525,(0.6267655283515422)(X_0 + X_1 + X_3 + (-0.4856748024543768)(X_1 - ((X_4 - (X_0))(sqrt(X_1))))),15,0.24806686280319917,0.262379842465346,0.24806686280319917,0.262379842465346,0.747123827503306,0.7454670893942806
526,(0.6267655283515422)(X_0 + X_1 + X_3 + (-0.48567480245437683)(X_1 - ((X_4 - (X_0))(sqrt(X_1))))),15,0.24806686280319917,0.26237984246534596,0.24806686280319917,0.26237984246534596,0.747123827503306,0.7454670893942806
527,(0.3313941133854991)(1.5995799747945574 + X_0 + X_1 + X_4 + (-1.765358114179291)(sqrt(X_1) - (X_3))),15,0.24269995879341488,0.2364776056190464,0.24269995879341488,0.2364776056190464,0.7525947804908,0.7705946741726659
528,(0.3313941133854992)(1.5995799747945572 + X_0 + X_1 + X_4 + (-1.765358114179291)(sqrt(X_1) - (X_3))),15,0.24269995879341488,0.23647760561904635,0.24269995879341488,0.23647760561904635,0.7525947804908,0.7705946741726659
529,(0.3313941133854992)(1.5995799747945574 + X_0 + X_1 + X_4 + (-1.765358114179291)(sqrt(X_1) - (X_3))),15,0.24269995879341488,0.23647760561904635,0.24269995879341488,0.23647760561904635,0.7525947804908,0.7705946741726659
530,(0.3562602023138435)(X_0 + X_1 + (0.8266024828034968)((2)(X_3) + X_4)),13,0.265326779786432,0.25017070160011085,0.265326779786432,0.25017070160011085,0.7295292899056212,0.7573110943728033
531,(0.33139411338549907)(1.599579974794558 + X_0 + X_1 + X_4 + (-1.7653581141792918)(sqrt(X_1) - (X_3))),15,0.24269995879341488,0.23647760561904635,0.24269995879341488,0.23647760561904635,0.7525947804908,0.7705946741726659
532,(0.3313941133854991)(1.5995799747945574 + X_0 + X_1 + X_4 + (-1.7653581141792911)(sqrt(X_1) - (X_3))),15,0.24269995879341488,0.23647760561904635,0.24269995879341488,0.23647760561904635,0.7525947804908,0.7705946741726659
533,(0.3343893344194384)(X_0 + X_1 + (1.7695575641611196)(X_3) + X_4),11,0.26812770149078646,0.2567897440445142,0.26812770149078646,0.2567897440445142,0.7266740663096265,0.7508900060644691
534,(0.3313941133854992)(1.5995799747945574 + X_0 + X_1 + X_4 + (-1.765358114179291)(sqrt(X_1) - (X_3))),15,0.24269995879341488,0.23647760561904635,0.24269995879341488,0.23647760561904635,0.7525947804908,0.7705946741726659
535,(0.3313941133854992)(1.599579974794565 + X_0 + X_1 + X_4 + (-1.7653581141793067)(sqrt(X_1) - (X_3))),15,0.24269995879341488,0.23647760561904596,0.24269995879341488,0.23647760561904596,0.7525947804908,0.7705946741726664
536,(0.3313941133854986)(1.5995799747945592 + X_0 + X_1 + X_4 + (-1.7653581141792953)(sqrt(X_1) - (X_3))),15,0.24269995879341488,0.23647760561904643,0.24269995879341488,0.23647760561904643,0.7525947804908,0.7705946741726659
537,(0.29536230033334654)(1.062417481256856 + X_0 + X_1 + (1.9999580297292578)(X_3) + X_4 - ((X_1)(X_1))),15,0.2400088800767874,0.2623916821337962,0.2400088800767874,0.2623916821337962,0.7553380315564933,0.745455603811993
538,(0.33139411338549946)(1.5995799747945632 + X_0 + X_1 + X_4 + (-1.765358114179295)(sqrt(X_1) - (X_3))),15,0.24269995879341488,0.23647760561904635,0.24269995879341488,0.23647760561904635,0.7525947804908,0.7705946741726659
539,(0.3343893344194384)(X_0 + X_1 + (1.7695575641611196)(X_3) + X_4),11,0.26812770149078646,0.2567897440445142,0.26812770149078646,0.2567897440445142,0.7266740663096265,0.7508900060644691
540,(0.6267655283515421)(X_0 + X_1 + X_3 + (-0.4856748024543768)(X_1 - ((X_4 - (X_0))(sqrt(X_1))))),15,0.24806686280319917,0.26237984246534596,0.24806686280319917,0.26237984246534596,0.747123827503306,0.7454670893942806
541,(0.6267655283515422)(X_0 + X_1 + X_3 + (-0.48567480245437666)(X_1 - ((X_4 - (X_0))(sqrt(X_1))))),15,0.24806686280319917,0.26237984246534596,0.24806686280319917,0.26237984246534596,0.747123827503306,0.7454670893942806
542,(0.3313941133854991)(1.5995799747945574 + X_0 + X_1 + X_4 + (-1.765358114179291)(sqrt(X_1) - (X_3))),15,0.24269995879341488,0.2364776056190464,0.24269995879341488,0.2364776056190464,0.7525947804908,0.7705946741726659
543,(0.3313941133854991)(1.5995799747945574 + X_0 + X_1 + X_4 + (-1.7653581141792911)(sqrt(X_1) - (X_3))),15,0.24269995879341488,0.23647760561904635,0.24269995879341488,0.23647760561904635,0.7525947804908,0.7705946741726659
544,(0.3313941133854993)(1.5995799747945598 + X_0 + X_1 + X_4 + (-1.7653581141792887)(sqrt(X_1) - (X_3))),15,0.24269995879341488,0.23647760561904652,0.24269995879341488,0.23647760561904652,0.7525947804908,0.7705946741726658
545,(0.3313941133854991)(1.5995799747945574 + X_0 + X_1 + X_4 + (-1.765358114179291)(sqrt(X_1) - (X_3))),15,0.24269995879341488,0.2364776056190464,0.24269995879341488,0.2364776056190464,0.7525947804908,0.7705946741726659
546,(0.33139411338549923)(1.599579974794579 + X_0 + X_1 + X_4 + (-1.7653581141792571)(sqrt(X_1) - (X_3))),15,0.24269995879341483,0.23647760561904882,0.24269995879341483,0.23647760561904882,0.7525947804908,0.7705946741726635
547,(0.3343893344194387)(X_0 + X_1 + (1.7695575641611114)(X_3) + X_4),11,0.26812770149078646,0.2567897440445142,0.26812770149078646,0.2567897440445142,0.7266740663096265,0.7508900060644691
548,(0.3347469487922024)(X_0 + X_1 + (-1.7692439589068398)(-0.034582121088120255 - (X_3)) + X_4),13,0.26770890869907127,0.2587176631165019,0.26770890869907127,0.2587176631165019,0.7271009783003753,0.7490197448119489
549,(0.3313941133854991)(1.5995799747945576 + X_0 + X_1 + X_4 + (-1.7653581141792911)(sqrt(X_1) - (X_3))),15,0.24269995879341488,0.23647760561904635,0.24269995879341488,0.23647760561904635,0.7525947804908,0.7705946741726659
550,(0.35641879205746285)(X_0 + X_1 + (0.8078588455953427)((2.0559171791561246)(X_3) + X_4)),13,0.2652785456450027,0.25044077230860795,0.2652785456450027,0.25044077230860795,0.7295784591696272,0.7570491006050762
551,(0.3564187920574633)(X_0 + X_1 + (0.8078588455953426)((2.0559171791560606)(X_3) + X_4)),13,0.26527854564500275,0.2504407723086086,0.26527854564500275,0.2504407723086086,0.729578459169627,0.7570491006050756
552,(0.3343893344194384)(X_0 + X_1 + (1.7695575641611203)(X_3) + X_4),11,0.26812770149078646,0.25678974404451416,0.26812770149078646,0.25678974404451416,0.7266740663096265,0.7508900060644692
553,(0.3313941133854991)(1.5995799747945574 + X_0 + X_1 + X_4 + (-1.7653581141792911)(sqrt(X_1) - (X_3))),15,0.24269995879341488,0.23647760561904635,0.24269995879341488,0.23647760561904635,0.7525947804908,0.7705946741726659
554,(0.3313941133854992)(1.5995799747945574 + X_0 + X_1 + X_4 + (-1.765358114179291)(sqrt(X_1) - (X_3))),15,0.24269995879341488,0.23647760561904635,0.24269995879341488,0.23647760561904635,0.7525947804908,0.7705946741726659
555,(0.3343893344194385)(X_0 + X_1 + (1.7695575641611212)(X_3) + X_4),11,0.26812770149078646,0.2567897440445141,0.26812770149078646,0.2567897440445141,0.7266740663096265,0.7508900060644692
556,(0.6267655283515422)(X_0 + X_1 + X_3 + (-0.4856748024543768)(X_1 - ((X_4 - (X_0))(sqrt(X_1))))),15,0.24806686280319917,0.262379842465346,0.24806686280319917,0.262379842465346,0.747123827503306,0.7454670893942806
557,(0.5890376277316747)(X_3) + (0.8313097636150137)(sin(X_0 + X_1)),10,0.2711628093766974,0.3297270120546125,0.2711628093766974,0.3297270120546125,0.7235801163292432,0.6801340556690354
558,(0.33139411338549907)(1.5995799747945583 + X_0 + X_1 + X_4 + (-1.7653581141793029)(sqrt(X_1) - (X_3))),15,0.24269995879341488,0.23647760561904593,0.24269995879341488,0.23647760561904593,0.7525947804908,0.7705946741726664
559,(0.6267655283515422)(X_0 + X_1 + X_3 + (-0.48567480245437844)(X_1 - ((X_4 - (X_0))(sqrt(X_1))))),15,0.24806686280319915,0.2623798424653464,0.24806686280319915,0.2623798424653464,0.747123827503306,0.7454670893942803
560,(0.6267655283515422)(X_0 + X_1 + X_3 + (-0.48567480245437683)(X_1 - ((X_4 - (X_0))(sqrt(X_1))))),15,0.24806686280319917,0.26237984246534596,0.24806686280319917,0.26237984246534596,0.747123827503306,0.7454670893942806
561,(0.3313941133854986)(1.5995799747945534 + X_0 + X_1 + X_4 + (-1.765358114179291)(sqrt(X_1) - (X_3))),15,0.24269995879341488,0.2364776056190464,0.24269995879341488,0.2364776056190464,0.7525947804908,0.7705946741726659
562,(0.3313941133854989)(1.5995799747945902 + X_0 + X_1 + X_4 + (-1.765358114179326)(sqrt(X_1) - (X_3))),15,0.24269995879341488,0.23647760561904627,0.24269995879341488,0.23647760561904627,0.7525947804908,0.770594674172666
563,(0.3343893344194384)(X_0 + X_1 + (1.7695575641611208)(X_3) + X_4),11,0.26812770149078646,0.25678974404451416,0.26812770149078646,0.25678974404451416,0.7266740663096265,0.7508900060644692
564,(0.341807444483335)(X_0 + X_1 + (1.7525203291102758)(X_3) + (-0.6132497267467536)((X_1)(X_1) - ((exp(X_4))(sqrt(X_1))))),18,0.2565318429084652,0.29766801435783763,0.2565318429084652,0.29766801435783763,0.7384947355516793,0.7112342725080629
565,(0.3564187920574628)(X_0 + X_1 + X_4 + (0.19214115440465634)((8.644118352150793)(X_3) - (X_4))),14,0.26527854564500275,0.25044077230860734,0.26527854564500275,0.25044077230860734,0.729578459169627,0.7570491006050768
566,(0.33438933441943836)(X_0 + X_1 + (1.7695575641611212)(X_3) + X_4),11,0.26812770149078646,0.25678974404451416,0.26812770149078646,0.25678974404451416,0.7266740663096265,0.7508900060644692
567,(0.3313941133854991)(1.5995799747945572 + X_0 + X_1 + X_4 + (-1.765358114179291)(sqrt(X_1) - (X_3))),15,0.24269995879341488,0.23647760561904643,0.24269995879341488,0.23647760561904643,0.7525947804908,0.7705946741726659
568,(0.3313941133854992)(1.5995799747945572 + X_0 + X_1 + X_4 + (-1.7653581141792907)(sqrt(X_1) - (X_3))),15,0.24269995879341488,0.23647760561904635,0.24269995879341488,0.23647760561904635,0.7525947804908,0.7705946741726659
569,(0.3343893344194384)(X_0 + X_1 + (1.7695575641611196)(X_3) + X_4),11,0.26812770149078646,0.2567897440445142,0.26812770149078646,0.2567897440445142,0.7266740663096265,0.7508900060644691
570,(0.3313941133854992)(1.5995799747945574 + X_0 + X_1 + X_4 + (-1.765358114179291)(sqrt(X_1) - (X_3))),15,0.24269995879341488,0.23647760561904635,0.24269995879341488,0.23647760561904635,0.7525947804908,0.7705946741726659
571,(-9.043703571033643e-07)(-580448.4989226168 + X_0 + X_1 + X_4 + (662564.2336530208)(sqrt(X_1) - (X_3))),15,0.576526707759236,0.6763359375827985,0.576526707759236,0.6763359375827985,0.41229608198038004,0.34389108125585277
572,(0.6267655283515428)(X_0 + X_1 + X_3 + (-0.4856748024543802)(X_1 - ((X_4 - (X_0))(sqrt(X_1))))),15,0.24806686280319917,0.2623798424653467,0.24806686280319917,0.2623798424653467,0.747123827503306,0.7454670893942801
573,(0.33438933441943836)(X_0 + X_1 + (1.7695575641611203)(X_3) + X_4),11,0.26812770149078646,0.25678974404451416,0.26812770149078646,0.25678974404451416,0.7266740663096265,0.7508900060644692
574,(0.3313941133854993)(1.5995799747945598 + X_0 + X_1 + X_4 + (-1.7653581141792887)(sqrt(X_1) - (X_3))),15,0.24269995879341488,0.23647760561904652,0.24269995879341488,0.23647760561904652,0.7525947804908,0.7705946741726658
575,(0.6248483355297474)(X_0 + X_1 + X_3 + (-0.4591805635451543)(X_1 - ((X_4 - (X_0))((sqrt(X_1))^(sqrt(X_1)))))),16,0.24734409763125312,0.25522501616034604,0.24734409763125312,0.25522501616034604,0.7478606050326797,0.7524079380020792
576,(0.33139411338549923)(1.5995799747945583 + X_0 + X_1 + X_4 + (-1.7653581141792891)(sqrt(X_1) - (X_3))),15,0.24269995879341488,0.23647760561904652,0.24269995879341488,0.23647760561904652,0.7525947804908,0.7705946741726658
577,(0.3313941133854991)(1.5995799747945574 + X_0 + X_1 + X_4 + (-1.765358114179291)(sqrt(X_1) - (X_3))),15,0.24269995879341488,0.2364776056190464,0.24269995879341488,0.2364776056190464,0.7525947804908,0.7705946741726659
578,(0.3313941133854992)(1.599579974794553 + X_0 + X_1 + X_4 + (-1.7653581141792933)(sqrt(X_1) - (X_3))),15,0.24269995879341488,0.2364776056190461,0.24269995879341488,0.2364776056190461,0.7525947804908,0.7705946741726661
579,(0.3343893344194384)(X_0 + X_1 + (1.7695575641611199)(X_3) + X_4),11,0.26812770149078646,0.2567897440445142,0.26812770149078646,0.2567897440445142,0.7266740663096265,0.7508900060644692
580,(0.3313941133854991)(1.5995799747945574 + X_0 + X_1 + X_4 + (-1.765358114179291)(sqrt(X_1) - (X_3))),15,0.24269995879341488,0.2364776056190464,0.24269995879341488,0.2364776056190464,0.7525947804908,0.7705946741726659
581,(0.3313941133854991)(1.5995799747945574 + X_0 + X_1 + X_4 + (-1.765358114179291)(sqrt(X_1) - (X_3))),15,0.24269995879341488,0.2364776056190464,0.24269995879341488,0.2364776056190464,0.7525947804908,0.7705946741726659
582,(0.3123036441860356)(X_0 + X_1 + (2)(X_3) + X_4),11,0.27067787485402134,0.2651505657670309,0.27067787485402134,0.2651505657670309,0.7240744523506695,0.7427792294587214
583,(0.3313941133854993)(1.5995799747945598 + X_0 + X_1 + X_4 + (-1.7653581141792887)(sqrt(X_1) - (X_3))),15,0.24269995879341488,0.23647760561904652,0.24269995879341488,0.23647760561904652,0.7525947804908,0.7705946741726658
584,(-1.8101878895621962e-06)(X_0 + X_1 + (-332628.9375862464)(X_3) + X_4),11,0.6084648223851014,0.712904882438193,0.6084648223851014,0.712904882438193,0.3797387783079552,0.30841579518065443
585,(0.33438933441943836)(X_0 + X_1 + (1.7695575641611203)(X_3) + X_4),11,0.26812770149078646,0.25678974404451416,0.26812770149078646,0.25678974404451416,0.7266740663096265,0.7508900060644692
586,(0.3313941133854991)(1.5995799747945572 + X_0 + X_1 + X_4 + (-1.765358114179291)(sqrt(X_1) - (X_3))),15,0.24269995879341488,0.23647760561904643,0.24269995879341488,0.23647760561904643,0.7525947804908,0.7705946741726659
587,(0.33139411338549923)(1.5995799747945307 + X_0 + X_1 + X_4 + (-1.7653581141792833)(sqrt(X_1) - (X_3))),15,0.24269995879341488,0.2364776056190455,0.24269995879341488,0.2364776056190455,0.7525947804908,0.7705946741726668
588,(0.3313941133854992)(1.599579974794565 + X_0 + X_1 + X_4 + (-1.7653581141793067)(sqrt(X_1) - (X_3))),15,0.24269995879341488,0.23647760561904596,0.24269995879341488,0.23647760561904596,0.7525947804908,0.7705946741726664
589,(0.6267655283515423)(X_0 + X_1 + X_3 + (-0.48567480245437955)(X_1 - ((X_4 - (X_0))(sqrt(X_1))))),15,0.24806686280319917,0.26237984246534657,0.24806686280319917,0.26237984246534657,0.747123827503306,0.7454670893942801
590,(0.3313941133854997)(1.599579974794549 + X_0 + X_1 + X_4 + (-1.7653581141792491)(sqrt(X_1) - (X_3))),15,0.24269995879341488,0.2364776056190477,0.24269995879341488,0.2364776056190477,0.7525947804908,0.7705946741726646
591,(0.3343893344194384)(X_0 + X_1 + (1.7695575641611199)(X_3) + X_4),11,0.26812770149078646,0.2567897440445142,0.26812770149078646,0.2567897440445142,0.7266740663096265,0.7508900060644692
592,(0.3343893344194387)(X_0 + X_1 + (1.7695575641611105)(X_3) + X_4),11,0.26812770149078646,0.2567897440445142,0.26812770149078646,0.2567897440445142,0.7266740663096265,0.7508900060644691
593,(0.33474694879220174)(0.06118420882131126 + X_0 + X_1 + (1.7692439589068667)(X_3) + X_4),13,0.2677089086990712,0.25871766311650035,0.2677089086990712,0.25871766311650035,0.7271009783003755,0.7490197448119503
594,(0.2953623003333466)(1.062417481256856 + X_0 + X_1 + (1.9999580297292576)(X_3) + X_4 - ((X_1)(X_1))),15,0.24000888007678745,0.2623916821337962,0.24000888007678745,0.2623916821337962,0.7553380315564932,0.745455603811993
595,(0.3313941133854997)(1.599579974794549 + X_0 + X_1 + X_4 + (-1.7653581141792491)(sqrt(X_1) - (X_3))),15,0.24269995879341488,0.2364776056190477,0.24269995879341488,0.2364776056190477,0.7525947804908,0.7705946741726646
596,(0.3313941133854992)(1.599579974794557 + X_0 + X_1 + X_4 + (-1.7653581141792907)(sqrt(X_1) - (X_3))),15,0.24269995879341488,0.23647760561904635,0.24269995879341488,0.23647760561904635,0.7525947804908,0.7705946741726659
597,(0.33438933441943836)(X_0 + X_1 + (1.7695575641611163)(X_3) + X_4),11,0.26812770149078646,0.25678974404451427,0.26812770149078646,0.25678974404451427,0.7266740663096265,0.7508900060644691
598,(0.6267655283515422)(X_0 + X_1 + X_3 + (-0.4856748024543768)(X_1 - ((X_4 - (X_0))(sqrt(X_1))))),15,0.24806686280319917,0.262379842465346,0.24806686280319917,0.262379842465346,0.747123827503306,0.7454670893942806
599,(0.5117408356786145)(X_3 + sin(X_0 + X_1 + (3.0463308436948253)((X_2)(X_2)))),13,0.5770985019855036,0.7254104926237597,0.5770985019855036,0.7254104926237597,0.41171320229318475,0.2962841873196077
600,(0.3345516688844905)(X_0 + X_1 + X_4 + (-1.774054807823961)((0.19787081171565826)(log(X_1)) - (X_3))),15,0.252150130899493,0.247192970209602,0.252150130899493,0.247192970209602,0.7429613964724117,0.76019977145526
601,(0.3343893344194383)(X_0 + X_1 + (1.7695575641610966)(X_3) + X_4),11,0.26812770149078646,0.25678974404451477,0.26812770149078646,0.25678974404451477,0.7266740663096265,0.7508900060644685
602,(0.3343893344194378)(X_0 + X_1 + (1.7695575641611292)(X_3) + X_4),11,0.26812770149078646,0.2567897440445142,0.26812770149078646,0.2567897440445142,0.7266740663096265,0.7508900060644691
603,(0.3313941133854991)(1.5995799747945574 + X_0 + X_1 + X_4 + (-1.765358114179291)(sqrt(X_1) - (X_3))),15,0.24269995879341488,0.2364776056190464,0.24269995879341488,0.2364776056190464,0.7525947804908,0.7705946741726659
604,(0.3343893344194387)(X_0 + X_1 + (1.7695575641611105)(X_3) + X_4),11,0.26812770149078646,0.2567897440445142,0.26812770149078646,0.2567897440445142,0.7266740663096265,0.7508900060644691
605,(0.2953623003333465)(1.062417481256863 + X_0 + X_1 + (1.9999580297292372)(X_3) + X_4 - ((X_1)(X_1))),15,0.2400088800767874,0.26239168213379654,0.2400088800767874,0.26239168213379654,0.7553380315564933,0.7454556038119927
606,(0.33139411338549896)(1.5995799747945607 + X_0 + X_1 + X_4 + (-1.7653581141793042)((sqrt(X_1) - (X_3))^((2)((2)^(-1))))),20,0.24269995879341488,0.23647760561904602,0.24269995879341488,0.23647760561904602,0.7525947804908,0.7705946741726662
607,(0.3313941133854991)(1.5995799747945576 + X_0 + X_1 + X_4 + (-1.7653581141792911)(sqrt(X_1) - (X_3))),15,0.24269995879341488,0.23647760561904635,0.24269995879341488,0.23647760561904635,0.7525947804908,0.7705946741726659
608,(0.33438933441943824)(X_0 + X_1 + (1.7695575641611185)(X_3) + X_4),11,0.26812770149078646,0.2567897440445143,0.26812770149078646,0.2567897440445143,0.7266740663096265,0.750890006064469
609,(0.3313941133854991)(1.5995799747945574 + X_0 + X_1 + X_4 + (-1.765358114179291)(sqrt(X_1) - (X_3))),15,0.24269995879341488,0.2364776056190464,0.24269995879341488,0.2364776056190464,0.7525947804908,0.7705946741726659
610,(0.3313941133854993)(1.5995799747945627 + X_0 + X_1 + X_4 + (-1.7653581141793042)(sqrt(X_1) - (X_3))),15,0.24269995879341488,0.23647760561904593,0.24269995879341488,0.23647760561904593,0.7525947804908,0.7705946741726664
611,(0.2953623003333467)(1.0624174812568556 + X_0 + X_1 + (1.9999580297292567)(X_3) + X_4 - ((X_1)(X_1))),15,0.24000888007678745,0.26239168213379616,0.24000888007678745,0.26239168213379616,0.7553380315564932,0.745455603811993
612,(0.3313941133854991)(1.5995799747945574 + X_0 + X_1 + X_4 + (-1.765358114179291)(sqrt(X_1) - (X_3))),15,0.24269995879341488,0.2364776056190464,0.24269995879341488,0.2364776056190464,0.7525947804908,0.7705946741726659
613,(0.6267655283515428)(X_0 + X_1 + X_3 + (-0.4856748024543802)(X_1 - ((X_4 - (X_0))(sqrt(X_1))))),15,0.24806686280319917,0.2623798424653467,0.24806686280319917,0.2623798424653467,0.747123827503306,0.7454670893942801
614,(0.6267655283515422)(X_0 + X_1 + X_3 + (-0.4856748024543768)(X_1 - ((X_4 - (X_0))(sqrt(X_1))))),15,0.24806686280319917,0.262379842465346,0.24806686280319917,0.262379842465346,0.747123827503306,0.7454670893942806
615,(0.35626020231384403)(X_0 + X_1 + (0.8266024828035423)((2)(X_3) + X_4)),13,0.265326779786432,0.25017070160010774,0.265326779786432,0.25017070160010774,0.7295292899056212,0.7573110943728063
616,(0.3313941133854993)(1.5995799747945598 + X_0 + X_1 + X_4 + (-1.7653581141792887)(sqrt(X_1) - (X_3))),15,0.24269995879341488,0.23647760561904652,0.24269995879341488,0.23647760561904652,0.7525947804908,0.7705946741726658
617,(0.33438933441943847)(X_0 + X_1 + (1.7695575641611194)(X_3) + X_4),11,0.26812770149078646,0.25678974404451416,0.26812770149078646,0.25678974404451416,0.7266740663096265,0.7508900060644692
618,(0.3343893344194386)(X_0 + X_1 + (1.769557564161083)(X_3) + X_4),11,0.26812770149078646,0.25678974404451493,0.26812770149078646,0.25678974404451493,0.7266740663096265,0.7508900060644684
619,(0.6267655283515423)(X_0 + X_1 + X_3 + (-0.4856748024543809)(X_1 - ((X_4 - (X_0))(sqrt(X_1))))),15,0.24806686280319923,0.2623798424653469,0.24806686280319923,0.2623798424653469,0.7471238275033059,0.7454670893942797
620,(0.3313941133854991)(1.5995799747945574 + X_0 + X_1 + X_4 + (-1.765358114179291)(sqrt(X_1) - (X_3))),15,0.24269995879341488,0.2364776056190464,0.24269995879341488,0.2364776056190464,0.7525947804908,0.7705946741726659
621,(0.6267655283515422)(X_0 + X_1 + X_3 + (-0.4856748024543768)(X_1 - ((X_4 - (X_0))(sqrt(X_1))))),15,0.24806686280319917,0.262379842465346,0.24806686280319917,0.262379842465346,0.747123827503306,0.7454670893942806
622,(0.33438933441943836)(X_0 + X_1 + (1.7695575641611256)(X_3) + X_4),11,0.26812770149078646,0.2567897440445141,0.26812770149078646,0.2567897440445141,0.7266740663096265,0.7508900060644692
623,(0.3313941133854991)(1.5995799747945574 + X_0 + X_1 + X_4 + (-1.765358114179291)(sqrt(X_1) - (X_3))),15,0.24269995879341488,0.2364776056190464,0.24269995879341488,0.2364776056190464,0.7525947804908,0.7705946741726659
624,(0.3313941133854991)(1.5995799747945572 + X_0 + X_1 + X_4 + (-1.765358114179291)(sqrt(X_1) - (X_3))),15,0.24269995879341488,0.23647760561904643,0.24269995879341488,0.23647760561904643,0.7525947804908,0.7705946741726659
625,(0.6267655283515422)(X_0 + X_1 + X_3 + (-0.4856748024543778)(X_1 - ((X_4 - (X_0))(sqrt(X_1))))),15,0.24806686280319917,0.26237984246534624,0.24806686280319917,0.26237984246534624,0.747123827503306,0.7454670893942804
626,(0.33438924700791256)(X_0 + X_1 + X_4 + (3.886358454895981e-05)((X_3)(45527.060649368555 + (X_36)(X_43)))),17,0.26812915836179096,0.2567963455737778,0.26812915836179096,0.2567963455737778,0.726672581194044,0.7508836019655791
627,(0.2953623003333466)(1.0624174812568508 + X_0 + X_1 + (1.9999580297292567)(X_3) + X_4 - ((X_1)(X_1))),15,0.2400088800767874,0.262391682133796,0.2400088800767874,0.262391682133796,0.7553380315564933,0.7454556038119933
628,(0.3313941133854991)(1.5995799747945574 + X_0 + X_1 + X_4 + (-1.765358114179291)(sqrt(X_1) - (X_3))),15,0.24269995879341488,0.2364776056190464,0.24269995879341488,0.2364776056190464,0.7525947804908,0.7705946741726659
629,(0.33438933441943813)(X_0 + X_1 + (1.7695575641610972)(X_3) + X_4),11,0.26812770149078646,0.2567897440445148,0.26812770149078646,0.2567897440445148,0.7266740663096265,0.7508900060644685
630,(0.3343893344194378)(X_0 + X_1 + (1.7695575641611292)(X_3) + X_4),11,0.26812770149078646,0.2567897440445142,0.26812770149078646,0.2567897440445142,0.7266740663096265,0.7508900060644691
631,(-0.3313941133854991)(-1.5995799747945574 + (1.765358114179291)(sqrt(X_1) - (X_3)) - (X_0 + X_1 + X_4)),15,0.24269995879341488,0.2364776056190464,0.24269995879341488,0.2364776056190464,0.7525947804908,0.7705946741726659
632,(0.3343893344194384)(X_0 + X_1 + (1.7695575641611199)(X_3) + X_4),11,0.26812770149078646,0.2567897440445142,0.26812770149078646,0.2567897440445142,0.7266740663096265,0.7508900060644692
633,(-4.2535157253613466e-07)(X_0 + X_1 + X_3 + (-369901.437581619)(X_1 - ((X_4 - (X_0))(sqrt(X_1))))),15,0.9189277853441563,0.9287611722048005,0.9189277853441563,0.9287611722048005,0.0632568230483661,0.09901506839234298
634,(0.6267655283515422)(X_0 + X_1 + X_3 + (-0.4856748024543768)(X_1 - ((X_4 - (X_0))(sqrt(X_1))))),15,0.24806686280319917,0.262379842465346,0.24806686280319917,0.262379842465346,0.747123827503306,0.7454670893942806
635,(0.6267655283515422)(X_0 + X_1 + X_3 + (-0.48567480245437844)(X_1 - ((X_4 - (X_0))(sqrt(X_1))))),15,0.24806686280319915,0.2623798424653464,0.24806686280319915,0.2623798424653464,0.747123827503306,0.7454670893942803
636,(0.3418074444833348)(X_0 + X_1 + (1.7525203291102511)(X_3) + (-0.6132497267467154)((X_1)(X_1) - ((exp(X_4))(sqrt(X_1))))),18,0.2565318429084652,0.2976680143578347,0.2565318429084652,0.2976680143578347,0.7384947355516793,0.7112342725080658
637,(0.3562602023138441)(X_0 + X_1 + (0.8266024828036347)((2)(X_3) + X_4)),13,0.265326779786432,0.2501707016001018,0.265326779786432,0.2501707016001018,0.7295292899056212,0.7573110943728121
638,(0.6267655283515422)(X_0 + X_1 + X_3 + (-0.4856748024543768)(X_1 - ((X_4 - (X_0))(sqrt(X_1))))),15,0.24806686280319917,0.262379842465346,0.24806686280319917,0.262379842465346,0.747123827503306,0.7454670893942806
639,(0.3313941133854992)(1.5995799747945574 + X_0 + X_1 + X_4 + (-1.765358114179291)(sqrt(X_1) - (X_3))),15,0.24269995879341488,0.23647760561904635,0.24269995879341488,0.23647760561904635,0.7525947804908,0.7705946741726659
640,(0.3313941133854992)(1.5995799747945572 + X_0 + X_1 + X_4 + (-1.765358114179291)(sqrt(X_1) - (X_3))),15,0.24269995879341488,0.23647760561904635,0.24269995879341488,0.23647760561904635,0.7525947804908,0.7705946741726659
641,(0.3343893344194384)(X_0 + X_1 + (1.7695575641611196)(X_3) + X_4),11,0.26812770149078646,0.2567897440445142,0.26812770149078646,0.2567897440445142,0.7266740663096265,0.7508900060644691
642,(0.3343893344194384)(X_0 + X_1 + (1.7695575641611145)(X_3) + X_4),11,0.26812770149078646,0.2567897440445143,0.26812770149078646,0.2567897440445143,0.7266740663096265,0.750890006064469
643,(0.6267655283515422)(X_0 + X_1 + X_3 + (-0.4856748024543768)(X_1 - ((X_4 - (X_0))(sqrt(X_1))))),15,0.24806686280319917,0.262379842465346,0.24806686280319917,0.262379842465346,0.747123827503306,0.7454670893942806
644,(0.3313941133854995)(1.5995799747946213 + X_0 + X_1 + X_4 + (-1.7653581141793504)(sqrt(X_1) - (X_3))),15,0.24269995879341488,0.23647760561904632,0.24269995879341488,0.23647760561904632,0.7525947804908,0.7705946741726659
645,(0.3313941133854991)(1.5995799747945574 + X_0 + X_1 + X_4 + (-1.7653581141792911)(sqrt(X_1) - (X_3))),15,0.24269995879341488,0.23647760561904635,0.24269995879341488,0.23647760561904635,0.7525947804908,0.7705946741726659
646,(0.3313941133854991)(1.5995799747945574 + X_0 + X_1 + X_4 + (-1.765358114179291)(sqrt(X_1) - (X_3))),15,0.24269995879341488,0.2364776056190464,0.24269995879341488,0.2364776056190464,0.7525947804908,0.7705946741726659
647,(0.33139411338549907)(1.5995799747945458 + X_0 + X_1 + X_4 + (-1.7653581141792865)(sqrt(X_1) - (X_3))),15,0.24269995879341488,0.2364776056190461,0.24269995879341488,0.2364776056190461,0.7525947804908,0.7705946741726661
648,(0.33139411338549896)(1.5995799747945578 + X_0 + X_1 + X_4 + (-1.765358114179289)(sqrt(X_1) - (X_3))),15,0.24269995879341488,0.23647760561904652,0.24269995879341488,0.23647760561904652,0.7525947804908,0.7705946741726658
649,(0.6267655283515422)(X_0 + X_1 + X_3 + (-0.4856748024543756)(X_1 - ((X_4 - (X_0))(sqrt(X_1))))),15,0.24806686280319923,0.2623798424653458,0.24806686280319923,0.2623798424653458,0.7471238275033059,0.7454670893942809
650,(0.33139411338549973)(1.5995799747945547 + X_0 + X_1 + X_4 + (1.7653581141793007)(X_3 - (sqrt(X_1)))),15,0.24269995879341488,0.2364776056190456,0.24269995879341488,0.2364776056190456,0.7525947804908,0.7705946741726667
651,(0.6267655283515422)(X_0 + X_1 + X_3 + (-0.4856748024543768)(X_1 - ((X_4 - (X_0))(sqrt(X_1))))),15,0.24806686280319917,0.262379842465346,0.24806686280319917,0.262379842465346,0.747123827503306,0.7454670893942806
652,(0.33438933441943836)(X_0 + X_1 + (1.769557564161068)(X_3) + X_4),11,0.26812770149078646,0.25678974404451543,0.26812770149078646,0.25678974404451543,0.7266740663096265,0.750890006064468
653,(0.3343893344194381)(X_0 + X_1 + (1.7695575641611139)(X_3) + X_4),11,0.26812770149078646,0.25678974404451443,0.26812770149078646,0.25678974404451443,0.7266740663096265,0.7508900060644689
654,(0.35641879205746274)(X_0 + X_1 + (0.8078588455953433)((2.0559171791561575)(X_3) + X_4)),13,0.2652785456450027,0.2504407723086074,0.2652785456450027,0.2504407723086074,0.7295784591696272,0.7570491006050768
655,(0.3562602023138435)(X_0 + X_1 + (0.8266024828034969)((2)(X_3) + X_4)),13,0.265326779786432,0.25017070160011085,0.265326779786432,0.25017070160011085,0.7295292899056212,0.7573110943728033
656,(0.6267655283515424)(X_0 + X_1 + X_3 + (-0.48567480245437356)(X_1 - ((X_4 - (X_0))(sqrt(X_1))))),15,0.24806686280319917,0.26237984246534524,0.24806686280319917,0.26237984246534524,0.747123827503306,0.7454670893942814
657,(0.3306881146445619)(X_0 + X_1 + X_4 - ((X_3)(-0.9119159388750342 - (sqrt(X_7))))),14,0.266171565830136,0.2561351399455525,0.266171565830136,0.2561351399455525,0.7286681258674401,0.7515250330735472
658,(0.33438933441943863)(X_0 + X_1 + (1.7695575641611139)(X_3) + X_4),11,0.26812770149078646,0.2567897440445142,0.26812770149078646,0.2567897440445142,0.7266740663096265,0.7508900060644691
659,(0.3313941133854991)(1.5995799747945578 + X_0 + X_1 + X_4 + (-1.7653581141792913)(sqrt(X_1) - (X_3))),15,0.24269995879341488,0.23647760561904635,0.24269995879341488,0.23647760561904635,0.7525947804908,0.7705946741726659
660,(0.3313941133854992)(1.5995799747945572 + X_0 + X_1 + X_4 + (-1.765358114179291)(sqrt(X_1) - (X_3))),15,0.24269995879341488,0.23647760561904635,0.24269995879341488,0.23647760561904635,0.7525947804908,0.7705946741726659
661,(0.3313941133854991)(1.5995799747945572 + X_0 + X_1 + X_4 + (-1.765358114179291)(sqrt(X_1) - (X_3))),15,0.24269995879341488,0.23647760561904643,0.24269995879341488,0.23647760561904643,0.7525947804908,0.7705946741726659
662,(0.3313941133854992)(1.5995799747945572 + X_0 + X_1 + X_4 + (-1.765358114179291)(sqrt(X_1) - (X_3))),15,0.24269995879341488,0.23647760561904635,0.24269995879341488,0.23647760561904635,0.7525947804908,0.7705946741726659
663,(0.3313941133854992)(1.5995799747945572 + X_0 + X_1 + X_4 + (1.765358114179291)(X_3 - (sqrt(X_1)))),15,0.24269995879341488,0.23647760561904635,0.24269995879341488,0.23647760561904635,0.7525947804908,0.7705946741726659
664,(0.8313097636150139)((0.7085657519168301)(X_3) + sin(X_0 + X_1)),10,0.2711628093766974,0.3297270120546125,0.2711628093766974,0.3297270120546125,0.7235801163292432,0.6801340556690354
665,(0.3313941133854992)(1.599579974794557 + X_0 + X_1 + X_4 + (-1.7653581141792907)(sqrt(X_1) - (X_3))),15,0.24269995879341488,0.23647760561904635,0.24269995879341488,0.23647760561904635,0.7525947804908,0.7705946741726659
666,(0.3343893344194378)(X_0 + X_1 + (1.7695575641611292)(X_3) + X_4),11,0.26812770149078646,0.2567897440445142,0.26812770149078646,0.2567897440445142,0.7266740663096265,0.7508900060644691
667,(0.6267655283515422)(X_0 + X_1 + X_3 + (-0.4856748024543768)(X_1 - ((X_4 - (X_0))(sqrt(X_1))))),15,0.24806686280319917,0.262379842465346,0.24806686280319917,0.262379842465346,0.747123827503306,0.7454670893942806
668,(0.3313941133854991)(1.5995799747945576 + X_0 + X_1 + X_4 + (1.7653581141792913)(X_3 - (sqrt(X_1)))),15,0.24269995879341488,0.23647760561904635,0.24269995879341488,0.23647760561904635,0.7525947804908,0.7705946741726659
669,(0.3313941133854993)(1.5995799747945605 + X_0 + X_1 + X_4 + (-1.7653581141792907)(sqrt(X_1) - (X_3))),15,0.24269995879341488,0.23647760561904652,0.24269995879341488,0.23647760561904652,0.7525947804908,0.7705946741726658
670,(0.6267655283515422)(X_0 + X_1 + X_3 + (-0.4856748024543768)(X_1 - ((X_4 - (X_0))(sqrt(X_1))))),15,0.24806686280319917,0.262379842465346,0.24806686280319917,0.262379842465346,0.747123827503306,0.7454670893942806
671,(-1.8108448002709175e-06)(X_0 + X_1 + (-332456.5971599509)(X_3) + X_4),11,0.6084648401043143,0.7129015420821431,0.6084648401043143,0.7129015420821431,0.37973876024521713,0.30841903563746653
672,(0.2953623003333466)(1.0624174812568508 + X_0 + X_1 + (1.9999580297292567)(X_3) + X_4 - ((X_1)(X_1))),15,0.2400088800767874,0.262391682133796,0.2400088800767874,0.262391682133796,0.7553380315564933,0.7454556038119933
673,(0.33438933441943847)(X_0 + X_1 + (1.7695575641611212)(X_3) + X_4),11,0.26812770149078646,0.2567897440445141,0.26812770149078646,0.2567897440445141,0.7266740663096265,0.7508900060644692
674,(0.3313941133854993)(1.5995799747945598 + X_0 + X_1 + X_4 + (-1.7653581141792887)(sqrt(X_1) - (X_3))),15,0.24269995879341488,0.23647760561904652,0.24269995879341488,0.23647760561904652,0.7525947804908,0.7705946741726658
675,(0.3313941133854991)(1.5995799747945836 + X_0 + X_1 + X_4 + (-1.7653581141792851)(sqrt(X_1) - (X_3))),15,0.24269995879341488,0.23647760561904776,0.24269995879341488,0.23647760561904776,0.7525947804908,0.7705946741726646
676,(0.5671831886092886)(X_0 + X_1 + X_3 + (-0.2001414441291044)(X_1 - ((X_4 - (X_0))(exp(sqrt(X_1)))))),16,0.25440343610274485,0.2893251101553288,0.25440343610274485,0.2893251101553288,0.740664406101242,0.7193276674488337
677,(0.33139411338549907)(1.5995799747945445 + X_0 + X_1 + X_4 + (1.7653581141792931)(X_3 - (sqrt(X_1)))),15,0.24269995879341488,0.2364776056190457,0.24269995879341488,0.2364776056190457,0.7525947804908,0.7705946741726666
678,(0.35641879205746274)(X_0 + X_1 + (0.8078588455953433)((2.0559171791561575)(X_3) + X_4)),13,0.2652785456450027,0.2504407723086074,0.2652785456450027,0.2504407723086074,0.7295784591696272,0.7570491006050768
679,(0.3343893344194384)(X_0 + X_1 + (1.76955756416112)(X_3) + X_4),11,0.26812770149078646,0.25678974404451416,0.26812770149078646,0.25678974404451416,0.7266740663096265,0.7508900060644692
680,(0.31230364418602896)(X_0 + X_1 + (2)(X_3) + X_4),11,0.2706778748540214,0.26515056576703433,0.2706778748540214,0.26515056576703433,0.7240744523506695,0.7427792294587181
681,(0.33662712628716146)(-0.25048397506487363 + X_0 + X_1 + (1.7617021130188582)(X_3) + (-0.5706191411121593)((X_1)(X_1) - (exp(X_4)))),18,0.23976885790237845,0.24992060590178652,0.23976885790237845,0.24992060590178652,0.7555827070770081,0.7575537105182599
682,(0.3313941133854991)(1.5995799747945576 + X_0 + X_1 + X_4 + (-1.7653581141792911)(sqrt(X_1) - (X_3))),15,0.24269995879341488,0.23647760561904635,0.24269995879341488,0.23647760561904635,0.7525947804908,0.7705946741726659
683,(0.3313941133854993)(1.5995799747945598 + X_0 + X_1 + X_4 + (-1.7653581141792887)(sqrt(X_1) - (X_3))),15,0.24269995879341488,0.23647760561904652,0.24269995879341488,0.23647760561904652,0.7525947804908,0.7705946741726658
684,(-8.248455625853924e-07)(X_0 + X_1 + (727544.2160479969)(-0.8923882463566344 + (-0.5345904757919242)(X_4) + sqrt(X_1) - (X_3))),17,0.48164407752058214,0.5708464838605931,0.48164407752058214,0.5708464838605931,0.5090182160858324,0.4462256868483787
685,(0.33954867950149575)(X_0 + X_1 + (1.7531448849989906)(X_3) + (-0.5246857344026328)((X_1)(X_1) - (exp(X_4)))),16,0.2462889169206427,0.2670758430865439,0.2462889169206427,0.2670758430865439,0.7489362426909154,0.7409115309524097
686,(0.31230364418602896)(X_0 + X_1 + (2)(X_3) + X_4),11,0.2706778748540214,0.26515056576703433,0.2706778748540214,0.26515056576703433,0.7240744523506695,0.7427792294587181
687,(0.3343893344194384)(X_0 + X_1 + (1.7695575641611199)(X_3) + X_4),11,0.26812770149078646,0.2567897440445142,0.26812770149078646,0.2567897440445142,0.7266740663096265,0.7508900060644692
688,(0.3313941133854991)(1.5995799747945574 + X_0 + X_1 + X_4 + (-1.765358114179291)(sqrt(X_1) - (X_3))),15,0.24269995879341488,0.2364776056190464,0.24269995879341488,0.2364776056190464,0.7525947804908,0.7705946741726659
689,(0.3313941133854991)(1.5995799747945574 + X_0 + X_1 + X_4 + (-1.765358114179291)(sqrt(X_1) - (X_3))),15,0.24269995879341488,0.2364776056190464,0.24269995879341488,0.2364776056190464,0.7525947804908,0.7705946741726659
690,(0.33954867950149525)(X_0 + X_1 + (1.7531448849989963)(X_3) + (-0.5246857344026381)((X_1)(X_1) - (exp(X_4)))),16,0.2462889169206427,0.2670758430865443,0.2462889169206427,0.2670758430865443,0.7489362426909154,0.7409115309524094
691,(0.6267655283515422)(X_0 + X_1 + X_3 + (-0.4856748024543768)(X_1 - ((X_4 - (X_0))(sqrt(X_1))))),15,0.24806686280319917,0.262379842465346,0.24806686280319917,0.262379842465346,0.747123827503306,0.7454670893942806
692,(0.3343893344194385)(X_0 + X_1 + (1.769557564161123)(X_3) + X_4),11,0.26812770149078646,0.25678974404451405,0.26812770149078646,0.25678974404451405,0.7266740663096265,0.7508900060644692
693,(0.35641879205746274)(X_0 + X_1 + (0.8078588455953434)((2.0559171791561734)(X_3) + X_4)),13,0.2652785456450028,0.25044077230860723,0.2652785456450028,0.25044077230860723,0.729578459169627,0.7570491006050769
694,(0.3564187920574628)(X_0 + X_1 + (0.8078588455953434)((2.05591717915622)(X_3) + X_4)),13,0.2652785456450027,0.2504407723086065,0.2652785456450027,0.2504407723086065,0.7295784591696272,0.7570491006050776
695,(0.3313941133854993)(1.5995799747945598 + X_0 + X_1 + X_4 + (-1.7653581141792887)(sqrt(X_1) - (X_3))),15,0.24269995879341488,0.23647760561904652,0.24269995879341488,0.23647760561904652,0.7525947804908,0.7705946741726658
696,(0.3313941133854991)(1.5995799747945576 + X_0 + X_1 + X_4 + (-1.7653581141792913)(sqrt(X_1) - (X_3))),15,0.24269995879341488,0.23647760561904635,0.24269995879341488,0.23647760561904635,0.7525947804908,0.7705946741726659
697,(0.6267655283515421)(X_0 + X_1 + X_3 + (-0.4856748024543768)(X_1 - ((X_4 - (X_0))(sqrt(X_1))))),15,0.24806686280319917,0.26237984246534596,0.24806686280319917,0.26237984246534596,0.747123827503306,0.7454670893942806
698,(0.33438933441943847)(X_0 + X_1 + (1.769557564161119)(X_3) + X_4),11,0.26812770149078646,0.25678974404451416,0.26812770149078646,0.25678974404451416,0.7266740663096265,0.7508900060644692
699,(0.3313941133854991)(1.5995799747945574 + X_0 + X_1 + X_4 + (-1.7653581141792911)(sqrt(X_1) - (X_3))),15,0.24269995879341488,0.23647760561904635,0.24269995879341488,0.23647760561904635,0.7525947804908,0.7705946741726659
700,(0.6267655283515418)(X_0 + X_1 + X_3 + (-0.4856748024543829)(X_1 - ((X_4 - (X_0))(sqrt(X_1))))),15,0.24806686280319923,0.2623798424653475,0.24806686280319923,0.2623798424653475,0.7471238275033059,0.7454670893942792
701,(0.567183188609288)(X_0 + X_1 + X_3 + (-0.20014144412911872)(X_1 - ((X_4 - (X_0))(exp(sqrt(X_1)))))),16,0.2544034361027448,0.28932511015533763,0.2544034361027448,0.28932511015533763,0.740664406101242,0.7193276674488251
702,(0.30828012514825315)(1.8073914123363086 + X_0 + X_1 + (2)(X_3) + X_4 + (-2)(sqrt(X_1))),17,0.24537409918737688,0.24625870601351646,0.24537409918737688,0.24625870601351646,0.749868796133589,0.7611060948331153
703,(0.33438933441943836)(X_0 + X_1 + (1.7695575641611243)(X_3) + X_4),11,0.26812770149078646,0.2567897440445141,0.26812770149078646,0.2567897440445141,0.7266740663096265,0.7508900060644692
704,(0.3313941133854993)(1.5995799747945598 + X_0 + X_1 + X_4 + (-1.7653581141792887)(sqrt(X_1) - (X_3))),15,0.24269995879341488,0.23647760561904652,0.24269995879341488,0.23647760561904652,0.7525947804908,0.7705946741726658
705,(0.3313941133854991)(1.5995799747945574 + X_0 + X_1 + X_4 + (-1.765358114179291)(sqrt(X_1) - (X_3))),15,0.24269995879341488,0.2364776056190464,0.24269995879341488,0.2364776056190464,0.7525947804908,0.7705946741726659
706,(0.626765528351543)(X_0 + X_1 + X_3 + (-0.48567480245437444)(X_1 - ((X_4 - (X_0))(sqrt(X_1))))),15,0.24806686280319915,0.2623798424653453,0.24806686280319915,0.2623798424653453,0.747123827503306,0.7454670893942813
707,(0.33438933441943874)(X_0 + X_1 + (1.7695575641611554)(X_3) + X_4),11,0.26812770149078646,0.25678974404451327,0.26812770149078646,0.25678974404451327,0.7266740663096265,0.7508900060644701
708,(0.6267655283515422)(X_0 + X_1 + X_3 + (-0.4856748024543749)(X_1 - ((X_4 - (X_0))(sqrt(X_1))))),15,0.24806686280319917,0.2623798424653456,0.24806686280319917,0.2623798424653456,0.747123827503306,0.745467089394281
709,(0.29536230033334654)(1.0624174812568423 + X_0 + X_1 + (1.9999580297292558)(X_3) + X_4 - ((X_1)(X_1))),15,0.24000888007678745,0.26239168213379577,0.24000888007678745,0.26239168213379577,0.7553380315564932,0.7454556038119935
710,(0.6267655283515422)(X_0 + X_1 + X_3 + (-0.4856748024543768)(X_1 - ((X_4 - (X_0))(sqrt(X_1))))),15,0.24806686280319917,0.262379842465346,0.24806686280319917,0.262379842465346,0.747123827503306,0.7454670893942806
711,(0.3313941133854997)(1.599579974794571 + X_0 + X_1 + X_4 + (-1.7653581141793522)(sqrt(X_1) - (X_3))),15,0.24269995879341488,0.23647760561904402,0.24269995879341488,0.23647760561904402,0.7525947804908,0.7705946741726681
712,(0.3343893344194384)(X_0 + X_1 + (1.7695575641611196)(X_3) + X_4),11,0.26812770149078646,0.2567897440445142,0.26812770149078646,0.2567897440445142,0.7266740663096265,0.7508900060644691
713,(0.3562602023138433)(X_0 + X_1 + (0.826602482803517)((2)(X_3) + X_4)),13,0.26532677978643204,0.2501707016001096,0.26532677978643204,0.2501707016001096,0.7295292899056212,0.7573110943728044
714,(0.3313941133854993)(1.599579974794561 + X_0 + X_1 + X_4 + (-1.7653581141792882)(sqrt(X_1) - (X_3))),15,0.24269995879341488,0.2364776056190466,0.24269995879341488,0.2364776056190466,0.7525947804908,0.7705946741726657
715,(0.2953623003333466)(1.062417481256856 + X_0 + X_1 + (1.9999580297292576)(X_3) + X_4 - ((X_1)(X_1))),15,0.24000888007678745,0.2623916821337962,0.24000888007678745,0.2623916821337962,0.7553380315564932,0.745455603811993
716,(-1.8263243650402808e-06)(X_0 + X_1 + (-329689.85018367256)(X_3) + X_4),11,0.6084648552531888,0.7129049110592817,0.6084648552531888,0.7129049110592817,0.37973874480264913,0.30841576741553
717,(0.626765528351543)(X_0 + X_1 + X_3 + (-0.48567480245439576)(X_1 - ((X_4 - (X_0))(sqrt(X_1))))),15,0.24806686280319923,0.2623798424653502,0.24806686280319923,0.2623798424653502,0.7471238275033059,0.7454670893942766
718,(0.3313941133854992)(1.599579974794557 + X_0 + X_1 + X_4 + (-1.7653581141792907)(sqrt(X_1) - (X_3))),15,0.24269995879341488,0.23647760561904635,0.24269995879341488,0.23647760561904635,0.7525947804908,0.7705946741726659
719,(0.6267655283515422)(X_0 + X_1 + X_3 + (-0.48567480245437844)(X_1 - ((X_4 - (X_0))(sqrt(X_1))))),15,0.24806686280319915,0.2623798424653464,0.24806686280319915,0.2623798424653464,0.747123827503306,0.7454670893942803
720,(0.3343893344194384)(X_0 + X_1 + (1.7695575641611143)(X_3) + X_4),11,0.26812770149078646,0.25678974404451427,0.26812770149078646,0.25678974404451427,0.7266740663096265,0.7508900060644691
721,(0.3313941133854992)(1.5995799747945572 + X_0 + X_1 + X_4 + (1.765358114179291)(X_3 - (sqrt(X_1)))),15,0.24269995879341488,0.23647760561904635,0.24269995879341488,0.23647760561904635,0.7525947804908,0.7705946741726659
722,(0.6267655283515422)(X_0 + X_1 + X_3 + (-0.48567480245437683)(X_1 - ((X_4 - (X_0))(sqrt(X_1))))),15,0.24806686280319917,0.26237984246534596,0.24806686280319917,0.26237984246534596,0.747123827503306,0.7454670893942806
723,(0.33139411338549934)(1.5995799747945423 + X_0 + X_1 + X_4 + (-1.7653581141792916)(sqrt(X_1) - (X_3))),15,0.24269995879341488,0.2364776056190456,0.24269995879341488,0.2364776056190456,0.7525947804908,0.7705946741726667
724,(0.3343893344194386)(X_0 + X_1 + (1.7695575641611638)(X_3) + X_4),11,0.26812770149078646,0.2567897440445131,0.26812770149078646,0.2567897440445131,0.7266740663096265,0.7508900060644702
725,(0.3343893344194384)(X_0 + X_1 + (1.7695575641611199)(X_3) + X_4),11,0.26812770149078646,0.2567897440445142,0.26812770149078646,0.2567897440445142,0.7266740663096265,0.7508900060644692
726,(0.33139411338549923)(1.5995799747945645 + X_0 + X_1 + X_4 + (-1.7653581141792976)(sqrt(X_1) - (X_3))),15,0.24269995879341488,0.23647760561904635,0.24269995879341488,0.23647760561904635,0.7525947804908,0.7705946741726659
727,(0.3343893344194384)(X_0 + X_1 + (1.7695575641611094)(X_3) + X_4),11,0.26812770149078646,0.2567897440445144,0.26812770149078646,0.2567897440445144,0.7266740663096265,0.750890006064469
728,(0.33557133988967336)(X_0 + X_1 + (-1.7679588264749067)(0.17432269394368743 - (X_3)) + X_4 + sqrt((0.17432269394368743)(X_3))),16,0.2656328290794636,0.26427753707596513,0.2656328290794636,0.26427753707596513,0.7292173071887738,0.743626148687315
729,(0.3313941133854992)(1.5995799747945572 + X_0 + X_1 + X_4 + (-1.765358114179291)(sqrt(X_1) - (X_3))),15,0.24269995879341488,0.23647760561904635,0.24269995879341488,0.23647760561904635,0.7525947804908,0.7705946741726659
730,(0.3313941133854991)(1.5995799747945574 + X_0 + X_1 + X_4 + (-1.765358114179291)(sqrt(X_1) - (X_3))),15,0.24269995879341488,0.2364776056190464,0.24269995879341488,0.2364776056190464,0.7525947804908,0.7705946741726659
731,(0.3313941133854992)(1.5995799747945572 + X_0 + X_1 + X_4 + (-1.765358114179291)(sqrt(X_1) - (X_3))),15,0.24269995879341488,0.23647760561904635,0.24269995879341488,0.23647760561904635,0.7525947804908,0.7705946741726659
732,(0.3313941133854991)(1.5995799747945572 + X_0 + X_1 + X_4 + (-1.765358114179291)(sqrt(X_1) - (X_3))),15,0.24269995879341488,0.23647760561904643,0.24269995879341488,0.23647760561904643,0.7525947804908,0.7705946741726659
733,(0.3313941133854991)(1.5995799747945576 + X_0 + X_1 + X_4 + (-1.7653581141792911)(sqrt(X_1) - (X_3))),15,0.24269995879341488,0.23647760561904635,0.24269995879341488,0.23647760561904635,0.7525947804908,0.7705946741726659
734,(0.3313941133854991)(1.5995799747945574 + X_0 + X_1 + X_4 + (-1.7653581141792911)(sqrt(X_1) - (X_3))),15,0.24269995879341488,0.23647760561904635,0.24269995879341488,0.23647760561904635,0.7525947804908,0.7705946741726659
735,(0.33954867950149537)(X_0 + X_1 + (1.7531448849990086)(X_3) + (0.5246857344026492)(exp(X_4) - ((X_1)(X_1)))),16,0.2462889169206427,0.26707584308654503,0.2462889169206427,0.26707584308654503,0.7489362426909154,0.7409115309524086
736,(0.3313941133854991)(1.5995799747945576 + X_0 + X_1 + X_4 + (-1.7653581141792911)(sqrt(X_1) - (X_3))),15,0.24269995879341488,0.23647760561904635,0.24269995879341488,0.23647760561904635,0.7525947804908,0.7705946741726659
737,(0.3313941133854991)(1.5995799747945574 + X_0 + X_1 + X_4 + (-1.765358114179291)(sqrt(X_1) - (X_3))),15,0.24269995879341488,0.2364776056190464,0.24269995879341488,0.2364776056190464,0.7525947804908,0.7705946741726659
738,(0.33139411338549873)(1.599579974794573 + X_0 + X_1 + X_4 + (-1.765358114179314)(sqrt(X_1) - (X_3))),15,0.24269995879341488,0.23647760561904613,0.24269995879341488,0.23647760561904613,0.7525947804908,0.7705946741726661
739,(0.3343896553263263)(X_0 + X_1 + X_4 + (-0.00018815004026280895)((X_3)(-9404.176757652398 - (X_12)))),15,0.26812873604895116,0.25678727441327787,0.26812873604895116,0.25678727441327787,0.7266730116943265,0.7508924018370284
740,(0.6267655283515418)(X_0 + X_1 + X_3 + (-0.4856748024543791)(X_1 - ((X_4 - (X_0))(sqrt(X_1))))),15,0.24806686280319923,0.2623798424653467,0.24806686280319923,0.2623798424653467,0.7471238275033059,0.7454670893942801
741,(0.6679703123869478)(X_3 + sin(X_0 + X_1)),8,0.29017716136193117,0.3605238273280007,0.29017716136193117,0.3605238273280007,0.7041971302334928,0.6502582734623383
742,(0.3313941133854991)(1.5995799747945574 + X_0 + X_1 + X_4 + (-1.7653581141792913)(sqrt(X_1) - (X_3))),15,0.24269995879341488,0.23647760561904635,0.24269995879341488,0.23647760561904635,0.7525947804908,0.7705946741726659
743,(0.6090032511050925)(X_0 + X_1 + X_3 + (-0.4514112727769888)(X_1 - ((X_4 - (X_0))(exp(log(X_1)))))),16,0.2503614488121941,0.27826549597576744,0.2503614488121941,0.27826549597576744,0.7447847560091845,0.7300565243642496
744,(0.3313941133854992)(1.5995799747945572 + X_0 + X_1 + X_4 + (-1.765358114179291)(sqrt(X_1) - (X_3))),15,0.24269995879341488,0.23647760561904635,0.24269995879341488,0.23647760561904635,0.7525947804908,0.7705946741726659
745,(0.331394113385499)(1.5995799747945576 + X_0 + X_1 + X_4 + (-1.7653581141792896)(sqrt(X_1) - (X_3))),15,0.24269995879341488,0.23647760561904652,0.24269995879341488,0.23647760561904652,0.7525947804908,0.7705946741726658
746,(0.2953623003333466)(1.062417481256856 + X_0 + X_1 + (1.9999580297292576)(X_3) + X_4 - ((X_1)(X_1))),15,0.24000888007678745,0.2623916821337962,0.24000888007678745,0.2623916821337962,0.7553380315564932,0.745455603811993
747,(0.3562602023138436)(X_0 + X_1 + (0.8266024828035015)((2)(X_3) + X_4)),13,0.26532677978643204,0.25017070160011057,0.26532677978643204,0.25017070160011057,0.7295292899056212,0.7573110943728035
748,(0.33139411338549923)(1.5995799747945627 + X_0 + X_1 + X_4 + (-1.765358114179293)(sqrt(X_1) - (X_3))),15,0.24269995879341488,0.23647760561904652,0.24269995879341488,0.23647760561904652,0.7525947804908,0.7705946741726658
749,(0.33438933441943836)(X_0 + X_1 + (1.769557564161122)(X_3) + X_4),11,0.26812770149078646,0.25678974404451416,0.26812770149078646,0.25678974404451416,0.7266740663096265,0.7508900060644692
750,(0.3313941133854992)(1.599579974794553 + X_0 + X_1 + X_4 + (-1.7653581141792933)(sqrt(X_1) - (X_3))),15,0.24269995879341488,0.2364776056190461,0.24269995879341488,0.2364776056190461,0.7525947804908,0.7705946741726661
751,(0.3313941133854992)(1.599579974794557 + X_0 + X_1 + X_4 + (-1.7653581141792907)(sqrt(X_1) - (X_3))),15,0.24269995879341488,0.23647760561904635,0.24269995879341488,0.23647760561904635,0.7525947804908,0.7705946741726659
752,(0.3343893344194384)(X_0 + X_1 + (1.7695575641611199)(X_3) + X_4),11,0.26812770149078646,0.2567897440445142,0.26812770149078646,0.2567897440445142,0.7266740663096265,0.7508900060644692
753,-1 + (0.33139411338549923)(4.61713508397882 + X_0 + X_1 + X_4 + (-1.7653581141792998)(sqrt(X_1) - (X_3))),17,0.24269995879341488,0.23647760561904618,0.24269995879341488,0.23647760561904618,0.7525947804908,0.7705946741726661
754,(0.3343893344194384)(X_0 + X_1 + (1.7695575641611196)(X_3) + X_4),11,0.26812770149078646,0.2567897440445142,0.26812770149078646,0.2567897440445142,0.7266740663096265,0.7508900060644691
755,(0.3313941133854991)(1.5995799747945576 + X_0 + X_1 + X_4 + (-1.7653581141792911)(sqrt(X_1) - (X_3))),15,0.24269995879341488,0.23647760561904635,0.24269995879341488,0.23647760561904635,0.7525947804908,0.7705946741726659
756,(0.3343893344194384)(X_0 + X_1 + (1.7695575641611199)(X_3) + X_4),11,0.26812770149078646,0.2567897440445142,0.26812770149078646,0.2567897440445142,0.7266740663096265,0.7508900060644692
757,(0.33438933441943824)(X_0 + X_1 + (1.7695575641611188)(X_3) + X_4),11,0.26812770149078646,0.25678974404451427,0.26812770149078646,0.25678974404451427,0.7266740663096265,0.7508900060644691
758,(0.3313941133854993)(1.5995799747945598 + X_0 + X_1 + X_4 + (-1.7653581141792887)(sqrt(X_1) - (X_3))),15,0.24269995879341488,0.23647760561904652,0.24269995879341488,0.23647760561904652,0.7525947804908,0.7705946741726658
759,(0.31874034717070243)(X_0 + (1.8663136957742692)(X_3) + X_4 + (X_1)(sqrt(X_1))),13,0.2658543498247223,0.25529017575391133,0.2658543498247223,0.25529017575391133,0.7289914917874073,0.7523447271210595
760,(0.33139411338549934)(1.5995799747945594 + X_0 + X_1 + X_4 + (-1.765358114179295)(sqrt(X_1) - (X_3))),15,0.24269995879341488,0.23647760561904624,0.24269995879341488,0.23647760561904624,0.7525947804908,0.770594674172666
761,(0.33139411338549934)(1.5995799747945576 + X_0 + X_1 + X_4 + (-1.76535811417929)(sqrt(X_1) - (X_3))),15,0.24269995879341488,0.23647760561904635,0.24269995879341488,0.23647760561904635,0.7525947804908,0.7705946741726659
762,(0.33438933441943863)(X_0 + X_1 + (1.7695575641611203)(X_3) + X_4),11,0.26812770149078646,0.25678974404451405,0.26812770149078646,0.25678974404451405,0.7266740663096265,0.7508900060644692
763,(0.3562602023138435)(X_0 + X_1 + (0.8266024828034969)((2)(X_3) + X_4)),13,0.265326779786432,0.25017070160011085,0.265326779786432,0.25017070160011085,0.7295292899056212,0.7573110943728033
764,(0.2953623003333466)(1.062417481256856 + X_0 + X_1 + (1.9999580297292574)(X_3) + X_4 - ((X_1)(X_1))),15,0.24000888007678745,0.26239168213379616,0.24000888007678745,0.26239168213379616,0.7553380315564932,0.745455603811993
765,(0.33438933441943836)(X_0 + X_1 + (1.7695575641611212)(X_3) + X_4),11,0.26812770149078646,0.25678974404451416,0.26812770149078646,0.25678974404451416,0.7266740663096265,0.7508900060644692
766,(0.35485069997298885)(X_0 + X_1 + (-1.6430638002962525)(-0.889744788627906 + sqrt(X_1) - (X_3))),13,0.32401033303849625,0.3337181677947846,0.32401033303849625,0.3337181677947846,0.6697080297534306,0.6762622624791264
767,(0.3313941133854993)(1.5995799747945598 + X_0 + X_1 + X_4 + (-1.7653581141792887)(sqrt(X_1) - (X_3))),15,0.24269995879341488,0.23647760561904652,0.24269995879341488,0.23647760561904652,0.7525947804908,0.7705946741726658
768,(0.6267655283515422)(X_0 + X_1 + X_3 + (-0.4856748024543768)(X_1 - ((X_4 - (X_0))(sqrt(X_1))))),15,0.24806686280319917,0.262379842465346,0.24806686280319917,0.262379842465346,0.747123827503306,0.7454670893942806
769,(0.6267655283515422)(X_0 + X_1 + X_3 + (-0.48567480245437683)(X_1 - ((X_4 - (X_0))(sqrt(X_1))))),15,0.24806686280319917,0.26237984246534596,0.24806686280319917,0.26237984246534596,0.747123827503306,0.7454670893942806
770,(0.6267655283515422)(X_0 + X_1 + X_3 + (-0.4856748024543756)(X_1 - ((X_4 - (X_0))(sqrt(X_1))))),15,0.24806686280319923,0.2623798424653458,0.24806686280319923,0.2623798424653458,0.7471238275033059,0.7454670893942809
771,(0.33139411338549896)(1.59957997479454 + X_0 + X_1 + X_4 + (-1.7653581141792913)(sqrt(X_1) - (X_3))),15,0.24269995879341488,0.23647760561904568,0.24269995879341488,0.23647760561904568,0.7525947804908,0.7705946741726666
772,(0.2953623003333466)(1.062417481256856 + X_0 + X_1 + (1.9999580297292576)(X_3) + X_4 - ((X_1)(X_1))),15,0.24000888007678745,0.2623916821337962,0.24000888007678745,0.2623916821337962,0.7553380315564932,0.745455603811993
773,(0.3313941133854992)(1.5995799747945807 + X_0 + X_1 + X_4 + (-1.765358114179322)(sqrt(X_1) - (X_3))),15,0.24269995879341488,0.23647760561904593,0.24269995879341488,0.23647760561904593,0.7525947804908,0.7705946741726664
774,(0.6267655283515422)(X_0 + X_1 + X_3 + (-0.4856748024543768)(X_1 - ((X_4 - (X_0))(sqrt(X_1))))),15,0.24806686280319917,0.262379842465346,0.24806686280319917,0.262379842465346,0.747123827503306,0.7454670893942806
775,(0.6267655283515422)(X_0 + X_1 + X_3 + (-0.4856748024543768)(X_1 - ((X_4 - (X_0))(sqrt(X_1))))),15,0.24806686280319917,0.262379842465346,0.24806686280319917,0.262379842465346,0.747123827503306,0.7454670893942806
776,(0.6267655283515422)(X_0 + X_1 + X_3 + (-0.4856748024543768)(X_1 - ((X_4 - (X_0))(sqrt(X_1))))),15,0.24806686280319917,0.262379842465346,0.24806686280319917,0.262379842465346,0.747123827503306,0.7454670893942806
777,(0.3343893344194384)(X_0 + X_1 + (1.7695575641611194)(X_3) + X_4),11,0.2681277014907864,0.2567897440445142,0.2681277014907864,0.2567897440445142,0.7266740663096265,0.7508900060644692
778,(0.6267655283515438)(X_0 + X_1 + X_3 + (-0.4856748024544082)(X_1 - ((X_4 - (X_0))(sqrt(X_1))))),15,0.24806686280319917,0.2623798424653529,0.24806686280319917,0.2623798424653529,0.747123827503306,0.745467089394274
779,(0.3313941133854993)(1.5995799747945598 + X_0 + X_1 + X_4 + (-1.7653581141792887)(sqrt(X_1) - (X_3))),15,0.24269995879341488,0.23647760561904652,0.24269995879341488,0.23647760561904652,0.7525947804908,0.7705946741726658
780,(0.3313941133854992)(1.5995799747945572 + X_0 + X_1 + X_4 + (-1.765358114179291)(sqrt(X_1) - (X_3))),15,0.24269995879341488,0.23647760561904635,0.24269995879341488,0.23647760561904635,0.7525947804908,0.7705946741726659
781,(0.3313941133854991)(1.5995799747945576 + X_0 + X_1 + X_4 + (-1.7653581141792911)(sqrt(X_1) - (X_3))),15,0.24269995879341488,0.23647760561904635,0.24269995879341488,0.23647760561904635,0.7525947804908,0.7705946741726659
782,(0.6267655283515422)(X_0 + X_1 + X_3 + (-0.48567480245437683)(X_1 - ((X_4 - (X_0))(sqrt(X_1))))),15,0.24806686280319917,0.26237984246534596,0.24806686280319917,0.26237984246534596,0.747123827503306,0.7454670893942806
783,(0.3313941133854991)(1.5995799747945574 + X_0 + X_1 + X_4 + (-1.765358114179291)(sqrt(X_1) - (X_3))),15,0.24269995879341488,0.2364776056190464,0.24269995879341488,0.2364776056190464,0.7525947804908,0.7705946741726659
784,(0.32887558777742654)(X_0 + X_1 + (1.7905059875186653)((-0.14540364504995645)((X_1)(X_1)) + X_3) + X_4),15,0.2543171771487743,0.23851280513911066,0.2543171771487743,0.23851280513911066,0.7407523373705664,0.7686203408830431
785,(0.3313941133854991)(1.5995799747945574 + X_0 + X_1 + X_4 + (-1.7653581141792911)(sqrt(X_1) - (X_3))),15,0.24269995879341488,0.23647760561904635,0.24269995879341488,0.23647760561904635,0.7525947804908,0.7705946741726659
786,(0.33139411338549896)(1.5995799747945567 + X_0 + X_1 + X_4 + (-1.7653581141792891)(sqrt(X_1) - (X_3))),15,0.24269995879341488,0.23647760561904652,0.24269995879341488,0.23647760561904652,0.7525947804908,0.7705946741726658
787,(0.611112521082528)(X_0 + X_1 + X_3 + (-0.39637719798388477)(X_1 + (-1.3453187248742042)((X_4 - (X_0))(sqrt(X_1))))),17,0.24422405537809036,0.27114377530378975,0.24422405537809036,0.27114377530378975,0.7510411360157062,0.7369652574213585
788,(0.3313941133854991)(1.5995799747945572 + X_0 + X_1 + X_4 + (-1.765358114179291)(sqrt(X_1) - (X_3))),15,0.24269995879341488,0.23647760561904643,0.24269995879341488,0.23647760561904643,0.7525947804908,0.7705946741726659
789,(0.6267655283515421)(X_0 + X_1 + X_3 + (-0.4856748024543768)(X_1 - ((X_4 - (X_0))(sqrt(X_1))))),15,0.24806686280319917,0.26237984246534596,0.24806686280319917,0.26237984246534596,0.747123827503306,0.7454670893942806
790,(0.33829849513088106)(0.9328194728945522 + X_0 + X_1 + (1.7500300819022776)(X_3) + X_4 - (sqrt(X_1))),15,0.24510867442488174,0.2355674609991793,0.24510867442488174,0.2355674609991793,0.7501393667259977,0.7714775993127612
791,(0.3313941133854991)(1.5995799747945574 + X_0 + X_1 + X_4 + (-1.765358114179291)(sqrt(X_1) - (X_3))),15,0.24269995879341488,0.2364776056190464,0.24269995879341488,0.2364776056190464,0.7525947804908,0.7705946741726659
792,(0.3313941133854991)(1.5995799747945574 + X_0 + X_1 + X_4 + (-1.765358114179291)(sqrt(X_1) - (X_3))),15,0.24269995879341488,0.2364776056190464,0.24269995879341488,0.2364776056190464,0.7525947804908,0.7705946741726659
793,(0.3562602023138436)(X_0 + X_1 + (0.826602482803501)((2)(X_3) + X_4)),13,0.265326779786432,0.25017070160011057,0.265326779786432,0.25017070160011057,0.7295292899056212,0.7573110943728035
794,(0.33438933441943836)(X_0 + X_1 + (1.7695575641611168)(X_3) + X_4),11,0.26812770149078646,0.2567897440445143,0.26812770149078646,0.2567897440445143,0.7266740663096265,0.750890006064469
795,(0.3313941133854991)(1.5995799747945574 + X_0 + X_1 + X_4 + (-1.765358114179291)(sqrt(X_1) - (X_3))),15,0.24269995879341488,0.2364776056190464,0.24269995879341488,0.2364776056190464,0.7525947804908,0.7705946741726659
796,(0.6679703123869497)(X_3 + sin(X_0 + X_1)),8,0.29017716136193117,0.3605238273280006,0.29017716136193117,0.3605238273280006,0.7041971302334928,0.6502582734623383
797,(0.33139411338549934)(1.5995799747945545 + X_0 + X_1 + X_4 + (-1.765358114179298)(sqrt(X_1) - (X_3))),15,0.24269995879341488,0.23647760561904585,0.24269995879341488,0.23647760561904585,0.7525947804908,0.7705946741726664
798,(0.611112521082528)(X_0 + X_1 + X_3 + (-0.3963771979838849)(X_1 + (-1.3453187248742038)((X_4 - (X_0))(sqrt(X_1))))),17,0.24422405537809033,0.27114377530378975,0.24422405537809033,0.27114377530378975,0.7510411360157062,0.7369652574213585
799,(0.33139411338549946)(1.5995799747945632 + X_0 + X_1 + X_4 + (-1.765358114179295)(sqrt(X_1) - (X_3))),15,0.24269995879341488,0.23647760561904635,0.24269995879341488,0.23647760561904635,0.7525947804908,0.7705946741726659
800,(0.3343893344194384)(X_0 + X_1 + (1.7695575641611199)(X_3) + X_4),11,0.26812770149078646,0.2567897440445142,0.26812770149078646,0.2567897440445142,0.7266740663096265,0.7508900060644692
801,(0.6267655283515422)(X_0 + X_1 + X_3 + (-0.4856748024543768)(X_1 - ((X_4 - (X_0))(sqrt(X_1))))),15,0.24806686280319917,0.262379842465346,0.24806686280319917,0.262379842465346,0.747123827503306,0.7454670893942806
802,(0.33438933441943836)(X_0 + X_1 + (1.7695575641611196)(X_3) + X_4),11,0.26812770149078646,0.2567897440445142,0.26812770149078646,0.2567897440445142,0.7266740663096265,0.7508900060644691
803,(0.33438933441943847)(X_0 + X_1 + (1.7695575641611214)(X_3) + X_4),11,0.26812770149078646,0.2567897440445141,0.26812770149078646,0.2567897440445141,0.7266740663096265,0.7508900060644692
804,(0.35626020231384314)(X_0 + X_1 + (0.8266024828035192)((2)(X_3) + X_4)),13,0.265326779786432,0.2501707016001096,0.265326779786432,0.2501707016001096,0.7295292899056212,0.7573110943728044
805,(0.2953623003333466)(1.062417481256856 + X_0 + X_1 + (1.9999580297292572)(X_3) + X_4 - ((X_1)(X_1))),15,0.2400088800767874,0.26239168213379616,0.2400088800767874,0.26239168213379616,0.7553380315564933,0.745455603811993
806,(0.3313941133854991)(1.5995799747945574 + X_0 + X_1 + X_4 + (-1.765358114179291)(sqrt(X_1) - (X_3))),15,0.24269995879341488,0.2364776056190464,0.24269995879341488,0.2364776056190464,0.7525947804908,0.7705946741726659
807,(0.3313941133854991)(1.5995799747945547 + X_0 + X_1 + X_4 + (-1.7653581141792933)(sqrt(X_1) - (X_3))),15,0.24269995879341488,0.23647760561904618,0.24269995879341488,0.23647760561904618,0.7525947804908,0.7705946741726661
808,(0.33654570027037484)(X_0 + X_1 + X_4 + (-0.07759830089104652)((X_3)(-22.678253230901724 - (X_20)))),15,0.26740772001346536,0.25615920027213895,0.26740772001346536,0.25615920027213895,0.7274080061764676,0.7515016923134544
809,(0.3313941133854993)(1.599579974794565 + X_0 + X_1 + X_4 + (-1.7653581141793064)(sqrt(X_1) - (X_3))),15,0.24269995879341488,0.23647760561904593,0.24269995879341488,0.23647760561904593,0.7525947804908,0.7705946741726664
810,(0.3313941133854991)(1.5995799747945574 + X_0 + X_1 + X_4 + (-1.765358114179291)(sqrt(X_1) - (X_3))),15,0.24269995879341488,0.2364776056190464,0.24269995879341488,0.2364776056190464,0.7525947804908,0.7705946741726659
811,(0.3313941133854991)(1.5995799747945574 + X_0 + X_1 + X_4 + (-1.765358114179291)(sqrt(X_1) - (X_3))),15,0.24269995879341488,0.2364776056190464,0.24269995879341488,0.2364776056190464,0.7525947804908,0.7705946741726659
812,(0.3313941133854989)(1.5995799747945902 + X_0 + X_1 + X_4 + (-1.765358114179326)(sqrt(X_1) - (X_3))),15,0.24269995879341488,0.23647760561904627,0.24269995879341488,0.23647760561904627,0.7525947804908,0.770594674172666
813,(0.33139411338549923)(1.5995799747945432 + X_0 + X_1 + X_4 + (-1.7653581141793047)(sqrt(X_1) - (X_3))),15,0.24269995879341488,0.23647760561904516,0.24269995879341488,0.23647760561904516,0.7525947804908,0.770594674172667
814,(0.3343893344194382)(X_0 + X_1 + (1.7695575641611234)(X_3) + X_4),11,0.26812770149078646,0.2567897440445142,0.26812770149078646,0.2567897440445142,0.7266740663096265,0.7508900060644691
815,(0.3343893344194384)(X_0 + X_1 + (1.7695575641611192)(X_3) + X_4),11,0.26812770149078646,0.2567897440445142,0.26812770149078646,0.2567897440445142,0.7266740663096265,0.7508900060644692
816,(0.5890376277316747)(X_3) + (0.8313097636150137)(sin(X_0 + X_1)),10,0.2711628093766974,0.3297270120546125,0.2711628093766974,0.3297270120546125,0.7235801163292432,0.6801340556690354
817,(0.3313941133854987)(1.5995799747945614 + X_0 + X_1 + X_4 + (-1.765358114179307)(sqrt(X_1) - (X_3))),15,0.24269995879341488,0.23647760561904596,0.24269995879341488,0.23647760561904596,0.7525947804908,0.7705946741726664
818,(0.2953623003333466)(1.062417481256856 + X_0 + X_1 + (1.9999580297292574)(X_3) + X_4 - ((X_1)(X_1))),15,0.24000888007678745,0.26239168213379616,0.24000888007678745,0.26239168213379616,0.7553380315564932,0.745455603811993
819,(0.3313941133854993)(1.5995799747945598 + X_0 + X_1 + X_4 + (-1.7653581141792887)(sqrt(X_1) - (X_3))),15,0.24269995879341488,0.23647760561904652,0.24269995879341488,0.23647760561904652,0.7525947804908,0.7705946741726658
820,(0.33829849513088106)(0.9328194728945521 + X_0 + X_1 + (1.7500300819022776)(X_3) + X_4 - (sqrt(X_1))),15,0.24510867442488168,0.2355674609991793,0.24510867442488168,0.2355674609991793,0.7501393667259977,0.7714775993127612
821,-1 + (0.33139411338549923)(4.61713508397882 + X_0 + X_1 + X_4 + (-1.7653581141792998)(sqrt(X_1) - (X_3))),17,0.24269995879341488,0.23647760561904618,0.24269995879341488,0.23647760561904618,0.7525947804908,0.7705946741726661
822,(0.3313941133854991)(1.5995799747945507 + X_0 + X_1 + X_4 + (-1.765358114179268)(sqrt(X_1) - (X_3))),15,0.24269995879341488,0.23647760561904713,0.24269995879341488,0.23647760561904713,0.7525947804908,0.7705946741726653
823,(0.3343893344194384)(X_0 + X_1 + (1.7695575641611185)(X_3) + X_4),11,0.26812770149078646,0.2567897440445142,0.26812770149078646,0.2567897440445142,0.7266740663096265,0.7508900060644691
824,(0.35641879205746263)(X_0 + X_1 + (0.807858845595345)((2.0559171791560473)(X_3) + X_4)),13,0.26527854564500275,0.2504407723086089,0.26527854564500275,0.2504407723086089,0.729578459169627,0.7570491006050752
825,(0.3313941133854992)(1.5995799747945572 + X_0 + X_1 + X_4 + (-1.765358114179291)(sqrt(X_1) - (X_3))),15,0.24269995879341488,0.23647760561904635,0.24269995879341488,0.23647760561904635,0.7525947804908,0.7705946741726659
826,(0.33139411338549896)(1.5995799747945578 + X_0 + X_1 + X_4 + (-1.7653581141792918)(sqrt(X_1) - (X_3))),15,0.24269995879341488,0.23647760561904643,0.24269995879341488,0.23647760561904643,0.7525947804908,0.7705946741726659
827,(0.3313941133854992)(1.599579974794557 + X_0 + X_1 + X_4 + (-1.7653581141792907)(sqrt(X_1) - (X_3))),15,0.24269995879341488,0.23647760561904635,0.24269995879341488,0.23647760561904635,0.7525947804908,0.7705946741726659
828,(0.6267655283515422)(X_0 + X_1 + X_3 + (-0.4856748024543768)(X_1 - ((X_4 - (X_0))(sqrt(X_1))))),15,0.24806686280319917,0.262379842465346,0.24806686280319917,0.262379842465346,0.747123827503306,0.7454670893942806
829,(0.3329550356441263)(X_0 + X_1 + X_4 + (1.785172870223969)(X_3 + (-0.14556841431867157)(log((X_1)((X_1)(X_1) + X_47))))),19,0.24844561209446756,0.25336303129599513,0.24844561209446756,0.25336303129599513,0.7467377353423882,0.7542142369257079
830,(0.3343893344194384)(X_0 + X_1 + (1.7695575641611199)(X_3) + X_4),11,0.26812770149078646,0.2567897440445142,0.26812770149078646,0.2567897440445142,0.7266740663096265,0.7508900060644692
831,(0.3313941133854991)(1.5995799747945574 + X_0 + X_1 + X_4 + (-1.765358114179291)(sqrt(X_1) - (X_3))),15,0.24269995879341488,0.2364776056190464,0.24269995879341488,0.2364776056190464,0.7525947804908,0.7705946741726659
832,(0.3343893344194384)(X_0 + X_1 + (1.7695575641611196)(X_3) + X_4),11,0.26812770149078646,0.2567897440445142,0.26812770149078646,0.2567897440445142,0.7266740663096265,0.7508900060644691
833,(0.3343893344194384)(X_0 + X_1 + (1.7695575641611176)(X_3) + X_4),11,0.26812770149078646,0.2567897440445142,0.26812770149078646,0.2567897440445142,0.7266740663096265,0.7508900060644691
834,(0.3313941133854993)(1.5995799747945598 + X_0 + X_1 + X_4 + (-1.7653581141792887)(sqrt(X_1) - (X_3))),15,0.24269995879341488,0.23647760561904652,0.24269995879341488,0.23647760561904652,0.7525947804908,0.7705946741726658
835,(0.33438933441943863)(X_0 + X_1 + (1.7695575641611203)(X_3) + X_4),11,0.26812770149078646,0.25678974404451405,0.26812770149078646,0.25678974404451405,0.7266740663096265,0.7508900060644692
836,(0.3313941133854991)(1.5995799747945574 + X_0 + X_1 + X_4 + (1.765358114179291)(X_3 - (sqrt(X_1)))),15,0.24269995879341488,0.2364776056190464,0.24269995879341488,0.2364776056190464,0.7525947804908,0.7705946741726659
837,(0.6267655283515422)(X_0 + X_1 + X_3 + (-0.4856748024543768)(X_1 - ((X_4 - (X_0))(sqrt(X_1))))),15,0.24806686280319917,0.262379842465346,0.24806686280319917,0.262379842465346,0.747123827503306,0.7454670893942806
838,(0.3313941133854992)(1.5995799747945572 + X_0 + X_1 + X_4 + (-1.765358114179291)(sqrt(X_1) - (X_3))),15,0.24269995879341488,0.23647760561904635,0.24269995879341488,0.23647760561904635,0.7525947804908,0.7705946741726659
839,(0.3313941133854991)(1.5995799747945574 + X_0 + X_1 + X_4 + (-1.765358114179291)(sqrt(X_1) - (X_3))),15,0.24269995879341488,0.2364776056190464,0.24269995879341488,0.2364776056190464,0.7525947804908,0.7705946741726659
840,(0.33516352053388376)(X_0 + X_1 + (1.768852076266083)(X_3) + X_4 + sqrt((0.01227071853131364)(X_3))),15,0.26691504934304805,0.26145359096227677,0.26691504934304805,0.26145359096227677,0.7279102283274985,0.7463656397128338
841,(0.3313941133854991)(1.599579974794512 + X_0 + X_1 + X_4 + (-1.7653581141792771)(sqrt(X_1) - (X_3))),15,0.24269995879341488,0.23647760561904507,0.24269995879341488,0.23647760561904507,0.7525947804908,0.7705946741726671
842,(0.6267655283515419)(X_0 + X_1 + X_3 + (-0.4856748024543749)(X_1 - ((X_4 - (X_0))(sqrt(X_1))))),15,0.24806686280319917,0.26237984246534574,0.24806686280319917,0.26237984246534574,0.747123827503306,0.745467089394281
843,(0.3313941133854991)(1.5995799747945574 + X_0 + X_1 + X_4 + (-1.765358114179291)(sqrt(X_1) - (X_3))),15,0.24269995879341488,0.2364776056190464,0.24269995879341488,0.2364776056190464,0.7525947804908,0.7705946741726659
844,(0.3313941133854991)(1.5995799747945574 + X_0 + X_1 + X_4 + (-1.765358114179291)(sqrt(X_1) - (X_3))),15,0.24269995879341488,0.2364776056190464,0.24269995879341488,0.2364776056190464,0.7525947804908,0.7705946741726659
845,(0.3313941133854992)(1.599579974794557 + X_0 + X_1 + X_4 + (-1.7653581141792907)(sqrt(X_1) - (X_3))),15,0.24269995879341488,0.23647760561904635,0.24269995879341488,0.23647760561904635,0.7525947804908,0.7705946741726659
846,(0.3313941133854993)(1.5995799747945598 + X_0 + X_1 + X_4 + (-1.7653581141792887)(sqrt(X_1) - (X_3))),15,0.24269995879341488,0.23647760561904652,0.24269995879341488,0.23647760561904652,0.7525947804908,0.7705946741726658
847,(0.3313941133854993)(1.5995799747945598 + X_0 + X_1 + X_4 + (-1.7653581141792887)(sqrt(X_1) - (X_3))),15,0.24269995879341488,0.23647760561904652,0.24269995879341488,0.23647760561904652,0.7525947804908,0.7705946741726658
848,(0.3646660253549702)(0.03040506049625712 + X_0 + X_1 + (1.6345615005410488)(X_3)),11,0.34150221519207447,0.36746045971266456,0.34150221519207447,0.36746045971266456,0.6518770298416479,0.6435290933009332
849,(0.3313941133854992)(1.5995799747945574 + X_0 + X_1 + X_4 + (-1.7653581141792911)(sqrt(X_1) - (X_3))),15,0.24269995879341488,0.23647760561904635,0.24269995879341488,0.23647760561904635,0.7525947804908,0.7705946741726659
850,(0.3313941133854991)(1.5995799747945574 + X_0 + X_1 + X_4 + (-1.7653581141792911)(sqrt(X_1) - (X_3))),15,0.24269995879341488,0.23647760561904635,0.24269995879341488,0.23647760561904635,0.7525947804908,0.7705946741726659
851,(0.3313941133854992)(1.599579974794565 + X_0 + X_1 + X_4 + (-1.7653581141793067)(sqrt(X_1) - (X_3))),15,0.24269995879341488,0.23647760561904596,0.24269995879341488,0.23647760561904596,0.7525947804908,0.7705946741726664
852,(0.3313941133854992)(1.5995799747945572 + X_0 + X_1 + X_4 + (1.765358114179291)(X_3 - (sqrt(X_1)))),15,0.24269995879341488,0.23647760561904635,0.24269995879341488,0.23647760561904635,0.7525947804908,0.7705946741726659
853,(0.3313941133854991)(1.5995799747945592 + X_0 + X_1 + X_4 + (-1.7653581141792942)(sqrt(X_1) - (X_3))),15,0.24269995879341488,0.23647760561904635,0.24269995879341488,0.23647760561904635,0.7525947804908,0.7705946741726659
854,(0.3313941133854993)(1.5995799747945598 + X_0 + X_1 + X_4 + (-1.7653581141792887)(sqrt(X_1) - (X_3))),15,0.24269995879341488,0.23647760561904652,0.24269995879341488,0.23647760561904652,0.7525947804908,0.7705946741726658
855,(0.33438933441943824)(X_0 + X_1 + (1.7695575641611185)(X_3) + X_4),11,0.26812770149078646,0.2567897440445143,0.26812770149078646,0.2567897440445143,0.7266740663096265,0.750890006064469
856,(0.3313941133854991)(1.5995799747945574 + X_0 + X_1 + X_4 + (-1.765358114179291)(sqrt(X_1) - (X_3))),15,0.24269995879341488,0.2364776056190464,0.24269995879341488,0.2364776056190464,0.7525947804908,0.7705946741726659
857,(0.3313941133854991)(1.5995799747945576 + X_0 + X_1 + X_4 + (-1.7653581141792911)(sqrt(X_1) - (X_3))),15,0.24269995879341488,0.23647760561904635,0.24269995879341488,0.23647760561904635,0.7525947804908,0.7705946741726659
858,(0.3313941133854993)(1.5995799747945598 + X_0 + X_1 + X_4 + (-1.7653581141792887)(sqrt(X_1) - (X_3))),15,0.24269995879341488,0.23647760561904652,0.24269995879341488,0.23647760561904652,0.7525947804908,0.7705946741726658
859,(0.3313941133854996)(1.5995799747945556 + X_0 + X_1 + X_4 + (-1.7653581141792838)(sqrt(X_1) - (X_3))),15,0.24269995879341488,0.2364776056190465,0.24269995879341488,0.2364776056190465,0.7525947804908,0.7705946741726658
860,(0.6267655283515422)(X_0 + X_1 + X_3 + (-0.4856748024543768)(X_1 - ((X_4 - (X_0))(sqrt(X_1))))),15,0.24806686280319917,0.262379842465346,0.24806686280319917,0.262379842465346,0.747123827503306,0.7454670893942806
861,(0.3343893344194384)(X_0 + X_1 + (2.769557564161132)(X_3) + X_4 - (X_3)),12,0.26812770149078646,0.25678974404451393,0.26812770149078646,0.25678974404451393,0.7266740663096265,0.7508900060644694
862,(0.33139411338549873)(1.5995799747945636 + X_0 + X_1 + X_4 + (-1.7653581141792924)(sqrt(X_1) - (X_3))),15,0.24269995879341488,0.23647760561904677,0.24269995879341488,0.23647760561904677,0.7525947804908,0.7705946741726655
863,(0.3313941133854991)(1.5995799747945574 + X_0 + X_1 + X_4 + (-1.765358114179291)(sqrt(X_1) - (X_3))),15,0.24269995879341488,0.2364776056190464,0.24269995879341488,0.2364776056190464,0.7525947804908,0.7705946741726659
864,(0.3313941133854991)(1.5995799747945572 + X_0 + X_1 + X_4 + (-1.765358114179291)(sqrt(X_1) - (X_3))),15,0.24269995879341488,0.23647760561904643,0.24269995879341488,0.23647760561904643,0.7525947804908,0.7705946741726659
865,(0.33438933441943824)(X_0 + X_1 + (1.769557564161097)(X_3) + X_4),11,0.26812770149078646,0.25678974404451477,0.26812770149078646,0.25678974404451477,0.7266740663096265,0.7508900060644685
866,(0.3313941133854989)(1.5995799747945671 + X_0 + X_1 + X_4 + (-1.765358114179318)(sqrt(X_1) - (X_3))),15,0.24269995879341488,0.2364776056190457,0.24269995879341488,0.2364776056190457,0.7525947804908,0.7705946741726666
867,(0.3343893344194384)(X_0 + X_1 + (1.7695575641611196)(X_3) + X_4),11,0.26812770149078646,0.2567897440445142,0.26812770149078646,0.2567897440445142,0.7266740663096265,0.7508900060644691
868,(0.3343893344194384)(X_0 + X_1 + (1.7695575641611199)(X_3) + X_4),11,0.26812770149078646,0.2567897440445142,0.26812770149078646,0.2567897440445142,0.7266740663096265,0.7508900060644692
869,(0.3313941133854991)(1.5995799747945574 + X_0 + X_1 + X_4 + (-1.765358114179291)(sqrt(X_1) - (X_3))),15,0.24269995879341488,0.2364776056190464,0.24269995879341488,0.2364776056190464,0.7525947804908,0.7705946741726659
870,(0.3313941133854991)(1.5995799747945578 + X_0 + X_1 + X_4 + (1.7653581141792913)(X_3 - (sqrt(X_1)))),15,0.24269995879341488,0.23647760561904635,0.24269995879341488,0.23647760561904635,0.7525947804908,0.7705946741726659
871,(0.6267655283515421)(X_0 + X_1 + X_3 + (-0.4856748024543768)(X_1 - ((X_4 - (X_0))(sqrt(X_1))))),15,0.24806686280319917,0.26237984246534596,0.24806686280319917,0.26237984246534596,0.747123827503306,0.7454670893942806
872,(0.3343893344194384)(X_0 + X_1 + (1.7695575641611199)(X_3) + X_4),11,0.26812770149078646,0.2567897440445142,0.26812770149078646,0.2567897440445142,0.7266740663096265,0.7508900060644692
873,(0.3313941133854993)(1.5995799747945598 + X_0 + X_1 + X_4 + (-1.7653581141792887)(sqrt(X_1) - (X_3))),15,0.24269995879341488,0.23647760561904652,0.24269995879341488,0.23647760561904652,0.7525947804908,0.7705946741726658
874,(0.3343893344194383)(X_0 + X_1 + (1.769557564161119)(X_3) + X_4),11,0.26812770149078646,0.2567897440445142,0.26812770149078646,0.2567897440445142,0.7266740663096265,0.7508900060644691
875,(0.3313941133854992)(1.5995799747945532 + X_0 + X_1 + X_4 + (1.7653581141792953)(X_3 - (sqrt(X_1)))),15,0.24269995879341488,0.23647760561904593,0.24269995879341488,0.23647760561904593,0.7525947804908,0.7705946741726664
876,(0.3313941133854992)(1.5995799747945574 + X_0 + X_1 + X_4 + (-1.765358114179291)(sqrt(X_1) - (X_3))),15,0.24269995879341488,0.23647760561904635,0.24269995879341488,0.23647760561904635,0.7525947804908,0.7705946741726659
877,(0.3313941133854991)(1.5995799747945574 + X_0 + X_1 + X_4 + (-1.765358114179291)(sqrt(X_1) - (X_3))),15,0.24269995879341488,0.2364776056190464,0.24269995879341488,0.2364776056190464,0.7525947804908,0.7705946741726659
878,(0.3313941133854992)(1.5995799747945572 + X_0 + X_1 + X_4 + (-1.765358114179291)(sqrt(X_1) - (X_3))),15,0.24269995879341488,0.23647760561904635,0.24269995879341488,0.23647760561904635,0.7525947804908,0.7705946741726659
879,(0.6679703123869494)(X_3 + sin(X_0 + X_1)),8,0.29017716136193117,0.36052382732800065,0.29017716136193117,0.36052382732800065,0.7041971302334928,0.6502582734623383
880,(0.33438933441943847)(X_0 + X_1 + (1.769557564161118)(X_3) + X_4),11,0.26812770149078646,0.2567897440445142,0.26812770149078646,0.2567897440445142,0.7266740663096265,0.7508900060644691
881,(-8.588356049193707e-07)(-611224.43048332 + X_0 + X_1 + X_4 + (697693.9808635808)(sqrt(X_1) - (X_3))),15,0.576526615848693,0.6763358998459099,0.576526615848693,0.6763358998459099,0.41229617567280663,0.3438911178641533
882,(0.3343893344194383)(X_0 + X_1 + (1.7695575641611152)(X_3) + X_4),11,0.26812770149078646,0.2567897440445143,0.26812770149078646,0.2567897440445143,0.7266740663096265,0.750890006064469
883,(0.2953623003333465)(1.0624174812568776 + X_0 + X_1 + (1.9999580297292427)(X_3) + X_4 - ((X_1)(X_1))),15,0.24000888007678745,0.262391682133797,0.24000888007678745,0.262391682133797,0.7553380315564932,0.7454556038119924
884,(0.3464374982054783)(1.526340264420623 + X_0 + X_1 + (0.8650406910708419)(X_4) + (-1.6864612517262172)(sqrt(X_1) - (X_3))),17,0.2413729460691703,0.2301755092853639,0.2413729460691703,0.2301755092853639,0.7539475202109277,0.7767082952026111
885,(0.611112521082528)(X_0 + X_1 + X_3 + (-0.3963771979838848)(X_1 + (-1.345318724874204)((X_4 - (X_0))(sqrt(X_1))))),17,0.24422405537809036,0.27114377530378975,0.24422405537809036,0.27114377530378975,0.7510411360157062,0.7369652574213585
886,(0.33139411338549923)(1.5995799747945612 + X_0 + X_1 + X_4 + (-1.765358114179295)(sqrt(X_1) - (X_3))),15,0.24269995879341488,0.23647760561904635,0.24269995879341488,0.23647760561904635,0.7525947804908,0.7705946741726659
887,(0.6267655283515422)(X_0 + X_1 + X_3 + (-0.4856748024543768)(X_1 - ((X_4 - (X_0))(sqrt(X_1))))),15,0.24806686280319917,0.262379842465346,0.24806686280319917,0.262379842465346,0.747123827503306,0.7454670893942806
888,(0.3343893344194384)(X_0 + X_1 + (1.7695575641611199)(X_3) + X_4),11,0.26812770149078646,0.2567897440445142,0.26812770149078646,0.2567897440445142,0.7266740663096265,0.7508900060644692
889,(0.3313941133854991)(1.5995799747945574 + X_0 + X_1 + X_4 + (-1.765358114179291)(sqrt(X_1) - (X_3))),15,0.24269995879341488,0.2364776056190464,0.24269995879341488,0.2364776056190464,0.7525947804908,0.7705946741726659
890,(0.3343893344194384)(X_0 + X_1 + (1.7695575641611128)(X_3) + X_4),11,0.26812770149078646,0.2567897440445143,0.26812770149078646,0.2567897440445143,0.7266740663096265,0.750890006064469
891,(0.3313941133854991)(1.5995799747945574 + X_0 + X_1 + X_4 + (-1.765358114179291)(sqrt(X_1) - (X_3))),15,0.24269995879341488,0.2364776056190464,0.24269995879341488,0.2364776056190464,0.7525947804908,0.7705946741726659
892,(0.2953623003333466)(1.062417481256856 + X_0 + X_1 + (1.9999580297292572)(X_3) + X_4 - ((X_1)(X_1))),15,0.2400088800767874,0.26239168213379616,0.2400088800767874,0.26239168213379616,0.7553380315564933,0.745455603811993
893,(0.3313941133854991)(1.5995799747945576 + X_0 + X_1 + X_4 + (1.7653581141792913)(X_3 - (sqrt(X_1)))),15,0.24269995879341488,0.23647760561904635,0.24269995879341488,0.23647760561904635,0.7525947804908,0.7705946741726659
894,(0.3313941133854991)(1.5995799747945574 + X_0 + X_1 + X_4 + (-1.7653581141792911)(sqrt(X_1) - (X_3))),15,0.24269995879341488,0.23647760561904635,0.24269995879341488,0.23647760561904635,0.7525947804908,0.7705946741726659
895,(0.6267655283515418)(X_0 + X_1 + X_3 + (-0.485674802454362)(X_1 - ((X_4 - (X_0))(sqrt(X_1))))),15,0.24806686280319923,0.26237984246534274,0.24806686280319923,0.26237984246534274,0.7471238275033059,0.7454670893942839
896,(0.29536230033334665)(1.0624174812568477 + X_0 + X_1 + (1.9999580297292479)(X_3) + X_4 - ((X_1)(X_1))),15,0.2400088800767874,0.26239168213379593,0.2400088800767874,0.26239168213379593,0.7553380315564933,0.7454556038119933
897,(0.3313941133854991)(1.5995799747945574 + X_0 + X_1 + X_4 + (-1.765358114179291)(sqrt(X_1) - (X_3))),15,0.24269995879341488,0.2364776056190464,0.24269995879341488,0.2364776056190464,0.7525947804908,0.7705946741726659
898,(0.31946677135534707)(X_0 + (-1.864436246402306)(-0.0492863532857542 - (X_3)) + X_4 + (X_1)(sqrt(X_1))),15,0.2649949560556311,0.2579952560740432,0.2649949560556311,0.2579952560740432,0.7298675467531514,0.7497205469979376
899,(0.3313941133854992)(1.599579974794557 + X_0 + X_1 + X_4 + (-1.765358114179291)(sqrt(X_1) - (X_3))),15,0.24269995879341488,0.23647760561904635,0.24269995879341488,0.23647760561904635,0.7525947804908,0.7705946741726659
900,(0.33334007692987466)(X_0 + X_1 + X_3 + X_4 - (sqrt(X_1))),11,0.4064109135304886,0.3773143427993684,0.4064109135304886,0.3773143427993684,0.5857099367761689,0.6339699079639024
901,(0.3343893344194384)(X_0 + X_1 + (1.7695575641611196)(X_3) + X_4),11,0.26812770149078646,0.2567897440445142,0.26812770149078646,0.2567897440445142,0.7266740663096265,0.7508900060644691
902,(0.3313941133854991)(1.5995799747945574 + X_0 + X_1 + X_4 + (-1.765358114179291)(sqrt(X_1) - (X_3))),15,0.24269995879341488,0.2364776056190464,0.24269995879341488,0.2364776056190464,0.7525947804908,0.7705946741726659
903,(0.3313941133854991)(1.5995799747945576 + X_0 + X_1 + X_4 + (-1.7653581141792913)(sqrt(X_1) - (X_3))),15,0.24269995879341488,0.23647760561904635,0.24269995879341488,0.23647760561904635,0.7525947804908,0.7705946741726659
904,(0.3313941133854992)(1.5995799747945572 + X_0 + X_1 + X_4 + (-1.7653581141792907)(sqrt(X_1) - (X_3))),15,0.24269995879341488,0.23647760561904635,0.24269995879341488,0.23647760561904635,0.7525947804908,0.7705946741726659
905,(0.3623929614970055)(X_0 + X_1 + X_3 + (0.012572375126202318)(X_1 - ((X_3)(-51.151045194576184 - (sin(X_1)))))),15,0.3416033885036718,0.3675959459083063,0.3416033885036718,0.3675959459083063,0.6517738950677952,0.6433976590588835
906,(0.36091544368758016)(X_0 + X_1 + (1.6491426609075055)(X_3) + sin(X_4)),12,0.2699841380001152,0.2511836116180075,0.2699841380001152,0.2511836116180075,0.7247816387856221,0.7563284772151191
907,(0.6267655283515428)(X_0 + X_1 + X_3 + (-0.48567480245437356)(X_1 - ((X_4 - (X_0))(sqrt(X_1))))),15,0.24806686280319917,0.2623798424653452,0.24806686280319917,0.2623798424653452,0.747123827503306,0.7454670893942814
908,(0.3172289731793237)(1.3424347777715882 + X_0 + X_1 + (1.295766828339989)(X_3 - ((X_1)(X_1))) + X_4),15,0.30126952938899365,0.3264090556016171,0.30126952938899365,0.3264090556016171,0.692889712794052,0.6833527827835449
909,(0.34643749820547887)(X_0 + X_1 + (-0.8650406910708143)(-1.7644722152101058 + (1.9495744756684406)(sqrt(X_1) - (X_3)) - (X_4))),17,0.2413729460691703,0.23017550928536154,0.2413729460691703,0.23017550928536154,0.7539475202109277,0.7767082952026133
910,(0.3313941133854991)(1.5995799747945576 + X_0 + X_1 + X_4 + (-1.7653581141792911)(sqrt(X_1) - (X_3))),15,0.24269995879341488,0.23647760561904635,0.24269995879341488,0.23647760561904635,0.7525947804908,0.7705946741726659
911,(0.3343893344194384)(X_0 + X_1 + (1.7695575641611199)(X_3) + X_4),11,0.26812770149078646,0.2567897440445142,0.26812770149078646,0.2567897440445142,0.7266740663096265,0.7508900060644692
912,(0.6267655283515422)(X_0 + X_1 + X_3 + (-0.4856748024543768)(X_1 - ((X_4 - (X_0))(sqrt(X_1))))),15,0.24806686280319917,0.262379842465346,0.24806686280319917,0.262379842465346,0.747123827503306,0.7454670893942806
913,(0.3313941133854991)(1.5995799747945574 + X_0 + X_1 + X_4 + (-1.765358114179291)(sqrt(X_1) - (X_3))),15,0.24269995879341488,0.2364776056190464,0.24269995879341488,0.2364776056190464,0.7525947804908,0.7705946741726659
914,(0.3313941133854991)(1.5995799747945574 + X_0 + X_1 + X_4 + (-1.765358114179291)(sqrt(X_1) - (X_3))),15,0.24269995879341488,0.2364776056190464,0.24269995879341488,0.2364776056190464,0.7525947804908,0.7705946741726659
915,(0.6267655283515425)(X_0 + X_1 + X_3 + (-0.4856748024543829)(X_1 - ((X_4 - (X_0))(sqrt(X_1))))),15,0.24806686280319917,0.2623798424653474,0.24806686280319917,0.2623798424653474,0.747123827503306,0.7454670893942793
916,(0.33438933441943763)(X_0 + X_1 + (1.7695575641612065)(X_3) + X_4),11,0.26812770149078646,0.25678974404451255,0.26812770149078646,0.25678974404451255,0.7266740663096265,0.7508900060644708
917,(0.33555020766354665)(X_0 + X_1 + X_4 + (0.07038195630147721)((X_3)(25.64474855315981 + X_3 + log(X_46)))),17,0.26634134229532175,0.2606540557976373,0.26634134229532175,0.2606540557976373,0.7284950579203108,0.7471412633685045
918,(0.2953623003333465)(1.0624174812568776 + X_0 + X_1 + (1.9999580297292427)(X_3) + X_4 - ((X_1)(X_1))),15,0.24000888007678745,0.262391682133797,0.24000888007678745,0.262391682133797,0.7553380315564932,0.7454556038119924
919,(0.33139411338549996)(1.599579974794441 + X_0 + X_1 + X_4 + (-1.7653581141791852)(sqrt(X_1) - (X_3))),15,0.24269995879341488,0.23647760561904585,0.24269995879341488,0.23647760561904585,0.7525947804908,0.7705946741726664
920,(0.33139411338549896)(1.5995799747945438 + X_0 + X_1 + X_4 + (-1.7653581141792474)(sqrt(X_1) - (X_3))),15,0.24269995879341488,0.2364776056190478,0.24269995879341488,0.2364776056190478,0.7525947804908,0.7705946741726646
921,(0.3343893344194381)(X_0 + X_1 + (1.7695575641610994)(X_3) + X_4),11,0.26812770149078646,0.2567897440445148,0.26812770149078646,0.2567897440445148,0.7266740663096265,0.7508900060644685
922,(0.2953623003333466)(1.0624174812568508 + X_0 + X_1 + (1.9999580297292567)(X_3) + X_4 - ((X_1)(X_1))),15,0.2400088800767874,0.262391682133796,0.2400088800767874,0.262391682133796,0.7553380315564933,0.7454556038119933
923,(0.3343893344194383)(X_0 + X_1 + (1.7695575641611223)(X_3) + X_4),11,0.26812770149078646,0.2567897440445142,0.26812770149078646,0.2567897440445142,0.7266740663096265,0.7508900060644691
924,(0.3343893344194384)(X_0 + X_1 + (1.7695575641611194)(X_3) + X_4),11,0.2681277014907864,0.2567897440445142,0.2681277014907864,0.2567897440445142,0.7266740663096265,0.7508900060644692
925,(0.6679703123869497)(X_3 + sin(X_0 + X_1)),8,0.29017716136193117,0.3605238273280006,0.29017716136193117,0.3605238273280006,0.7041971302334928,0.6502582734623383
926,(0.341807444483335)(X_0 + X_1 + (1.7525203291102758)(X_3) + (-0.6132497267467536)((X_1)(X_1) - ((exp(X_4))(sqrt(X_1))))),18,0.2565318429084652,0.29766801435783763,0.2565318429084652,0.29766801435783763,0.7384947355516793,0.7112342725080629
927,(-0.3191055174750986)((1.8511313221114745)((-0.6147008807796815)(X_1) - (X_3)) - (X_0 + X_4)),13,0.26690399081517185,0.2594217529807511,0.26690399081517185,0.2594217529807511,0.727921501248723,0.7483367119966555
928,(0.3313941133854993)(1.5995799747945598 + X_0 + X_1 + X_4 + (-1.7653581141792887)(sqrt(X_1) - (X_3))),15,0.24269995879341488,0.23647760561904652,0.24269995879341488,0.23647760561904652,0.7525947804908,0.7705946741726658
929,(0.3343893344194384)(X_0 + X_1 + (1.769557564161114)(X_3) + X_4),11,0.26812770149078646,0.2567897440445143,0.26812770149078646,0.2567897440445143,0.7266740663096265,0.750890006064469
930,(0.3313941133854991)(1.5995799747945574 + X_0 + X_1 + X_4 + (-1.765358114179291)(sqrt(X_1) - (X_3))),15,0.24269995879341488,0.2364776056190464,0.24269995879341488,0.2364776056190464,0.7525947804908,0.7705946741726659
931,(0.2953623003333466)(1.0624174812568943 + X_0 + X_1 + (1.9999580297292092)(X_3) + X_4 - ((X_1)(X_1))),15,0.24000888007678745,0.2623916821337978,0.24000888007678745,0.2623916821337978,0.7553380315564932,0.7454556038119915
932,(0.6267655283515422)(X_0 + X_1 + X_3 + (-0.4856748024543768)(X_1 - ((X_4 - (X_0))(sqrt(X_1))))),15,0.24806686280319917,0.262379842465346,0.24806686280319917,0.262379842465346,0.747123827503306,0.7454670893942806
933,(0.3313941133854991)(1.5995799747945574 + X_0 + X_1 + X_4 + (-1.765358114179291)(sqrt(X_1) - (X_3))),15,0.24269995879341488,0.2364776056190464,0.24269995879341488,0.2364776056190464,0.7525947804908,0.7705946741726659
934,(0.331394113385499)(1.5995799747945592 + X_0 + X_1 + X_4 + (-1.765358114179291)(sqrt(X_1) - (X_3))),15,0.24269995879341488,0.2364776056190465,0.24269995879341488,0.2364776056190465,0.7525947804908,0.7705946741726658
935,(0.3313941133854991)(1.5995799747945578 + X_0 + X_1 + X_4 + (-1.7653581141792913)(sqrt(X_1) - (X_3))),15,0.24269995879341488,0.23647760561904635,0.24269995879341488,0.23647760561904635,0.7525947804908,0.7705946741726659
936,(0.3313941133854991)(1.5995799747945572 + X_0 + X_1 + X_4 + (-1.765358114179291)(sqrt(X_1) - (X_3))),15,0.24269995879341488,0.23647760561904643,0.24269995879341488,0.23647760561904643,0.7525947804908,0.7705946741726659
937,(0.33474694879220235)(0.061184208821341124 + X_0 + X_1 + (1.7692439589068398)(X_3) + X_4),13,0.2677089086990712,0.25871766311650185,0.2677089086990712,0.25871766311650185,0.7271009783003755,0.7490197448119489
938,(0.3313941133854992)(1.5995799747945572 + X_0 + X_1 + X_4 + (1.765358114179291)(X_3 - (sqrt(X_1)))),15,0.24269995879341488,0.23647760561904635,0.24269995879341488,0.23647760561904635,0.7525947804908,0.7705946741726659
939,(0.35485069997298896)(X_0 + X_1 + (1.6430638002962523)(0.889744788627939 + X_3 - (sqrt(X_1)))),13,0.32401033303849625,0.33371816779478597,0.32401033303849625,0.33371816779478597,0.6697080297534306,0.676262262479125
940,(0.2953623003333466)(1.062417481256856 + X_0 + X_1 + (1.9999580297292576)(X_3) + X_4 - ((X_1)(X_1))),15,0.24000888007678745,0.2623916821337962,0.24000888007678745,0.2623916821337962,0.7553380315564932,0.745455603811993
941,(0.33139411338549885)(1.5995799747945574 + X_0 + X_1 + X_4 + (-1.765358114179297)(sqrt(X_1) - (X_3))),15,0.24269995879341488,0.23647760561904624,0.24269995879341488,0.23647760561904624,0.7525947804908,0.770594674172666
942,(0.3313941133854991)(1.5995799747945574 + X_0 + X_1 + X_4 + (-1.765358114179291)(sqrt(X_1) - (X_3))),15,0.24269995879341488,0.2364776056190464,0.24269995879341488,0.2364776056190464,0.7525947804908,0.7705946741726659
943,(0.6267655283515422)(X_0 + X_1 + X_3 + (-0.4856748024543768)(X_1 - ((X_4 - (X_0))(sqrt(X_1))))),15,0.24806686280319917,0.262379842465346,0.24806686280319917,0.262379842465346,0.747123827503306,0.7454670893942806
944,(0.33438933441943836)(X_0 + X_1 + (1.769557564161068)(X_3) + X_4),11,0.26812770149078646,0.25678974404451543,0.26812770149078646,0.25678974404451543,0.7266740663096265,0.750890006064468
945,(0.3343893344194384)(X_0 + X_1 + (1.769557564161114)(X_3) + X_4),11,0.26812770149078646,0.2567897440445143,0.26812770149078646,0.2567897440445143,0.7266740663096265,0.750890006064469
946,(0.3313941133854993)(1.5995799747945592 + X_0 + X_1 + X_4 + (-1.7653581141792907)(sqrt(X_1) - (X_3))),15,0.24269995879341488,0.23647760561904643,0.24269995879341488,0.23647760561904643,0.7525947804908,0.7705946741726659
947,(0.3343893344194384)(X_0 + X_1 + (1.7695575641611199)(X_3) + X_4),11,0.26812770149078646,0.2567897440445142,0.26812770149078646,0.2567897440445142,0.7266740663096265,0.7508900060644692
948,(-8.914705009755789e-07)(-588853.892279415 + X_0 + X_1 + X_4 + (-672158.7225745053)(X_3 - (sqrt(X_1)))),15,0.5765266807112813,0.6763363366327295,0.5765266807112813,0.6763363366327295,0.41229610955271756,0.34389069414021367
949,(0.6267655283515422)(X_0 + X_1 + X_3 + (-0.4856748024543768)(X_1 - ((X_4 - (X_0))(sqrt(X_1))))),15,0.24806686280319917,0.262379842465346,0.24806686280319917,0.262379842465346,0.747123827503306,0.7454670893942806
950,(0.3313941133854993)(1.5995799747945598 + X_0 + X_1 + X_4 + (-1.7653581141792887)(sqrt(X_1) - (X_3))),15,0.24269995879341488,0.23647760561904652,0.24269995879341488,0.23647760561904652,0.7525947804908,0.7705946741726658
951,(0.3313941133854992)(1.5995799747945574 + X_0 + X_1 + X_4 + (-1.7653581141792911)(sqrt(X_1) - (X_3))),15,0.24269995879341488,0.23647760561904635,0.24269995879341488,0.23647760561904635,0.7525947804908,0.7705946741726659
952,(0.2953623003333466)(1.062417481256856 + X_0 + X_1 + (1.9999580297292574)(X_3) + X_4 - ((X_1)(X_1))),15,0.24000888007678745,0.26239168213379616,0.24000888007678745,0.26239168213379616,0.7553380315564932,0.745455603811993
953,(0.331394113385499)(1.5995799747945592 + X_0 + X_1 + X_4 + (-1.765358114179291)(sqrt(X_1) - (X_3))),15,0.24269995879341488,0.2364776056190465,0.24269995879341488,0.2364776056190465,0.7525947804908,0.7705946741726658
954,(0.3313941133854993)(1.5995799747945614 + X_0 + X_1 + X_4 + (-1.7653581141792953)(sqrt(X_1) - (X_3))),15,0.24269995879341488,0.23647760561904635,0.24269995879341488,0.23647760561904635,0.7525947804908,0.7705946741726659
955,(0.6267655283515421)(X_0 + X_1 + X_3 + (-0.4856748024543769)(X_1 - ((X_4 - (X_0))(sqrt(X_1))))),15,0.24806686280319923,0.26237984246534607,0.24806686280319923,0.26237984246534607,0.7471238275033059,0.7454670893942805
956,(0.3313941133854991)(1.5995799747945574 + X_0 + X_1 + X_4 + (-1.765358114179291)(sqrt(X_1) - (X_3))),15,0.24269995879341488,0.2364776056190464,0.24269995879341488,0.2364776056190464,0.7525947804908,0.7705946741726659
957,(0.3313941133854991)(1.5995799747945574 + X_0 + X_1 + X_4 + (-1.765358114179291)(sqrt(X_1) - (X_3))),15,0.24269995879341488,0.2364776056190464,0.24269995879341488,0.2364776056190464,0.7525947804908,0.7705946741726659
958,(0.33438933441943824)(X_0 + X_1 + (1.7695575641611325)(X_3) + X_4),11,0.26812770149078646,0.256789744044514,0.26812770149078646,0.256789744044514,0.7266740663096265,0.7508900060644693
959,(0.6267655283515422)(X_0 + X_1 + X_3 + (-0.4856748024543768)(X_1 - ((X_4 - (X_0))(sqrt(X_1))))),15,0.24806686280319917,0.262379842465346,0.24806686280319917,0.262379842465346,0.747123827503306,0.7454670893942806
960,(0.3564187920574628)(X_0 + X_1 + (0.8078588455953433)((2.0559171791560855)(X_3) + X_4)),13,0.2652785456450027,0.25044077230860845,0.2652785456450027,0.25044077230860845,0.7295784591696272,0.7570491006050757
961,(0.3313941133854991)(1.5995799747945574 + X_0 + X_1 + X_4 + (-1.765358114179291)(sqrt(X_1) - (X_3))),15,0.24269995879341488,0.2364776056190464,0.24269995879341488,0.2364776056190464,0.7525947804908,0.7705946741726659
962,(0.3343893344194384)(X_0 + X_1 + (1.7695575641611176)(X_3) + X_4),11,0.26812770149078646,0.2567897440445142,0.26812770149078646,0.2567897440445142,0.7266740663096265,0.7508900060644691
963,(0.3313941133854991)(1.5995799747945574 + X_0 + X_1 + X_4 + (-1.7653581141792911)(sqrt(X_1) - (X_3))),15,0.24269995879341488,0.23647760561904635,0.24269995879341488,0.23647760561904635,0.7525947804908,0.7705946741726659
964,(0.3313941133854992)(1.599579974794557 + X_0 + X_1 + X_4 + (-1.7653581141792907)(sqrt(X_1) - (X_3))),15,0.24269995879341488,0.23647760561904635,0.24269995879341488,0.23647760561904635,0.7525947804908,0.7705946741726659
965,(0.3313941133854992)(1.5995799747945412 + X_0 + X_1 + X_4 + (-1.7653581141792807)(sqrt(X_1) - (X_3))),15,0.24269995879341488,0.23647760561904613,0.24269995879341488,0.23647760561904613,0.7525947804908,0.7705946741726661
966,(0.35272409007042393)(X_0 + X_1 + X_3 + (0.06627254389243212)(X_1 + (10.372617808481621)(X_3))),13,0.3413593039864633,0.3700852206226477,0.3413593039864633,0.3700852206226477,0.6520227116883623,0.6409828304943674
967,(0.3313941133854991)(1.5995799747945574 + X_0 + X_1 + X_4 + (-1.765358114179291)(sqrt(X_1) - (X_3))),15,0.24269995879341488,0.2364776056190464,0.24269995879341488,0.2364776056190464,0.7525947804908,0.7705946741726659
968,(0.3313941133854991)(1.5995799747945574 + X_0 + X_1 + X_4 + (-1.765358114179291)(sqrt(X_1) - (X_3))),15,0.24269995879341488,0.2364776056190464,0.24269995879341488,0.2364776056190464,0.7525947804908,0.7705946741726659
969,(0.3313941133854991)(1.5995799747945574 + X_0 + X_1 + X_4 + (-1.765358114179291)(sqrt(X_1) - (X_3))),15,0.24269995879341488,0.2364776056190464,0.24269995879341488,0.2364776056190464,0.7525947804908,0.7705946741726659
970,(0.3347469487922027)(0.0611842088213197 + X_0 + X_1 + (1.7692439589068947)(X_3) + X_4),13,0.2677089086990712,0.25871766311649963,0.2677089086990712,0.25871766311649963,0.7271009783003755,0.7490197448119511
971,(0.6267655283515422)(X_0 + X_1 + X_3 + (-0.4856748024543768)(X_1 - ((X_4 - (X_0))(sqrt(X_1))))),15,0.24806686280319917,0.262379842465346,0.24806686280319917,0.262379842465346,0.747123827503306,0.7454670893942806
972,(0.33139411338549907)(1.599579974794559 + X_0 + X_1 + X_4 + (1.7653581141793047)(X_3 - (sqrt(X_1)))),15,0.2426999587934149,0.2364776056190458,0.2426999587934149,0.2364776056190458,0.7525947804907999,0.7705946741726665
973,(0.3343893344194384)(X_0 + X_1 + (1.7695575641611196)(X_3) + X_4),11,0.26812770149078646,0.2567897440445142,0.26812770149078646,0.2567897440445142,0.7266740663096265,0.7508900060644691
974,(0.33438933441943836)(X_0 + X_1 + (1.7695575641611205)(X_3) + X_4),11,0.26812770149078646,0.25678974404451416,0.26812770149078646,0.25678974404451416,0.7266740663096265,0.7508900060644692
975,(0.3343893344194382)(X_0 + X_1 + (1.769557564161114)(X_3) + X_4),11,0.26812770149078646,0.2567897440445144,0.26812770149078646,0.2567897440445144,0.7266740663096265,0.750890006064469
976,(0.2953623003333466)(1.062417481256856 + X_0 + X_1 + (1.9999580297292576)(X_3) + X_4 - ((X_1)(X_1))),15,0.24000888007678745,0.2623916821337962,0.24000888007678745,0.2623916821337962,0.7553380315564932,0.745455603811993
977,(0.33139411338549957)(1.5995799747945507 + X_0 + X_1 + X_4 + (-1.7653581141792896)(sqrt(X_1) - (X_3))),15,0.24269995879341488,0.23647760561904602,0.24269995879341488,0.23647760561904602,0.7525947804908,0.7705946741726662
978,(0.6267655283515422)(X_0 + X_1 + X_3 + (-0.4856748024543769)(X_1 - ((X_4 - (X_0))(sqrt(X_1))))),15,0.24806686280319923,0.262379842465346,0.24806686280319923,0.262379842465346,0.7471238275033059,0.7454670893942806
979,(0.611112521082528)(X_0 + X_1 + X_3 + (-0.3963771979838849)(X_1 + (-1.3453187248742038)((X_4 - (X_0))(sqrt(X_1))))),17,0.24422405537809033,0.27114377530378975,0.24422405537809033,0.27114377530378975,0.7510411360157062,0.7369652574213585
980,(0.3313941133854991)(1.5995799747945574 + X_0 + X_1 + X_4 + (-1.765358114179291)(sqrt(X_1) - (X_3))),15,0.24269995879341488,0.2364776056190464,0.24269995879341488,0.2364776056190464,0.7525947804908,0.7705946741726659
981,(0.9543331623956304)(X_0 + X_3 + (-0.33823402695935695)((2)(X_0) + X_3 - (X_1)) + (0.30347718544873126)(X_4)),17,0.27004907230964986,0.26663314492176876,0.27004907230964986,0.26663314492176876,0.7247154455848324,0.74134098944793
982,(0.3313941133854992)(1.5995799747945572 + X_0 + X_1 + X_4 + (-1.765358114179291)(sqrt(X_1) - (X_3))),15,0.24269995879341488,0.23647760561904635,0.24269995879341488,0.23647760561904635,0.7525947804908,0.7705946741726659
983,(-1.1773638124391982e-06)(X_0 + X_1 + X_4 + (301701.925728379)(sqrt(X_1) - (X_3))),13,0.7370330340412218,0.8243972342467798,0.7370330340412218,0.8243972342467798,0.24867799533615842,0.20025781875430415
984,(0.3313941133854991)(1.5995799747945574 + X_0 + X_1 + X_4 + (-1.765358114179291)(sqrt(X_1) - (X_3))),15,0.24269995879341488,0.2364776056190464,0.24269995879341488,0.2364776056190464,0.7525947804908,0.7705946741726659
985,(0.6267655283515422)(X_0 + X_1 + X_3 + (-0.4856748024543768)(X_1 - ((X_4 - (X_0))(sqrt(X_1))))),15,0.24806686280319917,0.262379842465346,0.24806686280319917,0.262379842465346,0.747123827503306,0.7454670893942806
986,(0.6267655283515422)(X_0 + X_1 + X_3 + (-0.4856748024543768)(X_1 - ((X_4 - (X_0))(sqrt(X_1))))),15,0.24806686280319917,0.262379842465346,0.24806686280319917,0.262379842465346,0.747123827503306,0.7454670893942806
987,(0.3527240900704241)(X_0 + (1.0662725438924294)(X_1) + (1.6874197689920198)(X_3)),11,0.3413593039864633,0.37008522062264765,0.3413593039864633,0.37008522062264765,0.6520227116883623,0.6409828304943674
988,(0.6267655283515422)(X_0 + X_1 + X_3 + (-0.48567480245437705)(X_1 - ((X_4 - (X_0))(sqrt(X_1))))),15,0.24806686280319917,0.26237984246534607,0.24806686280319917,0.26237984246534607,0.747123827503306,0.7454670893942805
989,(0.3345443953061584)(X_0 + (-1.79920876144175)(1 - (X_3 + log(sqrt(-8.666276377338978 + sqrt(X_1))))) + (X_1)(sqrt(X_1))),18,0.340744961532329,0.3676803258988706,0.340744961532329,0.3676803258988706,0.652648964492337,0.6433158026007294
990,(0.5671831886092891)(X_0 + X_1 + X_3 + (-0.2001414441291034)(X_1 - ((X_4 - (X_0))(exp(sqrt(X_1)))))),16,0.2544034361027448,0.28932511015532814,0.2544034361027448,0.28932511015532814,0.740664406101242,0.7193276674488344
991,(0.3313941133854992)(1.5995799747945578 + X_0 + X_1 + X_4 + (-1.765358114179291)(sqrt(X_1) - (X_3))),15,0.24269995879341488,0.2364776056190464,0.24269995879341488,0.2364776056190464,0.7525947804908,0.7705946741726659
992,(0.3343893344194371)(X_0 + X_1 + (1.7695575641610914)(X_3) + X_4),11,0.26812770149078646,0.2567897440445155,0.26812770149078646,0.2567897440445155,0.7266740663096265,0.7508900060644679
993,(0.3313941133854991)(1.5995799747945574 + X_0 + X_1 + X_4 + (-1.765358114179291)(sqrt(X_1) - (X_3))),15,0.24269995879341488,0.2364776056190464,0.24269995879341488,0.2364776056190464,0.7525947804908,0.7705946741726659
994,(0.3313941133854991)(1.5995799747945574 + X_0 + X_1 + X_4 + (-1.765358114179291)(sqrt(X_1) - (X_3))),15,0.24269995879341488,0.2364776056190464,0.24269995879341488,0.2364776056190464,0.7525947804908,0.7705946741726659
995,(0.33438933441943836)(X_0 + X_1 + (1.769557564161125)(X_3) + X_4),11,0.26812770149078646,0.2567897440445141,0.26812770149078646,0.2567897440445141,0.7266740663096265,0.7508900060644692
996,(0.3343893344194384)(X_0 + X_1 + (1.7695575641611319)(X_3) + X_4),11,0.26812770149078646,0.25678974404451393,0.26812770149078646,0.25678974404451393,0.7266740663096265,0.7508900060644694
997,(0.3343893344194384)(X_0 + X_1 + (1.7695575641611196)(X_3) + X_4),11,0.26812770149078646,0.2567897440445142,0.26812770149078646,0.2567897440445142,0.7266740663096265,0.7508900060644691
998,(0.3313941133854993)(1.5995799747945598 + X_0 + X_1 + X_4 + (-1.7653581141792887)(sqrt(X_1) - (X_3))),15,0.24269995879341488,0.23647760561904652,0.24269995879341488,0.23647760561904652,0.7525947804908,0.7705946741726658
999,(0.3313941133854991)(1.5995799747945574 + X_0 + X_1 + X_4 + (-1.7653581141792911)(sqrt(X_1) - (X_3))),15,0.24269995879341488,0.23647760561904635,0.24269995879341488,0.23647760561904635,0.7525947804908,0.7705946741726659
1000,(0.3313941133854992)(1.5995799747945572 + X_0 + X_1 + X_4 + (-1.7653581141792907)(sqrt(X_1) - (X_3))),15,0.24269995879341488,0.23647760561904635,0.24269995879341488,0.23647760561904635,0.7525947804908,0.7705946741726659
1001,(0.6323440807434266)((0.9581035517900826)(X_0) + X_1 + X_3 + (-0.473946335713319)(X_1 - ((X_4 - (X_0))(sqrt(X_1))))),17,0.24762917449153793,0.2665846644204505,0.24762917449153793,0.2665846644204505,0.7475700013442967,0.7413880200543677
1002,(0.3313941133854991)(1.5995799747945574 + X_0 + X_1 + X_4 + (-1.765358114179291)(sqrt(X_1) - (X_3))),15,0.24269995879341488,0.2364776056190464,0.24269995879341488,0.2364776056190464,0.7525947804908,0.7705946741726659
1003,(0.3313941133854992)(X_0 + X_1 + X_4 + (1.765358114179291)(0.9060937619097167 + X_3 - (sqrt(X_1)))),15,0.24269995879341488,0.23647760561904635,0.24269995879341488,0.23647760561904635,0.7525947804908,0.7705946741726659
1004,(-1.8021801820130593e-06)(X_0 + X_1 + (-334107.2174677043)(X_3) + X_4),11,0.6084648060432549,0.7129048824965226,0.6084648060432549,0.7129048824965226,0.37973879496662344,0.30841579512406936
1005,(0.33139411338549896)(1.5995799747945507 + X_0 + X_1 + X_4 + (-1.7653581141793055)(sqrt(X_1) - (X_3))),15,0.24269995879341488,0.2364776056190455,0.24269995879341488,0.2364776056190455,0.7525947804908,0.7705946741726668
1006,(0.3564187920574628)(X_0 + X_1 + (0.8078588455953436)((2.0559171791561575)(X_3) + X_4)),13,0.26527854564500275,0.2504407723086074,0.26527854564500275,0.2504407723086074,0.729578459169627,0.7570491006050768
1007,(0.6257972595805106)(X_0 + X_1 + X_3 + (-0.4824714781789306)(X_1 - ((X_4 - (X_0))((sqrt(X_1))^(sqrt((2)(X_23))))))),20,0.2427190032252128,0.2661233238501704,0.2427190032252128,0.2661233238501704,0.7525753668417297,0.7418355634213831
1008,(0.6267655283515422)(X_0 + X_1 + X_3 + (-0.4856748024543768)(X_1 - ((X_4 - (X_0))(sqrt(X_1))))),15,0.24806686280319917,0.262379842465346,0.24806686280319917,0.262379842465346,0.747123827503306,0.7454670893942806
1009,(0.3313941133854991)(1.5995799747945574 + X_0 + X_1 + X_4 + (-1.765358114179291)(sqrt(X_1) - (X_3))),15,0.24269995879341488,0.2364776056190464,0.24269995879341488,0.2364776056190464,0.7525947804908,0.7705946741726659
1010,(0.3313941133854992)(X_0 + X_1 + X_4 + (-1.765358114179291)(-0.9060937619097169 + sqrt(X_1) - (X_3))),15,0.24269995879341488,0.23647760561904635,0.24269995879341488,0.23647760561904635,0.7525947804908,0.7705946741726659
1011,(0.3343893344194384)(X_0 + X_1 + (1.7695575641611203)(X_3) + X_4),11,0.26812770149078646,0.25678974404451416,0.26812770149078646,0.25678974404451416,0.7266740663096265,0.7508900060644692
1012,(0.33139411338549885)(1.5995799747945574 + X_0 + X_1 + X_4 + (-1.765358114179297)(sqrt(X_1) - (X_3))),15,0.24269995879341488,0.23647760561904624,0.24269995879341488,0.23647760561904624,0.7525947804908,0.770594674172666
1013,(0.3313941133854991)(1.5995799747945574 + X_0 + X_1 + X_4 + (-1.765358114179291)(sqrt(X_1) - (X_3))),15,0.24269995879341488,0.2364776056190464,0.24269995879341488,0.2364776056190464,0.7525947804908,0.7705946741726659
1014,(0.5890376277316747)(X_3) + (0.8313097636150137)(sin(X_0 + X_1)),10,0.2711628093766974,0.3297270120546125,0.2711628093766974,0.3297270120546125,0.7235801163292432,0.6801340556690354
1015,(0.21374445536090173)(2.4250088549595343 + X_1 + X_4 + X_45 + (-2.7556577991100357)(sqrt(X_1) - (X_3))),15,0.4353567451914824,0.5584852817321934,0.4353567451914824,0.5584852817321934,0.5562029279098829,0.458217205429852
1016,(0.33139411338549923)(1.599579974794553 + X_0 + X_1 + X_4 + (-1.7653581141793004)(sqrt(X_1) - (X_3))),15,0.24269995879341488,0.2364776056190457,0.24269995879341488,0.2364776056190457,0.7525947804908,0.7705946741726666
1017,(0.33139411338549957)(1.5995799747945547 + X_0 + X_1 + X_4 + (1.7653581141792907)(X_3 - (sqrt(X_1)))),15,0.24269995879341488,0.2364776056190461,0.24269995879341488,0.2364776056190461,0.7525947804908,0.7705946741726661
1018,(0.33829849513088106)(0.9328194728945522 + X_0 + X_1 + (1.7500300819022776)(X_3) + X_4 - (sqrt(X_1))),15,0.24510867442488174,0.2355674609991793,0.24510867442488174,0.2355674609991793,0.7501393667259977,0.7714775993127612
1019,(0.6267655283515421)(X_0 + X_1 + X_3 + (-0.48567480245437744)(X_1 - ((X_4 - (X_0))(sqrt(X_1))))),15,0.24806686280319917,0.26237984246534624,0.24806686280319917,0.26237984246534624,0.747123827503306,0.7454670893942804
1020,(0.6267655283515418)(X_0 + X_1 + X_3 + (-0.48567480245437333)(X_1 - ((X_4 - (X_0))(sqrt(X_1))))),15,0.24806686280319917,0.2623798424653454,0.24806686280319917,0.2623798424653454,0.747123827503306,0.7454670893942812
1021,(0.33438905353502457)(X_0 + X_1 + X_4 + (-4.792074923358668e-05)((X_3)(-36922.690959396445 + X_8))),15,0.2681291088884226,0.25679318217502384,0.2681291088884226,0.25679318217502384,0.72667263162656,0.750886670757315
1022,(0.3347469487922024)(0.061184208821341596 + X_0 + X_1 + (1.7692439589068396)(X_3) + X_4),13,0.26770890869907127,0.2587176631165019,0.26770890869907127,0.2587176631165019,0.7271009783003753,0.7490197448119489
1023,(0.3313941133854992)(1.5995799747945572 + X_0 + X_1 + X_4 + (-1.765358114179291)(sqrt(X_1) - (X_3))),15,0.24269995879341488,0.23647760561904635,0.24269995879341488,0.23647760561904635,0.7525947804908,0.7705946741726659
1024,(0.33139411338549885)(1.5995799747945572 + X_0 + X_1 + X_4 + (-1.7653581141792891)(sqrt(X_1) - (X_3))),15,0.24269995879341488,0.23647760561904657,0.24269995879341488,0.23647760561904657,0.7525947804908,0.7705946741726657
1025,(0.3313941133854991)(1.5995799747945574 + X_0 + X_1 + X_4 + (-1.765358114179291)(sqrt(X_1) - (X_3))),15,0.24269995879341488,0.2364776056190464,0.24269995879341488,0.2364776056190464,0.7525947804908,0.7705946741726659
1026,(0.3313941133854993)(1.5995799747945598 + X_0 + X_1 + X_4 + (-1.7653581141792887)(sqrt(X_1) - (X_3))),15,0.24269995879341488,0.23647760561904652,0.24269995879341488,0.23647760561904652,0.7525947804908,0.7705946741726658
1027,(0.3343893344194384)(X_0 + X_1 + (1.7695575641611196)(X_3) + X_4),11,0.26812770149078646,0.2567897440445142,0.26812770149078646,0.2567897440445142,0.7266740663096265,0.7508900060644691
1028,(0.3313941133854992)(1.5995799747945572 + X_0 + X_1 + X_4 + (-1.765358114179291)(sqrt(X_1) - (X_3))),15,0.24269995879341488,0.23647760561904635,0.24269995879341488,0.23647760561904635,0.7525947804908,0.7705946741726659
1029,(0.6267655283515422)(X_0 + X_1 + X_3 + (-0.48567480245437844)(X_1 - ((X_4 - (X_0))(sqrt(X_1))))),15,0.24806686280319915,0.2623798424653464,0.24806686280319915,0.2623798424653464,0.747123827503306,0.7454670893942803
1030,(0.3313941133854991)(1.5995799747945574 + X_0 + X_1 + X_4 + (-1.7653581141792911)(sqrt(X_1) - (X_3))),15,0.24269995879341488,0.23647760561904635,0.24269995879341488,0.23647760561904635,0.7525947804908,0.7705946741726659
1031,(0.33438933441943874)(X_0 + X_1 + (1.7695575641611558)(X_3) + X_4),11,0.26812770149078646,0.2567897440445132,0.26812770149078646,0.2567897440445132,0.7266740663096265,0.7508900060644701
1032,(0.3313941133854991)(1.5995799747945574 + X_0 + X_1 + X_4 + (-1.765358114179291)(sqrt(X_1) - (X_3))),15,0.24269995879341488,0.2364776056190464,0.24269995879341488,0.2364776056190464,0.7525947804908,0.7705946741726659
1033,(0.6267655283515423)(X_0 + X_1 + X_3 + (-0.4856748024543651)(X_1 - ((X_4 - (X_0))(sqrt(X_1))))),15,0.24806686280319923,0.26237984246534335,0.24806686280319923,0.26237984246534335,0.7471238275033059,0.7454670893942832
1034,(0.6267655283515421)(X_0 + X_1 + X_3 + (-0.4856748024543768)(X_1 - ((X_4 - (X_0))(sqrt(X_1))))),15,0.24806686280319917,0.26237984246534596,0.24806686280319917,0.26237984246534596,0.747123827503306,0.7454670893942806
1035,(0.6267655283515422)(X_0 + X_1 + X_3 + (-0.48567480245437744)(X_1 - ((X_4 - (X_0))(sqrt(X_1))))),15,0.24806686280319917,0.2623798424653462,0.24806686280319917,0.2623798424653462,0.747123827503306,0.7454670893942805
1036,(0.3313941133854991)(1.5995799747945574 + X_0 + X_1 + X_4 + (-1.765358114179291)(sqrt(X_1) - (X_3))),15,0.24269995879341488,0.2364776056190464,0.24269995879341488,0.2364776056190464,0.7525947804908,0.7705946741726659
1037,(0.3313941133854988)(1.5995799747945523 + X_0 + X_1 + X_4 + (-1.7653581141792873)(sqrt(X_1) - (X_3))),15,0.24269995879341488,0.23647760561904643,0.24269995879341488,0.23647760561904643,0.7525947804908,0.7705946741726659
1038,(0.32887558777742615)(X_0 + X_1 + (1.7905059875186655)((-0.145403645049905)((X_1)(X_1)) + X_3) + X_4),15,0.25431717714877433,0.238512805139113,0.25431717714877433,0.238512805139113,0.7407523373705664,0.7686203408830408
1039,(0.33954867950149553)(X_0 + X_1 + (1.7531448849989923)(X_3) + (-0.524685734402648)((X_1)(X_1) - (exp(X_4)))),16,0.24628891692064267,0.26707584308654464,0.24628891692064267,0.26707584308654464,0.7489362426909154,0.740911530952409
1040,(0.2953623003333466)(1.0624174812568508 + X_0 + X_1 + (1.9999580297292567)(X_3) + X_4 - ((X_1)(X_1))),15,0.2400088800767874,0.262391682133796,0.2400088800767874,0.262391682133796,0.7553380315564933,0.7454556038119933
1041,(0.3313941133854991)(1.5995799747945574 + X_0 + X_1 + X_4 + (-1.765358114179291)(sqrt(X_1) - (X_3))),15,0.24269995879341488,0.2364776056190464,0.24269995879341488,0.2364776056190464,0.7525947804908,0.7705946741726659
1042,(0.33438933441943813)(X_0 + X_1 + (1.769557564161122)(X_3) + X_4),11,0.26812770149078646,0.25678974404451427,0.26812770149078646,0.25678974404451427,0.7266740663096265,0.7508900060644691
1043,(0.32515785413855147)(0.6892923526065697 + X_0 + X_1 + (-0.6277677778041872)((X_1)(X_1)) + (1.8165370829566498)(X_3) + X_4),17,0.23062017894949316,0.23599182208568667,0.23062017894949316,0.23599182208568667,0.7649087528489582,0.7710659294928481
1044,(0.3343893344194383)(X_0 + X_1 + (1.769557564161051)(X_3) + X_4),11,0.26812770149078646,0.2567897440445158,0.26812770149078646,0.2567897440445158,0.7266740663096265,0.7508900060644675
1045,(0.3313941133854991)(1.5995799747945574 + X_0 + X_1 + X_4 + (-1.7653581141792911)(sqrt(X_1) - (X_3))),15,0.24269995879341488,0.23647760561904635,0.24269995879341488,0.23647760561904635,0.7525947804908,0.7705946741726659
1046,(0.3343893344194384)(X_0 + X_1 + (1.7695575641611196)(X_3) + X_4),11,0.26812770149078646,0.2567897440445142,0.26812770149078646,0.2567897440445142,0.7266740663096265,0.7508900060644691
1047,(-4.2535157253613466e-07)(X_0 + X_1 + X_3 + (-369901.437581619)(X_1 - ((X_4 - (X_0))(sqrt(X_1))))),15,0.9189277853441563,0.9287611722048005,0.9189277853441563,0.9287611722048005,0.0632568230483661,0.09901506839234298
1048,(0.33016413387172133)(975.1280145506911 + X_0 + (-1.8273884875142352)(533.600095814245 - (X_3)) + X_4),13,0.39829917617140376,0.4011923740848306,0.39829917617140376,0.4011923740848306,0.5939789376112024,0.6108059913096502
1049,(0.2953623003333466)(1.062417481256856 + X_0 + X_1 + (1.9999580297292576)(X_3) + X_4 - ((X_1)(X_1))),15,0.24000888007678745,0.2623916821337962,0.24000888007678745,0.2623916821337962,0.7553380315564932,0.745455603811993
1050,(0.6267655283515422)(X_0 + X_1 + X_3 + (-0.4856748024543768)(X_1 - ((X_4 - (X_0))(sqrt(X_1))))),15,0.24806686280319917,0.262379842465346,0.24806686280319917,0.262379842465346,0.747123827503306,0.7454670893942806
1051,(0.3335936184720829)(X_0 + X_1 + X_4 + (-1.6580060536813281)((0.06828240936412545)(sqrt(X_1) - (X_3)) - (X_3))),16,0.2669062282052951,0.2518986946972235,0.2669062282052951,0.2518986946972235,0.7279192204819799,0.7556347799563374
1052,(0.3313941133854991)(1.5995799747945545 + X_0 + X_1 + X_4 + (1.7653581141793042)(X_3 - (sqrt(X_1)))),15,0.24269995879341488,0.23647760561904568,0.24269995879341488,0.23647760561904568,0.7525947804908,0.7705946741726666
1053,(0.33438933441943836)(X_0 + X_1 + (1.7695575641611196)(X_3) + X_4),11,0.26812770149078646,0.2567897440445142,0.26812770149078646,0.2567897440445142,0.7266740663096265,0.7508900060644691
1054,(0.3343893344194378)(X_0 + X_1 + (1.769557564161091)(X_3) + X_4),11,0.26812770149078646,0.25678974404451516,0.26812770149078646,0.25678974404451516,0.7266740663096265,0.7508900060644682
1055,(0.2953623003333466)(1.062417481256856 + X_0 + X_1 + (1.9999580297292574)(X_3) + X_4 - ((X_1)(X_1))),15,0.24000888007678745,0.26239168213379616,0.24000888007678745,0.26239168213379616,0.7553380315564932,0.745455603811993
1056,(0.3343893344194384)(X_0 + X_1 + (1.769557564161119)(X_3) + X_4),11,0.26812770149078646,0.2567897440445142,0.26812770149078646,0.2567897440445142,0.7266740663096265,0.7508900060644692
1057,(0.3313941133854992)(1.5995799747945572 + X_0 + X_1 + X_4 + (-1.765358114179291)(sqrt(X_1) - (X_3))),15,0.24269995879341488,0.23647760561904635,0.24269995879341488,0.23647760561904635,0.7525947804908,0.7705946741726659
1058,(0.35485069997298885)(X_0 + X_1 + (-1.6430638002962523)(-0.889744788627906 + sqrt(X_1) - (X_3))),13,0.32401033303849625,0.3337181677947846,0.32401033303849625,0.3337181677947846,0.6697080297534306,0.6762622624791264
1059,(0.626765528351542)(X_0 + X_1 + X_3 + (-0.4856748024543487)(X_1 - ((X_4 - (X_0))(sqrt(X_1))))),15,0.24806686280319923,0.26237984246533963,0.24806686280319923,0.26237984246533963,0.7471238275033059,0.7454670893942867
1060,(0.3313941133854993)(1.5995799747945598 + X_0 + X_1 + X_4 + (-1.7653581141792887)(sqrt(X_1) - (X_3))),15,0.24269995879341488,0.23647760561904652,0.24269995879341488,0.23647760561904652,0.7525947804908,0.7705946741726658
1061,(0.3343893344194375)(X_0 + X_1 + (1.769557564161084)(X_3) + X_4),11,0.26812770149078646,0.2567897440445155,0.26812770149078646,0.2567897440445155,0.7266740663096265,0.7508900060644679
1062,(0.3343893344194389)(X_0 + X_1 + (1.7695575641611416)(X_3) + X_4),11,0.26812770149078646,0.2567897440445135,0.26812770149078646,0.2567897440445135,0.7266740663096265,0.7508900060644699
1063,(0.3343893344194384)(X_0 + X_1 + (1.7695575641611199)(X_3) + X_4),11,0.26812770149078646,0.2567897440445142,0.26812770149078646,0.2567897440445142,0.7266740663096265,0.7508900060644692
1064,(0.33829849513088106)(0.9328194728945522 + X_0 + X_1 + (1.7500300819022776)(X_3) + X_4 - (sqrt(X_1))),15,0.24510867442488174,0.2355674609991793,0.24510867442488174,0.2355674609991793,0.7501393667259977,0.7714775993127612
1065,(0.33474694879220246)(X_0 + X_1 + (-1.7692439589068398)(-0.03458212108808456 - (X_3)) + X_4),13,0.2677089086990712,0.25871766311649924,0.2677089086990712,0.25871766311649924,0.7271009783003755,0.7490197448119514
1066,(0.6111125210825279)(X_0 + X_1 + X_3 + (-0.3963771979838847)(X_1 + (-1.3453187248737177)((X_4 - (X_0))(sqrt(X_1))))),17,0.24422405537809036,0.2711437753037454,0.24422405537809036,0.2711437753037454,0.7510411360157062,0.7369652574214016
1067,(0.33139411338549923)(1.5995799747945465 + X_0 + X_1 + X_4 + (-1.765358114179349)(sqrt(X_1) - (X_3))),15,0.24269995879341488,0.2364776056190433,0.24269995879341488,0.2364776056190433,0.7525947804908,0.7705946741726689
1068,(0.6267655283515424)(X_0 + X_1 + X_3 + (-0.48567480245437633)(X_1 - ((X_4 - (X_0))(sqrt(X_1))))),15,0.24806686280319917,0.26237984246534585,0.24806686280319917,0.26237984246534585,0.747123827503306,0.7454670893942807
1069,(0.33438933441943836)(X_0 + X_1 + (1.76955756416113)(X_3) + X_4),11,0.26812770149078646,0.256789744044514,0.26812770149078646,0.256789744044514,0.7266740663096265,0.7508900060644693
1070,(-8.648376102354e-07)(-606982.5134170718 + X_0 + X_1 + X_4 + (692851.967417039)(sqrt(X_1) - (X_3))),15,0.5765266279394841,0.6763359142477366,0.5765266279394841,0.6763359142477366,0.41229616334760955,0.34389110389303856
1071,(0.2953623003333466)(1.062417481256856 + X_0 + X_1 + (1.9999580297292578)(X_3) + X_4 - ((X_1)(X_1))),15,0.24000888007678745,0.2623916821337962,0.24000888007678745,0.2623916821337962,0.7553380315564932,0.745455603811993
1072,(0.3343893344194392)(X_0 + X_1 + (1.769557564161114)(X_3) + X_4),11,0.26812770149078646,0.2567897440445139,0.26812770149078646,0.2567897440445139,0.7266740663096265,0.7508900060644694
1073,(0.3527240900704242)(X_0 + X_1 + X_3 + (0.06627254389243029)(X_1 + (10.37261780848189)(X_3))),13,0.3413593039864633,0.3700852206226477,0.3413593039864633,0.3700852206226477,0.6520227116883623,0.6409828304943674
1074,(0.3313941133854991)(1.5995799747945574 + X_0 + X_1 + X_4 + (-1.765358114179291)(sqrt(X_1) - (X_3))),15,0.24269995879341488,0.2364776056190464,0.24269995879341488,0.2364776056190464,0.7525947804908,0.7705946741726659
1075,(0.35626020231384314)(X_0 + X_1 + (0.8266024828035192)((2)(X_3) + X_4)),13,0.265326779786432,0.2501707016001096,0.265326779786432,0.2501707016001096,0.7295292899056212,0.7573110943728044
1076,(0.3313941133854991)(1.5995799747945574 + X_0 + X_1 + X_4 + (-1.765358114179291)(sqrt(X_1) - (X_3))),15,0.24269995879341488,0.2364776056190464,0.24269995879341488,0.2364776056190464,0.7525947804908,0.7705946741726659
1077,(0.33954867950149525)(X_0 + X_1 + (1.7531448849989963)(X_3) + (-0.5246857344026381)((X_1)(X_1) - (exp(X_4)))),16,0.2462889169206427,0.2670758430865443,0.2462889169206427,0.2670758430865443,0.7489362426909154,0.7409115309524094
1078,(0.33438933441943847)(X_0 + X_1 + (1.7695575641611203)(X_3) + X_4),11,0.26812770149078646,0.25678974404451416,0.26812770149078646,0.25678974404451416,0.7266740663096265,0.7508900060644692
1079,(0.3418074444833349)(X_0 + X_1 + (1.7525203291102787)(X_3) + (-0.6132497267467583)((X_1)(X_1) - ((exp(X_4))(sqrt(X_1))))),18,0.2565318429084652,0.2976680143578381,0.2565318429084652,0.2976680143578381,0.7384947355516793,0.7112342725080625
1080,(0.33139411338549973)(1.5995799747945458 + X_0 + X_1 + X_4 + (-1.7653581141792838)(sqrt(X_1) - (X_3))),15,0.24269995879341488,0.23647760561904596,0.24269995879341488,0.23647760561904596,0.7525947804908,0.7705946741726664
1081,(0.35641879205746285)(X_0 + X_1 + (0.8078588455953437)((2.0559171791561592)(X_3) + X_4)),13,0.26527854564500275,0.25044077230860734,0.26527854564500275,0.25044077230860734,0.729578459169627,0.7570491006050768
1082,(0.3313941133854991)(1.5995799747945576 + X_0 + X_1 + X_4 + (-1.7653581141792911)(sqrt(X_1) - (X_3))),15,0.24269995879341488,0.23647760561904635,0.24269995879341488,0.23647760561904635,0.7525947804908,0.7705946741726659
1083,(0.8313097636150137)((0.7085657519168307)(X_3) + sin(X_0 + X_1)),10,0.2711628093766974,0.3297270120546125,0.2711628093766974,0.3297270120546125,0.7235801163292432,0.6801340556690354
1084,(0.3313941133854991)(1.5995799747945574 + X_0 + X_1 + X_4 + (-1.765358114179291)(sqrt(X_1) - (X_3))),15,0.24269995879341488,0.2364776056190464,0.24269995879341488,0.2364776056190464,0.7525947804908,0.7705946741726659
1085,(0.3313941133854991)(1.5995799747945574 + X_0 + X_1 + X_4 + (-1.765358114179291)(sqrt(X_1) - (X_3))),15,0.24269995879341488,0.2364776056190464,0.24269995879341488,0.2364776056190464,0.7525947804908,0.7705946741726659
1086,(0.3313941133854991)(1.5995799747945574 + X_0 + X_1 + X_4 + (-1.765358114179291)((sqrt(X_1))^((2)((2)^(-1))) - (X_3))),20,0.24269995879341488,0.2364776056190464,0.24269995879341488,0.2364776056190464,0.7525947804908,0.7705946741726659
1087,(0.3313941133854995)(1.5995799747945574 + X_0 + X_1 + X_4 + (-1.7653581141792958)(sqrt(X_1) - (X_3))),15,0.24269995879341488,0.23647760561904602,0.24269995879341488,0.23647760561904602,0.7525947804908,0.7705946741726662
1088,(0.3347469487922024)(0.0611842088213416 + X_0 + X_1 + (1.7692439589068396)(X_3) + X_4),13,0.26770890869907127,0.2587176631165019,0.26770890869907127,0.2587176631165019,0.7271009783003753,0.7490197448119489
1089,(0.6297111518660826)(X_0 + X_1 + X_3 + (-0.4873846115010533)(X_1 - ((X_4 - (X_0))((sqrt(X_1))^(sqrt(X_23)))))),18,0.24464586438561944,0.26209571845967966,0.24464586438561944,0.26209571845967966,0.7506111493333124,0.745742716170544
1090,(0.3313941133854991)(1.5995799747945567 + X_0 + X_1 + X_4 + (-1.7653581141792902)(sqrt(X_1) - (X_3))),15,0.24269995879341488,0.23647760561904643,0.24269995879341488,0.23647760561904643,0.7525947804908,0.7705946741726659
1091,(0.33438933441943836)(X_0 + X_1 + (1.7695575641611205)(X_3) + X_4),11,0.26812770149078646,0.25678974404451416,0.26812770149078646,0.25678974404451416,0.7266740663096265,0.7508900060644692
1092,(0.3343893344194384)(X_0 + X_1 + (1.7695575641611196)(X_3) + X_4),11,0.26812770149078646,0.2567897440445142,0.26812770149078646,0.2567897440445142,0.7266740663096265,0.7508900060644691
1093,(0.33139411338549896)(1.5995799747945507 + X_0 + X_1 + X_4 + (-1.7653581141793055)(sqrt(X_1) - (X_3))),15,0.24269995879341488,0.2364776056190455,0.24269995879341488,0.2364776056190455,0.7525947804908,0.7705946741726668
1094,(0.3313941133854991)(1.5995799747945574 + X_0 + X_1 + X_4 + (-1.7653581141792911)(sqrt(X_1) - (X_3))),15,0.24269995879341488,0.23647760561904635,0.24269995879341488,0.23647760561904635,0.7525947804908,0.7705946741726659
1095,(0.6267655283515422)(X_0 + X_1 + X_3 + (-0.4856748024543768)(X_1 - ((X_4 - (X_0))(sqrt(X_1))))),15,0.24806686280319917,0.262379842465346,0.24806686280319917,0.262379842465346,0.747123827503306,0.7454670893942806
1096,(0.3313941133854991)(1.5995799747945574 + X_0 + X_1 + X_4 + (-1.7653581141792911)(sqrt(X_1) - (X_3))),15,0.24269995879341488,0.23647760561904635,0.24269995879341488,0.23647760561904635,0.7525947804908,0.7705946741726659
1097,(0.5890376277316747)(X_3) + (0.8313097636150137)(sin(X_0 + X_1)),10,0.2711628093766974,0.3297270120546125,0.2711628093766974,0.3297270120546125,0.7235801163292432,0.6801340556690354
1098,(0.3313941133854991)(1.5995799747945576 + X_0 + X_1 + X_4 + (-1.7653581141792911)(sqrt(X_1) - (X_3))),15,0.24269995879341488,0.23647760561904635,0.24269995879341488,0.23647760561904635,0.7525947804908,0.7705946741726659
1099,(0.3313941133854993)(1.5995799747945598 + X_0 + X_1 + X_4 + (-1.7653581141792887)(sqrt(X_1) - (X_3))),15,0.24269995879341488,0.23647760561904652,0.24269995879341488,0.23647760561904652,0.7525947804908,0.7705946741726658
1100,(0.6267655283515422)(X_0 + X_1 + X_3 + (-0.4856748024543769)(X_1 - ((X_4 - (X_0))(sqrt(X_1))))),15,0.24806686280319923,0.262379842465346,0.24806686280319923,0.262379842465346,0.7471238275033059,0.7454670893942806
1101,(0.33139411338549896)(1.5995799747945438 + X_0 + X_1 + X_4 + (-1.7653581141792474)(sqrt(X_1) - (X_3))),15,0.24269995879341488,0.2364776056190478,0.24269995879341488,0.2364776056190478,0.7525947804908,0.7705946741726646
1102,(0.3313941133854992)(1.5995799747945574 + X_0 + X_1 + X_4 + (-1.765358114179291)(sqrt(X_1) - (X_3))),15,0.24269995879341488,0.23647760561904635,0.24269995879341488,0.23647760561904635,0.7525947804908,0.7705946741726659
1103,(0.2953623003333466)(1.062417481256856 + X_0 + X_1 + (1.9999580297292576)(X_3) + X_4 - ((X_1)(X_1))),15,0.24000888007678745,0.2623916821337962,0.24000888007678745,0.2623916821337962,0.7553380315564932,0.745455603811993
1104,(0.3395486795014956)(X_0 + X_1 + (1.7531448849989948)(X_3) + (-0.5246857344026212)((X_1)(X_1) - (exp(X_4)))),16,0.2462889169206427,0.26707584308654336,0.2462889169206427,0.26707584308654336,0.7489362426909154,0.7409115309524102
1105,(0.3343893344194384)(X_0 + X_1 + (1.7695575641611194)(X_3) + X_4),11,0.2681277014907864,0.2567897440445142,0.2681277014907864,0.2567897440445142,0.7266740663096265,0.7508900060644692
1106,(0.6947594448714949)(X_1 + (-0.8796030418781302)((0.5332536665608898)(X_1 - ((X_4 - (X_0))(sqrt(X_1)))) - (X_0 + X_3))),17,0.24422405537809036,0.27114377530378975,0.24422405537809036,0.27114377530378975,0.7510411360157062,0.7369652574213585
1107,(0.3343893344194384)(X_0 + X_1 + (1.7695575641611208)(X_3) + X_4),11,0.26812770149078646,0.25678974404451416,0.26812770149078646,0.25678974404451416,0.7266740663096265,0.7508900060644692
1108,(0.3313941133854993)(1.5995799747945598 + X_0 + X_1 + X_4 + (-1.7653581141792887)(sqrt(X_1) - (X_3))),15,0.24269995879341488,0.23647760561904652,0.24269995879341488,0.23647760561904652,0.7525947804908,0.7705946741726658
1109,(0.3313941133854991)(1.5995799747945574 + X_0 + X_1 + X_4 + (-1.7653581141792911)(sqrt(X_1) - (X_3))),15,0.24269995879341488,0.23647760561904635,0.24269995879341488,0.23647760561904635,0.7525947804908,0.7705946741726659
1110,(0.3347469487922026)(0.06118420882133768 + X_0 + X_1 + (1.769243958906849)(X_3) + X_4),13,0.2677089086990712,0.2587176631165014,0.2677089086990712,0.2587176631165014,0.7271009783003755,0.7490197448119493
1111,-1 + (0.33139411338549923)(4.61713508397882 + X_0 + X_1 + X_4 + (-1.7653581141792998)(sqrt(X_1) - (X_3))),17,0.24269995879341488,0.23647760561904618,0.24269995879341488,0.23647760561904618,0.7525947804908,0.7705946741726661
1112,(0.6267655283515422)(X_0 + X_1 + X_3 + (-0.4856748024543768)(X_1 - ((X_4 - (X_0))(sqrt(X_1))))),15,0.24806686280319917,0.262379842465346,0.24806686280319917,0.262379842465346,0.747123827503306,0.7454670893942806
1113,(0.3313941133854991)(1.5995799747945574 + X_0 + X_1 + X_4 + (-1.765358114179291)(sqrt(X_1) - (X_3))),15,0.24269995879341488,0.2364776056190464,0.24269995879341488,0.2364776056190464,0.7525947804908,0.7705946741726659
1114,(-9.043703571033643e-07)(-580448.4989226168 + X_0 + X_1 + X_4 + (662564.2336530208)(sqrt(X_1) - (X_3))),15,0.576526707759236,0.6763359375827985,0.576526707759236,0.6763359375827985,0.41229608198038004,0.34389108125585277
1115,(0.33068811464456227)(X_0 + X_1 + X_4 - ((X_3)(-0.911915938874948 - (sqrt(X_7))))),14,0.266171565830136,0.25613513994555465,0.266171565830136,0.25613513994555465,0.7286681258674401,0.7515250330735452
1116,(0.3564187920574627)(X_0 + X_1 + (0.8078588455953432)((2.0559171791563573)(X_3) + X_4)),13,0.26527854564500275,0.2504407723086047,0.26527854564500275,0.2504407723086047,0.729578459169627,0.7570491006050795
1117,(-0.8313097636150137)((-0.7085657519168304)(X_3) - (sin(X_0 + X_1))),10,0.2711628093766974,0.3297270120546125,0.2711628093766974,0.3297270120546125,0.7235801163292432,0.6801340556690354
1118,(0.3343893344194384)(X_0 + X_1 + (1.7695575641611196)(X_3) + X_4),11,0.26812770149078646,0.2567897440445142,0.26812770149078646,0.2567897440445142,0.7266740663096265,0.7508900060644691
1119,(-0.013555616108201612)(X_0 + X_1 + ((-1)(2.519667385667929))(X_3) + ((2.519667385667929 + (X_1)(X_3))^(-1))(((X_1)(X_1))((X_1)(X_1)) + exp(2.519667385667929 + (X_1)(X_3)))),20,0.9450141073113781,1.0445839584330756,0.9450141073113781,1.0445839584330756,0.036664761621681974,-0.013343833176250763
1120,(0.33662712628716146)(-0.25048397506487363 + X_0 + X_1 + (1.7617021130188582)(X_3) + (-0.5706191411121593)((X_1)(X_1) - (exp(X_4)))),18,0.23976885790237845,0.24992060590178652,0.23976885790237845,0.24992060590178652,0.7555827070770081,0.7575537105182599
1121,(0.3313941133854992)(1.5995799747945574 + X_0 + X_1 + X_4 + (1.765358114179291)(X_3 - (sqrt(X_1)))),15,0.24269995879341488,0.23647760561904635,0.24269995879341488,0.23647760561904635,0.7525947804908,0.7705946741726659
1122,(0.3343893344194384)(X_0 + X_1 + (1.7695575641611199)(X_3) + X_4),11,0.26812770149078646,0.2567897440445142,0.26812770149078646,0.2567897440445142,0.7266740663096265,0.7508900060644692
1123,(0.3313941133854991)(1.5995799747945574 + X_0 + X_1 + X_4 + (-1.765358114179291)(sqrt(X_1) - (X_3))),15,0.24269995879341488,0.2364776056190464,0.24269995879341488,0.2364776056190464,0.7525947804908,0.7705946741726659
1124,(0.3313941133854991)(1.5995799747945576 + X_0 + X_1 + X_4 + (-1.7653581141792911)(sqrt(X_1) - (X_3))),15,0.24269995879341488,0.23647760561904635,0.24269995879341488,0.23647760561904635,0.7525947804908,0.7705946741726659
1125,(0.6267655283515422)(X_0 + X_1 + X_3 + (-0.48567480245437683)(X_1 - ((X_4 - (X_0))(sqrt(X_1))))),15,0.24806686280319917,0.26237984246534596,0.24806686280319917,0.26237984246534596,0.747123827503306,0.7454670893942806
1126,(0.3313941133854991)(1.5995799747945574 + X_0 + X_1 + X_4 + (-1.765358114179291)(sqrt(X_1) - (X_3))),15,0.24269995879341488,0.2364776056190464,0.24269995879341488,0.2364776056190464,0.7525947804908,0.7705946741726659
1127,(0.2953623003333466)(1.062417481256856 + X_0 + X_1 + (1.9999580297292576)(X_3) + X_4 - ((X_1)(X_1))),15,0.24000888007678745,0.2623916821337962,0.24000888007678745,0.2623916821337962,0.7553380315564932,0.745455603811993
1128,(0.3343893344194384)(X_0 + X_1 + ((-1)(-1.38477878208056))(X_3) + ((-1)(1 + -1.38477878208056))(X_3) + X_4),18,0.26812770149078646,0.2567897440445142,0.26812770149078646,0.2567897440445142,0.7266740663096265,0.7508900060644692
1129,(0.2953623003333466)(1.0624174812568508 + X_0 + X_1 + (1.9999580297292567)(X_3) + X_4 - ((X_1)(X_1))),15,0.2400088800767874,0.262391682133796,0.2400088800767874,0.262391682133796,0.7553380315564933,0.7454556038119933
1130,(0.3343893344194384)(X_0 + X_1 + (1.7695575641611199)(X_3) + X_4),11,0.26812770149078646,0.2567897440445142,0.26812770149078646,0.2567897440445142,0.7266740663096265,0.7508900060644692
1131,(0.3313941133854991)(1.5995799747945574 + X_0 + X_1 + X_4 + (-1.765358114179291)(sqrt(X_1) - (X_3))),15,0.24269995879341488,0.2364776056190464,0.24269995879341488,0.2364776056190464,0.7525947804908,0.7705946741726659
1132,(0.3313941133854991)(1.5995799747945574 + X_0 + X_1 + X_4 + (-1.765358114179291)(sqrt(X_1) - (X_3))),15,0.24269995879341488,0.2364776056190464,0.24269995879341488,0.2364776056190464,0.7525947804908,0.7705946741726659
1133,(0.33139411338549907)(1.5995799747945552 + X_0 + X_1 + X_4 + (-1.7653581141792571)(sqrt(X_1) - (X_3))),15,0.24269995879341488,0.2364776056190478,0.24269995879341488,0.2364776056190478,0.7525947804908,0.7705946741726646
1134,(0.34643749820547887)(X_0 + X_1 + (-1.686461251726248)(-0.9050550452067906 + (-0.5129324437103822)(X_4) + sqrt(X_1) - (X_3))),17,0.2413729460691703,0.2301755092853615,0.2413729460691703,0.2301755092853615,0.7539475202109277,0.7767082952026134
1135,(0.3343893344194384)(X_0 + X_1 + (1.7695575641611196)(X_3) + X_4),11,0.26812770149078646,0.2567897440445142,0.26812770149078646,0.2567897440445142,0.7266740663096265,0.7508900060644691
1136,(0.3282109736582257)(1.6101859333390958 + X_1 + X_4 + (0.004121800579087065)((X_31)^(-1)) + (-1.7709728161535006)(sqrt(X_1) - (X_3))),19,0.3606161567323153,0.44759961591004843,0.3606161567323153,0.44759961591004843,0.632392523433163,0.5657866398839921
1137,(0.328484916602663)(0.7297982418544814 + X_0 + X_1 + X_4 + (-1.7806114218264657)(sqrt(X_1) - (X_3)) + sqrt(X_19)),18,0.24193876271692047,0.23985913037452947,0.24193876271692047,0.23985913037452947,0.7533707339904663,0.7673142798778485
1138,(0.33438933441943847)(X_0 + X_1 + (1.769557564161118)(X_3) + X_4),11,0.26812770149078646,0.2567897440445142,0.26812770149078646,0.2567897440445142,0.7266740663096265,0.7508900060644691
1139,(0.3313941133854992)(1.5995799747945572 + X_0 + X_1 + X_4 + (-1.765358114179291)(sqrt(X_1) - (X_3))),15,0.24269995879341488,0.23647760561904635,0.24269995879341488,0.23647760561904635,0.7525947804908,0.7705946741726659
1140,(0.6267655283515422)(X_0 + X_1 + X_3 + (-0.4856748024543768)(X_1 - ((X_4 - (X_0))(sqrt(X_1))))),15,0.24806686280319917,0.262379842465346,0.24806686280319917,0.262379842465346,0.747123827503306,0.7454670893942806
1141,(0.3343893344194384)(X_0 + X_1 + (1.7695575641611196)(X_3) + X_4),11,0.26812770149078646,0.2567897440445142,0.26812770149078646,0.2567897440445142,0.7266740663096265,0.7508900060644691
1142,(0.3303379032185603)(1.5521816579225727 + X_0 + X_1 + X_4 - ((1.9206692116649189 + (0.17765496196565314)(X_3))(sqrt(X_1) - (X_3)))),18,0.23970355499576654,0.24653049681885006,0.23970355499576654,0.24653049681885006,0.7556492760209224,0.7608424324110808
1143,(0.3329550356441263)(X_0 + X_1 + X_4 + (1.785172870223969)(X_3 + (-0.14556841431867157)(log((X_1)((X_1)(X_1) + X_47))))),19,0.24844561209446756,0.25336303129599513,0.24844561209446756,0.25336303129599513,0.7467377353423882,0.7542142369257079
1144,(0.3313941133854991)(1.5995799747945574 + X_0 + X_1 + X_4 + (-1.765358114179291)(sqrt(X_1) - (X_3))),15,0.24269995879341488,0.2364776056190464,0.24269995879341488,0.2364776056190464,0.7525947804908,0.7705946741726659
1145,(0.3313941133854992)(1.5995799747945574 + X_0 + X_1 + X_4 + (-1.765358114179291)(sqrt(X_1) - (X_3))),15,0.24269995879341488,0.23647760561904635,0.24269995879341488,0.23647760561904635,0.7525947804908,0.7705946741726659
1146,(0.6270860681065343)(0.021855220923650158 + X_0 + X_1 + X_3 + (-0.48567772889555)(X_1 - ((X_4 - (X_0))(sqrt(X_1))))),17,0.24787922392010175,0.26329209848280016,0.24787922392010175,0.26329209848280016,0.7473151041697379,0.7445821160016662
1147,(0.6267655283515422)(X_0 + X_1 + X_3 + (-0.4856748024543762)(X_1 - ((X_4 - (X_0))(sqrt(X_1))))),15,0.24806686280319917,0.2623798424653459,0.24806686280319917,0.2623798424653459,0.747123827503306,0.7454670893942807
1148,(0.33359361847208285)(X_0 + X_1 + X_4 + (1.6580060536813284)(sqrt(X_1) + (-1.0682824093641254)(sqrt(X_1) - (X_3)))),16,0.2669062282052951,0.25189869469722354,0.2669062282052951,0.25189869469722354,0.7279192204819799,0.7556347799563374
1149,(0.3343893344194385)(X_0 + X_1 + (1.769557564161118)(X_3) + X_4),11,0.26812770149078646,0.25678974404451416,0.26812770149078646,0.25678974404451416,0.7266740663096265,0.7508900060644692
1150,(0.3313941133854991)(1.5995799747945574 + X_0 + X_1 + X_4 + (-1.765358114179291)(sqrt(X_1) - (X_3))),15,0.24269995879341488,0.2364776056190464,0.24269995879341488,0.2364776056190464,0.7525947804908,0.7705946741726659
1151,(0.3313941133854991)(1.5995799747945574 + X_0 + X_1 + X_4 + (-1.765358114179291)(sqrt(X_1) - (X_3))),15,0.24269995879341488,0.2364776056190464,0.24269995879341488,0.2364776056190464,0.7525947804908,0.7705946741726659
1152,(0.3313941133854993)(1.5995799747945498 + X_0 + X_1 + X_4 + (-1.765358114179288)(sqrt(X_1) - (X_3))),15,0.24269995879341488,0.2364776056190461,0.24269995879341488,0.2364776056190461,0.7525947804908,0.7705946741726661
1153,(0.33139411338549907)(1.599579974794544 + X_0 + X_1 + X_4 + (1.7653581141792856)(X_3 - (sqrt(X_1)))),15,0.24269995879341488,0.2364776056190461,0.24269995879341488,0.2364776056190461,0.7525947804908,0.7705946741726661
1154,(0.3313941133854992)(1.5995799747945578 + X_0 + X_1 + X_4 + (-1.7653581141792913)(sqrt(X_1) - (X_3))),15,0.24269995879341488,0.23647760561904635,0.24269995879341488,0.23647760561904635,0.7525947804908,0.7705946741726659
1155,(0.33139411338549934)(1.5995799747945523 + X_0 + X_1 + X_4 + (-1.765358114179305)(sqrt(X_1) - (X_3))),15,0.24269995879341488,0.2364776056190454,0.24269995879341488,0.2364776056190454,0.7525947804908,0.7705946741726668
1156,(0.6947594448714949)(X_1 + (-0.8796030418781301)((0.5332536665608898)(X_1 - ((X_4 - (X_0))(sqrt(X_1)))) - (X_0 + X_3))),17,0.24422405537809033,0.27114377530378975,0.24422405537809033,0.27114377530378975,0.7510411360157062,0.7369652574213585
1157,(0.3313941133854991)(1.5995799747945574 + X_0 + X_1 + X_4 + (-1.765358114179291)(sqrt(X_1) - (X_3))),15,0.24269995879341488,0.2364776056190464,0.24269995879341488,0.2364776056190464,0.7525947804908,0.7705946741726659
1158,(0.3313941133854992)(1.599579974794557 + X_0 + X_1 + X_4 + (-1.7653581141792907)(sqrt(X_1) - (X_3))),15,0.24269995879341488,0.23647760561904635,0.24269995879341488,0.23647760561904635,0.7525947804908,0.7705946741726659
1159,(0.6267655283515422)(X_0 + X_1 + X_3 + (-0.4856748024543768)(X_1 - ((X_4 - (X_0))(sqrt(X_1))))),15,0.24806686280319917,0.262379842465346,0.24806686280319917,0.262379842465346,0.747123827503306,0.7454670893942806
1160,(0.3343893344194384)(X_0 + X_1 + (1.7695575641611196)(X_3) + X_4),11,0.26812770149078646,0.2567897440445142,0.26812770149078646,0.2567897440445142,0.7266740663096265,0.7508900060644691
1161,(0.3313941133854993)(1.5995799747945598 + X_0 + X_1 + X_4 + (-1.7653581141792887)(sqrt(X_1) - (X_3))),15,0.24269995879341488,0.23647760561904652,0.24269995879341488,0.23647760561904652,0.7525947804908,0.7705946741726658
1162,(0.33438933441943824)(X_0 + X_1 + (1.7695575641610972)(X_3) + X_4),11,0.26812770149078646,0.25678974404451477,0.26812770149078646,0.25678974404451477,0.7266740663096265,0.7508900060644685
1163,(0.33139411338549934)(1.5995799747945603 + X_0 + X_1 + X_4 + (-1.765358114179289)(sqrt(X_1) - (X_3))),15,0.24269995879341488,0.23647760561904652,0.24269995879341488,0.23647760561904652,0.7525947804908,0.7705946741726658
1164,(0.3313941133854992)(1.5995799747945572 + X_0 + X_1 + X_4 + (-0.8826790570896454)((-2)(X_3) + (2)(sqrt(X_1)))),19,0.24269995879341488,0.23647760561904635,0.24269995879341488,0.23647760561904635,0.7525947804908,0.7705946741726659
1165,(0.3313941133854992)(1.5995799747945574 + X_0 + X_1 + X_4 + (-1.765358114179291)(sqrt(X_1) - (X_3))),15,0.24269995879341488,0.23647760561904635,0.24269995879341488,0.23647760561904635,0.7525947804908,0.7705946741726659
1166,(0.3313941133854991)(1.5995799747945574 + X_0 + X_1 + X_4 + (-1.7653581141792911)(sqrt(X_1) - (X_3))),15,0.24269995879341488,0.23647760561904635,0.24269995879341488,0.23647760561904635,0.7525947804908,0.7705946741726659
1167,(0.3313941133854991)(1.5995799747945574 + X_0 + X_1 + X_4 + (-1.765358114179291)(sqrt(X_1) - (X_3))),15,0.24269995879341488,0.2364776056190464,0.24269995879341488,0.2364776056190464,0.7525947804908,0.7705946741726659
1168,(0.331394113385499)(1.5995799747945592 + X_0 + X_1 + X_4 + (-1.765358114179291)(sqrt(X_1) - (X_3))),15,0.24269995879341488,0.2364776056190465,0.24269995879341488,0.2364776056190465,0.7525947804908,0.7705946741726658
1169,(0.346437498205478)(X_0 + X_1 + (-0.8650406910708185)(-1.7644722152101182 + (1.9495744756684568)(sqrt(X_1) - (X_3)) - (X_4))),17,0.2413729460691703,0.23017550928536165,0.2413729460691703,0.23017550928536165,0.7539475202109277,0.7767082952026132
1170,(0.33139411338549923)(1.5995799747945567 + X_0 + X_1 + X_4 + (-1.765358114179296)(sqrt(X_1) - (X_3))),15,0.24269995879341488,0.2364776056190461,0.24269995879341488,0.2364776056190461,0.7525947804908,0.7705946741726661
1171,(0.33954867950149553)(X_0 + X_1 + (1.7531448849989923)(X_3) + (-0.524685734402648)((X_1)(X_1) - (exp(X_4)))),16,0.24628891692064267,0.26707584308654464,0.24628891692064267,0.26707584308654464,0.7489362426909154,0.740911530952409
1172,(0.3313941133854992)(1.5995799747945572 + X_0 + X_1 + X_4 + (-1.765358114179291)(sqrt(X_1) - (X_3))),15,0.24269995879341488,0.23647760561904635,0.24269995879341488,0.23647760561904635,0.7525947804908,0.7705946741726659
1173,(0.3313941133854992)(1.599579974794557 + X_0 + X_1 + X_4 + (-1.7653581141792907)(sqrt(X_1) - (X_3))),15,0.24269995879341488,0.23647760561904635,0.24269995879341488,0.23647760561904635,0.7525947804908,0.7705946741726659
1174,(0.33139411338549957)(1.5995799747945507 + X_0 + X_1 + X_4 + (-1.7653581141792896)(sqrt(X_1) - (X_3))),15,0.24269995879341488,0.23647760561904602,0.24269995879341488,0.23647760561904602,0.7525947804908,0.7705946741726662
1175,(0.3313941133854991)(1.5995799747945574 + X_0 + X_1 + X_4 + (-1.765358114179291)(sqrt(X_1) - (X_3))),15,0.24269995879341488,0.2364776056190464,0.24269995879341488,0.2364776056190464,0.7525947804908,0.7705946741726659
1176,(0.356260202313844)(X_0 + X_1 + (0.8266024828034979)((2)(X_3) + X_4)),13,0.265326779786432,0.25017070160011057,0.265326779786432,0.25017070160011057,0.7295292899056212,0.7573110943728035
1177,(0.3313941133854992)(1.5995799747945554 + X_0 + X_1 + X_4 + (-1.765358114179292)(sqrt(X_1) - (X_3))),15,0.24269995879341488,0.23647760561904618,0.24269995879341488,0.23647760561904618,0.7525947804908,0.7705946741726661
1178,(0.3343893344194384)(X_0 + X_1 + (1.7695575641611199)(X_3) + X_4),11,0.26812770149078646,0.2567897440445142,0.26812770149078646,0.2567897440445142,0.7266740663096265,0.7508900060644692
1179,(0.3313941133854991)(1.5995799747945574 + X_0 + X_1 + X_4 + (-1.7653581141792911)(sqrt(X_1) - (X_3))),15,0.24269995879341488,0.23647760561904635,0.24269995879341488,0.23647760561904635,0.7525947804908,0.7705946741726659
1180,(0.3313941133854991)(1.5995799747945574 + X_0 + X_1 + X_4 + (-1.765358114179291)(sqrt(X_1) - (X_3))),15,0.24269995879341488,0.2364776056190464,0.24269995879341488,0.2364776056190464,0.7525947804908,0.7705946741726659
1181,(0.3382984951308809)(0.9328194728945507 + X_0 + X_1 + (1.750030081902275)(X_3) + X_4 - (sqrt(X_1))),15,0.24510867442488168,0.23556746099917938,0.24510867442488168,0.23556746099917938,0.7501393667259977,0.7714775993127612
1182,(0.3313941133854993)(1.5995799747945598 + X_0 + X_1 + X_4 + (-1.7653581141792887)(sqrt(X_1) - (X_3))),15,0.24269995879341488,0.23647760561904652,0.24269995879341488,0.23647760561904652,0.7525947804908,0.7705946741726658
1183,(0.6267655283515422)(X_0 + X_1 + X_3 + (-0.4856748024543768)(X_1 - ((X_4 - (X_0))(sqrt(X_1))))),15,0.24806686280319917,0.262379842465346,0.24806686280319917,0.262379842465346,0.747123827503306,0.7454670893942806
1184,(0.33068811464456255)(X_0 + X_1 + X_4 - ((X_3)(-0.9119159388749911 - (sqrt(X_7))))),14,0.266171565830136,0.2561351399455533,0.266171565830136,0.2561351399455533,0.7286681258674401,0.7515250330735465
1185,(0.3313941133854992)(1.599579974794557 + X_0 + X_1 + X_4 + (-1.7653581141792907)(sqrt(X_1) - (X_3))),15,0.24269995879341488,0.23647760561904635,0.24269995879341488,0.23647760561904635,0.7525947804908,0.7705946741726659
1186,(0.3313941133854991)(1.5995799747945574 + X_0 + X_1 + X_4 + (-1.7653581141792911)(sqrt(X_1) - (X_3))),15,0.24269995879341488,0.23647760561904635,0.24269995879341488,0.23647760561904635,0.7525947804908,0.7705946741726659
1187,(0.3313941133854991)(1.5995799747945574 + X_0 + X_1 + X_4 + (-1.765358114179291)(sqrt(X_1) - (X_3))),15,0.24269995879341488,0.2364776056190464,0.24269995879341488,0.2364776056190464,0.7525947804908,0.7705946741726659
1188,(0.3395486795014954)(X_0 + X_1 + (1.7531448849989948)(X_3) + (-0.524685734402651)((X_1)(X_1) - (exp(X_4)))),16,0.2462889169206427,0.2670758430865449,0.2462889169206427,0.2670758430865449,0.7489362426909154,0.7409115309524088
1189,(0.3313941133854991)(1.5995799747945574 + X_0 + X_1 + X_4 + (-1.765358114179291)(sqrt(X_1) - (X_3))),15,0.24269995879341488,0.2364776056190464,0.24269995879341488,0.2364776056190464,0.7525947804908,0.7705946741726659
1190,(0.3343893344194384)(X_0 + X_1 + (1.7695575641611194)(X_3) + X_4),11,0.2681277014907864,0.2567897440445142,0.2681277014907864,0.2567897440445142,0.7266740663096265,0.7508900060644692
1191,(0.3343893344194384)(X_0 + X_1 + (1.7695575641611196)(X_3) + X_4),11,0.26812770149078646,0.2567897440445142,0.26812770149078646,0.2567897440445142,0.7266740663096265,0.7508900060644691
1192,(0.3313941133854991)(1.5995799747945574 + X_0 + X_1 + X_4 + (-1.765358114179291)(sqrt(X_1) - (X_3))),15,0.24269995879341488,0.2364776056190464,0.24269995879341488,0.2364776056190464,0.7525947804908,0.7705946741726659
1193,(0.3313941133854992)(1.5995799747945572 + X_0 + X_1 + X_4 + (1.765358114179291)(X_3 - (sqrt(X_1)))),15,0.24269995879341488,0.23647760561904635,0.24269995879341488,0.23647760561904635,0.7525947804908,0.7705946741726659
1194,(0.3313941133854991)(1.5995799747945574 + X_0 + X_1 + X_4 + (-1.765358114179291)(sqrt(X_1) - (X_3))),15,0.24269995879341488,0.2364776056190464,0.24269995879341488,0.2364776056190464,0.7525947804908,0.7705946741726659
1195,(0.3343893344194389)(X_0 + X_1 + (1.7695575641611416)(X_3) + X_4),11,0.26812770149078646,0.2567897440445135,0.26812770149078646,0.2567897440445135,0.7266740663096265,0.7508900060644699
1196,(0.3313941133854992)(1.5995799747945436 + X_0 + X_1 + X_4 + (-1.7653581141792982)(sqrt(X_1) - (X_3))),15,0.24269995879341488,0.2364776056190455,0.24269995879341488,0.2364776056190455,0.7525947804908,0.7705946741726668
1197,(0.3343893344194386)(X_0 + X_1 + (1.7695575641611638)(X_3) + X_4),11,0.26812770149078646,0.2567897440445131,0.26812770149078646,0.2567897440445131,0.7266740663096265,0.7508900060644702
1198,(0.31858300773797477)(X_0 + X_1 + X_4 + (1.82334463391017)((X_1)(X_1) + X_3 - (((X_1)(X_1))(sqrt(X_1))))),16,0.2413845084837697,0.24214613099960128,0.2413845084837697,0.24214613099960128,0.7539357336340521,0.76509567603928
1199,(0.3313941133854993)(1.5995799747945598 + X_0 + X_1 + X_4 + (-1.7653581141792887)(sqrt(X_1) - (X_3))),15,0.24269995879341488,0.23647760561904652,0.24269995879341488,0.23647760561904652,0.7525947804908,0.7705946741726658
1200,(0.3343893344194384)(X_0 + X_1 + (1.7695575641611196)(X_3) + X_4),11,0.26812770149078646,0.2567897440445142,0.26812770149078646,0.2567897440445142,0.7266740663096265,0.7508900060644691
1201,(0.3313941133854991)(1.5995799747945574 + X_0 + X_1 + X_4 + (-1.765358114179291)(sqrt(X_1) - (X_3))),15,0.24269995879341488,0.2364776056190464,0.24269995879341488,0.2364776056190464,0.7525947804908,0.7705946741726659
1202,(0.3343893344194384)(X_0 + X_1 + (1.7695575641611199)(X_3) + X_4),11,0.26812770149078646,0.2567897440445142,0.26812770149078646,0.2567897440445142,0.7266740663096265,0.7508900060644692
1203,(0.2953623003333467)(1.0624174812568556 + X_0 + X_1 + (1.9999580297292567)(X_3) + X_4 - ((X_1)(X_1))),15,0.24000888007678745,0.26239168213379616,0.24000888007678745,0.26239168213379616,0.7553380315564932,0.745455603811993
1204,(0.3418074444833348)(X_0 + X_1 + (1.7525203291102511)(X_3) + (-0.6132497267467154)((X_1)(X_1) - ((exp(X_4))(sqrt(X_1))))),18,0.2565318429084652,0.2976680143578347,0.2565318429084652,0.2976680143578347,0.7384947355516793,0.7112342725080658
1205,(0.3313941133854991)(1.5995799747945574 + X_0 + X_1 + X_4 + (-1.765358114179291)(sqrt(X_1) - (X_3))),15,0.24269995879341488,0.2364776056190464,0.24269995879341488,0.2364776056190464,0.7525947804908,0.7705946741726659
1206,(0.33139411338549923)(1.599579974794553 + X_0 + X_1 + X_4 + (-1.7653581141792873)(sqrt(X_1) - (X_3))),15,0.24269995879341488,0.23647760561904635,0.24269995879341488,0.23647760561904635,0.7525947804908,0.7705946741726659
1207,(0.3343893344194384)(X_0 + X_1 + (1.7695575641611094)(X_3) + X_4),11,0.26812770149078646,0.2567897440445144,0.26812770149078646,0.2567897440445144,0.7266740663096265,0.750890006064469
1208,(0.3313941133854991)(1.5995799747945574 + X_0 + X_1 + X_4 + (-1.765358114179291)(sqrt(X_1) - (X_3))),15,0.24269995879341488,0.2364776056190464,0.24269995879341488,0.2364776056190464,0.7525947804908,0.7705946741726659
1209,(0.3313941133854992)(1.5995799747945572 + X_0 + X_1 + X_4 + (-1.765358114179291)(sqrt(X_1) - (X_3))),15,0.24269995879341488,0.23647760561904635,0.24269995879341488,0.23647760561904635,0.7525947804908,0.7705946741726659
1210,(0.2953623003333466)(1.062417481256856 + X_0 + X_1 + (1.9999580297292576)(X_3) + X_4 - ((X_1)(X_1))),15,0.24000888007678745,0.2623916821337962,0.24000888007678745,0.2623916821337962,0.7553380315564932,0.745455603811993
1211,(0.33557134000585476)(X_0 + X_1 + (-1.7679588295598665)(0.17432251055210987 - (X_3)) + X_4 + sqrt((0.17432251055210987)(X_3))),16,0.26563282907946656,0.26427753824603506,0.26563282907946656,0.26427753824603506,0.7292173071887708,0.7436261475522381
1212,(0.3313941133854992)(1.5995799747945572 + X_0 + X_1 + X_4 + (-1.765358114179291)(sqrt(X_1) - (X_3))),15,0.24269995879341488,0.23647760561904635,0.24269995879341488,0.23647760561904635,0.7525947804908,0.7705946741726659
1213,(0.3313941133854993)(1.5995799747945598 + X_0 + X_1 + X_4 + (-1.7653581141792887)(sqrt(X_1) - (X_3))),15,0.24269995879341488,0.23647760561904652,0.24269995879341488,0.23647760561904652,0.7525947804908,0.7705946741726658
1214,(0.341807444483335)(X_0 + X_1 + (1.7525203291102756)(X_3) + (-0.6132497267467534)((X_1)(X_1) - ((exp(X_4))(sqrt(X_1))))),18,0.25653184290846515,0.29766801435783763,0.25653184290846515,0.29766801435783763,0.7384947355516794,0.7112342725080629
1215,(0.3313941133854991)(1.5995799747945574 + X_0 + X_1 + X_4 + (-1.765358114179291)(sqrt(X_1) - (X_3))),15,0.24269995879341488,0.2364776056190464,0.24269995879341488,0.2364776056190464,0.7525947804908,0.7705946741726659
1216,(0.2953623003333466)(1.062417481256856 + X_0 + X_1 + (1.9999580297292574)(X_3) + X_4 - ((X_1)(X_1))),15,0.24000888007678745,0.26239168213379616,0.24000888007678745,0.26239168213379616,0.7553380315564932,0.745455603811993
1217,(0.3313941133854991)(1.5995799747945574 + X_0 + X_1 + X_4 + (-1.765358114179291)(sqrt(X_1) - (X_3))),15,0.24269995879341488,0.2364776056190464,0.24269995879341488,0.2364776056190464,0.7525947804908,0.7705946741726659
1218,(0.3313941133854992)(1.599579974794557 + X_0 + X_1 + X_4 + (-1.7653581141792907)(sqrt(X_1) - (X_3))),15,0.24269995879341488,0.23647760561904635,0.24269995879341488,0.23647760561904635,0.7525947804908,0.7705946741726659
1219,(0.33139411338549885)(1.5995799747945574 + X_0 + X_1 + X_4 + (-1.765358114179297)(sqrt(X_1) - (X_3))),15,0.24269995879341488,0.23647760561904624,0.24269995879341488,0.23647760561904624,0.7525947804908,0.770594674172666
1220,(0.33438933441943836)(X_0 + X_1 + (1.7695575641611194)(X_3) + X_4),11,0.26812770149078646,0.2567897440445142,0.26812770149078646,0.2567897440445142,0.7266740663096265,0.7508900060644691
1221,(0.33139411338549946)(1.5995799747945627 + X_0 + X_1 + X_4 + (-1.7653581141792936)(sqrt(X_1) - (X_3))),15,0.24269995879341488,0.2364776056190464,0.24269995879341488,0.2364776056190464,0.7525947804908,0.7705946741726659
1222,(0.3343893344194384)(X_0 + X_1 + (1.7695575641611199)(X_3) + X_4),11,0.26812770149078646,0.2567897440445142,0.26812770149078646,0.2567897440445142,0.7266740663096265,0.7508900060644692
1223,(0.3313941133854993)(1.5995799747945598 + X_0 + X_1 + X_4 + (-1.7653581141792887)(sqrt(X_1) - (X_3))),15,0.24269995879341488,0.23647760561904652,0.24269995879341488,0.23647760561904652,0.7525947804908,0.7705946741726658
1224,(0.3313941133854991)(1.5995799747945552 + X_0 + X_1 + X_4 + (-1.765358114179291)(sqrt(X_1) - (X_3))),15,0.24269995879341483,0.23647760561904627,0.24269995879341483,0.23647760561904627,0.7525947804908,0.770594674172666
1225,(0.3313941133854991)(1.5995799747945574 + X_0 + X_1 + X_4 + (-1.765358114179291)(sqrt(X_1) - (X_3))),15,0.24269995879341488,0.2364776056190464,0.24269995879341488,0.2364776056190464,0.7525947804908,0.7705946741726659
1226,(0.3347469487922024)(X_0 + X_1 + (1.7692439589068396)(0.03458212108812023 + X_3) + X_4),13,0.2677089086990712,0.2587176631165019,0.2677089086990712,0.2587176631165019,0.7271009783003755,0.7490197448119489
1227,(0.3343893344194384)(X_0 + X_1 + (1.7695575641611196)(X_3) + X_4),11,0.26812770149078646,0.2567897440445142,0.26812770149078646,0.2567897440445142,0.7266740663096265,0.7508900060644691
1228,(0.34387413117236587)(X_0 + X_1 + (1.720098043319126)(X_3) + (X_4)(sqrt(X_15))),14,0.2661663996874691,0.27490199381979036,0.2661663996874691,0.27490199381979036,0.7286733921668944,0.7333194350571796
1229,(0.33139411338549946)(1.5995799747945632 + X_0 + X_1 + X_4 + (-1.765358114179295)(sqrt(X_1) - (X_3))),15,0.24269995879341488,0.23647760561904635,0.24269995879341488,0.23647760561904635,0.7525947804908,0.7705946741726659
1230,(0.3313941133854991)(1.5995799747945576 + X_0 + X_1 + X_4 + (-1.7653581141792911)(sqrt(X_1) - (X_3))),15,0.24269995879341488,0.23647760561904635,0.24269995879341488,0.23647760561904635,0.7525947804908,0.7705946741726659
1231,(0.3313941133854991)(1.5995799747945574 + X_0 + X_1 + X_4 + (-1.765358114179291)(sqrt(X_1) - (X_3))),15,0.24269995879341488,0.2364776056190464,0.24269995879341488,0.2364776056190464,0.7525947804908,0.7705946741726659
1232,(0.3343893344194384)(X_0 + X_1 + (1.7695575641611196)(X_3) + X_4),11,0.26812770149078646,0.2567897440445142,0.26812770149078646,0.2567897440445142,0.7266740663096265,0.7508900060644691
1233,(0.3313941133854992)(1.5995799747945572 + X_0 + X_1 + X_4 + (-1.765358114179291)(sqrt(X_1) - (X_3))),15,0.24269995879341488,0.23647760561904635,0.24269995879341488,0.23647760561904635,0.7525947804908,0.7705946741726659
1234,(-8.709300897709821e-07)(-602792.5055406175 + X_0 + X_1 + X_4 + (688069.2030243853)(sqrt(X_1) - (X_3))),15,0.5765266339602936,0.676339773975427,0.5765266339602936,0.676339773975427,0.41229615721007373,0.34388735959731076
1235,(0.3313941133854993)(1.5995799747945598 + X_0 + X_1 + X_4 + (-1.7653581141792887)(sqrt(X_1) - (X_3))),15,0.24269995879341488,0.23647760561904652,0.24269995879341488,0.23647760561904652,0.7525947804908,0.7705946741726658
1236,(0.31230364418603673)(X_0 + X_1 + (2)(X_3) + X_4),11,0.2706778748540214,0.2651505657670304,0.2706778748540214,0.2651505657670304,0.7240744523506695,0.7427792294587219
1237,(0.3343893344194383)(X_0 + X_1 + (1.7695575641611194)(X_3) + X_4),11,0.26812770149078646,0.2567897440445142,0.26812770149078646,0.2567897440445142,0.7266740663096265,0.7508900060644691
1238,(0.33139411338549923)(1.5995799747945612 + X_0 + X_1 + X_4 + (-1.765358114179295)(sqrt(X_1) - (X_3))),15,0.24269995879341488,0.23647760561904635,0.24269995879341488,0.23647760561904635,0.7525947804908,0.7705946741726659
1239,(0.3313941133854991)(1.5995799747945574 + X_0 + X_1 + X_4 + (-1.765358114179291)(sqrt(X_1) - (X_3))),15,0.24269995879341488,0.2364776056190464,0.24269995879341488,0.2364776056190464,0.7525947804908,0.7705946741726659
1240,(0.2953623003333466)(1.062417481256856 + X_0 + X_1 + (1.9999580297292576)(X_3) + X_4 - ((X_1)(X_1))),15,0.24000888007678745,0.2623916821337962,0.24000888007678745,0.2623916821337962,0.7553380315564932,0.745455603811993
1241,(0.6267655283515421)(X_0 + X_1 + X_3 + (-0.4856748024543768)(X_1 - ((X_4 - (X_0))(sqrt(X_1))))),15,0.24806686280319917,0.26237984246534596,0.24806686280319917,0.26237984246534596,0.747123827503306,0.7454670893942806
1242,(0.3343893344194384)(X_0 + X_1 + (1.7695575641611199)(X_3) + X_4),11,0.26812770149078646,0.2567897440445142,0.26812770149078646,0.2567897440445142,0.7266740663096265,0.7508900060644692
1243,(0.3313941133854991)(1.5995799747945507 + X_0 + X_1 + X_4 + (-1.765358114179268)(sqrt(X_1) - (X_3))),15,0.24269995879341488,0.23647760561904713,0.24269995879341488,0.23647760561904713,0.7525947804908,0.7705946741726653
1244,(0.6267655283515422)(X_0 + X_1 + X_3 + (-0.4856748024543768)(X_1 - ((X_4 - (X_0))(sqrt(X_1))))),15,0.24806686280319917,0.262379842465346,0.24806686280319917,0.262379842465346,0.747123827503306,0.7454670893942806
1245,(0.3313941133854991)(1.5995799747945574 + X_0 + X_1 + X_4 + (-1.765358114179291)(sqrt(X_1) - (X_3))),15,0.24269995879341488,0.2364776056190464,0.24269995879341488,0.2364776056190464,0.7525947804908,0.7705946741726659
1246,(0.331394113385499)(1.5995799747944748 + X_0 + X_1 + X_4 + (-1.7653581141792474)(sqrt(X_1) - (X_3))),15,0.24269995879341488,0.23647760561904485,0.24269995879341488,0.23647760561904485,0.7525947804908,0.7705946741726674
1247,(0.3343893344194384)(X_0 + X_1 + (1.7695575641611194)(X_3) + X_4),11,0.2681277014907864,0.2567897440445142,0.2681277014907864,0.2567897440445142,0.7266740663096265,0.7508900060644692
1248,(0.3313941133854992)(1.5995799747945572 + X_0 + X_1 + X_4 + (-1.765358114179291)(sqrt(X_1) - (X_3))),15,0.24269995879341488,0.23647760561904635,0.24269995879341488,0.23647760561904635,0.7525947804908,0.7705946741726659
1249,(0.3313941133854992)(1.599579974794565 + X_0 + X_1 + X_4 + (-1.7653581141793067)(sqrt(X_1) - (X_3))),15,0.24269995879341488,0.23647760561904596,0.24269995879341488,0.23647760561904596,0.7525947804908,0.7705946741726664
1250,(0.3313941133854993)(1.5995799747945645 + X_0 + X_1 + X_4 + (-1.7653581141792922)(sqrt(X_1) - (X_3))),15,0.24269995879341488,0.2364776056190466,0.24269995879341488,0.2364776056190466,0.7525947804908,0.7705946741726657
1251,(0.34643749820547887)(1.5263402644206001 + X_0 + X_1 + (0.8650406910708145)(X_4) + (-1.686461251726248)(sqrt(X_1) - (X_3))),17,0.2413729460691703,0.23017550928536154,0.2413729460691703,0.23017550928536154,0.7539475202109277,0.7767082952026133
1252,(0.3343893344194384)(X_0 + X_1 + (1.7695575641611196)(X_3) + X_4),11,0.26812770149078646,0.2567897440445142,0.26812770149078646,0.2567897440445142,0.7266740663096265,0.7508900060644691
1253,(0.3313941133854991)(1.5995799747945574 + X_0 + X_1 + X_4 + (-1.7653581141792911)(sqrt(X_1) - (X_3))),15,0.24269995879341488,0.23647760561904635,0.24269995879341488,0.23647760561904635,0.7525947804908,0.7705946741726659
1254,(0.331394113385499)(1.5995799747945592 + X_0 + X_1 + X_4 + (-1.765358114179291)(sqrt(X_1) - (X_3))),15,0.24269995879341488,0.2364776056190465,0.24269995879341488,0.2364776056190465,0.7525947804908,0.7705946741726658
1255,(0.3313941133854992)(1.5995799747945572 + X_0 + X_1 + X_4 + (-1.765358114179291)(sqrt(X_1) - (X_3))),15,0.24269995879341488,0.23647760561904635,0.24269995879341488,0.23647760561904635,0.7525947804908,0.7705946741726659
1256,(0.3343893344194384)(X_0 + X_1 + (1.7695575641611196)(X_3) + X_4),11,0.26812770149078646,0.2567897440445142,0.26812770149078646,0.2567897440445142,0.7266740663096265,0.7508900060644691
1257,(0.33954867950149525)(X_0 + X_1 + (1.7531448849989963)(X_3) + (-0.5246857344026381)((X_1)(X_1) - (exp(X_4)))),16,0.2462889169206427,0.2670758430865443,0.2462889169206427,0.2670758430865443,0.7489362426909154,0.7409115309524094
1258,(0.3313941133854993)(1.5995799747945598 + X_0 + X_1 + X_4 + (-1.7653581141792887)(sqrt(X_1) - (X_3))),15,0.24269995879341488,0.23647760561904652,0.24269995879341488,0.23647760561904652,0.7525947804908,0.7705946741726658
1259,(0.3313941133854989)(1.5995799747945458 + X_0 + X_1 + X_4 + (-1.7653581141792536)(sqrt(X_1) - (X_3))),15,0.24269995879341488,0.23647760561904763,0.24269995879341488,0.23647760561904763,0.7525947804908,0.7705946741726647
1260,(0.2953623003333465)(1.062417481256863 + X_0 + X_1 + (1.9999580297292372)(X_3) + X_4 - ((X_1)(X_1))),15,0.2400088800767874,0.26239168213379654,0.2400088800767874,0.26239168213379654,0.7553380315564933,0.7454556038119927
1261,(0.3343893344194384)(X_0 + X_1 + (1.7695575641611199)(X_3) + X_4),11,0.26812770149078646,0.2567897440445142,0.26812770149078646,0.2567897440445142,0.7266740663096265,0.7508900060644692
1262,(0.3313941133854992)(1.599579974794557 + X_0 + X_1 + X_4 + (-1.765358114179291)(sqrt(X_1) - (X_3))),15,0.24269995879341488,0.23647760561904635,0.24269995879341488,0.23647760561904635,0.7525947804908,0.7705946741726659
1263,(0.3313941133854992)(1.599579974794553 + X_0 + X_1 + X_4 + (-1.7653581141792933)(sqrt(X_1) - (X_3))),15,0.24269995879341488,0.2364776056190461,0.24269995879341488,0.2364776056190461,0.7525947804908,0.7705946741726661
1264,(-9.043703571033643e-07)(-580448.4989226168 + X_0 + X_1 + X_4 + (662564.2336530208)(sqrt(X_1) - (X_3))),15,0.576526707759236,0.6763359375827985,0.576526707759236,0.6763359375827985,0.41229608198038004,0.34389108125585277
1265,(0.3343850662688197)(X_0 + X_1 + (-1.1827483677858862e-06)((X_1)(X_1) + (243640.52099746274)((X_1)(X_1)) + X_3) + X_4),16,0.6103994373114621,0.6037864923131671,0.6103994373114621,0.6037864923131671,0.37776665671015364,0.41427080743374534
1266,(0.3313941133854993)(1.5995799747945598 + X_0 + X_1 + X_4 + (-1.7653581141792887)(sqrt(X_1) - (X_3))),15,0.24269995879341488,0.23647760561904652,0.24269995879341488,0.23647760561904652,0.7525947804908,0.7705946741726658
1267,(0.3564187920574628)(X_0 + X_1 + (0.8078588455953436)((2.0559171791561575)(X_3) + X_4)),13,0.26527854564500275,0.2504407723086074,0.26527854564500275,0.2504407723086074,0.729578459169627,0.7570491006050768
1268,(0.3615164552412171)(X_0 + X_1 + (1.5755016344605284e-06)(6904.772204033399 + (521057.25833649357)(X_4) + sqrt(X_1) - (X_3))),17,0.6253397026258589,0.6076565391874459,0.6253397026258589,0.6076565391874459,0.36253674221816024,0.4105165011355363
1269,(0.3313941133854991)(1.5995799747945574 + X_0 + X_1 + X_4 + (-1.765358114179291)(sqrt(X_1) - (X_3))),15,0.24269995879341488,0.2364776056190464,0.24269995879341488,0.2364776056190464,0.7525947804908,0.7705946741726659
1270,(0.33139411338549896)(1.5995799747945698 + X_0 + X_1 + X_4 + (-1.7653581141792953)(sqrt(X_1) - (X_3))),15,0.24269995879341488,0.23647760561904677,0.24269995879341488,0.23647760561904677,0.7525947804908,0.7705946741726655
1271,(-0.32444311640988965)((0.22989016193860823)((X_1)(-4.959428678136809 + X_1 - (X_3))) - (X_0 + X_4)),14,0.6091310219786857,0.5993445986294569,0.6091310219786857,0.5993445986294569,0.3790596630023445,0.41857985845417667
1272,(0.3313941133854992)(1.5995799747945574 + X_0 + X_1 + X_4 + (-1.765358114179291)(sqrt(X_1) - (X_3))),15,0.24269995879341488,0.23647760561904635,0.24269995879341488,0.23647760561904635,0.7525947804908,0.7705946741726659
1273,(0.5863749864868293)(X_3) + sin(X_0 + X_1),8,0.28505172430717574,0.3321982257786695,0.28505172430717574,0.3321982257786695,0.7094219349096721,0.6777367479490413
1274,(0.3313941133854991)(1.5995799747945574 + X_0 + X_1 + X_4 + (-1.765358114179291)(sqrt(X_1) - (X_3))),15,0.24269995879341488,0.2364776056190464,0.24269995879341488,0.2364776056190464,0.7525947804908,0.7705946741726659
1275,(0.2953623003333465)(1.0624174812568776 + X_0 + X_1 + (1.9999580297292427)(X_3) + X_4 - ((X_1)(X_1))),15,0.24000888007678745,0.262391682133797,0.24000888007678745,0.262391682133797,0.7553380315564932,0.7454556038119924
1276,(0.3313941133854991)(1.5995799747945572 + X_0 + X_1 + X_4 + (-1.765358114179291)(sqrt(X_1) - (X_3))),15,0.24269995879341488,0.23647760561904643,0.24269995879341488,0.23647760561904643,0.7525947804908,0.7705946741726659
1277,(0.3313941133854991)(1.5995799747945574 + X_0 + X_1 + X_4 + (-1.765358114179291)(sqrt(X_1) - (X_3))),15,0.24269995879341488,0.2364776056190464,0.24269995879341488,0.2364776056190464,0.7525947804908,0.7705946741726659
1278,(0.35641879205746274)(X_0 + X_1 + (0.8078588455953436)((2.0559171791561583)(X_3) + X_4)),13,0.26527854564500275,0.2504407723086074,0.26527854564500275,0.2504407723086074,0.729578459169627,0.7570491006050768
1279,(0.3313941133854993)(1.5995799747945627 + X_0 + X_1 + X_4 + (-1.7653581141793042)(sqrt(X_1) - (X_3))),15,0.24269995879341488,0.23647760561904593,0.24269995879341488,0.23647760561904593,0.7525947804908,0.7705946741726664
1280,(0.3343893344194384)(X_0 + X_1 + (1.7695575641611196)(X_3) + X_4),11,0.26812770149078646,0.2567897440445142,0.26812770149078646,0.2567897440445142,0.7266740663096265,0.7508900060644691
1281,(0.33438933441943886)(X_0 + X_1 + (1.7695575641610453)(X_3) + X_4),11,0.26812770149078646,0.25678974404451566,0.26812770149078646,0.25678974404451566,0.7266740663096265,0.7508900060644677
1282,(0.3313941133854991)(1.5995799747945574 + X_0 + X_1 + X_4 + (-1.7653581141792911)(sqrt(X_1) - (X_3))),15,0.24269995879341488,0.23647760561904635,0.24269995879341488,0.23647760561904635,0.7525947804908,0.7705946741726659
1283,(0.3313941133854991)(1.5995799747945574 + X_0 + X_1 + X_4 + (-1.765358114179291)(sqrt(X_1) - (X_3))),15,0.24269995879341488,0.2364776056190464,0.24269995879341488,0.2364776056190464,0.7525947804908,0.7705946741726659
1284,(0.3645388775377568)(X_0 + X_1 + (-8.027126424287395e-06)((-203577.89151044944)(X_3) + X_4)),13,0.3416265888976874,0.3668597446896853,0.3416265888976874,0.3668597446896853,0.6517502448842407,0.6441118428818722
1285,(0.3313941133854992)(1.59957997479456 + X_0 + X_1 + X_4 + (-1.7653581141792916)(sqrt(X_1) - (X_3))),15,0.24269995879341488,0.23647760561904643,0.24269995879341488,0.23647760561904643,0.7525947804908,0.7705946741726659
1286,(0.6267655283515422)(X_0 + X_1 + X_3 + (-0.4856748024543778)(X_1 - ((X_4 - (X_0))(sqrt(X_1))))),15,0.24806686280319917,0.26237984246534624,0.24806686280319917,0.26237984246534624,0.747123827503306,0.7454670893942804
1287,(0.3313941133854992)(1.5995799747945574 + X_0 + X_1 + X_4 + (-1.765358114179291)(sqrt(X_1) - (X_3))),15,0.24269995879341488,0.23647760561904635,0.24269995879341488,0.23647760561904635,0.7525947804908,0.7705946741726659
1288,(0.29536230033334654)(1.062417481256856 + X_0 + X_1 + (1.999958029729258)(X_3) + X_4 - ((X_1)(X_1))),15,0.24000888007678745,0.2623916821337962,0.24000888007678745,0.2623916821337962,0.7553380315564932,0.745455603811993
1289,(0.3562602023138435)(X_0 + X_1 + (0.8266024828034968)((2)(X_3) + X_4)),13,0.265326779786432,0.25017070160011085,0.265326779786432,0.25017070160011085,0.7295292899056212,0.7573110943728033
1290,(0.3313941133854991)(1.5995799747945574 + X_0 + X_1 + X_4 + (-1.765358114179291)(sqrt(X_1) - (X_3))),15,0.24269995879341488,0.2364776056190464,0.24269995879341488,0.2364776056190464,0.7525947804908,0.7705946741726659
1291,(0.6267655283515421)(X_0 + X_1 + X_3 + (-0.4856748024543768)(X_1 - ((X_4 - (X_0))(sqrt(X_1))))),15,0.24806686280319917,0.26237984246534596,0.24806686280319917,0.26237984246534596,0.747123827503306,0.7454670893942806
1292,(0.3645387835424932)(X_0 + X_1 + (1.6343377025339991)(X_3)),9,0.3416250320904141,0.3668621156119479,0.3416250320904141,0.3668621156119479,0.6517518318735714,0.6441095428662206
1293,(0.6267655283515422)(X_0 + X_1 + X_3 + (-0.48567480245437683)(X_1 - ((X_4 - (X_0))(sqrt(X_1))))),15,0.24806686280319917,0.26237984246534596,0.24806686280319917,0.26237984246534596,0.747123827503306,0.7454670893942806
1294,(0.3564187920574628)(X_0 + X_1 + (0.8078588455953436)((2.0559171791561575)(X_3) + X_4)),13,0.26527854564500275,0.2504407723086074,0.26527854564500275,0.2504407723086074,0.729578459169627,0.7570491006050768
1295,(0.3313941133854991)(1.5995799747945574 + X_0 + X_1 + X_4 + (-1.765358114179291)(sqrt(X_1) - (X_3))),15,0.24269995879341488,0.2364776056190464,0.24269995879341488,0.2364776056190464,0.7525947804908,0.7705946741726659
1296,(0.3343893344194384)(X_0 + X_1 + (1.7695575641611148)(X_3) + X_4),11,0.26812770149078646,0.25678974404451427,0.26812770149078646,0.25678974404451427,0.7266740663096265,0.7508900060644691
1297,(0.22033213823004288)(0.09546204714884254 + X_0 + X_1 + (2.690543969699537)(X_3) + (2)(X_4)),15,0.32118664433494765,0.3434482789810636,0.32118664433494765,0.3434482789810636,0.6725864617358677,0.6668231474255835
1298,(0.3313941133854992)(1.5995799747945556 + X_0 + X_1 + X_4 + (-1.7653581141792922)(sqrt(X_1) - (X_3))),15,0.24269995879341488,0.23647760561904627,0.24269995879341488,0.23647760561904627,0.7525947804908,0.770594674172666
1299,(0.3313941133854991)(1.5995799747945576 + X_0 + X_1 + X_4 + (-1.7653581141792911)(sqrt(X_1) - (X_3))),15,0.24269995879341488,0.23647760561904635,0.24269995879341488,0.23647760561904635,0.7525947804908,0.7705946741726659
1300,(0.3313941133854992)(1.5995799747945572 + X_0 + X_1 + X_4 + (-1.765358114179291)(sqrt(X_1) - (X_3))),15,0.24269995879341488,0.23647760561904635,0.24269995879341488,0.23647760561904635,0.7525947804908,0.7705946741726659
1301,(0.3313941133854991)(1.5995799747945574 + X_0 + X_1 + X_4 + (-1.765358114179291)(sqrt(X_1) - (X_3))),15,0.24269995879341488,0.2364776056190464,0.24269995879341488,0.2364776056190464,0.7525947804908,0.7705946741726659
1302,(0.3313941133854992)(1.5995799747945572 + X_0 + X_1 + X_4 + (-1.765358114179291)(sqrt(X_1) - (X_3))),15,0.24269995879341488,0.23647760561904635,0.24269995879341488,0.23647760561904635,0.7525947804908,0.7705946741726659
1303,(0.2953623003333465)(1.0624174812568776 + X_0 + X_1 + (1.9999580297292427)(X_3) + X_4 - ((X_1)(X_1))),15,0.24000888007678745,0.262391682133797,0.24000888007678745,0.262391682133797,0.7553380315564932,0.7454556038119924
1304,(0.3313941133854991)(1.5995799747945574 + X_0 + X_1 + X_4 + (-1.765358114179291)(sqrt(X_1) - (X_3))),15,0.24269995879341488,0.2364776056190464,0.24269995879341488,0.2364776056190464,0.7525947804908,0.7705946741726659
1305,(0.3313941133854991)(1.5995799747945578 + X_0 + X_1 + X_4 + (-1.7653581141792911)(sqrt(X_1) - (X_3))),15,0.24269995879341488,0.2364776056190464,0.24269995879341488,0.2364776056190464,0.7525947804908,0.7705946741726659
1306,(0.3343893344194384)(X_0 + X_1 + (1.769557564161119)(X_3) + X_4),11,0.26812770149078646,0.2567897440445142,0.26812770149078646,0.2567897440445142,0.7266740663096265,0.7508900060644692
1307,(0.3313941133854991)(1.5995799747945565 + X_0 + X_1 + X_4 + (1.765358114179291)(X_3 - (sqrt(X_1)))),15,0.24269995879341488,0.23647760561904635,0.24269995879341488,0.23647760561904635,0.7525947804908,0.7705946741726659
1308,(0.3313941133854991)(1.5995799747945574 + X_0 + X_1 + X_4 + (-1.765358114179291)(sqrt(X_1) - (X_3))),15,0.24269995879341488,0.2364776056190464,0.24269995879341488,0.2364776056190464,0.7525947804908,0.7705946741726659
1309,(0.3313941133854993)(1.5995799747945485 + X_0 + X_1 + X_4 + (1.765358114179283)(X_3 - (sqrt(X_1)))),15,0.24269995879341488,0.23647760561904627,0.24269995879341488,0.23647760561904627,0.7525947804908,0.770594674172666
1310,(0.33455166888449056)(X_0 + X_1 + X_4 + (1.7740548078239613)(X_3 + (-0.19787081171565712)(log(X_1)))),15,0.252150130899493,0.2471929702096019,0.252150130899493,0.2471929702096019,0.7429613964724117,0.76019977145526
1311,(0.3343893344194384)(X_0 + X_1 + (1.7695575641611199)(X_3) + X_4),11,0.26812770149078646,0.2567897440445142,0.26812770149078646,0.2567897440445142,0.7266740663096265,0.7508900060644692
1312,(0.3343893344194384)(X_0 + X_1 + (1.7695575641611196)(X_3) + X_4),11,0.26812770149078646,0.2567897440445142,0.26812770149078646,0.2567897440445142,0.7266740663096265,0.7508900060644691
1313,(0.33359361847208274)(X_0 + X_1 + X_4 + (1.6580060536813288)(sqrt(X_1) + (-1.0682824093641217)(sqrt(X_1) - (X_3)))),16,0.266906228205295,0.251898694697224,0.266906228205295,0.251898694697224,0.72791922048198,0.755634779956337
1314,(0.3343893344194383)(X_0 + X_1 + (1.7695575641611203)(X_3) + X_4),11,0.26812770149078646,0.2567897440445142,0.26812770149078646,0.2567897440445142,0.7266740663096265,0.7508900060644691
1315,(0.33438933441943836)(X_0 + X_1 + (1.7695575641611097)(X_3) + X_4),11,0.26812770149078646,0.25678974404451443,0.26812770149078646,0.25678974404451443,0.7266740663096265,0.7508900060644689
1316,(0.6267655283515423)(X_0 + X_1 + X_3 + (-0.4856748024543749)(X_1 - ((X_4 - (X_0))(sqrt(X_1))))),15,0.24806686280319917,0.26237984246534557,0.24806686280319917,0.26237984246534557,0.747123827503306,0.7454670893942811
1317,(0.29536230033334576)(1.0624174812569422 + X_0 + X_1 + (1.9999580297295)(X_3) + X_4 - ((X_1)(X_1))),15,0.24000888007678745,0.2623916821337979,0.24000888007678745,0.2623916821337979,0.7553380315564932,0.7454556038119915
1318,(0.3313941133854991)(1.5995799747945576 + X_0 + X_1 + X_4 + (-1.7653581141792911)(sqrt(X_1) - (X_3))),15,0.24269995879341488,0.23647760561904635,0.24269995879341488,0.23647760561904635,0.7525947804908,0.7705946741726659
1319,(0.33438933441943836)(X_0 + X_1 + (1.7695575641611325)(X_3) + X_4),11,0.2681277014907865,0.25678974404451393,0.2681277014907865,0.25678974404451393,0.7266740663096265,0.7508900060644694
1320,(0.6267655283515422)(X_0 + X_1 + X_3 + (-0.4856748024543768)(X_1 - ((X_4 - (X_0))(sqrt(X_1))))),15,0.24806686280319917,0.262379842465346,0.24806686280319917,0.262379842465346,0.747123827503306,0.7454670893942806
1321,(0.33243789995860684)(1.744977132062795 + X_0 + X_1 + X_4 + ((-1)(1.744977132062795))(sqrt(X_1) - (X_3))),16,0.24568760524843866,0.24623052086953848,0.24568760524843866,0.24623052086953848,0.7495492120832247,0.761133437050662
1322,(0.3343893344194384)(X_0 + X_1 + (1.7695575641611196)(X_3) + X_4),11,0.26812770149078646,0.2567897440445142,0.26812770149078646,0.2567897440445142,0.7266740663096265,0.7508900060644691
1323,(0.3313941133854991)(1.5995799747945574 + X_0 + X_1 + X_4 + (-1.7653581141792911)(sqrt(X_1) - (X_3))),15,0.24269995879341488,0.23647760561904635,0.24269995879341488,0.23647760561904635,0.7525947804908,0.7705946741726659
1324,(0.3343893344194384)(X_0 + X_1 + (1.7695575641611199)(X_3) + X_4),11,0.26812770149078646,0.2567897440445142,0.26812770149078646,0.2567897440445142,0.7266740663096265,0.7508900060644692
1325,(0.3313941133854991)(1.5995799747945574 + X_0 + X_1 + X_4 + (-1.765358114179291)(sqrt(X_1) - (X_3))),15,0.24269995879341488,0.2364776056190464,0.24269995879341488,0.2364776056190464,0.7525947804908,0.7705946741726659
1326,(0.3313941133854991)(1.5995799747945574 + X_0 + X_1 + X_4 + (-1.765358114179291)(sqrt(X_1) - (X_3))),15,0.24269995879341488,0.2364776056190464,0.24269995879341488,0.2364776056190464,0.7525947804908,0.7705946741726659
1327,(0.226760913606337)(X_0 + (2.668405262894607)(X_3) + X_4 + X_45),11,0.4635052723341813,0.5363708236115198,0.4635052723341813,0.5363708236115198,0.5275086810248725,0.47967029168462694
1328,(0.2953623003333466)(1.062417481256856 + X_0 + X_1 + (1.9999580297292576)(X_3) + X_4 - ((X_1)(X_1))),15,0.24000888007678745,0.2623916821337962,0.24000888007678745,0.2623916821337962,0.7553380315564932,0.745455603811993
1329,(0.6267655283515422)(X_0 + X_1 + X_3 + (-0.48567480245437683)(X_1 - ((X_4 - (X_0))(sqrt(X_1))))),15,0.24806686280319917,0.26237984246534596,0.24806686280319917,0.26237984246534596,0.747123827503306,0.7454670893942806
1330,(0.3343893344194384)(X_0 + X_1 + (1.7695575641611199)(X_3) + X_4),11,0.26812770149078646,0.2567897440445142,0.26812770149078646,0.2567897440445142,0.7266740663096265,0.7508900060644692
1331,(0.3313941133854991)(1.5995799747945574 + X_0 + X_1 + X_4 + (-1.765358114179291)(sqrt(X_1) - (X_3))),15,0.24269995879341488,0.2364776056190464,0.24269995879341488,0.2364776056190464,0.7525947804908,0.7705946741726659
1332,(0.3123036441860396)(X_0 + X_1 + (2)(X_3) + X_4),11,0.27067787485402134,0.26515056576702895,0.27067787485402134,0.26515056576702895,0.7240744523506695,0.7427792294587233
1333,(0.2953623003333468)(1.0624174812568978 + X_0 + X_1 + (1.9999580297292612)(X_3) + X_4 - ((X_1)(X_1))),15,0.24000888007678745,0.2623916821337975,0.24000888007678745,0.2623916821337975,0.7553380315564932,0.7454556038119918
1334,(0.3313941133854991)(1.5995799747945574 + X_0 + X_1 + X_4 + (-1.765358114179291)(sqrt(X_1) - (X_3))),15,0.24269995879341488,0.2364776056190464,0.24269995879341488,0.2364776056190464,0.7525947804908,0.7705946741726659
1335,(0.3313941133854992)(1.5995799747945574 + X_0 + X_1 + X_4 + (-1.765358114179291)(sqrt(X_1) - (X_3))),15,0.24269995879341488,0.23647760561904635,0.24269995879341488,0.23647760561904635,0.7525947804908,0.7705946741726659
1336,(0.3313941133854992)(1.5995799747945572 + X_0 + X_1 + X_4 + (-1.7653581141792911)(sqrt(X_1) - (X_3))),15,0.24269995879341488,0.23647760561904635,0.24269995879341488,0.23647760561904635,0.7525947804908,0.7705946741726659
1337,(0.3313941133854991)(1.5995799747945574 + X_0 + X_1 + X_4 + (-1.765358114179291)(sqrt(X_1) - (X_3))),15,0.24269995879341488,0.2364776056190464,0.24269995879341488,0.2364776056190464,0.7525947804908,0.7705946741726659
1338,(0.2953623003333466)(1.062417481256856 + X_0 + X_1 + (1.9999580297292576)(X_3) + X_4 - ((X_1)(X_1))),15,0.24000888007678745,0.2623916821337962,0.24000888007678745,0.2623916821337962,0.7553380315564932,0.745455603811993
1339,(0.3313941133854992)(1.599579974794557 + X_0 + X_1 + X_4 + (-1.7653581141792907)(sqrt(X_1) - (X_3))),15,0.24269995879341488,0.23647760561904635,0.24269995879341488,0.23647760561904635,0.7525947804908,0.7705946741726659
1340,(0.33438933441943836)(X_0 + X_1 + (1.7695575641611212)(X_3) + X_4),11,0.26812770149078646,0.25678974404451416,0.26812770149078646,0.25678974404451416,0.7266740663096265,0.7508900060644692
1341,(0.3313941133854991)(1.5995799747945574 + X_0 + X_1 + X_4 + (-1.765358114179291)(sqrt(X_1) - (X_3))),15,0.24269995879341488,0.2364776056190464,0.24269995879341488,0.2364776056190464,0.7525947804908,0.7705946741726659
1342,(0.6257972595805106)(X_0 + X_1 + X_3 + (-0.4824714781789306)(X_1 - ((X_4 - (X_0))((sqrt(X_1))^(sqrt((2)(X_23))))))),20,0.2427190032252128,0.2661233238501704,0.2427190032252128,0.2661233238501704,0.7525753668417297,0.7418355634213831
1343,(0.3313941133854991)(1.5995799747945574 + X_0 + X_1 + X_4 + (-1.765358114179291)(sqrt(X_1) - (X_3))),15,0.24269995879341488,0.2364776056190464,0.24269995879341488,0.2364776056190464,0.7525947804908,0.7705946741726659
1344,(0.33139411338549896)(1.5995799747945643 + X_0 + X_1 + X_4 + (-1.7653581141792953)(sqrt(X_1) - (X_3))),15,0.24269995879341483,0.23647760561904657,0.24269995879341483,0.23647760561904657,0.7525947804908,0.7705946741726657
1345,(0.2953623003333466)(1.0624174812568508 + X_0 + X_1 + (1.9999580297292567)(X_3) + X_4 - ((X_1)(X_1))),15,0.2400088800767874,0.262391682133796,0.2400088800767874,0.262391682133796,0.7553380315564933,0.7454556038119933
1346,(0.6267655283515422)(X_0 + X_1 + X_3 + (-0.4856748024543756)(X_1 - ((X_4 - (X_0))(sqrt(X_1))))),15,0.24806686280319923,0.2623798424653458,0.24806686280319923,0.2623798424653458,0.7471238275033059,0.7454670893942809
1347,(0.33139411338549934)(1.5995799747945676 + X_0 + X_1 + X_4 + (-1.765358114179291)(sqrt(X_1) - (X_3))),15,0.24269995879341488,0.23647760561904677,0.24269995879341488,0.23647760561904677,0.7525947804908,0.7705946741726655
1348,(0.6267655283515422)(X_0 + X_1 + X_3 + (-0.4856748024543768)(X_1 - ((X_4 - (X_0))(sqrt(X_1))))),15,0.24806686280319917,0.262379842465346,0.24806686280319917,0.262379842465346,0.747123827503306,0.7454670893942806
1349,(0.3313941133854991)(1.5995799747945572 + X_0 + X_1 + X_4 + (-1.765358114179291)(sqrt(X_1) - (X_3))),15,0.24269995879341488,0.23647760561904643,0.24269995879341488,0.23647760561904643,0.7525947804908,0.7705946741726659
1350,(0.6267655283515422)(X_0 + X_1 + X_3 + (-0.48567480245437683)(X_1 - ((X_4 - (X_0))(sqrt(X_1))))),15,0.24806686280319917,0.26237984246534596,0.24806686280319917,0.26237984246534596,0.747123827503306,0.7454670893942806
1351,(0.3313941133854991)(1.5995799747945574 + X_0 + X_1 + X_4 + (-1.765358114179291)(sqrt(X_1) - (X_3))),15,0.24269995879341488,0.2364776056190464,0.24269995879341488,0.2364776056190464,0.7525947804908,0.7705946741726659
1352,(0.8313097636150137)((0.7085657519168299)(X_3) + sin(X_0 + X_1)),10,0.27116280937669746,0.3297270120546126,0.27116280937669746,0.3297270120546126,0.7235801163292432,0.6801340556690353
1353,(0.3343893344194384)(X_0 + X_1 + (1.7695575641611196)(X_3) + X_4),11,0.26812770149078646,0.2567897440445142,0.26812770149078646,0.2567897440445142,0.7266740663096265,0.7508900060644691
1354,(0.3313941133854993)(1.5995799747945598 + X_0 + X_1 + X_4 + (-1.7653581141792887)(sqrt(X_1) - (X_3))),15,0.24269995879341488,0.23647760561904652,0.24269995879341488,0.23647760561904652,0.7525947804908,0.7705946741726658
1355,(0.3306881146445625)(X_0 + X_1 + X_4 - ((X_3)(-0.9119159388749924 - (sqrt(X_7))))),14,0.26617156583013596,0.2561351399455533,0.26617156583013596,0.2561351399455533,0.7286681258674402,0.7515250330735465
1356,(0.6701797392420311)(X_0 + X_1 + (0.8924458565061604)(X_3) + (-0.5009334024811692)(X_1 - ((X_4 - (X_0))(sqrt(X_1))))),17,0.24594625941038425,0.2587061064606026,0.24594625941038425,0.2587061064606026,0.7492855433540198,0.7490309558456749
1357,(0.3313941133854993)(1.5995799747945445 + X_0 + X_1 + X_4 + (-1.7653581141793133)(sqrt(X_1) - (X_3))),15,0.24269995879341488,0.23647760561904482,0.24269995879341488,0.23647760561904482,0.7525947804908,0.7705946741726675
1358,(0.33139411338549896)(1.5995799747945698 + X_0 + X_1 + X_4 + (-1.7653581141792953)(sqrt(X_1) - (X_3))),15,0.24269995879341488,0.23647760561904677,0.24269995879341488,0.23647760561904677,0.7525947804908,0.7705946741726655
1359,(0.3313941133854993)(1.5995799747945598 + X_0 + X_1 + X_4 + (-1.7653581141792887)(sqrt(X_1) - (X_3))),15,0.24269995879341488,0.23647760561904652,0.24269995879341488,0.23647760561904652,0.7525947804908,0.7705946741726658
1360,(0.3313941133854991)(1.5995799747945574 + X_0 + X_1 + X_4 + (-1.765358114179291)(sqrt(X_1) - (X_3))),15,0.24269995879341488,0.2364776056190464,0.24269995879341488,0.2364776056190464,0.7525947804908,0.7705946741726659
1361,(0.3313941133854991)(1.5995799747945572 + X_0 + X_1 + X_4 + (-1.765358114179291)(sqrt(X_1) - (X_3))),15,0.24269995879341488,0.23647760561904643,0.24269995879341488,0.23647760561904643,0.7525947804908,0.7705946741726659
1362,(0.6267655283515422)(X_0 + X_1 + X_3 + (-0.4856748024543768)(X_1 - ((X_4 - (X_0))(sqrt(X_1))))),15,0.24806686280319917,0.262379842465346,0.24806686280319917,0.262379842465346,0.747123827503306,0.7454670893942806
1363,(0.3313941133854991)(1.5995799747945574 + X_0 + X_1 + X_4 + (-1.765358114179291)(sqrt(X_1) - (X_3))),15,0.24269995879341488,0.2364776056190464,0.24269995879341488,0.2364776056190464,0.7525947804908,0.7705946741726659
1364,(0.3395486795014961)(X_0 + X_1 + (1.753144884998993)(X_3) + (-0.5246857344026323)((X_1)(X_1) - (exp(X_4)))),16,0.24628891692064267,0.2670758430865438,0.24628891692064267,0.2670758430865438,0.7489362426909154,0.7409115309524098
1365,(0.341807444483335)(X_0 + X_1 + (1.752520329110276)(X_3) + (-0.6132497267467537)((X_1)(X_1) - ((exp(X_4))(sqrt(X_1))))),18,0.2565318429084652,0.29766801435783763,0.2565318429084652,0.29766801435783763,0.7384947355516793,0.7112342725080629
1366,(0.3313941133854992)(1.5995799747945574 + X_0 + X_1 + X_4 + (-1.765358114179291)(sqrt(X_1) - (X_3))),15,0.24269995879341488,0.23647760561904635,0.24269995879341488,0.23647760561904635,0.7525947804908,0.7705946741726659
1367,(0.3313941133854992)(1.5995799747945498 + X_0 + X_1 + X_4 + (-1.765358114179306)(sqrt(X_1) - (X_3))),15,0.24269995879341488,0.23647760561904532,0.24269995879341488,0.23647760561904532,0.7525947804908,0.7705946741726669
1368,(0.33438933441943813)(X_0 + X_1 + (1.7695575641610901)(X_3) + X_4),11,0.26812770149078646,0.256789744044515,0.26812770149078646,0.256789744044515,0.7266740663096265,0.7508900060644683
1369,(0.3313941133854991)(1.5995799747945572 + X_0 + X_1 + X_4 + (-1.765358114179291)(sqrt(X_1) - (X_3))),15,0.24269995879341488,0.23647760561904643,0.24269995879341488,0.23647760561904643,0.7525947804908,0.7705946741726659
1370,(0.6267655283515422)(X_0 + X_1 + X_3 + (-0.4856748024543762)(X_1 - ((X_4 - (X_0))(sqrt(X_1))))),15,0.24806686280319917,0.2623798424653459,0.24806686280319917,0.2623798424653459,0.747123827503306,0.7454670893942807
1371,(0.3313941133854993)(1.5995799747945598 + X_0 + X_1 + X_4 + (-1.7653581141792887)(sqrt(X_1) - (X_3))),15,0.24269995879341488,0.23647760561904652,0.24269995879341488,0.23647760561904652,0.7525947804908,0.7705946741726658
1372,(0.3313941133854991)(1.5995799747945574 + X_0 + X_1 + X_4 + (-1.7653581141792911)(sqrt(X_1) - (X_3))),15,0.24269995879341488,0.23647760561904635,0.24269995879341488,0.23647760561904635,0.7525947804908,0.7705946741726659
1373,(0.3313941133854991)(1.5995799747945574 + X_0 + X_1 + X_4 + (-1.765358114179291)(sqrt(X_1) - (X_3))),15,0.24269995879341488,0.2364776056190464,0.24269995879341488,0.2364776056190464,0.7525947804908,0.7705946741726659
1374,(0.3564187920574628)(X_0 + X_1 + (0.8078588455953435)((2.0559171791561575)(X_3) + X_4)),13,0.26527854564500275,0.2504407723086074,0.26527854564500275,0.2504407723086074,0.729578459169627,0.7570491006050768
1375,(0.33954867950149553)(X_0 + X_1 + (1.7531448849989923)(X_3) + (-0.5246857344026481)((X_1)(X_1) - (exp(X_4)))),16,0.2462889169206427,0.26707584308654464,0.2462889169206427,0.26707584308654464,0.7489362426909154,0.740911530952409
1376,(0.3313941133854992)(1.5995799747945572 + X_0 + X_1 + X_4 + (-1.765358114179291)(sqrt(X_1) - (X_3))),15,0.24269995879341488,0.23647760561904635,0.24269995879341488,0.23647760561904635,0.7525947804908,0.7705946741726659
1377,(0.3343893344194376)(X_0 + X_1 + (1.7695575641611212)(X_3) + X_4),11,0.2681277014907864,0.25678974404451455,0.2681277014907864,0.25678974404451455,0.7266740663096265,0.7508900060644688
1378,(0.33438933441943874)(X_0 + X_1 + (1.7695575641611554)(X_3) + X_4),11,0.26812770149078646,0.25678974404451327,0.26812770149078646,0.25678974404451327,0.7266740663096265,0.7508900060644701
1379,(0.356418792057463)(X_0 + X_1 + (1.6608908789927455)(X_3) + (0.8078588455953473)(X_4)),13,0.26527854564500275,0.2504407723086069,0.26527854564500275,0.2504407723086069,0.729578459169627,0.7570491006050772
1380,(0.3313941133854991)(1.5995799747945574 + X_0 + X_1 + X_4 + (-1.765358114179291)(sqrt(X_1) - (X_3))),15,0.24269995879341488,0.2364776056190464,0.24269995879341488,0.2364776056190464,0.7525947804908,0.7705946741726659
1381,(0.27204227688228727)(0.05220277477727292 + X_0 + X_1 + X_3 + (1.1280419492088778)((1.0190972510029288)(X_3) + X_4) - (sin(X_26))),19,0.3224257547422025,0.32467182604848077,0.3224257547422025,0.32467182604848077,0.6713233285082103,0.6850380574235297
1382,(0.6267655283515422)(X_0 + X_1 + X_3 + (-0.4856748024543768)(X_1 - ((X_4 - (X_0))(sqrt(X_1))))),15,0.24806686280319917,0.262379842465346,0.24806686280319917,0.262379842465346,0.747123827503306,0.7454670893942806
1383,(0.3504397676198614)(X_0 + X_1 + X_4 - (log((-1.3189914078564173)(sqrt(X_1) - (X_3))))),14,0.46259856889791445,0.4422275091852278,0.46259856889791445,0.4422275091852278,0.528432962857447,0.570998084284237
1384,(0.3313941133854991)(1.5995799747945574 + X_0 + X_1 + X_4 + (-1.765358114179291)(sqrt(X_1) - (X_3))),15,0.24269995879341488,0.2364776056190464,0.24269995879341488,0.2364776056190464,0.7525947804908,0.7705946741726659
1385,(-8.631140999558147e-07)(-608199.3403793655 + X_0 + X_1 + X_4 + (694240.9364598057)(sqrt(X_1) - (X_3))),15,0.5765266236693384,0.6763362343909407,0.5765266236693384,0.6763362343909407,0.4122961677005412,0.3438907933242814
1386,(0.36453887849355643)(X_0 + X_1 + (-8.11390346567951e-06)((-201417.6411598664)(X_3) + X_4)),13,0.3416266010419023,0.36686301647402814,0.3416266010419023,0.36686301647402814,0.6517502325045841,0.6441086689460094
1387,(0.6267655283515425)(X_0 + X_1 + X_3 + (-0.48567480245439043)(X_1 - ((X_4 - (X_0))(sqrt(X_1))))),15,0.24806686280319923,0.2623798424653491,0.24806686280319923,0.2623798424653491,0.7471238275033059,0.7454670893942776
1388,(0.33139411338549907)(1.5995799747945556 + X_0 + X_1 + X_4 + (-1.7653581141793024)(sqrt(X_1) - (X_3))),15,0.24269995879341488,0.2364776056190458,0.24269995879341488,0.2364776056190458,0.7525947804908,0.7705946741726665
1389,(0.3343893344194384)(X_0 + X_1 + (1.7695575641611196)(X_3) + X_4),11,0.26812770149078646,0.2567897440445142,0.26812770149078646,0.2567897440445142,0.7266740663096265,0.7508900060644691
1390,(0.3313941133854991)(1.5995799747945576 + X_0 + X_1 + X_4 + (-1.7653581141792911)(sqrt(X_1) - (X_3))),15,0.24269995879341488,0.23647760561904635,0.24269995879341488,0.23647760561904635,0.7525947804908,0.7705946741726659
1391,(0.3313941133854991)(1.5995799747945574 + X_0 + X_1 + X_4 + (-1.765358114179291)(sqrt(X_1) - (X_3))),15,0.24269995879341488,0.2364776056190464,0.24269995879341488,0.2364776056190464,0.7525947804908,0.7705946741726659
1392,(0.33139411338549896)(1.599579974794548 + X_0 + X_1 + X_4 + (-1.7653581141792838)(sqrt(X_1) - (X_3))),15,0.24269995879341488,0.23647760561904635,0.24269995879341488,0.23647760561904635,0.7525947804908,0.7705946741726659
1393,(0.3343893344194384)(X_0 + X_1 + (1.7695575641611165)(X_3) + X_4),11,0.26812770149078646,0.25678974404451427,0.26812770149078646,0.25678974404451427,0.7266740663096265,0.7508900060644691
1394,(0.3313941133854988)(1.5995799747945523 + X_0 + X_1 + X_4 + (-1.7653581141792873)(sqrt(X_1) - (X_3))),15,0.24269995879341488,0.23647760561904643,0.24269995879341488,0.23647760561904643,0.7525947804908,0.7705946741726659
1395,(0.5553131526545807)(X_0 + X_1 + X_3 + (-0.17308821690554582)(X_1 - ((X_4 - (X_0))(exp(sqrt((X_1)(X_1))))))),17,0.25482086263051545,0.30687008021250695,0.25482086263051545,0.30687008021250695,0.7402388868624029,0.7023074106593528
1396,(0.8313097636150137)((0.7085657519168299)(X_3) + sin(X_0 + X_1)),10,0.27116280937669746,0.3297270120546126,0.27116280937669746,0.3297270120546126,0.7235801163292432,0.6801340556690353
1397,(0.34643749820547887)(1.5263402644206001 + X_0 + X_1 + (0.8650406910708145)(X_4) + (-1.686461251726248)(sqrt(X_1) - (X_3))),17,0.2413729460691703,0.23017550928536154,0.2413729460691703,0.23017550928536154,0.7539475202109277,0.7767082952026133
1398,(0.3343893344194386)(X_0 + X_1 + (1.7695575641611507)(X_3) + X_4),11,0.26812770149078646,0.2567897440445135,0.26812770149078646,0.2567897440445135,0.7266740663096265,0.7508900060644699
1399,(0.3343893344194384)(X_0 + X_1 + (1.7695575641611196)(X_3) + X_4),11,0.26812770149078646,0.2567897440445142,0.26812770149078646,0.2567897440445142,0.7266740663096265,0.7508900060644691
1400,(0.6267655283515422)(X_0 + X_1 + X_3 + (-0.4856748024543768)(X_1 - ((X_4 - (X_0))(sqrt(X_1))))),15,0.24806686280319917,0.262379842465346,0.24806686280319917,0.262379842465346,0.747123827503306,0.7454670893942806
1401,(0.6267655283515428)(X_0 + X_1 + X_3 + (-0.48567480245437356)(X_1 - ((X_4 - (X_0))(sqrt(X_1))))),15,0.24806686280319917,0.2623798424653452,0.24806686280319917,0.2623798424653452,0.747123827503306,0.7454670893942814
1402,(0.6267655283515428)(X_0 + X_1 + X_3 + (-0.4856748024543802)(X_1 - ((X_4 - (X_0))(sqrt(X_1))))),15,0.24806686280319917,0.2623798424653467,0.24806686280319917,0.2623798424653467,0.747123827503306,0.7454670893942801
1403,(0.6267655283515422)(X_0 + X_1 + X_3 + (-0.4856748024543756)(X_1 - ((X_4 - (X_0))(sqrt(X_1))))),15,0.24806686280319923,0.2623798424653458,0.24806686280319923,0.2623798424653458,0.7471238275033059,0.7454670893942809
1404,(0.3313941133854991)(1.5995799747945574 + X_0 + X_1 + X_4 + (-1.765358114179291)(sqrt(X_1) - (X_3))),15,0.24269995879341488,0.2364776056190464,0.24269995879341488,0.2364776056190464,0.7525947804908,0.7705946741726659
1405,(0.6267655283515421)(X_0 + X_1 + X_3 + (-0.4856748024543779)(X_1 - ((X_4 - (X_0))(sqrt(X_1))))),15,0.24806686280319917,0.26237984246534635,0.24806686280319917,0.26237984246534635,0.747123827503306,0.7454670893942803
1406,(0.3313941133854991)(1.5995799747945574 + X_0 + X_1 + X_4 + (-1.765358114179291)(sqrt(X_1) - (X_3))),15,0.24269995879341488,0.2364776056190464,0.24269995879341488,0.2364776056190464,0.7525947804908,0.7705946741726659
1407,(0.3343893344194389)(X_0 + X_1 + (1.7695575641611416)(X_3) + X_4),11,0.26812770149078646,0.2567897440445135,0.26812770149078646,0.2567897440445135,0.7266740663096265,0.7508900060644699
1408,(0.6947594448714949)(X_1 + (-0.8796030418781302)((0.5332536665608898)(X_1 - ((X_4 - (X_0))(sqrt(X_1)))) - (X_0 + X_3))),17,0.24422405537809036,0.27114377530378975,0.24422405537809036,0.27114377530378975,0.7510411360157062,0.7369652574213585
1409,(0.3313941133854986)(1.5995799747945658 + X_0 + X_1 + X_4 + (1.7653581141792944)(X_3 - (sqrt(X_1)))),15,0.24269995879341488,0.23647760561904677,0.24269995879341488,0.23647760561904677,0.7525947804908,0.7705946741726655
1410,(0.3313941133854995)(1.5995799747945378 + X_0 + X_1 + X_4 + (-1.76535811417929)(sqrt(X_1) - (X_3))),15,0.24269995879341488,0.23647760561904546,0.24269995879341488,0.23647760561904546,0.7525947804908,0.7705946741726668
1411,(0.34643749820547887)(1.5263402644206001 + X_0 + X_1 + (0.8650406910708145)(X_4) + (-1.686461251726248)(sqrt(X_1) - (X_3))),17,0.2413729460691703,0.23017550928536154,0.2413729460691703,0.23017550928536154,0.7539475202109277,0.7767082952026133
1412,(0.5890376277316747)(X_3) + (0.8313097636150137)(sin(X_0 + X_1)),10,0.2711628093766974,0.3297270120546125,0.2711628093766974,0.3297270120546125,0.7235801163292432,0.6801340556690354
1413,(0.3343893344194383)(X_0 + X_1 + (1.7695575641611245)(X_3) + X_4),11,0.26812770149078646,0.25678974404451416,0.26812770149078646,0.25678974404451416,0.7266740663096265,0.7508900060644692
1414,(0.33825097846441887)(X_0 + X_1 + X_4 + (-0.5938655508967945)((log((X_1)(-0.4017441674803814 + sin((X_1)(X_1)))))(sqrt((X_1)(X_1))) - (X_3))),20,0.4931650102322195,0.5416734705129403,0.4931650102322195,0.5416734705129403,0.4972739253136219,0.4745262297892805
1415,(0.22225649988746873)(X_1 + (2.6864764197481246)((X_1)(X_1) + (-1.1738942262527206)((X_1)(X_1)) + X_3) + X_4 + X_34),16,0.4464252866725558,0.5164109658397864,0.4464252866725558,0.5164109658397864,0.5449197989452728,0.4990332147132376
1416,(0.3313941133854991)(1.5995799747945574 + X_0 + X_1 + X_4 + (-1.765358114179291)(sqrt(X_1) - (X_3))),15,0.24269995879341488,0.2364776056190464,0.24269995879341488,0.2364776056190464,0.7525947804908,0.7705946741726659
1417,(0.3313941133854992)(1.5995799747945574 + X_0 + X_1 + X_4 + (-1.765358114179291)(sqrt(X_1) - (X_3))),15,0.24269995879341488,0.23647760561904635,0.24269995879341488,0.23647760561904635,0.7525947804908,0.7705946741726659
1418,(0.36453878354249325)(X_0 + X_1 + (2.634337702533996)(X_3) - (X_3)),10,0.3416250320904141,0.3668621156119478,0.3416250320904141,0.3668621156119478,0.6517518318735714,0.6441095428662207
1419,(0.33739029290114225)(X_0 + X_1 + X_4 + (-0.17982348908917395)((X_3)(-9.773950303412319 + X_26))),15,0.2644290115868861,0.26852510343958913,0.2644290115868861,0.26852510343958913,0.7304444632726925,0.7395056132857933
1420,(0.3313941133854993)(1.5995799747945498 + X_0 + X_1 + X_4 + (-1.765358114179288)(sqrt(X_1) - (X_3))),15,0.24269995879341488,0.2364776056190461,0.24269995879341488,0.2364776056190461,0.7525947804908,0.7705946741726661
1421,(0.33438933441943847)(X_0 + X_1 + (1.7695575641611203)(X_3) + X_4),11,0.26812770149078646,0.25678974404451416,0.26812770149078646,0.25678974404451416,0.7266740663096265,0.7508900060644692
1422,(0.3395486795014956)(X_0 + X_1 + (1.7531448849989921)(X_3) + (-0.524685734402648)((X_1)(X_1) - (exp(X_4)))),16,0.24628891692064267,0.26707584308654464,0.24628891692064267,0.26707584308654464,0.7489362426909154,0.740911530952409
1423,(0.32887558777742676)(X_0 + X_1 + (-1.7905059875186653)((X_1)(X_1) + (-0.8545963549500493)((X_1)(X_1)) - (X_3)) + X_4),16,0.2543171771487743,0.23851280513911075,0.2543171771487743,0.23851280513911075,0.7407523373705664,0.768620340883043
1424,(0.365325663004339)(X_0 + X_1 + (0.677986021532506)((2)(X_3) + X_10)),13,0.39179190864534214,0.4397202362885815,0.39179190864534214,0.4397202362885815,0.6006123625145035,0.5734303727636789
1425,(0.3313941133854991)(1.5995799747945574 + X_0 + X_1 + X_4 + (-1.765358114179291)(sqrt(X_1) - (X_3))),15,0.24269995879341488,0.2364776056190464,0.24269995879341488,0.2364776056190464,0.7525947804908,0.7705946741726659
1426,(0.3343893344194384)(X_0 + X_1 + (1.7695575641611199)(X_3) + X_4),11,0.26812770149078646,0.2567897440445142,0.26812770149078646,0.2567897440445142,0.7266740663096265,0.7508900060644692
1427,(0.3313941133854991)(1.5995799747945574 + X_0 + X_1 + X_4 + (-1.765358114179291)(sqrt(X_1) - (X_3))),15,0.24269995879341488,0.2364776056190464,0.24269995879341488,0.2364776056190464,0.7525947804908,0.7705946741726659
1428,(0.6267655283515426)(X_0 + X_1 + X_3 + (-0.48567480245437666)(X_1 - ((X_4 - (X_0))(sqrt(X_1))))),15,0.24806686280319915,0.2623798424653459,0.24806686280319915,0.2623798424653459,0.747123827503306,0.7454670893942807
1429,(0.6267655283515422)(X_0 + X_1 + X_3 + (-0.4856748024543768)(X_1 - ((X_4 - (X_0))(sqrt(X_1))))),15,0.24806686280319917,0.262379842465346,0.24806686280319917,0.262379842465346,0.747123827503306,0.7454670893942806
1430,(0.3313941133854991)(1.5995799747945574 + X_0 + X_1 + X_4 + (-1.765358114179291)(sqrt(X_1) - (X_3))),15,0.24269995879341488,0.2364776056190464,0.24269995879341488,0.2364776056190464,0.7525947804908,0.7705946741726659
1431,(0.3282662995415263)(-1.558454809077767e-11 + X_0 + (-1.8228779902861483)(sqrt(-1.558454809077767e-11) - (X_3)) + X_4),13,0.3984484835690314,0.4015467568997174,0.3984484835690314,0.4015467568997174,0.5938267355685318,0.6104622069377478
1432,(0.3313941133854991)(1.5995799747945574 + X_0 + X_1 + X_4 + (-1.765358114179291)(sqrt(X_1) - (X_3))),15,0.24269995879341488,0.2364776056190464,0.24269995879341488,0.2364776056190464,0.7525947804908,0.7705946741726659
1433,(0.6267655283515428)(X_0 + X_1 + X_3 + (-0.4856748024543802)(X_1 - ((X_4 - (X_0))(sqrt(X_1))))),15,0.24806686280319917,0.2623798424653467,0.24806686280319917,0.2623798424653467,0.747123827503306,0.7454670893942801
1434,(0.6267655283515422)(X_0 + X_1 + X_3 + (-0.48567480245437655)(X_1 - ((X_4 - (X_0))(sqrt(X_1))))),15,0.24806686280319917,0.26237984246534596,0.24806686280319917,0.26237984246534596,0.747123827503306,0.7454670893942807
1435,(0.3313941133854992)(1.5995799747945572 + X_0 + X_1 + X_4 + (-1.765358114179291)(sqrt(X_1) - (X_3))),15,0.24269995879341488,0.23647760561904635,0.24269995879341488,0.23647760561904635,0.7525947804908,0.7705946741726659
1436,(0.3562602023138435)(X_0 + X_1 + (0.8266024828034969)((2)(X_3) + X_4)),13,0.265326779786432,0.25017070160011085,0.265326779786432,0.25017070160011085,0.7295292899056212,0.7573110943728033
1437,(0.3313941133854991)(1.5995799747945574 + X_0 + X_1 + X_4 + (-1.765358114179291)(sqrt(X_1) - (X_3))),15,0.24269995879341488,0.2364776056190464,0.24269995879341488,0.2364776056190464,0.7525947804908,0.7705946741726659
1438,(0.3343893344194384)(X_0 + X_1 + (1.7695575641611194)(X_3) + X_4),11,0.2681277014907864,0.2567897440445142,0.2681277014907864,0.2567897440445142,0.7266740663096265,0.7508900060644692
1439,(0.6267655283515422)(X_0 + X_1 + X_3 + (-0.4856748024543768)(X_1 - ((X_4 - (X_0))(sqrt(X_1))))),15,0.24806686280319917,0.262379842465346,0.24806686280319917,0.262379842465346,0.747123827503306,0.7454670893942806
1440,(0.3343893344194384)(X_0 + X_1 + (1.7695575641611196)(X_3) + X_4),11,0.26812770149078646,0.2567897440445142,0.26812770149078646,0.2567897440445142,0.7266740663096265,0.7508900060644691
1441,(0.331394113385499)(1.5995799747945831 + X_0 + X_1 + X_4 + (-1.7653581141793144)(sqrt(X_1) - (X_3))),15,0.24269995879341488,0.23647760561904643,0.24269995879341488,0.23647760561904643,0.7525947804908,0.7705946741726659
1442,(0.33438933441943824)(X_0 + X_1 + (1.769557564161126)(X_3) + X_4),11,0.26812770149078646,0.25678974404451416,0.26812770149078646,0.25678974404451416,0.7266740663096265,0.7508900060644692
1443,(0.3343893344194384)(X_0 + X_1 + (1.7695575641611199)(X_3) + X_4),11,0.26812770149078646,0.2567897440445142,0.26812770149078646,0.2567897440445142,0.7266740663096265,0.7508900060644692
1444,(-8.744810160992519e-07)(-600293.5007239978 + X_0 + X_1 + X_4 + (685216.6718928199)(sqrt(X_1) - (X_3))),15,0.5765266465979564,0.6763362489781946,0.5765266465979564,0.6763362489781946,0.4122961443274027,0.34389077917328514
1445,(0.3313941133854991)(1.5995799747945576 + X_0 + X_1 + X_4 + (-1.7653581141792911)(sqrt(X_1) - (X_3))),15,0.24269995879341488,0.23647760561904635,0.24269995879341488,0.23647760561904635,0.7525947804908,0.7705946741726659
1446,(0.3313941133854991)(1.5995799747945574 + X_0 + X_1 + X_4 + (-1.765358114179291)(sqrt(X_1) - (X_3))),15,0.24269995879341488,0.2364776056190464,0.24269995879341488,0.2364776056190464,0.7525947804908,0.7705946741726659
1447,(0.331394113385499)(1.5995799747945814 + X_0 + X_1 + X_4 + (-1.765358114179263)(sqrt(X_1) - (X_3))),15,0.24269995879341488,0.23647760561904868,0.24269995879341488,0.23647760561904868,0.7525947804908,0.7705946741726637
1448,(0.3343893344194384)(X_0 + X_1 + (1.7695575641611196)(X_3) + X_4),11,0.26812770149078646,0.2567897440445142,0.26812770149078646,0.2567897440445142,0.7266740663096265,0.7508900060644691
1449,(0.3571493448667808)(X_0 + X_1 + (-0.8256474707058067)(-1.1229364046636012 + (-2.0085121399314816)(X_3) - (X_4)) - (sqrt(X_1))),17,0.24266348776141095,0.22824047213863893,0.24266348776141095,0.22824047213863893,0.7526319585922034,0.7785854616512918
1450,(0.3313941133854991)(1.5995799747945565 + X_0 + X_1 + X_4 + (-1.765358114179291)(sqrt(X_1) - (X_3))),15,0.24269995879341488,0.23647760561904635,0.24269995879341488,0.23647760561904635,0.7525947804908,0.7705946741726659
1451,(0.33139411338549946)(1.5995799747945632 + X_0 + X_1 + X_4 + (-1.765358114179295)(sqrt(X_1) - (X_3))),15,0.24269995879341488,0.23647760561904635,0.24269995879341488,0.23647760561904635,0.7525947804908,0.7705946741726659
1452,(-1.813055533807813e-06)(X_0 + X_1 + (-332051.7033735461)(X_3) + X_4),11,0.6084648443670447,0.7129015786004893,0.6084648443670447,0.7129015786004893,0.3797387558998446,0.3084190002112658
1453,(0.3313941133854991)(1.5995799747945574 + X_0 + X_1 + X_4 + (-1.7653581141792911)(sqrt(X_1) - (X_3))),15,0.24269995879341488,0.23647760561904635,0.24269995879341488,0.23647760561904635,0.7525947804908,0.7705946741726659
1454,(0.3313941133854992)(1.5995799747945572 + X_0 + X_1 + X_4 + (-1.7653581141792907)(sqrt(X_1) - (X_3))),15,0.24269995879341488,0.23647760561904635,0.24269995879341488,0.23647760561904635,0.7525947804908,0.7705946741726659
1455,-1 + (0.33139411338549923)(4.61713508397882 + X_0 + X_1 + X_4 + (-1.7653581141792998)(sqrt(X_1) - (X_3))),17,0.24269995879341488,0.23647760561904618,0.24269995879341488,0.23647760561904618,0.7525947804908,0.7705946741726661
1456,(0.33438933441943847)(X_0 + X_1 + (1.7695575641610977)(X_3) + X_4),11,0.2681277014907865,0.25678974404451466,0.2681277014907865,0.25678974404451466,0.7266740663096265,0.7508900060644687
1457,(0.33438933441943824)(X_0 + X_1 + (1.769557564161068)(X_3) + X_4),11,0.26812770149078646,0.2567897440445155,0.26812770149078646,0.2567897440445155,0.7266740663096265,0.7508900060644679
1458,(0.33438933441943836)(X_0 + X_1 + (1.7695575641611319)(X_3) + X_4),11,0.26812770149078646,0.25678974404451393,0.26812770149078646,0.25678974404451393,0.7266740663096265,0.7508900060644694
1459,(0.3313941133854991)(1.5995799747945574 + X_0 + X_1 + X_4 + (-1.765358114179291)(sqrt(X_1) - (X_3))),15,0.24269995879341488,0.2364776056190464,0.24269995879341488,0.2364776056190464,0.7525947804908,0.7705946741726659
1460,(0.3343893344194384)(X_0 + X_1 + (1.7695575641611196)(X_3) + X_4),11,0.26812770149078646,0.2567897440445142,0.26812770149078646,0.2567897440445142,0.7266740663096265,0.7508900060644691
1461,(0.6267655283515422)(X_0 + X_1 + X_3 + (-0.4856748024543768)(X_1 - ((X_4 - (X_0))(sqrt(X_1))))),15,0.24806686280319917,0.262379842465346,0.24806686280319917,0.262379842465346,0.747123827503306,0.7454670893942806
1462,(0.3313941133854991)(1.5995799747945574 + X_0 + X_1 + X_4 + (-1.7653581141792911)(sqrt(X_1) - (X_3))),15,0.24269995879341488,0.23647760561904635,0.24269995879341488,0.23647760561904635,0.7525947804908,0.7705946741726659
1463,(0.3564187920574629)(X_0 + X_1 + (1.6608908789927161)(X_3) + (0.8078588455953364)(X_4)),13,0.2652785456450027,0.2504407723086078,0.2652785456450027,0.2504407723086078,0.7295784591696272,0.7570491006050764
1464,(0.6267655283515422)(X_0 + X_1 + X_3 + (-0.48567480245437833)(X_1 - ((X_4 - (X_0))(sqrt(X_1))))),15,0.24806686280319923,0.2623798424653464,0.24806686280319923,0.2623798424653464,0.7471238275033059,0.7454670893942803
1465,(0.33829849513088106)(0.9328194728945522 + X_0 + X_1 + (1.7500300819022776)(X_3) + X_4 - (sqrt(X_1))),15,0.24510867442488174,0.2355674609991793,0.24510867442488174,0.2355674609991793,0.7501393667259977,0.7714775993127612
1466,(0.3343893344194384)(X_0 + X_1 + (1.7695575641611145)(X_3) + X_4),11,0.26812770149078646,0.2567897440445143,0.26812770149078646,0.2567897440445143,0.7266740663096265,0.750890006064469
1467,(0.6267655283515428)(X_0 + X_1 + X_3 + (-0.4856748024543802)(X_1 - ((X_4 - (X_0))(sqrt(X_1))))),15,0.24806686280319917,0.2623798424653467,0.24806686280319917,0.2623798424653467,0.747123827503306,0.7454670893942801
1468,(0.33139411338549907)(1.599579974794545 + X_0 + X_1 + X_4 + (-1.7653581141792847)(sqrt(X_1) - (X_3))),15,0.24269995879341488,0.23647760561904613,0.24269995879341488,0.23647760561904613,0.7525947804908,0.7705946741726661
1469,(0.3343893344194385)(X_0 + X_1 + (1.7695575641611063)(X_3) + X_4),11,0.26812770149078646,0.2567897440445144,0.26812770149078646,0.2567897440445144,0.7266740663096265,0.750890006064469
1470,(0.33139411338549885)(1.5995799747945574 + X_0 + X_1 + X_4 + (-1.765358114179297)(sqrt(X_1) - (X_3))),15,0.24269995879341488,0.23647760561904624,0.24269995879341488,0.23647760561904624,0.7525947804908,0.770594674172666
1471,(0.2953623003333466)(1.062417481256856 + X_0 + X_1 + (1.9999580297292576)(X_3) + X_4 - ((X_1)(X_1))),15,0.24000888007678745,0.2623916821337962,0.24000888007678745,0.2623916821337962,0.7553380315564932,0.745455603811993
1472,(0.3313941133854991)(1.5995799747945574 + X_0 + X_1 + X_4 + (-1.765358114179291)(sqrt(X_1) - (X_3))),15,0.24269995879341488,0.2364776056190464,0.24269995879341488,0.2364776056190464,0.7525947804908,0.7705946741726659
1473,(0.6267655283515424)(X_0 + X_1 + X_3 + (-0.48567480245437755)(X_1 - ((X_4 - (X_0))(sqrt(X_1))))),15,0.24806686280319915,0.2623798424653461,0.24806686280319915,0.2623798424653461,0.747123827503306,0.7454670893942805
1474,(0.3564187920574628)(X_0 + X_1 + (-0.8078588455953434)((-2.0559171791561583)(X_3) - (X_4))),13,0.26527854564500275,0.25044077230860734,0.26527854564500275,0.25044077230860734,0.729578459169627,0.7570491006050768
1475,(0.34643749820547887)(1.5263402644206001 + X_0 + X_1 + (0.8650406910708145)(X_4) + (-1.686461251726248)(sqrt(X_1) - (X_3))),17,0.2413729460691703,0.23017550928536154,0.2413729460691703,0.23017550928536154,0.7539475202109277,0.7767082952026133
1476,(-8.625594615594856e-07)(-608587.0196573834 + X_0 + X_1 + X_4 + (694683.4601226097)(sqrt(X_1) - (X_3))),15,0.5765266231152738,0.6763360021611757,0.5765266231152738,0.6763360021611757,0.41229616826534754,0.3438910186088059
1477,(0.6267655283515424)(X_0 + X_1 + X_3 + (-0.4856748024544242)(X_1 - ((X_4 - (X_0))(sqrt(X_1))))),15,0.24806686280319917,0.2623798424653568,0.24806686280319917,0.2623798424653568,0.747123827503306,0.7454670893942702
1478,(0.3343893344194384)(X_0 + X_1 + (1.7695575641611196)(X_3) + X_4),11,0.26812770149078646,0.2567897440445142,0.26812770149078646,0.2567897440445142,0.7266740663096265,0.7508900060644691
1479,(0.3343893344194384)(X_0 + X_1 + (1.7695575641611199)(X_3) + X_4),11,0.26812770149078646,0.2567897440445142,0.26812770149078646,0.2567897440445142,0.7266740663096265,0.7508900060644692
1480,(0.3313941133854991)(1.5995799747945574 + X_0 + X_1 + X_4 + (-1.765358114179291)(sqrt(X_1) - (X_3))),15,0.24269995879341488,0.2364776056190464,0.24269995879341488,0.2364776056190464,0.7525947804908,0.7705946741726659
1481,(0.3313941133854991)(1.5995799747945574 + X_0 + X_1 + X_4 + (-1.765358114179291)(sqrt(X_1) - (X_3))),15,0.24269995879341488,0.2364776056190464,0.24269995879341488,0.2364776056190464,0.7525947804908,0.7705946741726659
1482,(0.3313941133854992)(1.599579974794557 + X_0 + X_1 + X_4 + (-1.765358114179291)(sqrt(X_1) - (X_3))),15,0.24269995879341488,0.23647760561904635,0.24269995879341488,0.23647760561904635,0.7525947804908,0.7705946741726659
1483,(0.33310460196705255)(X_0 + X_1 + X_4 + (0.13027257240430754)((X_3)(13.657150210359797 - (X_25)))),15,0.26612061144905014,0.25588270070899477,0.26612061144905014,0.25588270070899477,0.7287200681087993,0.751769922669594
1484,(0.33438933441943847)(X_0 + X_1 + (1.7695575641611203)(X_3) + X_4),11,0.26812770149078646,0.25678974404451416,0.26812770149078646,0.25678974404451416,0.7266740663096265,0.7508900060644692
1485,(0.3343893344194384)(X_0 + X_1 + (1.7695575641611196)(X_3) + X_4),11,0.26812770149078646,0.2567897440445142,0.26812770149078646,0.2567897440445142,0.7266740663096265,0.7508900060644691
1486,(0.626765528351543)(X_0 + X_1 + X_3 + (-0.48567480245439576)(X_1 - ((X_4 - (X_0))(sqrt(X_1))))),15,0.24806686280319923,0.2623798424653502,0.24806686280319923,0.2623798424653502,0.7471238275033059,0.7454670893942766
1487,(0.6267655283515422)(X_0 + X_1 + X_3 + (-0.4856748024543768)(X_1 - ((X_4 - (X_0))(sqrt(X_1))))),15,0.24806686280319917,0.262379842465346,0.24806686280319917,0.262379842465346,0.747123827503306,0.7454670893942806
1488,(0.3313941133854992)(1.5995799747945578 + X_0 + X_1 + X_4 + (-1.765358114179291)(sqrt(X_1) - (X_3))),15,0.24269995879341488,0.2364776056190464,0.24269995879341488,0.2364776056190464,0.7525947804908,0.7705946741726659
1489,(0.3313941133854991)(1.5995799747945574 + X_0 + X_1 + X_4 + (-1.765358114179291)(sqrt(X_1) - (X_3))),15,0.24269995879341488,0.2364776056190464,0.24269995879341488,0.2364776056190464,0.7525947804908,0.7705946741726659
1490,(0.3313941133854991)(1.5995799747945574 + X_0 + X_1 + X_4 + (-1.765358114179291)(sqrt(X_1) - (X_3))),15,0.24269995879341488,0.2364776056190464,0.24269995879341488,0.2364776056190464,0.7525947804908,0.7705946741726659
1491,(0.33139411338549907)(1.5995799747945572 + X_0 + X_1 + X_4 + (-1.76535811417929)(sqrt(X_1) - (X_3))),15,0.24269995879341488,0.23647760561904643,0.24269995879341488,0.23647760561904643,0.7525947804908,0.7705946741726659
1492,(0.5671831886092891)(X_0 + X_1 + X_3 + (-0.2001414441291034)(X_1 - ((X_4 - (X_0))(exp(sqrt(X_1)))))),16,0.2544034361027448,0.28932511015532814,0.2544034361027448,0.28932511015532814,0.740664406101242,0.7193276674488344
1493,(0.3347469487922024)(X_0 + X_1 + (1.7692439589068396)(0.03458212108812023 + X_3) + X_4),13,0.2677089086990712,0.2587176631165019,0.2677089086990712,0.2587176631165019,0.7271009783003755,0.7490197448119489
1494,(0.2953623003333463)(1.0624174812568556 + X_0 + X_1 + (1.9999580297292585)(X_3) + X_4 - ((X_1)(X_1))),15,0.2400088800767874,0.26239168213379627,0.2400088800767874,0.26239168213379627,0.7553380315564933,0.745455603811993
1495,(0.3343893344194384)(X_0 + X_1 + (1.7695575641611199)(X_3) + X_4),11,0.26812770149078646,0.2567897440445142,0.26812770149078646,0.2567897440445142,0.7266740663096265,0.7508900060644692
1496,(0.3313941133854991)(1.5995799747945576 + X_0 + X_1 + X_4 + (-1.7653581141792911)(sqrt(X_1) - (X_3))),15,0.24269995879341488,0.23647760561904635,0.24269995879341488,0.23647760561904635,0.7525947804908,0.7705946741726659
1497,(0.3313941133854991)(1.5995799747945574 + X_0 + X_1 + X_4 + (-1.7653581141792911)(sqrt(X_1) - (X_3))),15,0.24269995879341488,0.23647760561904635,0.24269995879341488,0.23647760561904635,0.7525947804908,0.7705946741726659
1498,(0.3313941133854991)(1.5995799747945576 + X_0 + X_1 + X_4 + (-1.7653581141792911)(sqrt(X_1) - (X_3))),15,0.24269995879341488,0.23647760561904635,0.24269995879341488,0.23647760561904635,0.7525947804908,0.7705946741726659
1499,(0.3313941133854992)(1.5995799747945574 + X_0 + X_1 + X_4 + (1.765358114179291)(X_3 - (sqrt(X_1)))),15,0.24269995879341488,0.23647760561904635,0.24269995879341488,0.23647760561904635,0.7525947804908,0.7705946741726659
1500,(0.3313941133854992)(1.5995799747945572 + X_0 + X_1 + X_4 + (-1.765358114179291)(sqrt(X_1) - (X_3))),15,0.24269995879341488,0.23647760561904635,0.24269995879341488,0.23647760561904635,0.7525947804908,0.7705946741726659
1501,(0.625797259580509)(X_0 + X_1 + X_3 + (-0.48247147817893676)(X_1 - ((X_4 - (X_0))((sqrt(X_1))^(sqrt((2)(X_23))))))),20,0.2427190032252128,0.2661233238501721,0.2427190032252128,0.2661233238501721,0.7525753668417297,0.7418355634213813
1502,(0.2612373680153284)(2.0675298726908125 + X_0 + X_1 + X_4 + (2.336158543181833)(X_3 - (sqrt(X_1))) - (X_30)),17,0.33196972180693507,0.3533276273636609,0.33196972180693507,0.3533276273636609,0.6615943311141539,0.6572392583772373
1503,(0.3343893344194384)(X_0 + X_1 + (1.7695575641611196)(X_3) + X_4),11,0.26812770149078646,0.2567897440445142,0.26812770149078646,0.2567897440445142,0.7266740663096265,0.7508900060644691
1504,(-1.7589087144540186e-06)(X_0 + X_1 + (-342276.47832706117)(X_3) + X_4),11,0.6084647328511726,0.7129016250136982,0.6084647328511726,0.7129016250136982,0.37973886957769165,0.30841895518612583
1505,(0.3347469487922024)(-1.7080597500854982 + X_0 + X_1 + (1.7692439589068398)(1 + X_3) + X_4),15,0.2677089086990712,0.2587176631165019,0.2677089086990712,0.2587176631165019,0.7271009783003755,0.7490197448119489
1506,(0.3313941133854992)(1.5995799747945572 + X_0 + X_1 + X_4 + (-1.765358114179291)(sqrt(X_1) - (X_3))),15,0.24269995879341488,0.23647760561904635,0.24269995879341488,0.23647760561904635,0.7525947804908,0.7705946741726659
1507,(0.3343893344194384)(X_0 + X_1 + (1.7695575641611196)(X_3) + X_4),11,0.26812770149078646,0.2567897440445142,0.26812770149078646,0.2567897440445142,0.7266740663096265,0.7508900060644691
1508,(0.3343893344194384)(X_0 + X_1 + (1.7695575641611194)(X_3) + X_4),11,0.2681277014907864,0.2567897440445142,0.2681277014907864,0.2567897440445142,0.7266740663096265,0.7508900060644692
1509,(0.2953623003333466)(1.0624174812568508 + X_0 + X_1 + (1.9999580297292567)(X_3) + X_4 - ((X_1)(X_1))),15,0.2400088800767874,0.262391682133796,0.2400088800767874,0.262391682133796,0.7553380315564933,0.7454556038119933
1510,(0.3313941133854993)(1.5995799747945598 + X_0 + X_1 + X_4 + (-1.7653581141792887)(sqrt(X_1) - (X_3))),15,0.24269995879341488,0.23647760561904652,0.24269995879341488,0.23647760561904652,0.7525947804908,0.7705946741726658
1511,(0.2953623003333466)(1.062417481256854 + X_0 + X_1 + (1.9999580297292399)(X_3) + X_4 - ((X_1)(X_1))),15,0.2400088800767874,0.2623916821337962,0.2400088800767874,0.2623916821337962,0.7553380315564933,0.745455603811993
1512,(0.3313941133854992)(1.5995799747945572 + X_0 + X_1 + X_4 + (-1.765358114179291)(sqrt(X_1) - (X_3))),15,0.24269995879341488,0.23647760561904635,0.24269995879341488,0.23647760561904635,0.7525947804908,0.7705946741726659
1513,(0.2953623003333466)(1.062417481256856 + X_0 + X_1 + (1.9999580297292576)(X_3) + X_4 - ((X_1)(X_1))),15,0.24000888007678745,0.2623916821337962,0.24000888007678745,0.2623916821337962,0.7553380315564932,0.745455603811993
1514,(0.3313941133854991)(1.5995799747945574 + X_0 + X_1 + X_4 + (-1.765358114179291)(sqrt(X_1) - (X_3))),15,0.24269995879341488,0.2364776056190464,0.24269995879341488,0.2364776056190464,0.7525947804908,0.7705946741726659
1515,(0.6267655283515422)(X_0 + X_1 + X_3 + (-0.4856748024543768)(X_1 - ((X_4 - (X_0))(sqrt(X_1))))),15,0.24806686280319917,0.262379842465346,0.24806686280319917,0.262379842465346,0.747123827503306,0.7454670893942806
1516,(0.3313941133854991)(1.5995799747945645 + X_0 + X_1 + X_4 + (-1.7653581141792938)(sqrt(X_1) - (X_3))),15,0.24269995879341488,0.23647760561904657,0.24269995879341488,0.23647760561904657,0.7525947804908,0.7705946741726657
1517,(0.2953623003333466)(1.062417481256856 + X_0 + X_1 + (1.9999580297292576)(X_3) + X_4 - ((X_1)(X_1))),15,0.24000888007678745,0.2623916821337962,0.24000888007678745,0.2623916821337962,0.7553380315564932,0.745455603811993
1518,(0.3343893344194384)(X_0 + X_1 + (1.7695575641611132)(X_3) + X_4),11,0.26812770149078646,0.2567897440445143,0.26812770149078646,0.2567897440445143,0.7266740663096265,0.750890006064469
1519,(0.3313941133854991)(1.5995799747945574 + X_0 + X_1 + X_4 + (-1.765358114179291)(sqrt(X_1) - (X_3))),15,0.24269995879341488,0.2364776056190464,0.24269995879341488,0.2364776056190464,0.7525947804908,0.7705946741726659
1520,(0.6267655283515418)(X_0 + X_1 + X_3 + (-0.4856748024543758)(X_1 - ((X_4 - (X_0))(sqrt(X_1))))),15,0.24806686280319917,0.2623798424653459,0.24806686280319917,0.2623798424653459,0.747123827503306,0.7454670893942807
1521,(0.3313941133854991)(1.5995799747945574 + X_0 + X_1 + X_4 + (-1.765358114179291)(sqrt(X_1) - (X_3))),15,0.24269995879341488,0.2364776056190464,0.24269995879341488,0.2364776056190464,0.7525947804908,0.7705946741726659
1522,(-9.031677034829498e-07)(-581278.0246627457 + X_0 + X_1 + X_4 + (663511.1070689947)(sqrt(X_1) - (X_3))),15,0.5765266988311417,0.676339961081392,0.5765266988311417,0.676339961081392,0.4122960910815646,0.3438871780870796
1523,(0.3313941133854993)(1.599579974794549 + X_0 + X_1 + X_4 + (-1.7653581141792891)(sqrt(X_1) - (X_3))),15,0.24269995879341488,0.23647760561904602,0.24269995879341488,0.23647760561904602,0.7525947804908,0.7705946741726662
1524,(0.6267655283515421)(X_0 + X_1 + X_3 + (-0.4856748024543768)(X_1 - ((X_4 - (X_0))(sqrt(X_1))))),15,0.24806686280319917,0.26237984246534596,0.24806686280319917,0.26237984246534596,0.747123827503306,0.7454670893942806
1525,(0.3343893344194384)(X_0 + X_1 + (1.7695575641611196)(X_3) + X_4),11,0.26812770149078646,0.2567897440445142,0.26812770149078646,0.2567897440445142,0.7266740663096265,0.7508900060644691
1526,(0.6679703123869487)(X_3 + sin(X_0 + X_1)),8,0.29017716136193117,0.36052382732800065,0.29017716136193117,0.36052382732800065,0.7041971302334928,0.6502582734623383
1527,(0.3313941133854992)(1.599579974794557 + X_0 + X_1 + X_4 + (-1.7653581141792907)(sqrt(X_1) - (X_3))),15,0.24269995879341488,0.23647760561904635,0.24269995879341488,0.23647760561904635,0.7525947804908,0.7705946741726659
1528,(0.3313941133854993)(1.5995799747945598 + X_0 + X_1 + X_4 + (-1.7653581141792887)(sqrt(X_1) - (X_3))),15,0.24269995879341488,0.23647760561904652,0.24269995879341488,0.23647760561904652,0.7525947804908,0.7705946741726658
1529,(0.6267655283515421)(X_0 + X_1 + X_3 + (-0.4856748024543768)(X_1 - ((X_4 - (X_0))(sqrt(X_1))))),15,0.24806686280319917,0.26237984246534596,0.24806686280319917,0.26237984246534596,0.747123827503306,0.7454670893942806
1530,(0.3313941133854991)(1.5995799747945574 + X_0 + X_1 + X_4 + (-1.765358114179291)(sqrt(X_1) - (X_3))),15,0.24269995879341488,0.2364776056190464,0.24269995879341488,0.2364776056190464,0.7525947804908,0.7705946741726659
1531,(0.3343893344194383)(X_0 + X_1 + X_3 + (0.7695575641611518)(X_3) + X_4),12,0.26812770149078646,0.25678974404451355,0.26812770149078646,0.25678974404451355,0.7266740663096265,0.7508900060644698
1532,(-0.3191055174750986)((1.8511313221114745)((-0.6147008807796815)(X_1) - (X_3)) - (X_0 + X_4)),13,0.26690399081517185,0.2594217529807511,0.26690399081517185,0.2594217529807511,0.727921501248723,0.7483367119966555
1533,(0.3313941133854991)(1.5995799747945574 + X_0 + X_1 + X_4 + (-1.7653581141792911)(sqrt(X_1) - (X_3))),15,0.24269995879341488,0.23647760561904635,0.24269995879341488,0.23647760561904635,0.7525947804908,0.7705946741726659
1534,(0.3313941133854991)(1.5995799747945574 + X_0 + X_1 + X_4 + (-1.7653581141792911)(sqrt(X_1) - (X_3))),15,0.24269995879341488,0.23647760561904635,0.24269995879341488,0.23647760561904635,0.7525947804908,0.7705946741726659
1535,(0.3313941133854993)(1.5995799747945598 + X_0 + X_1 + X_4 + (-1.7653581141792887)(sqrt(X_1) - (X_3))),15,0.24269995879341488,0.23647760561904652,0.24269995879341488,0.23647760561904652,0.7525947804908,0.7705946741726658
1536,(0.3313941133854991)(1.5995799747945574 + X_0 + X_1 + X_4 + (-1.765358114179291)(sqrt(X_1) - (X_3))),15,0.24269995879341488,0.2364776056190464,0.24269995879341488,0.2364776056190464,0.7525947804908,0.7705946741726659
1537,(0.3562602023138435)(X_0 + X_1 + (0.8266024828034968)((2)(X_3) + X_4)),13,0.265326779786432,0.25017070160011085,0.265326779786432,0.25017070160011085,0.7295292899056212,0.7573110943728033
1538,(0.3313941133854991)(1.5995799747945574 + X_0 + X_1 + X_4 + (-1.765358114179291)(sqrt(X_1) - (X_3))),15,0.24269995879341488,0.2364776056190464,0.24269995879341488,0.2364776056190464,0.7525947804908,0.7705946741726659
1539,(0.3313941133854991)(1.5995799747945574 + X_0 + X_1 + X_4 + (-1.765358114179291)(sqrt(X_1) - (X_3))),15,0.24269995879341488,0.2364776056190464,0.24269995879341488,0.2364776056190464,0.7525947804908,0.7705946741726659
1540,(0.32296719786498845)(1.6415211100402283 + (1.0786938391707104)(X_0) + X_1 + X_4 + (-1.8136821096986275)(sqrt(X_1) - (X_3))),17,0.24228441851595056,0.23226919325545578,0.24228441851595056,0.23226919325545578,0.7530183769103135,0.774677226543568
1541,(0.33438933441943847)(X_0 + X_1 + (1.7695575641611239)(X_3) + X_4),11,0.26812770149078646,0.25678974404451405,0.26812770149078646,0.25678974404451405,0.7266740663096265,0.7508900060644692
1542,(0.3313941133854992)(1.5995799747945572 + X_0 + X_1 + X_4 + (-1.765358114179291)(sqrt(X_1) - (X_3))),15,0.24269995879341488,0.23647760561904635,0.24269995879341488,0.23647760561904635,0.7525947804908,0.7705946741726659
1543,(0.3329756893320609)(X_0 + X_1 + X_4 + (-1.7694128948950512)((0.048005485242845265)(sqrt(X_1) - (X_21)) - (X_3))),17,0.26667506989055767,0.25115434389191177,0.26667506989055767,0.25115434389191177,0.7281548602978385,0.7563568696382563
1544,(0.33139411338549896)(1.5995799747945698 + X_0 + X_1 + X_4 + (-1.7653581141792953)(sqrt(X_1) - (X_3))),15,0.24269995879341488,0.23647760561904677,0.24269995879341488,0.23647760561904677,0.7525947804908,0.7705946741726655
1545,(0.3313941133854992)(1.5995799747945572 + X_0 + X_1 + X_4 + (-1.765358114179291)(sqrt(X_1) - (X_3))),15,0.24269995879341488,0.23647760561904635,0.24269995879341488,0.23647760561904635,0.7525947804908,0.7705946741726659
1546,(0.3313941133854991)(1.5995799747945574 + X_0 + X_1 + X_4 + (-1.7653581141792911)(sqrt(X_1) - (X_3))),15,0.24269995879341488,0.23647760561904635,0.24269995879341488,0.23647760561904635,0.7525947804908,0.7705946741726659
1547,(0.2953623003333465)(1.0624174812568776 + X_0 + X_1 + (1.9999580297292427)(X_3) + X_4 - ((X_1)(X_1))),15,0.24000888007678745,0.262391682133797,0.24000888007678745,0.262391682133797,0.7553380315564932,0.7454556038119924
1548,(0.33139411338549957)(1.5995799747945507 + X_0 + X_1 + X_4 + (-1.7653581141792896)(sqrt(X_1) - (X_3))),15,0.24269995879341488,0.23647760561904602,0.24269995879341488,0.23647760561904602,0.7525947804908,0.7705946741726662
1549,(0.3313941133854991)(1.5995799747945574 + X_0 + X_1 + X_4 + (-1.765358114179291)(sqrt(X_1) - (X_3))),15,0.24269995879341488,0.2364776056190464,0.24269995879341488,0.2364776056190464,0.7525947804908,0.7705946741726659
1550,(0.6267655283515422)(X_0 + X_1 + X_3 + (-0.4856748024543768)(X_1 - ((X_4 - (X_0))(sqrt(X_1))))),15,0.24806686280319917,0.262379842465346,0.24806686280319917,0.262379842465346,0.747123827503306,0.7454670893942806
1551,(-8.605484516138745e-07)(-610012.5707170065 + X_0 + X_1 + X_4 + (696310.6812361834)(sqrt(X_1) - (X_3))),15,0.5765266185106457,0.6763362241543543,0.5765266185106457,0.6763362241543543,0.41229617295924625,0.34389080325472465
1552,(0.2953623003333466)(1.062417481256856 + X_0 + X_1 + (1.9999580297292574)(X_3) + X_4 - ((X_1)(X_1))),15,0.24000888007678745,0.26239168213379616,0.24000888007678745,0.26239168213379616,0.7553380315564932,0.745455603811993
1553,(0.3562602023138435)(X_0 + X_1 + (0.8266024828034969)((2)(X_3) + X_4)),13,0.265326779786432,0.25017070160011085,0.265326779786432,0.25017070160011085,0.7295292899056212,0.7573110943728033
1554,(0.3382984951308811)(0.9328194728945521 + X_0 + X_1 + (1.7500300819022774)(X_3) + X_4 - (sqrt(X_1))),15,0.24510867442488174,0.2355674609991793,0.24510867442488174,0.2355674609991793,0.7501393667259977,0.7714775993127612
1555,(0.33139411338549934)(1.5995799747945285 + X_0 + X_1 + X_4 + (-1.7653581141792953)(sqrt(X_1) - (X_3))),15,0.24269995879341488,0.23647760561904482,0.24269995879341488,0.23647760561904482,0.7525947804908,0.7705946741726675
1556,(0.3313941133854991)(1.5995799747945574 + X_0 + X_1 + X_4 + (-1.765358114179291)(sqrt(X_1) - (X_3))),15,0.24269995879341488,0.2364776056190464,0.24269995879341488,0.2364776056190464,0.7525947804908,0.7705946741726659
1557,(0.33438933441943836)(X_0 + X_1 + (1.769557564161119)(X_3) + X_4),11,0.26812770149078646,0.2567897440445142,0.26812770149078646,0.2567897440445142,0.7266740663096265,0.7508900060644691
1558,(0.611112521082528)(X_0 + X_1 + X_3 + (-0.3963771979838848)(X_1 + (-1.345318724874204)((X_4 - (X_0))(sqrt(X_1))))),17,0.24422405537809036,0.27114377530378975,0.24422405537809036,0.27114377530378975,0.7510411360157062,0.7369652574213585
1559,(0.3313941133854991)(1.5995799747945574 + X_0 + X_1 + X_4 + (-1.7653581141792911)(sqrt(X_1) - (X_3))),15,0.24269995879341488,0.23647760561904635,0.24269995879341488,0.23647760561904635,0.7525947804908,0.7705946741726659
1560,(0.3313941133854991)(1.5995799747945576 + X_0 + X_1 + X_4 + (-1.7653581141792913)(sqrt(X_1) - (X_3))),15,0.24269995879341488,0.23647760561904635,0.24269995879341488,0.23647760561904635,0.7525947804908,0.7705946741726659
1561,(0.5671831886092881)(X_0 + X_1 + X_3 + (-0.20014144412909696)(X_1 - ((X_4 - (X_0))(exp(sqrt(X_1)))))),16,0.25440343610274485,0.28932511015532436,0.25440343610274485,0.28932511015532436,0.740664406101242,0.719327667448838
1562,(0.6267655283515422)(X_0 + X_1 + X_3 + (-0.4856748024543768)(X_1 - ((X_4 - (X_0))(sqrt(X_1))))),15,0.24806686280319917,0.262379842465346,0.24806686280319917,0.262379842465346,0.747123827503306,0.7454670893942806
1563,(0.3313941133854991)(1.5995799747945534 + X_0 + X_1 + X_4 + (-1.7653581141793007)(sqrt(X_1) - (X_3))),15,0.24269995879341488,0.2364776056190458,0.24269995879341488,0.2364776056190458,0.7525947804908,0.7705946741726665
1564,(0.6267655283515426)(X_0 + X_1 + X_3 + (-0.48567480245437755)(X_1 - ((X_4 - (X_0))(sqrt(X_1))))),15,0.24806686280319915,0.2623798424653461,0.24806686280319915,0.2623798424653461,0.747123827503306,0.7454670893942805
1565,(0.5902951695341189)(X_3) + sin(sin(X_0 + X_1)),9,0.27204041543136076,0.324321345992504,0.27204041543136076,0.324321345992504,0.7226854959935991,0.6853780557554092
1566,(0.3313941133854991)(1.5995799747945574 + X_0 + X_1 + X_4 + (-1.765358114179291)(sqrt(X_1) - (X_3))),15,0.24269995879341488,0.2364776056190464,0.24269995879341488,0.2364776056190464,0.7525947804908,0.7705946741726659
1567,(0.6267655283515425)(X_0 + X_1 + X_3 + (-0.4856748024543749)(X_1 - ((X_4 - (X_0))(sqrt(X_1))))),15,0.24806686280319923,0.26237984246534557,0.24806686280319923,0.26237984246534557,0.7471238275033059,0.7454670893942811
1568,(0.33438933441943847)(X_0 + X_1 + (1.7695575641611214)(X_3) + X_4),11,0.26812770149078646,0.2567897440445141,0.26812770149078646,0.2567897440445141,0.7266740663096265,0.7508900060644692
1569,(0.33139411338549907)(1.5995799747945583 + X_0 + X_1 + X_4 + (-1.7653581141793029)(sqrt(X_1) - (X_3))),15,0.24269995879341488,0.23647760561904593,0.24269995879341488,0.23647760561904593,0.7525947804908,0.7705946741726664
1570,(0.6267655283515422)(X_0 + X_1 + X_3 + (-0.4856748024543768)(X_1 - ((X_4 - (X_0))(sqrt(X_1))))),15,0.24806686280319917,0.262379842465346,0.24806686280319917,0.262379842465346,0.747123827503306,0.7454670893942806
1571,(0.33438933441943847)(X_0 + X_1 + (1.7695575641611203)(X_3) + X_4),11,0.26812770149078646,0.25678974404451416,0.26812770149078646,0.25678974404451416,0.7266740663096265,0.7508900060644692
1572,(0.33139411338549923)(3.3649380889738465 + X_0 + X_1 + X_4 + (-1.7653581141792898)(1 + sqrt(X_1) - (X_3))),17,0.24269995879341488,0.23647760561904635,0.24269995879341488,0.23647760561904635,0.7525947804908,0.7705946741726659
1573,(0.6267655283515422)(X_0 + X_1 + X_3 + (-0.4856748024543768)(X_1 - ((X_4 - (X_0))(sqrt(X_1))))),15,0.24806686280319917,0.262379842465346,0.24806686280319917,0.262379842465346,0.747123827503306,0.7454670893942806
1574,(0.33139411338549857)(1.5995799747945625 + X_0 + X_1 + X_4 + (-1.7653581141792984)(sqrt(X_1) - (X_3))),15,0.24269995879341488,0.23647760561904643,0.24269995879341488,0.23647760561904643,0.7525947804908,0.7705946741726659
1575,(0.6679703123869497)(X_3 + sin(X_0 + X_1)),8,0.29017716136193117,0.3605238273280006,0.29017716136193117,0.3605238273280006,0.7041971302334928,0.6502582734623383
1576,(0.6267655283515422)(X_0 + X_1 + X_3 + (-0.48567480245437683)(X_1 - ((X_4 - (X_0))(sqrt(X_1))))),15,0.24806686280319917,0.26237984246534596,0.24806686280319917,0.26237984246534596,0.747123827503306,0.7454670893942806
1577,(0.3313941133854993)(1.5995799747945598 + X_0 + X_1 + X_4 + (-1.7653581141792887)(sqrt(X_1) - (X_3))),15,0.24269995879341488,0.23647760561904652,0.24269995879341488,0.23647760561904652,0.7525947804908,0.7705946741726658
1578,(0.33139411338549907)(1.5995799747945574 + X_0 + X_1 + X_4 + (-1.7653581141792898)(sqrt(X_1) - (X_3))),15,0.24269995879341488,0.23647760561904643,0.24269995879341488,0.23647760561904643,0.7525947804908,0.7705946741726659
1579,(0.3313941133854993)(1.5995799747945547 + X_0 + X_1 + X_4 + (-1.7653581141792967)(sqrt(X_1) - (X_3))),15,0.24269995879341488,0.23647760561904593,0.24269995879341488,0.23647760561904593,0.7525947804908,0.7705946741726664
1580,(0.33438933441943863)(X_0 + X_1 + (1.7695575641611612)(X_3) + X_4),11,0.2681277014907864,0.2567897440445131,0.2681277014907864,0.2567897440445131,0.7266740663096265,0.7508900060644702
1581,(0.3313941133854991)(1.5995799747945574 + X_0 + X_1 + X_4 + (-1.765358114179291)(sqrt(X_1) - (X_3))),15,0.24269995879341488,0.2364776056190464,0.24269995879341488,0.2364776056190464,0.7525947804908,0.7705946741726659
1582,(0.6267655283515422)(X_0 + X_1 + X_3 + (-0.4856748024543768)(X_1 - ((X_4 - (X_0))(sqrt(X_1))))),15,0.24806686280319917,0.262379842465346,0.24806686280319917,0.262379842465346,0.747123827503306,0.7454670893942806
1583,(0.3343892520926664)(X_0 + X_1 + (3.172995011900817e-05)((X_3)(55762.593859046625 - (X_3))) + X_4),14,0.26812914345821504,0.25679329389864275,0.26812914345821504,0.25679329389864275,0.7266725963865579,0.750886562374988
1584,(0.3343893344194384)(X_0 + X_1 + (1.7695575641611199)(X_3) + X_4),11,0.26812770149078646,0.2567897440445142,0.26812770149078646,0.2567897440445142,0.7266740663096265,0.7508900060644692
1585,(0.3343893344194384)(X_0 + X_1 + (1.7695575641611159)(X_3) + X_4),11,0.26812770149078646,0.2567897440445142,0.26812770149078646,0.2567897440445142,0.7266740663096265,0.7508900060644691
1586,(0.3347469487922024)(0.06118420882134152 + X_0 + X_1 + (1.7692439589068396)(X_3) + X_4),13,0.2677089086990712,0.2587176631165019,0.2677089086990712,0.2587176631165019,0.7271009783003755,0.7490197448119489
1587,(-1.8021801820130593e-06)(X_0 + X_1 + (-334107.2174677043)(X_3) + X_4),11,0.6084648060432549,0.7129048824965226,0.6084648060432549,0.7129048824965226,0.37973879496662344,0.30841579512406936
1588,(0.3313941133854991)(1.5995799747945574 + X_0 + X_1 + X_4 + (-1.765358114179291)(sqrt(X_1) - (X_3))),15,0.24269995879341488,0.2364776056190464,0.24269995879341488,0.2364776056190464,0.7525947804908,0.7705946741726659
1589,(0.3343893344194382)(X_0 + X_1 + (1.7695575641611159)(X_3) + X_4),11,0.26812770149078646,0.2567897440445144,0.26812770149078646,0.2567897440445144,0.7266740663096265,0.750890006064469
1590,(0.3313941133854992)(1.5995799747945572 + X_0 + X_1 + X_4 + (-1.765358114179291)(sqrt(X_1) - (X_3))),15,0.24269995879341488,0.23647760561904635,0.24269995879341488,0.23647760561904635,0.7525947804908,0.7705946741726659
1591,(0.33139411338549934)(1.5995799747945032 + X_0 + X_1 + X_4 + (-1.7653581141793)(sqrt(X_1) - (X_3))),15,0.24269995879341488,0.23647760561904355,0.24269995879341488,0.23647760561904355,0.7525947804908,0.7705946741726687
1592,(-9.043703571033643e-07)(-580448.4989226168 + X_0 + X_1 + X_4 + (662564.2336530208)(sqrt(X_1) - (X_3))),15,0.576526707759236,0.6763359375827985,0.576526707759236,0.6763359375827985,0.41229608198038004,0.34389108125585277
1593,(0.3343893344194384)(X_0 + X_1 + (1.7695575641611196)(X_3) + X_4),11,0.26812770149078646,0.2567897440445142,0.26812770149078646,0.2567897440445142,0.7266740663096265,0.7508900060644691
1594,(0.3313941133854992)(1.5995799747945572 + X_0 + X_1 + X_4 + (-1.765358114179291)(sqrt(X_1) - (X_3))),15,0.24269995879341488,0.23647760561904635,0.24269995879341488,0.23647760561904635,0.7525947804908,0.7705946741726659
1595,(0.3343893344194384)(X_0 + X_1 + (1.7695575641611239)(X_3) + X_4),11,0.26812770149078646,0.25678974404451405,0.26812770149078646,0.25678974404451405,0.7266740663096265,0.7508900060644692
1596,(0.3313941133854991)(1.5995799747945574 + X_0 + X_1 + X_4 + (-1.765358114179291)(sqrt(X_1) - (X_3))),15,0.24269995879341488,0.2364776056190464,0.24269995879341488,0.2364776056190464,0.7525947804908,0.7705946741726659
1597,(0.3313941133854991)(1.5995799747945574 + X_0 + X_1 + X_4 + (-1.765358114179291)(sqrt(X_1) - (X_3))),15,0.24269995879341488,0.2364776056190464,0.24269995879341488,0.2364776056190464,0.7525947804908,0.7705946741726659
1598,(0.33139411338549923)(1.5995799747945645 + X_0 + X_1 + X_4 + (-1.7653581141792976)(sqrt(X_1) - (X_3))),15,0.24269995879341488,0.23647760561904635,0.24269995879341488,0.23647760561904635,0.7525947804908,0.7705946741726659
1599,(0.6267655283515421)(X_0 + X_1 + X_3 + (-0.4856748024543768)(X_1 - ((X_4 - (X_0))(sqrt(X_1))))),15,0.24806686280319917,0.26237984246534596,0.24806686280319917,0.26237984246534596,0.747123827503306,0.7454670893942806
1600,(0.34387413117236587)(X_0 + X_1 + (1.720098043319126)(X_3) + (X_4)(sqrt(X_15))),14,0.2661663996874691,0.27490199381979036,0.2661663996874691,0.27490199381979036,0.7286733921668944,0.7333194350571796
1601,(0.3343893344194384)(X_0 + X_1 + (1.7695575641611199)(X_3) + X_4),11,0.26812770149078646,0.2567897440445142,0.26812770149078646,0.2567897440445142,0.7266740663096265,0.7508900060644692
1602,(0.3343893344194386)(X_0 + X_1 + (1.7695575641611196)(X_3) + X_4),11,0.26812770149078646,0.2567897440445141,0.26812770149078646,0.2567897440445141,0.7266740663096265,0.7508900060644692
1603,(0.3313941133854989)(1.5995799747945902 + X_0 + X_1 + X_4 + (-1.765358114179326)(sqrt(X_1) - (X_3))),15,0.24269995879341488,0.23647760561904627,0.24269995879341488,0.23647760561904627,0.7525947804908,0.770594674172666
1604,(0.3313941133854991)(1.5995799747945574 + X_0 + X_1 + X_4 + (-1.765358114179291)(sqrt(X_1) - (X_3))),15,0.24269995879341488,0.2364776056190464,0.24269995879341488,0.2364776056190464,0.7525947804908,0.7705946741726659
1605,(0.33139411338549946)(1.5995799747945765 + X_0 + X_1 + X_4 + (-1.7653581141793113)(sqrt(X_1) - (X_3))),15,0.24269995879341488,0.23647760561904613,0.24269995879341488,0.23647760561904613,0.7525947804908,0.7705946741726661
1606,(0.3562602023138436)(X_0 + X_1 + (0.826602482803501)((2)(X_3) + X_4)),13,0.265326779786432,0.25017070160011057,0.265326779786432,0.25017070160011057,0.7295292899056212,0.7573110943728035
1607,(0.6267655283515421)(X_0 + X_1 + X_3 + (-0.4856748024543811)(X_1 - ((X_4 - (X_0))(sqrt(X_1))))),15,0.24806686280319915,0.262379842465347,0.24806686280319915,0.262379842465347,0.747123827503306,0.7454670893942796
1608,(0.3343893344194384)(X_0 + X_1 + (1.7695575641611239)(X_3) + X_4),11,0.26812770149078646,0.25678974404451405,0.26812770149078646,0.25678974404451405,0.7266740663096265,0.7508900060644692
1609,(0.33139411338549923)(1.5995799747945583 + X_0 + X_1 + X_4 + (-1.7653581141792996)(sqrt(X_1) - (X_3))),15,0.24269995879341488,0.23647760561904602,0.24269995879341488,0.23647760561904602,0.7525947804908,0.7705946741726662
1610,(0.3313941133854993)(1.5995799747945583 + X_0 + X_1 + X_4 + (-1.7653581141792907)(sqrt(X_1) - (X_3))),15,0.24269995879341488,0.23647760561904635,0.24269995879341488,0.23647760561904635,0.7525947804908,0.7705946741726659
1611,(0.2953623003333466)(1.062417481256856 + X_0 + X_1 + (1.9999580297292574)(X_3) + X_4 - ((X_1)(X_1))),15,0.24000888007678745,0.26239168213379616,0.24000888007678745,0.26239168213379616,0.7553380315564932,0.745455603811993
1612,(0.3313941133854993)(1.5995799747945623 + X_0 + X_1 + X_4 + (-1.7653581141792887)(sqrt(X_1) - (X_3))),15,0.24269995879341488,0.23647760561904665,0.24269995879341488,0.23647760561904665,0.7525947804908,0.7705946741726657
1613,(0.34439855297394495)(X_0 + X_1 + (1.7235914204991967)(X_3) + (-0.3247743506097796)((X_1)(X_1) - ((X_4)(exp(X_4))))),17,0.2575530492505482,0.2730757053220532,0.2575530492505482,0.2730757053220532,0.7374537309281792,0.7350911051769837
1614,(0.33438933441943847)(X_0 + X_1 + (1.7695575641611105)(X_3) + X_4),11,0.26812770149078646,0.2567897440445143,0.26812770149078646,0.2567897440445143,0.7266740663096265,0.750890006064469
1615,(0.3313941133854991)(1.5995799747945574 + X_0 + X_1 + X_4 + (-1.7653581141792911)(sqrt(X_1) - (X_3))),15,0.24269995879341488,0.23647760561904635,0.24269995879341488,0.23647760561904635,0.7525947804908,0.7705946741726659
1616,(0.33482741385759546)(X_0 + X_1 + X_4 + (0.09508813517736998)((X_3)(18.57189166928292 + X_3 + X_46))),16,0.265320733931215,0.2629112818514679,0.265320733931215,0.2629112818514679,0.7295354529727454,0.7449515436401208
1617,(0.6267655283515422)(X_0 + X_1 + X_3 + (-0.4856748024543768)(X_1 - ((X_4 - (X_0))(sqrt(X_1))))),15,0.24806686280319917,0.262379842465346,0.24806686280319917,0.262379842465346,0.747123827503306,0.7454670893942806
1618,(0.33139411338549934)(1.5995799747945563 + X_0 + X_1 + X_4 + (-1.7653581141792922)(sqrt(X_1) - (X_3))),15,0.24269995879341488,0.23647760561904618,0.24269995879341488,0.23647760561904618,0.7525947804908,0.7705946741726661
1619,(0.6267655283515422)(X_0 + X_1 + X_3 + (-0.4856748024543768)(X_1 - ((X_4 - (X_0))(sqrt(X_1))))),15,0.24806686280319917,0.262379842465346,0.24806686280319917,0.262379842465346,0.747123827503306,0.7454670893942806
1620,(0.3313941133854991)(1.5995799747945574 + X_0 + X_1 + X_4 + (-1.765358114179291)(sqrt(X_1) - (X_3))),15,0.24269995879341488,0.2364776056190464,0.24269995879341488,0.2364776056190464,0.7525947804908,0.7705946741726659
1621,(0.3343893344194384)(X_0 + X_1 + (1.7695575641611196)(X_3) + X_4),11,0.26812770149078646,0.2567897440445142,0.26812770149078646,0.2567897440445142,0.7266740663096265,0.7508900060644691
1622,(0.3313941133854991)(1.5995799747945574 + X_0 + X_1 + X_4 + (-1.765358114179291)(sqrt(X_1) - (X_3))),15,0.24269995879341488,0.2364776056190464,0.24269995879341488,0.2364776056190464,0.7525947804908,0.7705946741726659
1623,(0.3313941133854992)(1.5995799747945572 + X_0 + X_1 + X_4 + (-1.765358114179291)(sqrt(X_1) - (X_3))),15,0.24269995879341488,0.23647760561904635,0.24269995879341488,0.23647760561904635,0.7525947804908,0.7705946741726659
1624,(0.3313941133854991)(1.5995799747945574 + X_0 + X_1 + X_4 + (-1.765358114179291)(sqrt(X_1) - (X_3))),15,0.24269995879341488,0.2364776056190464,0.24269995879341488,0.2364776056190464,0.7525947804908,0.7705946741726659
1625,(0.29536230033334654)(1.062417481256856 + X_0 + X_1 + (1.9999580297292578)(X_3) + X_4 - ((X_1)(X_1))),15,0.2400088800767874,0.2623916821337962,0.2400088800767874,0.2623916821337962,0.7553380315564933,0.745455603811993
1626,(0.3313941133854992)(1.5995799747945572 + X_0 + X_1 + X_4 + (-1.765358114179291)(sqrt(X_1) - (X_3))),15,0.24269995879341488,0.23647760561904635,0.24269995879341488,0.23647760561904635,0.7525947804908,0.7705946741726659
1627,(0.3313941133854993)(1.5995799747945598 + X_0 + X_1 + X_4 + (-1.7653581141792887)(sqrt(X_1) - (X_3))),15,0.24269995879341488,0.23647760561904652,0.24269995879341488,0.23647760561904652,0.7525947804908,0.7705946741726658
1628,(0.3313941133854991)(1.5995799747945556 + X_0 + X_1 + X_4 + (-1.7653581141792922)(sqrt(X_1) - (X_3))),15,0.24269995879341488,0.23647760561904624,0.24269995879341488,0.23647760561904624,0.7525947804908,0.770594674172666
1629,(0.34643749820547887)(1.5263402644206001 + X_0 + X_1 + (0.8650406910708145)(X_4) + (-1.686461251726248)(sqrt(X_1) - (X_3))),17,0.2413729460691703,0.23017550928536154,0.2413729460691703,0.23017550928536154,0.7539475202109277,0.7767082952026133
1630,(0.3313941133854992)(1.5995799747945636 + X_0 + X_1 + X_4 + (-1.765358114179294)(sqrt(X_1) - (X_3))),15,0.24269995879341488,0.23647760561904652,0.24269995879341488,0.23647760561904652,0.7525947804908,0.7705946741726658
1631,(0.3313941133854992)(X_0 + X_1 + X_4 + (-1.765358114179291)(-0.9060937619097169 + sqrt(X_1) - (X_3))),15,0.24269995879341488,0.23647760561904635,0.24269995879341488,0.23647760561904635,0.7525947804908,0.7705946741726659
1632,(0.33438933441943824)(X_0 + X_1 + (1.7695575641610968)(X_3) + X_4),11,0.26812770149078646,0.25678974404451477,0.26812770149078646,0.25678974404451477,0.7266740663096265,0.7508900060644685
1633,(0.3313941133854993)(1.5995799747945598 + X_0 + X_1 + X_4 + (-1.7653581141792887)(sqrt(X_1) - (X_3))),15,0.24269995879341488,0.23647760561904652,0.24269995879341488,0.23647760561904652,0.7525947804908,0.7705946741726658
1634,(0.5671831886092886)(X_0 + X_1 + X_3 + (-0.20014144412909962)(X_1 - ((X_4 - (X_0))(exp(sqrt(X_1)))))),16,0.2544034361027448,0.2893251101553259,0.2544034361027448,0.2893251101553259,0.740664406101242,0.7193276674488365
1635,(0.3313941133854991)(1.5995799747945574 + X_0 + X_1 + X_4 + (-1.765358114179291)(sqrt(X_1) - (X_3))),15,0.24269995879341488,0.2364776056190464,0.24269995879341488,0.2364776056190464,0.7525947804908,0.7705946741726659
1636,(0.3313941133854993)(1.5995799747945598 + X_0 + X_1 + X_4 + (-1.7653581141792887)(sqrt(X_1) - (X_3))),15,0.24269995879341488,0.23647760561904652,0.24269995879341488,0.23647760561904652,0.7525947804908,0.7705946741726658
1637,(0.6679703123869487)(X_3 + sin(X_0 + X_1)),8,0.29017716136193117,0.36052382732800065,0.29017716136193117,0.36052382732800065,0.7041971302334928,0.6502582734623383
1638,(0.36453878354249325)(X_0 + X_1 + (4.377530046246397)(X_3)) - (X_3),10,0.34162503209041417,0.3668621156119478,0.34162503209041417,0.3668621156119478,0.6517518318735713,0.6441095428662207
1639,(0.34180744448333505)(X_0 + X_1 + (1.7525203291102756)(X_3) + (-0.6132497267467536)((X_1)(X_1) - ((exp(X_4))(sqrt(X_1))))),18,0.25653184290846515,0.29766801435783763,0.25653184290846515,0.29766801435783763,0.7384947355516794,0.7112342725080629
1640,(0.33438933441943847)(X_0 + X_1 + (1.7695575641611123)(X_3) + X_4),11,0.26812770149078646,0.2567897440445143,0.26812770149078646,0.2567897440445143,0.7266740663096265,0.750890006064469
1641,(0.3343893344194382)(X_0 + X_1 + (1.769557564161114)(X_3) + X_4),11,0.26812770149078646,0.2567897440445144,0.26812770149078646,0.2567897440445144,0.7266740663096265,0.750890006064469
1642,(0.3343893344194384)(X_0 + X_1 + (1.7695575641611196)(X_3) + X_4),11,0.26812770149078646,0.2567897440445142,0.26812770149078646,0.2567897440445142,0.7266740663096265,0.7508900060644691
1643,(0.3562602023138434)(X_0 + X_1 + (0.8266024828035157)((2)(X_3) + X_4)),13,0.26532677978643204,0.2501707016001097,0.26532677978643204,0.2501707016001097,0.7295292899056212,0.7573110943728044
1644,(0.3343893344194384)(X_0 + X_1 + (1.7695575641611199)(X_3) + X_4),11,0.26812770149078646,0.2567897440445142,0.26812770149078646,0.2567897440445142,0.7266740663096265,0.7508900060644692
1645,(0.6267655283515422)(X_0 + X_1 + X_3 + (-0.4856748024543768)(X_1 - ((X_4 - (X_0))(sqrt(X_1))))),15,0.24806686280319917,0.262379842465346,0.24806686280319917,0.262379842465346,0.747123827503306,0.7454670893942806
1646,(0.3343893344194384)(X_0 + X_1 + (1.7695575641611199)(X_3) + X_4),11,0.26812770149078646,0.2567897440445142,0.26812770149078646,0.2567897440445142,0.7266740663096265,0.7508900060644692
1647,(0.33955404358999364)(X_0 + X_1 + (1.775950734670998)(X_3) + (-0.49252702213290733)((X_1)(X_1) - ((exp(X_4))((sqrt(X_45))^(X_45))))),20,0.2476953272419792,0.27270824153606904,0.2476953272419792,0.27270824153606904,0.7475025660805026,0.7354475793104762
1648,(0.6267655283515422)(X_0 + X_1 + X_3 + (-0.4856748024543768)(X_1 - ((X_4 - (X_0))(sqrt(X_1))))),15,0.24806686280319917,0.262379842465346,0.24806686280319917,0.262379842465346,0.747123827503306,0.7454670893942806
1649,(0.3313941133854993)(1.5995799747945598 + X_0 + X_1 + X_4 + (-1.7653581141792887)(sqrt(X_1) - (X_3))),15,0.24269995879341488,0.23647760561904652,0.24269995879341488,0.23647760561904652,0.7525947804908,0.7705946741726658
1650,(0.6267655283515422)(X_0 + X_1 + X_3 + (-0.4856748024543768)(X_1 - ((X_4 - (X_0))(sqrt(X_1))))),15,0.24806686280319917,0.262379842465346,0.24806686280319917,0.262379842465346,0.747123827503306,0.7454670893942806
1651,(0.3646660253549703)(X_0 + X_1 + (1.6345615005410483)(0.01860135607390223 + X_3)),11,0.34150221519207447,0.36746045971266456,0.34150221519207447,0.36746045971266456,0.6518770298416479,0.6435290933009332
1652,(0.3313941133854991)(1.5995799747945574 + X_0 + X_1 + X_4 + (-1.765358114179291)(sqrt(X_1) - (X_3))),15,0.24269995879341488,0.2364776056190464,0.24269995879341488,0.2364776056190464,0.7525947804908,0.7705946741726659
1653,(0.3313941133854993)(1.5995799747945598 + X_0 + X_1 + X_4 + (-1.7653581141792887)(sqrt(X_1) - (X_3))),15,0.24269995879341488,0.23647760561904652,0.24269995879341488,0.23647760561904652,0.7525947804908,0.7705946741726658
1654,(0.3464374982054783)(1.526340264420623 + X_0 + X_1 + (0.8650406910708419)(X_4) + (-1.6864612517262172)(sqrt(X_1) - (X_3))),17,0.2413729460691703,0.2301755092853639,0.2413729460691703,0.2301755092853639,0.7539475202109277,0.7767082952026111
1655,(0.33438933441943836)(X_0 + X_1 + (1.7695575641611205)(X_3) + X_4),11,0.26812770149078646,0.25678974404451416,0.26812770149078646,0.25678974404451416,0.7266740663096265,0.7508900060644692
1656,(0.3343893344194384)(X_0 + X_1 + (1.7695575641611123)(X_3) + X_4),11,0.2681277014907864,0.2567897440445143,0.2681277014907864,0.2567897440445143,0.7266740663096265,0.750890006064469
1657,(0.33438933441943824)(X_0 + X_1 + (1.7695575641611325)(X_3) + X_4),11,0.26812770149078646,0.256789744044514,0.26812770149078646,0.256789744044514,0.7266740663096265,0.7508900060644693
1658,(0.3313941133854989)(1.599579974794558 + X_0 + X_1 + X_4 + (-1.7653581141792922)(sqrt(X_1) - (X_3))),15,0.24269995879341483,0.23647760561904643,0.24269995879341483,0.23647760561904643,0.7525947804908,0.7705946741726659
1659,(0.33139411338549934)(1.5995799747944819 + X_0 + X_1 + X_4 + (-1.7653581141792567)(sqrt(X_1) - (X_3))),15,0.24269995879341488,0.23647760561904457,0.24269995879341488,0.23647760561904457,0.7525947804908,0.7705946741726677
1660,(0.5890376277316747)(X_3) + (0.8313097636150137)(sin(X_0 + X_1)),10,0.2711628093766974,0.3297270120546125,0.2711628093766974,0.3297270120546125,0.7235801163292432,0.6801340556690354
1661,(0.2953623003333466)(1.062417481256856 + X_0 + X_1 + (1.9999580297292574)(X_3) + X_4 - ((X_1)(X_1))),15,0.24000888007678745,0.26239168213379616,0.24000888007678745,0.26239168213379616,0.7553380315564932,0.745455603811993
1662,(0.3313941133854991)(1.5995799747945576 + X_0 + X_1 + X_4 + (-1.7653581141792911)(sqrt(X_1) - (X_3))),15,0.24269995879341488,0.23647760561904635,0.24269995879341488,0.23647760561904635,0.7525947804908,0.7705946741726659
1663,(0.33438933441943824)(X_0 + X_1 + (1.7695575641610937)(X_3) + X_4),11,0.26812770149078646,0.2567897440445148,0.26812770149078646,0.2567897440445148,0.7266740663096265,0.7508900060644685
1664,(0.3324378999586069)(1.7449771320627938 + X_0 + X_1 + X_4 + ((-1)(1.7449771320627938))(sqrt(X_1) - (X_3))),16,0.24568760524843866,0.24623052086953842,0.24568760524843866,0.24623052086953842,0.7495492120832247,0.761133437050662
1665,(0.3313941133854991)(1.5995799747945576 + X_0 + X_1 + X_4 + (-1.7653581141792911)(sqrt(X_1) - (X_3))),15,0.24269995879341488,0.23647760561904635,0.24269995879341488,0.23647760561904635,0.7525947804908,0.7705946741726659
1666,(0.3313941133854991)(1.5995799747945574 + X_0 + X_1 + X_4 + (-1.7653581141792911)(sqrt(X_1) - (X_3))),15,0.24269995879341488,0.23647760561904635,0.24269995879341488,0.23647760561904635,0.7525947804908,0.7705946741726659
1667,(0.3564187920574628)(X_0 + X_1 + (0.8078588455953436)((2.0559171791561575)(X_3) + X_4)),13,0.26527854564500275,0.2504407723086074,0.26527854564500275,0.2504407723086074,0.729578459169627,0.7570491006050768
1668,(0.3343893344194384)(X_0 + X_1 + (1.7695575641611199)(X_3) + X_4),11,0.26812770149078646,0.2567897440445142,0.26812770149078646,0.2567897440445142,0.7266740663096265,0.7508900060644692
1669,(0.6267655283515425)(X_0 + X_1 + X_3 + (-0.4856748024543829)(X_1 - ((X_4 - (X_0))(sqrt(X_1))))),15,0.24806686280319917,0.2623798424653474,0.24806686280319917,0.2623798424653474,0.747123827503306,0.7454670893942793
1670,(0.2953623003333465)(1.0624174812568776 + X_0 + X_1 + (1.9999580297292427)(X_3) + X_4 - ((X_1)(X_1))),15,0.24000888007678745,0.262391682133797,0.24000888007678745,0.262391682133797,0.7553380315564932,0.7454556038119924
1671,(-1.811583099525048e-06)(X_0 + X_1 + (-332321.907877371)(X_3) + X_4),11,0.6084648412155821,0.7129015955490584,0.6084648412155821,0.7129015955490584,0.37973875911240507,0.30841898376957355
1672,(0.2953623003333466)(1.0624174812568563 + X_0 + X_1 + (1.9999580297292576)(X_3) + X_4 - ((X_1)(X_1))),15,0.24000888007678745,0.2623916821337962,0.24000888007678745,0.2623916821337962,0.7553380315564932,0.745455603811993
1673,(0.3106492116502218)(2.576066822612648 + X_0 + X_1 + X_4 + (-1.90258248073665)(sqrt(X_1) - (X_3)) - (sqrt((X_46)(X_46)))),19,0.26417094668413604,0.27333312310103647,0.26417094668413604,0.27333312310103647,0.7307075313186449,0.7348413859306018
1674,(0.3313941133854995)(1.5995799747945598 + X_0 + X_1 + X_4 + (-1.7653581141792996)(sqrt(X_1) - (X_3))),15,0.24269995879341488,0.23647760561904596,0.24269995879341488,0.23647760561904596,0.7525947804908,0.7705946741726664
1675,(0.3313941133854992)(1.599579974794553 + X_0 + X_1 + X_4 + (-1.7653581141792933)(sqrt(X_1) - (X_3))),15,0.24269995879341488,0.2364776056190461,0.24269995879341488,0.2364776056190461,0.7525947804908,0.7705946741726661
1676,(0.3313941133854991)(1.5995799747945574 + X_0 + X_1 + X_4 + (-1.765358114179291)(sqrt(X_1) - (X_3))),15,0.24269995879341488,0.2364776056190464,0.24269995879341488,0.2364776056190464,0.7525947804908,0.7705946741726659
1677,(0.33139411338549896)(1.5995799747945576 + X_0 + X_1 + X_4 + (-1.7653581141792891)(sqrt(X_1) - (X_3))),15,0.24269995879341488,0.23647760561904657,0.24269995879341488,0.23647760561904657,0.7525947804908,0.7705946741726657
1678,(0.3343893344194384)(X_0 + X_1 + (1.7695575641611196)(X_3) + X_4),11,0.26812770149078646,0.2567897440445142,0.26812770149078646,0.2567897440445142,0.7266740663096265,0.7508900060644691
1679,(0.33438933441943824)(X_0 + X_1 + (1.769557564161068)(X_3) + X_4),11,0.26812770149078646,0.2567897440445155,0.26812770149078646,0.2567897440445155,0.7266740663096265,0.7508900060644679
1680,(0.3343893344194384)(X_0 + X_1 + (1.7695575641611196)(X_3) + X_4),11,0.26812770149078646,0.2567897440445142,0.26812770149078646,0.2567897440445142,0.7266740663096265,0.7508900060644691
1681,(0.3343893344194384)(X_0 + X_1 + (1.7695575641611199)(X_3) + X_4),11,0.26812770149078646,0.2567897440445142,0.26812770149078646,0.2567897440445142,0.7266740663096265,0.7508900060644692
1682,(0.3313941133854986)(1.5995799747945587 + X_0 + X_1 + X_4 + (-1.765358114179291)(sqrt(X_1) - (X_3))),15,0.24269995879341488,0.2364776056190466,0.24269995879341488,0.2364776056190466,0.7525947804908,0.7705946741726657
1683,(0.3313941133854992)(1.5995799747945574 + X_0 + X_1 + X_4 + (-1.765358114179291)(sqrt(X_1) - (X_3))),15,0.24269995879341488,0.23647760561904635,0.24269995879341488,0.23647760561904635,0.7525947804908,0.7705946741726659
1684,(0.3343893344194383)(X_0 + X_1 + (1.7695575641611212)(X_3) + X_4),11,0.26812770149078646,0.25678974404451416,0.26812770149078646,0.25678974404451416,0.7266740663096265,0.7508900060644692
1685,(0.3313941133854992)(1.5995799747945572 + X_0 + X_1 + X_4 + (-1.7653581141792907)(sqrt(X_1) - (X_3))),15,0.24269995879341488,0.23647760561904635,0.24269995879341488,0.23647760561904635,0.7525947804908,0.7705946741726659
1686,(0.36313835383282206)(X_0 + X_1 + X_3 + (0.007317488572720565)(X_1 - ((X_3)(-87.45439835932953 + X_4) + X_15))),17,0.3416072475074987,0.36792842516389884,0.3416072475074987,0.36792842516389884,0.6517699612488789,0.6430751231817107
1687,(0.5671831886092885)(X_0 + X_1 + X_3 + (-0.20014144412909696)(X_1 - ((X_4 - (X_0))(exp(sqrt(X_1)))))),16,0.25440343610274485,0.2893251101553243,0.25440343610274485,0.2893251101553243,0.740664406101242,0.719327667448838
1688,(0.3343893344194384)(X_0 + X_1 + (1.769557564161118)(X_3) + X_4),11,0.26812770149078646,0.2567897440445142,0.26812770149078646,0.2567897440445142,0.7266740663096265,0.7508900060644691
1689,(0.33139411338549923)(1.5995799747945805 + X_0 + X_1 + X_4 + (-1.7653581141793233)(sqrt(X_1) - (X_3))),15,0.24269995879341488,0.23647760561904593,0.24269995879341488,0.23647760561904593,0.7525947804908,0.7705946741726664
1690,(0.6267655283515425)(X_0 + X_1 + X_3 + (-0.4856748024543749)(X_1 - ((X_4 - (X_0))(sqrt(X_1))))),15,0.24806686280319923,0.26237984246534557,0.24806686280319923,0.26237984246534557,0.7471238275033059,0.7454670893942811
1691,(0.3313941133854992)(1.59957997479456 + X_0 + X_1 + X_4 + (-1.7653581141792927)(sqrt(X_1) - (X_3))),15,0.24269995879341488,0.23647760561904643,0.24269995879341488,0.23647760561904643,0.7525947804908,0.7705946741726659
1692,(0.6267655283515424)(X_0 + X_1 + X_3 + (-0.4856748024544011)(X_1 - ((X_4 - (X_0))(sqrt(X_1))))),15,0.24806686280319923,0.26237984246535145,0.24806686280319923,0.26237984246535145,0.7471238275033059,0.7454670893942754
1693,(0.6267655283515428)(X_0 + X_1 + X_3 + (-0.48567480245437933)(X_1 - ((X_4 - (X_0))(sqrt(X_1))))),15,0.24806686280319917,0.2623798424653465,0.24806686280319917,0.2623798424653465,0.747123827503306,0.7454670893942802
1694,(0.3313941133854991)(1.5995799747945574 + X_0 + X_1 + X_4 + (-1.765358114179291)(sqrt(X_1) - (X_3))),15,0.24269995879341488,0.2364776056190464,0.24269995879341488,0.2364776056190464,0.7525947804908,0.7705946741726659
1695,(0.33139411338549923)(1.5995799747945567 + X_0 + X_1 + X_4 + (-1.765358114179296)(sqrt(X_1) - (X_3))),15,0.24269995879341488,0.2364776056190461,0.24269995879341488,0.2364776056190461,0.7525947804908,0.7705946741726661
1696,(0.3645388761876451)(X_0 + X_1 + (-7.91677781784419e-06)((-206432.70438802143)(X_3) + X_4)),13,0.34162656295575317,0.3668629293992424,0.34162656295575317,0.3668629293992424,0.651750271329115,0.6441087534166701
1697,(0.3343893344194382)(X_0 + X_1 + (1.7695575641611234)(X_3) + X_4),11,0.26812770149078646,0.2567897440445142,0.26812770149078646,0.2567897440445142,0.7266740663096265,0.7508900060644691
1698,(0.3313941133854991)(1.5995799747945565 + X_0 + X_1 + X_4 + (-1.7653581141792904)(sqrt(X_1) - (X_3))),15,0.24269995879341488,0.23647760561904635,0.24269995879341488,0.23647760561904635,0.7525947804908,0.7705946741726659
1699,(0.626765528351543)(X_0 + X_1 + X_3 + (-0.48567480245437444)(X_1 - ((X_4 - (X_0))(sqrt(X_1))))),15,0.24806686280319915,0.2623798424653453,0.24806686280319915,0.2623798424653453,0.747123827503306,0.7454670893942813
1700,(0.3564187920574628)(X_0 + X_1 + (0.8078588455953436)((2.055917179156158)(X_3) + X_4)),13,0.26527854564500275,0.25044077230860734,0.26527854564500275,0.25044077230860734,0.729578459169627,0.7570491006050768
1701,(0.3313941133854991)(1.5995799747945574 + X_0 + X_1 + X_4 + (-1.7653581141792911)(sqrt(X_1) - (X_3))),15,0.24269995879341488,0.23647760561904635,0.24269995879341488,0.23647760561904635,0.7525947804908,0.7705946741726659
1702,(0.3313941133854993)(1.599579974794565 + X_0 + X_1 + X_4 + (-1.765358114179292)(sqrt(X_1) - (X_3))),15,0.24269995879341488,0.2364776056190466,0.24269995879341488,0.2364776056190466,0.7525947804908,0.7705946741726657
1703,(0.6267655283515422)(X_0 + X_1 + X_3 + (-0.4856748024543768)(X_1 - ((X_4 - (X_0))(sqrt(X_1))))),15,0.24806686280319917,0.262379842465346,0.24806686280319917,0.262379842465346,0.747123827503306,0.7454670893942806
1704,(0.3313941133854991)(1.5995799747945574 + X_0 + X_1 + X_4 + (-1.765358114179291)(sqrt(X_1) - (X_3))),15,0.24269995879341488,0.2364776056190464,0.24269995879341488,0.2364776056190464,0.7525947804908,0.7705946741726659
1705,(0.3343893344194384)(X_0 + X_1 + (1.7695575641611199)(X_3) + X_4),11,0.26812770149078646,0.2567897440445142,0.26812770149078646,0.2567897440445142,0.7266740663096265,0.7508900060644692
1706,(0.3343893344194384)(X_0 + X_1 + (1.7695575641611196)(X_3) + X_4),11,0.26812770149078646,0.2567897440445142,0.26812770149078646,0.2567897440445142,0.7266740663096265,0.7508900060644691
1707,(0.3313941133854991)(1.5995799747945574 + X_0 + X_1 + X_4 + (-1.765358114179291)(sqrt(X_1) - (X_3))),15,0.24269995879341488,0.2364776056190464,0.24269995879341488,0.2364776056190464,0.7525947804908,0.7705946741726659
1708,(0.31230364418603673)(X_0 + X_1 + (2)(X_3) + X_4),11,0.2706778748540214,0.2651505657670304,0.2706778748540214,0.2651505657670304,0.7240744523506695,0.7427792294587219
1709,(0.3313941133854991)(1.5995799747945576 + X_0 + X_1 + X_4 + (-1.7653581141792911)(sqrt(X_1) - (X_3))),15,0.24269995879341488,0.23647760561904635,0.24269995879341488,0.23647760561904635,0.7525947804908,0.7705946741726659
1710,(0.33954867950149525)(X_0 + X_1 + (1.7531448849989963)(X_3) + (-0.5246857344026381)((X_1)(X_1) - (exp(X_4)))),16,0.2462889169206427,0.2670758430865443,0.2462889169206427,0.2670758430865443,0.7489362426909154,0.7409115309524094
1711,(0.3313941133854992)(1.5995799747945572 + X_0 + X_1 + X_4 + (-1.765358114179291)(sqrt(X_1) - (X_3))),15,0.24269995879341488,0.23647760561904635,0.24269995879341488,0.23647760561904635,0.7525947804908,0.7705946741726659
1712,(0.3313941133854991)(1.5995799747945574 + X_0 + X_1 + X_4 + (-1.7653581141792911)(sqrt(X_1) - (X_3))),15,0.24269995879341488,0.23647760561904635,0.24269995879341488,0.23647760561904635,0.7525947804908,0.7705946741726659
1713,(0.33438933441943847)(X_0 + X_1 + (1.7695575641611168)(X_3) + X_4),11,0.26812770149078646,0.2567897440445142,0.26812770149078646,0.2567897440445142,0.7266740663096265,0.7508900060644691
1714,(0.3313941133854991)(1.5995799747945574 + X_0 + X_1 + X_4 + (-1.765358114179291)(sqrt(X_1) - (X_3))),15,0.24269995879341488,0.2364776056190464,0.24269995879341488,0.2364776056190464,0.7525947804908,0.7705946741726659
1715,(0.3306881146445625)(X_0 + X_1 + X_4 - ((X_3)(-0.9119159388749919 - (sqrt(X_7))))),14,0.266171565830136,0.2561351399455533,0.266171565830136,0.2561351399455533,0.7286681258674401,0.7515250330735465
1716,(0.2953623003333466)(1.0624174812568508 + X_0 + X_1 + (1.9999580297292567)(X_3) + X_4 - ((X_1)(X_1))),15,0.2400088800767874,0.262391682133796,0.2400088800767874,0.262391682133796,0.7553380315564933,0.7454556038119933
1717,(0.3313941133854991)(1.5995799747945574 + X_0 + X_1 + X_4 + (-1.765358114179291)(sqrt(X_1) - (X_3))),15,0.24269995879341488,0.2364776056190464,0.24269995879341488,0.2364776056190464,0.7525947804908,0.7705946741726659
1718,(0.3343893344194384)(X_0 + X_1 + (1.769557564161118)(X_3) + X_4),11,0.26812770149078646,0.2567897440445142,0.26812770149078646,0.2567897440445142,0.7266740663096265,0.7508900060644691
1719,(0.6267655283515432)(X_0 + X_1 + X_3 + (-0.4856748024543798)(X_1 - ((X_4 - (X_0))(sqrt(X_1))))),15,0.24806686280319915,0.2623798424653465,0.24806686280319915,0.2623798424653465,0.747123827503306,0.7454670893942802
1720,(0.2953623003333466)(1.062417481256856 + X_0 + X_1 + (1.9999580297292574)(X_3) + X_4 - ((X_1)(X_1))),15,0.24000888007678745,0.26239168213379616,0.24000888007678745,0.26239168213379616,0.7553380315564932,0.745455603811993
1721,(0.6267655283515422)(X_0 + X_1 + X_3 + (-0.4856748024543768)(X_1 - ((X_4 - (X_0))(sqrt(X_1))))),15,0.24806686280319917,0.262379842465346,0.24806686280319917,0.262379842465346,0.747123827503306,0.7454670893942806
1722,(0.32887558777742654)(X_0 + X_1 + (1.7905059875186653)((-0.14540364504995645)((X_1)(X_1)) + X_3) + X_4),15,0.2543171771487743,0.23851280513911066,0.2543171771487743,0.23851280513911066,0.7407523373705664,0.7686203408830431
1723,(0.3313941133854993)(1.5995799747945598 + X_0 + X_1 + X_4 + (-1.7653581141792887)(sqrt(X_1) - (X_3))),15,0.24269995879341488,0.23647760561904652,0.24269995879341488,0.23647760561904652,0.7525947804908,0.7705946741726658
1724,(0.33139411338549923)(1.5995799747945512 + X_0 + X_1 + X_4 + (-1.7653581141792964)(sqrt(X_1) - (X_3))),15,0.24269995879341488,0.23647760561904585,0.24269995879341488,0.23647760561904585,0.7525947804908,0.7705946741726664
1725,5.271844867279571 + (0.33139411338549946)(-14.308502439291578 + X_0 + X_1 + X_4 + (-1.7653581141792907)(sqrt(X_1) - (X_3))),17,0.24269995879341488,0.23647760561905146,0.24269995879341488,0.23647760561905146,0.7525947804908,0.770594674172661
1726,(0.3313941133854988)(1.5995799747945671 + X_0 + X_1 + X_4 + (-1.7653581141792976)(sqrt(X_1) - (X_3))),15,0.24269995879341488,0.23647760561904665,0.24269995879341488,0.23647760561904665,0.7525947804908,0.7705946741726657
1727,(0.2953623003333466)(1.062417481256856 + X_0 + X_1 + (1.9999580297292576)(X_3) + X_4 - ((X_1)(X_1))),15,0.24000888007678745,0.2623916821337962,0.24000888007678745,0.2623916821337962,0.7553380315564932,0.745455603811993
1728,(0.3123036441860356)(X_0 + X_1 + (2)(X_3) + X_4),11,0.27067787485402134,0.2651505657670309,0.27067787485402134,0.2651505657670309,0.7240744523506695,0.7427792294587214
1729,(0.33068811464456255)(X_0 + X_1 + X_4 - ((X_3)(-0.9119159388749911 - (sqrt(X_7))))),14,0.266171565830136,0.2561351399455533,0.266171565830136,0.2561351399455533,0.7286681258674401,0.7515250330735465
1730,(0.3313941133854993)(1.5995799747945598 + X_0 + X_1 + X_4 + (-1.7653581141792887)(sqrt(X_1) - (X_3))),15,0.24269995879341488,0.23647760561904652,0.24269995879341488,0.23647760561904652,0.7525947804908,0.7705946741726658
1731,(0.6267655283515422)(X_0 + X_1 + X_3 + (-0.4856748024543768)(X_1 - ((X_4 - (X_0))(sqrt(X_1))))),15,0.24806686280319917,0.262379842465346,0.24806686280319917,0.262379842465346,0.747123827503306,0.7454670893942806
1732,(0.6267655283515422)(X_0 + X_1 + X_3 + (-0.4856748024543768)(X_1 - ((X_4 - (X_0))(sqrt(X_1))))),15,0.24806686280319917,0.262379842465346,0.24806686280319917,0.262379842465346,0.747123827503306,0.7454670893942806
1733,(0.3313941133854991)(1.5995799747945574 + X_0 + X_1 + X_3 + X_4 + (-0.765358114179291)(sqrt(X_1) - (X_3)) - (sqrt(X_1))),17,0.24269995879341488,0.2364776056190464,0.24269995879341488,0.2364776056190464,0.7525947804908,0.7705946741726659
1734,(0.3313941133854993)(1.5995799747945598 + X_0 + X_1 + X_4 + (-1.7653581141792887)(sqrt(X_1) - (X_3))),15,0.24269995879341488,0.23647760561904652,0.24269995879341488,0.23647760561904652,0.7525947804908,0.7705946741726658
1735,(0.6267655283515422)(X_0 + X_1 + X_3 + (-0.4856748024543768)(X_1 - ((X_4 - (X_0))(sqrt(X_1))))),15,0.24806686280319917,0.262379842465346,0.24806686280319917,0.262379842465346,0.747123827503306,0.7454670893942806
1736,(0.3313941133854991)(1.5995799747945585 + X_0 + X_1 + X_4 + (-1.7653581141792913)(sqrt(X_1) - (X_3))),15,0.24269995879341488,0.23647760561904643,0.24269995879341488,0.23647760561904643,0.7525947804908,0.7705946741726659
1737,(0.3313941133854995)(1.5995799747945378 + X_0 + X_1 + X_4 + (-1.76535811417929)(sqrt(X_1) - (X_3))),15,0.24269995879341488,0.23647760561904546,0.24269995879341488,0.23647760561904546,0.7525947804908,0.7705946741726668
1738,(0.3343893344194384)(X_0 + X_1 + (1.7695575641611196)(X_3) + X_4),11,0.26812770149078646,0.2567897440445142,0.26812770149078646,0.2567897440445142,0.7266740663096265,0.7508900060644691
1739,(0.6267655283515419)(X_0 + X_1 + X_3 + (-0.4856748024543738)(X_1 - ((X_4 - (X_0))(sqrt(X_1))))),15,0.24806686280319917,0.2623798424653454,0.24806686280319917,0.2623798424653454,0.747123827503306,0.7454670893942812
1740,(0.3313941133854991)(1.5995799747945574 + X_0 + X_1 + X_4 + (-1.7653581141792911)(sqrt(X_1) - (X_3))),15,0.24269995879341488,0.23647760561904635,0.24269995879341488,0.23647760561904635,0.7525947804908,0.7705946741726659
1741,(0.3313941133854991)(1.5995799747945574 + X_0 + X_1 + X_4 + (-1.765358114179291)(sqrt(X_1) - (X_3))),15,0.24269995879341488,0.2364776056190464,0.24269995879341488,0.2364776056190464,0.7525947804908,0.7705946741726659
1742,(0.3313941133854991)(1.599579974794558 + X_0 + X_1 + X_4 + (-1.765358114179291)(sqrt(X_1) - (X_3))),15,0.24269995879341488,0.2364776056190464,0.24269995879341488,0.2364776056190464,0.7525947804908,0.7705946741726659
1743,(0.6267655283515422)(X_0 + X_1 + X_3 + (-0.4856748024543766)(X_1 - ((X_4 - (X_0))(sqrt(X_1))))),15,0.24806686280319917,0.26237984246534596,0.24806686280319917,0.26237984246534596,0.747123827503306,0.7454670893942806
1744,(0.3313941133854993)(1.5995799747945598 + X_0 + X_1 + X_4 + (-1.7653581141792887)(sqrt(X_1) - (X_3))),15,0.24269995879341488,0.23647760561904652,0.24269995879341488,0.23647760561904652,0.7525947804908,0.7705946741726658
1745,(0.3313941133854991)(1.5995799747945574 + X_0 + X_1 + X_4 + (-1.765358114179291)(sqrt(X_1) - (X_3))),15,0.24269995879341488,0.2364776056190464,0.24269995879341488,0.2364776056190464,0.7525947804908,0.7705946741726659
1746,(0.6267655283515421)(X_0 + X_1 + X_3 + (-0.4856748024543811)(X_1 - ((X_4 - (X_0))(sqrt(X_1))))),15,0.24806686280319915,0.262379842465347,0.24806686280319915,0.262379842465347,0.747123827503306,0.7454670893942796
1747,(0.23463195991776473)(2.666572767810586 + X_0 + (-2.6160403186624914)(1 - (X_3)) + X_4 + X_48),15,0.4440574977760323,0.4794112834603189,0.4440574977760323,0.4794112834603189,0.547333492522347,0.5349263563473051
1748,(0.35641879205746274)(X_0 + X_1 + (0.8078588455953433)((2.055917179156195)(X_3) + X_4)),13,0.2652785456450028,0.2504407723086069,0.2652785456450028,0.2504407723086069,0.729578459169627,0.7570491006050772
1749,(0.34387413117236587)(X_0 + X_1 + (1.7200980433191255)(X_3) + (X_4)(sqrt(X_15))),14,0.2661663996874691,0.27490199381979036,0.2661663996874691,0.27490199381979036,0.7286733921668944,0.7333194350571794
1750,(0.3343893344194384)(X_0 + X_1 + (1.7695575641611196)(X_3) + X_4),11,0.26812770149078646,0.2567897440445142,0.26812770149078646,0.2567897440445142,0.7266740663096265,0.7508900060644691
1751,(0.6267655283515422)(X_0 + X_1 + X_3 + (-0.48567480245437683)(X_1 - ((X_4 - (X_0))(sqrt(X_1))))),15,0.24806686280319917,0.26237984246534596,0.24806686280319917,0.26237984246534596,0.747123827503306,0.7454670893942806
1752,(0.3313941133854991)(1.5995799747945574 + X_0 + X_1 + X_4 + (-1.765358114179291)(sqrt(X_1) - (X_3))),15,0.24269995879341488,0.2364776056190464,0.24269995879341488,0.2364776056190464,0.7525947804908,0.7705946741726659
1753,(0.3313941133854991)(1.5995799747945574 + X_0 + X_1 + X_4 + (-1.765358114179291)(sqrt(X_1) - (X_3))),15,0.24269995879341488,0.2364776056190464,0.24269995879341488,0.2364776056190464,0.7525947804908,0.7705946741726659
1754,(0.35641879205746274)(X_0 + X_1 + (1.6608908789927361)(X_3) + (0.8078588455953339)(X_4)),13,0.26527854564500275,0.25044077230860756,0.26527854564500275,0.25044077230860756,0.729578459169627,0.7570491006050766
1755,(0.6267655283515422)(X_0 + X_1 + X_3 + (-0.4856748024543768)(X_1 - ((X_4 - (X_0))(sqrt(X_1))))),15,0.24806686280319917,0.262379842465346,0.24806686280319917,0.262379842465346,0.747123827503306,0.7454670893942806
1756,(0.33438933441943836)(X_0 + X_1 + (1.7695575641611199)(X_3) + X_4),11,0.26812770149078646,0.2567897440445142,0.26812770149078646,0.2567897440445142,0.7266740663096265,0.7508900060644692
1757,(0.31230364418603673)(X_0 + X_1 + (2)(X_3) + X_4),11,0.2706778748540214,0.2651505657670304,0.2706778748540214,0.2651505657670304,0.7240744523506695,0.7427792294587219
1758,(0.32887558777742654)(X_0 + X_1 + (1.7905059875186653)((-0.14540364504995648)((X_1)(X_1)) + X_3) + X_4),15,0.2543171771487743,0.23851280513911063,0.2543171771487743,0.23851280513911063,0.7407523373705664,0.7686203408830431
1759,(0.3313941133854993)(1.5995799747945598 + X_0 + X_1 + X_4 + (-1.7653581141792887)(sqrt(X_1) - (X_3))),15,0.24269995879341488,0.23647760561904652,0.24269995879341488,0.23647760561904652,0.7525947804908,0.7705946741726658
1760,(0.3313941133854992)(1.5995799747945572 + X_0 + X_1 + X_4 + (-1.765358114179291)(sqrt(X_1) - (X_3))),15,0.24269995879341488,0.23647760561904635,0.24269995879341488,0.23647760561904635,0.7525947804908,0.7705946741726659
1761,(0.3313941133854991)(1.5995799747945636 + X_0 + X_1 + X_4 + (-1.7653581141793002)(sqrt(X_1) - (X_3))),15,0.24269995879341488,0.23647760561904624,0.24269995879341488,0.23647760561904624,0.7525947804908,0.770594674172666
1762,(0.2953623003333464)(1.0624174812568563 + X_0 + X_1 + (1.999958029729259)(X_3) + X_4 - ((X_1)(X_1))),15,0.2400088800767874,0.2623916821337963,0.2400088800767874,0.2623916821337963,0.7553380315564933,0.7454556038119929
1763,(0.33438933441943836)(X_0 + X_1 + (1.7695575641611243)(X_3) + X_4),11,0.26812770149078646,0.2567897440445141,0.26812770149078646,0.2567897440445141,0.7266740663096265,0.7508900060644692
1764,(0.3313941133854991)(1.5995799747945574 + X_0 + X_1 + X_4 + (-1.765358114179291)(sqrt(X_1) - (X_3))),15,0.24269995879341488,0.2364776056190464,0.24269995879341488,0.2364776056190464,0.7525947804908,0.7705946741726659
1765,(0.6267655283515422)(X_0 + X_1 + X_3 + (-0.48567480245437683)(X_1 - ((X_4 - (X_0))(sqrt(X_1))))),15,0.24806686280319917,0.26237984246534596,0.24806686280319917,0.26237984246534596,0.747123827503306,0.7454670893942806
1766,(0.21307443327828213)(2.360306456621626 + X_0 + X_4 + X_15 + (-2.6214826732261725)(sqrt(X_15) - (X_3))),15,0.5129082451460788,0.485785478304073,0.5129082451460788,0.485785478304073,0.47714792532594663,0.5287427930403679
1767,(0.3313941133854991)(1.5995799747945574 + X_0 + X_1 + X_4 + (-1.765358114179291)(sqrt(X_1) - (X_3))),15,0.24269995879341488,0.2364776056190464,0.24269995879341488,0.2364776056190464,0.7525947804908,0.7705946741726659
1768,(0.3313941133854991)(1.5995799747945574 + X_0 + X_1 + X_4 + (-1.765358114179291)(sqrt(X_1) - (X_3))),15,0.24269995879341488,0.2364776056190464,0.24269995879341488,0.2364776056190464,0.7525947804908,0.7705946741726659
1769,(0.6267655283515425)(X_0 + X_1 + X_3 + (-0.4856748024543749)(X_1 - ((X_4 - (X_0))(sqrt(X_1))))),15,0.24806686280319923,0.26237984246534557,0.24806686280319923,0.26237984246534557,0.7471238275033059,0.7454670893942811
1770,(0.3313941133854987)(X_0 + X_1 + X_4 + (-1.7653581141792907)(-0.9060937619097384 + sqrt(X_1) - (X_3))),15,0.24269995879341488,0.23647760561904813,0.24269995879341488,0.23647760561904813,0.7525947804908,0.7705946741726641
1771,(0.33954867950149553)(X_0 + X_1 + (1.753144884999009)(X_3) + (-0.5246857344026306)((X_1)(X_1) - (exp(X_4)))),16,0.2462889169206427,0.2670758430865441,0.2462889169206427,0.2670758430865441,0.7489362426909154,0.7409115309524096
1772,(0.3313941133854992)(1.5995799747945572 + X_0 + X_1 + X_4 + (-1.765358114179291)(sqrt(X_1) - (X_3))),15,0.24269995879341488,0.23647760561904635,0.24269995879341488,0.23647760561904635,0.7525947804908,0.7705946741726659
1773,(0.6267655283515422)(X_0 + X_1 + X_3 + (-0.4856748024543768)(X_1 - ((X_4 - (X_0))(sqrt(X_1))))),15,0.24806686280319917,0.262379842465346,0.24806686280319917,0.262379842465346,0.747123827503306,0.7454670893942806
1774,(0.6267655283515422)(X_0 + X_1 + X_3 + (-0.485674802454377)(X_1 - ((X_4 - (X_0))(sqrt(X_1))))),15,0.24806686280319917,0.26237984246534607,0.24806686280319917,0.26237984246534607,0.747123827503306,0.7454670893942805
1775,(0.3343892538309097)(X_0 + X_1 + (-3.106020898516921e-05)((X_3)(-56964.868459612386 + X_3)) + X_4),14,0.26812911330515177,0.25679340524376,0.26812911330515177,0.25679340524376,0.7266726271242031,0.7508864543598428
1776,(0.3313941133854991)(1.5995799747945574 + X_0 + X_1 + X_4 + (-1.765358114179291)(sqrt(X_1) - (X_3))),15,0.24269995879341488,0.2364776056190464,0.24269995879341488,0.2364776056190464,0.7525947804908,0.7705946741726659
1777,(0.31230364418602896)(X_0 + X_1 + (2)(X_3) + X_4),11,0.2706778748540214,0.26515056576703433,0.2706778748540214,0.26515056576703433,0.7240744523506695,0.7427792294587181
1778,(0.33954867950149553)(X_0 + X_1 + (1.7531448849989923)(X_3) + (-0.5246857344026481)((X_1)(X_1) - (exp(X_4)))),16,0.2462889169206427,0.26707584308654464,0.2462889169206427,0.26707584308654464,0.7489362426909154,0.740911530952409
1779,(0.3313941133854992)(1.5995799747945574 + X_0 + X_1 + X_4 + (-1.765358114179291)(sqrt(X_1) - (X_3))),15,0.24269995879341488,0.23647760561904635,0.24269995879341488,0.23647760561904635,0.7525947804908,0.7705946741726659
1780,(0.35641879205746285)(X_0 + X_1 + (-0.8078588455953435)((-2.0559171791562063)(X_3) - (X_4))),13,0.2652785456450028,0.2504407723086067,0.2652785456450028,0.2504407723086067,0.729578459169627,0.7570491006050775
1781,(0.6267655283515422)(X_0 + X_1 + X_3 + (-0.4856748024543768)(X_1 - ((X_4 - (X_0))(sqrt(X_1))))),15,0.24806686280319917,0.262379842465346,0.24806686280319917,0.262379842465346,0.747123827503306,0.7454670893942806
1782,(0.2953623003333466)(1.062417481256856 + X_0 + X_1 + (1.9999580297292574)(X_3) + X_4 - ((X_1)(X_1))),15,0.24000888007678745,0.26239168213379616,0.24000888007678745,0.26239168213379616,0.7553380315564932,0.745455603811993
1783,(0.2953623003333465)(1.062417481256863 + X_0 + X_1 + (1.9999580297292372)(X_3) + X_4 - ((X_1)(X_1))),15,0.2400088800767874,0.26239168213379654,0.2400088800767874,0.26239168213379654,0.7553380315564933,0.7454556038119927
1784,(0.3313941133854991)(1.5995799747945574 + X_0 + X_1 + X_4 + (-1.765358114179291)(sqrt(X_1) - (X_3))),15,0.24269995879341488,0.2364776056190464,0.24269995879341488,0.2364776056190464,0.7525947804908,0.7705946741726659
1785,(0.3123036441860356)(X_0 + X_1 + (2)(X_3) + X_4),11,0.27067787485402134,0.2651505657670309,0.27067787485402134,0.2651505657670309,0.7240744523506695,0.7427792294587214
1786,(0.3645388784864818)(X_0 + X_1 + (-8.107569299929534e-06)((-201555.46563603933)(X_3) + X_4)),13,0.3416266055845994,0.36685928200466067,0.3416266055845994,0.36685928200466067,0.651750227873817,0.6441122917294853
1787,(0.3313941133854991)(1.5995799747945572 + X_0 + X_1 + X_4 + (1.7653581141792911)(X_3 - (sqrt(X_1)))),15,0.24269995879341488,0.23647760561904635,0.24269995879341488,0.23647760561904635,0.7525947804908,0.7705946741726659
1788,(0.3343893344194378)(X_0 + X_1 + (1.769557564161091)(X_3) + X_4),11,0.26812770149078646,0.25678974404451516,0.26812770149078646,0.25678974404451516,0.7266740663096265,0.7508900060644682
1789,(0.3313941133854991)(1.5995799747945574 + X_0 + X_1 + X_4 + (-1.765358114179291)(sqrt(X_1) - (X_3))),15,0.24269995879341488,0.2364776056190464,0.24269995879341488,0.2364776056190464,0.7525947804908,0.7705946741726659
1790,(0.2953623003333466)(1.0624174812568563 + X_0 + X_1 + (1.9999580297292576)(X_3) + X_4 - ((X_1)(X_1))),15,0.24000888007678745,0.2623916821337962,0.24000888007678745,0.2623916821337962,0.7553380315564932,0.745455603811993
1791,(0.33139411338549946)(1.5995799747945632 + X_0 + X_1 + X_4 + (-1.765358114179295)(sqrt(X_1) - (X_3))),15,0.24269995879341488,0.23647760561904635,0.24269995879341488,0.23647760561904635,0.7525947804908,0.7705946741726659
1792,(0.3313941133854991)(1.5995799747945574 + X_0 + X_1 + X_4 + (-1.7653581141792911)(sqrt(X_1) - (X_3))),15,0.24269995879341488,0.23647760561904635,0.24269995879341488,0.23647760561904635,0.7525947804908,0.7705946741726659
1793,(0.33438933441943847)(X_0 + X_1 + (1.7695575641611176)(X_3) + X_4),11,0.26812770149078646,0.2567897440445142,0.26812770149078646,0.2567897440445142,0.7266740663096265,0.7508900060644691
1794,(0.3313941133854995)(1.5995799747945552 + X_0 + X_1 + X_4 + (-1.7653581141792851)(sqrt(X_1) - (X_3))),15,0.24269995879341488,0.23647760561904643,0.24269995879341488,0.23647760561904643,0.7525947804908,0.7705946741726659
1795,(0.3313941133854993)(1.5995799747945598 + X_0 + X_1 + X_4 + (-1.7653581141792887)(sqrt(X_1) - (X_3))),15,0.24269995879341488,0.23647760561904652,0.24269995879341488,0.23647760561904652,0.7525947804908,0.7705946741726658
1796,(0.3313941133854992)(-0.1657781393847288 + X_0 + X_1 + X_4 + (-1.7653581141792607)(-1 + sqrt(X_1) - (X_3))),17,0.2426999587934149,0.2364776056190466,0.2426999587934149,0.2364776056190466,0.7525947804907999,0.7705946741726657
1797,(0.3313941133854991)(1.5995799747945576 + X_0 + X_1 + X_4 + (-1.7653581141792911)(sqrt(X_1) - (X_3))),15,0.24269995879341488,0.23647760561904635,0.24269995879341488,0.23647760561904635,0.7525947804908,0.7705946741726659
1798,(0.3343893344194384)(X_0 + X_1 + (1.7695575641611185)(X_3) + X_4),11,0.26812770149078646,0.2567897440445142,0.26812770149078646,0.2567897440445142,0.7266740663096265,0.7508900060644691
1799,(0.3313941133854991)(X_0 + X_1 + X_4 + (-1.7653581141792911)(-0.9060937619097175 + sqrt(X_1) - (X_3))),15,0.24269995879341488,0.23647760561904643,0.24269995879341488,0.23647760561904643,0.7525947804908,0.7705946741726659
1800,(0.6267655283515424)(X_0 + X_1 + X_3 + (-0.4856748024544011)(X_1 - ((X_4 - (X_0))(sqrt(X_1))))),15,0.24806686280319923,0.26237984246535145,0.24806686280319923,0.26237984246535145,0.7471238275033059,0.7454670893942754
1801,(0.2953623003333466)(1.062417481256856 + X_0 + X_1 + (1.9999580297292574)(X_3) + X_4 - ((X_1)(X_1))),15,0.24000888007678745,0.26239168213379616,0.24000888007678745,0.26239168213379616,0.7553380315564932,0.745455603811993
1802,(0.3343893344194384)(X_0 + X_1 + (1.7695575641611196)(X_3) + X_4),11,0.26812770149078646,0.2567897440445142,0.26812770149078646,0.2567897440445142,0.7266740663096265,0.7508900060644691
1803,(0.3306881146445625)(X_0 + X_1 + X_4 - ((X_3)(-0.9119159388749909 - (sqrt(X_7))))),14,0.266171565830136,0.2561351399455533,0.266171565830136,0.2561351399455533,0.7286681258674401,0.7515250330735465
1804,(0.3313941133854993)(1.5995799747945598 + X_0 + X_1 + X_4 + (-1.7653581141792887)(sqrt(X_1) - (X_3))),15,0.24269995879341488,0.23647760561904652,0.24269995879341488,0.23647760561904652,0.7525947804908,0.7705946741726658
1805,(0.3313941133854991)(1.5995799747945574 + X_0 + X_1 + X_4 + (-1.765358114179291)(sqrt(X_1) - (X_3))),15,0.24269995879341488,0.2364776056190464,0.24269995879341488,0.2364776056190464,0.7525947804908,0.7705946741726659
1806,(0.3343893344194383)(X_0 + X_1 + (1.7695575641611638)(X_3) + X_4),11,0.26812770149078646,0.25678974404451327,0.26812770149078646,0.25678974404451327,0.7266740663096265,0.7508900060644701
1807,(0.3313941133854991)(1.5995799747945574 + X_0 + X_1 + X_4 + (-1.7653581141792911)(sqrt(X_1) - (X_3))),15,0.24269995879341488,0.23647760561904635,0.24269995879341488,0.23647760561904635,0.7525947804908,0.7705946741726659
1808,(0.3443985529739452)(X_0 + X_1 + (1.7235914204992122)(X_3) + (-0.32477435060979065)((X_1)(X_1) - ((X_4)(exp(X_4))))),17,0.2575530492505482,0.2730757053220538,0.2575530492505482,0.2730757053220538,0.7374537309281792,0.7350911051769831
1809,(0.3313941133854993)(1.5995799747945623 + X_0 + X_1 + X_4 + (-1.7653581141792887)(sqrt(X_1) - (X_3))),15,0.24269995879341488,0.23647760561904665,0.24269995879341488,0.23647760561904665,0.7525947804908,0.7705946741726657
1810,(0.3343893344194382)(X_0 + X_1 + (1.7695575641611223)(X_3) + X_4),11,0.26812770149078646,0.2567897440445142,0.26812770149078646,0.2567897440445142,0.7266740663096265,0.7508900060644691
1811,(0.6267655283515422)(X_0 + X_1 + X_3 + (-0.4856748024543768)(X_1 - ((X_4 - (X_0))(sqrt(X_1))))),15,0.24806686280319917,0.262379842465346,0.24806686280319917,0.262379842465346,0.747123827503306,0.7454670893942806
1812,(0.33139411338549896)(1.5995799747945303 + X_0 + X_1 + X_4 + (-1.7653581141793007)(sqrt(X_1) - (X_3))),15,0.24269995879341488,0.2364776056190449,0.24269995879341488,0.2364776056190449,0.7525947804908,0.7705946741726674
1813,(0.3313941133854991)(1.5995799747945574 + X_0 + X_1 + X_4 + (-1.7653581141792911)(sqrt(X_1) - (X_3))),15,0.24269995879341488,0.23647760561904635,0.24269995879341488,0.23647760561904635,0.7525947804908,0.7705946741726659
1814,(0.6267655283515424)(X_0 + X_1 + X_3 + (-0.4856748024544011)(X_1 - ((X_4 - (X_0))(sqrt(X_1))))),15,0.24806686280319923,0.26237984246535145,0.24806686280319923,0.26237984246535145,0.7471238275033059,0.7454670893942754
1815,(0.33139411338549896)(1.5995799747945463 + X_0 + X_1 + X_4 + (-1.7653581141792802)(sqrt(X_1) - (X_3))),15,0.24269995879341488,0.23647760561904643,0.24269995879341488,0.23647760561904643,0.7525947804908,0.7705946741726659
1816,(0.35485069997298885)(1.4619074536967527 + X_0 + X_1 + (-1.643063800296252)(sqrt(X_1) - (X_3))),13,0.32401033303849625,0.3337181677947846,0.32401033303849625,0.3337181677947846,0.6697080297534306,0.6762622624791264
1817,(0.3313941133854993)(1.5995799747945598 + X_0 + X_1 + X_4 + (-1.7653581141792887)(sqrt(X_1) - (X_3))),15,0.24269995879341488,0.23647760561904652,0.24269995879341488,0.23647760561904652,0.7525947804908,0.7705946741726658
1818,(0.3443985529739452)(X_0 + X_1 + (1.7235914204992122)(X_3) + (-0.32477435060979065)((X_1)(X_1) - ((X_4)(exp(X_4))))),17,0.2575530492505482,0.2730757053220538,0.2575530492505482,0.2730757053220538,0.7374537309281792,0.7350911051769831
1819,(0.6267655283515422)(X_0 + X_1 + X_3 + (-0.4856748024543768)(X_1 - ((X_4 - (X_0))(sqrt(X_1))))),15,0.24806686280319917,0.262379842465346,0.24806686280319917,0.262379842465346,0.747123827503306,0.7454670893942806
1820,(0.3313941133854991)(1.5995799747945574 + X_0 + X_1 + X_4 + (-1.7653581141792911)(sqrt(X_1) - (X_3))),15,0.24269995879341488,0.23647760561904635,0.24269995879341488,0.23647760561904635,0.7525947804908,0.7705946741726659
1821,(0.2953623003333466)(1.062417481256856 + X_0 + X_1 + (1.9999580297292574)(X_3) + X_4 - ((X_1)(X_1))),15,0.24000888007678745,0.26239168213379616,0.24000888007678745,0.26239168213379616,0.7553380315564932,0.745455603811993
1822,(0.5671831886092894)(X_0 + X_1 + X_3 + (-0.20014144412910406)(X_1 - ((X_4 - (X_0))(exp(sqrt(X_1)))))),16,0.25440343610274485,0.28932511015532847,0.25440343610274485,0.28932511015532847,0.740664406101242,0.719327667448834
1823,(0.2953623003333466)(1.062417481256856 + X_0 + X_1 + (1.9999580297292576)(X_3) + X_4 - ((X_1)(X_1))),15,0.24000888007678745,0.2623916821337962,0.24000888007678745,0.2623916821337962,0.7553380315564932,0.745455603811993
1824,(0.3343893344194384)(X_0 + X_1 + (1.7695575641611214)(X_3) + X_4),11,0.26812770149078646,0.2567897440445141,0.26812770149078646,0.2567897440445141,0.7266740663096265,0.7508900060644692
1825,(0.2953623003333466)(1.062417481256856 + X_0 + X_1 + (1.9999580297292576)(X_3) + X_4 - ((X_1)(X_1))),15,0.24000888007678745,0.2623916821337962,0.24000888007678745,0.2623916821337962,0.7553380315564932,0.745455603811993
1826,(0.6267655283515422)(X_0 + X_1 + X_3 + (-0.4856748024543768)(X_1 - ((X_4 - (X_0))(sqrt(X_1))))),15,0.24806686280319917,0.262379842465346,0.24806686280319917,0.262379842465346,0.747123827503306,0.7454670893942806
1827,(0.3313941133854992)(1.5995799747945574 + X_0 + X_1 + X_4 + (-1.7653581141792911)(sqrt(X_1) - (X_3))),15,0.24269995879341488,0.23647760561904635,0.24269995879341488,0.23647760561904635,0.7525947804908,0.7705946741726659
1828,(0.33455166888449034)(X_0 + X_1 + X_4 + (-1.7740548078239609)((0.19787081171566756)(log(X_1)) - (X_3))),15,0.252150130899493,0.24719297020960243,0.252150130899493,0.24719297020960243,0.7429613964724116,0.7601997714552595
1829,(0.3313941133854993)(1.5995799747945598 + X_0 + X_1 + X_4 + (-1.7653581141792887)(sqrt(X_1) - (X_3))),15,0.24269995879341488,0.23647760561904652,0.24269995879341488,0.23647760561904652,0.7525947804908,0.7705946741726658
1830,(0.3343893344194384)(X_0 + X_1 + (1.7695575641611196)(X_3) + X_4),11,0.26812770149078646,0.2567897440445142,0.26812770149078646,0.2567897440445142,0.7266740663096265,0.7508900060644691
1831,(0.3313941133854991)(1.5995799747945572 + X_0 + X_1 + X_4 + (-1.765358114179291)(sqrt(X_1) - (X_3))),15,0.24269995879341488,0.23647760561904643,0.24269995879341488,0.23647760561904643,0.7525947804908,0.7705946741726659
1832,(0.3313941133854991)(1.5995799747945574 + X_0 + X_1 + X_4 + (-1.7653581141792911)(sqrt(X_1) - (X_3))),15,0.24269995879341488,0.23647760561904635,0.24269995879341488,0.23647760561904635,0.7525947804908,0.7705946741726659
1833,(0.3313941133854991)(1.5995799747945574 + X_0 + X_1 + X_4 + (-1.765358114179291)(sqrt(X_1) - (X_3))),15,0.24269995879341488,0.2364776056190464,0.24269995879341488,0.2364776056190464,0.7525947804908,0.7705946741726659
1834,(0.6199008632642891)(X_0 + X_1 + X_3 + (-0.46631025462859826)(X_1 - ((X_4 - (X_0))((sqrt(X_1))^((X_11)(X_11)))))),18,0.2450105456702205,0.26107540829077014,0.2450105456702205,0.26107540829077014,0.7502393979176296,0.7467325121646758
1835,(0.3343893344194384)(X_0 + X_1 + (1.7695575641611196)(X_3) + X_4),11,0.26812770149078646,0.2567897440445142,0.26812770149078646,0.2567897440445142,0.7266740663096265,0.7508900060644691
1836,(0.3343893344194384)(X_0 + X_1 + (1.7695575641611199)(X_3) + X_4),11,0.26812770149078646,0.2567897440445142,0.26812770149078646,0.2567897440445142,0.7266740663096265,0.7508900060644692
1837,(0.3313941133854991)(1.5995799747945574 + X_0 + X_1 + X_4 + (-1.765358114179291)(sqrt(X_1) - (X_3))),15,0.24269995879341488,0.2364776056190464,0.24269995879341488,0.2364776056190464,0.7525947804908,0.7705946741726659
1838,(0.3343893344194384)(X_0 + X_1 + (1.7695575641611196)(X_3) + X_4),11,0.26812770149078646,0.2567897440445142,0.26812770149078646,0.2567897440445142,0.7266740663096265,0.7508900060644691
1839,(0.3343893344194384)(X_0 + X_1 + (1.7695575641611196)(X_3) + X_4),11,0.26812770149078646,0.2567897440445142,0.26812770149078646,0.2567897440445142,0.7266740663096265,0.7508900060644691
1840,(0.36557555810211506)(X_0 + (1 + 0.5027817416953009)(X_3) + X_4 + ((-1)(0.5027817416953009))(log(X_1))),17,0.3860605914493877,0.40414254892189866,0.3860605914493877,0.40414254892189866,0.6064547936215845,0.6079440466533115
1841,(0.3313941133854991)(1.5995799747945578 + X_0 + X_1 + X_4 + (-1.765358114179291)(sqrt(X_1) - (X_3))),15,0.24269995879341488,0.2364776056190464,0.24269995879341488,0.2364776056190464,0.7525947804908,0.7705946741726659
1842,(0.6267655283515414)(X_0 + X_1 + X_3 + (-0.4856748024543869)(X_1 - ((X_4 - (X_0))(sqrt(X_1))))),15,0.24806686280319917,0.2623798424653485,0.24806686280319917,0.2623798424653485,0.747123827503306,0.7454670893942783
1843,(0.6267655283515422)(X_0 + X_1 + X_3 + (-0.4856748024543768)(X_1 - ((X_4 - (X_0))(sqrt(X_1))))),15,0.24806686280319917,0.262379842465346,0.24806686280319917,0.262379842465346,0.747123827503306,0.7454670893942806
1844,(0.3343893344194383)(X_0 + X_1 + (1.769557564161119)(X_3) + X_4),11,0.26812770149078646,0.2567897440445142,0.26812770149078646,0.2567897440445142,0.7266740663096265,0.7508900060644691
1845,(0.3313941133854992)(1.5995799747945574 + X_0 + X_1 + X_4 + (-1.765358114179291)(sqrt(X_1) - (X_3))),15,0.24269995879341488,0.23647760561904635,0.24269995879341488,0.23647760561904635,0.7525947804908,0.7705946741726659
1846,(0.6267655283515422)(X_0 + X_1 + X_3 + (-0.4856748024543768)(X_1 - ((X_4 - (X_0))(sqrt(X_1))))),15,0.24806686280319917,0.262379842465346,0.24806686280319917,0.262379842465346,0.747123827503306,0.7454670893942806
1847,(0.3313941133854986)(1.5995799747945658 + X_0 + X_1 + X_4 + (1.7653581141792944)(X_3 - (sqrt(X_1)))),15,0.24269995879341488,0.23647760561904677,0.24269995879341488,0.23647760561904677,0.7525947804908,0.7705946741726655
1848,(-9.043703571033643e-07)(-580448.4989226168 + X_0 + X_1 + X_4 + (662564.2336530208)(sqrt(X_1) - (X_3))),15,0.576526707759236,0.6763359375827985,0.576526707759236,0.6763359375827985,0.41229608198038004,0.34389108125585277
1849,(0.3313941133854991)(1.5995799747945574 + X_0 + X_1 + X_4 + (-1.765358114179291)(sqrt(X_1) - (X_3))),15,0.24269995879341488,0.2364776056190464,0.24269995879341488,0.2364776056190464,0.7525947804908,0.7705946741726659
1850,(-8.79169285130301e-07)(-597089.8852910469 + X_0 + X_1 + X_4 + (681559.8468738314)(sqrt(X_1) - (X_3))),15,0.5765266564603176,0.6763360882675007,0.5765266564603176,0.6763360882675007,0.41229613427383827,0.34389093507764246
1851,(0.57444901976898)(X_0 + X_1 + X_3 + (-0.27586031770838737)(X_1 - ((X_4 - (X_0))(exp(sin((X_1)(X_1))))))),17,0.25913859657448124,0.29899045475431474,0.25913859657448124,0.29899045475431474,0.7358374443590754,0.7099513820235839
1852,(0.3313941133854991)(1.5995799747945574 + X_0 + X_1 + X_4 + (-1.765358114179291)(sqrt(X_1) - (X_3))),15,0.24269995879341488,0.2364776056190464,0.24269995879341488,0.2364776056190464,0.7525947804908,0.7705946741726659
1853,(0.6267655283515422)(X_0 + X_1 + X_3 + (-0.4856748024543768)(X_1 - ((X_4 - (X_0))(sqrt(X_1))))),15,0.24806686280319917,0.262379842465346,0.24806686280319917,0.262379842465346,0.747123827503306,0.7454670893942806
1854,(0.3343893344194384)(X_0 + X_1 + (1.7695575641611199)(X_3) + X_4),11,0.26812770149078646,0.2567897440445142,0.26812770149078646,0.2567897440445142,0.7266740663096265,0.7508900060644692
1855,(0.611112521082528)(X_0 + X_1 + X_3 + (-0.3963771979838849)(X_1 + (-1.3453187248742036)((X_4 - (X_0))(sqrt(X_1))))),17,0.24422405537809036,0.27114377530378975,0.24422405537809036,0.27114377530378975,0.7510411360157062,0.7369652574213585
1856,(0.3329550356441263)(X_0 + X_1 + X_4 + (1.785172870223969)(X_3 + (-0.14556841431867157)(log((X_1)((X_1)(X_1) + X_47))))),19,0.24844561209446756,0.25336303129599513,0.24844561209446756,0.25336303129599513,0.7467377353423882,0.7542142369257079
1857,(0.3343893344194384)(X_0 + X_1 + (1.7695575641611199)(X_3) + X_4),11,0.26812770149078646,0.2567897440445142,0.26812770149078646,0.2567897440445142,0.7266740663096265,0.7508900060644692
1858,(0.3313941133854992)(1.5995799747945572 + X_0 + X_1 + X_4 + (-1.765358114179291)(sqrt(X_1) - (X_3))),15,0.24269995879341488,0.23647760561904635,0.24269995879341488,0.23647760561904635,0.7525947804908,0.7705946741726659
1859,(0.33068811464456255)(X_0 + X_1 + X_4 - ((X_3)(-0.9119159388750031 - (sqrt(X_7))))),14,0.266171565830136,0.25613513994555304,0.266171565830136,0.25613513994555304,0.7286681258674401,0.7515250330735468
1860,(0.3313941133854991)(1.5995799747945572 + X_0 + X_1 + X_4 + (-1.765358114179291)(sqrt(X_1) - (X_3))),15,0.24269995879341488,0.23647760561904643,0.24269995879341488,0.23647760561904643,0.7525947804908,0.7705946741726659
1861,(0.3313941133854991)(1.5995799747945574 + X_0 + X_1 + X_4 + (-1.765358114179291)(sqrt(X_1) - (X_3))),15,0.24269995879341488,0.2364776056190464,0.24269995879341488,0.2364776056190464,0.7525947804908,0.7705946741726659
1862,(0.3313941133854992)(1.5995799747945574 + X_0 + X_1 + X_4 + (-1.765358114179291)(sqrt(X_1) - (X_3))),15,0.24269995879341488,0.23647760561904635,0.24269995879341488,0.23647760561904635,0.7525947804908,0.7705946741726659
1863,(0.3313941133854992)(1.599579974794553 + X_0 + X_1 + X_4 + (-1.7653581141792933)(sqrt(X_1) - (X_3))),15,0.24269995879341488,0.2364776056190461,0.24269995879341488,0.2364776056190461,0.7525947804908,0.7705946741726661
1864,(0.331394113385499)(1.5995799747945814 + X_0 + X_1 + X_4 + (-1.765358114179263)(sqrt(X_1) - (X_3))),15,0.24269995879341488,0.23647760561904868,0.24269995879341488,0.23647760561904868,0.7525947804908,0.7705946741726637
1865,(0.3313941133854991)(1.5995799747945572 + X_0 + X_1 + X_4 + (1.765358114179291)(X_3 - (sqrt(X_1)))),15,0.24269995879341488,0.23647760561904643,0.24269995879341488,0.23647760561904643,0.7525947804908,0.7705946741726659
1866,(0.33139411338549907)(1.5995799747945556 + X_0 + X_1 + X_4 + (1.765358114179291)(X_3 - (sqrt(X_1)))),15,0.24269995879341488,0.23647760561904635,0.24269995879341488,0.23647760561904635,0.7525947804908,0.7705946741726659
1867,(0.3645387835424933)(X_0 + X_1 + (1.634337702533975)(X_3)),9,0.3416250320904141,0.36686211561194726,0.3416250320904141,0.36686211561194726,0.6517518318735714,0.6441095428662211
1868,(0.3313941133854991)(1.5995799747945574 + X_0 + X_1 + X_4 + (-1.765358114179291)(sqrt(X_1) - (X_3))),15,0.24269995879341488,0.2364776056190464,0.24269995879341488,0.2364776056190464,0.7525947804908,0.7705946741726659
1869,(0.3313941133854986)(1.5995799747945627 + X_0 + X_1 + X_4 + (-1.765358114179302)(sqrt(X_1) - (X_3))),15,0.24269995879341488,0.23647760561904627,0.24269995879341488,0.23647760561904627,0.7525947804908,0.770594674172666
1870,(0.3313941133854991)(1.5995799747945576 + X_0 + X_1 + X_4 + (-1.7653581141792911)(sqrt(X_1) - (X_3))),15,0.24269995879341488,0.23647760561904635,0.24269995879341488,0.23647760561904635,0.7525947804908,0.7705946741726659
1871,(0.6267655283515422)(X_0 + X_1 + X_3 + (-0.4856748024543768)(X_1 - ((X_4 - (X_0))(sqrt(X_1))))),15,0.24806686280319917,0.262379842465346,0.24806686280319917,0.262379842465346,0.747123827503306,0.7454670893942806
1872,(0.3313941133854991)(1.5995799747945574 + X_0 + X_1 + X_4 + (-1.765358114179291)(sqrt(X_1) - (X_3))),15,0.24269995879341488,0.2364776056190464,0.24269995879341488,0.2364776056190464,0.7525947804908,0.7705946741726659
1873,(0.3313941133854991)(1.5995799747945576 + X_0 + X_1 + X_4 + (-1.7653581141792911)(sqrt(X_1) - (X_3))),15,0.24269995879341488,0.23647760561904635,0.24269995879341488,0.23647760561904635,0.7525947804908,0.7705946741726659
1874,(0.3313941133854991)(1.5995799747945574 + X_0 + X_1 + X_4 + (-1.765358114179291)(sqrt(X_1) - (X_3))),15,0.24269995879341488,0.2364776056190464,0.24269995879341488,0.2364776056190464,0.7525947804908,0.7705946741726659
1875,(0.3313941133854991)(1.5995799747945574 + X_0 + X_1 + X_4 + (-1.765358114179291)(sqrt(X_1) - (X_3))),15,0.24269995879341488,0.2364776056190464,0.24269995879341488,0.2364776056190464,0.7525947804908,0.7705946741726659
1876,(0.5917211760967187)(X_3) + (0.33438933441943774)(X_0 + X_1 + X_4),11,0.26812770149078646,0.2567897440445145,0.26812770149078646,0.2567897440445145,0.7266740663096265,0.7508900060644689
1877,(0.2953623003333465)(1.0624174812568776 + X_0 + X_1 + (1.9999580297292427)(X_3) + X_4 - ((X_1)(X_1))),15,0.24000888007678745,0.262391682133797,0.24000888007678745,0.262391682133797,0.7553380315564932,0.7454556038119924
1878,(0.3313941133854991)(1.5995799747945574 + X_0 + X_1 + X_4 + (-1.765358114179291)(sqrt(X_1) - (X_3))),15,0.24269995879341488,0.2364776056190464,0.24269995879341488,0.2364776056190464,0.7525947804908,0.7705946741726659
1879,(0.3343850662688197)(X_0 + X_1 + (-1.1827483677858862e-06)((X_1)(X_1) + (243640.52099746274)((X_1)(X_1)) + X_3) + X_4),16,0.6103994373114621,0.6037864923131671,0.6103994373114621,0.6037864923131671,0.37776665671015364,0.41427080743374534
1880,(0.3343893344194382)(X_0 + X_1 + (1.7695575641611172)(X_3) + X_4),11,0.26812770149078646,0.2567897440445143,0.26812770149078646,0.2567897440445143,0.7266740663096265,0.750890006064469
1881,(0.5844608431991689)(X_3 + (-1.4328326893124903)(sin(-2.960729145018925 + X_0 + X_1))),12,0.25960270022188325,0.3364738318291657,0.25960270022188325,0.3364738318291657,0.7353643430642447,0.6735890114369273
1882,(0.3313941133854991)(1.5995799747945632 + X_0 + X_1 + X_4 + (-1.7653581141792893)(sqrt(X_1) - (X_3))),15,0.24269995879341488,0.23647760561904674,0.24269995879341488,0.23647760561904674,0.7525947804908,0.7705946741726656
1883,(0.3313941133854991)(1.5995799747945576 + X_0 + X_1 + X_4 + (-1.7653581141792911)(sqrt(X_1) - (X_3))),15,0.24269995879341488,0.23647760561904635,0.24269995879341488,0.23647760561904635,0.7525947804908,0.7705946741726659
1884,(0.6267655283515421)(X_0 + X_1 + X_3 + (-0.4856748024543768)(X_1 - ((X_4 - (X_0))(sqrt(X_1))))),15,0.24806686280319917,0.26237984246534596,0.24806686280319917,0.26237984246534596,0.747123827503306,0.7454670893942806
1885,(0.6267655283515422)(X_0 + X_1 + X_3 + (-0.4856748024543769)(X_1 - ((X_4 - (X_0))(sqrt(X_1))))),15,0.24806686280319923,0.262379842465346,0.24806686280319923,0.262379842465346,0.7471238275033059,0.7454670893942806
1886,(0.3343893344194378)(X_0 + X_1 + (1.7695575641611292)(X_3) + X_4),11,0.26812770149078646,0.2567897440445142,0.26812770149078646,0.2567897440445142,0.7266740663096265,0.7508900060644691
1887,(0.3343893344194383)(X_0 + X_1 + (1.7695575641611199)(X_3) + X_4),11,0.26812770149078646,0.2567897440445142,0.26812770149078646,0.2567897440445142,0.7266740663096265,0.7508900060644691
1888,(0.3313941133854993)(1.5995799747945598 + X_0 + X_1 + X_4 + (-1.7653581141792887)(sqrt(X_1) - (X_3))),15,0.24269995879341488,0.23647760561904652,0.24269995879341488,0.23647760561904652,0.7525947804908,0.7705946741726658
1889,(0.2953623003333466)(1.062417481256856 + X_0 + X_1 + (1.9999580297292574)(X_3) + X_4 - ((X_1)(X_1))),15,0.24000888007678745,0.26239168213379616,0.24000888007678745,0.26239168213379616,0.7553380315564932,0.745455603811993
1890,(0.3313941133854991)(1.5995799747945574 + X_0 + X_1 + X_4 + (-1.765358114179291)(sqrt(X_1) - (X_3))),15,0.24269995879341488,0.2364776056190464,0.24269995879341488,0.2364776056190464,0.7525947804908,0.7705946741726659
1891,(0.3313941133854991)(1.5995799747945574 + X_0 + X_1 + X_4 + (-1.765358114179291)(sqrt(X_1) - (X_3))),15,0.24269995879341488,0.2364776056190464,0.24269995879341488,0.2364776056190464,0.7525947804908,0.7705946741726659
1892,(0.6267655283515428)(X_0 + X_1 + X_3 + (-0.4856748024543802)(X_1 - ((X_4 - (X_0))(sqrt(X_1))))),15,0.24806686280319917,0.2623798424653467,0.24806686280319917,0.2623798424653467,0.747123827503306,0.7454670893942801
1893,(-8.737982290296141e-07)(-600762.598534291 + X_0 + X_1 + X_4 + (685752.1321254306)(sqrt(X_1) - (X_3))),15,0.57652664521789,0.676336249269666,0.57652664521789,0.676336249269666,0.4122961457342246,0.34389077889053077
1894,(-6.412549859116633e-07)(-4175.420973104661 + X_0 + X_1 + (-939017.6184420685)(X_3) + X_4 - ((X_1)(X_1))),15,0.6084555728899637,0.7129391813419926,0.6084555728899637,0.7129391813419926,0.37974820712445057,0.30838252204605443
1895,(0.6267655283515422)(X_0 + X_1 + X_3 + (-0.48567480245437755)(X_1 - ((X_4 - (X_0))(sqrt(X_1))))),15,0.24806686280319917,0.26237984246534624,0.24806686280319917,0.26237984246534624,0.747123827503306,0.7454670893942804
1896,(0.6267655283515421)(X_0 + X_1 + X_3 + (-0.4856748024543811)(X_1 - ((X_4 - (X_0))(sqrt(X_1))))),15,0.24806686280319915,0.262379842465347,0.24806686280319915,0.262379842465347,0.747123827503306,0.7454670893942796
1897,(0.331394113385499)(1.5995799747945594 + X_0 + X_1 + X_4 + (-1.7653581141792964)(sqrt(X_1) - (X_3))),15,0.24269995879341488,0.23647760561904627,0.24269995879341488,0.23647760561904627,0.7525947804908,0.770594674172666
1898,(0.3313941133854991)(1.5995799747945574 + X_0 + X_1 + X_4 + (-1.765358114179291)(sqrt(X_1) - (X_3))),15,0.24269995879341488,0.2364776056190464,0.24269995879341488,0.2364776056190464,0.7525947804908,0.7705946741726659
1899,(0.6236243013215698)(X_0 + X_1 + X_3 + (-0.4758250299663276)(X_1 - ((X_4 - (X_0))((sqrt(X_1))^(sqrt(X_23 + sqrt(X_1))))))),19,0.24872952171482615,0.26498000532643373,0.24872952171482615,0.26498000532643373,0.7464483215233879,0.7429446889885827
1900,(0.3313941133854993)(1.5995799747945598 + X_0 + X_1 + X_4 + (-1.7653581141792887)(sqrt(X_1) - (X_3))),15,0.24269995879341488,0.23647760561904652,0.24269995879341488,0.23647760561904652,0.7525947804908,0.7705946741726658
1901,(0.3313941133854993)(1.5995799747945598 + X_0 + X_1 + X_4 + (-1.7653581141792887)(sqrt(X_1) - (X_3))),15,0.24269995879341488,0.23647760561904652,0.24269995879341488,0.23647760561904652,0.7525947804908,0.7705946741726658
1902,(0.6267655283515422)(X_0 + X_1 + X_3 + (-0.48567480245437683)(X_1 - ((X_4 - (X_0))(sqrt(X_1))))),15,0.24806686280319917,0.26237984246534596,0.24806686280319917,0.26237984246534596,0.747123827503306,0.7454670893942806
1903,(0.33139411338549957)(1.5995799747945476 + X_0 + X_1 + X_4 + (-1.7653581141792867)(sqrt(X_1) - (X_3))),15,0.24269995879341488,0.23647760561904602,0.24269995879341488,0.23647760561904602,0.7525947804908,0.7705946741726662
1904,(0.33139411338549907)(1.59957997479456 + X_0 + X_1 + X_4 + (-1.7653581141792913)(sqrt(X_1) - (X_3))),15,0.24269995879341488,0.23647760561904652,0.24269995879341488,0.23647760561904652,0.7525947804908,0.7705946741726658
1905,(0.3313941133854991)(1.5995799747945574 + X_0 + X_1 + X_4 + (-1.765358114179291)(sqrt(X_1) - (X_3))),15,0.24269995879341488,0.2364776056190464,0.24269995879341488,0.2364776056190464,0.7525947804908,0.7705946741726659
1906,(0.3343893344194384)(X_0 + X_1 + (1.7695575641611196)(X_3) + X_4),11,0.26812770149078646,0.2567897440445142,0.26812770149078646,0.2567897440445142,0.7266740663096265,0.7508900060644691
1907,(0.3313941133854991)(1.5995799747945574 + X_0 + X_1 + X_4 + (-1.765358114179291)(sqrt(X_1) - (X_3))),15,0.24269995879341488,0.2364776056190464,0.24269995879341488,0.2364776056190464,0.7525947804908,0.7705946741726659
1908,(0.3313941133854991)(1.5995799747945587 + X_0 + X_1 + X_4 + (-1.7653581141792956)(sqrt(X_1) - (X_3))),15,0.24269995879341488,0.23647760561904624,0.24269995879341488,0.23647760561904624,0.7525947804908,0.770594674172666
1909,(0.33139411338549957)(1.5995799747945507 + X_0 + X_1 + X_4 + (-1.7653581141792896)(sqrt(X_1) - (X_3))),15,0.24269995879341488,0.23647760561904602,0.24269995879341488,0.23647760561904602,0.7525947804908,0.7705946741726662
1910,(0.33438933441943847)(X_0 + X_1 + (1.7695575641611145)(X_3) + X_4),11,0.26812770149078646,0.2567897440445142,0.26812770149078646,0.2567897440445142,0.7266740663096265,0.7508900060644691
1911,(0.3313941133854993)(1.5995799747945554 + X_0 + X_1 + X_4 + (-1.7653581141792907)(sqrt(X_1) - (X_3))),15,0.24269995879341483,0.23647760561904627,0.24269995879341483,0.23647760561904627,0.7525947804908,0.770594674172666
1912,(0.3313941133854991)(1.5995799747945574 + X_0 + X_1 + X_4 + (-1.765358114179291)(sqrt(X_1) - (X_3))),15,0.24269995879341488,0.2364776056190464,0.24269995879341488,0.2364776056190464,0.7525947804908,0.7705946741726659
1913,(0.3313941133854991)(1.5995799747945574 + X_0 + X_1 + X_4 + (-1.7653581141792911)(sqrt(X_1) - (X_3))),15,0.24269995879341488,0.23647760561904635,0.24269995879341488,0.23647760561904635,0.7525947804908,0.7705946741726659
1914,(0.3313941133854992)(1.5995799747945574 + X_0 + X_1 + X_4 + (-1.765358114179291)(sqrt(X_1) - (X_3))),15,0.24269995879341488,0.23647760561904635,0.24269995879341488,0.23647760561904635,0.7525947804908,0.7705946741726659
1915,(0.3313941133854991)(-0.1657781393847337 + X_0 + X_1 + X_4 + (-1.7653581141792911)(-1 + sqrt(X_1) - (X_3))),17,0.24269995879341488,0.2364776056190464,0.24269995879341488,0.2364776056190464,0.7525947804908,0.7705946741726659
1916,(0.3313941133854992)(1.5995799747945572 + X_0 + X_1 + X_4 + (-1.765358114179291)(sqrt(X_1) - (X_3))),15,0.24269995879341488,0.23647760561904635,0.24269995879341488,0.23647760561904635,0.7525947804908,0.7705946741726659
1917,(0.3313941133854991)(1.5995799747945574 + X_0 + X_1 + X_4 + (-1.765358114179291)(sqrt(X_1) - (X_3))),15,0.24269995879341488,0.2364776056190464,0.24269995879341488,0.2364776056190464,0.7525947804908,0.7705946741726659
1918,(0.23187745974314147)(X_0 + (2.6112151459365216)(X_3) + X_4 + X_10),11,0.44854424697211637,0.5177714312998377,0.44854424697211637,0.5177714312998377,0.5427597580427101,0.49771343637176246
1919,(0.3343893344194384)(X_0 + X_1 + (1.7695575641611199)(X_3) + X_4),11,0.26812770149078646,0.2567897440445142,0.26812770149078646,0.2567897440445142,0.7266740663096265,0.7508900060644692
1920,(0.33099924441565065)(1.5830232767625412 + X_0 + X_1 + X_4 + (-1.756624362018907)((sqrt(X_1))^(1.096957054124461) - (X_3))),17,0.24260675767090792,0.2370410451521669,0.24260675767090792,0.2370410451521669,0.7526897885175297,0.7700480852923314
1921,(0.33139411338549923)(1.5995799747945612 + X_0 + X_1 + X_4 + (-1.765358114179295)(sqrt(X_1) - (X_3))),15,0.24269995879341488,0.23647760561904635,0.24269995879341488,0.23647760561904635,0.7525947804908,0.7705946741726659
1922,(0.6124936342595139)(X_0 + X_1 + X_3 + (-0.4341185169615587)(X_0 + X_1 - (X_4))),12,0.26635791775456713,0.2554690575285161,0.26635791775456713,0.2554690575285161,0.7284781611101363,0.7521711951213575
1923,(0.3313941133854991)(1.5995799747945574 + X_0 + X_1 + X_4 + (-1.765358114179291)(sqrt(X_1) - (X_3))),15,0.24269995879341488,0.2364776056190464,0.24269995879341488,0.2364776056190464,0.7525947804908,0.7705946741726659
1924,(0.33139411338549934)(1.5995799747945576 + X_0 + X_1 + X_4 + (-1.76535811417929)(sqrt(X_1) - (X_3))),15,0.24269995879341488,0.23647760561904635,0.24269995879341488,0.23647760561904635,0.7525947804908,0.7705946741726659
1925,(0.33438933441943847)(X_0 + X_1 + (1.7695575641611214)(X_3) + X_4),11,0.26812770149078646,0.2567897440445141,0.26812770149078646,0.2567897440445141,0.7266740663096265,0.7508900060644692
1926,(0.6267655283515428)(X_0 + X_1 + X_3 + (-0.4856748024543802)(X_1 - ((X_4 - (X_0))(sqrt(X_1))))),15,0.24806686280319917,0.2623798424653467,0.24806686280319917,0.2623798424653467,0.747123827503306,0.7454670893942801
1927,(0.3313941133854992)(1.5995799747945572 + X_0 + X_1 + X_4 + (-1.765358114179291)(sqrt(X_1) - (X_3))),15,0.24269995879341488,0.23647760561904635,0.24269995879341488,0.23647760561904635,0.7525947804908,0.7705946741726659
1928,(-1.705499176183243e-06)(X_0 + X_1 + (-352987.5738308721)(X_3) + X_4),11,0.6084646276960713,0.7129010330911925,0.6084646276960713,0.7129010330911925,0.37973897677145074,0.30841952940614514
1929,(0.3313941133854991)(1.5995799747945574 + X_0 + X_1 + X_4 + (-1.765358114179291)(sqrt(X_1) - (X_3))),15,0.24269995879341488,0.2364776056190464,0.24269995879341488,0.2364776056190464,0.7525947804908,0.7705946741726659
1930,(0.6267655283515423)(X_0 + X_1 + X_3 + (-0.4856748024543771)(X_1 - ((X_4 - (X_0))(sqrt(X_1))))),15,0.24806686280319915,0.26237984246534607,0.24806686280319915,0.26237984246534607,0.747123827503306,0.7454670893942805
1931,(0.3343893344194383)(X_0 + X_1 + (1.769557564161099)(X_3) + X_4),11,0.26812770149078646,0.25678974404451477,0.26812770149078646,0.25678974404451477,0.7266740663096265,0.7508900060644685
1932,(0.2953623003333466)(1.062417481256856 + X_0 + X_1 + (1.9999580297292574)(X_3) + X_4 - ((X_1)(X_1))),15,0.24000888007678745,0.26239168213379616,0.24000888007678745,0.26239168213379616,0.7553380315564932,0.745455603811993
1933,(0.3343893344194384)(X_0 + X_1 + (1.7695575641611196)(X_3) + X_4),11,0.26812770149078646,0.2567897440445142,0.26812770149078646,0.2567897440445142,0.7266740663096265,0.7508900060644691
1934,(0.3313941133854991)(1.5995799747945574 + X_0 + X_1 + X_4 + (-1.7653581141792911)(sqrt(X_1) - (X_3))),15,0.24269995879341488,0.23647760561904635,0.24269995879341488,0.23647760561904635,0.7525947804908,0.7705946741726659
1935,(0.3313941133854993)(1.5995799747945598 + X_0 + X_1 + X_4 + (-1.7653581141792887)(sqrt(X_1) - (X_3))),15,0.24269995879341488,0.23647760561904652,0.24269995879341488,0.23647760561904652,0.7525947804908,0.7705946741726658
1936,(0.34439855297394445)(X_0 + X_1 + (1.7235914204992366)(X_3) + (-0.3247743506097571)((X_1)(X_1) - ((X_4)(exp(X_4))))),17,0.2575530492505482,0.27307570532205333,0.2575530492505482,0.27307570532205333,0.7374537309281792,0.7350911051769835
1937,(0.3313941133854991)(1.5995799747945574 + X_0 + X_1 + X_4 + (-1.7653581141792911)(sqrt(X_1) - (X_3))),15,0.24269995879341488,0.23647760561904635,0.24269995879341488,0.23647760561904635,0.7525947804908,0.7705946741726659
1938,(0.6267655283515422)(X_0 + X_1 + X_3 + (-0.48567480245437683)(X_1 - ((X_4 - (X_0))(sqrt(X_1))))),15,0.24806686280319917,0.26237984246534596,0.24806686280319917,0.26237984246534596,0.747123827503306,0.7454670893942806
1939,(0.3343893344194389)(X_0 + X_1 + (1.7695575641611416)(X_3) + X_4),11,0.26812770149078646,0.2567897440445135,0.26812770149078646,0.2567897440445135,0.7266740663096265,0.7508900060644699
1940,(0.3343893344194384)(X_0 + X_1 + (1.7695575641611199)(X_3) + X_4),11,0.26812770149078646,0.2567897440445142,0.26812770149078646,0.2567897440445142,0.7266740663096265,0.7508900060644692
1941,(0.3313941133854991)(1.5995799747945574 + X_0 + X_1 + X_4 + (-1.765358114179291)(sqrt(X_1) - (X_3))),15,0.24269995879341488,0.2364776056190464,0.24269995879341488,0.2364776056190464,0.7525947804908,0.7705946741726659
1942,(0.3313941133854991)(1.5995799747945574 + X_0 + X_1 + X_4 + (-1.7653581141792911)(sqrt(X_1) - (X_3))),15,0.24269995879341488,0.23647760561904635,0.24269995879341488,0.23647760561904635,0.7525947804908,0.7705946741726659
1943,(0.3313941133854991)(1.5995799747945574 + X_0 + X_1 + X_4 + (-1.765358114179291)(sqrt(X_1) - (X_3))),15,0.24269995879341488,0.2364776056190464,0.24269995879341488,0.2364776056190464,0.7525947804908,0.7705946741726659
1944,(0.33139411338549896)(1.5995799747945598 + X_0 + X_1 + X_4 + (-1.7653581141792927)(sqrt(X_1) - (X_3))),15,0.24269995879341488,0.2364776056190465,0.24269995879341488,0.2364776056190465,0.7525947804908,0.7705946741726658
1945,(0.3313941133854991)(1.5995799747945574 + X_0 + X_1 + X_4 + (-1.7653581141792911)(sqrt(X_1) - (X_3))),15,0.24269995879341488,0.23647760561904635,0.24269995879341488,0.23647760561904635,0.7525947804908,0.7705946741726659
1946,(0.6267655283515423)(X_0 + X_1 + X_3 + (-0.4856748024543749)(X_1 - ((X_4 - (X_0))(sqrt(X_1))))),15,0.24806686280319917,0.26237984246534557,0.24806686280319917,0.26237984246534557,0.747123827503306,0.7454670893942811
1947,(0.2953623003333466)(1.062417481256856 + X_0 + X_1 + (1.9999580297292574)(X_3) + X_4 - ((X_1)(X_1))),15,0.24000888007678745,0.26239168213379616,0.24000888007678745,0.26239168213379616,0.7553380315564932,0.745455603811993
1948,(0.6267655283515438)(X_0 + X_1 + X_3 + (-0.4856748024544082)(X_1 - ((X_4 - (X_0))(sqrt(X_1))))),15,0.24806686280319917,0.2623798424653529,0.24806686280319917,0.2623798424653529,0.747123827503306,0.745467089394274
1949,(0.3313941133854991)(1.5995799747945574 + X_0 + X_1 + X_4 + (-1.7653581141792911)(sqrt(X_1) - (X_3))),15,0.24269995879341488,0.23647760561904635,0.24269995879341488,0.23647760561904635,0.7525947804908,0.7705946741726659
1950,(0.3562602023138434)(X_0 + X_1 + (0.8266024828034899)((2)(X_3) + X_4)),13,0.26532677978643204,0.25017070160011134,0.26532677978643204,0.25017070160011134,0.7295292899056212,0.7573110943728028
1951,(0.3343893344194382)(X_0 + X_1 + (1.7695575641610857)(X_3) + X_4),11,0.26812770149078646,0.2567897440445151,0.26812770149078646,0.2567897440445151,0.7266740663096265,0.7508900060644683
1952,(0.331394113385499)(1.5995799747945592 + X_0 + X_1 + X_4 + (-1.7653581141792924)(sqrt(X_1) - (X_3))),15,0.24269995879341488,0.23647760561904643,0.24269995879341488,0.23647760561904643,0.7525947804908,0.7705946741726659
1953,(0.2200365878841269)(X_0 + X_1 + (2.691702576802074)(X_3) + (2)(X_4)),13,0.3216282140068309,0.3413863423577039,0.3216282140068309,0.3413863423577039,0.6721363312861386,0.6688234181982805
1954,(0.3313941133854992)(1.5995799747945567 + X_0 + X_1 + X_4 + (-1.7653581141792911)(sqrt(X_1) - (X_3))),15,0.24269995879341488,0.23647760561904635,0.24269995879341488,0.23647760561904635,0.7525947804908,0.7705946741726659
1955,(0.32887558777742654)(X_0 + X_1 + (1.7905059875186653)((-0.14540364504995648)((X_1)(X_1)) + X_3) + X_4),15,0.2543171771487743,0.23851280513911063,0.2543171771487743,0.23851280513911063,0.7407523373705664,0.7686203408830431
1956,0.02048119451321928 + (0.33474689765492494)(X_0 + X_1 + X_4 + (1.4550098241027924e-05)((121586.82631404258)(X_3) + X_14)),17,0.2677096933014993,0.25872115165728055,0.2677096933014993,0.25872115165728055,0.7271001784867417,0.7490163606021338
1957,(0.35641879205746296)(X_0 + X_1 + (0.8078588455953435)((2.05591717915604)(X_3) + X_4)),13,0.26527854564500275,0.2504407723086089,0.26527854564500275,0.2504407723086089,0.729578459169627,0.7570491006050752
1958,(0.6267655283515421)(X_0 + X_1 + X_3 + (-0.4856748024543811)(X_1 - ((X_4 - (X_0))(sqrt(X_1))))),15,0.24806686280319915,0.262379842465347,0.24806686280319915,0.262379842465347,0.747123827503306,0.7454670893942796
1959,(0.3313941133854991)(1.5995799747945574 + X_0 + X_1 + X_4 + (-1.765358114179291)(sqrt(X_1) - (X_3))),15,0.24269995879341488,0.2364776056190464,0.24269995879341488,0.2364776056190464,0.7525947804908,0.7705946741726659
1960,(0.3313941133854992)(1.5995799747945574 + X_0 + X_1 + X_4 + (-1.765358114179291)(sqrt(X_1) - (X_3))),15,0.24269995879341488,0.23647760561904635,0.24269995879341488,0.23647760561904635,0.7525947804908,0.7705946741726659
1961,(0.3313941133854993)(1.5995799747945598 + X_0 + X_1 + X_4 + (-1.7653581141792887)(sqrt(X_1) - (X_3))),15,0.24269995879341488,0.23647760561904652,0.24269995879341488,0.23647760561904652,0.7525947804908,0.7705946741726658
1962,(0.3343893344194384)(X_0 + X_1 + (1.7695575641611203)(X_3) + X_4),11,0.26812770149078646,0.25678974404451416,0.26812770149078646,0.25678974404451416,0.7266740663096265,0.7508900060644692
1963,(0.3313941133854992)(1.5995799747945458 + X_0 + X_1 + X_4 + (-1.765358114179294)(sqrt(X_1) - (X_3))),15,0.24269995879341488,0.2364776056190457,0.24269995879341488,0.2364776056190457,0.7525947804908,0.7705946741726666
1964,(0.3347469487922024)(0.061184208821333685 + X_0 + X_1 + (1.7692439589068394)(X_3) + X_4),13,0.2677089086990712,0.2587176631165016,0.2677089086990712,0.2587176631165016,0.7271009783003755,0.7490197448119492
1965,(0.3562602023138435)(X_0 + X_1 + (0.8266024828034961)((2)(X_3) + X_4)),13,0.265326779786432,0.2501707016001109,0.265326779786432,0.2501707016001109,0.7295292899056212,0.7573110943728032
1966,(0.33438933441943847)(X_0 + X_1 + (1.7695575641611183)(X_3) + X_4),11,0.26812770149078646,0.2567897440445142,0.26812770149078646,0.2567897440445142,0.7266740663096265,0.7508900060644692
1967,(0.33474694879220235)(0.06118420882134171 + X_0 + X_1 + (1.7692439589068398)(X_3) + X_4),13,0.2677089086990712,0.2587176631165019,0.2677089086990712,0.2587176631165019,0.7271009783003755,0.7490197448119489
1968,(0.3343893344194384)(X_0 + X_1 + (1.7695575641611199)(X_3) + X_4),11,0.26812770149078646,0.2567897440445142,0.26812770149078646,0.2567897440445142,0.7266740663096265,0.7508900060644692
1969,(0.3313941133854991)(1.5995799747945574 + X_0 + X_1 + X_4 + (-1.765358114179291)(sqrt(X_1) - (X_3))),15,0.24269995879341488,0.2364776056190464,0.24269995879341488,0.2364776056190464,0.7525947804908,0.7705946741726659
1970,(0.3343893344194384)(X_0 + X_1 + (1.7695575641611196)(X_3) + X_4),11,0.26812770149078646,0.2567897440445142,0.26812770149078646,0.2567897440445142,0.7266740663096265,0.7508900060644691
1971,(0.3343893344194384)(X_0 + X_1 + (1.7695575641611199)(X_3) + X_4),11,0.26812770149078646,0.2567897440445142,0.26812770149078646,0.2567897440445142,0.7266740663096265,0.7508900060644692
1972,(0.2953623003333466)(1.062417481256856 + X_0 + X_1 + (1.9999580297292574)(X_3) + X_4 - ((X_1)(X_1))),15,0.24000888007678745,0.26239168213379616,0.24000888007678745,0.26239168213379616,0.7553380315564932,0.745455603811993
1973,(0.3313941133854991)(1.5995799747945576 + X_0 + X_1 + X_4 + (-1.7653581141792911)(sqrt(X_1) - (X_3))),15,0.24269995879341488,0.23647760561904635,0.24269995879341488,0.23647760561904635,0.7525947804908,0.7705946741726659
1974,(0.6267655283515423)(X_0 + X_1 + X_3 + (-0.4856748024543809)(X_1 - ((X_4 - (X_0))(sqrt(X_1))))),15,0.24806686280319923,0.2623798424653469,0.24806686280319923,0.2623798424653469,0.7471238275033059,0.7454670893942797
1975,(0.35641879205746274)(X_0 + X_1 + (0.8078588455953435)((2.0559171791561797)(X_3) + X_4)),13,0.26527854564500275,0.2504407723086071,0.26527854564500275,0.2504407723086071,0.729578459169627,0.757049100605077
1976,(0.3345516688844905)(X_0 + X_1 + X_4 + (1.774054807823961)(X_3 + log(X_1) + (-1.197870811715656)(log(X_1)))),16,0.252150130899493,0.2471929702096019,0.252150130899493,0.2471929702096019,0.7429613964724117,0.76019977145526
1977,(0.33139411338549946)(1.5995799747945514 + X_0 + X_1 + X_4 + (-1.7653581141793033)(sqrt(X_1) - (X_3))),15,0.24269995879341488,0.2364776056190454,0.24269995879341488,0.2364776056190454,0.7525947804908,0.7705946741726668
1978,(0.6267655283515422)(X_0 + X_1 + X_3 + (-0.4856748024543768)(X_1 - ((X_4 - (X_0))(sqrt(X_1))))),15,0.24806686280319917,0.262379842465346,0.24806686280319917,0.262379842465346,0.747123827503306,0.7454670893942806
1979,(0.6267655283515414)(X_0 + X_1 + X_3 + (-0.48567480245436556)(X_1 - ((X_4 - (X_0))(sqrt(X_1))))),15,0.24806686280319917,0.26237984246534357,0.24806686280319917,0.26237984246534357,0.747123827503306,0.745467089394283
1980,(0.3313941133854991)(1.5995799747945574 + X_0 + X_1 + X_4 + (-1.765358114179291)(sqrt(X_1) - (X_3))),15,0.24269995879341488,0.2364776056190464,0.24269995879341488,0.2364776056190464,0.7525947804908,0.7705946741726659
1981,(0.33139411338549907)(1.5995799747945725 + X_0 + X_1 + X_4 + (-1.765358114179272)(sqrt(X_1) - (X_3))),15,0.2426999587934149,0.23647760561904788,0.2426999587934149,0.23647760561904788,0.7525947804907999,0.7705946741726645
1982,(0.3313941133854992)(1.5995799747945572 + X_0 + X_1 + X_4 + (-1.765358114179291)(sqrt(X_1) - (X_3))),15,0.24269995879341488,0.23647760561904635,0.24269995879341488,0.23647760561904635,0.7525947804908,0.7705946741726659
1983,(0.6267655283515421)(X_0 + X_1 + X_3 + (-0.4856748024543768)(X_1 - ((X_4 - (X_0))(sqrt(X_1))))),15,0.24806686280319917,0.26237984246534596,0.24806686280319917,0.26237984246534596,0.747123827503306,0.7454670893942806
1984,(0.3343893344194388)(X_0 + X_1 + (1.7695575641611203)(X_3) + X_4),11,0.26812770149078646,0.25678974404451393,0.26812770149078646,0.25678974404451393,0.7266740663096265,0.7508900060644694
1985,(0.3313941133854991)(1.5995799747945574 + X_0 + X_1 + X_4 + (-1.7653581141792911)(sqrt(X_1) - (X_3))),15,0.24269995879341488,0.23647760561904635,0.24269995879341488,0.23647760561904635,0.7525947804908,0.7705946741726659
1986,(0.3313941133854991)(1.5995799747945574 + X_0 + X_1 + X_4 + (-1.765358114179291)(sqrt(X_1) - (X_3))),15,0.24269995879341488,0.2364776056190464,0.24269995879341488,0.2364776056190464,0.7525947804908,0.7705946741726659
1987,(0.3313941133854991)(1.5995799747945574 + X_0 + X_1 + X_4 + (-1.765358114179291)(sqrt(X_1) - (X_3))),15,0.24269995879341488,0.2364776056190464,0.24269995879341488,0.2364776056190464,0.7525947804908,0.7705946741726659
1988,(0.3343893344194384)(X_0 + X_1 + (1.7695575641611194)(X_3) + X_4),11,0.2681277014907864,0.2567897440445142,0.2681277014907864,0.2567897440445142,0.7266740663096265,0.7508900060644692
1989,(0.3313941133854991)(1.5995799747945572 + X_0 + X_1 + X_4 + (-1.765358114179291)(sqrt(X_1) - (X_3))),15,0.24269995879341488,0.23647760561904643,0.24269995879341488,0.23647760561904643,0.7525947804908,0.7705946741726659
1990,(0.3313941133854991)(1.5995799747945574 + X_0 + X_1 + X_4 + (-1.7653581141792911)(sqrt(X_1) - (X_3))),15,0.24269995879341488,0.23647760561904635,0.24269995879341488,0.23647760561904635,0.7525947804908,0.7705946741726659
1991,(0.3313941133854991)(1.5995799747945574 + X_0 + X_1 + X_4 + (-1.765358114179291)(sqrt(X_1) - (X_3))),15,0.24269995879341488,0.2364776056190464,0.24269995879341488,0.2364776056190464,0.7525947804908,0.7705946741726659
1992,(0.6267655283515421)(X_0 + X_1 + X_3 + (-0.4856748024543768)(X_1 - ((X_4 - (X_0))(sqrt(X_1))))),15,0.24806686280319917,0.26237984246534596,0.24806686280319917,0.26237984246534596,0.747123827503306,0.7454670893942806
1993,(0.3343893344194384)(X_0 + X_1 + (1.7695575641611199)(X_3) + X_4),11,0.26812770149078646,0.2567897440445142,0.26812770149078646,0.2567897440445142,0.7266740663096265,0.7508900060644692
1994,(0.3313941133854991)(1.5995799747945574 + X_0 + X_1 + X_4 + (-1.765358114179291)(sqrt(X_1) - (X_3))),15,0.24269995879341488,0.2364776056190464,0.24269995879341488,0.2364776056190464,0.7525947804908,0.7705946741726659
1995,(0.3645388763124747)(X_0 + X_1 + (-7.922340894245464e-06)((-206269.8734444694)(X_3) + X_4)),13,0.341626568918355,0.366859593572017,0.341626568918355,0.366859593572017,0.6517502652509154,0.6441119894801002
1996,(0.33139411338549896)(1.5995799747945303 + X_0 + X_1 + X_4 + (-1.7653581141793242)(sqrt(X_1) - (X_3))),15,0.24269995879341488,0.2364776056190438,0.24269995879341488,0.2364776056190438,0.7525947804908,0.7705946741726684
1997,(0.3347469487922026)(0.06118420882131215 + X_0 + X_1 + (1.7692439589069573)(X_3) + X_4),13,0.2677089086990712,0.25871766311649796,0.2677089086990712,0.25871766311649796,0.7271009783003755,0.7490197448119527
1998,(0.3313941133854992)(1.5995799747945572 + X_0 + X_1 + X_4 + (-1.765358114179291)(sqrt(X_1) - (X_3))),15,0.24269995879341488,0.23647760561904635,0.24269995879341488,0.23647760561904635,0.7525947804908,0.7705946741726659
1999,(0.3382984951308807)(0.9328194728945506 + X_0 + X_1 + (1.7500300819022736)(X_3) + X_4 - (sqrt(X_1))),15,0.24510867442488174,0.23556746099917955,0.24510867442488174,0.23556746099917955,0.7501393667259977,0.7714775993127609
