Id,Expression,size,MSE_train,MSE_test,nll_train,nll_test,R2_train,R2_test
0,(0.31230364418603296)(X_0 + X_1 + (2)(X_3) + X_4),11,0.27067787485402134,0.26515056576703233,0.27067787485402134,0.26515056576703233,0.7240744523506695,0.7427792294587201
1,(0.3371904854006358)(X_0 + X_1 + X_3 + X_4 + sin(X_3)),11,0.2704858801009382,0.2538006561383118,0.2704858801009382,0.2538006561383118,0.7242701693349958,0.7537897000259919
2,(0.33438933441943836)(X_0 + X_1 + (1.7695575641611199)(X_3) + X_4),11,0.26812770149078646,0.2567897440445142,0.26812770149078646,0.2567897440445142,0.7266740663096265,0.7508900060644692
3,(0.33438933441943836)(X_0 + X_1 + (1.769557564161125)(X_3) + X_4),11,0.26812770149078646,0.2567897440445141,0.26812770149078646,0.2567897440445141,0.7266740663096265,0.7508900060644692
4,(0.31398936475105205)(0.9266042536777943 + X_0 + X_1 + (2)(X_3) + X_4 - (sqrt(X_0))),15,0.2501182380476581,0.23377068963271092,0.2501182380476581,0.23377068963271092,0.7450326819375044,0.7732206350631566
5,(0.3123036441860356)(X_0 + X_1 + (2)(X_3) + X_4),11,0.27067787485402134,0.2651505657670309,0.27067787485402134,0.2651505657670309,0.7240744523506695,0.7427792294587214
6,(0.313989364751052)(0.9266042536777942 + X_0 + X_1 + (2)(X_3) + X_4 - (sqrt(X_0))),15,0.2501182380476581,0.233770689632711,0.2501182380476581,0.233770689632711,0.7450326819375044,0.7732206350631565
7,1 + (0.31398936475105205)(-2.2582169927133218 + X_0 + X_1 + (2)(X_3) + X_4 - (sqrt(X_0))),17,0.25011823804765815,0.23377068963271092,0.25011823804765815,0.23377068963271092,0.7450326819375043,0.7732206350631566
8,(0.3123036441860356)(X_0 + X_1 + (2)(X_3) + X_4),11,0.27067787485402134,0.2651505657670309,0.27067787485402134,0.2651505657670309,0.7240744523506695,0.7427792294587214
9,(0.3139893647510519)(0.9266042536777328 + X_0 + X_1 + (2)(X_3) + X_4 - (sqrt(X_0))),15,0.25011823804765815,0.23377068963270903,0.25011823804765815,0.23377068963270903,0.7450326819375043,0.7732206350631585
10,(0.3123036441860356)(X_0 + X_1 + (2)(X_3) + X_4),11,0.27067787485402134,0.2651505657670309,0.27067787485402134,0.2651505657670309,0.7240744523506695,0.7427792294587214
11,(0.3343893344194384)(X_0 + X_1 + (1.7695575641611199)(X_3) + X_4),11,0.26812770149078646,0.2567897440445142,0.26812770149078646,0.2567897440445142,0.7266740663096265,0.7508900060644692
12,(0.3139893647510521)(0.926604253677795 + X_0 + X_1 + (2)(X_3) + X_4 - (sqrt(X_0))),15,0.2501182380476581,0.23377068963271094,0.2501182380476581,0.23377068963271094,0.7450326819375044,0.7732206350631566
13,(0.31398936475105205)(0.9266042536777943 + X_0 + X_1 + (2)(X_3) + X_4 - (sqrt(X_0))),15,0.2501182380476581,0.23377068963271092,0.2501182380476581,0.23377068963271092,0.7450326819375044,0.7732206350631566
14,(0.3343893344194384)(X_0 + X_1 + (1.7695575641611199)(X_3) + X_4),11,0.26812770149078646,0.2567897440445142,0.26812770149078646,0.2567897440445142,0.7266740663096265,0.7508900060644692
15,(0.313989364751052)(0.9266042536777666 + X_0 + X_1 + (2)(X_3) + X_4 - (sqrt(X_0))),15,0.25011823804765815,0.23377068963271005,0.25011823804765815,0.23377068963271005,0.7450326819375042,0.7732206350631574
16,(0.313989364751052)(0.9266042536777666 + X_0 + X_1 + (2)(X_3) + X_4 - (sqrt(X_0))),15,0.25011823804765815,0.23377068963271005,0.25011823804765815,0.23377068963271005,0.7450326819375042,0.7732206350631574
17,(0.31398936475105205)(0.926604253677834 + X_0 + X_1 + (2)(X_3) + X_4 - (sqrt(X_0))),15,0.25011823804765815,0.23377068963271228,0.25011823804765815,0.23377068963271228,0.7450326819375043,0.7732206350631553
18,(0.313989364751052)(0.926604253677793 + X_0 + X_1 + (2)(X_3) + X_4 - (sqrt(X_0))),15,0.25011823804765815,0.23377068963271094,0.25011823804765815,0.23377068963271094,0.7450326819375042,0.7732206350631566
19,(0.356418792057463)(X_0 + X_1 + (1.6608908789927046)(X_3) + (0.8078588455953621)(X_4)),13,0.2652785456450027,0.2504407723086072,0.2652785456450027,0.2504407723086072,0.7295784591696272,0.757049100605077
20,(0.3123036441860356)(X_0 + X_1 + (2)(X_3) + X_4),11,0.27067787485402134,0.2651505657670309,0.27067787485402134,0.2651505657670309,0.7240744523506695,0.7427792294587214
21,(0.3123036441860363)(X_0 + X_1 + (2)(X_3) + X_4),11,0.27067787485402134,0.26515056576703055,0.27067787485402134,0.26515056576703055,0.7240744523506695,0.7427792294587217
22,(0.3123036441860356)(X_0 + X_1 + (2)(X_3) + X_4),11,0.27067787485402134,0.2651505657670309,0.27067787485402134,0.2651505657670309,0.7240744523506695,0.7427792294587214
23,(0.3123036441860356)(X_0 + X_1 + (2)(X_3) + X_4),11,0.27067787485402134,0.2651505657670309,0.27067787485402134,0.2651505657670309,0.7240744523506695,0.7427792294587214
24,(0.313989364751052)(0.9266042536777666 + X_0 + X_1 + (2)(X_3) + X_4 - (sqrt(X_0))),15,0.25011823804765815,0.23377068963271005,0.25011823804765815,0.23377068963271005,0.7450326819375042,0.7732206350631574
25,(0.3343893344194384)(X_0 + X_1 + (1.7695575641611196)(X_3) + X_4),11,0.26812770149078646,0.2567897440445142,0.26812770149078646,0.2567897440445142,0.7266740663096265,0.7508900060644691
26,(0.31230364418603873)(X_0 + X_1 + (2)(X_3) + X_4),11,0.27067787485402134,0.2651505657670294,0.27067787485402134,0.2651505657670294,0.7240744523506695,0.7427792294587229
27,(0.313989364751052)(0.9266042536777939 + X_0 + X_1 + (2)(X_3) + X_4 - (sqrt(X_0))),15,0.2501182380476581,0.233770689632711,0.2501182380476581,0.233770689632711,0.7450326819375044,0.7732206350631565
28,(0.3123036441860356)(X_0 + X_1 + (2)(X_3) + X_4),11,0.27067787485402134,0.2651505657670309,0.27067787485402134,0.2651505657670309,0.7240744523506695,0.7427792294587214
29,(0.31398936475105205)(0.9266042536777908 + X_0 + X_1 + (2)(X_3) + X_4 - (sqrt(X_0))),15,0.25011823804765815,0.2337706896327108,0.25011823804765815,0.2337706896327108,0.7450326819375043,0.7732206350631567
30,(0.3139893647510521)(0.9266042536777945 + X_0 + X_1 + (2)(X_3) + X_4 - (sqrt(X_0))),15,0.2501182380476581,0.23377068963271092,0.2501182380476581,0.23377068963271092,0.7450326819375044,0.7732206350631566
31,(0.31398936475105216)(0.926604253677811 + X_0 + X_1 + (2)(X_3) + X_4 - (sqrt(X_0))),15,0.25011823804765815,0.23377068963271141,0.25011823804765815,0.23377068963271141,0.7450326819375043,0.7732206350631562
32,(0.313989364751052)(0.9266042536777666 + X_0 + X_1 + (2)(X_3) + X_4 - (sqrt(X_0))),15,0.25011823804765815,0.23377068963271005,0.25011823804765815,0.23377068963271005,0.7450326819375042,0.7732206350631574
33,(0.3123036441860356)(X_0 + X_1 + (2)(X_3) + X_4),11,0.27067787485402134,0.2651505657670309,0.27067787485402134,0.2651505657670309,0.7240744523506695,0.7427792294587214
34,(0.31398936475105205)(0.9266042536777737 + X_0 + X_1 + (2)(X_3) + X_4 - (sqrt(X_0))),15,0.25011823804765815,0.23377068963271022,0.25011823804765815,0.23377068963271022,0.7450326819375042,0.7732206350631573
35,(0.3343893344194384)(X_0 + X_1 + (1.769557564161118)(X_3) + X_4),11,0.26812770149078646,0.2567897440445142,0.26812770149078646,0.2567897440445142,0.7266740663096265,0.7508900060644691
36,(0.313989364751052)(0.9266042536777666 + X_0 + X_1 + (2)(X_3) + X_4 - (sqrt(X_0))),15,0.25011823804765815,0.23377068963271005,0.25011823804765815,0.23377068963271005,0.7450326819375042,0.7732206350631574
37,(0.3123036441860332)(X_0 + X_1 + (2)(X_3) + X_4),11,0.27067787485402134,0.26515056576703216,0.27067787485402134,0.26515056576703216,0.7240744523506695,0.7427792294587201
38,(0.3139893647510522)(0.9266042536778039 + X_0 + X_1 + (2)(X_3) + X_4 - (sqrt(X_0))),15,0.2501182380476581,0.23377068963271116,0.2501182380476581,0.23377068963271116,0.7450326819375044,0.7732206350631564
39,(0.31398936475105205)(0.9266042536777916 + X_0 + X_1 + (2)(X_3) + X_4 - (sqrt(X_0))),15,0.25011823804765815,0.23377068963271086,0.25011823804765815,0.23377068963271086,0.7450326819375043,0.7732206350631567
40,(0.31230364418603296)(X_0 + X_1 + (2)(X_3) + X_4),11,0.27067787485402134,0.26515056576703233,0.27067787485402134,0.26515056576703233,0.7240744523506695,0.7427792294587201
41,(0.32029585471803534)(-0.06429170337536916 + X_0 + X_1 + (X_2)(X_2) + (2)(X_3) + X_4 - (sqrt(X_0))),18,0.17164673132485386,0.15319819432598927,0.17164673132485386,0.15319819432598927,0.8250255275996594,0.8513834678192369
42,(0.313989364751052)(0.9266042536777666 + X_0 + X_1 + (2)(X_3) + X_4 - (sqrt(X_0))),15,0.25011823804765815,0.23377068963271005,0.25011823804765815,0.23377068963271005,0.7450326819375042,0.7732206350631574
43,(0.31398936475105205)(0.926604253677862 + X_0 + X_1 + (2)(X_3) + X_4 - (sqrt(X_0))),15,0.25011823804765815,0.2337706896327132,0.25011823804765815,0.2337706896327132,0.7450326819375043,0.7732206350631544
44,(0.33438933441943836)(X_0 + X_1 + (1.7695575641610777)(X_3) + X_4),11,0.26812770149078646,0.25678974404451516,0.26812770149078646,0.25678974404451516,0.7266740663096265,0.7508900060644682
45,(0.3139893647510521)(0.9266042536777954 + X_0 + X_1 + (2)(X_3) + X_4 - (sqrt(X_0))),15,0.25011823804765815,0.23377068963271092,0.25011823804765815,0.23377068963271092,0.7450326819375043,0.7732206350631566
46,(0.3343893344194384)(X_0 + X_1 + (1.7695575641611199)(X_3) + X_4),11,0.26812770149078646,0.2567897440445142,0.26812770149078646,0.2567897440445142,0.7266740663096265,0.7508900060644692
47,(0.31398936475105205)(0.9266042536777943 + X_0 + X_1 + (2)(X_3) + X_4 - (sqrt(X_0))),15,0.2501182380476581,0.23377068963271092,0.2501182380476581,0.23377068963271092,0.7450326819375044,0.7732206350631566
48,(0.3123036441860363)(X_0 + X_1 + (2)(X_3) + X_4),11,0.27067787485402134,0.26515056576703055,0.27067787485402134,0.26515056576703055,0.7240744523506695,0.7427792294587217
49,(0.3343893344194384)(X_0 + X_1 + (1.7695575641611196)(X_3) + X_4),11,0.26812770149078646,0.2567897440445142,0.26812770149078646,0.2567897440445142,0.7266740663096265,0.7508900060644691
50,(0.313989364751052)(0.9266042536777949 + X_0 + X_1 + (2)(X_3) + X_4 - (sqrt(X_0))),15,0.25011823804765815,0.233770689632711,0.25011823804765815,0.233770689632711,0.7450326819375043,0.7732206350631565
51,(0.3144952763183157)(0.936535910556823 + X_0 + X_1 + (2)(X_3) + X_4 - (sqrt(X_1))),15,0.24825654160215901,0.24521573703069377,0.24825654160215901,0.24521573703069377,0.7469304713728551,0.7621178719893746
52,(0.3343893344194384)(X_0 + X_1 + (1.7695575641611203)(X_3) + X_4),11,0.26812770149078646,0.25678974404451416,0.26812770149078646,0.25678974404451416,0.7266740663096265,0.7508900060644692
53,(0.31398936475105194)(0.9266042536777943 + X_0 + X_1 + (2)(X_3) + X_4 - (sqrt(X_0))),15,0.2501182380476581,0.23377068963271103,0.2501182380476581,0.23377068963271103,0.7450326819375044,0.7732206350631565
54,(0.31398936475105205)(0.9266042536777942 + X_0 + X_1 + (2)(X_3) + X_4 - (sqrt(X_0))),15,0.25011823804765815,0.23377068963271092,0.25011823804765815,0.23377068963271092,0.7450326819375043,0.7732206350631566
55,(0.313989364751052)(0.9266042536777666 + X_0 + X_1 + (2)(X_3) + X_4 - (sqrt(X_0))),15,0.25011823804765815,0.23377068963271005,0.25011823804765815,0.23377068963271005,0.7450326819375042,0.7732206350631574
56,(0.35641879205746274)(X_0 + X_1 + (1.660890878992717)(X_3) + (0.8078588455953559)(X_4)),13,0.26527854564500275,0.25044077230860723,0.26527854564500275,0.25044077230860723,0.729578459169627,0.7570491006050769
57,(0.313989364751052)(0.9266042536777938 + X_0 + X_1 + (2)(X_3) + X_4 - (sqrt(X_0))),15,0.25011823804765815,0.233770689632711,0.25011823804765815,0.233770689632711,0.7450326819375043,0.7732206350631565
58,(0.3343893344194384)(X_0 + X_1 + (1.7695575641611097)(X_3) + X_4),11,0.26812770149078646,0.2567897440445144,0.26812770149078646,0.2567897440445144,0.7266740663096265,0.750890006064469
59,(0.33438933441943847)(X_0 + X_1 + (1.7695575641611128)(X_3) + X_4),11,0.26812770149078646,0.2567897440445143,0.26812770149078646,0.2567897440445143,0.7266740663096265,0.750890006064469
60,(0.3343893344194384)(X_0 + X_1 + (1.7695575641611159)(X_3) + X_4),11,0.26812770149078646,0.2567897440445142,0.26812770149078646,0.2567897440445142,0.7266740663096265,0.7508900060644691
61,(0.313989364751052)(0.926604253677787 + X_0 + X_1 + (2)(X_3) + X_4 - (sqrt(X_0))),15,0.25011823804765815,0.23377068963271072,0.25011823804765815,0.23377068963271072,0.7450326819375043,0.7732206350631567
62,(0.3343893344194384)(X_0 + X_1 + (1.7695575641611199)(X_3) + X_4),11,0.26812770149078646,0.2567897440445142,0.26812770149078646,0.2567897440445142,0.7266740663096265,0.7508900060644692
63,(0.3343893344194384)(X_0 + X_1 + (1.7695575641611199)(X_3) + X_4),11,0.26812770149078646,0.2567897440445142,0.26812770149078646,0.2567897440445142,0.7266740663096265,0.7508900060644692
64,(0.3144952763183157)(0.9365359105568429 + X_0 + X_1 + (2)(X_3) + X_4 - (sqrt(X_1))),15,0.24825654160215901,0.24521573703069457,0.24825654160215901,0.24521573703069457,0.7469304713728551,0.7621178719893738
65,(0.3144952763183155)(0.9365359105568527 + X_0 + X_1 + (2)(X_3) + X_4 - (sqrt(X_1))),15,0.24825654160215901,0.245215737030695,0.24825654160215901,0.245215737030695,0.7469304713728551,0.7621178719893734
66,(0.3343893344194384)(X_0 + X_1 + (1.7695575641611196)(X_3) + X_4),11,0.26812770149078646,0.2567897440445142,0.26812770149078646,0.2567897440445142,0.7266740663096265,0.7508900060644691
67,(0.3123036441860356)(X_0 + X_1 + (2)(X_3) + X_4),11,0.27067787485402134,0.2651505657670309,0.27067787485402134,0.2651505657670309,0.7240744523506695,0.7427792294587214
68,(0.313989364751052)(0.9266042536777942 + X_0 + X_1 + (2)(X_3) + X_4 - (sqrt(X_0))),15,0.2501182380476581,0.233770689632711,0.2501182380476581,0.233770689632711,0.7450326819375044,0.7732206350631565
69,(0.3343893344194384)(X_0 + X_1 + (1.7695575641611199)(X_3) + X_4),11,0.26812770149078646,0.2567897440445142,0.26812770149078646,0.2567897440445142,0.7266740663096265,0.7508900060644692
70,(0.3343893344194384)(X_0 + X_1 + (1.7695575641611199)(X_3) + X_4),11,0.26812770149078646,0.2567897440445142,0.26812770149078646,0.2567897440445142,0.7266740663096265,0.7508900060644692
71,(0.31398936475105205)(0.9266042536777943 + X_0 + X_1 + (2)(X_3) + X_4 - (sqrt(X_0))),15,0.2501182380476581,0.23377068963271092,0.2501182380476581,0.23377068963271092,0.7450326819375044,0.7732206350631566
72,(0.3139893647510517)(0.9266042536777821 + X_0 + X_1 + (2)(X_3) + X_4 - (sqrt(X_0))),15,0.25011823804765815,0.23377068963271072,0.25011823804765815,0.23377068963271072,0.7450326819375043,0.7732206350631567
73,(0.3343893344194384)(X_0 + X_1 + (1.7695575641611203)(X_3) + X_4),11,0.26812770149078646,0.25678974404451416,0.26812770149078646,0.25678974404451416,0.7266740663096265,0.7508900060644692
74,(0.3139893647510521)(0.9266042536777913 + X_0 + X_1 + (2)(X_3) + X_4 - (sqrt(X_0))),15,0.25011823804765815,0.2337706896327108,0.25011823804765815,0.2337706896327108,0.7450326819375043,0.7732206350631567
75,(0.3122237435325127)(0.9108432033154378 + X_0 + X_1 + (2)(X_3) + X_4 - (sqrt((X_0)(X_0)))),16,0.24522091328707246,0.22296060127240488,0.24522091328707246,0.22296060127240488,0.7500249518720528,0.7837074286689464
76,(0.3123036441860423)(X_0 + X_1 + (2)(X_3) + X_4),11,0.27067787485402134,0.2651505657670276,0.27067787485402134,0.2651505657670276,0.7240744523506695,0.7427792294587245
77,(0.3343893344194384)(X_0 + X_1 + (1.7695575641611196)(X_3) + X_4),11,0.26812770149078646,0.2567897440445142,0.26812770149078646,0.2567897440445142,0.7266740663096265,0.7508900060644691
78,(0.3139893647510521)(0.9266042536777821 + X_0 + X_1 + (2)(X_3) + X_4 - (sqrt(X_0))),15,0.25011823804765815,0.23377068963271053,0.25011823804765815,0.23377068963271053,0.7450326819375043,0.773220635063157
79,(0.3123036441860356)(X_0 + X_1 + (2)(X_3) + X_4),11,0.27067787485402134,0.2651505657670309,0.27067787485402134,0.2651505657670309,0.7240744523506695,0.7427792294587214
80,(0.31398936475105205)(0.9266042536777943 + X_0 + X_1 + (2)(X_3) + X_4 - (sqrt(X_0))),15,0.2501182380476581,0.23377068963271092,0.2501182380476581,0.23377068963271092,0.7450326819375044,0.7732206350631566
81,(0.31398936475105205)(0.9266042536777992 + X_0 + X_1 + (2)(X_3) + X_4 - (sqrt(X_0))),15,0.25011823804765815,0.23377068963271108,0.25011823804765815,0.23377068963271108,0.7450326819375043,0.7732206350631565
82,(0.313989364751052)(0.9266042536777666 + X_0 + X_1 + (2)(X_3) + X_4 - (sqrt(X_0))),15,0.25011823804765815,0.23377068963271005,0.25011823804765815,0.23377068963271005,0.7450326819375042,0.7732206350631574
83,(0.31398936475105205)(0.9266042536778054 + X_0 + X_1 + (2)(X_3) + X_4 - (sqrt(X_0))),15,0.25011823804765815,0.23377068963271133,0.25011823804765815,0.23377068963271133,0.7450326819375043,0.7732206350631563
84,(0.34659880610637445)(X_0 + X_1 + X_3 + (0.767154483710291)(X_3 + X_4)),12,0.2663579177545671,0.2554690575285169,0.2663579177545671,0.2554690575285169,0.7284781611101363,0.7521711951213568
85,(0.33438933441943847)(X_0 + X_1 + (1.769557564161119)(X_3) + X_4),11,0.26812770149078646,0.25678974404451416,0.26812770149078646,0.25678974404451416,0.7266740663096265,0.7508900060644692
86,(0.313989364751052)(0.9266042536777942 + X_0 + X_1 + (2)(X_3) + X_4 - (sqrt(X_0))),15,0.2501182380476581,0.233770689632711,0.2501182380476581,0.233770689632711,0.7450326819375044,0.7732206350631565
87,(0.33438933441943847)(X_0 + X_1 + (1.7695575641611196)(X_3) + X_4),11,0.26812770149078646,0.25678974404451416,0.26812770149078646,0.25678974404451416,0.7266740663096265,0.7508900060644692
88,(0.313989364751052)(0.9266042536777902 + X_0 + X_1 + (2)(X_3) + X_4 - (sqrt(X_0))),15,0.25011823804765815,0.2337706896327108,0.25011823804765815,0.2337706896327108,0.7450326819375042,0.7732206350631567
89,(0.3139893647510521)(0.9266042536777701 + X_0 + X_1 + (2)(X_3) + X_4 - (sqrt(X_0))),15,0.25011823804765815,0.23377068963271008,0.25011823804765815,0.23377068963271008,0.7450326819375043,0.7732206350631574
90,(0.313989364751052)(0.9266042536777666 + X_0 + X_1 + (2)(X_3) + X_4 - (sqrt(X_0))),15,0.25011823804765815,0.23377068963271005,0.25011823804765815,0.23377068963271005,0.7450326819375042,0.7732206350631574
91,(0.3123036441860361)(X_0 + X_1 + (2)(X_3) + X_4),11,0.27067787485402134,0.2651505657670307,0.27067787485402134,0.2651505657670307,0.7240744523506695,0.7427792294587217
92,(0.3126030396775177)(0.06454580242222366 + X_0 + X_1 + (2)(X_3) + X_4),13,0.27027140785857273,0.2670310438798193,0.27027140785857273,0.2670310438798193,0.7244887995830801,0.74095499035986
93,(0.31449527631831575)(0.9365359105568363 + X_0 + X_1 + (2)(X_3) + X_4 - (sqrt(X_1))),15,0.24825654160215901,0.24521573703069424,0.24825654160215901,0.24521573703069424,0.7469304713728551,0.7621178719893742
94,(0.3343893344194384)(X_0 + X_1 + (1.7695575641611199)(X_3) + X_4),11,0.26812770149078646,0.2567897440445142,0.26812770149078646,0.2567897440445142,0.7266740663096265,0.7508900060644692
95,(0.31230364418602985)(X_0 + X_1 + (2)(X_3) + X_4),11,0.27067787485402134,0.2651505657670339,0.27067787485402134,0.2651505657670339,0.7240744523506695,0.7427792294587185
96,(0.3343893344194384)(X_0 + X_1 + (1.7695575641611199)(X_3) + X_4),11,0.26812770149078646,0.2567897440445142,0.26812770149078646,0.2567897440445142,0.7266740663096265,0.7508900060644692
97,(0.31230364418603485)(X_0 + X_1 + (2)(X_3) + X_4),11,0.2706778748540214,0.26515056576703133,0.2706778748540214,0.26515056576703133,0.7240744523506695,0.742779229458721
98,(0.31398936475105205)(0.9266042536777837 + X_0 + X_1 + (2)(X_3) + X_4 - (sqrt(X_0))),15,0.25011823804765815,0.23377068963271055,0.25011823804765815,0.23377068963271055,0.7450326819375043,0.773220635063157
99,(0.313989364751052)(0.9266042536777942 + X_0 + X_1 + (2)(X_3) + X_4 - (sqrt(X_0))),15,0.2501182380476581,0.233770689632711,0.2501182380476581,0.233770689632711,0.7450326819375044,0.7732206350631565
100,(0.3144952763183156)(0.9365359105568489 + X_0 + X_1 + (2)(X_3) + X_4 - (sqrt(X_1))),15,0.24825654160215901,0.24521573703069482,0.24825654160215901,0.24521573703069482,0.7469304713728551,0.7621178719893735
101,(0.3139893647510519)(0.9266042536778012 + X_0 + X_1 + (2)(X_3) + X_4 - (sqrt(X_0))),15,0.25011823804765815,0.23377068963271125,0.25011823804765815,0.23377068963271125,0.7450326819375043,0.7732206350631563
102,(0.31398936475105205)(0.9266042536777903 + X_0 + X_1 + (2)(X_3) + X_4 - (sqrt(X_0))),15,0.25011823804765815,0.23377068963271078,0.25011823804765815,0.23377068963271078,0.7450326819375043,0.7732206350631567
103,(0.31398936475105205)(0.9266042536777938 + X_0 + X_1 + (2)(X_3) + X_4 - (sqrt(X_0))),15,0.2501182380476581,0.23377068963271092,0.2501182380476581,0.23377068963271092,0.7450326819375044,0.7732206350631566
104,(0.3144952763183157)(0.9365359105568372 + X_0 + X_1 + (2)(X_3) + X_4 - (sqrt(X_1))),15,0.24825654160215901,0.24521573703069433,0.24825654160215901,0.24521573703069433,0.7469304713728551,0.7621178719893741
105,(0.3123036441860396)(X_0 + X_1 + (2)(X_3) + X_4),11,0.27067787485402134,0.26515056576702895,0.27067787485402134,0.26515056576702895,0.7240744523506695,0.7427792294587233
106,(0.3343893344194384)(X_0 + X_1 + (1.7695575641611199)(X_3) + X_4),11,0.26812770149078646,0.2567897440445142,0.26812770149078646,0.2567897440445142,0.7266740663096265,0.7508900060644692
107,(0.31230364418603274)(X_0 + X_1 + (2)(X_3) + X_4),11,0.27067787485402134,0.2651505657670324,0.27067787485402134,0.2651505657670324,0.7240744523506695,0.7427792294587199
108,(0.3139893647510521)(0.9266042536777952 + X_0 + X_1 + (2)(X_3) + X_4 - (sqrt(X_0))),15,0.25011823804765815,0.23377068963271092,0.25011823804765815,0.23377068963271092,0.7450326819375042,0.7732206350631566
109,(0.3123036441860365)(X_0 + X_1 + (2)(X_3) + X_4),11,0.27067787485402134,0.2651505657670305,0.27067787485402134,0.2651505657670305,0.7240744523506695,0.7427792294587219
110,(0.3123036441860272)(X_0 + X_1 + (2)(X_3) + X_4),11,0.27067787485402134,0.2651505657670352,0.27067787485402134,0.2651505657670352,0.7240744523506695,0.7427792294587172
111,(0.313989364751052)(0.9266042536777666 + X_0 + X_1 + (2)(X_3) + X_4 - (sqrt(X_0))),15,0.25011823804765815,0.23377068963271005,0.25011823804765815,0.23377068963271005,0.7450326819375042,0.7732206350631574
112,(0.3564187920574628)(X_0 + X_1 + (1.6608908789927288)(X_3) + (0.8078588455953436)(X_4)),13,0.2652785456450027,0.2504407723086074,0.2652785456450027,0.2504407723086074,0.7295784591696272,0.7570491006050768
113,(0.31398936475105216)(0.9266042536777852 + X_0 + X_1 + (2)(X_3) + X_4 - (sqrt(X_0))),15,0.25011823804765815,0.23377068963271055,0.25011823804765815,0.23377068963271055,0.7450326819375043,0.773220635063157
114,(0.3123036441860396)(X_0 + X_1 + (2)(X_3) + X_4),11,0.27067787485402134,0.26515056576702895,0.27067787485402134,0.26515056576702895,0.7240744523506695,0.7427792294587233
115,(0.33438933441943847)(X_0 + X_1 + (1.7695575641611196)(X_3) + X_4),11,0.26812770149078646,0.25678974404451416,0.26812770149078646,0.25678974404451416,0.7266740663096265,0.7508900060644692
116,(0.35641879205746274)(X_0 + X_1 + (1.660890878992717)(X_3) + (0.8078588455953559)(X_4)),13,0.26527854564500275,0.25044077230860723,0.26527854564500275,0.25044077230860723,0.729578459169627,0.7570491006050769
117,(0.313989364751052)(0.9266042536777666 + X_0 + X_1 + (2)(X_3) + X_4 - (sqrt(X_0))),15,0.25011823804765815,0.23377068963271005,0.25011823804765815,0.23377068963271005,0.7450326819375042,0.7732206350631574
118,(0.3123036441860363)(X_0 + X_1 + (2)(X_3) + X_4),11,0.27067787485402134,0.26515056576703055,0.27067787485402134,0.26515056576703055,0.7240744523506695,0.7427792294587217
119,(0.31230364418603485)(X_0 + X_1 + (2)(X_3) + X_4),11,0.2706778748540214,0.26515056576703133,0.2706778748540214,0.26515056576703133,0.7240744523506695,0.742779229458721
120,(0.3123036441860356)(X_0 + X_1 + (2)(X_3) + X_4),11,0.27067787485402134,0.2651505657670309,0.27067787485402134,0.2651505657670309,0.7240744523506695,0.7427792294587214
121,(0.31230364418603496)(X_0 + X_1 + (2)(X_3) + X_4),11,0.27067787485402134,0.2651505657670313,0.27067787485402134,0.2651505657670313,0.7240744523506695,0.742779229458721
122,(0.31230364418604317)(X_0 + X_1 + (2)(X_3) + X_4),11,0.27067787485402134,0.26515056576702717,0.27067787485402134,0.26515056576702717,0.7240744523506695,0.742779229458725
123,(0.31398936475105227)(0.9266042536778012 + X_0 + X_1 + (2)(X_3) + X_4 - (sqrt(X_0))),15,0.25011823804765815,0.23377068963271108,0.25011823804765815,0.23377068963271108,0.7450326819375043,0.7732206350631565
124,(0.31398936475105205)(0.9266042536777942 + X_0 + X_1 + (2)(X_3) + X_4 - (sqrt(X_0))),15,0.25011823804765815,0.23377068963271092,0.25011823804765815,0.23377068963271092,0.7450326819375043,0.7732206350631566
125,(0.3123036441860383)(X_0 + X_1 + (2)(X_3) + X_4),11,0.2706778748540214,0.2651505657670296,0.2706778748540214,0.2651505657670296,0.7240744523506695,0.7427792294587227
126,(0.3123036441860356)(X_0 + X_1 + (2)(X_3) + X_4),11,0.27067787485402134,0.2651505657670309,0.27067787485402134,0.2651505657670309,0.7240744523506695,0.7427792294587214
127,(0.31398936475105205)(0.9266042536777943 + X_0 + X_1 + (2)(X_3) + X_4 - (sqrt(X_0))),15,0.2501182380476581,0.23377068963271092,0.2501182380476581,0.23377068963271092,0.7450326819375044,0.7732206350631566
128,(0.31398936475105205)(0.9266042536777903 + X_0 + X_1 + (2)(X_3) + X_4 - (sqrt(X_0))),15,0.25011823804765815,0.23377068963271078,0.25011823804765815,0.23377068963271078,0.7450326819375043,0.7732206350631567
129,(0.313989364751052)(0.9266042536777938 + X_0 + X_1 + (2)(X_3) + X_4 - (sqrt(X_0))),15,0.25011823804765815,0.233770689632711,0.25011823804765815,0.233770689632711,0.7450326819375043,0.7732206350631565
130,(0.3343893344194384)(X_0 + X_1 + (1.7695575641611199)(X_3) + X_4),11,0.26812770149078646,0.2567897440445142,0.26812770149078646,0.2567897440445142,0.7266740663096265,0.7508900060644692
131,(0.31398936475105205)(0.9266042536777943 + X_0 + X_1 + (2)(X_3) + X_4 - (sqrt(X_0))),15,0.2501182380476581,0.23377068963271092,0.2501182380476581,0.23377068963271092,0.7450326819375044,0.7732206350631566
132,(0.33438933441943836)(X_0 + X_1 + (1.7695575641611212)(X_3) + X_4),11,0.26812770149078646,0.25678974404451416,0.26812770149078646,0.25678974404451416,0.7266740663096265,0.7508900060644692
133,(0.31230364418603873)(X_0 + X_1 + (2)(X_3) + X_4),11,0.27067787485402134,0.2651505657670294,0.27067787485402134,0.2651505657670294,0.7240744523506695,0.7427792294587229
134,(0.3144952763183157)(0.9365359105568372 + X_0 + X_1 + (2)(X_3) + X_4 - (sqrt(X_1))),15,0.24825654160215901,0.24521573703069433,0.24825654160215901,0.24521573703069433,0.7469304713728551,0.7621178719893741
135,(0.33438933441943786)(X_0 + X_1 + (1.7695575641610244)(X_3) + X_4),11,0.26812770149078646,0.25678974404451665,0.26812770149078646,0.25678974404451665,0.7266740663096265,0.7508900060644668
136,(0.31398936475105205)(0.9266042536777943 + X_0 + X_1 + (2)(X_3) + X_4 - (sqrt(X_0))),15,0.2501182380476581,0.23377068963271092,0.2501182380476581,0.23377068963271092,0.7450326819375044,0.7732206350631566
137,(0.3564187920574624)(X_0 + X_1 + (1.660890878992682)(X_3) + (0.8078588455953142)(X_4)),13,0.26527854564500275,0.2504407723086092,0.26527854564500275,0.2504407723086092,0.729578459169627,0.757049100605075
138,(0.3123036441860363)(X_0 + X_1 + (2)(X_3) + X_4),11,0.27067787485402134,0.26515056576703055,0.27067787485402134,0.26515056576703055,0.7240744523506695,0.7427792294587217
139,(0.313989364751052)(0.9266042536777666 + X_0 + X_1 + (2)(X_3) + X_4 - (sqrt(X_0))),15,0.25011823804765815,0.23377068963271005,0.25011823804765815,0.23377068963271005,0.7450326819375042,0.7732206350631574
140,(0.313989364751052)(0.9266042536777794 + X_0 + X_1 + (2)(X_3) + X_4 - (sqrt(X_0))),15,0.25011823804765815,0.23377068963271047,0.25011823804765815,0.23377068963271047,0.7450326819375042,0.7732206350631571
141,(0.314495276318316)(0.9365359105568256 + X_0 + X_1 + (2)(X_3) + X_4 - (sqrt(X_1))),15,0.24825654160215901,0.24521573703069371,0.24825654160215901,0.24521573703069371,0.7469304713728551,0.7621178719893746
142,(0.31449527631831575)(0.9365359105568356 + X_0 + X_1 + (2)(X_3) + X_4 - (sqrt(X_1))),15,0.24825654160215901,0.24521573703069424,0.24825654160215901,0.24521573703069424,0.7469304713728551,0.7621178719893742
143,(0.32029585471803534)(-0.06429170337536916 + X_0 + X_1 + (X_2)(X_2) + (2)(X_3) + X_4 - (sqrt(X_0))),18,0.17164673132485386,0.15319819432598927,0.17164673132485386,0.15319819432598927,0.8250255275996594,0.8513834678192369
144,(0.313989364751052)(0.9266042536777946 + X_0 + X_1 + (2)(X_3) + X_4 - (sqrt(X_0))),15,0.25011823804765815,0.233770689632711,0.25011823804765815,0.233770689632711,0.7450326819375043,0.7732206350631565
145,(0.3123036441860356)(X_0 + X_1 + (2)(X_3) + X_4),11,0.27067787485402134,0.2651505657670309,0.27067787485402134,0.2651505657670309,0.7240744523506695,0.7427792294587214
146,(0.3139893647510521)(0.9266042536777901 + X_0 + X_1 + (2)(X_3) + X_4 - (sqrt(X_0))),15,0.25011823804765815,0.23377068963271072,0.25011823804765815,0.23377068963271072,0.7450326819375042,0.7732206350631567
147,(0.3343893344194383)(X_0 + X_1 + (1.7695575641611208)(X_3) + X_4),11,0.26812770149078646,0.2567897440445142,0.26812770149078646,0.2567897440445142,0.7266740663096265,0.7508900060644691
148,(0.31142004505040627)(1.3585476109958696 + X_0 + X_1 + (2)(X_3) + X_4 + (-1.5015871749879253)(sqrt(X_0))),17,0.2476408961018562,0.22637730010524307,0.2476408961018562,0.22637730010524307,0.7475580524853509,0.7803929122395818
149,(0.313989364751052)(0.9266042536777666 + X_0 + X_1 + (2)(X_3) + X_4 - (sqrt(X_0))),15,0.25011823804765815,0.23377068963271005,0.25011823804765815,0.23377068963271005,0.7450326819375042,0.7732206350631574
150,(0.3343893344194384)(X_0 + X_1 + (1.7695575641611199)(X_3) + X_4),11,0.26812770149078646,0.2567897440445142,0.26812770149078646,0.2567897440445142,0.7266740663096265,0.7508900060644692
151,(0.3123036441860356)(X_0 + X_1 + (2)(X_3) + X_4),11,0.27067787485402134,0.2651505657670309,0.27067787485402134,0.2651505657670309,0.7240744523506695,0.7427792294587214
152,(0.313989364751052)(0.9266042536777942 + X_0 + X_1 + (2)(X_3) + X_4 - (sqrt(X_0))),15,0.2501182380476581,0.233770689632711,0.2501182380476581,0.233770689632711,0.7450326819375044,0.7732206350631565
153,(0.3139893647510523)(0.9266042536778025 + X_0 + X_1 + (2)(X_3) + X_4 - (sqrt(X_0))),15,0.25011823804765815,0.23377068963271108,0.25011823804765815,0.23377068963271108,0.7450326819375043,0.7732206350631565
154,(0.3123036441860414)(X_0 + X_1 + (2)(X_3) + X_4),11,0.27067787485402134,0.265150565767028,0.27067787485402134,0.265150565767028,0.7240744523506695,0.7427792294587242
155,(0.3343893344194384)(X_0 + X_1 + (1.7695575641611132)(X_3) + X_4),11,0.26812770149078646,0.2567897440445143,0.26812770149078646,0.2567897440445143,0.7266740663096265,0.750890006064469
156,(0.3123036441860356)(X_0 + X_1 + (2)(X_3) + X_4),11,0.27067787485402134,0.2651505657670309,0.27067787485402134,0.2651505657670309,0.7240744523506695,0.7427792294587214
157,(0.3123036441860325)(X_0 + X_1 + (2)(X_3) + X_4),11,0.27067787485402134,0.26515056576703255,0.27067787485402134,0.26515056576703255,0.7240744523506695,0.7427792294587199
158,(0.3122237435325127)(0.9108432033154378 + X_0 + X_1 + (2)(X_3) + X_4 - (sqrt((X_0)(X_0)))),16,0.24522091328707246,0.22296060127240488,0.24522091328707246,0.22296060127240488,0.7500249518720528,0.7837074286689464
159,(0.313989364751052)(0.926604253677793 + X_0 + X_1 + (2)(X_3) + X_4 - (sqrt(X_0))),15,0.25011823804765815,0.23377068963271094,0.25011823804765815,0.23377068963271094,0.7450326819375042,0.7732206350631566
160,(0.3123036441860303)(X_0 + X_1 + (2)(X_3) + X_4),11,0.27067787485402134,0.2651505657670336,0.27067787485402134,0.2651505657670336,0.7240744523506695,0.7427792294587188
161,(0.3343893344194381)(X_0 + X_1 + (1.769557564161122)(X_3) + X_4),11,0.26812770149078646,0.2567897440445143,0.26812770149078646,0.2567897440445143,0.7266740663096265,0.750890006064469
162,(0.33438933441943824)(X_0 + X_1 + (1.769557564161122)(X_3) + X_4),11,0.26812770149078646,0.2567897440445142,0.26812770149078646,0.2567897440445142,0.7266740663096265,0.7508900060644691
163,(0.3123036441860363)(X_0 + X_1 + (2)(X_3) + X_4),11,0.27067787485402134,0.26515056576703055,0.27067787485402134,0.26515056576703055,0.7240744523506695,0.7427792294587217
164,(0.3343893344194384)(X_0 + X_1 + (1.7695575641611199)(X_3) + X_4),11,0.26812770149078646,0.2567897440445142,0.26812770149078646,0.2567897440445142,0.7266740663096265,0.7508900060644692
165,(0.32029585471803534)(-0.06429170337536916 + X_0 + X_1 + (X_2)(X_2) + (2)(X_3) + X_4 - (sqrt(X_0))),18,0.17164673132485386,0.15319819432598927,0.17164673132485386,0.15319819432598927,0.8250255275996594,0.8513834678192369
166,(0.313989364751052)(0.9266042536777943 + X_0 + X_1 + (2)(X_3) + X_4 - (sqrt(X_0))),15,0.2501182380476581,0.233770689632711,0.2501182380476581,0.233770689632711,0.7450326819375044,0.7732206350631565
167,(0.3343893344194384)(X_0 + X_1 + (1.7695575641611203)(X_3) + X_4),11,0.26812770149078646,0.25678974404451416,0.26812770149078646,0.25678974404451416,0.7266740663096265,0.7508900060644692
168,(0.3139893647510517)(0.9266042536777492 + X_0 + X_1 + (2)(X_3) + X_4 - (sqrt(X_0))),15,0.25011823804765815,0.23377068963270964,0.25011823804765815,0.23377068963270964,0.7450326819375042,0.7732206350631579
169,(0.3343893344194395)(X_0 + X_1 + (1.7695575641611816)(X_3) + X_4),11,0.26812770149078646,0.2567897440445122,0.26812770149078646,0.2567897440445122,0.7266740663096265,0.7508900060644711
170,(0.3123036441860363)(X_0 + X_1 + (2)(X_3) + X_4),11,0.27067787485402134,0.26515056576703055,0.27067787485402134,0.26515056576703055,0.7240744523506695,0.7427792294587217
171,(0.313989364751052)(0.9266042536777666 + X_0 + X_1 + (2)(X_3) + X_4 - (sqrt(X_0))),15,0.25011823804765815,0.23377068963271005,0.25011823804765815,0.23377068963271005,0.7450326819375042,0.7732206350631574
172,(0.31230364418603634)(X_0 + X_1 + (2)(X_3) + X_4),11,0.27067787485402134,0.26515056576703055,0.27067787485402134,0.26515056576703055,0.7240744523506695,0.7427792294587217
173,(0.3564187920574629)(X_0 + X_1 + (1.6608908789927135)(X_3) + (0.8078588455953266)(X_4)),13,0.2652785456450028,0.2504407723086081,0.2652785456450028,0.2504407723086081,0.729578459169627,0.7570491006050761
174,(0.3144952763183156)(0.936535910556836 + X_0 + X_1 + (2)(X_3) + X_4 - (sqrt(X_1))),15,0.24825654160215901,0.24521573703069433,0.24825654160215901,0.24521573703069433,0.7469304713728551,0.7621178719893741
175,(0.313989364751052)(0.9266042536777666 + X_0 + X_1 + (2)(X_3) + X_4 - (sqrt(X_0))),15,0.25011823804765815,0.23377068963271005,0.25011823804765815,0.23377068963271005,0.7450326819375042,0.7732206350631574
176,(0.313989364751052)(0.9266042536777943 + X_0 + X_1 + (2)(X_3) + X_4 - (sqrt(X_0))),15,0.2501182380476581,0.233770689632711,0.2501182380476581,0.233770689632711,0.7450326819375044,0.7732206350631565
177,(0.31398936475105205)(0.926604253677794 + X_0 + X_1 + (2)(X_3) + X_4 - (sqrt(X_0))),15,0.2501182380476581,0.233770689632711,0.2501182380476581,0.233770689632711,0.7450326819375044,0.7732206350631565
178,(0.33438933441943813)(X_0 + X_1 + (1.769557564161092)(X_3) + X_4),11,0.26812770149078646,0.256789744044515,0.26812770149078646,0.256789744044515,0.7266740663096265,0.7508900060644683
179,(0.3343893344194388)(X_0 + X_1 + (1.7695575641611196)(X_3) + X_4),11,0.26812770149078646,0.256789744044514,0.26812770149078646,0.256789744044514,0.7266740663096265,0.7508900060644693
180,(0.3343893344194384)(X_0 + X_1 + (1.7695575641611208)(X_3) + X_4),11,0.26812770149078646,0.25678974404451416,0.26812770149078646,0.25678974404451416,0.7266740663096265,0.7508900060644692
181,(0.31230364418603296)(X_0 + X_1 + (2)(X_3) + X_4),11,0.27067787485402134,0.26515056576703233,0.27067787485402134,0.26515056576703233,0.7240744523506695,0.7427792294587201
182,(0.35641879205746246)(X_0 + X_1 + (1.6608908789927015)(X_3) + (0.8078588455953493)(X_4)),13,0.2652785456450027,0.25044077230860784,0.2652785456450027,0.25044077230860784,0.7295784591696272,0.7570491006050764
183,(0.31398936475105177)(0.9266042536778338 + X_0 + X_1 + (2)(X_3) + X_4 - (sqrt(X_0))),15,0.25011823804765815,0.2337706896327124,0.25011823804765815,0.2337706896327124,0.7450326819375043,0.7732206350631552
184,(0.3343893344194384)(X_0 + X_1 + (1.7695575641611199)(X_3) + X_4),11,0.26812770149078646,0.2567897440445142,0.26812770149078646,0.2567897440445142,0.7266740663096265,0.7508900060644692
185,(0.3123036441860356)(X_0 + X_1 + (2)(X_3) + X_4),11,0.27067787485402134,0.2651505657670309,0.27067787485402134,0.2651505657670309,0.7240744523506695,0.7427792294587214
186,(0.31230364418603873)(X_0 + X_1 + (2)(X_3) + X_4),11,0.27067787485402134,0.2651505657670294,0.27067787485402134,0.2651505657670294,0.7240744523506695,0.7427792294587229
187,(0.3123036441860356)(X_0 + X_1 + (2)(X_3) + X_4),11,0.27067787485402134,0.2651505657670309,0.27067787485402134,0.2651505657670309,0.7240744523506695,0.7427792294587214
188,(0.31398936475105205)(0.9266042536777939 + X_0 + X_1 + (2)(X_3) + X_4 - (sqrt(X_0))),15,0.2501182380476581,0.23377068963271094,0.2501182380476581,0.23377068963271094,0.7450326819375044,0.7732206350631566
189,(0.31449527631831564)(0.9365359105568367 + X_0 + X_1 + (2)(X_3) + X_4 - (sqrt(X_1))),15,0.24825654160215901,0.24521573703069427,0.24825654160215901,0.24521573703069427,0.7469304713728551,0.7621178719893741
190,(0.3139893647510521)(0.9266042536777945 + X_0 + X_1 + (2)(X_3) + X_4 - (sqrt(X_0))),15,0.2501182380476581,0.23377068963271092,0.2501182380476581,0.23377068963271092,0.7450326819375044,0.7732206350631566
191,(0.31333439181502987)(0.9091877783800499 + X_0 + X_1 + (2)(X_3) + X_4 - (sqrt((X_0)(sqrt(X_0))))),17,0.24665919938974348,0.22705722386467683,0.24665919938974348,0.22705722386467683,0.7485587814997239,0.7797333227991258
192,(0.313989364751052)(0.9266042536777942 + X_0 + X_1 + (2)(X_3) + X_4 - (sqrt(X_0))),15,0.2501182380476581,0.233770689632711,0.2501182380476581,0.233770689632711,0.7450326819375044,0.7732206350631565
193,(0.313989364751052)(0.9266042536777942 + X_0 + X_1 + (2)(X_3) + X_4 - (sqrt(X_0))),15,0.2501182380476581,0.233770689632711,0.2501182380476581,0.233770689632711,0.7450326819375044,0.7732206350631565
194,(0.313989364751052)(0.9266042536777666 + X_0 + X_1 + (2)(X_3) + X_4 - (sqrt(X_0))),15,0.25011823804765815,0.23377068963271005,0.25011823804765815,0.23377068963271005,0.7450326819375042,0.7732206350631574
195,(0.3543777895004979)(X_0 + X_1 + (1.6878843472859018)(X_3) + (0.8882391701937806)((X_4)(sqrt(X_40)))),16,0.2653451369235682,0.24830383135795747,0.2653451369235682,0.24830383135795747,0.7295105768758978,0.7591221325683966
196,(0.334389334419438)(X_0 + X_1 + (1.7695575641611323)(X_3) + X_4),11,0.26812770149078646,0.25678974404451405,0.26812770149078646,0.25678974404451405,0.7266740663096265,0.7508900060644692
197,(0.3343893344194385)(X_0 + X_1 + (1.7695575641611612)(X_3) + X_4),11,0.26812770149078646,0.2567897440445131,0.26812770149078646,0.2567897440445131,0.7266740663096265,0.7508900060644702
198,(0.3139893647510521)(0.9266042536777741 + X_0 + X_1 + (2)(X_3) + X_4 - (sqrt(X_0))),15,0.25011823804765815,0.23377068963271022,0.25011823804765815,0.23377068963271022,0.7450326819375042,0.7732206350631573
199,(0.31398936475105205)(0.926604253677789 + X_0 + X_1 + (2)(X_3) + X_4 - (sqrt(X_0))),15,0.25011823804765815,0.23377068963271072,0.25011823804765815,0.23377068963271072,0.7450326819375043,0.7732206350631567
200,(0.3343893344194384)(X_0 + X_1 + (1.7695575641611079)(X_3) + X_4),11,0.26812770149078646,0.2567897440445145,0.26812770149078646,0.2567897440445145,0.7266740663096265,0.7508900060644689
201,(0.3343893344194384)(X_0 + X_1 + (1.7695575641611199)(X_3) + X_4),11,0.26812770149078646,0.2567897440445142,0.26812770149078646,0.2567897440445142,0.7266740663096265,0.7508900060644692
202,(0.3564187920574631)(X_0 + X_1 + (1.6608908789927312)(X_3) + (0.8078588455953417)(X_4)),13,0.26527854564500275,0.25044077230860723,0.26527854564500275,0.25044077230860723,0.729578459169627,0.7570491006050769
203,(0.3123036441860356)(X_0 + X_1 + (2)(X_3) + X_4),11,0.27067787485402134,0.2651505657670309,0.27067787485402134,0.2651505657670309,0.7240744523506695,0.7427792294587214
204,(0.3139893647510519)(0.9266042536778047 + X_0 + X_1 + (2)(X_3) + X_4 - (sqrt(X_0))),15,0.25011823804765815,0.23377068963271136,0.25011823804765815,0.23377068963271136,0.7450326819375043,0.7732206350631562
205,(0.3139893647510524)(0.9266042536778496 + X_0 + X_1 + (2)(X_3) + X_4 - (sqrt(X_0))),15,0.2501182380476581,0.2337706896327126,0.2501182380476581,0.2337706896327126,0.7450326819375044,0.773220635063155
206,(0.3110023378374081)(1.8061232536257332 + X_0 + X_1 + (2)(X_3) + X_4 - (sqrt(X_0) + sqrt(X_23))),18,0.25047761905023286,0.2458692438809632,0.25047761905023286,0.2458692438809632,0.7446663335612149,0.7614839094138317
207,(0.3343893344194384)(X_0 + X_1 + (1.7695575641611199)(X_3) + X_4),11,0.26812770149078646,0.2567897440445142,0.26812770149078646,0.2567897440445142,0.7266740663096265,0.7508900060644692
208,(0.313989364751052)(0.9266042536777942 + X_0 + X_1 + (2)(X_3) + X_4 - (sqrt(X_0))),15,0.2501182380476581,0.233770689632711,0.2501182380476581,0.233770689632711,0.7450326819375044,0.7732206350631565
209,(0.33438933441943786)(X_0 + X_1 + (1.769557564161092)(X_3) + X_4),11,0.26812770149078646,0.2567897440445151,0.26812770149078646,0.2567897440445151,0.7266740663096265,0.7508900060644683
210,(0.3139893647510521)(0.9266042536777812 + X_0 + X_1 + (2)(X_3) + X_4 - (sqrt(X_0))),15,0.25011823804765815,0.23377068963271047,0.25011823804765815,0.23377068963271047,0.7450326819375042,0.7732206350631571
211,(0.3139893647510517)(0.9266042536777439 + X_0 + X_1 + (2)(X_3) + X_4 - (sqrt(X_0))),15,0.25011823804765815,0.23377068963270944,0.25011823804765815,0.23377068963270944,0.7450326819375042,0.7732206350631581
212,(0.313989364751052)(0.9266042536777942 + X_0 + X_1 + (2)(X_3) + X_4 - (sqrt(X_0))),15,0.2501182380476581,0.233770689632711,0.2501182380476581,0.233770689632711,0.7450326819375044,0.7732206350631565
213,(0.313989364751052)(0.9266042536777943 + X_0 + X_1 + (2)(X_3) + X_4 - (sqrt(X_0))),15,0.2501182380476581,0.233770689632711,0.2501182380476581,0.233770689632711,0.7450326819375044,0.7732206350631565
214,(0.31230364418603296)(X_0 + X_1 + (2)(X_3) + X_4),11,0.27067787485402134,0.26515056576703233,0.27067787485402134,0.26515056576703233,0.7240744523506695,0.7427792294587201
215,(0.313989364751052)(0.9266042536777942 + X_0 + X_1 + (2)(X_3) + X_4 - (sqrt(X_0))),15,0.2501182380476581,0.233770689632711,0.2501182380476581,0.233770689632711,0.7450326819375044,0.7732206350631565
216,(0.31230364418603074)(X_0 + X_1 + (2)(X_3) + X_4),11,0.27067787485402134,0.2651505657670334,0.27067787485402134,0.2651505657670334,0.7240744523506695,0.742779229458719
217,(0.3123036441860325)(X_0 + X_1 + (2)(X_3) + X_4),11,0.27067787485402134,0.26515056576703255,0.27067787485402134,0.26515056576703255,0.7240744523506695,0.7427792294587199
218,(0.313989364751052)(0.9266042536777666 + X_0 + X_1 + (2)(X_3) + X_4 - (sqrt(X_0))),15,0.25011823804765815,0.23377068963271005,0.25011823804765815,0.23377068963271005,0.7450326819375042,0.7732206350631574
219,(0.3506209814475052)(X_0 + X_1 + X_3 + sin(X_3) + sin(X_4)),12,0.2728004142026342,0.2522930199254264,0.2728004142026342,0.2522930199254264,0.7219107630114906,0.7552522477194222
220,(0.313989364751052)(0.9266042536777666 + X_0 + X_1 + (2)(X_3) + X_4 - (sqrt(X_0))),15,0.25011823804765815,0.23377068963271005,0.25011823804765815,0.23377068963271005,0.7450326819375042,0.7732206350631574
221,(0.3123036441860385)(X_0 + X_1 + (2)(X_3) + X_4),11,0.27067787485402134,0.2651505657670295,0.27067787485402134,0.2651505657670295,0.7240744523506695,0.7427792294587228
222,(0.31398936475105205)(0.9266042536777948 + X_0 + X_1 + (2)(X_3) + X_4 - (sqrt(X_0))),15,0.2501182380476581,0.233770689632711,0.2501182380476581,0.233770689632711,0.7450326819375044,0.7732206350631565
223,(0.31398936475105227)(0.9266042536778034 + X_0 + X_1 + (2)(X_3) + X_4 - (sqrt(X_0))),15,0.2501182380476581,0.23377068963271116,0.2501182380476581,0.23377068963271116,0.7450326819375044,0.7732206350631564
224,(0.31398936475105205)(0.9266042536777737 + X_0 + X_1 + (2)(X_3) + X_4 - (sqrt(X_0))),15,0.25011823804765815,0.23377068963271022,0.25011823804765815,0.23377068963271022,0.7450326819375042,0.7732206350631573
225,(0.3343893344194384)(X_0 + X_1 + (1.7695575641611194)(X_3) + X_4),11,0.2681277014907864,0.2567897440445142,0.2681277014907864,0.2567897440445142,0.7266740663096265,0.7508900060644692
226,(0.3343893344194386)(X_0 + X_1 + (1.7695575641611152)(X_3) + X_4),11,0.26812770149078646,0.2567897440445142,0.26812770149078646,0.2567897440445142,0.7266740663096265,0.7508900060644691
227,(0.31398936475105205)(0.9266042536777943 + X_0 + X_1 + (2)(X_3) + X_4 - (sqrt(X_0))),15,0.2501182380476581,0.23377068963271092,0.2501182380476581,0.23377068963271092,0.7450326819375044,0.7732206350631566
228,(0.313989364751052)(0.9266042536777874 + X_0 + X_1 + (2)(X_3) + X_4 - (sqrt(X_0))),15,0.25011823804765815,0.23377068963271072,0.25011823804765815,0.23377068963271072,0.7450326819375043,0.7732206350631567
229,(0.33438933441943847)(X_0 + X_1 + (1.7695575641611128)(X_3) + X_4),11,0.26812770149078646,0.2567897440445143,0.26812770149078646,0.2567897440445143,0.7266740663096265,0.750890006064469
230,(0.313989364751052)(0.9266042536777942 + X_0 + X_1 + (2)(X_3) + X_4 - (sqrt(X_0))),15,0.2501182380476581,0.233770689632711,0.2501182380476581,0.233770689632711,0.7450326819375044,0.7732206350631565
231,(0.3343893344194384)(X_0 + X_1 + (1.7695575641611199)(X_3) + X_4),11,0.26812770149078646,0.2567897440445142,0.26812770149078646,0.2567897440445142,0.7266740663096265,0.7508900060644692
232,(0.3343893344194384)(X_0 + X_1 + (1.7695575641611196)(X_3) + X_4),11,0.26812770149078646,0.2567897440445142,0.26812770149078646,0.2567897440445142,0.7266740663096265,0.7508900060644691
233,(0.31398936475105205)(0.926604253677787 + X_0 + X_1 + (2)(X_3) + X_4 - (sqrt(X_0))),15,0.2501182380476581,0.23377068963271064,0.2501182380476581,0.23377068963271064,0.7450326819375044,0.7732206350631569
234,(0.3343893344194384)(X_0 + X_1 + (1.7695575641611196)(X_3) + X_4),11,0.26812770149078646,0.2567897440445142,0.26812770149078646,0.2567897440445142,0.7266740663096265,0.7508900060644691
235,(0.313989364751052)(0.9266042536777942 + X_0 + X_1 + (2)(X_3) + X_4 - (sqrt(X_0))),15,0.2501182380476581,0.233770689632711,0.2501182380476581,0.233770689632711,0.7450326819375044,0.7732206350631565
236,(0.3123036441860356)(X_0 + X_1 + (2)(X_3) + X_4),11,0.27067787485402134,0.2651505657670309,0.27067787485402134,0.2651505657670309,0.7240744523506695,0.7427792294587214
237,(0.3144952763183157)(0.9365359105568447 + X_0 + X_1 + (2)(X_3) + X_4 - (sqrt(X_1))),15,0.24825654160215901,0.24521573703069457,0.24825654160215901,0.24521573703069457,0.7469304713728551,0.7621178719893738
238,(0.313989364751052)(0.9266042536777666 + X_0 + X_1 + (2)(X_3) + X_4 - (sqrt(X_0))),15,0.25011823804765815,0.23377068963271005,0.25011823804765815,0.23377068963271005,0.7450326819375042,0.7732206350631574
239,(0.313989364751052)(0.9266042536777942 + X_0 + X_1 + (2)(X_3) + X_4 - (sqrt(X_0))),15,0.2501182380476581,0.233770689632711,0.2501182380476581,0.233770689632711,0.7450326819375044,0.7732206350631565
240,(0.313989364751052)(0.9266042536778007 + X_0 + X_1 + (2)(X_3) + X_4 - (sqrt(X_0))),15,0.25011823804765815,0.23377068963271116,0.25011823804765815,0.23377068963271116,0.7450326819375043,0.7732206350631564
241,(0.3068131030490287)(X_0 + X_1 + (2)(X_3) + X_4 - (((exp(X_20))^(-1))(-0.8819953196474577 + sqrt(X_0)))),20,0.24995065936643063,0.2503812113335071,0.24995065936643063,0.2503812113335071,0.7452035094919063,0.7571068803041892
242,(0.3343893344194384)(X_0 + X_1 + (1.7695575641611199)(X_3) + X_4),11,0.26812770149078646,0.2567897440445142,0.26812770149078646,0.2567897440445142,0.7266740663096265,0.7508900060644692
243,(0.313989364751052)(0.9266042536777936 + X_0 + X_1 + (2)(X_3) + X_4 - (sqrt(X_0))),15,0.25011823804765815,0.233770689632711,0.25011823804765815,0.233770689632711,0.7450326819375043,0.7732206350631565
244,(0.31230364418603385)(X_0 + X_1 + (2)(X_3) + X_4),11,0.27067787485402134,0.26515056576703183,0.27067787485402134,0.26515056576703183,0.7240744523506695,0.7427792294587205
245,(0.3128440183844149)(1.297389061870144 + X_0 + X_1 + (2)(X_3) + X_4 - (sqrt((2)(X_1)))),16,0.24480534629690004,0.24304850112037546,0.24480534629690004,0.24304850112037546,0.7504485755221577,0.764220292888173
246,(0.3343893344194384)(X_0 + X_1 + (1.7695575641611199)(X_3) + X_4),11,0.26812770149078646,0.2567897440445142,0.26812770149078646,0.2567897440445142,0.7266740663096265,0.7508900060644692
247,(0.313989364751052)(0.9266042536777942 + X_0 + X_1 + (2)(X_3) + X_4 - (sqrt(X_0))),15,0.2501182380476581,0.233770689632711,0.2501182380476581,0.233770689632711,0.7450326819375044,0.7732206350631565
248,(0.33719048540063545)(X_0 + X_1 + X_3 + X_4 + sin(X_3)),11,0.2704858801009382,0.2538006561383119,0.2704858801009382,0.2538006561383119,0.7242701693349958,0.7537897000259918
249,(0.31230364418604184)(X_0 + X_1 + (2)(X_3) + X_4),11,0.2706778748540214,0.26515056576702783,0.2706778748540214,0.26515056576702783,0.7240744523506695,0.7427792294587243
250,(0.3126030396775177)(0.06454580242222373 + X_0 + X_1 + (2)(X_3) + X_4),13,0.27027140785857273,0.2670310438798193,0.27027140785857273,0.2670310438798193,0.72448879958308,0.74095499035986
251,(0.3123036441860356)(X_0 + X_1 + (2)(X_3) + X_4),11,0.27067787485402134,0.2651505657670309,0.27067787485402134,0.2651505657670309,0.7240744523506695,0.7427792294587214
252,(0.313989364751052)(0.9266042536777942 + X_0 + X_1 + (2)(X_3) + X_4 - (sqrt(X_0))),15,0.2501182380476581,0.233770689632711,0.2501182380476581,0.233770689632711,0.7450326819375044,0.7732206350631565
253,(0.31398936475105194)(0.9266042536777945 + X_0 + X_1 + (2)(X_3) + X_4 - (sqrt(X_0))),15,0.2501182380476581,0.233770689632711,0.2501182380476581,0.233770689632711,0.7450326819375044,0.7732206350631565
254,(0.3343893344194384)(X_0 + X_1 + (1.76955756416112)(X_3) + X_4),11,0.26812770149078646,0.25678974404451416,0.26812770149078646,0.25678974404451416,0.7266740663096265,0.7508900060644692
255,(0.3122237435325127)(0.9108432033154378 + X_0 + X_1 + (2)(X_3) + X_4 - (sqrt((X_0)(X_0)))),16,0.24522091328707246,0.22296060127240488,0.24522091328707246,0.22296060127240488,0.7500249518720528,0.7837074286689464
256,(0.313989364751052)(0.9266042536777942 + X_0 + X_1 + (2)(X_3) + X_4 - (sqrt(X_0))),15,0.2501182380476581,0.233770689632711,0.2501182380476581,0.233770689632711,0.7450326819375044,0.7732206350631565
257,(0.313989364751052)(0.9266042536777942 + X_0 + X_1 + (2)(X_3) + X_4 - (sqrt(X_0))),15,0.2501182380476581,0.233770689632711,0.2501182380476581,0.233770689632711,0.7450326819375044,0.7732206350631565
258,(0.3343893344194384)(X_0 + X_1 + (1.769557564161118)(X_3) + X_4),11,0.26812770149078646,0.2567897440445142,0.26812770149078646,0.2567897440445142,0.7266740663096265,0.7508900060644691
259,(0.3052930059539356)(1.4555619024931727 + X_0 + X_1 + (2)(X_3) + X_4 - ((sin(X_0))(sin(X_0)) + sqrt(X_0))),18,0.2500593558231472,0.2242480372756727,0.2500593558231472,0.2242480372756727,0.745092705720585,0.7824584957095723
260,(0.3343893344194384)(X_0 + X_1 + (1.7695575641611154)(X_3) + X_4),11,0.26812770149078646,0.2567897440445142,0.26812770149078646,0.2567897440445142,0.7266740663096265,0.7508900060644691
261,(0.3343893344194384)(X_0 + X_1 + (1.7695575641611199)(X_3) + X_4),11,0.26812770149078646,0.2567897440445142,0.26812770149078646,0.2567897440445142,0.7266740663096265,0.7508900060644692
262,(0.3343893344194384)(X_0 + X_1 + (1.7695575641611196)(X_3) + X_4),11,0.26812770149078646,0.2567897440445142,0.26812770149078646,0.2567897440445142,0.7266740663096265,0.7508900060644691
263,(0.3343893344194384)(X_0 + X_1 + (1.7695575641611199)(X_3) + X_4),11,0.26812770149078646,0.2567897440445142,0.26812770149078646,0.2567897440445142,0.7266740663096265,0.7508900060644692
264,(0.31398936475105205)(0.9266042536777946 + X_0 + X_1 + (2)(X_3) + X_4 - (sqrt(X_0))),15,0.2501182380476581,0.23377068963271092,0.2501182380476581,0.23377068963271092,0.7450326819375044,0.7732206350631566
265,(0.313989364751052)(0.9266042536777666 + X_0 + X_1 + (2)(X_3) + X_4 - (sqrt(X_0))),15,0.25011823804765815,0.23377068963271005,0.25011823804765815,0.23377068963271005,0.7450326819375042,0.7732206350631574
266,(0.313989364751052)(0.9266042536777942 + X_0 + X_1 + (2)(X_3) + X_4 - (sqrt(X_0))),15,0.2501182380476581,0.233770689632711,0.2501182380476581,0.233770689632711,0.7450326819375044,0.7732206350631565
267,(0.31398936475105205)(0.9266042536777905 + X_0 + X_1 + (2)(X_3) + X_4 - (sqrt(X_0))),15,0.2501182380476581,0.2337706896327108,0.2501182380476581,0.2337706896327108,0.7450326819375044,0.7732206350631567
268,(0.313989364751052)(0.9266042536777666 + X_0 + X_1 + (2)(X_3) + X_4 - (sqrt(X_0))),15,0.25011823804765815,0.23377068963271005,0.25011823804765815,0.23377068963271005,0.7450326819375042,0.7732206350631574
269,(0.3123036441860356)(X_0 + X_1 + (2)(X_3) + X_4),11,0.27067787485402134,0.2651505657670309,0.27067787485402134,0.2651505657670309,0.7240744523506695,0.7427792294587214
270,(0.3343893344194384)(X_0 + X_1 + (1.7695575641611132)(X_3) + X_4),11,0.26812770149078646,0.2567897440445143,0.26812770149078646,0.2567897440445143,0.7266740663096265,0.750890006064469
271,(0.3123036441860352)(X_0 + X_1 + (2)(X_3) + X_4),11,0.27067787485402134,0.26515056576703117,0.27067787485402134,0.26515056576703117,0.7240744523506695,0.7427792294587212
272,(0.3347469487922024)(0.061184208821341644 + X_0 + X_1 + (1.7692439589068396)(X_3) + X_4),13,0.26770890869907127,0.2587176631165019,0.26770890869907127,0.2587176631165019,0.7271009783003753,0.7490197448119489
273,(0.313989364751052)(0.9266042536777666 + X_0 + X_1 + (2)(X_3) + X_4 - (sqrt(X_0))),15,0.25011823804765815,0.23377068963271005,0.25011823804765815,0.23377068963271005,0.7450326819375042,0.7732206350631574
274,(0.313989364751052)(0.926604253677794 + X_0 + X_1 + (2)(X_3) + X_4 - (sqrt(X_0))),15,0.2501182380476581,0.233770689632711,0.2501182380476581,0.233770689632711,0.7450326819375044,0.7732206350631565
275,(0.3564187920574626)(X_0 + X_1 + (1.6608908789927241)(X_3) + (0.807858845595347)(X_4)),13,0.26527854564500275,0.2504407723086074,0.26527854564500275,0.2504407723086074,0.729578459169627,0.7570491006050768
276,(-2.4820702032572968e-06)(X_0 + X_1 + (-242544.72272878393)(X_3)),9,0.6084647917796551,0.712900794333489,0.6084647917796551,0.712900794333489,0.37973880950675387,0.30841976102337854
277,(0.3343893344194384)(X_0 + X_1 + (1.7695575641611199)(X_3) + X_4),11,0.26812770149078646,0.2567897440445142,0.26812770149078646,0.2567897440445142,0.7266740663096265,0.7508900060644692
278,(0.3343893344194384)(X_0 + X_1 + (1.7695575641611196)(X_3) + X_4),11,0.26812770149078646,0.2567897440445142,0.26812770149078646,0.2567897440445142,0.7266740663096265,0.7508900060644691
279,(0.3123036441860356)(X_0 + X_1 + (2)(X_3) + X_4),11,0.27067787485402134,0.2651505657670309,0.27067787485402134,0.2651505657670309,0.7240744523506695,0.7427792294587214
280,(0.313989364751052)(0.9266042536777874 + X_0 + X_1 + (2)(X_3) + X_4 - (sqrt(X_0))),15,0.25011823804765815,0.23377068963271072,0.25011823804765815,0.23377068963271072,0.7450326819375043,0.7732206350631567
281,(0.3343893344194384)(X_0 + X_1 + (1.7695575641611196)(X_3) + X_4),11,0.26812770149078646,0.2567897440445142,0.26812770149078646,0.2567897440445142,0.7266740663096265,0.7508900060644691
282,(0.31398936475105205)(0.9266042536777941 + X_0 + X_1 + (2)(X_3) + X_4 - (sqrt(X_0))),15,0.2501182380476581,0.23377068963271092,0.2501182380476581,0.23377068963271092,0.7450326819375044,0.7732206350631566
283,(0.3123036441860356)(X_0 + X_1 + (2)(X_3) + X_4),11,0.27067787485402134,0.2651505657670309,0.27067787485402134,0.2651505657670309,0.7240744523506695,0.7427792294587214
284,(0.313989364751052)(0.926604253677794 + X_0 + X_1 + (2)(X_3) + X_4 - (sqrt(X_0))),15,0.2501182380476581,0.233770689632711,0.2501182380476581,0.233770689632711,0.7450326819375044,0.7732206350631565
285,(0.31230364418603607)(X_0 + X_1 + (2)(X_3) + X_4),11,0.2706778748540214,0.2651505657670307,0.2706778748540214,0.2651505657670307,0.7240744523506695,0.7427792294587215
286,(0.33438933441943836)(X_0 + X_1 + (1.7695575641611163)(X_3) + X_4),11,0.26812770149078646,0.25678974404451427,0.26812770149078646,0.25678974404451427,0.7266740663096265,0.7508900060644691
287,(0.33438933441943836)(X_0 + X_1 + (1.7695575641611212)(X_3) + X_4),11,0.26812770149078646,0.25678974404451416,0.26812770149078646,0.25678974404451416,0.7266740663096265,0.7508900060644692
288,(0.31230364418603485)(X_0 + X_1 + (2)(X_3) + X_4),11,0.2706778748540214,0.26515056576703133,0.2706778748540214,0.26515056576703133,0.7240744523506695,0.742779229458721
289,(0.313989364751052)(0.9266042536777666 + X_0 + X_1 + (2)(X_3) + X_4 - (sqrt(X_0))),15,0.25011823804765815,0.23377068963271005,0.25011823804765815,0.23377068963271005,0.7450326819375042,0.7732206350631574
290,(0.3139893647510521)(0.926604253677795 + X_0 + X_1 + (2)(X_3) + X_4 - (sqrt(X_0))),15,0.2501182380476581,0.23377068963271094,0.2501182380476581,0.23377068963271094,0.7450326819375044,0.7732206350631566
291,(0.3123036441860356)(X_0 + X_1 + (2)(X_3) + X_4),11,0.27067787485402134,0.2651505657670309,0.27067787485402134,0.2651505657670309,0.7240744523506695,0.7427792294587214
292,(0.3343893344194387)(X_0 + X_1 + (1.769557564161112)(X_3) + X_4),11,0.26812770149078646,0.2567897440445142,0.26812770149078646,0.2567897440445142,0.7266740663096265,0.7508900060644691
293,(0.35641879205746274)(X_0 + X_1 + (1.660890878992717)(X_3) + (0.8078588455953559)(X_4)),13,0.26527854564500275,0.25044077230860723,0.26527854564500275,0.25044077230860723,0.729578459169627,0.7570491006050769
294,(0.3343893344194384)(X_0 + X_1 + (1.7695575641611196)(X_3) + X_4),11,0.26812770149078646,0.2567897440445142,0.26812770149078646,0.2567897440445142,0.7266740663096265,0.7508900060644691
295,(0.3126030396775177)(0.06454580242222366 + X_0 + X_1 + (2)(X_3) + X_4),13,0.27027140785857273,0.2670310438798193,0.27027140785857273,0.2670310438798193,0.7244887995830801,0.74095499035986
296,(0.3123036441860334)(X_0 + X_1 + (2)(X_3) + X_4),11,0.27067787485402134,0.26515056576703205,0.27067787485402134,0.26515056576703205,0.7240744523506695,0.7427792294587203
297,(0.31230364418603873)(X_0 + X_1 + (2)(X_3) + X_4),11,0.27067787485402134,0.2651505657670294,0.27067787485402134,0.2651505657670294,0.7240744523506695,0.7427792294587229
298,(0.3343893344194387)(X_0 + X_1 + (1.7695575641610888)(X_3) + X_4),11,0.26812770149078646,0.25678974404451477,0.26812770149078646,0.25678974404451477,0.7266740663096265,0.7508900060644685
299,(0.3122237435325127)(0.9108432033154378 + X_0 + X_1 + (2)(X_3) + X_4 - (sqrt((X_0)(X_0)))),16,0.24522091328707246,0.22296060127240488,0.24522091328707246,0.22296060127240488,0.7500249518720528,0.7837074286689464
300,(0.33438933441943786)(X_0 + X_1 + (1.7695575641610244)(X_3) + X_4),11,0.26812770149078646,0.25678974404451665,0.26812770149078646,0.25678974404451665,0.7266740663096265,0.7508900060644668
301,(0.3139893647510521)(0.9266042536777821 + X_0 + X_1 + (2)(X_3) + X_4 - (sqrt(X_0))),15,0.25011823804765815,0.23377068963271053,0.25011823804765815,0.23377068963271053,0.7450326819375043,0.773220635063157
302,(0.3139893647510518)(0.9266042536777936 + X_0 + X_1 + (2)(X_3) + X_4 - (sqrt(X_0))),15,0.25011823804765815,0.23377068963271103,0.25011823804765815,0.23377068963271103,0.7450326819375042,0.7732206350631565
303,(0.3123036441860356)(X_0 + X_1 + (2)(X_3) + X_4),11,0.27067787485402134,0.2651505657670309,0.27067787485402134,0.2651505657670309,0.7240744523506695,0.7427792294587214
304,(0.313989364751052)(0.9266042536777913 + X_0 + X_1 + (2)(X_3) + X_4 - (sqrt(X_0))),15,0.25011823804765815,0.23377068963271086,0.25011823804765815,0.23377068963271086,0.7450326819375043,0.7732206350631567
305,(0.31398936475105205)(0.9266042536777942 + X_0 + X_1 + (2)(X_3) + X_4 - (sqrt(X_0))),15,0.25011823804765815,0.23377068963271092,0.25011823804765815,0.23377068963271092,0.7450326819375043,0.7732206350631566
306,(0.313989364751052)(0.9266042536777666 + X_0 + X_1 + (2)(X_3) + X_4 - (sqrt(X_0))),15,0.25011823804765815,0.23377068963271005,0.25011823804765815,0.23377068963271005,0.7450326819375042,0.7732206350631574
307,(0.313989364751052)(0.9266042536777942 + X_0 + X_1 + (2)(X_3) + X_4 - (sqrt(X_0))),15,0.2501182380476581,0.233770689632711,0.2501182380476581,0.233770689632711,0.7450326819375044,0.7732206350631565
308,(0.31398936475105227)(0.9266042536778256 + X_0 + X_1 + (2)(X_3) + X_4 - (sqrt(X_0))),15,0.25011823804765815,0.23377068963271183,0.25011823804765815,0.23377068963271183,0.7450326819375043,0.7732206350631557
309,(0.31230364418603607)(X_0 + X_1 + (2)(X_3) + X_4),11,0.2706778748540214,0.2651505657670307,0.2706778748540214,0.2651505657670307,0.7240744523506695,0.7427792294587215
310,(0.31398936475105205)(0.9266042536778043 + X_0 + X_1 + (2)(X_3) + X_4 - (sqrt(X_0))),15,0.25011823804765815,0.23377068963271125,0.25011823804765815,0.23377068963271125,0.7450326819375043,0.7732206350631563
311,(0.3123036441860356)(X_0 + X_1 + (2)(X_3) + X_4),11,0.27067787485402134,0.2651505657670309,0.27067787485402134,0.2651505657670309,0.7240744523506695,0.7427792294587214
312,(0.313989364751052)(0.9266042536777666 + X_0 + X_1 + (2)(X_3) + X_4 - (sqrt(X_0))),15,0.25011823804765815,0.23377068963271005,0.25011823804765815,0.23377068963271005,0.7450326819375042,0.7732206350631574
313,(0.3123036441860365)(X_0 + X_1 + (2)(X_3) + X_4),11,0.27067787485402134,0.2651505657670305,0.27067787485402134,0.2651505657670305,0.7240744523506695,0.7427792294587219
314,(0.31398936475105205)(0.9266042536777943 + X_0 + X_1 + (2)(X_3) + X_4 - (sqrt(X_0))),15,0.2501182380476581,0.23377068963271092,0.2501182380476581,0.23377068963271092,0.7450326819375044,0.7732206350631566
315,(0.3123036441860356)(X_0 + X_1 + (2)(X_3) + X_4),11,0.27067787485402134,0.2651505657670309,0.27067787485402134,0.2651505657670309,0.7240744523506695,0.7427792294587214
316,(0.313989364751052)(0.9266042536777984 + X_0 + X_1 + (2)(X_3) + X_4 - (sqrt(X_0))),15,0.2501182380476581,0.23377068963271116,0.2501182380476581,0.23377068963271116,0.7450326819375044,0.7732206350631564
317,(0.31230364418603074)(X_0 + X_1 + (2)(X_3) + X_4),11,0.27067787485402134,0.2651505657670334,0.27067787485402134,0.2651505657670334,0.7240744523506695,0.742779229458719
318,(0.3139893647510517)(0.9266042536777928 + X_0 + X_1 + (2)(X_3) + X_4 - (sqrt(X_0))),15,0.25011823804765815,0.23377068963271108,0.25011823804765815,0.23377068963271108,0.7450326819375043,0.7732206350631565
319,(0.31910551747509874)(X_0 + (1.1378920541408424)(X_1) + (1.851131322111356)(X_3) + X_4),13,0.26690399081517185,0.25942175298075243,0.26690399081517185,0.25942175298075243,0.727921501248723,0.7483367119966542
320,(0.313989364751052)(0.9266042536777666 + X_0 + X_1 + (2)(X_3) + X_4 - (sqrt(X_0))),15,0.25011823804765815,0.23377068963271005,0.25011823804765815,0.23377068963271005,0.7450326819375042,0.7732206350631574
321,(0.31398936475105205)(0.9266042536777821 + X_0 + X_1 + (2)(X_3) + X_4 - (sqrt(X_0))),15,0.25011823804765815,0.23377068963271053,0.25011823804765815,0.23377068963271053,0.7450326819375043,0.773220635063157
322,(0.31230364418603873)(X_0 + X_1 + (2)(X_3) + X_4),11,0.27067787485402134,0.2651505657670294,0.27067787485402134,0.2651505657670294,0.7240744523506695,0.7427792294587229
323,(0.31398936475105194)(0.926604253677779 + X_0 + X_1 + (2)(X_3) + X_4 - (sqrt(X_0))),15,0.25011823804765815,0.23377068963271047,0.25011823804765815,0.23377068963271047,0.7450326819375043,0.7732206350631571
324,(0.3123036441860396)(X_0 + X_1 + (2)(X_3) + X_4),11,0.27067787485402134,0.26515056576702895,0.27067787485402134,0.26515056576702895,0.7240744523506695,0.7427792294587233
325,(0.3123036441860352)(X_0 + X_1 + (2)(X_3) + X_4),11,0.27067787485402134,0.26515056576703117,0.27067787485402134,0.26515056576703117,0.7240744523506695,0.7427792294587212
326,(0.313989364751052)(0.9266042536777666 + X_0 + X_1 + (2)(X_3) + X_4 - (sqrt(X_0))),15,0.25011823804765815,0.23377068963271005,0.25011823804765815,0.23377068963271005,0.7450326819375042,0.7732206350631574
327,(0.313989364751052)(0.9266042536777666 + X_0 + X_1 + (2)(X_3) + X_4 - (sqrt(X_0))),15,0.25011823804765815,0.23377068963271005,0.25011823804765815,0.23377068963271005,0.7450326819375042,0.7732206350631574
328,(0.31398936475105205)(0.9266042536777934 + X_0 + X_1 + (2)(X_3) + X_4 - (sqrt(X_0))),15,0.25011823804765815,0.23377068963271092,0.25011823804765815,0.23377068963271092,0.7450326819375042,0.7732206350631566
329,(0.35641879205746274)(X_0 + X_1 + (1.660890878992717)(X_3) + (0.8078588455953559)(X_4)),13,0.26527854564500275,0.25044077230860723,0.26527854564500275,0.25044077230860723,0.729578459169627,0.7570491006050769
330,(0.3144952763183157)(0.9365359105568346 + X_0 + X_1 + (2)(X_3) + X_4 - (sqrt(X_1))),15,0.24825654160215901,0.24521573703069416,0.24825654160215901,0.24521573703069416,0.7469304713728551,0.7621178719893742
331,(0.3123036441860405)(X_0 + X_1 + (2)(X_3) + X_4),11,0.2706778748540214,0.2651505657670285,0.2706778748540214,0.2651505657670285,0.7240744523506695,0.7427792294587238
332,(0.32029585471803534)(-0.06429170337536916 + X_0 + X_1 + (X_2)(X_2) + (2)(X_3) + X_4 - (sqrt(X_0))),18,0.17164673132485386,0.15319819432598927,0.17164673132485386,0.15319819432598927,0.8250255275996594,0.8513834678192369
333,(0.33438933441943847)(X_0 + X_1 + (1.7695575641611196)(X_3) + X_4),11,0.26812770149078646,0.25678974404451416,0.26812770149078646,0.25678974404451416,0.7266740663096265,0.7508900060644692
334,(0.313989364751052)(0.9266042536777942 + X_0 + X_1 + (2)(X_3) + X_4 - (sqrt(X_0))),15,0.2501182380476581,0.233770689632711,0.2501182380476581,0.233770689632711,0.7450326819375044,0.7732206350631565
335,(0.313989364751052)(0.9266042536777666 + X_0 + X_1 + (2)(X_3) + X_4 - (sqrt(X_0))),15,0.25011823804765815,0.23377068963271005,0.25011823804765815,0.23377068963271005,0.7450326819375042,0.7732206350631574
336,(0.313989364751052)(0.9266042536777666 + X_0 + X_1 + (2)(X_3) + X_4 - (sqrt(X_0))),15,0.25011823804765815,0.23377068963271005,0.25011823804765815,0.23377068963271005,0.7450326819375042,0.7732206350631574
337,(0.3371904854006331)(X_0 + X_1 + X_3 + X_4 + sin(X_3)),11,0.27048588010093827,0.253800656138313,0.27048588010093827,0.253800656138313,0.7242701693349958,0.7537897000259908
338,(0.313989364751052)(0.9266042536777666 + X_0 + X_1 + (2)(X_3) + X_4 - (sqrt(X_0))),15,0.25011823804765815,0.23377068963271005,0.25011823804765815,0.23377068963271005,0.7450326819375042,0.7732206350631574
339,(0.31398936475105205)(0.926604253677792 + X_0 + X_1 + (2)(X_3) + X_4 - (sqrt(X_0))),15,0.25011823804765815,0.23377068963271086,0.25011823804765815,0.23377068963271086,0.7450326819375043,0.7732206350631567
340,(0.31230364418603074)(X_0 + X_1 + (2)(X_3) + X_4),11,0.27067787485402134,0.2651505657670334,0.27067787485402134,0.2651505657670334,0.7240744523506695,0.742779229458719
341,(0.313989364751052)(0.9266042536777942 + X_0 + X_1 + (2)(X_3) + X_4 - (sqrt(X_0))),15,0.2501182380476581,0.233770689632711,0.2501182380476581,0.233770689632711,0.7450326819375044,0.7732206350631565
342,(0.3343893344194384)(X_0 + X_1 + (1.7695575641611199)(X_3) + X_4),11,0.26812770149078646,0.2567897440445142,0.26812770149078646,0.2567897440445142,0.7266740663096265,0.7508900060644692
343,(0.313989364751052)(0.9266042536777942 + X_0 + X_1 + (2)(X_3) + X_4 - (sqrt(X_0))),15,0.2501182380476581,0.233770689632711,0.2501182380476581,0.233770689632711,0.7450326819375044,0.7732206350631565
344,(0.3139893647510515)(0.9266042536777856 + X_0 + X_1 + (2)(X_3) + X_4 - (sqrt(X_0))),15,0.25011823804765815,0.23377068963271094,0.25011823804765815,0.23377068963271094,0.7450326819375043,0.7732206350631566
345,(0.33438933441943836)(X_0 + X_1 + (1.7695575641611148)(X_3) + X_4),11,0.26812770149078646,0.2567897440445143,0.26812770149078646,0.2567897440445143,0.7266740663096265,0.750890006064469
346,(0.313989364751052)(0.9266042536777942 + X_0 + X_1 + (2)(X_3) + X_4 - (sqrt(X_0))),15,0.2501182380476581,0.233770689632711,0.2501182380476581,0.233770689632711,0.7450326819375044,0.7732206350631565
347,(0.313989364751052)(0.9266042536777666 + X_0 + X_1 + (2)(X_3) + X_4 - (sqrt(X_0))),15,0.25011823804765815,0.23377068963271005,0.25011823804765815,0.23377068963271005,0.7450326819375042,0.7732206350631574
348,(0.3343893344194384)(X_0 + X_1 + (1.7695575641611196)(X_3) + X_4),11,0.26812770149078646,0.2567897440445142,0.26812770149078646,0.2567897440445142,0.7266740663096265,0.7508900060644691
349,(0.31398936475105194)(0.9266042536777905 + X_0 + X_1 + (2)(X_3) + X_4 - (sqrt(X_0))),15,0.25011823804765815,0.23377068963271086,0.25011823804765815,0.23377068963271086,0.7450326819375043,0.7732206350631567
350,(0.3123036441860272)(X_0 + X_1 + (2)(X_3) + X_4),11,0.27067787485402134,0.2651505657670352,0.27067787485402134,0.2651505657670352,0.7240744523506695,0.7427792294587172
351,(0.3343893344194384)(X_0 + X_1 + (1.7695575641611196)(X_3) + X_4),11,0.26812770149078646,0.2567897440445142,0.26812770149078646,0.2567897440445142,0.7266740663096265,0.7508900060644691
352,(0.313989364751052)(0.9266042536777942 + X_0 + X_1 + (2)(X_3) + X_4 - (sqrt(X_0))),15,0.2501182380476581,0.233770689632711,0.2501182380476581,0.233770689632711,0.7450326819375044,0.7732206350631565
353,(0.313989364751052)(0.9266042536777943 + X_0 + X_1 + (2)(X_3) + X_4 - (sqrt(X_0))),15,0.2501182380476581,0.233770689632711,0.2501182380476581,0.233770689632711,0.7450326819375044,0.7732206350631565
354,(0.31398936475105205)(0.9266042536778825 + X_0 + X_1 + (2)(X_3) + X_4 - (sqrt(X_0))),15,0.25011823804765815,0.23377068963271389,0.25011823804765815,0.23377068963271389,0.7450326819375043,0.7732206350631537
355,(0.3343893344194384)(X_0 + X_1 + (1.7695575641611212)(X_3) + X_4),11,0.26812770149078646,0.25678974404451416,0.26812770149078646,0.25678974404451416,0.7266740663096265,0.7508900060644692
356,(0.3123036441860356)(X_0 + X_1 + (2)(X_3) + X_4),11,0.27067787485402134,0.2651505657670309,0.27067787485402134,0.2651505657670309,0.7240744523506695,0.7427792294587214
357,(0.3343893344194384)(X_0 + X_1 + (1.7695575641611199)(X_3) + X_4),11,0.26812770149078646,0.2567897440445142,0.26812770149078646,0.2567897440445142,0.7266740663096265,0.7508900060644692
358,(0.31230364418603074)(X_0 + X_1 + (2)(X_3) + X_4),11,0.27067787485402134,0.2651505657670334,0.27067787485402134,0.2651505657670334,0.7240744523506695,0.742779229458719
359,(0.33438933441943836)(X_0 + X_1 + (1.769557564161125)(X_3) + X_4),11,0.26812770149078646,0.2567897440445141,0.26812770149078646,0.2567897440445141,0.7266740663096265,0.7508900060644692
360,(0.3343893344194386)(X_0 + X_1 + (1.7695575641611152)(X_3) + X_4),11,0.26812770149078646,0.2567897440445142,0.26812770149078646,0.2567897440445142,0.7266740663096265,0.7508900060644691
361,(0.3123036441860356)(X_0 + X_1 + (2)(X_3) + X_4),11,0.27067787485402134,0.2651505657670309,0.27067787485402134,0.2651505657670309,0.7240744523506695,0.7427792294587214
362,(0.31398936475105227)(0.9266042536777941 + X_0 + X_1 + (2)(X_3) + X_4 - (sqrt(X_0))),15,0.2501182380476581,0.23377068963271078,0.2501182380476581,0.23377068963271078,0.7450326819375044,0.7732206350631567
363,(0.31230364418603607)(X_0 + X_1 + (2)(X_3) + X_4),11,0.2706778748540214,0.2651505657670307,0.2706778748540214,0.2651505657670307,0.7240744523506695,0.7427792294587215
364,(0.3123036441860356)(X_0 + X_1 + (2)(X_3) + X_4),11,0.27067787485402134,0.2651505657670309,0.27067787485402134,0.2651505657670309,0.7240744523506695,0.7427792294587214
365,(0.31398936475105205)(0.9266042536777925 + X_0 + X_1 + (2)(X_3) + X_4 - (sqrt(X_0))),15,0.2501182380476581,0.23377068963271092,0.2501182380476581,0.23377068963271092,0.7450326819375044,0.7732206350631566
366,(0.3139893647510521)(0.9266042536777925 + X_0 + X_1 + (2)(X_3) + X_4 - (sqrt(X_0))),15,0.2501182380476581,0.23377068963271092,0.2501182380476581,0.23377068963271092,0.7450326819375044,0.7732206350631566
367,(0.313989364751052)(0.9266042536777666 + X_0 + X_1 + (2)(X_3) + X_4 - (sqrt(X_0))),15,0.25011823804765815,0.23377068963271005,0.25011823804765815,0.23377068963271005,0.7450326819375042,0.7732206350631574
368,(0.31398936475105216)(0.9266042536777572 + X_0 + X_1 + (2)(X_3) + X_4 - (sqrt(X_0))),15,0.25011823804765815,0.23377068963270964,0.25011823804765815,0.23377068963270964,0.7450326819375043,0.7732206350631579
369,(0.313989364751052)(0.9266042536777942 + X_0 + X_1 + (2)(X_3) + X_4 - (sqrt(X_0))),15,0.2501182380476581,0.233770689632711,0.2501182380476581,0.233770689632711,0.7450326819375044,0.7732206350631565
370,(0.3139893647510519)(0.9266042536778043 + X_0 + X_1 + (2)(X_3) + X_4 - (sqrt(X_0))),15,0.25011823804765815,0.23377068963271133,0.25011823804765815,0.23377068963271133,0.7450326819375042,0.7732206350631563
371,(0.3540218740290412)(X_1 + (1.6307286523933886)(X_3) + X_4 + (X_0)(sqrt(X_8))),14,0.2685636245437765,0.26981866888629896,0.2685636245437765,0.26981866888629896,0.726229691950643,0.7382507341947917
372,(0.3343893344194384)(X_0 + X_1 + (1.7695575641611199)(X_3) + X_4),11,0.26812770149078646,0.2567897440445142,0.26812770149078646,0.2567897440445142,0.7266740663096265,0.7508900060644692
373,(0.3343893344194384)(X_0 + X_1 + (1.7695575641611199)(X_3) + X_4),11,0.26812770149078646,0.2567897440445142,0.26812770149078646,0.2567897440445142,0.7266740663096265,0.7508900060644692
374,(0.31230364418603607)(X_0 + X_1 + (2)(X_3) + X_4),11,0.2706778748540214,0.2651505657670307,0.2706778748540214,0.2651505657670307,0.7240744523506695,0.7427792294587215
375,(0.3139893647510521)(0.9266042536777834 + X_0 + X_1 + (2)(X_3) + X_4 - (sqrt(X_0))),15,0.25011823804765815,0.23377068963271055,0.25011823804765815,0.23377068963271055,0.7450326819375043,0.773220635063157
376,(0.3139893647510522)(0.9266042536778027 + X_0 + X_1 + (2)(X_3) + X_4 - (sqrt(X_0))),15,0.25011823804765815,0.2337706896327111,0.25011823804765815,0.2337706896327111,0.7450326819375043,0.7732206350631564
377,(0.313989364751052)(0.9266042536777942 + X_0 + X_1 + (2)(X_3) + X_4 - (sqrt(X_0))),15,0.2501182380476581,0.233770689632711,0.2501182380476581,0.233770689632711,0.7450326819375044,0.7732206350631565
378,(0.3123036441860356)(X_0 + X_1 + (2)(X_3) + X_4),11,0.27067787485402134,0.2651505657670309,0.27067787485402134,0.2651505657670309,0.7240744523506695,0.7427792294587214
379,(0.313989364751052)(0.9266042536777942 + X_0 + X_1 + (2)(X_3) + X_4 - (sqrt(X_0))),15,0.2501182380476581,0.233770689632711,0.2501182380476581,0.233770689632711,0.7450326819375044,0.7732206350631565
380,(0.31230364418603074)(X_0 + X_1 + (2)(X_3) + X_4),11,0.27067787485402134,0.2651505657670334,0.27067787485402134,0.2651505657670334,0.7240744523506695,0.742779229458719
381,(0.31398936475105205)(0.9266042536777943 + X_0 + X_1 + (2)(X_3) + X_4 - (sqrt(X_0))),15,0.2501182380476581,0.23377068963271092,0.2501182380476581,0.23377068963271092,0.7450326819375044,0.7732206350631566
382,(0.3371904854006351)(X_0 + X_1 + X_3 + X_4 + sin(X_3)),11,0.2704858801009382,0.25380065613831204,0.2704858801009382,0.25380065613831204,0.7242701693349958,0.7537897000259917
383,(0.3343893344194384)(X_0 + X_1 + (1.7695575641611199)(X_3) + X_4),11,0.26812770149078646,0.2567897440445142,0.26812770149078646,0.2567897440445142,0.7266740663096265,0.7508900060644692
384,(0.33438933441943824)(X_0 + X_1 + (1.7695575641611208)(X_3) + X_4),11,0.26812770149078646,0.2567897440445142,0.26812770149078646,0.2567897440445142,0.7266740663096265,0.7508900060644691
385,(0.313989364751052)(0.9266042536777942 + X_0 + X_1 + (2)(X_3) + X_4 - (sqrt(X_0))),15,0.2501182380476581,0.233770689632711,0.2501182380476581,0.233770689632711,0.7450326819375044,0.7732206350631565
386,(0.3123036441860352)(X_0 + X_1 + (2)(X_3) + X_4),11,0.27067787485402134,0.26515056576703117,0.27067787485402134,0.26515056576703117,0.7240744523506695,0.7427792294587212
387,(0.31230364418603385)(X_0 + X_1 + (2)(X_3) + X_4),11,0.27067787485402134,0.26515056576703183,0.27067787485402134,0.26515056576703183,0.7240744523506695,0.7427792294587205
388,(0.3123036441860356)(X_0 + X_1 + (2)(X_3) + X_4),11,0.27067787485402134,0.2651505657670309,0.27067787485402134,0.2651505657670309,0.7240744523506695,0.7427792294587214
389,(0.31230364418603684)(X_0 + X_1 + (2)(X_3) + X_4),11,0.2706778748540214,0.26515056576703033,0.2706778748540214,0.26515056576703033,0.7240744523506695,0.7427792294587219
390,(0.3123036441860363)(X_0 + X_1 + (2)(X_3) + X_4),11,0.27067787485402134,0.26515056576703055,0.27067787485402134,0.26515056576703055,0.7240744523506695,0.7427792294587217
391,(0.313989364751052)(0.9266042536777666 + X_0 + X_1 + (2)(X_3) + X_4 - (sqrt(X_0))),15,0.25011823804765815,0.23377068963271005,0.25011823804765815,0.23377068963271005,0.7450326819375042,0.7732206350631574
392,(0.33474694879220235)(0.06118420882134164 + X_0 + X_1 + (1.76924395890684)(X_3) + X_4),13,0.2677089086990712,0.2587176631165019,0.2677089086990712,0.2587176631165019,0.7271009783003755,0.7490197448119489
393,(0.31398936475105155)(0.9266042536778185 + X_0 + X_1 + (2)(X_3) + X_4 - (sqrt(X_0))),15,0.25011823804765815,0.233770689632712,0.25011823804765815,0.233770689632712,0.7450326819375043,0.7732206350631556
394,(0.3123036441860312)(X_0 + X_1 + (2)(X_3) + X_4),11,0.27067787485402134,0.2651505657670331,0.27067787485402134,0.2651505657670331,0.7240744523506695,0.7427792294587192
395,(0.3123036441860254)(X_0 + X_1 + (2)(X_3) + X_4),11,0.27067787485402134,0.2651505657670361,0.27067787485402134,0.2651505657670361,0.7240744523506695,0.7427792294587163
396,(0.313989364751052)(0.9266042536777666 + X_0 + X_1 + (2)(X_3) + X_4 - (sqrt(X_0))),15,0.25011823804765815,0.23377068963271005,0.25011823804765815,0.23377068963271005,0.7450326819375042,0.7732206350631574
397,(0.3343893344194384)(X_0 + X_1 + (1.7695575641611216)(X_3) + X_4),11,0.26812770149078646,0.25678974404451416,0.26812770149078646,0.25678974404451416,0.7266740663096265,0.7508900060644692
398,(0.35641879205746274)(X_0 + X_1 + (1.660890878992717)(X_3) + (0.8078588455953559)(X_4)),13,0.26527854564500275,0.25044077230860723,0.26527854564500275,0.25044077230860723,0.729578459169627,0.7570491006050769
399,(0.313989364751052)(0.9266042536777942 + X_0 + X_1 + (2)(X_3) + X_4 - (sqrt(X_0))),15,0.2501182380476581,0.233770689632711,0.2501182380476581,0.233770689632711,0.7450326819375044,0.7732206350631565
400,(0.313989364751052)(0.9266042536777666 + X_0 + X_1 + (2)(X_3) + X_4 - (sqrt(X_0))),15,0.25011823804765815,0.23377068963271005,0.25011823804765815,0.23377068963271005,0.7450326819375042,0.7732206350631574
401,(0.3144952763183157)(0.9365359105568339 + X_0 + X_1 + (2)(X_3) + X_4 - (sqrt(X_1))),15,0.24825654160215901,0.2452157370306942,0.24825654160215901,0.2452157370306942,0.7469304713728551,0.7621178719893742
402,(0.3139893647510517)(0.9266042536777173 + X_0 + X_1 + (2)(X_3) + X_4 - (sqrt(X_0))),15,0.2501182380476581,0.2337706896327086,0.2501182380476581,0.2337706896327086,0.7450326819375044,0.7732206350631589
403,(0.313989364751052)(0.9266042536777942 + X_0 + X_1 + (2)(X_3) + X_4 - (sqrt(X_0))),15,0.2501182380476581,0.233770689632711,0.2501182380476581,0.233770689632711,0.7450326819375044,0.7732206350631565
404,(0.313989364751052)(0.9266042536777942 + X_0 + X_1 + (2)(X_3) + X_4 - (sqrt(X_0))),15,0.2501182380476581,0.233770689632711,0.2501182380476581,0.233770689632711,0.7450326819375044,0.7732206350631565
405,(0.3123036441860303)(X_0 + X_1 + (2)(X_3) + X_4),11,0.27067787485402134,0.2651505657670336,0.27067787485402134,0.2651505657670336,0.7240744523506695,0.7427792294587188
406,(0.33438933441943836)(X_0 + X_1 + (1.7695575641611265)(X_3) + X_4),11,0.26812770149078646,0.25678974404451405,0.26812770149078646,0.25678974404451405,0.7266740663096265,0.7508900060644692
407,(0.3343893344194384)(X_0 + X_1 + (1.7695575641611199)(X_3) + X_4),11,0.26812770149078646,0.2567897440445142,0.26812770149078646,0.2567897440445142,0.7266740663096265,0.7508900060644692
408,(0.3123036441860356)(X_0 + X_1 + (2)(X_3) + X_4),11,0.27067787485402134,0.2651505657670309,0.27067787485402134,0.2651505657670309,0.7240744523506695,0.7427792294587214
409,(0.31230364418603496)(X_0 + X_1 + (2)(X_3) + X_4),11,0.27067787485402134,0.2651505657670313,0.27067787485402134,0.2651505657670313,0.7240744523506695,0.742779229458721
410,(0.31398936475105205)(0.9266042536778054 + X_0 + X_1 + (2)(X_3) + X_4 - (sqrt(X_0))),15,0.25011823804765815,0.23377068963271133,0.25011823804765815,0.23377068963271133,0.7450326819375043,0.7732206350631563
411,(0.3343893344194384)(X_0 + X_1 + (1.7695575641611196)(X_3) + X_4),11,0.26812770149078646,0.2567897440445142,0.26812770149078646,0.2567897440445142,0.7266740663096265,0.7508900060644691
412,(0.3123036441860356)(X_0 + X_1 + (2)(X_3) + X_4),11,0.27067787485402134,0.2651505657670309,0.27067787485402134,0.2651505657670309,0.7240744523506695,0.7427792294587214
413,(0.313989364751052)(0.9266042536777666 + X_0 + X_1 + (2)(X_3) + X_4 - (sqrt(X_0))),15,0.25011823804765815,0.23377068963271005,0.25011823804765815,0.23377068963271005,0.7450326819375042,0.7732206350631574
414,(0.31398936475105205)(0.9266042536778087 + X_0 + X_1 + (2)(X_3) + X_4 - (sqrt(X_0))),15,0.2501182380476581,0.23377068963271141,0.2501182380476581,0.23377068963271141,0.7450326819375044,0.7732206350631562
415,(0.313989364751052)(0.9266042536777942 + X_0 + X_1 + (2)(X_3) + X_4 - (sqrt(X_0))),15,0.2501182380476581,0.233770689632711,0.2501182380476581,0.233770689632711,0.7450326819375044,0.7732206350631565
416,(0.3123036441860414)(X_0 + X_1 + (2)(X_3) + X_4),11,0.27067787485402134,0.265150565767028,0.27067787485402134,0.265150565767028,0.7240744523506695,0.7427792294587242
417,(0.3343893344194384)(X_0 + X_1 + (1.7695575641611199)(X_3) + X_4),11,0.26812770149078646,0.2567897440445142,0.26812770149078646,0.2567897440445142,0.7266740663096265,0.7508900060644692
418,(0.31398936475105205)(0.9266042536777943 + X_0 + X_1 + (2)(X_3) + X_4 - (sqrt(X_0))),15,0.2501182380476581,0.23377068963271092,0.2501182380476581,0.23377068963271092,0.7450326819375044,0.7732206350631566
419,(0.31284401838441506)(1.2973890618701422 + X_0 + X_1 + (2)(X_3) + X_4 - (sqrt((2)(X_1)))),16,0.24480534629690004,0.2430485011203753,0.24480534629690004,0.2430485011203753,0.7504485755221577,0.7642202928881731
420,(0.313989364751052)(0.9266042536778101 + X_0 + X_1 + (2)(X_3) + X_4 - (sqrt(X_0))),15,0.2501182380476581,0.2337706896327115,0.2501182380476581,0.2337706896327115,0.7450326819375044,0.7732206350631561
421,(0.3564187920574628)(X_0 + X_1 + (1.6608908789927224)(X_3) + (0.8078588455953644)(X_4)),13,0.2652785456450027,0.25044077230860684,0.2652785456450027,0.25044077230860684,0.7295784591696272,0.7570491006050774
422,(0.313989364751052)(0.9266042536777666 + X_0 + X_1 + (2)(X_3) + X_4 - (sqrt(X_0))),15,0.25011823804765815,0.23377068963271005,0.25011823804765815,0.23377068963271005,0.7450326819375042,0.7732206350631574
423,(0.3343893344194385)(X_0 + X_1 + (1.769557564161123)(X_3) + X_4),11,0.26812770149078646,0.25678974404451405,0.26812770149078646,0.25678974404451405,0.7266740663096265,0.7508900060644692
424,(0.313989364751052)(0.9266042536777666 + X_0 + X_1 + (2)(X_3) + X_4 - (sqrt(X_0))),15,0.25011823804765815,0.23377068963271005,0.25011823804765815,0.23377068963271005,0.7450326819375042,0.7732206350631574
425,(0.33719048540063484)(X_0 + X_1 + X_3 + X_4 + sin(X_3)),11,0.2704858801009382,0.2538006561383122,0.2704858801009382,0.2538006561383122,0.7242701693349958,0.7537897000259914
426,(0.31398936475105194)(0.9266042536777939 + X_0 + X_1 + (2)(X_3) + X_4 - (sqrt(X_0))),15,0.2501182380476581,0.233770689632711,0.2501182380476581,0.233770689632711,0.7450326819375044,0.7732206350631565
427,(0.31398936475105194)(0.9266042536777928 + X_0 + X_1 + (2)(X_3) + X_4 - (sqrt(X_0))),15,0.2501182380476581,0.233770689632711,0.2501182380476581,0.233770689632711,0.7450326819375044,0.7732206350631565
428,(0.33438933441943847)(X_0 + X_1 + X_3 + (0.7695575641611101)(X_3) + X_4),12,0.26812770149078646,0.2567897440445144,0.26812770149078646,0.2567897440445144,0.7266740663096265,0.750890006064469
429,(0.3343893344194386)(X_0 + X_1 + (1.7695575641611558)(X_3) + X_4),11,0.26812770149078646,0.25678974404451327,0.26812770149078646,0.25678974404451327,0.7266740663096265,0.7508900060644701
430,(0.3139893647510517)(0.9266042536777821 + X_0 + X_1 + (2)(X_3) + X_4 - (sqrt(X_0))),15,0.25011823804765815,0.23377068963271072,0.25011823804765815,0.23377068963271072,0.7450326819375043,0.7732206350631567
431,(0.313989364751052)(0.9266042536777666 + X_0 + X_1 + (2)(X_3) + X_4 - (sqrt(X_0))),15,0.25011823804765815,0.23377068963271005,0.25011823804765815,0.23377068963271005,0.7450326819375042,0.7732206350631574
432,(0.31230364418603485)(X_0 + X_1 + (2)(X_3) + X_4),11,0.2706778748540214,0.26515056576703133,0.2706778748540214,0.26515056576703133,0.7240744523506695,0.742779229458721
433,(0.3343893344194384)(X_0 + X_1 + (1.7695575641611199)(X_3) + X_4),11,0.26812770149078646,0.2567897440445142,0.26812770149078646,0.2567897440445142,0.7266740663096265,0.7508900060644692
434,(0.313989364751052)(0.9266042536777942 + X_0 + X_1 + (2)(X_3) + X_4 - (sqrt(X_0))),15,0.2501182380476581,0.233770689632711,0.2501182380476581,0.233770689632711,0.7450326819375044,0.7732206350631565
435,(0.3123036441860356)(X_0 + X_1 + (2)(X_3) + X_4),11,0.27067787485402134,0.2651505657670309,0.27067787485402134,0.2651505657670309,0.7240744523506695,0.7427792294587214
436,(0.31398936475105227)(0.9266042536778256 + X_0 + X_1 + (2)(X_3) + X_4 - (sqrt(X_0))),15,0.25011823804765815,0.23377068963271183,0.25011823804765815,0.23377068963271183,0.7450326819375043,0.7732206350631557
437,(0.3343893344194384)(X_0 + X_1 + (1.7695575641611199)(X_3) + X_4),11,0.26812770149078646,0.2567897440445142,0.26812770149078646,0.2567897440445142,0.7266740663096265,0.7508900060644692
438,(0.31398936475105205)(0.9266042536777941 + X_0 + X_1 + (2)(X_3) + X_4 - (sqrt(X_0))),15,0.2501182380476581,0.23377068963271092,0.2501182380476581,0.23377068963271092,0.7450326819375044,0.7732206350631566
439,(0.313989364751052)(0.926604253677782 + X_0 + X_1 + (2)(X_3) + X_4 - (sqrt(X_0))),15,0.25011823804765815,0.23377068963271055,0.25011823804765815,0.23377068963271055,0.7450326819375043,0.773220635063157
440,(0.3343893344194382)(X_0 + X_1 + (1.7695575641611199)(X_3) + X_4),11,0.26812770149078646,0.25678974404451427,0.26812770149078646,0.25678974404451427,0.7266740663096265,0.7508900060644691
441,(0.313989364751052)(0.9266042536777666 + X_0 + X_1 + (2)(X_3) + X_4 - (sqrt(X_0))),15,0.25011823804765815,0.23377068963271005,0.25011823804765815,0.23377068963271005,0.7450326819375042,0.7732206350631574
442,(0.3343893344194384)(X_0 + X_1 + (1.7695575641611256)(X_3) + X_4),11,0.26812770149078646,0.25678974404451405,0.26812770149078646,0.25678974404451405,0.7266740663096265,0.7508900060644692
443,(0.313989364751052)(0.9266042536777942 + X_0 + X_1 + (2)(X_3) + X_4 - (sqrt(X_0))),15,0.2501182380476581,0.233770689632711,0.2501182380476581,0.233770689632711,0.7450326819375044,0.7732206350631565
444,(0.3564187920574628)(X_0 + X_1 + (1.660890878992729)(X_3) + (0.8078588455953436)(X_4)),13,0.26527854564500275,0.2504407723086074,0.26527854564500275,0.2504407723086074,0.729578459169627,0.7570491006050768
445,(0.3123036441860356)(X_0 + X_1 + (2)(X_3) + X_4),11,0.27067787485402134,0.2651505657670309,0.27067787485402134,0.2651505657670309,0.7240744523506695,0.7427792294587214
446,(0.31398936475105227)(0.9266042536777608 + X_0 + X_1 + (2)(X_3) + X_4 - (sqrt(X_0))),15,0.25011823804765815,0.23377068963270972,0.25011823804765815,0.23377068963270972,0.7450326819375043,0.7732206350631579
447,(0.35641879205746274)(X_0 + X_1 + (1.660890878992717)(X_3) + (0.8078588455953559)(X_4)),13,0.26527854564500275,0.25044077230860723,0.26527854564500275,0.25044077230860723,0.729578459169627,0.7570491006050769
448,(0.3123036441860383)(X_0 + X_1 + (2)(X_3) + X_4),11,0.2706778748540214,0.2651505657670296,0.2706778748540214,0.2651505657670296,0.7240744523506695,0.7427792294587227
449,(0.313989364751052)(0.9266042536777666 + X_0 + X_1 + (2)(X_3) + X_4 - (sqrt(X_0))),15,0.25011823804765815,0.23377068963271005,0.25011823804765815,0.23377068963271005,0.7450326819375042,0.7732206350631574
450,(0.3139893647510518)(0.9266042536777972 + X_0 + X_1 + (2)(X_3) + X_4 - (sqrt(X_0))),15,0.25011823804765815,0.23377068963271116,0.25011823804765815,0.23377068963271116,0.7450326819375042,0.7732206350631564
451,(0.313989364751052)(0.9266042536777666 + X_0 + X_1 + (2)(X_3) + X_4 - (sqrt(X_0))),15,0.25011823804765815,0.23377068963271005,0.25011823804765815,0.23377068963271005,0.7450326819375042,0.7732206350631574
452,(0.3123036441860356)(X_0 + X_1 + (2)(X_3) + X_4),11,0.27067787485402134,0.2651505657670309,0.27067787485402134,0.2651505657670309,0.7240744523506695,0.7427792294587214
453,(0.3139893647510518)(0.9266042536777699 + X_0 + X_1 + (2)(X_3) + X_4 - (sqrt(X_0))),15,0.2501182380476581,0.23377068963271022,0.2501182380476581,0.23377068963271022,0.7450326819375044,0.7732206350631573
454,(0.3123036441860356)(X_0 + X_1 + (2)(X_3) + X_4),11,0.27067787485402134,0.2651505657670309,0.27067787485402134,0.2651505657670309,0.7240744523506695,0.7427792294587214
455,(0.3343893344194384)(X_0 + X_1 + (1.7695575641611196)(X_3) + X_4),11,0.26812770149078646,0.2567897440445142,0.26812770149078646,0.2567897440445142,0.7266740663096265,0.7508900060644691
456,(0.07705749274215715)(X_0 + X_1 + X_3 + X_4 + (3.339478518180469)(X_0 + X_1 + (2)(X_3) + X_4)),16,0.26812770149078646,0.2567897440445142,0.26812770149078646,0.2567897440445142,0.7266740663096265,0.7508900060644691
457,(0.31398936475105194)(0.9266042536777921 + X_0 + X_1 + (2)(X_3) + X_4 - (sqrt(X_0))),15,0.25011823804765815,0.23377068963271094,0.25011823804765815,0.23377068963271094,0.7450326819375043,0.7732206350631566
458,(0.313989364751052)(0.9266042536777942 + X_0 + X_1 + (2)(X_3) + X_4 - (sqrt(X_0))),15,0.2501182380476581,0.233770689632711,0.2501182380476581,0.233770689632711,0.7450326819375044,0.7732206350631565
459,(0.31230364418603296)(X_0 + X_1 + (2)(X_3) + X_4),11,0.27067787485402134,0.26515056576703233,0.27067787485402134,0.26515056576703233,0.7240744523506695,0.7427792294587201
460,(0.3123036441860352)(X_0 + X_1 + (2)(X_3) + X_4),11,0.27067787485402134,0.26515056576703117,0.27067787485402134,0.26515056576703117,0.7240744523506695,0.7427792294587212
461,(0.313989364751052)(0.9266042536777942 + X_0 + X_1 + (2)(X_3) + X_4 - (sqrt(X_0))),15,0.2501182380476581,0.233770689632711,0.2501182380476581,0.233770689632711,0.7450326819375044,0.7732206350631565
462,(0.3343893344194385)(X_0 + X_1 + (1.7695575641611176)(X_3) + X_4),11,0.2681277014907864,0.25678974404451416,0.2681277014907864,0.25678974404451416,0.7266740663096265,0.7508900060644692
463,(0.31398936475105205)(0.9266042536777942 + X_0 + X_1 + (2)(X_3) + X_4 - (sqrt(X_0))),15,0.25011823804765815,0.23377068963271092,0.25011823804765815,0.23377068963271092,0.7450326819375043,0.7732206350631566
464,(0.3343893344194384)(X_0 + X_1 + (1.7695575641611194)(X_3) + X_4),11,0.2681277014907864,0.2567897440445142,0.2681277014907864,0.2567897440445142,0.7266740663096265,0.7508900060644692
465,(0.313989364751052)(0.9266042536777666 + X_0 + X_1 + (2)(X_3) + X_4 - (sqrt(X_0))),15,0.25011823804765815,0.23377068963271005,0.25011823804765815,0.23377068963271005,0.7450326819375042,0.7732206350631574
466,(0.3343893344194384)(X_0 + X_1 + (1.7695575641611259)(X_3) + X_4),11,0.26812770149078646,0.25678974404451405,0.26812770149078646,0.25678974404451405,0.7266740663096265,0.7508900060644692
467,(0.31398936475105216)(0.9266042536777943 + X_0 + X_1 + (2)(X_3) + X_4 - (sqrt(X_0))),15,0.2501182380476581,0.23377068963271092,0.2501182380476581,0.23377068963271092,0.7450326819375044,0.7732206350631566
468,(0.313989364751052)(0.9266042536777666 + X_0 + X_1 + (2)(X_3) + X_4 - (sqrt(X_0))),15,0.25011823804765815,0.23377068963271005,0.25011823804765815,0.23377068963271005,0.7450326819375042,0.7732206350631574
469,(0.31398936475105177)(0.9266042536777883 + X_0 + X_1 + (2)(X_3) + X_4 - (sqrt(X_0))),15,0.25011823804765815,0.23377068963271086,0.25011823804765815,0.23377068963271086,0.7450326819375043,0.7732206350631567
470,(0.31398936475105205)(0.9266042536777865 + X_0 + X_1 + (2)(X_3) + X_4 - (sqrt(X_0))),15,0.25011823804765815,0.2337706896327107,0.25011823804765815,0.2337706896327107,0.7450326819375042,0.7732206350631569
471,(0.31398936475105205)(0.9266042536777881 + X_0 + X_1 + (2)(X_3) + X_4 - (sqrt(X_0))),15,0.2501182380476581,0.23377068963271072,0.2501182380476581,0.23377068963271072,0.7450326819375044,0.7732206350631567
472,(0.3123036441860334)(X_0 + X_1 + (2)(X_3) + X_4),11,0.27067787485402134,0.26515056576703205,0.27067787485402134,0.26515056576703205,0.7240744523506695,0.7427792294587203
473,(0.3144952763183158)(0.9365359105568172 + X_0 + X_1 + (2)(X_3) + X_4 - (sqrt(X_1))),15,0.24825654160215901,0.24521573703069344,0.24825654160215901,0.24521573703069344,0.7469304713728551,0.762117871989375
474,(0.3065383538927191)((1.140788049999407)(X_0) + X_1 + (2)(X_3) + X_4),13,0.2690989470445543,0.2553236277784309,0.2690989470445543,0.2553236277784309,0.7256839910717818,0.7523122755383211
475,(0.3144952763183153)(0.9365359105568287 + X_0 + X_1 + (2)(X_3) + X_4 - (sqrt(X_1))),15,0.24825654160215901,0.24521573703069416,0.24825654160215901,0.24521573703069416,0.7469304713728551,0.7621178719893742
476,(0.313989364751052)(0.9266042536778172 + X_0 + X_1 + (2)(X_3) + X_4 - (sqrt(X_0))),15,0.25011823804765815,0.23377068963271175,0.25011823804765815,0.23377068963271175,0.7450326819375043,0.7732206350631559
477,(0.313989364751052)(0.9266042536777666 + X_0 + X_1 + (2)(X_3) + X_4 - (sqrt(X_0))),15,0.25011823804765815,0.23377068963271005,0.25011823804765815,0.23377068963271005,0.7450326819375042,0.7732206350631574
478,(0.3139893647510519)(0.9266042536777328 + X_0 + X_1 + (2)(X_3) + X_4 - (sqrt(X_0))),15,0.25011823804765815,0.23377068963270903,0.25011823804765815,0.23377068963270903,0.7450326819375043,0.7732206350631585
479,(0.313989364751052)(0.9266042536777941 + X_0 + X_1 + (2)(X_3) + X_4 - (sqrt(X_0))),15,0.2501182380476581,0.233770689632711,0.2501182380476581,0.233770689632711,0.7450326819375044,0.7732206350631565
480,(0.31398936475105194)(0.9266042536778079 + X_0 + X_1 + (2)(X_3) + X_4 - (sqrt(X_0))),15,0.2501182380476581,0.23377068963271144,0.2501182380476581,0.23377068963271144,0.7450326819375044,0.7732206350631561
481,(0.313989364751052)(0.9266042536777666 + X_0 + X_1 + (2)(X_3) + X_4 - (sqrt(X_0))),15,0.25011823804765815,0.23377068963271005,0.25011823804765815,0.23377068963271005,0.7450326819375042,0.7732206350631574
482,(0.313989364751052)(0.9266042536777942 + X_0 + X_1 + (2)(X_3) + X_4 - (sqrt(X_0))),15,0.2501182380476581,0.233770689632711,0.2501182380476581,0.233770689632711,0.7450326819375044,0.7732206350631565
483,(0.3343893344194384)(X_0 + X_1 + (1.7695575641611196)(X_3) + X_4),11,0.26812770149078646,0.2567897440445142,0.26812770149078646,0.2567897440445142,0.7266740663096265,0.7508900060644691
484,(0.3139893647510521)(0.9266042536777599 + X_0 + X_1 + (2)(X_3) + X_4 - (sqrt(X_0))),15,0.25011823804765815,0.2337706896327098,0.25011823804765815,0.2337706896327098,0.7450326819375043,0.7732206350631577
485,(0.313989364751052)(0.9266042536777666 + X_0 + X_1 + (2)(X_3) + X_4 - (sqrt(X_0))),15,0.25011823804765815,0.23377068963271005,0.25011823804765815,0.23377068963271005,0.7450326819375042,0.7732206350631574
486,(0.313989364751052)(0.9266042536777942 + X_0 + X_1 + (2)(X_3) + X_4 - (sqrt(X_0))),15,0.2501182380476581,0.233770689632711,0.2501182380476581,0.233770689632711,0.7450326819375044,0.7732206350631565
487,(0.3123036441860356)(X_0 + X_1 + (2)(X_3) + X_4),11,0.27067787485402134,0.2651505657670309,0.27067787485402134,0.2651505657670309,0.7240744523506695,0.7427792294587214
488,(0.3343893344194384)(X_0 + X_1 + (1.7695575641611196)(X_3) + X_4),11,0.26812770149078646,0.2567897440445142,0.26812770149078646,0.2567897440445142,0.7266740663096265,0.7508900060644691
489,(0.31398936475105205)(0.9266042536777888 + X_0 + X_1 + (2)(X_3) + X_4 - (sqrt(X_0))),15,0.2501182380476581,0.23377068963271072,0.2501182380476581,0.23377068963271072,0.7450326819375044,0.7732206350631567
490,(0.313989364751052)(0.9266042536777941 + X_0 + X_1 + (2)(X_3) + X_4 - (sqrt(X_0))),15,0.2501182380476581,0.233770689632711,0.2501182380476581,0.233770689632711,0.7450326819375044,0.7732206350631565
491,(0.3123036441860356)(X_0 + X_1 + (2)(X_3) + X_4),11,0.27067787485402134,0.2651505657670309,0.27067787485402134,0.2651505657670309,0.7240744523506695,0.7427792294587214
492,(0.33438933441943847)(X_0 + X_1 + (1.7695575641611179)(X_3) + X_4),11,0.26812770149078646,0.2567897440445142,0.26812770149078646,0.2567897440445142,0.7266740663096265,0.7508900060644691
493,(0.3123036441860245)(X_0 + X_1 + (2)(X_3) + X_4),11,0.27067787485402134,0.26515056576703655,0.27067787485402134,0.26515056576703655,0.7240744523506695,0.7427792294587159
494,(0.313989364751052)(0.9266042536777666 + X_0 + X_1 + (2)(X_3) + X_4 - (sqrt(X_0))),15,0.25011823804765815,0.23377068963271005,0.25011823804765815,0.23377068963271005,0.7450326819375042,0.7732206350631574
495,1 + (0.3139893647510523)(-2.258216992713363 + X_0 + X_1 + (2)(X_3) + X_4 - (sqrt(X_0))),17,0.25011823804765815,0.23377068963270928,0.25011823804765815,0.23377068963270928,0.7450326819375043,0.7732206350631582
496,(0.31398936475105194)(0.926604253677803 + X_0 + X_1 + (2)(X_3) + X_4 - (sqrt(X_0))),15,0.25011823804765815,0.23377068963271128,0.25011823804765815,0.23377068963271128,0.7450326819375043,0.7732206350631563
497,(0.3123036441860363)(X_0 + X_1 + (2)(X_3) + X_4),11,0.27067787485402134,0.26515056576703055,0.27067787485402134,0.26515056576703055,0.7240744523506695,0.7427792294587217
498,(0.33438933441943836)(X_0 + X_1 + (1.769557564161125)(X_3) + X_4),11,0.26812770149078646,0.2567897440445141,0.26812770149078646,0.2567897440445141,0.7266740663096265,0.7508900060644692
499,(0.31398936475105227)(0.9266042536778256 + X_0 + X_1 + (2)(X_3) + X_4 - (sqrt(X_0))),15,0.25011823804765815,0.23377068963271183,0.25011823804765815,0.23377068963271183,0.7450326819375043,0.7732206350631557
500,(0.3343893344194384)(X_0 + X_1 + (1.7695575641611199)(X_3) + X_4),11,0.26812770149078646,0.2567897440445142,0.26812770149078646,0.2567897440445142,0.7266740663096265,0.7508900060644692
501,(0.32029585471803534)(-0.06429170337536916 + X_0 + X_1 + (X_2)(X_2) + (2)(X_3) + X_4 - (sqrt(X_0))),18,0.17164673132485386,0.15319819432598927,0.17164673132485386,0.15319819432598927,0.8250255275996594,0.8513834678192369
502,(0.33016413387172455)(0.03334252324666168 + X_0 + (1.8273884875142024)(X_3) + X_4),11,0.3982991761714047,0.40119237408482533,0.3982991761714047,0.40119237408482533,0.5939789376112015,0.6108059913096553
503,(0.313989364751052)(0.9266042536777666 + X_0 + X_1 + (2)(X_3) + X_4 - (sqrt(X_0))),15,0.25011823804765815,0.23377068963271005,0.25011823804765815,0.23377068963271005,0.7450326819375042,0.7732206350631574
504,(0.313989364751052)(0.9266042536777666 + X_0 + X_1 + (2)(X_3) + X_4 - (sqrt(X_0))),15,0.25011823804765815,0.23377068963271005,0.25011823804765815,0.23377068963271005,0.7450326819375042,0.7732206350631574
505,(0.3123036441860414)(X_0 + X_1 + (2)(X_3) + X_4),11,0.27067787485402134,0.265150565767028,0.27067787485402134,0.265150565767028,0.7240744523506695,0.7427792294587242
506,(0.3388163113569863)(0.9223029822469201 + X_0 + X_1 + X_3 + X_4 + sin(X_3) - (sqrt(X_0))),15,0.24899232472590893,0.2207075516005457,0.24899232472590893,0.2207075516005457,0.7461804235106819,0.7858930969174259
507,(0.31230364418603296)(X_0 + X_1 + (2)(X_3) + X_4),11,0.27067787485402134,0.26515056576703233,0.27067787485402134,0.26515056576703233,0.7240744523506695,0.7427792294587201
508,(0.3343893344194386)(X_0 + X_1 + (1.769557564161107)(X_3) + X_4),11,0.26812770149078646,0.2567897440445144,0.26812770149078646,0.2567897440445144,0.7266740663096265,0.750890006064469
509,(0.3123036441860436)(X_0 + X_1 + (2)(X_3) + X_4),11,0.27067787485402134,0.2651505657670269,0.27067787485402134,0.2651505657670269,0.7240744523506695,0.7427792294587252
510,(0.313989364751052)(0.92660425367779 + X_0 + X_1 + (2)(X_3) + X_4 - (sqrt(X_0))),15,0.25011823804765815,0.2337706896327108,0.25011823804765815,0.2337706896327108,0.7450326819375043,0.7732206350631567
511,(0.3564187920574629)(X_0 + X_1 + (1.6608908789927135)(X_3) + (0.8078588455953266)(X_4)),13,0.2652785456450028,0.2504407723086081,0.2652785456450028,0.2504407723086081,0.729578459169627,0.7570491006050761
512,(0.33438933441943836)(X_0 + X_1 + (1.7695575641611163)(X_3) + X_4),11,0.26812770149078646,0.25678974404451427,0.26812770149078646,0.25678974404451427,0.7266740663096265,0.7508900060644691
513,(0.313989364751052)(0.9266042536777942 + X_0 + X_1 + (2)(X_3) + X_4 - (sqrt(X_0))),15,0.2501182380476581,0.233770689632711,0.2501182380476581,0.233770689632711,0.7450326819375044,0.7732206350631565
514,(0.33438933441943847)(X_0 + X_1 + (1.76955756416112)(X_3) + X_4),11,0.26812770149078646,0.25678974404451416,0.26812770149078646,0.25678974404451416,0.7266740663096265,0.7508900060644692
515,(0.313989364751052)(0.9266042536777666 + X_0 + X_1 + (2)(X_3) + X_4 - (sqrt(X_0))),15,0.25011823804765815,0.23377068963271005,0.25011823804765815,0.23377068963271005,0.7450326819375042,0.7732206350631574
516,(0.3343893344194384)(X_0 + X_1 + (1.7695575641611199)(X_3) + X_4),11,0.26812770149078646,0.2567897440445142,0.26812770149078646,0.2567897440445142,0.7266740663096265,0.7508900060644692
517,(0.3139893647510519)(0.9266042536777621 + X_0 + X_1 + (2)(X_3) + X_4 - (sqrt(X_0))),15,0.2501182380476581,0.23377068963270997,0.2501182380476581,0.23377068963270997,0.7450326819375044,0.7732206350631575
518,(0.31230364418603385)(X_0 + X_1 + (2)(X_3) + X_4),11,0.27067787485402134,0.26515056576703183,0.27067787485402134,0.26515056576703183,0.7240744523506695,0.7427792294587205
519,(0.31398936475105194)(0.9266042536777943 + X_0 + X_1 + (2)(X_3) + X_4 - (sqrt(X_0))),15,0.2501182380476581,0.23377068963271103,0.2501182380476581,0.23377068963271103,0.7450326819375044,0.7732206350631565
520,(0.31398936475105227)(0.9266042536778256 + X_0 + X_1 + (2)(X_3) + X_4 - (sqrt(X_0))),15,0.25011823804765815,0.23377068963271183,0.25011823804765815,0.23377068963271183,0.7450326819375043,0.7732206350631557
521,(0.31449527631831564)(0.9365359105568445 + X_0 + X_1 + (2)(X_3) + X_4 - (sqrt(X_1))),15,0.24825654160215901,0.24521573703069466,0.24825654160215901,0.24521573703069466,0.7469304713728551,0.7621178719893738
522,(0.3123036441860294)(X_0 + X_1 + (2)(X_3) + X_4),11,0.2706778748540214,0.26515056576703416,0.2706778748540214,0.26515056576703416,0.7240744523506695,0.7427792294587183
523,(0.3343893344194384)(X_0 + X_1 + (1.7695575641611199)(X_3) + X_4),11,0.26812770149078646,0.2567897440445142,0.26812770149078646,0.2567897440445142,0.7266740663096265,0.7508900060644692
524,(0.3118290052776174)(0.9266704938443393 + X_1 + X_3 + (1.0168798476773597)(X_0 + X_3) + X_4 - (sqrt(X_0))),16,0.25009821701286333,0.23323173399515662,0.25009821701286333,0.23323173399515662,0.745053091123121,0.7737434722819958
525,(0.3139893647510521)(0.9266042536777777 + X_0 + X_1 + (2)(X_3) + X_4 - (sqrt(X_0))),15,0.25011823804765815,0.2337706896327103,0.25011823804765815,0.2337706896327103,0.7450326819375043,0.7732206350631572
526,(0.3123036441860363)(X_0 + X_1 + (2)(X_3) + X_4),11,0.27067787485402134,0.26515056576703055,0.27067787485402134,0.26515056576703055,0.7240744523506695,0.7427792294587217
527,(-1.8068296113425869e-06)(X_0 + X_1 + (-333247.21687050373)(X_3) + X_4),11,0.6084648155439984,0.712904876803073,0.6084648155439984,0.712904876803073,0.3797387852816876,0.3084158006472463
528,(0.31398936475105194)(0.9266042536777859 + X_0 + X_1 + (2)(X_3) + X_4 - (sqrt(X_0))),15,0.25011823804765815,0.23377068963271072,0.25011823804765815,0.23377068963271072,0.7450326819375043,0.7732206350631567
529,(0.33438933441943813)(X_0 + X_1 + (1.7695575641611214)(X_3) + X_4),11,0.26812770149078646,0.25678974404451427,0.26812770149078646,0.25678974404451427,0.7266740663096265,0.7508900060644691
530,(0.31398936475105216)(0.9266042536777928 + X_0 + X_1 + (2)(X_3) + X_4 - (sqrt(X_0))),15,0.25011823804765815,0.2337706896327108,0.25011823804765815,0.2337706896327108,0.7450326819375043,0.7732206350631567
531,(0.313989364751052)(0.9266042536777936 + X_0 + X_1 + (2)(X_3) + X_4 - (sqrt(X_0))),15,0.25011823804765815,0.233770689632711,0.25011823804765815,0.233770689632711,0.7450326819375043,0.7732206350631565
532,(0.313989364751052)(0.9266042536777666 + X_0 + X_1 + (2)(X_3) + X_4 - (sqrt(X_0))),15,0.25011823804765815,0.23377068963271005,0.25011823804765815,0.23377068963271005,0.7450326819375042,0.7732206350631574
533,(0.3343893344194384)(X_0 + X_1 + (1.7695575641611196)(X_3) + X_4),11,0.26812770149078646,0.2567897440445142,0.26812770149078646,0.2567897440445142,0.7266740663096265,0.7508900060644691
534,(0.31398936475105205)(0.9266042536777951 + X_0 + X_1 + (2)(X_3) + X_4 - (sqrt(X_0))),15,0.25011823804765815,0.233770689632711,0.25011823804765815,0.233770689632711,0.7450326819375043,0.7732206350631565
535,(0.3139893647510521)(0.926604253677783 + X_0 + X_1 + (2)(X_3) + X_4 - (sqrt(X_0))),15,0.25011823804765815,0.23377068963271055,0.25011823804765815,0.23377068963271055,0.7450326819375042,0.773220635063157
536,(0.3343893344194384)(X_0 + X_1 + (1.7695575641611199)(X_3) + X_4),11,0.26812770149078646,0.2567897440445142,0.26812770149078646,0.2567897440445142,0.7266740663096265,0.7508900060644692
537,(0.3123036441860363)(X_0 + X_1 + (2)(X_3) + X_4),11,0.27067787485402134,0.26515056576703055,0.27067787485402134,0.26515056576703055,0.7240744523506695,0.7427792294587217
538,(0.313989364751052)(0.9266042536777942 + X_0 + X_1 + (2)(X_3) + X_4 - (sqrt(X_0))),15,0.2501182380476581,0.233770689632711,0.2501182380476581,0.233770689632711,0.7450326819375044,0.7732206350631565
539,(0.313989364751052)(0.9266042536777941 + X_0 + X_1 + (2)(X_3) + X_4 - (sqrt(X_0))),15,0.2501182380476581,0.233770689632711,0.2501182380476581,0.233770689632711,0.7450326819375044,0.7732206350631565
540,(0.3343893344194384)(X_0 + X_1 + (1.7695575641611199)(X_3) + X_4),11,0.26812770149078646,0.2567897440445142,0.26812770149078646,0.2567897440445142,0.7266740663096265,0.7508900060644692
541,(0.3123036441860356)(X_0 + X_1 + (2)(X_3) + X_4),11,0.27067787485402134,0.2651505657670309,0.27067787485402134,0.2651505657670309,0.7240744523506695,0.7427792294587214
542,(0.3123036441860414)(X_0 + X_1 + (2)(X_3) + X_4),11,0.27067787485402134,0.265150565767028,0.27067787485402134,0.265150565767028,0.7240744523506695,0.7427792294587242
543,(0.31398936475105205)(0.9266042536777768 + X_0 + X_1 + (2)(X_3) + X_4 - (sqrt(X_0))),15,0.25011823804765815,0.2337706896327104,0.25011823804765815,0.2337706896327104,0.7450326819375043,0.7732206350631572
544,(0.313989364751052)(0.9266042536777666 + X_0 + X_1 + (2)(X_3) + X_4 - (sqrt(X_0))),15,0.25011823804765815,0.23377068963271005,0.25011823804765815,0.23377068963271005,0.7450326819375042,0.7732206350631574
545,(0.35641879205746274)(X_0 + X_1 + (1.660890878992717)(X_3) + (0.8078588455953559)(X_4)),13,0.26527854564500275,0.25044077230860723,0.26527854564500275,0.25044077230860723,0.729578459169627,0.7570491006050769
546,(0.33438933441943797)(X_0 + X_1 + (1.7695575641611931)(X_3) + X_4),11,0.26812770149078646,0.2567897440445127,0.26812770149078646,0.2567897440445127,0.7266740663096265,0.7508900060644705
547,(0.31449527631831553)(0.9365359105568422 + X_0 + X_1 + (2)(X_3) + X_4 - (sqrt(X_1))),15,0.24825654160215901,0.24521573703069457,0.24825654160215901,0.24521573703069457,0.7469304713728551,0.7621178719893738
548,(0.31230364418603673)(X_0 + X_1 + (2)(X_3) + X_4),11,0.2706778748540214,0.2651505657670304,0.2706778748540214,0.2651505657670304,0.7240744523506695,0.7427792294587219
549,(0.3123036441860356)(X_0 + X_1 + (2)(X_3) + X_4),11,0.27067787485402134,0.2651505657670309,0.27067787485402134,0.2651505657670309,0.7240744523506695,0.7427792294587214
550,(0.3343893344194384)(X_0 + X_1 + (1.7695575641611196)(X_3) + X_4),11,0.26812770149078646,0.2567897440445142,0.26812770149078646,0.2567897440445142,0.7266740663096265,0.7508900060644691
551,(0.3139893647510521)(0.926604253677795 + X_0 + X_1 + (2)(X_3) + X_4 - (sqrt(X_0))),15,0.2501182380476581,0.23377068963271094,0.2501182380476581,0.23377068963271094,0.7450326819375044,0.7732206350631566
552,(0.31230364418603274)(X_0 + X_1 + (2)(X_3) + X_4),11,0.27067787485402134,0.2651505657670324,0.27067787485402134,0.2651505657670324,0.7240744523506695,0.7427792294587199
553,(0.3123036441860356)(X_0 + X_1 + (2)(X_3) + X_4),11,0.27067787485402134,0.2651505657670309,0.27067787485402134,0.2651505657670309,0.7240744523506695,0.7427792294587214
554,(0.3343893344194384)(X_0 + X_1 + (1.7695575641611196)(X_3) + X_4),11,0.26812770149078646,0.2567897440445142,0.26812770149078646,0.2567897440445142,0.7266740663096265,0.7508900060644691
555,(0.31398936475105205)(0.9266042536777943 + X_0 + X_1 + (2)(X_3) + X_4 - (sqrt(X_0))),15,0.2501182380476581,0.23377068963271092,0.2501182380476581,0.23377068963271092,0.7450326819375044,0.7732206350631566
556,(0.3139893647510519)(0.9266042536778247 + X_0 + X_1 + (2)(X_3) + X_4 - (sqrt(X_0))),15,0.25011823804765815,0.23377068963271205,0.25011823804765815,0.23377068963271205,0.7450326819375043,0.7732206350631555
557,(0.3343893344194384)(X_0 + X_1 + (1.7695575641611199)(X_3) + X_4),11,0.26812770149078646,0.2567897440445142,0.26812770149078646,0.2567897440445142,0.7266740663096265,0.7508900060644692
558,(0.31230364418604317)(X_0 + X_1 + (2)(X_3) + X_4),11,0.27067787485402134,0.26515056576702717,0.27067787485402134,0.26515056576702717,0.7240744523506695,0.742779229458725
559,(0.313989364751052)(0.9266042536778034 + X_0 + X_1 + (2)(X_3) + X_4 - (sqrt(X_0))),15,0.25011823804765815,0.23377068963271125,0.25011823804765815,0.23377068963271125,0.7450326819375043,0.7732206350631563
560,(0.31398936475105205)(0.9266042536777874 + X_0 + X_1 + (2)(X_3) + X_4 - (sqrt(X_0))),15,0.25011823804765815,0.23377068963271064,0.25011823804765815,0.23377068963271064,0.7450326819375043,0.7732206350631569
561,(0.3123036441860334)(X_0 + X_1 + (2)(X_3) + X_4),11,0.27067787485402134,0.26515056576703205,0.27067787485402134,0.26515056576703205,0.7240744523506695,0.7427792294587203
562,(0.3343893344194384)(X_0 + X_1 + (1.7695575641611196)(X_3) + X_4),11,0.26812770149078646,0.2567897440445142,0.26812770149078646,0.2567897440445142,0.7266740663096265,0.7508900060644691
563,(0.31230364418604006)(X_0 + X_1 + (2)(X_3) + X_4),11,0.27067787485402134,0.2651505657670287,0.27067787485402134,0.2651505657670287,0.7240744523506695,0.7427792294587235
564,(0.3123036441860363)(X_0 + X_1 + (2)(X_3) + X_4),11,0.27067787485402134,0.26515056576703055,0.27067787485402134,0.26515056576703055,0.7240744523506695,0.7427792294587217
565,(0.313989364751052)(0.9266042536778101 + X_0 + X_1 + (2)(X_3) + X_4 - (sqrt(X_0))),15,0.2501182380476581,0.2337706896327115,0.2501182380476581,0.2337706896327115,0.7450326819375044,0.7732206350631561
566,(0.313989364751052)(0.9266042536777936 + X_0 + X_1 + (2)(X_3) + X_4 - (sqrt(X_0))),15,0.25011823804765815,0.233770689632711,0.25011823804765815,0.233770689632711,0.7450326819375043,0.7732206350631565
567,1 + (0.3139893647510523)(-2.258216992713363 + X_0 + X_1 + (2)(X_3) + X_4 - (sqrt(X_0))),17,0.25011823804765815,0.23377068963270928,0.25011823804765815,0.23377068963270928,0.7450326819375043,0.7732206350631582
568,(0.3343893344194384)(X_0 + X_1 + (1.7695575641611199)(X_3) + X_4),11,0.26812770149078646,0.2567897440445142,0.26812770149078646,0.2567897440445142,0.7266740663096265,0.7508900060644692
569,(0.3343893344194384)(X_0 + X_1 + (1.7695575641611196)(X_3) + X_4),11,0.26812770149078646,0.2567897440445142,0.26812770149078646,0.2567897440445142,0.7266740663096265,0.7508900060644691
570,(0.33438933441943797)(X_0 + X_1 + (1.769557564161094)(X_3) + X_4),11,0.26812770149078646,0.256789744044515,0.26812770149078646,0.256789744044515,0.7266740663096265,0.7508900060644683
571,(0.32029585471803534)(-0.06429170337536916 + X_0 + X_1 + (X_2)(X_2) + (2)(X_3) + X_4 - (sqrt(X_0))),18,0.17164673132485386,0.15319819432598927,0.17164673132485386,0.15319819432598927,0.8250255275996594,0.8513834678192369
572,(0.3343893344194384)(X_0 + X_1 + (1.7695575641611099)(X_3) + X_4),11,0.26812770149078646,0.2567897440445144,0.26812770149078646,0.2567897440445144,0.7266740663096265,0.750890006064469
573,(0.3343893344194384)(X_0 + X_1 + (1.7695575641611199)(X_3) + X_4),11,0.26812770149078646,0.2567897440445142,0.26812770149078646,0.2567897440445142,0.7266740663096265,0.7508900060644692
574,(0.31398936475105205)(0.9266042536777942 + X_0 + X_1 + (2)(X_3) + X_4 - (sqrt(X_0))),15,0.25011823804765815,0.23377068963271092,0.25011823804765815,0.23377068963271092,0.7450326819375043,0.7732206350631566
575,(0.3123036441860352)(X_0 + X_1 + (2)(X_3) + X_4),11,0.27067787485402134,0.26515056576703117,0.27067787485402134,0.26515056576703117,0.7240744523506695,0.7427792294587212
576,(0.3123036441860363)(X_0 + X_1 + (2)(X_3) + X_4),11,0.27067787485402134,0.26515056576703055,0.27067787485402134,0.26515056576703055,0.7240744523506695,0.7427792294587217
577,(0.313989364751052)(0.9266042536777666 + X_0 + X_1 + (2)(X_3) + X_4 - (sqrt(X_0))),15,0.25011823804765815,0.23377068963271005,0.25011823804765815,0.23377068963271005,0.7450326819375042,0.7732206350631574
578,(0.3123036441860356)(X_0 + X_1 + (2)(X_3) + X_4),11,0.27067787485402134,0.2651505657670309,0.27067787485402134,0.2651505657670309,0.7240744523506695,0.7427792294587214
579,(0.3123036441860325)(X_0 + X_1 + (2)(X_3) + X_4),11,0.27067787485402134,0.26515056576703255,0.27067787485402134,0.26515056576703255,0.7240744523506695,0.7427792294587199
580,(0.31398936475105205)(0.9266042536778087 + X_0 + X_1 + (2)(X_3) + X_4 - (sqrt(X_0))),15,0.2501182380476581,0.23377068963271141,0.2501182380476581,0.23377068963271141,0.7450326819375044,0.7732206350631562
581,(0.31230364418603607)(X_0 + X_1 + (2)(X_3) + X_4),11,0.2706778748540214,0.2651505657670307,0.2706778748540214,0.2651505657670307,0.7240744523506695,0.7427792294587215
582,(0.3465988061063748)(X_0 + X_1 + X_3 + (0.7671544837102947)(X_3 + X_4)),12,0.26635791775456713,0.25546905752851656,0.26635791775456713,0.25546905752851656,0.7284781611101363,0.7521711951213571
583,(0.3343893344194384)(X_0 + X_1 + (1.7695575641611199)(X_3) + X_4),11,0.26812770149078646,0.2567897440445142,0.26812770149078646,0.2567897440445142,0.7266740663096265,0.7508900060644692
584,(0.31333439181502976)(0.9091877783800331 + X_0 + X_1 + (2)(X_3) + X_4 - (sqrt((X_0)(sqrt(X_0))))),17,0.24665919938974348,0.22705722386467642,0.24665919938974348,0.22705722386467642,0.7485587814997239,0.7797333227991262
585,(0.31398936475105205)(0.9266042536777942 + X_0 + X_1 + (2)(X_3) + X_4 - (sqrt(X_0))),15,0.25011823804765815,0.23377068963271092,0.25011823804765815,0.23377068963271092,0.7450326819375043,0.7732206350631566
586,(0.3139893647510518)(0.9266042536777661 + X_0 + X_1 + (2)(X_3) + X_4 - (sqrt(X_0))),15,0.25011823804765815,0.23377068963271008,0.25011823804765815,0.23377068963271008,0.7450326819375043,0.7732206350631574
587,(0.31398936475105205)(0.9266042536777943 + X_0 + X_1 + (2)(X_3) + X_4 - (sqrt(X_0))),15,0.2501182380476581,0.23377068963271092,0.2501182380476581,0.23377068963271092,0.7450326819375044,0.7732206350631566
588,(0.3123036441860363)(X_0 + X_1 + (2)(X_3) + X_4),11,0.27067787485402134,0.26515056576703055,0.27067787485402134,0.26515056576703055,0.7240744523506695,0.7427792294587217
589,(0.31230364418603296)(X_0 + X_1 + (2)(X_3) + X_4),11,0.27067787485402134,0.26515056576703233,0.27067787485402134,0.26515056576703233,0.7240744523506695,0.7427792294587201
590,(0.313989364751052)(0.9266042536777902 + X_0 + X_1 + (2)(X_3) + X_4 - (sqrt(X_0))),15,0.25011823804765815,0.2337706896327108,0.25011823804765815,0.2337706896327108,0.7450326819375042,0.7732206350631567
591,(0.313989364751052)(0.9266042536777666 + X_0 + X_1 + (2)(X_3) + X_4 - (sqrt(X_0))),15,0.25011823804765815,0.23377068963271005,0.25011823804765815,0.23377068963271005,0.7450326819375042,0.7732206350631574
592,(0.3123036441860356)(X_0 + X_1 + (2)(X_3) + X_4),11,0.27067787485402134,0.2651505657670309,0.27067787485402134,0.2651505657670309,0.7240744523506695,0.7427792294587214
593,(0.313989364751052)(0.9266042536777666 + X_0 + X_1 + (2)(X_3) + X_4 - (sqrt(X_0))),15,0.25011823804765815,0.23377068963271005,0.25011823804765815,0.23377068963271005,0.7450326819375042,0.7732206350631574
594,(0.313989364751052)(0.9266042536777942 + X_0 + X_1 + (2)(X_3) + X_4 - (sqrt(X_0))),15,0.2501182380476581,0.233770689632711,0.2501182380476581,0.233770689632711,0.7450326819375044,0.7732206350631565
595,(0.31398936475105205)(0.9266042536777945 + X_0 + X_1 + (2)(X_3) + X_4 - (sqrt(X_0))),15,0.2501182380476581,0.23377068963271092,0.2501182380476581,0.23377068963271092,0.7450326819375044,0.7732206350631566
596,(0.31449527631831575)(0.9365359105568798 + X_0 + X_1 + (2)(X_3) + X_4 - (sqrt(X_1))),15,0.24825654160215901,0.245215737030696,0.24825654160215901,0.245215737030696,0.7469304713728551,0.7621178719893724
597,(0.3123036441860334)(X_0 + X_1 + (2)(X_3) + X_4),11,0.27067787485402134,0.26515056576703205,0.27067787485402134,0.26515056576703205,0.7240744523506695,0.7427792294587203
598,(0.313989364751052)(0.9266042536777794 + X_0 + X_1 + (2)(X_3) + X_4 - (sqrt(X_0))),15,0.25011823804765815,0.23377068963271047,0.25011823804765815,0.23377068963271047,0.7450326819375042,0.7732206350631571
599,(0.3139893647510521)(0.926604253677755 + X_0 + X_1 + (2)(X_3) + X_4 - (sqrt(X_0))),15,0.25011823804765815,0.23377068963270958,0.25011823804765815,0.23377068963270958,0.7450326819375043,0.773220635063158
600,(0.313989364751052)(0.9266042536777666 + X_0 + X_1 + (2)(X_3) + X_4 - (sqrt(X_0))),15,0.25011823804765815,0.23377068963271005,0.25011823804765815,0.23377068963271005,0.7450326819375042,0.7732206350631574
601,(0.31398936475105205)(0.9266042536777941 + X_0 + X_1 + (2)(X_3) + X_4 - (sqrt(X_0))),15,0.2501182380476581,0.23377068963271092,0.2501182380476581,0.23377068963271092,0.7450326819375044,0.7732206350631566
602,(0.33438933441943836)(X_0 + X_1 + (1.769557564161122)(X_3) + X_4),11,0.26812770149078646,0.25678974404451416,0.26812770149078646,0.25678974404451416,0.7266740663096265,0.7508900060644692
603,(0.31398936475105205)(0.9266042536777894 + X_0 + X_1 + (2)(X_3) + X_4 - (sqrt(X_0))),15,0.25011823804765815,0.23377068963271072,0.25011823804765815,0.23377068963271072,0.7450326819375043,0.7732206350631567
604,(0.313989364751052)(0.9266042536777942 + X_0 + X_1 + (2)(X_3) + X_4 - (sqrt(X_0))),15,0.2501182380476581,0.233770689632711,0.2501182380476581,0.233770689632711,0.7450326819375044,0.7732206350631565
605,(0.31230364418603074)(X_0 + X_1 + (2)(X_3) + X_4),11,0.27067787485402134,0.2651505657670334,0.27067787485402134,0.2651505657670334,0.7240744523506695,0.742779229458719
606,(0.3123036441860363)(X_0 + X_1 + (2)(X_3) + X_4),11,0.27067787485402134,0.26515056576703055,0.27067787485402134,0.26515056576703055,0.7240744523506695,0.7427792294587217
607,(0.31230364418603873)(X_0 + X_1 + (2)(X_3) + X_4),11,0.27067787485402134,0.2651505657670294,0.27067787485402134,0.2651505657670294,0.7240744523506695,0.7427792294587229
608,(0.31449527631831586)(0.936535910556825 + X_0 + X_1 + (2)(X_3) + X_4 - (sqrt(X_1))),15,0.24825654160215901,0.24521573703069371,0.24825654160215901,0.24521573703069371,0.7469304713728551,0.7621178719893746
609,(0.3343893344194384)(X_0 + X_1 + (1.7695575641611196)(X_3) + X_4),11,0.26812770149078646,0.2567897440445142,0.26812770149078646,0.2567897440445142,0.7266740663096265,0.7508900060644691
610,(0.313989364751052)(0.9266042536777942 + X_0 + X_1 + (2)(X_3) + X_4 - (sqrt(X_0))),15,0.2501182380476581,0.233770689632711,0.2501182380476581,0.233770689632711,0.7450326819375044,0.7732206350631565
611,(0.3123036441860352)(X_0 + X_1 + (2)(X_3) + X_4),11,0.27067787485402134,0.26515056576703117,0.27067787485402134,0.26515056576703117,0.7240744523506695,0.7427792294587212
612,(0.3123036441860356)(X_0 + X_1 + (2)(X_3) + X_4),11,0.27067787485402134,0.2651505657670309,0.27067787485402134,0.2651505657670309,0.7240744523506695,0.7427792294587214
613,(0.31398936475105205)(0.9266042536778132 + X_0 + X_1 + (2)(X_3) + X_4 - (sqrt(X_0))),15,0.25011823804765815,0.23377068963271158,0.25011823804765815,0.23377068963271158,0.7450326819375042,0.773220635063156
614,(0.3123036441860356)(X_0 + X_1 + (2)(X_3) + X_4),11,0.27067787485402134,0.2651505657670309,0.27067787485402134,0.2651505657670309,0.7240744523506695,0.7427792294587214
615,(0.3343893344194385)(X_0 + X_1 + (1.7695575641611079)(X_3) + X_4),11,0.2681277014907864,0.2567897440445144,0.2681277014907864,0.2567897440445144,0.7266740663096265,0.750890006064469
616,(0.3123036441860356)(X_0 + X_1 + (2)(X_3) + X_4),11,0.27067787485402134,0.2651505657670309,0.27067787485402134,0.2651505657670309,0.7240744523506695,0.7427792294587214
617,(0.3564187920574631)(X_0 + X_1 + (1.6608908789927117)(X_3) + (0.8078588455953417)(X_4)),13,0.26527854564500275,0.2504407723086076,0.26527854564500275,0.2504407723086076,0.729578459169627,0.7570491006050766
618,(0.3123036441860356)(X_0 + X_1 + (2)(X_3) + X_4),11,0.27067787485402134,0.2651505657670309,0.27067787485402134,0.2651505657670309,0.7240744523506695,0.7427792294587214
619,(0.3343893344194384)(X_0 + X_1 + (1.7695575641611188)(X_3) + X_4),11,0.26812770149078646,0.2567897440445142,0.26812770149078646,0.2567897440445142,0.7266740663096265,0.7508900060644691
620,(0.31398936475105205)(0.9266042536778247 + X_0 + X_1 + (2)(X_3) + X_4 - (sqrt(X_0))),15,0.2501182380476581,0.23377068963271191,0.2501182380476581,0.23377068963271191,0.7450326819375044,0.7732206350631556
621,(0.3123036441860334)(X_0 + X_1 + (2)(X_3) + X_4),11,0.27067787485402134,0.26515056576703205,0.27067787485402134,0.26515056576703205,0.7240744523506695,0.7427792294587203
622,(0.313989364751052)(0.926604253677779 + X_0 + X_1 + (2)(X_3) + X_4 - (sqrt(X_0))),15,0.25011823804765815,0.23377068963271047,0.25011823804765815,0.23377068963271047,0.7450326819375043,0.7732206350631571
623,(0.33474694879220235)(0.06118420882135833 + X_0 + X_1 + (1.7692439589068285)(X_3) + X_4),13,0.2677089086990712,0.25871766311650285,0.2677089086990712,0.25871766311650285,0.7271009783003755,0.749019744811948
624,(0.3123036441860383)(X_0 + X_1 + (2)(X_3) + X_4),11,0.2706778748540214,0.2651505657670296,0.2706778748540214,0.2651505657670296,0.7240744523506695,0.7427792294587227
625,(0.3123036441860356)(X_0 + X_1 + (2)(X_3) + X_4),11,0.27067787485402134,0.2651505657670309,0.27067787485402134,0.2651505657670309,0.7240744523506695,0.7427792294587214
626,(0.3123036441860356)(X_0 + X_1 + (2)(X_3) + X_4),11,0.27067787485402134,0.2651505657670309,0.27067787485402134,0.2651505657670309,0.7240744523506695,0.7427792294587214
627,(0.31398936475105216)(0.9266042536777945 + X_0 + X_1 + (2)(X_3) + X_4 - (sqrt(X_0))),15,0.25011823804765815,0.23377068963271092,0.25011823804765815,0.23377068963271092,0.7450326819375043,0.7732206350631566
628,(0.3343893344194384)(X_0 + X_1 + (1.7695575641611132)(X_3) + X_4),11,0.26812770149078646,0.2567897440445143,0.26812770149078646,0.2567897440445143,0.7266740663096265,0.750890006064469
629,(0.31398936475105194)(0.9266042536777875 + X_0 + X_1 + (2)(X_3) + X_4 - (sqrt(X_0))),15,0.2501182380476581,0.23377068963271072,0.2501182380476581,0.23377068963271072,0.7450326819375044,0.7732206350631567
630,(0.313989364751052)(0.9266042536777666 + X_0 + X_1 + (2)(X_3) + X_4 - (sqrt(X_0))),15,0.25011823804765815,0.23377068963271005,0.25011823804765815,0.23377068963271005,0.7450326819375042,0.7732206350631574
631,(0.3123036441860351)(X_0 + X_1 + (2)(X_3) + X_4),11,0.27067787485402134,0.26515056576703117,0.27067787485402134,0.26515056576703117,0.7240744523506695,0.7427792294587212
632,(0.3139893647510521)(0.9266042536777943 + X_0 + X_1 + (2)(X_3) + X_4 - (sqrt(X_0))),15,0.2501182380476581,0.23377068963271092,0.2501182380476581,0.23377068963271092,0.7450326819375044,0.7732206350631566
633,(0.3343893344194384)(X_0 + X_1 + (1.7695575641611199)(X_3) + X_4),11,0.26812770149078646,0.2567897440445142,0.26812770149078646,0.2567897440445142,0.7266740663096265,0.7508900060644692
634,(0.3564187920574624)(X_0 + X_1 + (1.6608908789927317)(X_3) + (0.807858845595331)(X_4)),13,0.2652785456450028,0.25044077230860784,0.2652785456450028,0.25044077230860784,0.729578459169627,0.7570491006050764
635,(0.31398936475105227)(0.9266042536778256 + X_0 + X_1 + (2)(X_3) + X_4 - (sqrt(X_0))),15,0.25011823804765815,0.23377068963271183,0.25011823804765815,0.23377068963271183,0.7450326819375043,0.7732206350631557
636,(0.313989364751052)(0.9266042536777942 + X_0 + X_1 + (2)(X_3) + X_4 - (sqrt(X_0))),15,0.2501182380476581,0.233770689632711,0.2501182380476581,0.233770689632711,0.7450326819375044,0.7732206350631565
637,(0.313989364751052)(0.926604253677783 + X_0 + X_1 + (2)(X_3) + X_4 - (sqrt(X_0))),15,0.25011823804765815,0.23377068963271064,0.25011823804765815,0.23377068963271064,0.7450326819375043,0.7732206350631569
638,(0.313989364751052)(0.9266042536777905 + X_0 + X_1 + (2)(X_3) + X_4 - (sqrt(X_0))),15,0.2501182380476581,0.2337706896327108,0.2501182380476581,0.2337706896327108,0.7450326819375044,0.7732206350631567
639,(0.3123036441860352)(X_0 + X_1 + (2)(X_3) + X_4),11,0.27067787485402134,0.26515056576703117,0.27067787485402134,0.26515056576703117,0.7240744523506695,0.7427792294587212
640,(0.313989364751052)(0.9266042536777942 + X_0 + X_1 + (2)(X_3) + X_4 - (sqrt(X_0))),15,0.2501182380476581,0.233770689632711,0.2501182380476581,0.233770689632711,0.7450326819375044,0.7732206350631565
641,0.020481227217209047 + (0.3347469487922024)(X_0 + X_1 + (1.7692439589068396)(X_3) + X_4),13,0.26770890869907127,0.2587176631165019,0.26770890869907127,0.2587176631165019,0.7271009783003753,0.7490197448119489
642,(0.313989364751052)(0.9266042536777666 + X_0 + X_1 + (2)(X_3) + X_4 - (sqrt(X_0))),15,0.25011823804765815,0.23377068963271005,0.25011823804765815,0.23377068963271005,0.7450326819375042,0.7732206350631574
643,(0.3343893344194384)(X_0 + X_1 + (1.7695575641611199)(X_3) + X_4),11,0.26812770149078646,0.2567897440445142,0.26812770149078646,0.2567897440445142,0.7266740663096265,0.7508900060644692
644,(0.3343893344194384)(X_0 + X_1 + (1.76955756416112)(X_3) + X_4),11,0.26812770149078646,0.25678974404451416,0.26812770149078646,0.25678974404451416,0.7266740663096265,0.7508900060644692
645,(0.3123036441860363)(X_0 + X_1 + (2)(X_3) + X_4),11,0.27067787485402134,0.26515056576703055,0.27067787485402134,0.26515056576703055,0.7240744523506695,0.7427792294587217
646,(0.31398936475105194)(0.9266042536778205 + X_0 + X_1 + (2)(X_3) + X_4 - (sqrt(X_0))),15,0.25011823804765815,0.23377068963271183,0.25011823804765815,0.23377068963271183,0.7450326819375043,0.7732206350631557
647,(0.33438933441943836)(X_0 + X_1 + (1.7695575641611199)(X_3) + X_4),11,0.26812770149078646,0.2567897440445142,0.26812770149078646,0.2567897440445142,0.7266740663096265,0.7508900060644692
648,(0.313989364751052)(0.9266042536777706 + X_0 + X_1 + (2)(X_3) + X_4 - (sqrt(X_0))),15,0.25011823804765815,0.23377068963271014,0.25011823804765815,0.23377068963271014,0.7450326819375042,0.7732206350631574
649,(0.31398936475105205)(0.9266042536777944 + X_0 + X_1 + (2)(X_3) + X_4 - (sqrt(X_0))),15,0.25011823804765815,0.23377068963271092,0.25011823804765815,0.23377068963271092,0.7450326819375043,0.7732206350631566
650,(0.313989364751052)(0.9266042536777916 + X_0 + X_1 + (2)(X_3) + X_4 - (sqrt(X_0))),15,0.25011823804765815,0.23377068963271086,0.25011823804765815,0.23377068963271086,0.7450326819375043,0.7732206350631567
651,(0.3123036441860356)(X_0 + X_1 + (2)(X_3) + X_4),11,0.27067787485402134,0.2651505657670309,0.27067787485402134,0.2651505657670309,0.7240744523506695,0.7427792294587214
652,(0.31398936475105194)(0.9266042536777905 + X_0 + X_1 + (2)(X_3) + X_4 - (sqrt(X_0))),15,0.25011823804765815,0.23377068963271086,0.25011823804765815,0.23377068963271086,0.7450326819375043,0.7732206350631567
653,(0.313989364751052)(0.9266042536777928 + X_0 + X_1 + (2)(X_3) + X_4 - (sqrt(X_0))),15,0.2501182380476581,0.23377068963271092,0.2501182380476581,0.23377068963271092,0.7450326819375044,0.7732206350631566
654,(0.313989364751052)(0.9266042536777666 + X_0 + X_1 + (2)(X_3) + X_4 - (sqrt(X_0))),15,0.25011823804765815,0.23377068963271005,0.25011823804765815,0.23377068963271005,0.7450326819375042,0.7732206350631574
655,(0.3123036441860396)(X_0 + X_1 + (2)(X_3) + X_4),11,0.27067787485402134,0.26515056576702895,0.27067787485402134,0.26515056576702895,0.7240744523506695,0.7427792294587233
656,(0.3564187920574628)(X_0 + X_1 + (1.660890878992734)(X_3) + (0.8078588455953408)(X_4)),13,0.26527854564500275,0.2504407723086074,0.26527854564500275,0.2504407723086074,0.729578459169627,0.7570491006050768
657,(0.33438933441943836)(X_0 + X_1 + (1.7695575641611212)(X_3) + X_4),11,0.26812770149078646,0.25678974404451416,0.26812770149078646,0.25678974404451416,0.7266740663096265,0.7508900060644692
658,(0.313989364751052)(0.9266042536777666 + X_0 + X_1 + (2)(X_3) + X_4 - (sqrt(X_0))),15,0.25011823804765815,0.23377068963271005,0.25011823804765815,0.23377068963271005,0.7450326819375042,0.7732206350631574
659,(0.313989364751052)(0.9266042536777942 + X_0 + X_1 + (2)(X_3) + X_4 - (sqrt(X_0))),15,0.2501182380476581,0.233770689632711,0.2501182380476581,0.233770689632711,0.7450326819375044,0.7732206350631565
660,(0.31398936475105227)(0.9266042536778034 + X_0 + X_1 + (2)(X_3) + X_4 - (sqrt(X_0))),15,0.2501182380476581,0.23377068963271116,0.2501182380476581,0.23377068963271116,0.7450326819375044,0.7732206350631564
661,(0.3343893344194384)(X_0 + X_1 + (1.7695575641611196)(X_3) + X_4),11,0.26812770149078646,0.2567897440445142,0.26812770149078646,0.2567897440445142,0.7266740663096265,0.7508900060644691
662,(0.3371904854006331)(X_0 + X_1 + X_3 + X_4 + sin(X_3)),11,0.27048588010093827,0.253800656138313,0.27048588010093827,0.253800656138313,0.7242701693349958,0.7537897000259908
663,(0.3465988061063753)(X_0 + X_1 + X_3 + (0.7671544837102733)(X_3 + X_4)),12,0.2663579177545671,0.25546905752851745,0.2663579177545671,0.25546905752851745,0.7284781611101363,0.7521711951213563
664,(0.3343893344194385)(X_0 + X_1 + (1.769557564161123)(X_3) + X_4),11,0.26812770149078646,0.25678974404451405,0.26812770149078646,0.25678974404451405,0.7266740663096265,0.7508900060644692
665,(0.3139893647510517)(0.9266042536777821 + X_0 + X_1 + (2)(X_3) + X_4 - (sqrt(X_0))),15,0.25011823804765815,0.23377068963271072,0.25011823804765815,0.23377068963271072,0.7450326819375043,0.7732206350631567
666,(0.3123036441860356)(X_0 + X_1 + (2)(X_3) + X_4),11,0.27067787485402134,0.2651505657670309,0.27067787485402134,0.2651505657670309,0.7240744523506695,0.7427792294587214
667,(0.31398936475105205)(0.9266042536777644 + X_0 + X_1 + (2)(X_3) + X_4 - (sqrt(X_0))),15,0.2501182380476581,0.23377068963270992,0.2501182380476581,0.23377068963270992,0.7450326819375044,0.7732206350631576
668,(0.3343893344194382)(X_0 + X_1 + (1.7695575641611176)(X_3) + X_4),11,0.26812770149078646,0.2567897440445143,0.26812770149078646,0.2567897440445143,0.7266740663096265,0.750890006064469
669,(0.31398936475105205)(0.9266042536777933 + X_0 + X_1 + (2)(X_3) + X_4 - (sqrt(X_0))),15,0.25011823804765815,0.23377068963271092,0.25011823804765815,0.23377068963271092,0.7450326819375043,0.7732206350631566
670,(0.31398936475105194)(0.9266042536777916 + X_0 + X_1 + (2)(X_3) + X_4 - (sqrt(X_0))),15,0.25011823804765815,0.23377068963271094,0.25011823804765815,0.23377068963271094,0.7450326819375043,0.7732206350631566
671,(0.3343893344194384)(X_0 + X_1 + (1.7695575641611199)(X_3) + X_4),11,0.26812770149078646,0.2567897440445142,0.26812770149078646,0.2567897440445142,0.7266740663096265,0.7508900060644692
672,(0.3123036441860356)(X_0 + X_1 + (2)(X_3) + X_4),11,0.27067787485402134,0.2651505657670309,0.27067787485402134,0.2651505657670309,0.7240744523506695,0.7427792294587214
673,(0.3123036441860363)(X_0 + X_1 + (2)(X_3) + X_4),11,0.27067787485402134,0.26515056576703055,0.27067787485402134,0.26515056576703055,0.7240744523506695,0.7427792294587217
674,(0.31230364418602985)(X_0 + X_1 + (2)(X_3) + X_4),11,0.27067787485402134,0.2651505657670339,0.27067787485402134,0.2651505657670339,0.7240744523506695,0.7427792294587185
675,(0.3139893647510518)(0.9266042536777928 + X_0 + X_1 + (2)(X_3) + X_4 - (sqrt(X_0))),15,0.25011823804765815,0.233770689632711,0.25011823804765815,0.233770689632711,0.7450326819375043,0.7732206350631565
676,(0.313989364751052)(0.9266042536777883 + X_0 + X_1 + (2)(X_3) + X_4 - (sqrt(X_0))),15,0.25011823804765815,0.23377068963271072,0.25011823804765815,0.23377068963271072,0.7450326819375043,0.7732206350631567
677,(0.3343893344194387)(X_0 + X_1 + (1.7695575641611532)(X_3) + X_4),11,0.26812770149078646,0.25678974404451327,0.26812770149078646,0.25678974404451327,0.7266740663096265,0.75089000606447
678,(0.31398936475105205)(0.9266042536777943 + X_0 + X_1 + (2)(X_3) + X_4 - (sqrt(X_0))),15,0.2501182380476581,0.23377068963271092,0.2501182380476581,0.23377068963271092,0.7450326819375044,0.7732206350631566
679,(0.3564187920574626)(X_0 + X_1 + (1.6608908789927335)(X_3) + (0.8078588455953506)(X_4)),13,0.26527854564500275,0.2504407723086072,0.26527854564500275,0.2504407723086072,0.729578459169627,0.757049100605077
680,(0.3123036441860356)(X_0 + X_1 + (2)(X_3) + X_4),11,0.27067787485402134,0.2651505657670309,0.27067787485402134,0.2651505657670309,0.7240744523506695,0.7427792294587214
681,(0.31398936475105205)(0.926604253677799 + X_0 + X_1 + (2)(X_3) + X_4 - (sqrt(X_0))),15,0.2501182380476581,0.23377068963271108,0.2501182380476581,0.23377068963271108,0.7450326819375044,0.7732206350631565
682,(0.33438933441943836)(X_0 + X_1 + (1.7695575641611163)(X_3) + X_4),11,0.26812770149078646,0.25678974404451427,0.26812770149078646,0.25678974404451427,0.7266740663096265,0.7508900060644691
683,(0.3123036441860356)(X_0 + X_1 + (2)(X_3) + X_4),11,0.27067787485402134,0.2651505657670309,0.27067787485402134,0.2651505657670309,0.7240744523506695,0.7427792294587214
684,(0.3343893344194384)(X_0 + X_1 + (1.7695575641611199)(X_3) + X_4),11,0.26812770149078646,0.2567897440445142,0.26812770149078646,0.2567897440445142,0.7266740663096265,0.7508900060644692
685,(0.3139893647510521)(0.9266042536777923 + X_0 + X_1 + (2)(X_3) + X_4 - (sqrt(X_0))),15,0.2501182380476581,0.23377068963271086,0.2501182380476581,0.23377068963271086,0.7450326819375044,0.7732206350631567
686,(0.3564187920574624)(X_0 + X_1 + (1.660890878992682)(X_3) + (0.8078588455953142)(X_4)),13,0.26527854564500275,0.2504407723086092,0.26527854564500275,0.2504407723086092,0.729578459169627,0.757049100605075
687,(0.31398936475105205)(0.9266042536777948 + X_0 + X_1 + (2)(X_3) + X_4 - (sqrt(X_0))),15,0.2501182380476581,0.233770689632711,0.2501182380476581,0.233770689632711,0.7450326819375044,0.7732206350631565
688,(0.31398936475105205)(0.9266042536777946 + X_0 + X_1 + (2)(X_3) + X_4 - (sqrt(X_0))),15,0.2501182380476581,0.23377068963271092,0.2501182380476581,0.23377068963271092,0.7450326819375044,0.7732206350631566
689,(0.313989364751052)(0.9266042536777942 + X_0 + X_1 + (2)(X_3) + X_4 - (sqrt(X_0))),15,0.2501182380476581,0.233770689632711,0.2501182380476581,0.233770689632711,0.7450326819375044,0.7732206350631565
690,(0.31449527631831575)(0.93653591055684 + X_0 + X_1 + (2)(X_3) + X_4 - (sqrt(X_1))),15,0.24825654160215901,0.2452157370306944,0.24825654160215901,0.2452157370306944,0.7469304713728551,0.762117871989374
691,(0.31449527631831564)(0.9365359105568445 + X_0 + X_1 + (2)(X_3) + X_4 - (sqrt(X_1))),15,0.24825654160215901,0.24521573703069466,0.24825654160215901,0.24521573703069466,0.7469304713728551,0.7621178719893738
692,(0.3123036441860356)(X_0 + X_1 + (2)(X_3) + X_4),11,0.27067787485402134,0.2651505657670309,0.27067787485402134,0.2651505657670309,0.7240744523506695,0.7427792294587214
693,(0.31398936475105205)(0.9266042536777928 + X_0 + X_1 + (2)(X_3) + X_4 - (sqrt(X_0))),15,0.25011823804765815,0.23377068963271092,0.25011823804765815,0.23377068963271092,0.7450326819375043,0.7732206350631566
694,(0.31398936475105205)(0.926604253677794 + X_0 + X_1 + (2)(X_3) + X_4 - (sqrt(X_0))),15,0.2501182380476581,0.233770689632711,0.2501182380476581,0.233770689632711,0.7450326819375044,0.7732206350631565
695,(0.3371904854006349)(X_0 + X_1 + X_3 + X_4 + sin(X_3)),11,0.2704858801009382,0.2538006561383122,0.2704858801009382,0.2538006561383122,0.7242701693349958,0.7537897000259914
696,(0.3123036441860334)(X_0 + X_1 + (2)(X_3) + X_4),11,0.27067787485402134,0.26515056576703205,0.27067787485402134,0.26515056576703205,0.7240744523506695,0.7427792294587203
697,(0.313989364751052)(0.9266042536777666 + X_0 + X_1 + (2)(X_3) + X_4 - (sqrt(X_0))),15,0.25011823804765815,0.23377068963271005,0.25011823804765815,0.23377068963271005,0.7450326819375042,0.7732206350631574
698,(0.31382766519782307)(0.8224166469583909 + X_0 + X_1 + (2)(X_3) + X_4 - (sqrt((X_0)(X_16)))),17,0.24825720988787642,0.24550501584760193,0.24825720988787642,0.24550501584760193,0.7469297901309816,0.7618372445655894
699,(0.3146761249848312)(((1.0425318147602085)^(exp(X_3)))(X_0 + X_1 + (1.725389347659504)(X_3) + X_4)),15,0.2645270037636816,0.26108138566619465,0.2645270037636816,0.26108138566619465,0.730344571306782,0.7467267135532036
700,(0.31230364418603496)(X_0 + X_1 + (2)(X_3) + X_4),11,0.27067787485402134,0.2651505657670313,0.27067787485402134,0.2651505657670313,0.7240744523506695,0.742779229458721
701,(0.313989364751052)(0.9266042536777942 + X_0 + X_1 + (2)(X_3) + X_4 - (sqrt(X_0))),15,0.2501182380476581,0.233770689632711,0.2501182380476581,0.233770689632711,0.7450326819375044,0.7732206350631565
702,(0.3343893344194384)(X_0 + X_1 + (1.7695575641611199)(X_3) + X_4),11,0.26812770149078646,0.2567897440445142,0.26812770149078646,0.2567897440445142,0.7266740663096265,0.7508900060644692
703,(0.3123036441860356)(X_0 + X_1 + (2)(X_3) + X_4),11,0.27067787485402134,0.2651505657670309,0.27067787485402134,0.2651505657670309,0.7240744523506695,0.7427792294587214
704,(0.33438933441943813)(X_0 + X_1 + (1.769557564161092)(X_3) + X_4),11,0.26812770149078646,0.256789744044515,0.26812770149078646,0.256789744044515,0.7266740663096265,0.7508900060644683
705,(0.33438933441943836)(X_0 + X_1 + (1.7695575641611185)(X_3) + X_4),11,0.26812770149078646,0.2567897440445142,0.26812770149078646,0.2567897440445142,0.7266740663096265,0.7508900060644691
706,(0.31230364418603607)(X_0 + X_1 + (2)(X_3) + X_4),11,0.2706778748540214,0.2651505657670307,0.2706778748540214,0.2651505657670307,0.7240744523506695,0.7427792294587215
707,(0.3126030396775177)(0.0645458024222236 + X_0 + X_1 + (2)(X_3) + X_4),13,0.27027140785857273,0.2670310438798193,0.27027140785857273,0.2670310438798193,0.7244887995830801,0.74095499035986
708,(0.3123036441860363)(X_0 + X_1 + (2)(X_3) + X_4),11,0.27067787485402134,0.26515056576703055,0.27067787485402134,0.26515056576703055,0.7240744523506695,0.7427792294587217
709,(0.31398936475105205)(0.9266042536777945 + X_0 + X_1 + (2)(X_3) + X_4 - (sqrt(X_0))),15,0.2501182380476581,0.23377068963271092,0.2501182380476581,0.23377068963271092,0.7450326819375044,0.7732206350631566
710,(0.3343893344194384)(X_0 + X_1 + (1.7695575641611199)(X_3) + X_4),11,0.26812770149078646,0.2567897440445142,0.26812770149078646,0.2567897440445142,0.7266740663096265,0.7508900060644692
711,(0.31398936475105205)(0.9266042536777945 + X_0 + X_1 + (2)(X_3) + X_4 - (sqrt(X_0))),15,0.2501182380476581,0.23377068963271092,0.2501182380476581,0.23377068963271092,0.7450326819375044,0.7732206350631566
712,(0.3123036441860312)(X_0 + X_1 + (2)(X_3) + X_4),11,0.27067787485402134,0.2651505657670331,0.27067787485402134,0.2651505657670331,0.7240744523506695,0.7427792294587192
713,(0.313989364751052)(0.9266042536777666 + X_0 + X_1 + (2)(X_3) + X_4 - (sqrt(X_0))),15,0.25011823804765815,0.23377068963271005,0.25011823804765815,0.23377068963271005,0.7450326819375042,0.7732206350631574
714,(0.31398936475105177)(0.9266042536777814 + X_0 + X_1 + (2)(X_3) + X_4 - (sqrt(X_0))),15,0.25011823804765815,0.23377068963271064,0.25011823804765815,0.23377068963271064,0.7450326819375042,0.7732206350631569
715,(0.3343893344194384)(X_0 + X_1 + (1.76955756416112)(X_3) + X_4),11,0.26812770149078646,0.25678974404451416,0.26812770149078646,0.25678974404451416,0.7266740663096265,0.7508900060644692
716,(0.313989364751052)(0.9266042536777666 + X_0 + X_1 + (2)(X_3) + X_4 - (sqrt(X_0))),15,0.25011823804765815,0.23377068963271005,0.25011823804765815,0.23377068963271005,0.7450326819375042,0.7732206350631574
717,(0.31230364418604006)(X_0 + X_1 + (2)(X_3) + X_4),11,0.27067787485402134,0.2651505657670287,0.27067787485402134,0.2651505657670287,0.7240744523506695,0.7427792294587235
718,(0.313989364751052)(0.9266042536777894 + X_0 + X_1 + (2)(X_3) + X_4 - (sqrt(X_0))),15,0.25011823804765815,0.23377068963271072,0.25011823804765815,0.23377068963271072,0.7450326819375043,0.7732206350631567
719,(0.3123036441860356)(X_0 + X_1 + (2)(X_3) + X_4),11,0.27067787485402134,0.2651505657670309,0.27067787485402134,0.2651505657670309,0.7240744523506695,0.7427792294587214
720,(0.31398936475105205)(0.9266042536777948 + X_0 + X_1 + (2)(X_3) + X_4 - (sqrt(X_0))),15,0.2501182380476581,0.233770689632711,0.2501182380476581,0.233770689632711,0.7450326819375044,0.7732206350631565
721,(0.3123036441860363)(X_0 + X_1 + (2)(X_3) + X_4),11,0.27067787485402134,0.26515056576703055,0.27067787485402134,0.26515056576703055,0.7240744523506695,0.7427792294587217
722,(0.3123036441860356)(X_0 + X_1 + (2)(X_3) + X_4),11,0.27067787485402134,0.2651505657670309,0.27067787485402134,0.2651505657670309,0.7240744523506695,0.7427792294587214
723,(0.31398936475105227)(0.9266042536777728 + X_0 + X_1 + (2)(X_3) + X_4 - (sqrt(X_0))),15,0.2501182380476581,0.23377068963271014,0.2501182380476581,0.23377068963271014,0.7450326819375044,0.7732206350631574
724,(0.31398936475105205)(0.9266042536777942 + X_0 + X_1 + (2)(X_3) + X_4 - (sqrt(X_0))),15,0.25011823804765815,0.23377068963271092,0.25011823804765815,0.23377068963271092,0.7450326819375043,0.7732206350631566
725,(0.313989364751052)(0.9266042536777945 + X_0 + X_1 + (2)(X_3) + X_4 - (sqrt(X_0))),15,0.25011823804765815,0.233770689632711,0.25011823804765815,0.233770689632711,0.7450326819375043,0.7732206350631565
726,(0.3123036441860363)(X_0 + X_1 + (2)(X_3) + X_4),11,0.27067787485402134,0.26515056576703055,0.27067787485402134,0.26515056576703055,0.7240744523506695,0.7427792294587217
727,(0.3343893344194384)(X_0 + X_1 + (1.7695575641611199)(X_3) + X_4),11,0.26812770149078646,0.2567897440445142,0.26812770149078646,0.2567897440445142,0.7266740663096265,0.7508900060644692
728,(0.31398936475105227)(0.9266042536777501 + X_0 + X_1 + (2)(X_3) + X_4 - (sqrt(X_0))),15,0.25011823804765815,0.23377068963270936,0.25011823804765815,0.23377068963270936,0.7450326819375043,0.7732206350631581
729,(0.3123036441860363)(X_0 + X_1 + (2)(X_3) + X_4),11,0.27067787485402134,0.26515056576703055,0.27067787485402134,0.26515056576703055,0.7240744523506695,0.7427792294587217
730,(0.32029585471803534)(-0.06429170337536916 + X_0 + X_1 + (X_2)(X_2) + (2)(X_3) + X_4 - (sqrt(X_0))),18,0.17164673132485386,0.15319819432598927,0.17164673132485386,0.15319819432598927,0.8250255275996594,0.8513834678192369
731,(0.313989364751052)(0.9266042536777004 + X_0 + X_1 + (2)(X_3) + X_4 - (sqrt(X_0))),15,0.2501182380476581,0.23377068963270783,0.2501182380476581,0.23377068963270783,0.7450326819375044,0.7732206350631596
732,(0.3343893344194384)(X_0 + X_1 + (1.7695575641611196)(X_3) + X_4),11,0.26812770149078646,0.2567897440445142,0.26812770149078646,0.2567897440445142,0.7266740663096265,0.7508900060644691
733,(0.31398936475105194)(0.9266042536777861 + X_0 + X_1 + (2)(X_3) + X_4 - (sqrt(X_0))),15,0.2501182380476581,0.23377068963271072,0.2501182380476581,0.23377068963271072,0.7450326819375044,0.7732206350631567
734,(0.3123036441860356)(X_0 + X_1 + (2)(X_3) + X_4),11,0.27067787485402134,0.2651505657670309,0.27067787485402134,0.2651505657670309,0.7240744523506695,0.7427792294587214
735,(0.3343893344194385)(X_0 + X_1 + (1.7695575641611079)(X_3) + X_4),11,0.2681277014907864,0.2567897440445144,0.2681277014907864,0.2567897440445144,0.7266740663096265,0.750890006064469
736,(0.33250309720225474)(X_1 + (1.7633653731920322)(X_3) + X_4),9,0.38664145846862774,0.4691223222800792,0.38664145846862774,0.4691223222800792,0.6058626652458107,0.5449076080002844
737,(0.3139893647510521)(0.9266042536777821 + X_0 + X_1 + (2)(X_3) + X_4 - (sqrt(X_0))),15,0.25011823804765815,0.23377068963271053,0.25011823804765815,0.23377068963271053,0.7450326819375043,0.773220635063157
738,(0.33438933441943847)(X_0 + X_1 + (1.7695575641611205)(X_3) + X_4),11,0.26812770149078646,0.25678974404451416,0.26812770149078646,0.25678974404451416,0.7266740663096265,0.7508900060644692
739,(0.31230364418603385)(X_0 + X_1 + (2)(X_3) + X_4),11,0.27067787485402134,0.26515056576703183,0.27067787485402134,0.26515056576703183,0.7240744523506695,0.7427792294587205
740,(0.3343893344194384)(X_0 + X_1 + (1.7695575641611196)(X_3) + X_4),11,0.26812770149078646,0.2567897440445142,0.26812770149078646,0.2567897440445142,0.7266740663096265,0.7508900060644691
741,(0.313989364751052)(0.9266042536777666 + X_0 + X_1 + (2)(X_3) + X_4 - (sqrt(X_0))),15,0.25011823804765815,0.23377068963271005,0.25011823804765815,0.23377068963271005,0.7450326819375042,0.7732206350631574
742,(0.313989364751052)(0.9266042536777666 + X_0 + X_1 + (2)(X_3) + X_4 - (sqrt(X_0))),15,0.25011823804765815,0.23377068963271005,0.25011823804765815,0.23377068963271005,0.7450326819375042,0.7732206350631574
743,(0.3139893647510517)(0.9266042536777821 + X_0 + X_1 + (2)(X_3) + X_4 - (sqrt(X_0))),15,0.25011823804765815,0.23377068963271072,0.25011823804765815,0.23377068963271072,0.7450326819375043,0.7732206350631567
744,(0.3343893344194384)(X_0 + X_1 + (1.7695575641611196)(X_3) + X_4),11,0.26812770149078646,0.2567897440445142,0.26812770149078646,0.2567897440445142,0.7266740663096265,0.7508900060644691
745,(0.31398936475105177)(0.9266042536777999 + X_0 + X_1 + (2)(X_3) + X_4 - (sqrt(X_0))),15,0.2501182380476581,0.23377068963271128,0.2501182380476581,0.23377068963271128,0.7450326819375044,0.7732206350631563
746,(0.3343893344194384)(X_0 + X_1 + (1.7695575641611194)(X_3) + X_4),11,0.2681277014907864,0.2567897440445142,0.2681277014907864,0.2567897440445142,0.7266740663096265,0.7508900060644692
747,(0.313989364751052)(0.9266042536777666 + X_0 + X_1 + (2)(X_3) + X_4 - (sqrt(X_0))),15,0.25011823804765815,0.23377068963271005,0.25011823804765815,0.23377068963271005,0.7450326819375042,0.7732206350631574
748,(0.31398936475105216)(0.9266042536777555 + X_0 + X_1 + (2)(X_3) + X_4 - (sqrt(X_0))),15,0.25011823804765815,0.23377068963270958,0.25011823804765815,0.23377068963270958,0.7450326819375043,0.773220635063158
749,(0.313989364751052)(0.9266042536777666 + X_0 + X_1 + (2)(X_3) + X_4 - (sqrt(X_0))),15,0.25011823804765815,0.23377068963271005,0.25011823804765815,0.23377068963271005,0.7450326819375042,0.7732206350631574
750,(0.31398936475105205)(0.9266042536777821 + X_0 + X_1 + (2)(X_3) + X_4 - (sqrt(X_0))),15,0.25011823804765815,0.23377068963271053,0.25011823804765815,0.23377068963271053,0.7450326819375043,0.773220635063157
751,(0.3123036441860356)(X_0 + X_1 + (2)(X_3) + X_4),11,0.27067787485402134,0.2651505657670309,0.27067787485402134,0.2651505657670309,0.7240744523506695,0.7427792294587214
752,(0.31230364418603873)(X_0 + X_1 + (2)(X_3) + X_4),11,0.27067787485402134,0.2651505657670294,0.27067787485402134,0.2651505657670294,0.7240744523506695,0.7427792294587229
753,(0.31398936475105205)(0.9266042536777892 + X_0 + X_1 + (2)(X_3) + X_4 - (sqrt(X_0))),15,0.25011823804765815,0.23377068963271072,0.25011823804765815,0.23377068963271072,0.7450326819375043,0.7732206350631567
754,(0.3139893647510521)(0.9266042536778687 + X_0 + X_1 + (2)(X_3) + X_4 - (sqrt(X_0))),15,0.2501182380476581,0.23377068963271336,0.2501182380476581,0.23377068963271336,0.7450326819375044,0.7732206350631543
755,(0.3144952763183153)(0.9365359105568962 + X_0 + X_1 + (2)(X_3) + X_4 - (sqrt(X_1))),15,0.24825654160215901,0.24521573703069682,0.24825654160215901,0.24521573703069682,0.7469304713728551,0.7621178719893716
756,(0.3123036441860356)(X_0 + X_1 + (2)(X_3) + X_4),11,0.27067787485402134,0.2651505657670309,0.27067787485402134,0.2651505657670309,0.7240744523506695,0.7427792294587214
757,(0.313989364751052)(0.9266042536777948 + X_0 + X_1 + (2)(X_3) + X_4 - (sqrt(X_0))),15,0.25011823804765815,0.233770689632711,0.25011823804765815,0.233770689632711,0.7450326819375043,0.7732206350631565
758,(0.31398936475105205)(0.9266042536777903 + X_0 + X_1 + (2)(X_3) + X_4 - (sqrt(X_0))),15,0.25011823804765815,0.23377068963271078,0.25011823804765815,0.23377068963271078,0.7450326819375043,0.7732206350631567
759,(0.33719048540063506)(X_0 + X_1 + X_3 + X_4 + sin(X_3)),11,0.2704858801009382,0.2538006561383121,0.2704858801009382,0.2538006561383121,0.7242701693349958,0.7537897000259915
760,(0.33438933441943847)(X_0 + X_1 + (1.7695575641611196)(X_3) + X_4),11,0.26812770149078646,0.25678974404451416,0.26812770149078646,0.25678974404451416,0.7266740663096265,0.7508900060644692
761,(0.33438933441943836)(X_0 + X_1 + (1.7695575641611319)(X_3) + X_4),11,0.26812770149078646,0.25678974404451393,0.26812770149078646,0.25678974404451393,0.7266740663096265,0.7508900060644694
762,(0.313989364751052)(0.9266042536777936 + X_0 + X_1 + (2)(X_3) + X_4 - (sqrt(X_0))),15,0.25011823804765815,0.233770689632711,0.25011823804765815,0.233770689632711,0.7450326819375043,0.7732206350631565
763,(0.3123036441860294)(X_0 + X_1 + (2)(X_3) + X_4),11,0.2706778748540214,0.26515056576703416,0.2706778748540214,0.26515056576703416,0.7240744523506695,0.7427792294587183
764,(0.356418792057463)(X_0 + X_1 + (1.6608908789927401)(X_3) + (0.8078588455953195)(X_4)),13,0.2652785456450028,0.2504407723086078,0.2652785456450028,0.2504407723086078,0.729578459169627,0.7570491006050764
765,(0.3123036441860356)(X_0 + X_1 + (2)(X_3) + X_4),11,0.27067787485402134,0.2651505657670309,0.27067787485402134,0.2651505657670309,0.7240744523506695,0.7427792294587214
766,(0.354021874029041)(X_1 + (1.6307286523933864)(X_3) + X_4 + (X_0)(sqrt(X_8))),14,0.2685636245437765,0.26981866888629913,0.2685636245437765,0.26981866888629913,0.726229691950643,0.7382507341947915
767,(0.313989364751052)(0.9266042536777666 + X_0 + X_1 + (2)(X_3) + X_4 - (sqrt(X_0))),15,0.25011823804765815,0.23377068963271005,0.25011823804765815,0.23377068963271005,0.7450326819375042,0.7732206350631574
768,(0.31398936475105205)(0.926604253677878 + X_0 + X_1 + (2)(X_3) + X_4 - (sqrt(X_0))),15,0.25011823804765815,0.23377068963271372,0.25011823804765815,0.23377068963271372,0.7450326819375043,0.7732206350631539
769,(0.3123036441860312)(X_0 + X_1 + (2)(X_3) + X_4),11,0.27067787485402134,0.2651505657670331,0.27067787485402134,0.2651505657670331,0.7240744523506695,0.7427792294587192
770,(0.3144952763183156)(0.9365359105567883 + X_0 + X_1 + (2)(X_3) + X_4 - (sqrt(X_1))),15,0.24825654160215901,0.24521573703069235,0.24825654160215901,0.24521573703069235,0.7469304713728551,0.762117871989376
771,(0.3139893647510517)(0.9266042536777883 + X_0 + X_1 + (2)(X_3) + X_4 - (sqrt(X_0))),15,0.25011823804765815,0.23377068963271092,0.25011823804765815,0.23377068963271092,0.7450326819375043,0.7732206350631566
772,(0.31398936475105216)(0.9266042536777541 + X_0 + X_1 + (2)(X_3) + X_4 - (sqrt(X_0))),15,0.25011823804765815,0.23377068963270956,0.25011823804765815,0.23377068963270956,0.7450326819375043,0.773220635063158
773,(0.31398936475105216)(0.9266042536778047 + X_0 + X_1 + (2)(X_3) + X_4 - (sqrt(X_0))),15,0.25011823804765815,0.23377068963271125,0.25011823804765815,0.23377068963271125,0.7450326819375043,0.7732206350631563
774,(0.3139893647510522)(0.9266042536777839 + X_0 + X_1 + (2)(X_3) + X_4 - (sqrt(X_0))),15,0.25011823804765815,0.23377068963271047,0.25011823804765815,0.23377068963271047,0.7450326819375042,0.7732206350631571
775,(0.3343893344194384)(X_0 + X_1 + (1.7695575641611199)(X_3) + X_4),11,0.26812770149078646,0.2567897440445142,0.26812770149078646,0.2567897440445142,0.7266740663096265,0.7508900060644692
776,(0.3564187920574626)(X_0 + X_1 + (1.6608908789927268)(X_3) + (0.8078588455953475)(X_4)),13,0.26527854564500275,0.2504407723086074,0.26527854564500275,0.2504407723086074,0.729578459169627,0.7570491006050768
777,(0.31398936475105216)(0.9266042536777634 + X_0 + X_1 + (2)(X_3) + X_4 - (sqrt(X_0))),15,0.2501182380476581,0.23377068963270983,0.2501182380476581,0.23377068963270983,0.7450326819375044,0.7732206350631576
778,(0.3123036441860356)(X_0 + X_1 + (2)(X_3) + X_4),11,0.27067787485402134,0.2651505657670309,0.27067787485402134,0.2651505657670309,0.7240744523506695,0.7427792294587214
779,(0.31179469331776666)(0.9142283905393739 + X_0 + X_1 + (2)(X_3) + X_4 - ((sqrt(X_0))^(2.1484205317819898))),17,0.2451418193946031,0.2221579109947991,0.2451418193946031,0.2221579109947991,0.7501055791697478,0.7844861130783667
780,(0.3144952763183157)(0.9365359105568385 + X_0 + X_1 + (2)(X_3) + X_4 - (sqrt(X_1))),15,0.24825654160215901,0.24521573703069433,0.24825654160215901,0.24521573703069433,0.7469304713728551,0.7621178719893741
781,(0.3343893344194384)(X_0 + X_1 + (1.7695575641611199)(X_3) + X_4),11,0.26812770149078646,0.2567897440445142,0.26812770149078646,0.2567897440445142,0.7266740663096265,0.7508900060644692
782,(0.313989364751052)(0.9266042536777942 + X_0 + X_1 + (2)(X_3) + X_4 - (sqrt(X_0))),15,0.2501182380476581,0.233770689632711,0.2501182380476581,0.233770689632711,0.7450326819375044,0.7732206350631565
783,(0.3123036441860356)(X_0 + X_1 + (2)(X_3) + X_4),11,0.27067787485402134,0.2651505657670309,0.27067787485402134,0.2651505657670309,0.7240744523506695,0.7427792294587214
784,(0.31398936475105205)(0.9266042536777942 + X_0 + X_1 + (2)(X_3) + X_4 - (sqrt(X_0))),15,0.25011823804765815,0.23377068963271092,0.25011823804765815,0.23377068963271092,0.7450326819375043,0.7732206350631566
785,(0.3123036441860396)(X_0 + X_1 + (2)(X_3) + X_4),11,0.27067787485402134,0.26515056576702895,0.27067787485402134,0.26515056576702895,0.7240744523506695,0.7427792294587233
786,(0.31398936475105227)(0.9266042536778065 + X_0 + X_1 + (2)(X_3) + X_4 - (sqrt(X_0))),15,0.2501182380476581,0.23377068963271125,0.2501182380476581,0.23377068963271125,0.7450326819375044,0.7732206350631563
787,(0.3139893647510521)(0.9266042536777834 + X_0 + X_1 + (2)(X_3) + X_4 - (sqrt(X_0))),15,0.25011823804765815,0.23377068963271055,0.25011823804765815,0.23377068963271055,0.7450326819375043,0.773220635063157
788,(0.31398936475105216)(0.9266042536777528 + X_0 + X_1 + (2)(X_3) + X_4 - (sqrt(X_0))),15,0.25011823804765815,0.2337706896327095,0.25011823804765815,0.2337706896327095,0.7450326819375043,0.7732206350631581
789,(0.3343893344194384)(X_0 + X_1 + (1.7695575641611196)(X_3) + X_4),11,0.26812770149078646,0.2567897440445142,0.26812770149078646,0.2567897440445142,0.7266740663096265,0.7508900060644691
790,(0.3123036441860396)(X_0 + X_1 + (2)(X_3) + X_4),11,0.27067787485402134,0.26515056576702895,0.27067787485402134,0.26515056576702895,0.7240744523506695,0.7427792294587233
791,(0.31398936475105244)(0.9266042536777865 + X_0 + X_1 + (2)(X_3) + X_4 - (sqrt(X_0))),15,0.25011823804765815,0.23377068963271047,0.25011823804765815,0.23377068963271047,0.7450326819375043,0.7732206350631571
792,0.020481227217209064 + (0.3347469487922022)(X_0 + X_1 + (1.7692439589068565)(X_3) + X_4),13,0.26770890869907127,0.25871766311650163,0.26770890869907127,0.25871766311650163,0.7271009783003753,0.7490197448119491
793,(0.313989364751052)(0.9266042536777666 + X_0 + X_1 + (2)(X_3) + X_4 - (sqrt(X_0))),15,0.25011823804765815,0.23377068963271005,0.25011823804765815,0.23377068963271005,0.7450326819375042,0.7732206350631574
794,(0.3123036441860325)(X_0 + X_1 + (2)(X_3) + X_4),11,0.27067787485402134,0.26515056576703255,0.27067787485402134,0.26515056576703255,0.7240744523506695,0.7427792294587199
795,(0.313989364751052)(0.9266042536777942 + X_0 + X_1 + (2)(X_3) + X_4 - (sqrt(X_0))),15,0.2501182380476581,0.233770689632711,0.2501182380476581,0.233770689632711,0.7450326819375044,0.7732206350631565
796,(0.31230364418603873)(X_0 + X_1 + (2)(X_3) + X_4),11,0.27067787485402134,0.2651505657670294,0.27067787485402134,0.2651505657670294,0.7240744523506695,0.7427792294587229
797,(0.3123036441860334)(X_0 + X_1 + (2)(X_3) + X_4),11,0.27067787485402134,0.26515056576703205,0.27067787485402134,0.26515056576703205,0.7240744523506695,0.7427792294587203
798,(0.3343893344194384)(X_0 + X_1 + (1.7695575641611196)(X_3) + X_4),11,0.26812770149078646,0.2567897440445142,0.26812770149078646,0.2567897440445142,0.7266740663096265,0.7508900060644691
799,(0.3139893647510521)(0.9266042536778052 + X_0 + X_1 + (2)(X_3) + X_4 - (sqrt(X_0))),15,0.2501182380476581,0.23377068963271125,0.2501182380476581,0.23377068963271125,0.7450326819375044,0.7732206350631563
800,(0.313989364751052)(0.9266042536777666 + X_0 + X_1 + (2)(X_3) + X_4 - (sqrt(X_0))),15,0.25011823804765815,0.23377068963271005,0.25011823804765815,0.23377068963271005,0.7450326819375042,0.7732206350631574
801,(0.3123036441860365)(X_0 + X_1 + (2)(X_3) + X_4),11,0.27067787485402134,0.2651505657670305,0.27067787485402134,0.2651505657670305,0.7240744523506695,0.7427792294587219
802,(0.4418490047406958)(X_0 + X_1 + X_3 + (0.002211646793141897)(((X_26)^(-1))(X_0 + X_3 + X_31))),17,0.3760016972314829,0.3701292187904758,0.3760016972314829,0.3701292187904758,0.6167087011392156,0.6409401481693329
803,(0.3123036441860414)(X_0 + X_1 + (2)(X_3) + X_4),11,0.27067787485402134,0.265150565767028,0.27067787485402134,0.265150565767028,0.7240744523506695,0.7427792294587242
804,(0.31398936475105205)(0.9266042536778054 + X_0 + X_1 + (2)(X_3) + X_4 - (sqrt(X_0))),15,0.25011823804765815,0.23377068963271133,0.25011823804765815,0.23377068963271133,0.7450326819375043,0.7732206350631563
805,(0.31398936475105266)(0.9266042536777981 + X_0 + X_1 + (2)(X_3) + X_4 - (sqrt(X_0))),15,0.25011823804765815,0.23377068963271072,0.25011823804765815,0.23377068963271072,0.7450326819375042,0.7732206350631567
806,(0.30653835389271933)((1.1407880499993932)(X_0) + X_1 + (2)(X_3) + X_4),13,0.2690989470445543,0.2553236277784318,0.2690989470445543,0.2553236277784318,0.7256839910717818,0.7523122755383203
807,(0.3343893344194384)(X_0 + X_1 + (1.7695575641611199)(X_3) + X_4),11,0.26812770149078646,0.2567897440445142,0.26812770149078646,0.2567897440445142,0.7266740663096265,0.7508900060644692
808,(0.3123036441860356)(X_0 + X_1 + (2)(X_3) + X_4),11,0.27067787485402134,0.2651505657670309,0.27067787485402134,0.2651505657670309,0.7240744523506695,0.7427792294587214
809,(0.3564187920574624)(X_0 + X_1 + (1.6608908789927324)(X_3) + (0.8078588455953115)(X_4)),13,0.2652785456450028,0.25044077230860834,0.2652785456450028,0.25044077230860834,0.729578459169627,0.7570491006050758
810,(0.3118081367521983)(0.9149423314378501 + X_0 + (2)(X_3) + X_4 + (X_1)((sqrt(X_33))^((-1)(X_33))) - (sqrt((X_0)(X_0)))),22,0.24461252122392496,0.2253061057250941,0.24461252122392496,0.2253061057250941,0.7506451389239129,0.7814320706628888
811,(0.313989364751052)(0.9266042536777666 + X_0 + X_1 + (2)(X_3) + X_4 - (sqrt(X_0))),15,0.25011823804765815,0.23377068963271005,0.25011823804765815,0.23377068963271005,0.7450326819375042,0.7732206350631574
812,(0.3144952763183157)(0.9365359105568309 + X_0 + X_1 + (2)(X_3) + X_4 - (sqrt(X_1))),15,0.24825654160215901,0.24521573703069408,0.24825654160215901,0.24521573703069408,0.7469304713728551,0.7621178719893743
813,(0.3144952763183157)(0.9365359105568388 + X_0 + X_1 + (2)(X_3) + X_4 - (sqrt(X_1))),15,0.24825654160215901,0.24521573703069433,0.24825654160215901,0.24521573703069433,0.7469304713728551,0.7621178719893741
814,(0.313989364751052)(0.9266042536777666 + X_0 + X_1 + (2)(X_3) + X_4 - (sqrt(X_0))),15,0.25011823804765815,0.23377068963271005,0.25011823804765815,0.23377068963271005,0.7450326819375042,0.7732206350631574
815,(0.3123036441860363)(X_0 + X_1 + (2)(X_3) + X_4),11,0.27067787485402134,0.26515056576703055,0.27067787485402134,0.26515056576703055,0.7240744523506695,0.7427792294587217
816,(0.3052930059539356)(1.4555619024931727 + X_0 + X_1 + (2)(X_3) + X_4 - ((sin(X_0))(sin(X_0)) + sqrt(X_0))),18,0.2500593558231472,0.2242480372756727,0.2500593558231472,0.2242480372756727,0.745092705720585,0.7824584957095723
817,(0.3564187920574624)(X_0 + X_1 + (1.6608908789927324)(X_3) + (0.8078588455953115)(X_4)),13,0.2652785456450028,0.25044077230860834,0.2652785456450028,0.25044077230860834,0.729578459169627,0.7570491006050758
818,(0.313989364751052)(0.9266042536777942 + X_0 + X_1 + (2)(X_3) + X_4 - (sqrt(X_0))),15,0.2501182380476581,0.233770689632711,0.2501182380476581,0.233770689632711,0.7450326819375044,0.7732206350631565
819,(0.13314087625997534)((2)(X_0) + (4.543901109528525)(X_3) - (X_10)),11,0.5221727910652266,0.5277428586959297,0.5221727910652266,0.5277428586959297,0.46770376625737886,0.48804022209518894
820,(0.33438933441943847)(X_0 + X_1 + (1.7695575641611094)(X_3) + X_4),11,0.26812770149078646,0.2567897440445144,0.26812770149078646,0.2567897440445144,0.7266740663096265,0.750890006064469
821,(0.313989364751052)(0.9266042536777942 + X_0 + X_1 + (2)(X_3) + X_4 - (sqrt(X_0))),15,0.2501182380476581,0.233770689632711,0.2501182380476581,0.233770689632711,0.7450326819375044,0.7732206350631565
822,(0.313989364751052)(0.9266042536777942 + X_0 + X_1 + (2)(X_3) + X_4 - (sqrt(X_0))),15,0.2501182380476581,0.233770689632711,0.2501182380476581,0.233770689632711,0.7450326819375044,0.7732206350631565
823,(0.3139893647510523)(0.9266042536779082 + X_0 + X_1 + (2)(X_3) + X_4 - (sqrt(X_0))),15,0.25011823804765815,0.23377068963271455,0.25011823804765815,0.23377068963271455,0.7450326819375042,0.7732206350631531
824,(0.31398936475105205)(0.9266042536777644 + X_0 + X_1 + (2)(X_3) + X_4 - (sqrt(X_0))),15,0.2501182380476581,0.23377068963270992,0.2501182380476581,0.23377068963270992,0.7450326819375044,0.7732206350631576
825,(0.3343893344194384)(X_0 + X_1 + (1.7695575641611199)(X_3) + X_4),11,0.26812770149078646,0.2567897440445142,0.26812770149078646,0.2567897440445142,0.7266740663096265,0.7508900060644692
826,(0.3343893344194384)(X_0 + X_1 + (1.7695575641611199)(X_3) + X_4),11,0.26812770149078646,0.2567897440445142,0.26812770149078646,0.2567897440445142,0.7266740663096265,0.7508900060644692
827,(0.3123036441860356)(X_0 + X_1 + (2)(X_3) + X_4),11,0.27067787485402134,0.2651505657670309,0.27067787485402134,0.2651505657670309,0.7240744523506695,0.7427792294587214
828,(0.313989364751052)(0.9266042536777942 + X_0 + X_1 + (2)(X_3) + X_4 - (sqrt(X_0))),15,0.2501182380476581,0.233770689632711,0.2501182380476581,0.233770689632711,0.7450326819375044,0.7732206350631565
829,(0.3564187920574628)(X_0 + X_1 + (1.6608908789927288)(X_3) + (0.8078588455953436)(X_4)),13,0.2652785456450027,0.2504407723086074,0.2652785456450027,0.2504407723086074,0.7295784591696272,0.7570491006050768
830,(0.31230364418603607)(X_0 + X_1 + (2)(X_3) + X_4),11,0.2706778748540214,0.2651505657670307,0.2706778748540214,0.2651505657670307,0.7240744523506695,0.7427792294587215
831,(0.3123036441860405)(X_0 + X_1 + (2)(X_3) + X_4),11,0.2706778748540214,0.2651505657670285,0.2706778748540214,0.2651505657670285,0.7240744523506695,0.7427792294587238
832,(0.3343893344194384)(X_0 + X_1 + (1.7695575641611199)(X_3) + X_4),11,0.26812770149078646,0.2567897440445142,0.26812770149078646,0.2567897440445142,0.7266740663096265,0.7508900060644692
833,(0.3343893344194384)(X_0 + X_1 + (1.7695575641611199)(X_3) + X_4),11,0.26812770149078646,0.2567897440445142,0.26812770149078646,0.2567897440445142,0.7266740663096265,0.7508900060644692
834,(0.3343893344194384)(X_0 + X_1 + (1.7695575641611199)(X_3) + X_4),11,0.26812770149078646,0.2567897440445142,0.26812770149078646,0.2567897440445142,0.7266740663096265,0.7508900060644692
835,(0.3123036441860356)(X_0 + X_1 + (2)(X_3) + X_4),11,0.27067787485402134,0.2651505657670309,0.27067787485402134,0.2651505657670309,0.7240744523506695,0.7427792294587214
836,(0.31736192277347985)(0.9271800167286695 + X_0 + X_1 + X_3 + X_4 + (X_3)(sqrt(X_23)) - (sqrt(X_0))),17,0.25522806363343464,0.23105811254736136,0.25522806363343464,0.23105811254736136,0.7398237913922081,0.7758520877475129
837,(0.31398936475105205)(0.9266042536777919 + X_0 + X_1 + (2)(X_3) + X_4 - (sqrt(X_0))),15,0.25011823804765815,0.23377068963271086,0.25011823804765815,0.23377068963271086,0.7450326819375043,0.7732206350631567
838,(0.31230364418603607)(X_0 + X_1 + (2)(X_3) + X_4),11,0.2706778748540214,0.2651505657670307,0.2706778748540214,0.2651505657670307,0.7240744523506695,0.7427792294587215
839,(0.3343893344194384)(X_0 + X_1 + (1.7695575641611199)(X_3) + X_4),11,0.26812770149078646,0.2567897440445142,0.26812770149078646,0.2567897440445142,0.7266740663096265,0.7508900060644692
840,(0.313989364751052)(0.9266042536777666 + X_0 + X_1 + (2)(X_3) + X_4 - (sqrt(X_0))),15,0.25011823804765815,0.23377068963271005,0.25011823804765815,0.23377068963271005,0.7450326819375042,0.7732206350631574
841,(0.313989364751052)(0.9266042536777943 + X_0 + X_1 + (2)(X_3) + X_4 - (sqrt(X_0))),15,0.2501182380476581,0.233770689632711,0.2501182380476581,0.233770689632711,0.7450326819375044,0.7732206350631565
842,(0.3123036441860383)(X_0 + X_1 + (2)(X_3) + X_4),11,0.2706778748540214,0.2651505657670296,0.2706778748540214,0.2651505657670296,0.7240744523506695,0.7427792294587227
843,(0.33438933441943836)(X_0 + X_1 + (1.7695575641611265)(X_3) + X_4),11,0.26812770149078646,0.25678974404451405,0.26812770149078646,0.25678974404451405,0.7266740663096265,0.7508900060644692
844,(0.3123036441860356)(X_0 + X_1 + (2)(X_3) + X_4),11,0.27067787485402134,0.2651505657670309,0.27067787485402134,0.2651505657670309,0.7240744523506695,0.7427792294587214
845,(0.3123036441860396)(X_0 + X_1 + (2)(X_3) + X_4),11,0.27067787485402134,0.26515056576702895,0.27067787485402134,0.26515056576702895,0.7240744523506695,0.7427792294587233
846,(0.313989364751052)(0.9266042536777943 + X_0 + X_1 + (2)(X_3) + X_4 - (sqrt(X_0))),15,0.2501182380476581,0.233770689632711,0.2501182380476581,0.233770689632711,0.7450326819375044,0.7732206350631565
847,(0.31449527631831564)(0.9365359105568292 + X_0 + X_1 + (2)(X_3) + X_4 - (sqrt(X_1))),15,0.24825654160215901,0.24521573703069408,0.24825654160215901,0.24521573703069408,0.7469304713728551,0.7621178719893743
848,(0.3123036441860363)(X_0 + X_1 + (2)(X_3) + X_4),11,0.27067787485402134,0.26515056576703055,0.27067787485402134,0.26515056576703055,0.7240744523506695,0.7427792294587217
849,(0.31398936475105194)(0.9266042536778084 + X_0 + X_1 + (2)(X_3) + X_4 - (sqrt(X_0))),15,0.2501182380476581,0.23377068963271141,0.2501182380476581,0.23377068963271141,0.7450326819375044,0.7732206350631562
850,(0.313989364751052)(0.9266042536777666 + X_0 + X_1 + (2)(X_3) + X_4 - (sqrt(X_0))),15,0.25011823804765815,0.23377068963271005,0.25011823804765815,0.23377068963271005,0.7450326819375042,0.7732206350631574
851,(0.3123036441860363)(X_0 + X_1 + (2)(X_3) + X_4),11,0.27067787485402134,0.26515056576703055,0.27067787485402134,0.26515056576703055,0.7240744523506695,0.7427792294587217
852,(0.31230364418603385)(X_0 + X_1 + (2)(X_3) + X_4),11,0.27067787485402134,0.26515056576703183,0.27067787485402134,0.26515056576703183,0.7240744523506695,0.7427792294587205
853,(0.3373293115345657)(X_0 + X_1 + X_3 + (sin(1))(0.9315282216927696 + X_3 + X_4 - (sqrt(X_0)))),17,0.24748059949984824,0.2283416153216053,0.24748059949984824,0.2283416153216053,0.7477214567817649,0.7784873433335642
854,(0.313989364751052)(0.9266042536777942 + X_0 + X_1 + (2)(X_3) + X_4 - (sqrt(X_0))),15,0.2501182380476581,0.233770689632711,0.2501182380476581,0.233770689632711,0.7450326819375044,0.7732206350631565
855,(0.3123036441860356)(X_0 + X_1 + (2)(X_3) + X_4),11,0.27067787485402134,0.2651505657670309,0.27067787485402134,0.2651505657670309,0.7240744523506695,0.7427792294587214
856,(0.3343893344194384)(X_0 + X_1 + (1.7695575641611196)(X_3) + X_4),11,0.26812770149078646,0.2567897440445142,0.26812770149078646,0.2567897440445142,0.7266740663096265,0.7508900060644691
857,(0.31230364418604184)(X_0 + X_1 + (2)(X_3) + X_4),11,0.2706778748540214,0.26515056576702783,0.2706778748540214,0.26515056576702783,0.7240744523506695,0.7427792294587243
858,(0.313989364751052)(0.926604253677787 + X_0 + X_1 + (2)(X_3) + X_4 - (sqrt(X_0))),15,0.25011823804765815,0.23377068963271072,0.25011823804765815,0.23377068963271072,0.7450326819375043,0.7732206350631567
859,(0.31230364418603296)(X_0 + X_1 + (2)(X_3) + X_4),11,0.27067787485402134,0.26515056576703233,0.27067787485402134,0.26515056576703233,0.7240744523506695,0.7427792294587201
860,(0.3123036441860356)(X_0 + X_1 + (2)(X_3) + X_4),11,0.27067787485402134,0.2651505657670309,0.27067787485402134,0.2651505657670309,0.7240744523506695,0.7427792294587214
861,(0.3123036441860356)(X_0 + X_1 + (2)(X_3) + X_4),11,0.27067787485402134,0.2651505657670309,0.27067787485402134,0.2651505657670309,0.7240744523506695,0.7427792294587214
862,(0.3343893344194384)(X_0 + X_1 + (1.7695575641611199)(X_3) + X_4),11,0.26812770149078646,0.2567897440445142,0.26812770149078646,0.2567897440445142,0.7266740663096265,0.7508900060644692
863,(0.31142004505040605)(1.3585476109959178 + X_0 + X_1 + (2)(X_3) + X_4 - (sqrt((2.2547640439227523)(X_0)))),17,0.24764089610185622,0.22637730010734428,0.24764089610185622,0.22637730010734428,0.7475580524853509,0.7803929122375435
864,(0.31398936475105205)(0.9266042536778243 + X_0 + X_1 + (2)(X_3) + X_4 - (sqrt(X_0))),15,0.2501182380476581,0.23377068963271191,0.2501182380476581,0.23377068963271191,0.7450326819375044,0.7732206350631556
865,(0.3343893344194384)(X_0 + X_1 + (1.7695575641611199)(X_3) + X_4),11,0.26812770149078646,0.2567897440445142,0.26812770149078646,0.2567897440445142,0.7266740663096265,0.7508900060644692
866,(0.31230364418603485)(X_0 + X_1 + (2)(X_3) + X_4),11,0.2706778748540214,0.26515056576703133,0.2706778748540214,0.26515056576703133,0.7240744523506695,0.742779229458721
867,(0.31398936475105205)(0.9266042536778054 + X_0 + X_1 + (2)(X_3) + X_4 - (sqrt(X_0))),15,0.25011823804765815,0.23377068963271133,0.25011823804765815,0.23377068963271133,0.7450326819375043,0.7732206350631563
868,(0.3123036441860325)(X_0 + X_1 + (2)(X_3) + X_4),11,0.27067787485402134,0.26515056576703255,0.27067787485402134,0.26515056576703255,0.7240744523506695,0.7427792294587199
869,(0.3123036441860356)(X_0 + X_1 + (2)(X_3) + X_4),11,0.27067787485402134,0.2651505657670309,0.27067787485402134,0.2651505657670309,0.7240744523506695,0.7427792294587214
870,(0.33438933441943874)(X_0 + X_1 + (1.769557564161112)(X_3) + X_4),11,0.26812770149078646,0.25678974404451416,0.26812770149078646,0.25678974404451416,0.7266740663096265,0.7508900060644692
871,(0.313989364751052)(0.9266042536777666 + X_0 + X_1 + (2)(X_3) + X_4 - (sqrt(X_0))),15,0.25011823804765815,0.23377068963271005,0.25011823804765815,0.23377068963271005,0.7450326819375042,0.7732206350631574
872,(0.3123036441860334)(X_0 + X_1 + (2)(X_3) + X_4),11,0.27067787485402134,0.26515056576703205,0.27067787485402134,0.26515056576703205,0.7240744523506695,0.7427792294587203
873,(0.313989364751052)(0.9266042536777666 + X_0 + X_1 + (2)(X_3) + X_4 - (sqrt(X_0))),15,0.25011823804765815,0.23377068963271005,0.25011823804765815,0.23377068963271005,0.7450326819375042,0.7732206350631574
874,(0.3123036441860356)(X_0 + X_1 + (2)(X_3) + X_4),11,0.27067787485402134,0.2651505657670309,0.27067787485402134,0.2651505657670309,0.7240744523506695,0.7427792294587214
875,(0.314495276318316)(0.9365359105568243 + X_0 + X_1 + (2)(X_3) + X_4 - (sqrt(X_1))),15,0.24825654160215901,0.24521573703069371,0.24825654160215901,0.24521573703069371,0.7469304713728551,0.7621178719893746
876,(0.3123036441860356)(X_0 + X_1 + (2)(X_3) + X_4),11,0.27067787485402134,0.2651505657670309,0.27067787485402134,0.2651505657670309,0.7240744523506695,0.7427792294587214
877,(0.31230364418603074)(X_0 + X_1 + (2)(X_3) + X_4),11,0.27067787485402134,0.2651505657670334,0.27067787485402134,0.2651505657670334,0.7240744523506695,0.742779229458719
878,(0.313989364751052)(0.9266042536777942 + X_0 + X_1 + (2)(X_3) + X_4 - (sqrt(X_0))),15,0.2501182380476581,0.233770689632711,0.2501182380476581,0.233770689632711,0.7450326819375044,0.7732206350631565
879,(0.33438933441943874)(X_0 + X_1 + (1.769557564161112)(X_3) + X_4),11,0.26812770149078646,0.25678974404451416,0.26812770149078646,0.25678974404451416,0.7266740663096265,0.7508900060644692
880,(0.31230364418603074)(X_0 + X_1 + (2)(X_3) + X_4),11,0.27067787485402134,0.2651505657670334,0.27067787485402134,0.2651505657670334,0.7240744523506695,0.742779229458719
881,(0.35641879205746313)(X_0 + X_1 + (1.66089087899273)(X_3) + (0.8078588455953497)(X_4)),13,0.2652785456450027,0.25044077230860706,0.2652785456450027,0.25044077230860706,0.7295784591696272,0.757049100605077
882,(0.313989364751052)(0.9266042536777942 + X_0 + X_1 + (2)(X_3) + X_4 - (sqrt(X_0))),15,0.2501182380476581,0.233770689632711,0.2501182380476581,0.233770689632711,0.7450326819375044,0.7732206350631565
883,(0.3343893344194384)(X_0 + X_1 + (1.7695575641611199)(X_3) + X_4),11,0.26812770149078646,0.2567897440445142,0.26812770149078646,0.2567897440445142,0.7266740663096265,0.7508900060644692
884,(0.3139893647510521)(0.9266042536777821 + X_0 + X_1 + (2)(X_3) + X_4 - (sqrt(X_0))),15,0.25011823804765815,0.23377068963271053,0.25011823804765815,0.23377068963271053,0.7450326819375043,0.773220635063157
885,(0.3139893647510521)(0.926604253677789 + X_0 + X_1 + (2)(X_3) + X_4 - (sqrt(X_0))),15,0.25011823804765815,0.23377068963271072,0.25011823804765815,0.23377068963271072,0.7450326819375043,0.7732206350631567
886,(0.3122237435325127)(0.9108432033154386 + X_0 + X_1 + (2)(X_3) + X_4 - (sqrt((X_0)(X_0)))),16,0.24522091328707246,0.22296060127240497,0.24522091328707246,0.22296060127240497,0.7500249518720528,0.7837074286689463
887,(0.3343893344194384)(X_0 + X_1 + (1.7695575641611199)(X_3) + X_4),11,0.26812770149078646,0.2567897440445142,0.26812770149078646,0.2567897440445142,0.7266740663096265,0.7508900060644692
888,(0.3343893344194387)(X_0 + X_1 + (1.769557564161112)(X_3) + X_4),11,0.26812770149078646,0.2567897440445142,0.26812770149078646,0.2567897440445142,0.7266740663096265,0.7508900060644691
889,(0.313989364751052)(0.926604253677796 + X_0 + X_1 + (2)(X_3) + X_4 - (sqrt(X_0))),15,0.25011823804765815,0.233770689632711,0.25011823804765815,0.233770689632711,0.7450326819375043,0.7732206350631565
890,(0.31230364418603673)(X_0 + X_1 + (2)(X_3) + X_4),11,0.2706778748540214,0.2651505657670304,0.2706778748540214,0.2651505657670304,0.7240744523506695,0.7427792294587219
891,(0.31398936475105205)(0.9266042536778087 + X_0 + X_1 + (2)(X_3) + X_4 - (sqrt(X_0))),15,0.2501182380476581,0.23377068963271141,0.2501182380476581,0.23377068963271141,0.7450326819375044,0.7732206350631562
892,(0.3123036441860356)(X_0 + X_1 + (2)(X_3) + X_4),11,0.27067787485402134,0.2651505657670309,0.27067787485402134,0.2651505657670309,0.7240744523506695,0.7427792294587214
893,(0.3343893344194384)(X_0 + X_1 + (1.7695575641611196)(X_3) + X_4),11,0.26812770149078646,0.2567897440445142,0.26812770149078646,0.2567897440445142,0.7266740663096265,0.7508900060644691
894,(0.3564187920574624)(X_0 + X_1 + (1.6608908789927324)(X_3) + (0.8078588455953115)(X_4)),13,0.2652785456450028,0.25044077230860834,0.2652785456450028,0.25044077230860834,0.729578459169627,0.7570491006050758
895,(0.313989364751052)(0.9266042536777666 + X_0 + X_1 + (2)(X_3) + X_4 - (sqrt(X_0))),15,0.25011823804765815,0.23377068963271005,0.25011823804765815,0.23377068963271005,0.7450326819375042,0.7732206350631574
896,(0.3123036441860356)(X_0 + X_1 + (2)(X_3) + X_4),11,0.27067787485402134,0.2651505657670309,0.27067787485402134,0.2651505657670309,0.7240744523506695,0.7427792294587214
897,(0.313989364751052)(0.9266042536777666 + X_0 + X_1 + (2)(X_3) + X_4 - (sqrt(X_0))),15,0.25011823804765815,0.23377068963271005,0.25011823804765815,0.23377068963271005,0.7450326819375042,0.7732206350631574
898,(0.3123036441860356)(X_0 + X_1 + (2)(X_3) + X_4),11,0.27067787485402134,0.2651505657670309,0.27067787485402134,0.2651505657670309,0.7240744523506695,0.7427792294587214
899,(0.3343893344194384)(X_0 + X_1 + (1.7695575641611199)(X_3) + X_4),11,0.26812770149078646,0.2567897440445142,0.26812770149078646,0.2567897440445142,0.7266740663096265,0.7508900060644692
900,(0.3343893344194384)(X_0 + X_1 + (1.769557564161113)(X_3) + X_4),11,0.26812770149078646,0.2567897440445143,0.26812770149078646,0.2567897440445143,0.7266740663096265,0.750890006064469
901,(0.313989364751052)(0.9266042536777942 + X_0 + X_1 + (2)(X_3) + X_4 - (sqrt(X_0))),15,0.2501182380476581,0.233770689632711,0.2501182380476581,0.233770689632711,0.7450326819375044,0.7732206350631565
902,(0.31449527631831553)(0.9365359105568798 + X_0 + X_1 + (2)(X_3) + X_4 - (sqrt(X_1))),15,0.24825654160215901,0.24521573703069607,0.24825654160215901,0.24521573703069607,0.7469304713728551,0.7621178719893724
903,(0.33438933441943824)(X_0 + X_1 + (1.7695575641611154)(X_3) + X_4),11,0.26812770149078646,0.2567897440445143,0.26812770149078646,0.2567897440445143,0.7266740663096265,0.750890006064469
904,(0.3123036441860365)(X_0 + X_1 + (2)(X_3) + X_4),11,0.27067787485402134,0.2651505657670305,0.27067787485402134,0.2651505657670305,0.7240744523506695,0.7427792294587219
905,(0.3106309697606539)(1.8020698864510714 + X_0 + X_1 + (2)(X_3) + X_4 - (sqrt(X_0) + sqrt(X_7))),18,0.2548907474699794,0.238989353091124,0.2548907474699794,0.238989353091124,0.7401676471550132,0.7681580449378613
906,(0.3123036441860363)(X_0 + X_1 + (2)(X_3) + X_4),11,0.27067787485402134,0.26515056576703055,0.27067787485402134,0.26515056576703055,0.7240744523506695,0.7427792294587217
907,(0.3123036441860356)(X_0 + X_1 + (2)(X_3) + X_4),11,0.27067787485402134,0.2651505657670309,0.27067787485402134,0.2651505657670309,0.7240744523506695,0.7427792294587214
908,(0.31398936475105205)(0.926604253677793 + X_0 + X_1 + (2)(X_3) + X_4 - (sqrt(X_0))),15,0.25011823804765815,0.23377068963271092,0.25011823804765815,0.23377068963271092,0.7450326819375043,0.7732206350631566
909,(0.31398936475105205)(0.9266042536777945 + X_0 + X_1 + (2)(X_3) + X_4 - (sqrt(X_0))),15,0.2501182380476581,0.23377068963271092,0.2501182380476581,0.23377068963271092,0.7450326819375044,0.7732206350631566
910,(0.31398936475105194)(0.9266042536777856 + X_0 + X_1 + (2)(X_3) + X_4 - (sqrt(X_0))),15,0.2501182380476581,0.23377068963271072,0.2501182380476581,0.23377068963271072,0.7450326819375044,0.7732206350631567
911,(0.31230364418603074)(X_0 + X_1 + (2)(X_3) + X_4),11,0.27067787485402134,0.2651505657670334,0.27067787485402134,0.2651505657670334,0.7240744523506695,0.742779229458719
912,(0.3343893344194384)(X_0 + X_1 + (1.7695575641611199)(X_3) + X_4),11,0.26812770149078646,0.2567897440445142,0.26812770149078646,0.2567897440445142,0.7266740663096265,0.7508900060644692
913,(0.3343893344194384)(X_0 + X_1 + (1.7695575641611199)(X_3) + X_4),11,0.26812770149078646,0.2567897440445142,0.26812770149078646,0.2567897440445142,0.7266740663096265,0.7508900060644692
914,(0.313989364751052)(0.9266042536777942 + X_0 + X_1 + (2)(X_3) + X_4 - (sqrt(X_0))),15,0.2501182380476581,0.233770689632711,0.2501182380476581,0.233770689632711,0.7450326819375044,0.7732206350631565
915,(0.3343893344194383)(X_0 + X_1 + (1.7695575641611185)(X_3) + X_4),11,0.2681277014907864,0.2567897440445142,0.2681277014907864,0.2567897440445142,0.7266740663096265,0.7508900060644691
916,(0.313989364751052)(0.9266042536777666 + X_0 + X_1 + (2)(X_3) + X_4 - (sqrt(X_0))),15,0.25011823804765815,0.23377068963271005,0.25011823804765815,0.23377068963271005,0.7450326819375042,0.7732206350631574
917,(0.3144952763183157)(0.9365359105568397 + X_0 + X_1 + (2)(X_3) + X_4 - (sqrt(X_1))),15,0.24825654160215901,0.2452157370306944,0.24825654160215901,0.2452157370306944,0.7469304713728551,0.762117871989374
918,(0.33719048540063046)(X_0 + X_1 + X_3 + X_4 + sin(X_3)),11,0.2704858801009382,0.25380065613831426,0.2704858801009382,0.25380065613831426,0.7242701693349958,0.7537897000259894
919,(0.3388163113569864)(0.9223029822469211 + X_0 + X_1 + X_3 + X_4 + sin(X_3) - (sqrt(X_0))),15,0.24899232472590893,0.22070755160054567,0.24899232472590893,0.22070755160054567,0.7461804235106819,0.7858930969174259
920,(0.313989364751052)(0.9266042536777666 + X_0 + X_1 + (2)(X_3) + X_4 - (sqrt(X_0))),15,0.25011823804765815,0.23377068963271005,0.25011823804765815,0.23377068963271005,0.7450326819375042,0.7732206350631574
921,(0.313989364751052)(0.9266042536777942 + X_0 + X_1 + (2)(X_3) + X_4 - (sqrt(X_0))),15,0.2501182380476581,0.233770689632711,0.2501182380476581,0.233770689632711,0.7450326819375044,0.7732206350631565
922,(0.3123036441860356)(X_0 + X_1 + (2)(X_3) + X_4),11,0.27067787485402134,0.2651505657670309,0.27067787485402134,0.2651505657670309,0.7240744523506695,0.7427792294587214
923,(0.313989364751052)(0.9266042536777942 + X_0 + X_1 + (2)(X_3) + X_4 - (sqrt(X_0))),15,0.2501182380476581,0.233770689632711,0.2501182380476581,0.233770689632711,0.7450326819375044,0.7732206350631565
924,(0.3388163113569863)(0.9223029822468898 + X_0 + X_1 + X_3 + X_4 + sin(X_3) - (sqrt(X_0))),15,0.24899232472590893,0.22070755160054456,0.24899232472590893,0.22070755160054456,0.7461804235106819,0.785893096917427
925,(0.3123036441860334)(X_0 + X_1 + (2)(X_3) + X_4),11,0.27067787485402134,0.26515056576703205,0.27067787485402134,0.26515056576703205,0.7240744523506695,0.7427792294587203
926,(0.3343893344194384)(X_0 + X_1 + (1.7695575641611199)(X_3) + X_4),11,0.26812770149078646,0.2567897440445142,0.26812770149078646,0.2567897440445142,0.7266740663096265,0.7508900060644692
927,(0.313989364751052)(0.9266042536777942 + X_0 + X_1 + (2)(X_3) + X_4 - (sqrt(X_0))),15,0.2501182380476581,0.233770689632711,0.2501182380476581,0.233770689632711,0.7450326819375044,0.7732206350631565
928,(0.33719048540063845)(X_0 + X_1 + X_3 + X_4 + sin(X_3)),11,0.2704858801009382,0.25380065613831054,0.2704858801009382,0.25380065613831054,0.7242701693349958,0.7537897000259931
929,(0.313989364751052)(0.9266042536777942 + X_0 + X_1 + (2)(X_3) + X_4 - (sqrt(X_0))),15,0.2501182380476581,0.233770689632711,0.2501182380476581,0.233770689632711,0.7450326819375044,0.7732206350631565
930,(0.3343893344194384)(X_0 + X_1 + (1.7695575641611199)(X_3) + X_4),11,0.26812770149078646,0.2567897440445142,0.26812770149078646,0.2567897440445142,0.7266740663096265,0.7508900060644692
931,(0.3123036441860356)(X_0 + X_1 + (2)(X_3) + X_4),11,0.27067787485402134,0.2651505657670309,0.27067787485402134,0.2651505657670309,0.7240744523506695,0.7427792294587214
932,(0.31398936475105205)(0.9266042536777943 + X_0 + X_1 + (2)(X_3) + X_4 - (sqrt(X_0))),15,0.2501182380476581,0.23377068963271092,0.2501182380476581,0.23377068963271092,0.7450326819375044,0.7732206350631566
933,(0.31230364418603385)(X_0 + X_1 + (2)(X_3) + X_4),11,0.27067787485402134,0.26515056576703183,0.27067787485402134,0.26515056576703183,0.7240744523506695,0.7427792294587205
934,(0.3564187920574626)(X_0 + X_1 + (1.6608908789927268)(X_3) + (0.8078588455953475)(X_4)),13,0.26527854564500275,0.2504407723086074,0.26527854564500275,0.2504407723086074,0.729578459169627,0.7570491006050768
935,(0.31398936475105205)(0.9266042536777903 + X_0 + X_1 + (2)(X_3) + X_4 - (sqrt(X_0))),15,0.25011823804765815,0.23377068963271078,0.25011823804765815,0.23377068963271078,0.7450326819375043,0.7732206350631567
936,(0.3139893647510518)(0.9266042536777928 + X_0 + X_1 + (2)(X_3) + X_4 - (sqrt((-1)(X_0)))),17,0.25011823804765815,0.233770689632711,0.25011823804765815,0.233770689632711,0.7450326819375043,0.7732206350631565
937,(0.3343893344194384)(X_0 + X_1 + (1.7695575641611259)(X_3) + X_4),11,0.26812770149078646,0.25678974404451405,0.26812770149078646,0.25678974404451405,0.7266740663096265,0.7508900060644692
938,(0.3123036441860383)(X_0 + X_1 + (2)(X_3) + X_4),11,0.2706778748540214,0.2651505657670296,0.2706778748540214,0.2651505657670296,0.7240744523506695,0.7427792294587227
939,(0.3564187920574628)(X_0 + X_1 + (1.6608908789927288)(X_3) + (0.8078588455953436)(X_4)),13,0.2652785456450027,0.2504407723086074,0.2652785456450027,0.2504407723086074,0.7295784591696272,0.7570491006050768
940,(0.313989364751052)(0.9266042536777942 + X_0 + X_1 + (2)(X_3) + X_4 - (sqrt(X_0))),15,0.2501182380476581,0.233770689632711,0.2501182380476581,0.233770689632711,0.7450326819375044,0.7732206350631565
941,(0.33438933441943847)(X_0 + X_1 + (1.7695575641611156)(X_3) + X_4),11,0.26812770149078646,0.2567897440445142,0.26812770149078646,0.2567897440445142,0.7266740663096265,0.7508900060644691
942,(0.31398936475105205)(0.9266042536777943 + X_0 + X_1 + (2)(X_3) + X_4 - (sqrt(X_0))),15,0.2501182380476581,0.23377068963271092,0.2501182380476581,0.23377068963271092,0.7450326819375044,0.7732206350631566
943,(0.31398936475105205)(0.9266042536777944 + X_0 + X_1 + (2)(X_3) + X_4 - (sqrt(X_0))),15,0.25011823804765815,0.23377068963271092,0.25011823804765815,0.23377068963271092,0.7450326819375043,0.7732206350631566
944,(0.3343893344194384)(X_0 + X_1 + (1.7695575641611196)(X_3) + X_4),11,0.26812770149078646,0.2567897440445142,0.26812770149078646,0.2567897440445142,0.7266740663096265,0.7508900060644691
945,(0.313989364751052)(0.9266042536777944 + X_0 + X_1 + (2)(X_3) + X_4 - (sqrt(X_0))),15,0.25011823804765815,0.233770689632711,0.25011823804765815,0.233770689632711,0.7450326819375043,0.7732206350631565
946,(0.3343893344194382)(X_0 + X_1 + (1.7695575641611616)(X_3) + X_4),11,0.26812770149078646,0.25678974404451327,0.26812770149078646,0.25678974404451327,0.7266740663096265,0.75089000606447
947,(0.3343893344194384)(X_0 + X_1 + (1.7695575641611196)(X_3) + X_4),11,0.26812770149078646,0.2567897440445142,0.26812770149078646,0.2567897440445142,0.7266740663096265,0.7508900060644691
948,(0.3343893344194384)(X_0 + X_1 + (1.7695575641611199)(X_3) + X_4),11,0.26812770149078646,0.2567897440445142,0.26812770149078646,0.2567897440445142,0.7266740663096265,0.7508900060644692
949,(0.313989364751052)(0.9266042536777942 + X_0 + X_1 + (2)(X_3) + X_4 - (sqrt(X_0))),15,0.2501182380476581,0.233770689632711,0.2501182380476581,0.233770689632711,0.7450326819375044,0.7732206350631565
950,(0.337190485400634)(X_0 + X_1 + X_3 + X_4 + sin(X_3)),11,0.2704858801009382,0.2538006561383126,0.2704858801009382,0.2538006561383126,0.7242701693349958,0.7537897000259911
951,(0.31230364418602985)(X_0 + X_1 + (2)(X_3) + X_4),11,0.27067787485402134,0.2651505657670339,0.27067787485402134,0.2651505657670339,0.7240744523506695,0.7427792294587185
952,(0.3144952763183157)(0.9365359105568373 + X_0 + X_1 + (2)(X_3) + X_4 - (sqrt(X_1))),15,0.24825654160215901,0.24521573703069433,0.24825654160215901,0.24521573703069433,0.7469304713728551,0.7621178719893741
953,(0.33438933441943863)(X_0 + X_1 + (1.7695575641611505)(X_3) + X_4),11,0.26812770149078646,0.2567897440445134,0.26812770149078646,0.2567897440445134,0.7266740663096265,0.7508900060644699
954,(0.313989364751052)(0.9266042536777666 + X_0 + X_1 + (2)(X_3) + X_4 - (sqrt(X_0))),15,0.25011823804765815,0.23377068963271005,0.25011823804765815,0.23377068963271005,0.7450326819375042,0.7732206350631574
955,(0.38648896392222265)(0.863802954298744 + X_0 + (1.5707593769010133)(X_3) - (sqrt(X_0))),11,0.45289854397578233,0.4596431324491119,0.45289854397578233,0.4596431324491119,0.5383210436261279,0.5541033059441114
956,(0.3343893344194384)(X_0 + X_1 + (1.7695575641611159)(X_3) + X_4),11,0.26812770149078646,0.2567897440445142,0.26812770149078646,0.2567897440445142,0.7266740663096265,0.7508900060644691
957,(0.3343893344194384)(X_0 + X_1 + (1.7695575641611188)(X_3) + X_4),11,0.26812770149078646,0.2567897440445142,0.26812770149078646,0.2567897440445142,0.7266740663096265,0.7508900060644691
958,(0.3139893647510518)(0.9266042536777981 + X_0 + X_1 + (2)(X_3) + X_4 - (sqrt(X_0))),15,0.25011823804765815,0.23377068963271116,0.25011823804765815,0.23377068963271116,0.7450326819375042,0.7732206350631564
959,(0.31449527631831564)(0.9365359105568445 + X_0 + X_1 + (2)(X_3) + X_4 - (sqrt(X_1))),15,0.24825654160215901,0.24521573703069466,0.24825654160215901,0.24521573703069466,0.7469304713728551,0.7621178719893738
960,(0.3123036441860356)(X_0 + X_1 + (2)(X_3) + X_4),11,0.27067787485402134,0.2651505657670309,0.27067787485402134,0.2651505657670309,0.7240744523506695,0.7427792294587214
961,(0.3139893647510522)(0.9266042536777861 + X_0 + X_1 + (2)(X_3) + X_4 - (sqrt(X_0))),15,0.25011823804765815,0.23377068963271055,0.25011823804765815,0.23377068963271055,0.7450326819375042,0.773220635063157
962,(0.31398936475105155)(0.9266042536778185 + X_0 + X_1 + (2)(X_3) + X_4 - (sqrt(X_0))),15,0.25011823804765815,0.233770689632712,0.25011823804765815,0.233770689632712,0.7450326819375043,0.7732206350631556
963,(0.33438933441943836)(X_0 + X_1 + (1.7695575641611163)(X_3) + X_4),11,0.26812770149078646,0.25678974404451427,0.26812770149078646,0.25678974404451427,0.7266740663096265,0.7508900060644691
964,(0.3123036441860303)(X_0 + X_1 + (2)(X_3) + X_4),11,0.27067787485402134,0.2651505657670336,0.27067787485402134,0.2651505657670336,0.7240744523506695,0.7427792294587188
965,(0.31398936475105194)(0.9266042536777963 + X_0 + X_1 + (2)(X_3) + X_4 - (sqrt(X_0))),15,0.25011823804765815,0.23377068963271108,0.25011823804765815,0.23377068963271108,0.7450326819375043,0.7732206350631565
966,(0.313989364751052)(0.9266042536777942 + X_0 + X_1 + (2)(X_3) + X_4 - (sqrt(X_0))),15,0.2501182380476581,0.233770689632711,0.2501182380476581,0.233770689632711,0.7450326819375044,0.7732206350631565
967,(0.33438933441943797)(X_0 + X_1 + (1.769557564161094)(X_3) + X_4),11,0.26812770149078646,0.256789744044515,0.26812770149078646,0.256789744044515,0.7266740663096265,0.7508900060644683
968,(0.313989364751052)(0.9266042536777941 + X_0 + X_1 + (2)(X_3) + X_4 - (sqrt(X_0))),15,0.2501182380476581,0.233770689632711,0.2501182380476581,0.233770689632711,0.7450326819375044,0.7732206350631565
969,(0.313989364751052)(0.9266042536777666 + X_0 + X_1 + (2)(X_3) + X_4 - (sqrt(X_0))),15,0.25011823804765815,0.23377068963271005,0.25011823804765815,0.23377068963271005,0.7450326819375042,0.7732206350631574
970,(0.3343893344194384)(X_0 + X_1 + (1.7695575641611199)(X_3) + X_4),11,0.26812770149078646,0.2567897440445142,0.26812770149078646,0.2567897440445142,0.7266740663096265,0.7508900060644692
971,(0.313989364751052)(0.9266042536778116 + X_0 + X_1 + (2)(X_3) + X_4 - (sqrt(X_0))),15,0.2501182380476581,0.2337706896327115,0.2501182380476581,0.2337706896327115,0.7450326819375044,0.7732206350631561
972,(0.3123036441860334)(X_0 + X_1 + (2)(X_3) + X_4),11,0.27067787485402134,0.26515056576703205,0.27067787485402134,0.26515056576703205,0.7240744523506695,0.7427792294587203
973,(0.3343893344194384)(X_0 + X_1 + (1.7695575641611199)(X_3) + X_4),11,0.26812770149078646,0.2567897440445142,0.26812770149078646,0.2567897440445142,0.7266740663096265,0.7508900060644692
974,(0.3123036441860356)(X_0 + X_1 + (2)(X_3) + X_4),11,0.27067787485402134,0.2651505657670309,0.27067787485402134,0.2651505657670309,0.7240744523506695,0.7427792294587214
975,(0.3123036441860366)(X_0 + X_1 + (2)(X_3) + X_4),11,0.27067787485402134,0.26515056576703044,0.27067787485402134,0.26515056576703044,0.7240744523506695,0.7427792294587219
976,(0.3123036441860356)(X_0 + X_1 + (2)(X_3) + X_4),11,0.27067787485402134,0.2651505657670309,0.27067787485402134,0.2651505657670309,0.7240744523506695,0.7427792294587214
977,(0.31230364418603074)(X_0 + X_1 + (2)(X_3) + X_4),11,0.27067787485402134,0.2651505657670334,0.27067787485402134,0.2651505657670334,0.7240744523506695,0.742779229458719
978,(0.33438933441943813)(X_0 + X_1 + (1.7695575641610977)(X_3) + X_4),11,0.26812770149078646,0.2567897440445148,0.26812770149078646,0.2567897440445148,0.7266740663096265,0.7508900060644685
979,(0.3343893344194384)(X_0 + X_1 + (1.7695575641611196)(X_3) + X_4),11,0.26812770149078646,0.2567897440445142,0.26812770149078646,0.2567897440445142,0.7266740663096265,0.7508900060644691
980,(0.3202389733862996)(X_0 + X_1 + (X_2)(X_2) + (2)(X_3) + X_4 - (sqrt(X_0))),16,0.1720707513392881,0.15612232177031551,0.1720707513392881,0.15612232177031551,0.824593287045236,0.8485467915624291
981,(0.31398936475105205)(0.9266042536777492 + X_0 + X_1 + (2)(X_3) + X_4 - (sqrt(X_0))),15,0.25011823804765815,0.23377068963270944,0.25011823804765815,0.23377068963270944,0.7450326819375043,0.7732206350631581
982,(0.3139893647510517)(0.9266042536778056 + X_0 + X_1 + (2)(X_3) + X_4 - (sqrt(X_0))),15,0.2501182380476581,0.2337706896327115,0.2501182380476581,0.2337706896327115,0.7450326819375044,0.7732206350631561
983,(0.31398936475105194)(0.9266042536777968 + X_0 + X_1 + (2)(X_3) + X_4 - (sqrt(X_0))),15,0.25011823804765815,0.23377068963271108,0.25011823804765815,0.23377068963271108,0.7450326819375043,0.7732206350631565
984,(0.3343893344194384)(X_0 + X_1 + (1.7695575641611199)(X_3) + X_4),11,0.26812770149078646,0.2567897440445142,0.26812770149078646,0.2567897440445142,0.7266740663096265,0.7508900060644692
985,(0.3139893647510515)(0.9266042536777856 + X_0 + X_1 + (2)(X_3) + X_4 - (sqrt(X_0))),15,0.25011823804765815,0.23377068963271094,0.25011823804765815,0.23377068963271094,0.7450326819375043,0.7732206350631566
986,(0.3139893647510519)(0.9266042536777928 + X_0 + X_1 + (2)(X_3) + X_4 - (sqrt(X_0))),15,0.2501182380476581,0.233770689632711,0.2501182380476581,0.233770689632711,0.7450326819375044,0.7732206350631565
987,(0.3343893344194384)(X_0 + X_1 + (1.7695575641611199)(X_3) + X_4),11,0.26812770149078646,0.2567897440445142,0.26812770149078646,0.2567897440445142,0.7266740663096265,0.7508900060644692
988,(0.31398936475105205)(0.926604253677789 + X_0 + X_1 + (2)(X_3) + X_4 - (sqrt(X_0))),15,0.25011823804765815,0.23377068963271072,0.25011823804765815,0.23377068963271072,0.7450326819375043,0.7732206350631567
989,(0.31398936475105177)(0.9266042536778003 + X_0 + X_1 + (2)(X_3) + X_4 - (sqrt(X_0))),15,0.25011823804765815,0.23377068963271133,0.25011823804765815,0.23377068963271133,0.7450326819375042,0.7732206350631563
990,(0.3343893344194384)(X_0 + X_1 + (1.7695575641611199)(X_3) + X_4),11,0.26812770149078646,0.2567897440445142,0.26812770149078646,0.2567897440445142,0.7266740663096265,0.7508900060644692
991,(0.3343893344194384)(X_0 + X_1 + (1.7695575641611199)(X_3) + X_4),11,0.26812770149078646,0.2567897440445142,0.26812770149078646,0.2567897440445142,0.7266740663096265,0.7508900060644692
992,(0.3123036441860405)(X_0 + X_1 + (2)(X_3) + X_4),11,0.2706778748540214,0.2651505657670285,0.2706778748540214,0.2651505657670285,0.7240744523506695,0.7427792294587238
993,(0.3123036441860396)(X_0 + X_1 + (2)(X_3) + X_4),11,0.27067787485402134,0.26515056576702895,0.27067787485402134,0.26515056576702895,0.7240744523506695,0.7427792294587233
994,(0.3144952763183157)(0.9365359105568376 + X_0 + X_1 + (2)(X_3) + X_4 - (sqrt(X_1))),15,0.24825654160215901,0.24521573703069433,0.24825654160215901,0.24521573703069433,0.7469304713728551,0.7621178719893741
995,(0.313989364751052)(0.9266042536777943 + X_0 + X_1 + (2)(X_3) + X_4 - (sqrt(X_0))),15,0.2501182380476581,0.233770689632711,0.2501182380476581,0.233770689632711,0.7450326819375044,0.7732206350631565
996,(0.313989364751052)(0.9266042536777942 + X_0 + X_1 + (2)(X_3) + X_4 - (sqrt(X_0))),15,0.2501182380476581,0.233770689632711,0.2501182380476581,0.233770689632711,0.7450326819375044,0.7732206350631565
997,(0.3123036441860356)(X_0 + X_1 + (2)(X_3) + X_4),11,0.27067787485402134,0.2651505657670309,0.27067787485402134,0.2651505657670309,0.7240744523506695,0.7427792294587214
998,(0.3371904854006331)(X_0 + X_1 + X_3 + X_4 + sin(X_3)),11,0.27048588010093827,0.253800656138313,0.27048588010093827,0.253800656138313,0.7242701693349958,0.7537897000259908
999,(0.313989364751052)(0.9266042536777942 + X_0 + X_1 + (2)(X_3) + X_4 - (sqrt(X_0))),15,0.2501182380476581,0.233770689632711,0.2501182380476581,0.233770689632711,0.7450326819375044,0.7732206350631565
1000,(0.31230364418603485)(X_0 + X_1 + (2)(X_3) + X_4),11,0.2706778748540214,0.26515056576703133,0.2706778748540214,0.26515056576703133,0.7240744523506695,0.742779229458721
1001,(0.31398936475105205)(0.9266042536777948 + X_0 + X_1 + (2)(X_3) + X_4 - (sqrt(X_0))),15,0.2501182380476581,0.233770689632711,0.2501182380476581,0.233770689632711,0.7450326819375044,0.7732206350631565
1002,(0.3139893647510516)(0.926604253677759 + X_0 + X_1 + (2)(X_3) + X_4 - (sqrt(X_0))),15,0.2501182380476581,0.23377068963270997,0.2501182380476581,0.23377068963270997,0.7450326819375044,0.7732206350631575
1003,(0.313989364751052)(0.9266042536777942 + X_0 + X_1 + (2)(X_3) + X_4 - (sqrt(X_0))),15,0.2501182380476581,0.233770689632711,0.2501182380476581,0.233770689632711,0.7450326819375044,0.7732206350631565
1004,(0.3123036441860356)(X_0 + X_1 + (2)(X_3) + X_4),11,0.27067787485402134,0.2651505657670309,0.27067787485402134,0.2651505657670309,0.7240744523506695,0.7427792294587214
1005,(0.313989364751052)(0.9266042536777943 + X_0 + X_1 + (2)(X_3) + X_4 - (sqrt(X_0))),15,0.2501182380476581,0.233770689632711,0.2501182380476581,0.233770689632711,0.7450326819375044,0.7732206350631565
1006,(0.31230364418603496)(X_0 + X_1 + (2)(X_3) + X_4),11,0.27067787485402134,0.2651505657670313,0.27067787485402134,0.2651505657670313,0.7240744523506695,0.742779229458721
1007,(0.3123036441860356)(X_0 + X_1 + (2)(X_3) + X_4),11,0.27067787485402134,0.2651505657670309,0.27067787485402134,0.2651505657670309,0.7240744523506695,0.7427792294587214
1008,(0.3123036441860356)(X_0 + X_1 + (2)(X_3) + X_4),11,0.27067787485402134,0.2651505657670309,0.27067787485402134,0.2651505657670309,0.7240744523506695,0.7427792294587214
1009,(0.31398936475105205)(0.9266042536777938 + X_0 + X_1 + (2)(X_3) + X_4 - (sqrt(X_0))),15,0.2501182380476581,0.23377068963271092,0.2501182380476581,0.23377068963271092,0.7450326819375044,0.7732206350631566
1010,(0.3123036441860363)(X_0 + X_1 + (2)(X_3) + X_4),11,0.27067787485402134,0.26515056576703055,0.27067787485402134,0.26515056576703055,0.7240744523506695,0.7427792294587217
1011,(0.3343893344194384)(X_0 + X_1 + (1.7695575641611199)(X_3) + X_4),11,0.26812770149078646,0.2567897440445142,0.26812770149078646,0.2567897440445142,0.7266740663096265,0.7508900060644692
1012,(0.33438933441943863)(X_0 + X_1 + (1.7695575641611168)(X_3) + X_4),11,0.26812770149078646,0.25678974404451416,0.26812770149078646,0.25678974404451416,0.7266740663096265,0.7508900060644692
1013,(0.31398936475105205)(0.926604253677794 + X_0 + X_1 + (2)(X_3) + X_4 - (sqrt(X_0))),15,0.2501182380476581,0.233770689632711,0.2501182380476581,0.233770689632711,0.7450326819375044,0.7732206350631565
1014,(0.3123036441860325)(X_0 + X_1 + (2)(X_3) + X_4),11,0.27067787485402134,0.26515056576703255,0.27067787485402134,0.26515056576703255,0.7240744523506695,0.7427792294587199
1015,(0.3139893647510523)(0.926604253677783 + X_0 + X_1 + (2)(X_3) + X_4 - (sqrt(X_0))),15,0.25011823804765815,0.23377068963271044,0.25011823804765815,0.23377068963271044,0.7450326819375042,0.7732206350631571
1016,(0.3343893344194384)(X_0 + X_1 + (1.7695575641611196)(X_3) + X_4),11,0.26812770149078646,0.2567897440445142,0.26812770149078646,0.2567897440445142,0.7266740663096265,0.7508900060644691
1017,(0.3123036441860356)(X_0 + X_1 + (2)(X_3) + X_4),11,0.27067787485402134,0.2651505657670309,0.27067787485402134,0.2651505657670309,0.7240744523506695,0.7427792294587214
1018,(0.3029204502044744)(X_0 + (1.200040077224811)(X_1) + (2)(X_3) + X_4),13,0.26764581351279876,0.2649115560570468,0.26764581351279876,0.2649115560570468,0.7271652967225429,0.7430110911618677
1019,(0.31398936475105255)(0.9266042536777728 + X_0 + X_1 + (2)(X_3) + X_4 - (sqrt(X_0))),15,0.25011823804765815,0.23377068963270997,0.25011823804765815,0.23377068963270997,0.7450326819375042,0.7732206350631575
1020,(0.3123036441860354)(X_0 + X_1 + (2)(X_3) + X_4),11,0.27067787485402134,0.26515056576703105,0.27067787485402134,0.26515056576703105,0.7240744523506695,0.7427792294587212
1021,(0.31230364418603296)(X_0 + X_1 + (2)(X_3) + X_4),11,0.27067787485402134,0.26515056576703233,0.27067787485402134,0.26515056576703233,0.7240744523506695,0.7427792294587201
1022,(0.313989364751052)(0.9266042536778079 + X_0 + X_1 + (2)(X_3) + X_4 - (sqrt(X_0))),15,0.2501182380476581,0.23377068963271141,0.2501182380476581,0.23377068963271141,0.7450326819375044,0.7732206350631562
1023,(0.313989364751052)(0.926604253677747 + X_0 + X_1 + (2)(X_3) + X_4 - (sqrt(X_0))),15,0.25011823804765815,0.23377068963270936,0.25011823804765815,0.23377068963270936,0.7450326819375042,0.7732206350631581
1024,(0.3564187920574628)(X_0 + X_1 + (1.6608908789927288)(X_3) + (0.8078588455953436)(X_4)),13,0.2652785456450027,0.2504407723086074,0.2652785456450027,0.2504407723086074,0.7295784591696272,0.7570491006050768
1025,(0.313989364751052)(0.9266042536777666 + X_0 + X_1 + (2)(X_3) + X_4 - (sqrt(X_0))),15,0.25011823804765815,0.23377068963271005,0.25011823804765815,0.23377068963271005,0.7450326819375042,0.7732206350631574
1026,(0.313989364751052)(0.9266042536777942 + X_0 + X_1 + (2)(X_3) + X_4 - (sqrt(X_0))),15,0.2501182380476581,0.233770689632711,0.2501182380476581,0.233770689632711,0.7450326819375044,0.7732206350631565
1027,(0.3343893344194384)(X_0 + X_1 + (1.7695575641611196)(X_3) + X_4),11,0.26812770149078646,0.2567897440445142,0.26812770149078646,0.2567897440445142,0.7266740663096265,0.7508900060644691
1028,(0.313989364751052)(0.9266042536777666 + X_0 + X_1 + (2)(X_3) + X_4 - (sqrt(X_0))),15,0.25011823804765815,0.23377068963271005,0.25011823804765815,0.23377068963271005,0.7450326819375042,0.7732206350631574
1029,(0.3343893344194384)(X_0 + X_1 + (1.769557564161122)(X_3) + X_4),11,0.26812770149078646,0.25678974404451416,0.26812770149078646,0.25678974404451416,0.7266740663096265,0.7508900060644692
1030,(0.3139893647510519)(0.9266042536777852 + X_0 + X_1 + (2)(X_3) + X_4 - (sqrt(X_0))),15,0.2501182380476581,0.23377068963271072,0.2501182380476581,0.23377068963271072,0.7450326819375044,0.7732206350631567
1031,(0.313989364751052)(0.9266042536777666 + X_0 + X_1 + (2)(X_3) + X_4 - (sqrt(X_0))),15,0.25011823804765815,0.23377068963271005,0.25011823804765815,0.23377068963271005,0.7450326819375042,0.7732206350631574
1032,(0.31398936475105205)(0.9266042536777943 + X_0 + X_1 + (2)(X_3) + X_4 - (sqrt(X_0))),15,0.2501182380476581,0.23377068963271092,0.2501182380476581,0.23377068963271092,0.7450326819375044,0.7732206350631566
1033,(0.3123036441860356)(X_0 + X_1 + (2)(X_3) + X_4),11,0.27067787485402134,0.2651505657670309,0.27067787485402134,0.2651505657670309,0.7240744523506695,0.7427792294587214
1034,(0.313989364751052)(0.9266042536777666 + X_0 + X_1 + (2)(X_3) + X_4 - (sqrt(X_0))),15,0.25011823804765815,0.23377068963271005,0.25011823804765815,0.23377068963271005,0.7450326819375042,0.7732206350631574
1035,(0.3123036441860356)(X_0 + X_1 + (2)(X_3) + X_4),11,0.27067787485402134,0.2651505657670309,0.27067787485402134,0.2651505657670309,0.7240744523506695,0.7427792294587214
1036,(0.3123036441860312)(X_0 + X_1 + (2)(X_3) + X_4),11,0.27067787485402134,0.2651505657670331,0.27067787485402134,0.2651505657670331,0.7240744523506695,0.7427792294587192
1037,(0.3343893344194384)(X_0 + X_1 + (1.7695575641611196)(X_3) + X_4),11,0.26812770149078646,0.2567897440445142,0.26812770149078646,0.2567897440445142,0.7266740663096265,0.7508900060644691
1038,(-1.3648256126506524e-06)(X_0 + X_1 + (-438026.92588987836)(X_3) + (-226969.49231183657)(X_4)),13,0.5199200389992797,0.5950939975064736,0.5199200389992797,0.5950939975064736,0.4700001927674873,0.42270333785522773
1039,(0.3343893344194381)(X_0 + X_1 + (1.769557564161115)(X_3) + X_4),11,0.26812770149078646,0.2567897440445145,0.26812770149078646,0.2567897440445145,0.7266740663096265,0.7508900060644689
1040,(0.31230364418602985)(X_0 + X_1 + (2)(X_3) + X_4),11,0.27067787485402134,0.2651505657670339,0.27067787485402134,0.2651505657670339,0.7240744523506695,0.7427792294587185
1041,(0.313989364751052)(0.9266042536777942 + X_0 + X_1 + (2)(X_3) + X_4 - (sqrt(X_0))),15,0.2501182380476581,0.233770689632711,0.2501182380476581,0.233770689632711,0.7450326819375044,0.7732206350631565
1042,(0.3343893344194384)(X_0 + X_1 + (1.7695575641611199)(X_3) + X_4),11,0.26812770149078646,0.2567897440445142,0.26812770149078646,0.2567897440445142,0.7266740663096265,0.7508900060644692
1043,(0.3123036441860334)(X_0 + X_1 + (2)(X_3) + X_4),11,0.27067787485402134,0.26515056576703205,0.27067787485402134,0.26515056576703205,0.7240744523506695,0.7427792294587203
1044,(0.3123036441860325)(X_0 + X_1 + (2)(X_3) + X_4),11,0.27067787485402134,0.26515056576703255,0.27067787485402134,0.26515056576703255,0.7240744523506695,0.7427792294587199
1045,(0.3123036441860363)(X_0 + X_1 + (2)(X_3) + X_4),11,0.27067787485402134,0.26515056576703055,0.27067787485402134,0.26515056576703055,0.7240744523506695,0.7427792294587217
1046,(0.3123036441860365)(X_0 + X_1 + (2)(X_3) + X_4),11,0.27067787485402134,0.2651505657670305,0.27067787485402134,0.2651505657670305,0.7240744523506695,0.7427792294587219
1047,(0.3123036441860356)(X_0 + X_1 + (2)(X_3) + X_4),11,0.27067787485402134,0.2651505657670309,0.27067787485402134,0.2651505657670309,0.7240744523506695,0.7427792294587214
1048,(0.3144952763183156)(0.9365359105568429 + X_0 + X_1 + (2)(X_3) + X_4 - (sqrt(X_1))),15,0.24825654160215901,0.24521573703069457,0.24825654160215901,0.24521573703069457,0.7469304713728551,0.7621178719893738
1049,(0.313989364751052)(0.9266042536777666 + X_0 + X_1 + (2)(X_3) + X_4 - (sqrt(X_0))),15,0.25011823804765815,0.23377068963271005,0.25011823804765815,0.23377068963271005,0.7450326819375042,0.7732206350631574
1050,(0.31398936475105194)(0.9266042536777916 + X_0 + X_1 + (2)(X_3) + X_4 - (sqrt(X_0))),15,0.25011823804765815,0.23377068963271094,0.25011823804765815,0.23377068963271094,0.7450326819375043,0.7732206350631566
1051,(0.33438933441943874)(X_0 + X_1 + (1.7695575641611487)(X_3) + X_4),11,0.26812770149078646,0.25678974404451343,0.26812770149078646,0.25678974404451343,0.7266740663096265,0.7508900060644699
1052,(0.31398936475105227)(0.9266042536778389 + X_0 + X_1 + (2)(X_3) + X_4 - (sqrt(X_0))),15,0.25011823804765815,0.2337706896327123,0.25011823804765815,0.2337706896327123,0.7450326819375043,0.7732206350631553
1053,(0.31398936475105205)(0.9266042536778111 + X_0 + X_1 + (2)(X_3) + X_4 - (sqrt(X_0))),15,0.2501182380476581,0.2337706896327115,0.2501182380476581,0.2337706896327115,0.7450326819375044,0.7732206350631561
1054,(0.3123036441860356)(X_0 + X_1 + (2)(X_3) + X_4),11,0.27067787485402134,0.2651505657670309,0.27067787485402134,0.2651505657670309,0.7240744523506695,0.7427792294587214
1055,(0.313989364751052)(0.9266042536777666 + X_0 + X_1 + (2)(X_3) + X_4 - (sqrt(X_0))),15,0.25011823804765815,0.23377068963271005,0.25011823804765815,0.23377068963271005,0.7450326819375042,0.7732206350631574
1056,(0.3123036441860405)(X_0 + X_1 + (2)(X_3) + X_4),11,0.2706778748540214,0.2651505657670285,0.2706778748540214,0.2651505657670285,0.7240744523506695,0.7427792294587238
1057,(0.3343893344194384)(X_0 + X_1 + (1.7695575641611092)(X_3) + X_4),11,0.26812770149078646,0.2567897440445144,0.26812770149078646,0.2567897440445144,0.7266740663096265,0.750890006064469
1058,(0.31398936475105205)(0.9266042536777928 + X_0 + X_1 + (2)(X_3) + X_4 - (sqrt(X_0))),15,0.25011823804765815,0.23377068963271092,0.25011823804765815,0.23377068963271092,0.7450326819375043,0.7732206350631566
1059,(0.313989364751052)(0.9266042536777942 + X_0 + X_1 + (2)(X_3) + X_4 - (sqrt(X_0))),15,0.2501182380476581,0.233770689632711,0.2501182380476581,0.233770689632711,0.7450326819375044,0.7732206350631565
1060,(0.313989364751052)(0.9266042536777666 + X_0 + X_1 + (2)(X_3) + X_4 - (sqrt(X_0))),15,0.25011823804765815,0.23377068963271005,0.25011823804765815,0.23377068963271005,0.7450326819375042,0.7732206350631574
1061,(0.313989364751052)(0.9266042536777666 + X_0 + X_1 + (2)(X_3) + X_4 - (sqrt(X_0))),15,0.25011823804765815,0.23377068963271005,0.25011823804765815,0.23377068963271005,0.7450326819375042,0.7732206350631574
1062,(0.313989364751052)(0.9266042536777943 + X_0 + X_1 + (2)(X_3) + X_4 - (sqrt(X_0))),15,0.2501182380476581,0.233770689632711,0.2501182380476581,0.233770689632711,0.7450326819375044,0.7732206350631565
1063,(0.313989364751052)(0.9266042536777666 + X_0 + X_1 + (2)(X_3) + X_4 - (sqrt(X_0))),15,0.25011823804765815,0.23377068963271005,0.25011823804765815,0.23377068963271005,0.7450326819375042,0.7732206350631574
1064,(0.35641879205746285)(X_0 + X_1 + (1.6608908789927357)(X_3) + (0.8078588455953462)(X_4)),13,0.2652785456450027,0.2504407723086072,0.2652785456450027,0.2504407723086072,0.7295784591696272,0.757049100605077
1065,(0.31398936475105205)(0.9266042536777949 + X_0 + X_1 + (2)(X_3) + X_4 - (sqrt(X_0))),15,0.25011823804765815,0.23377068963271094,0.25011823804765815,0.23377068963271094,0.7450326819375043,0.7732206350631566
1066,(0.31230364418603074)(X_0 + X_1 + (2)(X_3) + X_4),11,0.27067787485402134,0.2651505657670334,0.27067787485402134,0.2651505657670334,0.7240744523506695,0.742779229458719
1067,(0.3123036441860325)(X_0 + X_1 + (2)(X_3) + X_4),11,0.27067787485402134,0.26515056576703255,0.27067787485402134,0.26515056576703255,0.7240744523506695,0.7427792294587199
1068,(0.33438933441943897)(X_0 + X_1 + (1.769557564161146)(X_3) + X_4),11,0.26812770149078646,0.2567897440445134,0.26812770149078646,0.2567897440445134,0.7266740663096265,0.7508900060644699
1069,(0.34102325040609716)(X_0 + X_1 + X_3 + (0.8172683907367907)(0.9324225380185887 + X_3 + X_4 - (sqrt(X_0)))),16,0.2474262898582254,0.2279347973865235,0.2474262898582254,0.2279347973865235,0.7477768193326033,0.77888199466093
1070,(0.313989364751052)(0.9266042536777942 + X_0 + X_1 + (2)(X_3) + X_4 - (sqrt(X_0))),15,0.2501182380476581,0.233770689632711,0.2501182380476581,0.233770689632711,0.7450326819375044,0.7732206350631565
1071,(0.313989364751052)(0.9266042536778101 + X_0 + X_1 + (2)(X_3) + X_4 - (sqrt(X_0))),15,0.2501182380476581,0.2337706896327115,0.2501182380476581,0.2337706896327115,0.7450326819375044,0.7732206350631561
1072,(0.3123036441860414)(X_0 + X_1 + (2)(X_3) + X_4),11,0.27067787485402134,0.265150565767028,0.27067787485402134,0.265150565767028,0.7240744523506695,0.7427792294587242
1073,(0.3123036441860414)(X_0 + X_1 + (2)(X_3) + X_4),11,0.27067787485402134,0.265150565767028,0.27067787485402134,0.265150565767028,0.7240744523506695,0.7427792294587242
1074,(0.33881631135698637)(0.92230298224692 + X_0 + X_1 + X_3 + X_4 + sin(X_3) - (sqrt(X_0))),15,0.24899232472590893,0.22070755160054562,0.24899232472590893,0.22070755160054562,0.7461804235106819,0.785893096917426
1075,(0.3123036441860356)(X_0 + X_1 + (2)(X_3) + X_4),11,0.27067787485402134,0.2651505657670309,0.27067787485402134,0.2651505657670309,0.7240744523506695,0.7427792294587214
1076,(0.31398936475105205)(0.9266042536777793 + X_0 + X_1 + (2)(X_3) + X_4 - (sqrt(X_0))),15,0.25011823804765815,0.23377068963271047,0.25011823804765815,0.23377068963271047,0.7450326819375043,0.7732206350631571
1077,(0.313989364751052)(0.926604253677811 + X_0 + X_1 + (2)(X_3) + X_4 - (sqrt(X_0))),15,0.2501182380476581,0.2337706896327115,0.2501182380476581,0.2337706896327115,0.7450326819375044,0.7732206350631561
1078,(0.31230364418603074)(X_0 + X_1 + (2)(X_3) + X_4),11,0.27067787485402134,0.2651505657670334,0.27067787485402134,0.2651505657670334,0.7240744523506695,0.742779229458719
1079,(0.3343893344194384)(X_0 + X_1 + (1.7695575641611199)(X_3) + X_4),11,0.26812770149078646,0.2567897440445142,0.26812770149078646,0.2567897440445142,0.7266740663096265,0.7508900060644692
1080,(0.312303644186035)(X_0 + X_1 + (2)(X_3) + X_4),11,0.27067787485402134,0.2651505657670313,0.27067787485402134,0.2651505657670313,0.7240744523506695,0.742779229458721
1081,(0.33438933441943824)(X_0 + X_1 + (1.7695575641610901)(X_3) + X_4),11,0.26812770149078646,0.25678974404451493,0.26812770149078646,0.25678974404451493,0.7266740663096265,0.7508900060644684
1082,(-1.8178627642677435e-06)(X_0 + X_1 + (-331173.9072596322)(X_3) + X_4),11,0.608464854008325,0.7129016090915261,0.608464854008325,0.7129016090915261,0.37973874607164737,0.3084189706321172
1083,(0.31398936475105227)(0.9266042536777879 + X_0 + X_1 + (2)(X_3) + X_4 - (sqrt(X_0))),15,0.25011823804765815,0.23377068963271064,0.25011823804765815,0.23377068963271064,0.7450326819375043,0.7732206350631569
1084,(0.3139893647510517)(0.926604253677755 + X_0 + X_1 + (2)(X_3) + X_4 - (sqrt(X_0))),15,0.25011823804765815,0.2337706896327098,0.25011823804765815,0.2337706896327098,0.7450326819375043,0.7732206350631577
1085,(0.3343893344194384)(X_0 + X_1 + (1.769557564161156)(X_3) + X_4),11,0.26812770149078646,0.2567897440445134,0.26812770149078646,0.2567897440445134,0.7266740663096265,0.7508900060644699
1086,(0.3123036441860334)(X_0 + X_1 + (2)(X_3) + X_4),11,0.27067787485402134,0.26515056576703205,0.27067787485402134,0.26515056576703205,0.7240744523506695,0.7427792294587203
1087,(0.3123036441860312)(X_0 + X_1 + (2)(X_3) + X_4),11,0.27067787485402134,0.2651505657670331,0.27067787485402134,0.2651505657670331,0.7240744523506695,0.7427792294587192
1088,(0.33438933441943836)(X_0 + X_1 + (1.769557564161122)(X_3) + X_4),11,0.26812770149078646,0.25678974404451416,0.26812770149078646,0.25678974404451416,0.7266740663096265,0.7508900060644692
1089,(0.35641879205746274)(X_0 + X_1 + (1.660890878992717)(X_3) + (0.8078588455953559)(X_4)),13,0.26527854564500275,0.25044077230860723,0.26527854564500275,0.25044077230860723,0.729578459169627,0.7570491006050769
1090,(0.3123036441860356)(X_0 + X_1 + (2)(X_3) + X_4),11,0.27067787485402134,0.2651505657670309,0.27067787485402134,0.2651505657670309,0.7240744523506695,0.7427792294587214
1091,(0.33438933441943847)(X_0 + X_1 + (1.7695575641611205)(X_3) + X_4),11,0.26812770149078646,0.25678974404451416,0.26812770149078646,0.25678974404451416,0.7266740663096265,0.7508900060644692
1092,(0.35641879205746274)(X_0 + X_1 + (1.660890878992717)(X_3) + (0.8078588455953559)(X_4)),13,0.26527854564500275,0.25044077230860723,0.26527854564500275,0.25044077230860723,0.729578459169627,0.7570491006050769
1093,(0.33438933441943847)(X_0 + X_1 + (1.769557564161115)(X_3) + X_4),11,0.26812770149078646,0.2567897440445142,0.26812770149078646,0.2567897440445142,0.7266740663096265,0.7508900060644691
1094,(0.33438933441943836)(X_0 + X_1 + (1.7695575641611265)(X_3) + X_4),11,0.26812770149078646,0.25678974404451405,0.26812770149078646,0.25678974404451405,0.7266740663096265,0.7508900060644692
1095,(0.3343893344194384)(X_0 + X_1 + (1.7695575641611199)(X_3) + X_4),11,0.26812770149078646,0.2567897440445142,0.26812770149078646,0.2567897440445142,0.7266740663096265,0.7508900060644692
1096,(0.313989364751052)(0.9266042536777666 + X_0 + X_1 + (2)(X_3) + X_4 - (sqrt(X_0))),15,0.25011823804765815,0.23377068963271005,0.25011823804765815,0.23377068963271005,0.7450326819375042,0.7732206350631574
1097,(0.313989364751052)(0.9266042536777942 + X_0 + X_1 + (2)(X_3) + X_4 - (sqrt(X_0))),15,0.2501182380476581,0.233770689632711,0.2501182380476581,0.233770689632711,0.7450326819375044,0.7732206350631565
1098,(0.313989364751052)(0.9266042536778123 + X_0 + X_1 + (2)(X_3) + X_4 - (sqrt(X_0))),15,0.25011823804765815,0.2337706896327115,0.25011823804765815,0.2337706896327115,0.7450326819375043,0.7732206350631561
1099,(0.3343893344194384)(X_0 + X_1 + (1.7695575641611199)(X_3) + X_4),11,0.26812770149078646,0.2567897440445142,0.26812770149078646,0.2567897440445142,0.7266740663096265,0.7508900060644692
1100,(0.3343893344194383)(X_0 + X_1 + (1.7695575641611214)(X_3) + X_4),11,0.26812770149078646,0.2567897440445142,0.26812770149078646,0.2567897440445142,0.7266740663096265,0.7508900060644692
1101,(-1.7363470249750422e-06)(X_0 + X_1 + (-346715.614410727)(X_3) + X_4),11,0.6084646908891294,0.7129010566362994,0.6084646908891294,0.7129010566362994,0.3797389123532594,0.30841950656519623
1102,(0.313989364751052)(0.9266042536777666 + X_0 + X_1 + (2)(X_3) + X_4 - (sqrt(X_0))),15,0.25011823804765815,0.23377068963271005,0.25011823804765815,0.23377068963271005,0.7450326819375042,0.7732206350631574
1103,(0.3123036441860325)(X_0 + X_1 + (2)(X_3) + X_4),11,0.27067787485402134,0.26515056576703255,0.27067787485402134,0.26515056576703255,0.7240744523506695,0.7427792294587199
1104,(0.3343893344194384)(X_0 + X_1 + (1.7695575641611199)(X_3) + X_4),11,0.26812770149078646,0.2567897440445142,0.26812770149078646,0.2567897440445142,0.7266740663096265,0.7508900060644692
1105,(0.3343893344194384)(X_0 + X_1 + (1.7695575641611199)(X_3) + X_4),11,0.26812770149078646,0.2567897440445142,0.26812770149078646,0.2567897440445142,0.7266740663096265,0.7508900060644692
1106,(0.3123036441860363)(X_0 + X_1 + (2)(X_3) + X_4),11,0.27067787485402134,0.26515056576703055,0.27067787485402134,0.26515056576703055,0.7240744523506695,0.7427792294587217
1107,(0.313989364751052)(0.9266042536777666 + X_0 + X_1 + (2)(X_3) + X_4 - (sqrt(X_0))),15,0.25011823804765815,0.23377068963271005,0.25011823804765815,0.23377068963271005,0.7450326819375042,0.7732206350631574
1108,(0.31398936475105227)(0.9266042536777865 + X_0 + X_1 + (2)(X_3) + X_4 - (sqrt(X_0))),15,0.25011823804765815,0.23377068963271055,0.25011823804765815,0.23377068963271055,0.7450326819375043,0.773220635063157
1109,(0.31398936475105227)(0.9266042536778012 + X_0 + X_1 + (2)(X_3) + X_4 - (sqrt(X_0))),15,0.25011823804765815,0.23377068963271108,0.25011823804765815,0.23377068963271108,0.7450326819375043,0.7732206350631565
1110,(0.3126030396775177)(0.06454580242222296 + X_0 + X_1 + (2)(X_3) + X_4),13,0.2702714078585728,0.2670310438798193,0.2702714078585728,0.2670310438798193,0.72448879958308,0.74095499035986
1111,(0.31449527631831564)(0.9365359105568394 + X_0 + X_1 + (2)(X_3) + X_4 - (sqrt(X_1))),15,0.248256541602159,0.2452157370306944,0.248256541602159,0.2452157370306944,0.7469304713728551,0.762117871989374
1112,(0.3068854340700215)(0.0629923342897133 + (1.1391595582163936)(X_0) + X_1 + (2)(X_3) + X_4),15,0.2687260145911368,0.2571307916860554,0.2687260145911368,0.2571307916860554,0.7260641536229357,0.7505591580540387
1113,(0.313989364751052)(0.9266042536777942 + X_0 + X_1 + (2)(X_3) + X_4 - (sqrt(X_0))),15,0.2501182380476581,0.233770689632711,0.2501182380476581,0.233770689632711,0.7450326819375044,0.7732206350631565
1114,(0.31398936475105205)(0.9266042536777943 + X_0 + X_1 + (2)(X_3) + X_4 - (sqrt(X_0))),15,0.2501182380476581,0.23377068963271092,0.2501182380476581,0.23377068963271092,0.7450326819375044,0.7732206350631566
1115,(0.3343893344194384)(X_0 + X_1 + (1.7695575641611199)(X_3) + X_4),11,0.26812770149078646,0.2567897440445142,0.26812770149078646,0.2567897440445142,0.7266740663096265,0.7508900060644692
1116,(0.3343893344194384)(X_0 + X_1 + (1.7695575641611196)(X_3) + X_4),11,0.26812770149078646,0.2567897440445142,0.26812770149078646,0.2567897440445142,0.7266740663096265,0.7508900060644691
1117,(0.33438933441943847)(X_0 + X_1 + (1.7695575641611745)(X_3) + X_4),11,0.26812770149078646,0.25678974404451294,0.26812770149078646,0.25678974404451294,0.7266740663096265,0.7508900060644703
1118,(0.33438933441943874)(X_0 + X_1 + (1.7695575641611487)(X_3) + X_4),11,0.26812770149078646,0.25678974404451343,0.26812770149078646,0.25678974404451343,0.7266740663096265,0.7508900060644699
1119,(0.31230364418603074)(X_0 + X_1 + (2)(X_3) + X_4),11,0.27067787485402134,0.2651505657670334,0.27067787485402134,0.2651505657670334,0.7240744523506695,0.742779229458719
1120,(0.3246977591548471)(X_0 + X_1 + X_3 + X_4 + (X_3)(sqrt(X_24))),13,0.2690694866887674,0.26771910984998815,0.2690694866887674,0.26771910984998815,0.7257140225799309,0.7402875022158386
1121,(0.33438933441943847)(X_0 + X_1 + (1.7695575641611083)(X_3) + X_4),11,0.26812770149078646,0.2567897440445144,0.26812770149078646,0.2567897440445144,0.7266740663096265,0.750890006064469
1122,(0.3139893647510521)(0.926604253677775 + X_0 + X_1 + (2)(X_3) + X_4 - (sqrt(X_0))),15,0.25011823804765815,0.2337706896327103,0.25011823804765815,0.2337706896327103,0.7450326819375043,0.7732206350631572
1123,(0.3139893647510521)(0.9266042536778045 + X_0 + X_1 + (2)(X_3) + X_4 - (sqrt(X_0))),15,0.25011823804765815,0.2337706896327112,0.25011823804765815,0.2337706896327112,0.7450326819375043,0.7732206350631563
1124,(0.3144952763183159)(0.9365359105568225 + X_0 + X_1 + (2)(X_3) + X_4 - (sqrt(X_1))),15,0.24825654160215901,0.24521573703069363,0.24825654160215901,0.24521573703069363,0.7469304713728551,0.7621178719893748
1125,(0.3343893344194384)(X_0 + X_1 + (1.7695575641611192)(X_3) + X_4),11,0.26812770149078646,0.2567897440445142,0.26812770149078646,0.2567897440445142,0.7266740663096265,0.7508900060644692
1126,(0.3123036441860392)(X_0 + X_1 + (2)(X_3) + X_4),11,0.27067787485402134,0.2651505657670291,0.27067787485402134,0.2651505657670291,0.7240744523506695,0.7427792294587232
1127,(0.33438933441943836)(X_0 + X_1 + (1.7695575641611212)(X_3) + X_4),11,0.26812770149078646,0.25678974404451416,0.26812770149078646,0.25678974404451416,0.7266740663096265,0.7508900060644692
1128,(0.3343893344194384)(X_0 + X_1 + (1.7695575641611199)(X_3) + X_4),11,0.26812770149078646,0.2567897440445142,0.26812770149078646,0.2567897440445142,0.7266740663096265,0.7508900060644692
1129,(0.3343893344194384)(X_0 + X_1 + (1.7695575641611199)(X_3) + X_4),11,0.26812770149078646,0.2567897440445142,0.26812770149078646,0.2567897440445142,0.7266740663096265,0.7508900060644692
1130,(0.3139893647510523)(0.9266042536779082 + X_0 + X_1 + (2)(X_3) + X_4 - (sqrt(X_0))),15,0.25011823804765815,0.23377068963271455,0.25011823804765815,0.23377068963271455,0.7450326819375042,0.7732206350631531
1131,(0.33438933441943824)(X_0 + X_1 + (1.7695575641611245)(X_3) + X_4),11,0.26812770149078646,0.25678974404451416,0.26812770149078646,0.25678974404451416,0.7266740663096265,0.7508900060644692
1132,(0.3123036441860356)(X_0 + X_1 + (2)(X_3) + X_4),11,0.27067787485402134,0.2651505657670309,0.27067787485402134,0.2651505657670309,0.7240744523506695,0.7427792294587214
1133,(0.3343893344194384)(X_0 + X_1 + (1.7695575641610963)(X_3) + X_4),11,0.26812770149078646,0.2567897440445147,0.26812770149078646,0.2567897440445147,0.7266740663096265,0.7508900060644687
1134,(0.31398936475105205)(0.9266042536777943 + X_0 + X_1 + (2)(X_3) + X_4 - (sqrt(X_0))),15,0.2501182380476581,0.23377068963271092,0.2501182380476581,0.23377068963271092,0.7450326819375044,0.7732206350631566
1135,(0.31230364418603607)(X_0 + X_1 + (2)(X_3) + X_4),11,0.2706778748540214,0.2651505657670307,0.2706778748540214,0.2651505657670307,0.7240744523506695,0.7427792294587215
1136,(0.3343893344194384)(X_0 + X_1 + (1.7695575641611199)(X_3) + X_4),11,0.26812770149078646,0.2567897440445142,0.26812770149078646,0.2567897440445142,0.7266740663096265,0.7508900060644692
1137,(0.33438933441943813)(X_0 + X_1 + (4.760083568036737)(X_3) + X_4) - (X_3),12,0.26812770149078646,0.2567897440445151,0.26812770149078646,0.2567897440445151,0.7266740663096265,0.7508900060644683
1138,(-1.7344296987105956e-06)(X_0 + X_1 + (-347159.0218586573)(X_3) + X_4),11,0.6084646680174864,0.7129047761326881,0.6084646680174864,0.7129047761326881,0.3797389356683183,0.30841589830690586
1139,(0.31398936475105216)(0.9266042536778274 + X_0 + X_1 + (2)(X_3) + X_4 - (sqrt(X_0))),15,0.25011823804765815,0.23377068963271197,0.25011823804765815,0.23377068963271197,0.7450326819375043,0.7732206350631556
1140,(0.313989364751052)(0.9266042536777666 + X_0 + X_1 + (2)(X_3) + X_4 - (sqrt(X_0))),15,0.25011823804765815,0.23377068963271005,0.25011823804765815,0.23377068963271005,0.7450326819375042,0.7732206350631574
1141,(0.313989364751052)(0.9266042536777935 + X_0 + X_1 + (2)(X_3) + X_4 - (sqrt(X_0))),15,0.25011823804765815,0.23377068963271094,0.25011823804765815,0.23377068963271094,0.7450326819375043,0.7732206350631566
1142,(0.31398936475105177)(0.9266042536778003 + X_0 + X_1 + (2)(X_3) + X_4 - (sqrt(X_0))),15,0.25011823804765815,0.23377068963271133,0.25011823804765815,0.23377068963271133,0.7450326819375042,0.7732206350631563
1143,(0.3123036441860365)(X_0 + X_1 + (2)(X_3) + X_4),11,0.27067787485402134,0.2651505657670305,0.27067787485402134,0.2651505657670305,0.7240744523506695,0.7427792294587219
1144,(0.33438933441943824)(X_0 + X_1 + (1.769557564161155)(X_3) + X_4),11,0.26812770149078646,0.2567897440445135,0.26812770149078646,0.2567897440445135,0.7266740663096265,0.7508900060644698
1145,(0.31398936475105216)(0.9266042536778012 + X_0 + X_1 + (2)(X_3) + X_4 - (sqrt(X_0))),15,0.25011823804765815,0.2337706896327111,0.25011823804765815,0.2337706896327111,0.7450326819375043,0.7732206350631564
1146,(0.33438933441943847)(X_0 + X_1 + (1.7695575641611156)(X_3) + X_4),11,0.26812770149078646,0.2567897440445142,0.26812770149078646,0.2567897440445142,0.7266740663096265,0.7508900060644691
1147,(0.3139893647510518)(0.926604253677807 + X_0 + X_1 + (2)(X_3) + X_4 - (sqrt(X_0))),15,0.2501182380476581,0.2337706896327115,0.2501182380476581,0.2337706896327115,0.7450326819375044,0.7732206350631561
1148,(0.313989364751052)(0.9266042536777941 + X_0 + X_1 + (2)(X_3) + X_4 - (sqrt(X_0))),15,0.2501182380476581,0.233770689632711,0.2501182380476581,0.233770689632711,0.7450326819375044,0.7732206350631565
1149,(0.3343893344194384)(X_0 + X_1 + (1.7695575641611079)(X_3) + X_4),11,0.26812770149078646,0.2567897440445145,0.26812770149078646,0.2567897440445145,0.7266740663096265,0.7508900060644689
1150,(0.3139893647510521)(0.9266042536778136 + X_0 + X_1 + (2)(X_3) + X_4 - (sqrt(X_0))),15,0.25011823804765815,0.23377068963271158,0.25011823804765815,0.23377068963271158,0.7450326819375043,0.773220635063156
1151,(0.313989364751052)(0.9266042536777666 + X_0 + X_1 + (2)(X_3) + X_4 - (sqrt(X_0))),15,0.25011823804765815,0.23377068963271005,0.25011823804765815,0.23377068963271005,0.7450326819375042,0.7732206350631574
1152,(0.3123036441860356)(X_0 + X_1 + (2)(X_3) + X_4),11,0.27067787485402134,0.2651505657670309,0.27067787485402134,0.2651505657670309,0.7240744523506695,0.7427792294587214
1153,(0.31449527631831564)(0.9365359105568367 + X_0 + X_1 + (2)(X_3) + X_4 - (sqrt(X_1))),15,0.24825654160215901,0.24521573703069427,0.24825654160215901,0.24521573703069427,0.7469304713728551,0.7621178719893741
1154,(0.3123036441860356)(X_0 + X_1 + (2)(X_3) + X_4),11,0.27067787485402134,0.2651505657670309,0.27067787485402134,0.2651505657670309,0.7240744523506695,0.7427792294587214
1155,(0.313989364751052)(0.9266042536777985 + X_0 + X_1 + (2)(X_3) + X_4 - (sqrt(X_0))),15,0.25011823804765815,0.2337706896327111,0.25011823804765815,0.2337706896327111,0.7450326819375043,0.7732206350631564
1156,(0.3343893344194384)(X_0 + X_1 + (1.7695575641611199)(X_3) + X_4),11,0.26812770149078646,0.2567897440445142,0.26812770149078646,0.2567897440445142,0.7266740663096265,0.7508900060644692
1157,(0.338816311356986)(0.9223029822469115 + X_0 + X_1 + X_3 + X_4 + sin(X_3) - (sqrt(X_0))),15,0.24899232472590893,0.22070755160054553,0.24899232472590893,0.22070755160054553,0.7461804235106819,0.785893096917426
1158,(0.3343893344194384)(X_0 + X_1 + (1.7695575641611199)(X_3) + X_4),11,0.26812770149078646,0.2567897440445142,0.26812770149078646,0.2567897440445142,0.7266740663096265,0.7508900060644692
1159,(0.3126030396775177)(0.06454580242222373 + X_0 + X_1 + (2)(X_3) + X_4),13,0.27027140785857273,0.2670310438798193,0.27027140785857273,0.2670310438798193,0.72448879958308,0.74095499035986
1160,(0.313989364751052)(0.926604253677791 + X_0 + X_1 + (2)(X_3) + X_4 - (sqrt(X_0))),15,0.25011823804765815,0.2337706896327108,0.25011823804765815,0.2337706896327108,0.7450326819375043,0.7732206350631567
1161,(0.3343893344194384)(X_0 + X_1 + (1.7695575641611194)(X_3) + X_4),11,0.2681277014907864,0.2567897440445142,0.2681277014907864,0.2567897440445142,0.7266740663096265,0.7508900060644692
1162,(0.31230364418603385)(X_0 + X_1 + (2)(X_3) + X_4),11,0.27067787485402134,0.26515056576703183,0.27067787485402134,0.26515056576703183,0.7240744523506695,0.7427792294587205
1163,(0.3645378424957196)(X_0 + X_1 + (1.634339381172465)(X_3) + (5.068070382119316e-05)(X_20)),13,0.3416250317427445,0.3668635530615538,0.3416250317427445,0.3668635530615538,0.6517518322279814,0.6441081484060799
1164,(0.3123036441860383)(X_0 + X_1 + (2)(X_3) + X_4),11,0.2706778748540214,0.2651505657670296,0.2706778748540214,0.2651505657670296,0.7240744523506695,0.7427792294587227
1165,(0.33438933441943836)(X_0 + X_1 + (1.7695575641611185)(X_3) + X_4),11,0.26812770149078646,0.2567897440445142,0.26812770149078646,0.2567897440445142,0.7266740663096265,0.7508900060644691
1166,(0.3139893647510521)(0.9266042536777741 + X_0 + X_1 + (2)(X_3) + X_4 - (sqrt(X_0))),15,0.25011823804765815,0.23377068963271022,0.25011823804765815,0.23377068963271022,0.7450326819375042,0.7732206350631573
1167,(0.33438933441943824)(X_0 + X_1 + (1.7695575641611208)(X_3) + X_4),11,0.26812770149078646,0.2567897440445142,0.26812770149078646,0.2567897440445142,0.7266740663096265,0.7508900060644691
1168,(0.3123036441860365)(X_0 + X_1 + (2)(X_3) + X_4),11,0.27067787485402134,0.2651505657670305,0.27067787485402134,0.2651505657670305,0.7240744523506695,0.7427792294587219
1169,(0.3343893344194384)(X_0 + X_1 + (1.7695575641611199)(X_3) + X_4),11,0.26812770149078646,0.2567897440445142,0.26812770149078646,0.2567897440445142,0.7266740663096265,0.7508900060644692
1170,(0.313989364751052)(0.9266042536777594 + X_0 + X_1 + (2)(X_3) + X_4 - (sqrt(X_0))),15,0.25011823804765815,0.2337706896327098,0.25011823804765815,0.2337706896327098,0.7450326819375043,0.7732206350631577
1171,(0.31230364418603873)(X_0 + X_1 + (2)(X_3) + X_4),11,0.27067787485402134,0.2651505657670294,0.27067787485402134,0.2651505657670294,0.7240744523506695,0.7427792294587229
1172,(0.313989364751052)(0.9266042536777943 + X_0 + X_1 + (2)(X_3) + X_4 - (sqrt(X_0))),15,0.2501182380476581,0.233770689632711,0.2501182380476581,0.233770689632711,0.7450326819375044,0.7732206350631565
1173,(0.3343893344194384)(X_0 + X_1 + (1.7695575641611203)(X_3) + X_4),11,0.26812770149078646,0.25678974404451416,0.26812770149078646,0.25678974404451416,0.7266740663096265,0.7508900060644692
1174,(0.3123036441860383)(X_0 + X_1 + (2)(X_3) + X_4),11,0.2706778748540214,0.2651505657670296,0.2706778748540214,0.2651505657670296,0.7240744523506695,0.7427792294587227
1175,(0.31230364418604406)(X_0 + X_1 + (2)(X_3) + X_4),11,0.27067787485402134,0.2651505657670267,0.27067787485402134,0.2651505657670267,0.7240744523506695,0.7427792294587254
1176,(0.313989364751052)(0.9266042536777943 + X_0 + X_1 + (2)(X_3) + X_4 - (sqrt(X_0))),15,0.2501182380476581,0.233770689632711,0.2501182380476581,0.233770689632711,0.7450326819375044,0.7732206350631565
1177,(0.31398936475105216)(0.9266042536777996 + X_0 + X_1 + (2)(X_3) + X_4 - (sqrt(X_0))),15,0.25011823804765815,0.23377068963271103,0.25011823804765815,0.23377068963271103,0.7450326819375043,0.7732206350631565
1178,(0.35641879205746274)(X_0 + X_1 + (1.660890878992717)(X_3) + (0.8078588455953559)(X_4)),13,0.26527854564500275,0.25044077230860723,0.26527854564500275,0.25044077230860723,0.729578459169627,0.7570491006050769
1179,(0.3343893344194384)(X_0 + X_1 + (1.7695575641611199)(X_3) + X_4),11,0.26812770149078646,0.2567897440445142,0.26812770149078646,0.2567897440445142,0.7266740663096265,0.7508900060644692
1180,(0.3123036441860325)(X_0 + X_1 + (2)(X_3) + X_4),11,0.27067787485402134,0.26515056576703255,0.27067787485402134,0.26515056576703255,0.7240744523506695,0.7427792294587199
1181,(0.3465988061063749)(X_0 + X_1 + X_3 + (0.7671544837102946)(X_3 + X_4)),12,0.26635791775456713,0.25546905752851656,0.26635791775456713,0.25546905752851656,0.7284781611101363,0.7521711951213572
1182,(0.313989364751052)(0.9266042536777666 + X_0 + X_1 + (2)(X_3) + X_4 - (sqrt(X_0))),15,0.25011823804765815,0.23377068963271005,0.25011823804765815,0.23377068963271005,0.7450326819375042,0.7732206350631574
1183,(0.3343893344194383)(X_0 + X_1 + (1.7695575641611319)(X_3) + X_4),11,0.26812770149078646,0.256789744044514,0.26812770149078646,0.256789744044514,0.7266740663096265,0.7508900060644693
1184,(0.3123036441860312)(X_0 + X_1 + (2)(X_3) + X_4),11,0.27067787485402134,0.2651505657670331,0.27067787485402134,0.2651505657670331,0.7240744523506695,0.7427792294587192
1185,(0.3139893647510521)(0.9266042536777856 + X_0 + X_1 + (2)(X_3) + X_4 - (sqrt(X_0))),15,0.25011823804765815,0.23377068963271064,0.25011823804765815,0.23377068963271064,0.7450326819375042,0.7732206350631569
1186,(0.313989364751052)(0.9266042536777942 + X_0 + X_1 + (2)(X_3) + X_4 - (sqrt(X_0))),15,0.2501182380476581,0.233770689632711,0.2501182380476581,0.233770689632711,0.7450326819375044,0.7732206350631565
1187,(0.313989364751052)(0.9266042536777666 + X_0 + X_1 + (2)(X_3) + X_4 - (sqrt(X_0))),15,0.25011823804765815,0.23377068963271005,0.25011823804765815,0.23377068963271005,0.7450326819375042,0.7732206350631574
1188,(0.313989364751052)(0.9266042536778131 + X_0 + X_1 + (2)(X_3) + X_4 - (sqrt(X_0))),15,0.25011823804765815,0.23377068963271158,0.25011823804765815,0.23377068963271158,0.7450326819375042,0.773220635063156
1189,(0.3343893344194384)(X_0 + X_1 + (1.7695575641611199)(X_3) + X_4),11,0.26812770149078646,0.2567897440445142,0.26812770149078646,0.2567897440445142,0.7266740663096265,0.7508900060644692
1190,(0.3123036441860356)(X_0 + X_1 + (2)(X_3) + X_4),11,0.27067787485402134,0.2651505657670309,0.27067787485402134,0.2651505657670309,0.7240744523506695,0.7427792294587214
1191,(0.313989364751052)(0.9266042536777942 + X_0 + X_1 + (2)(X_3) + X_4 - (sqrt(X_0))),15,0.2501182380476581,0.233770689632711,0.2501182380476581,0.233770689632711,0.7450326819375044,0.7732206350631565
1192,(0.43666949086598567)(X_0 + X_1 + X_3 + (0.6534969811479814)(X_4)),11,0.30254933120454747,0.26708413553763954,0.30254933120454747,0.26708413553763954,0.6915850992676242,0.7409034865016867
1193,(0.3139893647510521)(0.926604253677803 + X_0 + X_1 + (2)(X_3) + X_4 - (sqrt(X_0))),15,0.25011823804765815,0.2337706896327112,0.25011823804765815,0.2337706896327112,0.7450326819375043,0.7732206350631563
1194,(0.3123036441860356)(X_0 + X_1 + (2)(X_3) + X_4),11,0.27067787485402134,0.2651505657670309,0.27067787485402134,0.2651505657670309,0.7240744523506695,0.7427792294587214
1195,(0.3300202183229711)(X_0 + (1.8273063456483056)(X_3) + X_4),9,0.39842023714537456,0.4006490338042011,0.39842023714537456,0.4006490338042011,0.5938555296098655,0.6113330820410816
1196,(0.31398936475105205)(0.926604253677795 + X_0 + X_1 + (2)(X_3) + X_4 - (sqrt(X_0))),15,0.25011823804765815,0.23377068963271094,0.25011823804765815,0.23377068963271094,0.7450326819375043,0.7732206350631566
1197,(0.3343893344194383)(X_0 + X_1 + (1.7695575641611185)(X_3) + X_4),11,0.2681277014907864,0.2567897440445142,0.2681277014907864,0.2567897440445142,0.7266740663096265,0.7508900060644691
1198,(0.3123036441860356)(X_0 + X_1 + (2)(X_3) + X_4),11,0.27067787485402134,0.2651505657670309,0.27067787485402134,0.2651505657670309,0.7240744523506695,0.7427792294587214
1199,(0.31398936475105194)(0.9266042536778047 + X_0 + X_1 + (2)(X_3) + X_4 - (sqrt(X_0))),15,0.2501182380476581,0.23377068963271133,0.2501182380476581,0.23377068963271133,0.7450326819375044,0.7732206350631563
1200,(0.3123036441860281)(X_0 + X_1 + (2)(X_3) + X_4),11,0.27067787485402134,0.2651505657670348,0.27067787485402134,0.2651505657670348,0.7240744523506695,0.7427792294587177
1201,(0.31398936475105194)(0.9266042536777945 + X_0 + X_1 + (2)(X_3) + X_4 - (sqrt(X_0))),15,0.2501182380476581,0.233770689632711,0.2501182380476581,0.233770689632711,0.7450326819375044,0.7732206350631565
1202,(0.3564187920574629)(X_0 + X_1 + (1.6608908789927135)(X_3) + (0.8078588455953266)(X_4)),13,0.2652785456450028,0.2504407723086081,0.2652785456450028,0.2504407723086081,0.729578459169627,0.7570491006050761
1203,(0.31230364418603673)(X_0 + X_1 + (2)(X_3) + X_4),11,0.2706778748540214,0.2651505657670304,0.2706778748540214,0.2651505657670304,0.7240744523506695,0.7427792294587219
1204,(0.3123036441860356)(X_0 + X_1 + (2)(X_3) + X_4),11,0.27067787485402134,0.2651505657670309,0.27067787485402134,0.2651505657670309,0.7240744523506695,0.7427792294587214
1205,(0.33438933441943847)(X_0 + X_1 + (1.7695575641611094)(X_3) + X_4),11,0.26812770149078646,0.2567897440445144,0.26812770149078646,0.2567897440445144,0.7266740663096265,0.750890006064469
1206,(0.31230364418603496)(X_0 + X_1 + (2)(X_3) + X_4),11,0.27067787485402134,0.2651505657670313,0.27067787485402134,0.2651505657670313,0.7240744523506695,0.742779229458721
1207,(0.3123036441860363)(X_0 + X_1 + (2)(X_3) + X_4),11,0.27067787485402134,0.26515056576703055,0.27067787485402134,0.26515056576703055,0.7240744523506695,0.7427792294587217
1208,(0.3123036441860356)(X_0 + X_1 + (2)(X_3) + X_4),11,0.27067787485402134,0.2651505657670309,0.27067787485402134,0.2651505657670309,0.7240744523506695,0.7427792294587214
1209,(0.3123036441860356)(X_0 + X_1 + (2)(X_3) + X_4),11,0.27067787485402134,0.2651505657670309,0.27067787485402134,0.2651505657670309,0.7240744523506695,0.7427792294587214
1210,(0.31230364418603385)(X_0 + X_1 + (2)(X_3) + X_4),11,0.27067787485402134,0.26515056576703183,0.27067787485402134,0.26515056576703183,0.7240744523506695,0.7427792294587205
1211,(0.31398936475105194)(0.926604253677801 + X_0 + X_1 + (2)(X_3) + X_4 - (sqrt(X_0))),15,0.25011823804765815,0.23377068963271125,0.25011823804765815,0.23377068963271125,0.7450326819375043,0.7732206350631563
1212,(0.3123036441860356)(X_0 + X_1 + (2)(X_3) + X_4),11,0.27067787485402134,0.2651505657670309,0.27067787485402134,0.2651505657670309,0.7240744523506695,0.7427792294587214
1213,(0.313989364751052)(0.9266042536777666 + X_0 + X_1 + (2)(X_3) + X_4 - (sqrt(X_0))),15,0.25011823804765815,0.23377068963271005,0.25011823804765815,0.23377068963271005,0.7450326819375042,0.7732206350631574
1214,(0.3123036441860356)(X_0 + X_1 + (2)(X_3) + X_4),11,0.27067787485402134,0.2651505657670309,0.27067787485402134,0.2651505657670309,0.7240744523506695,0.7427792294587214
1215,(0.3343893344194384)(X_0 + X_1 + (1.7695575641611199)(X_3) + X_4),11,0.26812770149078646,0.2567897440445142,0.26812770149078646,0.2567897440445142,0.7266740663096265,0.7508900060644692
1216,(0.33719048540063445)(X_0 + X_1 + X_3 + X_4 + sin(X_3)),11,0.2704858801009382,0.2538006561383124,0.2704858801009382,0.2538006561383124,0.7242701693349958,0.7537897000259913
1217,(0.313989364751052)(0.9266042536777666 + X_0 + X_1 + (2)(X_3) + X_4 - (sqrt(X_0))),15,0.25011823804765815,0.23377068963271005,0.25011823804765815,0.23377068963271005,0.7450326819375042,0.7732206350631574
1218,(0.3123036441860325)(X_0 + X_1 + (2)(X_3) + X_4),11,0.27067787485402134,0.26515056576703255,0.27067787485402134,0.26515056576703255,0.7240744523506695,0.7427792294587199
1219,(0.31230364418603607)(X_0 + X_1 + (2)(X_3) + X_4),11,0.2706778748540214,0.2651505657670307,0.2706778748540214,0.2651505657670307,0.7240744523506695,0.7427792294587215
1220,(0.31398936475105166)(0.9266042536777936 + X_0 + X_1 + (2)(X_3) + X_4 - (sqrt(X_0))),15,0.25011823804765815,0.2337706896327111,0.25011823804765815,0.2337706896327111,0.7450326819375043,0.7732206350631564
1221,(0.3123036441860356)(X_0 + X_1 + (2)(X_3) + X_4),11,0.27067787485402134,0.2651505657670309,0.27067787485402134,0.2651505657670309,0.7240744523506695,0.7427792294587214
1222,(0.3123036441860356)(X_0 + X_1 + (2)(X_3) + X_4),11,0.27067787485402134,0.2651505657670309,0.27067787485402134,0.2651505657670309,0.7240744523506695,0.7427792294587214
1223,(0.3343893344194384)(X_0 + X_1 + (1.7695575641611196)(X_3) + X_4),11,0.26812770149078646,0.2567897440445142,0.26812770149078646,0.2567897440445142,0.7266740663096265,0.7508900060644691
1224,(0.313989364751052)(0.926604253677811 + X_0 + X_1 + (2)(X_3) + X_4 - (sqrt(X_0))),15,0.2501182380476581,0.2337706896327115,0.2501182380476581,0.2337706896327115,0.7450326819375044,0.7732206350631561
1225,(0.3343893344194384)(X_0 + X_1 + (1.7695575641611199)(X_3) + X_4),11,0.26812770149078646,0.2567897440445142,0.26812770149078646,0.2567897440445142,0.7266740663096265,0.7508900060644692
1226,(0.31230364418603296)(X_0 + X_1 + (2)(X_3) + X_4),11,0.27067787485402134,0.26515056576703233,0.27067787485402134,0.26515056576703233,0.7240744523506695,0.7427792294587201
1227,(0.3123036441860363)(X_0 + X_1 + (2)(X_3) + X_4),11,0.27067787485402134,0.26515056576703055,0.27067787485402134,0.26515056576703055,0.7240744523506695,0.7427792294587217
1228,(0.3343893344194384)(X_0 + X_1 + (1.7695575641611259)(X_3) + X_4),11,0.26812770149078646,0.25678974404451405,0.26812770149078646,0.25678974404451405,0.7266740663096265,0.7508900060644692
1229,(0.31398936475105216)(0.9266042536778167 + X_0 + X_1 + (2)(X_3) + X_4 - (sqrt(X_0))),15,0.25011823804765815,0.23377068963271164,0.25011823804765815,0.23377068963271164,0.7450326819375043,0.773220635063156
1230,(0.33438933441943836)(X_0 + X_1 + (1.7695575641611112)(X_3) + X_4),11,0.26812770149078646,0.2567897440445144,0.26812770149078646,0.2567897440445144,0.7266740663096265,0.750890006064469
1231,(0.3343893344194386)(X_0 + X_1 + (1.7695575641610657)(X_3) + X_4),11,0.26812770149078646,0.2567897440445153,0.26812770149078646,0.2567897440445153,0.7266740663096265,0.7508900060644681
1232,(0.313989364751052)(0.9266042536777666 + X_0 + X_1 + (2)(X_3) + X_4 - (sqrt(X_0))),15,0.25011823804765815,0.23377068963271005,0.25011823804765815,0.23377068963271005,0.7450326819375042,0.7732206350631574
1233,(0.31398936475105205)(0.9266042536777929 + X_0 + X_1 + (2)(X_3) + X_4 - (sqrt(X_0))),15,0.25011823804765815,0.23377068963271092,0.25011823804765815,0.23377068963271092,0.7450326819375042,0.7732206350631566
1234,(0.3123036441860356)(X_0 + X_1 + (2)(X_3) + X_4),11,0.27067787485402134,0.2651505657670309,0.27067787485402134,0.2651505657670309,0.7240744523506695,0.7427792294587214
1235,(0.3123036441860363)(X_0 + X_1 + (2)(X_3) + X_4),11,0.27067787485402134,0.26515056576703055,0.27067787485402134,0.26515056576703055,0.7240744523506695,0.7427792294587217
1236,(0.313989364751052)(0.9266042536777942 + X_0 + X_1 + (2)(X_3) + X_4 - (sqrt(X_0))),15,0.2501182380476581,0.233770689632711,0.2501182380476581,0.233770689632711,0.7450326819375044,0.7732206350631565
1237,(0.35641879205746285)(X_0 + X_1 + (1.6608908789927277)(X_3) + (0.8078588455953319)(X_4)),13,0.2652785456450028,0.2504407723086077,0.2652785456450028,0.2504407723086077,0.729578459169627,0.7570491006050765
1238,(0.3343893344194384)(X_0 + X_1 + (1.7695575641611199)(X_3) + X_4),11,0.26812770149078646,0.2567897440445142,0.26812770149078646,0.2567897440445142,0.7266740663096265,0.7508900060644692
1239,(0.3343893344194385)(X_0 + X_1 + (1.769557564161107)(X_3) + X_4),11,0.26812770149078646,0.2567897440445144,0.26812770149078646,0.2567897440445144,0.7266740663096265,0.750890006064469
1240,(0.313989364751052)(0.9266042536777942 + X_0 + X_1 + (2)(X_3) + X_4 - (sqrt(X_0))),15,0.2501182380476581,0.233770689632711,0.2501182380476581,0.233770689632711,0.7450326819375044,0.7732206350631565
1241,(0.31230364418602896)(X_0 + X_1 + (2)(X_3) + X_4),11,0.2706778748540214,0.26515056576703433,0.2706778748540214,0.26515056576703433,0.7240744523506695,0.7427792294587181
1242,(0.313989364751052)(0.9266042536777666 + X_0 + X_1 + (2)(X_3) + X_4 - (sqrt(X_0))),15,0.25011823804765815,0.23377068963271005,0.25011823804765815,0.23377068963271005,0.7450326819375042,0.7732206350631574
1243,1 + (0.313989364751052)(-2.258216992713321 + X_0 + X_1 + (2)(X_3) + X_4 - (sqrt(X_0))),17,0.2501182380476581,0.233770689632711,0.2501182380476581,0.233770689632711,0.7450326819375044,0.7732206350631565
1244,(0.3144952763183157)(0.9365359105568376 + X_0 + X_1 + (2)(X_3) + X_4 - (sqrt(X_1))),15,0.24825654160215901,0.24521573703069433,0.24825654160215901,0.24521573703069433,0.7469304713728551,0.7621178719893741
1245,(0.3123036441860312)(X_0 + X_1 + (2)(X_3) + X_4),11,0.27067787485402134,0.2651505657670331,0.27067787485402134,0.2651505657670331,0.7240744523506695,0.7427792294587192
1246,(0.3123036441860383)(X_0 + X_1 + (2)(X_3) + X_4),11,0.2706778748540214,0.2651505657670296,0.2706778748540214,0.2651505657670296,0.7240744523506695,0.7427792294587227
1247,(0.3139893647510518)(0.9266042536777954 + X_0 + X_1 + (2)(X_3) + X_4 - (sqrt(X_0))),15,0.2501182380476581,0.23377068963271108,0.2501182380476581,0.23377068963271108,0.7450326819375044,0.7732206350631565
1248,(0.31449527631831564)(0.9365359105568357 + X_0 + X_1 + (2)(X_3) + X_4 - (sqrt(X_1))),15,0.24825654160215901,0.24521573703069424,0.24825654160215901,0.24521573703069424,0.7469304713728551,0.7621178719893742
1249,(0.313989364751052)(0.9266042536777943 + X_0 + X_1 + (2)(X_3) + X_4 - (sqrt(X_0))),15,0.2501182380476581,0.233770689632711,0.2501182380476581,0.233770689632711,0.7450326819375044,0.7732206350631565
1250,(0.3123036441860414)(X_0 + X_1 + (2)(X_3) + X_4),11,0.27067787485402134,0.265150565767028,0.27067787485402134,0.265150565767028,0.7240744523506695,0.7427792294587242
1251,(0.3123036441860356)(X_0 + X_1 + (2)(X_3) + X_4),11,0.27067787485402134,0.2651505657670309,0.27067787485402134,0.2651505657670309,0.7240744523506695,0.7427792294587214
1252,(-1.8006533640958975e-06)(X_0 + X_1 + (-334390.51704633486)(X_3) + X_4),11,0.6084648029350487,0.7129048790033999,0.6084648029350487,0.7129048790033999,0.37973879813508904,0.30841579851272405
1253,(0.3343893344194384)(X_0 + X_1 + (1.7695575641611132)(X_3) + X_4),11,0.26812770149078646,0.2567897440445143,0.26812770149078646,0.2567897440445143,0.7266740663096265,0.750890006064469
1254,(0.313989364751052)(0.9266042536777666 + X_0 + X_1 + (2)(X_3) + X_4 - (sqrt(X_0))),15,0.25011823804765815,0.23377068963271005,0.25011823804765815,0.23377068963271005,0.7450326819375042,0.7732206350631574
1255,(0.3343893344194384)(X_0 + X_1 + (1.7695575641611199)(X_3) + X_4),11,0.26812770149078646,0.2567897440445142,0.26812770149078646,0.2567897440445142,0.7266740663096265,0.7508900060644692
1256,(0.31398936475105194)(0.9266042536777905 + X_0 + X_1 + (2)(X_3) + X_4 - (sqrt(X_0))),15,0.25011823804765815,0.23377068963271086,0.25011823804765815,0.23377068963271086,0.7450326819375043,0.7732206350631567
1257,(0.3126030396775171)(0.06454580242222718 + X_0 + X_1 + (2)(X_3) + X_4),13,0.27027140785857273,0.26703104387981963,0.27027140785857273,0.26703104387981963,0.7244887995830801,0.7409549903598597
1258,(0.3343893344194384)(X_0 + X_1 + (1.7695575641611199)(X_3) + X_4),11,0.26812770149078646,0.2567897440445142,0.26812770149078646,0.2567897440445142,0.7266740663096265,0.7508900060644692
1259,(0.3123036441860396)(X_0 + X_1 + (2)(X_3) + X_4),11,0.27067787485402134,0.26515056576702895,0.27067787485402134,0.26515056576702895,0.7240744523506695,0.7427792294587233
1260,(0.3144952763183156)(0.936535910556842 + X_0 + X_1 + (2)(X_3) + X_4 - (sqrt(X_1))),15,0.24825654160215901,0.2452157370306945,0.24825654160215901,0.2452157370306945,0.7469304713728551,0.7621178719893739
1261,(0.35641879205746274)(X_0 + X_1 + (1.660890878992717)(X_3) + (0.8078588455953559)(X_4)),13,0.26527854564500275,0.25044077230860723,0.26527854564500275,0.25044077230860723,0.729578459169627,0.7570491006050769
1262,(0.31398936475105205)(0.9266042536777942 + X_0 + X_1 + (2)(X_3) + X_4 - (sqrt(X_0))),15,0.25011823804765815,0.23377068963271092,0.25011823804765815,0.23377068963271092,0.7450326819375043,0.7732206350631566
1263,(0.31398936475105205)(0.9266042536778087 + X_0 + X_1 + (2)(X_3) + X_4 - (sqrt(X_0))),15,0.2501182380476581,0.23377068963271141,0.2501182380476581,0.23377068963271141,0.7450326819375044,0.7732206350631562
1264,(0.35641879205746274)(X_0 + X_1 + (1.660890878992717)(X_3) + (0.8078588455953559)(X_4)),13,0.26527854564500275,0.25044077230860723,0.26527854564500275,0.25044077230860723,0.729578459169627,0.7570491006050769
1265,(0.3139893647510521)(0.9266042536777821 + X_0 + X_1 + (2)(X_3) + X_4 - (sqrt(X_0))),15,0.25011823804765815,0.23377068963271053,0.25011823804765815,0.23377068963271053,0.7450326819375043,0.773220635063157
1266,(0.3139893647510518)(0.9266042536777905 + X_0 + X_1 + (2)(X_3) + X_4 - (sqrt(X_0))),15,0.25011823804765815,0.23377068963271092,0.25011823804765815,0.23377068963271092,0.7450326819375043,0.7732206350631566
1267,(0.31398936475105205)(0.9266042536777942 + X_0 + X_1 + (2)(X_3) + X_4 - (sqrt(X_0))),15,0.25011823804765815,0.23377068963271092,0.25011823804765815,0.23377068963271092,0.7450326819375043,0.7732206350631566
1268,(0.3123036441860405)(X_0 + X_1 + (2)(X_3) + X_4),11,0.2706778748540214,0.2651505657670285,0.2706778748540214,0.2651505657670285,0.7240744523506695,0.7427792294587238
1269,(0.313989364751052)(0.9266042536777666 + X_0 + X_1 + (2)(X_3) + X_4 - (sqrt(X_0))),15,0.25011823804765815,0.23377068963271005,0.25011823804765815,0.23377068963271005,0.7450326819375042,0.7732206350631574
1270,(0.3343893344194383)(X_0 + X_1 + (1.7695575641611134)(X_3) + X_4),11,0.26812770149078646,0.2567897440445143,0.26812770149078646,0.2567897440445143,0.7266740663096265,0.750890006064469
1271,(0.3126030396775177)(0.0645458024222254 + X_0 + X_1 + (2)(X_3) + X_4),13,0.27027140785857273,0.2670310438798194,0.27027140785857273,0.2670310438798194,0.72448879958308,0.7409549903598599
1272,(0.313989364751052)(0.9266042536777666 + X_0 + X_1 + (2)(X_3) + X_4 - (sqrt(X_0))),15,0.25011823804765815,0.23377068963271005,0.25011823804765815,0.23377068963271005,0.7450326819375042,0.7732206350631574
1273,(0.3139893647510526)(0.9266042536777741 + X_0 + X_1 + (2)(X_3) + X_4 - (sqrt(X_0))),15,0.2501182380476581,0.23377068963270997,0.2501182380476581,0.23377068963270997,0.7450326819375044,0.7732206350631575
1274,(0.31398936475105205)(0.926604253677811 + X_0 + X_1 + (2)(X_3) + X_4 - (sqrt(X_0))),15,0.2501182380476581,0.2337706896327115,0.2501182380476581,0.2337706896327115,0.7450326819375044,0.7732206350631561
1275,(0.33438933441943824)(X_0 + X_1 + (1.7695575641611208)(X_3) + X_4),11,0.26812770149078646,0.2567897440445142,0.26812770149078646,0.2567897440445142,0.7266740663096265,0.7508900060644691
1276,(0.313989364751052)(0.9266042536777942 + X_0 + X_1 + (2)(X_3) + X_4 - (sqrt(X_0))),15,0.2501182380476581,0.233770689632711,0.2501182380476581,0.233770689632711,0.7450326819375044,0.7732206350631565
1277,(0.313989364751052)(0.9266042536777666 + X_0 + X_1 + (2)(X_3) + X_4 - (sqrt(X_0))),15,0.25011823804765815,0.23377068963271005,0.25011823804765815,0.23377068963271005,0.7450326819375042,0.7732206350631574
1278,(0.31398936475105205)(0.9266042536777963 + X_0 + X_1 + (2)(X_3) + X_4 - (sqrt(X_0))),15,0.2501182380476581,0.233770689632711,0.2501182380476581,0.233770689632711,0.7450326819375044,0.7732206350631565
1279,(0.313989364751052)(0.9266042536777666 + X_0 + X_1 + (2)(X_3) + X_4 - (sqrt(X_0))),15,0.25011823804765815,0.23377068963271005,0.25011823804765815,0.23377068963271005,0.7450326819375042,0.7732206350631574
1280,(0.3065383538927191)((1.140788049999407)(X_0) + X_1 + (2)(X_3) + X_4),13,0.2690989470445543,0.2553236277784309,0.2690989470445543,0.2553236277784309,0.7256839910717818,0.7523122755383211
1281,(0.3123036441860363)(X_0 + X_1 + (2)(X_3) + X_4),11,0.27067787485402134,0.26515056576703055,0.27067787485402134,0.26515056576703055,0.7240744523506695,0.7427792294587217
1282,(0.35641879205746274)(X_0 + X_1 + (1.660890878992717)(X_3) + (0.8078588455953559)(X_4)),13,0.26527854564500275,0.25044077230860723,0.26527854564500275,0.25044077230860723,0.729578459169627,0.7570491006050769
1283,(0.313989364751052)(0.9266042536777941 + X_0 + X_1 + (2)(X_3) + X_4 - (sqrt(X_0))),15,0.2501182380476581,0.233770689632711,0.2501182380476581,0.233770689632711,0.7450326819375044,0.7732206350631565
1284,(0.313989364751052)(0.9266042536777942 + X_0 + X_1 + (2)(X_3) + X_4 - (sqrt(X_0))),15,0.2501182380476581,0.233770689632711,0.2501182380476581,0.233770689632711,0.7450326819375044,0.7732206350631565
1285,(0.31398936475105205)(0.9266042536777942 + X_0 + X_1 + (2)(X_3) + X_4 - (sqrt(X_0))),15,0.25011823804765815,0.23377068963271092,0.25011823804765815,0.23377068963271092,0.7450326819375043,0.7732206350631566
1286,(0.31398936475105205)(0.9266042536777764 + X_0 + X_1 + (2)(X_3) + X_4 - (sqrt(X_0))),15,0.25011823804765815,0.2337706896327103,0.25011823804765815,0.2337706896327103,0.7450326819375042,0.7732206350631572
1287,(0.31398936475105205)(0.9266042536777943 + X_0 + X_1 + (2)(X_3) + X_4 - (sqrt(X_0))),15,0.2501182380476581,0.23377068963271092,0.2501182380476581,0.23377068963271092,0.7450326819375044,0.7732206350631566
1288,(0.313989364751052)(0.9266042536777666 + X_0 + X_1 + (2)(X_3) + X_4 - (sqrt(X_0))),15,0.25011823804765815,0.23377068963271005,0.25011823804765815,0.23377068963271005,0.7450326819375042,0.7732206350631574
1289,(0.354021874029041)(X_1 + (1.6307286523933864)(X_3) + X_4 + (X_0)(sqrt(X_8))),14,0.2685636245437765,0.26981866888629913,0.2685636245437765,0.26981866888629913,0.726229691950643,0.7382507341947915
1290,(0.31398936475105205)(0.9266042536777942 + X_0 + X_1 + (2)(X_3) + X_4 - (sqrt(X_0))),15,0.25011823804765815,0.23377068963271092,0.25011823804765815,0.23377068963271092,0.7450326819375043,0.7732206350631566
1291,(0.3123036441860405)(X_0 + X_1 + (2)(X_3) + X_4),11,0.2706778748540214,0.2651505657670285,0.2706778748540214,0.2651505657670285,0.7240744523506695,0.7427792294587238
1292,(0.31398936475105216)(0.9266042536777803 + X_0 + X_1 + (2)(X_3) + X_4 - (sqrt(X_0))),15,0.2501182380476581,0.2337706896327104,0.2501182380476581,0.2337706896327104,0.7450326819375044,0.7732206350631572
1293,(0.3343893344194384)(X_0 + X_1 + (1.7695575641611196)(X_3) + X_4),11,0.26812770149078646,0.2567897440445142,0.26812770149078646,0.2567897440445142,0.7266740663096265,0.7508900060644691
1294,(0.313989364751052)(0.9266042536777666 + X_0 + X_1 + (2)(X_3) + X_4 - (sqrt(X_0))),15,0.25011823804765815,0.23377068963271005,0.25011823804765815,0.23377068963271005,0.7450326819375042,0.7732206350631574
1295,(0.3564187920574628)(X_0 + X_1 + (1.6608908789927286)(X_3) + (0.8078588455953436)(X_4)),13,0.2652785456450027,0.2504407723086074,0.2652785456450027,0.2504407723086074,0.7295784591696272,0.7570491006050768
1296,(0.313989364751052)(0.9266042536777666 + X_0 + X_1 + (2)(X_3) + X_4 - (sqrt(X_0))),15,0.25011823804765815,0.23377068963271005,0.25011823804765815,0.23377068963271005,0.7450326819375042,0.7732206350631574
1297,(0.3123036441860356)(X_0 + X_1 + (2)(X_3) + X_4),11,0.27067787485402134,0.2651505657670309,0.27067787485402134,0.2651505657670309,0.7240744523506695,0.7427792294587214
1298,(0.3123036441860352)(X_0 + X_1 + (2)(X_3) + X_4),11,0.27067787485402134,0.26515056576703117,0.27067787485402134,0.26515056576703117,0.7240744523506695,0.7427792294587212
1299,(0.33438933441943847)(X_0 + X_1 + (1.7695575641611212)(X_3) + X_4),11,0.26812770149078646,0.2567897440445141,0.26812770149078646,0.2567897440445141,0.7266740663096265,0.7508900060644692
1300,(0.31398936475105205)(0.9266042536778014 + X_0 + X_1 + (2)(X_3) + X_4 - (sqrt(X_0))),15,0.25011823804765815,0.23377068963271116,0.25011823804765815,0.23377068963271116,0.7450326819375043,0.7732206350631564
1301,(0.31230364418603296)(X_0 + X_1 + (2)(X_3) + X_4),11,0.27067787485402134,0.26515056576703233,0.27067787485402134,0.26515056576703233,0.7240744523506695,0.7427792294587201
1302,(0.3123036441860356)(X_0 + X_1 + (2)(X_3) + X_4),11,0.27067787485402134,0.2651505657670309,0.27067787485402134,0.2651505657670309,0.7240744523506695,0.7427792294587214
1303,(0.3343893344194385)(X_0 + X_1 + (1.7695575641611145)(X_3) + X_4),11,0.26812770149078646,0.2567897440445142,0.26812770149078646,0.2567897440445142,0.7266740663096265,0.7508900060644691
1304,(0.3123036441860356)(X_0 + X_1 + (2)(X_3) + X_4),11,0.27067787485402134,0.2651505657670309,0.27067787485402134,0.2651505657670309,0.7240744523506695,0.7427792294587214
1305,(0.3139893647510517)(0.9266042536777173 + X_0 + X_1 + (2)(X_3) + X_4 - (sqrt(X_0))),15,0.2501182380476581,0.2337706896327086,0.2501182380476581,0.2337706896327086,0.7450326819375044,0.7732206350631589
1306,(0.3343893344194384)(X_0 + X_1 + (1.7695575641611194)(X_3) + X_4),11,0.2681277014907864,0.2567897440445142,0.2681277014907864,0.2567897440445142,0.7266740663096265,0.7508900060644692
1307,(0.334389334419438)(X_0 + X_1 + (1.7695575641611319)(X_3) + X_4),11,0.26812770149078646,0.25678974404451416,0.26812770149078646,0.25678974404451416,0.7266740663096265,0.7508900060644692
1308,(0.31398936475105194)(0.9266042536778141 + X_0 + X_1 + (2)(X_3) + X_4 - (sqrt(X_0))),15,0.25011823804765815,0.23377068963271166,0.25011823804765815,0.23377068963271166,0.7450326819375043,0.7732206350631559
1309,(0.3123036441860392)(X_0 + X_1 + (2)(X_3) + X_4),11,0.27067787485402134,0.2651505657670291,0.27067787485402134,0.2651505657670291,0.7240744523506695,0.7427792294587232
1310,(0.3123036441860356)(X_0 + X_1 + (2)(X_3) + X_4),11,0.27067787485402134,0.2651505657670309,0.27067787485402134,0.2651505657670309,0.7240744523506695,0.7427792294587214
1311,(0.313989364751052)(0.9266042536777863 + X_0 + X_1 + (2)(X_3) + X_4 - (sqrt(X_0))),15,0.25011823804765815,0.2337706896327107,0.25011823804765815,0.2337706896327107,0.7450326819375042,0.7732206350631569
1312,(0.31398936475105205)(0.9266042536778072 + X_0 + X_1 + (2)(X_3) + X_4 - (sqrt(X_0))),15,0.2501182380476581,0.23377068963271133,0.2501182380476581,0.23377068963271133,0.7450326819375044,0.7732206350631563
1313,(0.313989364751052)(0.9266042536777946 + X_0 + X_1 + (2)(X_3) + X_4 - (sqrt(X_0))),15,0.25011823804765815,0.233770689632711,0.25011823804765815,0.233770689632711,0.7450326819375043,0.7732206350631565
1314,(0.313989364751052)(0.9266042536777942 + X_0 + X_1 + (2)(X_3) + X_4 - (sqrt(X_0))),15,0.2501182380476581,0.233770689632711,0.2501182380476581,0.233770689632711,0.7450326819375044,0.7732206350631565
1315,(0.31398936475105205)(0.9266042536777941 + X_0 + X_1 + (2)(X_3) + X_4 - (sqrt(X_0))),15,0.2501182380476581,0.23377068963271092,0.2501182380476581,0.23377068963271092,0.7450326819375044,0.7732206350631566
1316,(0.3343893344194384)(X_0 + X_1 + (1.7695575641611199)(X_3) + X_4),11,0.26812770149078646,0.2567897440445142,0.26812770149078646,0.2567897440445142,0.7266740663096265,0.7508900060644692
1317,(0.313989364751052)(0.9266042536777666 + X_0 + X_1 + (2)(X_3) + X_4 - (sqrt(X_0))),15,0.25011823804765815,0.23377068963271005,0.25011823804765815,0.23377068963271005,0.7450326819375042,0.7732206350631574
1318,(0.3123036441860356)(X_0 + X_1 + (2)(X_3) + X_4),11,0.27067787485402134,0.2651505657670309,0.27067787485402134,0.2651505657670309,0.7240744523506695,0.7427792294587214
1319,(0.3123036441860363)(X_0 + X_1 + (2)(X_3) + X_4),11,0.27067787485402134,0.26515056576703055,0.27067787485402134,0.26515056576703055,0.7240744523506695,0.7427792294587217
1320,(0.31775217253211874)(0.9244567234179545 + X_0 + X_1 + (2)(X_3) + (0.9126774867862854)(X_4) - (sqrt(X_0))),17,0.24951356860378343,0.23354936973169693,0.24951356860378343,0.23354936973169693,0.7456490741991102,0.7734353360022637
1321,(0.3123036441860356)(X_0 + X_1 + (2)(X_3) + X_4),11,0.27067787485402134,0.2651505657670309,0.27067787485402134,0.2651505657670309,0.7240744523506695,0.7427792294587214
1322,(0.40069562073429243)(0.047068305964555475 + X_0 + X_1 + X_3 + X_4),11,0.31785344724110903,0.2984391436014512,0.31785344724110903,0.2984391436014512,0.6759842800246235,0.7104862052442599
1323,(0.3343893344194384)(X_0 + X_1 + (1.7695575641611196)(X_3) + X_4),11,0.26812770149078646,0.2567897440445142,0.26812770149078646,0.2567897440445142,0.7266740663096265,0.7508900060644691
1324,(0.313989364751052)(0.9266042536777666 + X_0 + X_1 + (2)(X_3) + X_4 - (sqrt(X_0))),15,0.25011823804765815,0.23377068963271005,0.25011823804765815,0.23377068963271005,0.7450326819375042,0.7732206350631574
1325,(0.3343893344194384)(X_0 + X_1 + (1.7695575641611199)(X_3) + X_4),11,0.26812770149078646,0.2567897440445142,0.26812770149078646,0.2567897440445142,0.7266740663096265,0.7508900060644692
1326,(0.3123036441860356)(X_0 + X_1 + (2)(X_3) + X_4),11,0.27067787485402134,0.2651505657670309,0.27067787485402134,0.2651505657670309,0.7240744523506695,0.7427792294587214
1327,(0.313989364751052)(0.9266042536777666 + X_0 + X_1 + (2)(X_3) + X_4 - (sqrt(X_0))),15,0.25011823804765815,0.23377068963271005,0.25011823804765815,0.23377068963271005,0.7450326819375042,0.7732206350631574
1328,(0.3139893647510518)(0.9266042536777976 + X_0 + X_1 + (2)(X_3) + X_4 - (sqrt(X_0))),15,0.25011823804765815,0.23377068963271116,0.25011823804765815,0.23377068963271116,0.7450326819375042,0.7732206350631564
1329,(0.3123036441860325)(X_0 + X_1 + (2)(X_3) + X_4),11,0.27067787485402134,0.26515056576703255,0.27067787485402134,0.26515056576703255,0.7240744523506695,0.7427792294587199
1330,(0.3139893647510521)(0.9266042536777777 + X_0 + X_1 + (2)(X_3) + X_4 - (sqrt(X_0))),15,0.25011823804765815,0.2337706896327103,0.25011823804765815,0.2337706896327103,0.7450326819375043,0.7732206350631572
1331,(-1.8330866895692156e-06)(X_0 + X_1 + (-328422.1360832454)(X_3) + X_4),11,0.608464885666334,0.712901557217334,0.608464885666334,0.712901557217334,0.37973871379987967,0.30841902095492024
1332,(0.31230364418603385)(X_0 + X_1 + (2)(X_3) + X_4),11,0.27067787485402134,0.26515056576703183,0.27067787485402134,0.26515056576703183,0.7240744523506695,0.7427792294587205
1333,(0.35641879205746274)(X_0 + X_1 + (1.660890878992717)(X_3) + (0.8078588455953559)(X_4)),13,0.26527854564500275,0.25044077230860723,0.26527854564500275,0.25044077230860723,0.729578459169627,0.7570491006050769
1334,(0.313989364751052)(0.9266042536777666 + X_0 + X_1 + (2)(X_3) + X_4 - (sqrt(X_0))),15,0.25011823804765815,0.23377068963271005,0.25011823804765815,0.23377068963271005,0.7450326819375042,0.7732206350631574
1335,(0.3343893344194384)(X_0 + X_1 + (1.7695575641611196)(X_3) + X_4),11,0.26812770149078646,0.2567897440445142,0.26812770149078646,0.2567897440445142,0.7266740663096265,0.7508900060644691
1336,(0.3343893344194384)(X_0 + X_1 + (1.7695575641611196)(X_3) + X_4),11,0.26812770149078646,0.2567897440445142,0.26812770149078646,0.2567897440445142,0.7266740663096265,0.7508900060644691
1337,(0.31230364418604317)(X_0 + X_1 + (2)(X_3) + X_4),11,0.27067787485402134,0.26515056576702717,0.27067787485402134,0.26515056576702717,0.7240744523506695,0.742779229458725
1338,(0.3343893344194384)(X_0 + X_1 + (1.7695575641611159)(X_3) + X_4),11,0.26812770149078646,0.2567897440445142,0.26812770149078646,0.2567897440445142,0.7266740663096265,0.7508900060644691
1339,(0.3343893344194384)(X_0 + X_1 + (1.7695575641611183)(X_3) + X_4),11,0.26812770149078646,0.2567897440445142,0.26812770149078646,0.2567897440445142,0.7266740663096265,0.7508900060644691
1340,(0.3123036441860356)(X_0 + X_1 + (2)(X_3) + X_4),11,0.27067787485402134,0.2651505657670309,0.27067787485402134,0.2651505657670309,0.7240744523506695,0.7427792294587214
1341,(0.3123036441860312)(X_0 + X_1 + (2)(X_3) + X_4),11,0.27067787485402134,0.2651505657670331,0.27067787485402134,0.2651505657670331,0.7240744523506695,0.7427792294587192
1342,(0.31398936475105205)(0.9266042536777943 + X_0 + X_1 + (2)(X_3) + X_4 - (sqrt(X_0))),15,0.2501182380476581,0.23377068963271092,0.2501182380476581,0.23377068963271092,0.7450326819375044,0.7732206350631566
1343,(0.313989364751052)(0.9266042536777942 + X_0 + X_1 + (2)(X_3) + X_4 - (sqrt(X_0))),15,0.2501182380476581,0.233770689632711,0.2501182380476581,0.233770689632711,0.7450326819375044,0.7732206350631565
1344,(0.3123036441860325)(X_0 + X_1 + (2)(X_3) + X_4),11,0.27067787485402134,0.26515056576703255,0.27067787485402134,0.26515056576703255,0.7240744523506695,0.7427792294587199
1345,(0.3123036441860356)(X_0 + X_1 + (2)(X_3) + X_4),11,0.27067787485402134,0.2651505657670309,0.27067787485402134,0.2651505657670309,0.7240744523506695,0.7427792294587214
1346,(0.3123036441860364)(X_0 + X_1 + (2)(X_3) + X_4),11,0.27067787485402134,0.26515056576703055,0.27067787485402134,0.26515056576703055,0.7240744523506695,0.7427792294587217
1347,(0.31398936475105205)(0.9266042536777934 + X_0 + X_1 + (2)(X_3) + X_4 - (sqrt(X_0))),15,0.25011823804765815,0.23377068963271092,0.25011823804765815,0.23377068963271092,0.7450326819375042,0.7732206350631566
1348,(0.313989364751052)(0.9266042536777666 + X_0 + X_1 + (2)(X_3) + X_4 - (sqrt(X_0))),15,0.25011823804765815,0.23377068963271005,0.25011823804765815,0.23377068963271005,0.7450326819375042,0.7732206350631574
1349,(0.3123036441860334)(X_0 + X_1 + (2)(X_3) + X_4),11,0.27067787485402134,0.26515056576703205,0.27067787485402134,0.26515056576703205,0.7240744523506695,0.7427792294587203
1350,(0.31910551747509874)(X_0 + (1.1378920541408424)(X_1) + (1.851131322111356)(X_3) + X_4),13,0.26690399081517185,0.25942175298075243,0.26690399081517185,0.25942175298075243,0.727921501248723,0.7483367119966542
1351,(0.313989364751052)(0.9266042536777666 + X_0 + X_1 + (2)(X_3) + X_4 - (sqrt(X_0))),15,0.25011823804765815,0.23377068963271005,0.25011823804765815,0.23377068963271005,0.7450326819375042,0.7732206350631574
1352,(0.3144952763183157)(0.9365359105568376 + X_0 + X_1 + (2)(X_3) + X_4 - (sqrt(X_1))),15,0.24825654160215901,0.24521573703069433,0.24825654160215901,0.24521573703069433,0.7469304713728551,0.7621178719893741
1353,(0.3123036441860363)(X_0 + X_1 + (2)(X_3) + X_4),11,0.27067787485402134,0.26515056576703055,0.27067787485402134,0.26515056576703055,0.7240744523506695,0.7427792294587217
1354,(0.33438933441943847)(X_0 + X_1 + (1.7695575641611196)(X_3) + X_4),11,0.26812770149078646,0.25678974404451416,0.26812770149078646,0.25678974404451416,0.7266740663096265,0.7508900060644692
1355,(0.3139893647510518)(0.9266042536777928 + X_0 + X_1 + (2)(X_3) + X_4 - (sqrt(X_0))),15,0.25011823804765815,0.233770689632711,0.25011823804765815,0.233770689632711,0.7450326819375043,0.7732206350631565
1356,(0.3123036441860356)(X_0 + X_1 + (2)(X_3) + X_4),11,0.27067787485402134,0.2651505657670309,0.27067787485402134,0.2651505657670309,0.7240744523506695,0.7427792294587214
1357,(0.3144952763183157)(0.9365359105568373 + X_0 + X_1 + (2)(X_3) + X_4 - (sqrt(X_1))),15,0.24825654160215901,0.24521573703069433,0.24825654160215901,0.24521573703069433,0.7469304713728551,0.7621178719893741
1358,(0.31230364418603385)(X_0 + X_1 + (2)(X_3) + X_4),11,0.27067787485402134,0.26515056576703183,0.27067787485402134,0.26515056576703183,0.7240744523506695,0.7427792294587205
1359,(0.313989364751052)(0.9266042536777666 + X_0 + X_1 + (2)(X_3) + X_4 - (sqrt(X_0))),15,0.25011823804765815,0.23377068963271005,0.25011823804765815,0.23377068963271005,0.7450326819375042,0.7732206350631574
1360,(0.31230364418603873)(X_0 + X_1 + (2)(X_3) + X_4),11,0.27067787485402134,0.2651505657670294,0.27067787485402134,0.2651505657670294,0.7240744523506695,0.7427792294587229
1361,(0.3123036441860356)(X_0 + X_1 + (2)(X_3) + X_4),11,0.27067787485402134,0.2651505657670309,0.27067787485402134,0.2651505657670309,0.7240744523506695,0.7427792294587214
1362,(0.3123036441860405)(X_0 + X_1 + (2)(X_3) + X_4),11,0.2706778748540214,0.2651505657670285,0.2706778748540214,0.2651505657670285,0.7240744523506695,0.7427792294587238
1363,(0.31398936475105205)(0.9266042536777941 + X_0 + X_1 + (2)(X_3) + X_4 - (sqrt(X_0))),15,0.2501182380476581,0.23377068963271092,0.2501182380476581,0.23377068963271092,0.7450326819375044,0.7732206350631566
1364,(0.31230364418602896)(X_0 + X_1 + (2)(X_3) + X_4),11,0.2706778748540214,0.26515056576703433,0.2706778748540214,0.26515056576703433,0.7240744523506695,0.7427792294587181
1365,(0.3123036441860356)(X_0 + X_1 + (2)(X_3) + X_4),11,0.27067787485402134,0.2651505657670309,0.27067787485402134,0.2651505657670309,0.7240744523506695,0.7427792294587214
1366,(0.313989364751052)(0.9266042536777942 + X_0 + X_1 + (2)(X_3) + X_4 - (sqrt(X_0))),15,0.2501182380476581,0.233770689632711,0.2501182380476581,0.233770689632711,0.7450326819375044,0.7732206350631565
1367,(0.3564187920574626)(X_0 + X_1 + (1.6608908789927335)(X_3) + (0.8078588455953506)(X_4)),13,0.26527854564500275,0.2504407723086072,0.26527854564500275,0.2504407723086072,0.729578459169627,0.757049100605077
1368,(0.31449527631831564)(0.9365359105568292 + X_0 + X_1 + (2)(X_3) + X_4 - (sqrt(X_1))),15,0.24825654160215901,0.24521573703069408,0.24825654160215901,0.24521573703069408,0.7469304713728551,0.7621178719893743
1369,(0.313989364751052)(0.9266042536777666 + X_0 + X_1 + (2)(X_3) + X_4 - (sqrt(X_0))),15,0.25011823804765815,0.23377068963271005,0.25011823804765815,0.23377068963271005,0.7450326819375042,0.7732206350631574
1370,(0.31398936475105205)(0.9266042536777945 + X_0 + X_1 + (2)(X_3) + X_4 - (sqrt(X_0))),15,0.2501182380476581,0.23377068963271092,0.2501182380476581,0.23377068963271092,0.7450326819375044,0.7732206350631566
1371,(0.3343893344194384)(X_0 + X_1 + (1.7695575641611194)(X_3) + X_4),11,0.2681277014907864,0.2567897440445142,0.2681277014907864,0.2567897440445142,0.7266740663096265,0.7508900060644692
1372,(0.313989364751052)(0.9266042536777666 + X_0 + X_1 + (2)(X_3) + X_4 - (sqrt(X_0))),15,0.25011823804765815,0.23377068963271005,0.25011823804765815,0.23377068963271005,0.7450326819375042,0.7732206350631574
1373,(0.3343893344194384)(X_0 + X_1 + (1.7695575641611216)(X_3) + X_4),11,0.26812770149078646,0.25678974404451416,0.26812770149078646,0.25678974404451416,0.7266740663096265,0.7508900060644692
1374,(0.2209302573226568)(X_1 + X_4 + X_11 + (X_3)(3.6357243692244126 - (sqrt(X_22)))),14,0.4648887430554923,0.5038256889186232,0.4648887430554923,0.5038256889186232,0.5260983887479717,0.5112421067356716
1375,(0.3343893344194378)(X_0 + X_1 + (1.7695575641611683)(X_3) + X_4),11,0.26812770149078646,0.2567897440445134,0.26812770149078646,0.2567897440445134,0.7266740663096265,0.7508900060644699
1376,(0.3123036441860356)(X_0 + X_1 + (2)(X_3) + X_4),11,0.27067787485402134,0.2651505657670309,0.27067787485402134,0.2651505657670309,0.7240744523506695,0.7427792294587214
1377,(0.3506209814475043)(X_0 + X_1 + X_3 + sin(X_3) + sin(X_4)),12,0.2728004142026342,0.25229301992542685,0.2728004142026342,0.25229301992542685,0.7219107630114906,0.7552522477194218
1378,(0.3123036441860365)(X_0 + X_1 + (2)(X_3) + X_4),11,0.27067787485402134,0.2651505657670305,0.27067787485402134,0.2651505657670305,0.7240744523506695,0.7427792294587219
1379,(0.3343893344194384)(X_0 + X_1 + (1.7695575641611194)(X_3) + X_4),11,0.2681277014907864,0.2567897440445142,0.2681277014907864,0.2567897440445142,0.7266740663096265,0.7508900060644692
1380,(0.31398936475105205)(0.9266042536777903 + X_0 + X_1 + (2)(X_3) + X_4 - (sqrt(X_0))),15,0.25011823804765815,0.23377068963271078,0.25011823804765815,0.23377068963271078,0.7450326819375043,0.7732206350631567
1381,(0.3343893344194384)(X_0 + X_1 + (1.7695575641611199)(X_3) + X_4),11,0.26812770149078646,0.2567897440445142,0.26812770149078646,0.2567897440445142,0.7266740663096265,0.7508900060644692
1382,(0.3123036441860356)(X_0 + X_1 + (2)(X_3) + X_4),11,0.27067787485402134,0.2651505657670309,0.27067787485402134,0.2651505657670309,0.7240744523506695,0.7427792294587214
1383,(0.313989364751052)(0.9266042536777942 + X_0 + X_1 + (2)(X_3) + X_4 - (sqrt(X_0))),15,0.2501182380476581,0.233770689632711,0.2501182380476581,0.233770689632711,0.7450326819375044,0.7732206350631565
1384,(0.3123036441860356)(X_0 + X_1 + (2)(X_3) + X_4),11,0.27067787485402134,0.2651505657670309,0.27067787485402134,0.2651505657670309,0.7240744523506695,0.7427792294587214
1385,(0.35641879205746235)(X_0 + X_1 + (1.6608908789927455)(X_3) + (0.8078588455953521)(X_4)),13,0.26527854564500275,0.25044077230860706,0.26527854564500275,0.25044077230860706,0.729578459169627,0.757049100605077
1386,(0.31398936475105205)(0.9266042536777925 + X_0 + X_1 + (2)(X_3) + X_4 - (sqrt(X_0))),15,0.2501182380476581,0.23377068963271092,0.2501182380476581,0.23377068963271092,0.7450326819375044,0.7732206350631566
1387,(0.3123036441860356)(X_0 + X_1 + (2)(X_3) + ((2)((2)^(-1)))(X_4)),15,0.27067787485402134,0.2651505657670309,0.27067787485402134,0.2651505657670309,0.7240744523506695,0.7427792294587214
1388,(0.3123036441860362)(X_0 + X_1 + (2)(X_3) + X_4),11,0.27067787485402134,0.26515056576703067,0.27067787485402134,0.26515056576703067,0.7240744523506695,0.7427792294587217
1389,(-1.3572480788817298e-06)(X_0 + X_1 + (-440476.055995115)(X_3) + (-228238.54137220932)(X_4)),13,0.5199200271897241,0.5950935028419398,0.5199200271897241,0.5950935028419398,0.4700002048059966,0.42270381772594634
1390,(0.3139893647510519)(0.9266042536778047 + X_0 + X_1 + (2)(X_3) + X_4 - (sqrt(X_0))),15,0.25011823804765815,0.23377068963271136,0.25011823804765815,0.23377068963271136,0.7450326819375043,0.7732206350631562
1391,(0.313989364751052)(0.9266042536777666 + X_0 + X_1 + (2)(X_3) + X_4 - (sqrt(X_0))),15,0.25011823804765815,0.23377068963271005,0.25011823804765815,0.23377068963271005,0.7450326819375042,0.7732206350631574
1392,(0.313989364751052)(0.9266042536778412 + X_0 + X_1 + (2)(X_3) + X_4 - (sqrt(X_0))),15,0.25011823804765815,0.23377068963271252,0.25011823804765815,0.23377068963271252,0.7450326819375043,0.7732206350631551
1393,(0.31230364418603607)(X_0 + X_1 + (2)(X_3) + X_4),11,0.2706778748540214,0.2651505657670307,0.2706778748540214,0.2651505657670307,0.7240744523506695,0.7427792294587215
1394,(0.3123036441860356)(X_0 + X_1 + (2)(X_3) + X_4),11,0.27067787485402134,0.2651505657670309,0.27067787485402134,0.2651505657670309,0.7240744523506695,0.7427792294587214
1395,(0.3343893344194384)(X_0 + X_1 + (1.7695575641611199)(X_3) + X_4),11,0.26812770149078646,0.2567897440445142,0.26812770149078646,0.2567897440445142,0.7266740663096265,0.7508900060644692
1396,(0.3343893344194384)(X_0 + X_1 + (1.7695575641611152)(X_3) + X_4),11,0.26812770149078646,0.25678974404451427,0.26812770149078646,0.25678974404451427,0.7266740663096265,0.7508900060644691
1397,(0.3343893344194384)(X_0 + X_1 + (1.7695575641611196)(X_3) + X_4),11,0.26812770149078646,0.2567897440445142,0.26812770149078646,0.2567897440445142,0.7266740663096265,0.7508900060644691
1398,(0.3123036441860414)(X_0 + X_1 + (2)(X_3) + X_4),11,0.27067787485402134,0.265150565767028,0.27067787485402134,0.265150565767028,0.7240744523506695,0.7427792294587242
1399,(0.313989364751052)(0.9266042536777939 + X_0 + X_1 + (2)(X_3) + X_4 - (sqrt(X_0))),15,0.2501182380476581,0.233770689632711,0.2501182380476581,0.233770689632711,0.7450326819375044,0.7732206350631565
1400,(0.313989364751052)(0.9266042536777942 + X_0 + X_1 + (2)(X_3) + X_4 - (sqrt(X_0))),15,0.2501182380476581,0.233770689632711,0.2501182380476581,0.233770689632711,0.7450326819375044,0.7732206350631565
1401,(0.3123036441860396)(X_0 + X_1 + (2)(X_3) + X_4),11,0.27067787485402134,0.26515056576702895,0.27067787485402134,0.26515056576702895,0.7240744523506695,0.7427792294587233
1402,(0.31398936475105205)(0.9266042536777926 + X_0 + X_1 + (2)(X_3) + X_4 - (sqrt(X_0))),15,0.25011823804765815,0.23377068963271092,0.25011823804765815,0.23377068963271092,0.7450326819375043,0.7732206350631566
1403,(0.31398936475105227)(0.9266042536778256 + X_0 + X_1 + (2)(X_3) + X_4 - (sqrt(X_0))),15,0.25011823804765815,0.23377068963271183,0.25011823804765815,0.23377068963271183,0.7450326819375043,0.7732206350631557
1404,(0.3123036441860365)(X_0 + X_1 + (2)(X_3) + X_4),11,0.27067787485402134,0.2651505657670305,0.27067787485402134,0.2651505657670305,0.7240744523506695,0.7427792294587219
1405,(0.3139893647510519)(0.9266042536777781 + X_0 + X_1 + (2)(X_3) + X_4 - (sqrt(X_0))),15,0.25011823804765815,0.23377068963271047,0.25011823804765815,0.23377068963271047,0.7450326819375043,0.7732206350631571
1406,(0.3343893344194384)(X_0 + X_1 + (1.7695575641611199)(X_3) + X_4),11,0.26812770149078646,0.2567897440445142,0.26812770149078646,0.2567897440445142,0.7266740663096265,0.7508900060644692
1407,(0.31398936475105227)(0.9266042536777577 + X_0 + X_1 + (2)(X_3) + X_4 - (sqrt(X_0))),15,0.25011823804765815,0.23377068963270964,0.25011823804765815,0.23377068963270964,0.7450326819375043,0.7732206350631579
1408,(0.3343893344194382)(X_0 + X_1 + (1.7695575641611128)(X_3) + X_4),11,0.26812770149078646,0.25678974404451443,0.26812770149078646,0.25678974404451443,0.7266740663096265,0.7508900060644689
1409,(0.31230364418603296)(X_0 + X_1 + (2)(X_3) + X_4),11,0.27067787485402134,0.26515056576703233,0.27067787485402134,0.26515056576703233,0.7240744523506695,0.7427792294587201
1410,(0.3139893647510517)(0.9266042536778247 + X_0 + X_1 + (2)(X_3) + X_4 - (sqrt(X_0))),15,0.25011823804765815,0.23377068963271208,0.25011823804765815,0.23377068963271208,0.7450326819375043,0.7732206350631555
1411,(0.3343893344194384)(X_0 + X_1 + (1.7695575641611199)(X_3) + X_4),11,0.26812770149078646,0.2567897440445142,0.26812770149078646,0.2567897440445142,0.7266740663096265,0.7508900060644692
1412,(0.3123036441860385)(X_0 + X_1 + (2)(X_3) + X_4),11,0.27067787485402134,0.2651505657670295,0.27067787485402134,0.2651505657670295,0.7240744523506695,0.7427792294587228
1413,(0.31230364418603607)(X_0 + X_1 + (2)(X_3) + X_4),11,0.2706778748540214,0.2651505657670307,0.2706778748540214,0.2651505657670307,0.7240744523506695,0.7427792294587215
1414,(0.31230364418603385)(X_0 + X_1 + (2)(X_3) + X_4),11,0.27067787485402134,0.26515056576703183,0.27067787485402134,0.26515056576703183,0.7240744523506695,0.7427792294587205
1415,(0.3139893647510521)(0.9266042536778034 + X_0 + X_1 + (2)(X_3) + X_4 - (sqrt(X_0))),15,0.25011823804765815,0.2337706896327112,0.25011823804765815,0.2337706896327112,0.7450326819375043,0.7732206350631563
1416,(0.31449527631831586)(0.9365359105568203 + X_0 + X_1 + (2)(X_3) + X_4 - (sqrt(X_1))),15,0.248256541602159,0.24521573703069355,0.248256541602159,0.24521573703069355,0.7469304713728551,0.7621178719893749
1417,(0.31398936475105194)(0.926604253677781 + X_0 + X_1 + (2)(X_3) + X_4 - (sqrt(X_0))),15,0.2501182380476581,0.23377068963271055,0.2501182380476581,0.23377068963271055,0.7450326819375044,0.773220635063157
1418,(0.313989364751052)(0.9266042536777666 + X_0 + X_1 + (2)(X_3) + X_4 - (sqrt(X_0))),15,0.25011823804765815,0.23377068963271005,0.25011823804765815,0.23377068963271005,0.7450326819375042,0.7732206350631574
1419,(0.3123036441860352)(X_0 + X_1 + (2)(X_3) + X_4),11,0.27067787485402134,0.26515056576703117,0.27067787485402134,0.26515056576703117,0.7240744523506695,0.7427792294587212
1420,(0.3106309697606539)(1.8020698864510714 + X_0 + X_1 + (2)(X_3) + X_4 - (sqrt(X_0) + sqrt(X_7))),18,0.2548907474699794,0.238989353091124,0.2548907474699794,0.238989353091124,0.7401676471550132,0.7681580449378613
1421,(0.3343893344194384)(X_0 + X_1 + (1.7695575641611199)(X_3) + X_4),11,0.26812770149078646,0.2567897440445142,0.26812770149078646,0.2567897440445142,0.7266740663096265,0.7508900060644692
1422,(0.31398936475105205)(0.9266042536777943 + X_0 + X_1 + (2)(X_3) + X_4 - (sqrt(X_0))),15,0.2501182380476581,0.23377068963271092,0.2501182380476581,0.23377068963271092,0.7450326819375044,0.7732206350631566
1423,(0.31230364418603385)(X_0 + X_1 + (2)(X_3) + X_4),11,0.27067787485402134,0.26515056576703183,0.27067787485402134,0.26515056576703183,0.7240744523506695,0.7427792294587205
1424,(0.337190485400636)(X_0 + X_1 + X_3 + X_4 + sin(X_3)),11,0.2704858801009382,0.25380065613831165,0.2704858801009382,0.25380065613831165,0.7242701693349958,0.753789700025992
1425,(0.31449527631831553)(0.936535910556838 + X_0 + X_1 + (2)(X_3) + X_4 - (sqrt(X_1))),15,0.24825654160215901,0.2452157370306944,0.24825654160215901,0.2452157370306944,0.7469304713728551,0.762117871989374
1426,(0.31230364418603607)(X_0 + X_1 + (2)(X_3) + X_4),11,0.2706778748540214,0.2651505657670307,0.2706778748540214,0.2651505657670307,0.7240744523506695,0.7427792294587215
1427,(0.3343893344194384)(X_0 + X_1 + (1.7695575641611199)(X_3) + X_4),11,0.26812770149078646,0.2567897440445142,0.26812770149078646,0.2567897440445142,0.7266740663096265,0.7508900060644692
1428,(0.313989364751052)(0.9266042536778141 + X_0 + X_1 + (2)(X_3) + X_4 - (sqrt(X_0))),15,0.25011823804765815,0.23377068963271166,0.25011823804765815,0.23377068963271166,0.7450326819375042,0.7732206350631559
1429,(0.3343893344194384)(X_0 + X_1 + (1.7695575641611196)(X_3) + X_4),11,0.26812770149078646,0.2567897440445142,0.26812770149078646,0.2567897440445142,0.7266740663096265,0.7508900060644691
1430,(0.31230364418603496)(X_0 + X_1 + (2)(X_3) + X_4),11,0.27067787485402134,0.2651505657670313,0.27067787485402134,0.2651505657670313,0.7240744523506695,0.742779229458721
1431,(0.3343893344194384)(X_0 + X_1 + (1.7695575641611196)(X_3) + X_4),11,0.26812770149078646,0.2567897440445142,0.26812770149078646,0.2567897440445142,0.7266740663096265,0.7508900060644691
1432,(0.33438933441943847)(X_0 + X_1 + (1.7695575641611145)(X_3) + X_4),11,0.26812770149078646,0.2567897440445142,0.26812770149078646,0.2567897440445142,0.7266740663096265,0.7508900060644691
1433,(0.3343893344194384)(X_0 + X_1 + (1.7695575641611194)(X_3) + X_4),11,0.2681277014907864,0.2567897440445142,0.2681277014907864,0.2567897440445142,0.7266740663096265,0.7508900060644692
1434,(0.3123036441860392)(X_0 + X_1 + (2)(X_3) + X_4),11,0.27067787485402134,0.2651505657670291,0.27067787485402134,0.2651505657670291,0.7240744523506695,0.7427792294587232
1435,(0.313989364751052)(0.9266042536777666 + X_0 + X_1 + (2)(X_3) + X_4 - (sqrt(X_0))),15,0.25011823804765815,0.23377068963271005,0.25011823804765815,0.23377068963271005,0.7450326819375042,0.7732206350631574
1436,(0.31230364418603296)(X_0 + X_1 + (2)(X_3) + X_4),11,0.27067787485402134,0.26515056576703233,0.27067787485402134,0.26515056576703233,0.7240744523506695,0.7427792294587201
1437,(0.3123036441860356)(X_0 + X_1 + (2)(X_3) + X_4),11,0.27067787485402134,0.2651505657670309,0.27067787485402134,0.2651505657670309,0.7240744523506695,0.7427792294587214
1438,(0.33438933441943847)(X_0 + X_1 + (1.7695575641611194)(X_3) + X_4),11,0.26812770149078646,0.25678974404451416,0.26812770149078646,0.25678974404451416,0.7266740663096265,0.7508900060644692
1439,(0.31398936475105205)(0.9266042536777941 + X_0 + X_1 + (2)(X_3) + X_4 - (sqrt(X_0))),15,0.2501182380476581,0.23377068963271092,0.2501182380476581,0.23377068963271092,0.7450326819375044,0.7732206350631566
1440,(0.31230364418603485)(X_0 + X_1 + (2)(X_3) + X_4),11,0.2706778748540214,0.26515056576703133,0.2706778748540214,0.26515056576703133,0.7240744523506695,0.742779229458721
1441,(0.31230364418603485)(X_0 + X_1 + (2)(X_3) + X_4),11,0.2706778748540214,0.26515056576703133,0.2706778748540214,0.26515056576703133,0.7240744523506695,0.742779229458721
1442,(0.32029585471803534)(-0.06429170337536916 + X_0 + X_1 + (X_2)(X_2) + (2)(X_3) + X_4 - (sqrt(X_0))),18,0.17164673132485386,0.15319819432598927,0.17164673132485386,0.15319819432598927,0.8250255275996594,0.8513834678192369
1443,(0.3123036441860352)(X_0 + X_1 + (2)(X_3) + X_4),11,0.27067787485402134,0.26515056576703117,0.27067787485402134,0.26515056576703117,0.7240744523506695,0.7427792294587212
1444,(0.3564187920574627)(X_0 + X_1 + (1.6608908789927213)(X_3) + (0.8078588455953373)(X_4)),13,0.26527854564500275,0.2504407723086078,0.26527854564500275,0.2504407723086078,0.729578459169627,0.7570491006050764
1445,(0.3144952763183157)(0.9365359105568376 + X_0 + X_1 + (2)(X_3) + X_4 - (sqrt(X_1))),15,0.24825654160215901,0.24521573703069433,0.24825654160215901,0.24521573703069433,0.7469304713728551,0.7621178719893741
1446,(0.3123036441860356)(X_0 + X_1 + (2)(X_3) + X_4),11,0.27067787485402134,0.2651505657670309,0.27067787485402134,0.2651505657670309,0.7240744523506695,0.7427792294587214
1447,(0.3123036441860356)(X_0 + X_1 + (2)(X_3) + X_4),11,0.27067787485402134,0.2651505657670309,0.27067787485402134,0.2651505657670309,0.7240744523506695,0.7427792294587214
1448,(0.3343893344194384)(X_0 + X_1 + (1.7695575641611199)(X_3) + X_4),11,0.26812770149078646,0.2567897440445142,0.26812770149078646,0.2567897440445142,0.7266740663096265,0.7508900060644692
1449,(0.3123036441860366)(X_0 + X_1 + (2)(X_3) + X_4),11,0.27067787485402134,0.26515056576703044,0.27067787485402134,0.26515056576703044,0.7240744523506695,0.7427792294587219
1450,(0.3139893647510521)(0.9266042536778201 + X_0 + X_1 + (2)(X_3) + X_4 - (sqrt(X_0))),15,0.25011823804765815,0.2337706896327118,0.25011823804765815,0.2337706896327118,0.7450326819375043,0.7732206350631557
1451,(0.31230364418603385)(X_0 + X_1 + (2)(X_3) + X_4),11,0.27067787485402134,0.26515056576703183,0.27067787485402134,0.26515056576703183,0.7240744523506695,0.7427792294587205
1452,(0.3139893647510519)(0.9266042536777872 + X_0 + X_1 + (2)(X_3) + X_4 - (sqrt(X_0))),15,0.2501182380476581,0.23377068963271078,0.2501182380476581,0.23377068963271078,0.7450326819375044,0.7732206350631567
1453,(0.31398936475105194)(0.9266042536777794 + X_0 + X_1 + (2)(X_3) + X_4 - (sqrt(X_0))),15,0.25011823804765815,0.23377068963271053,0.25011823804765815,0.23377068963271053,0.7450326819375043,0.773220635063157
1454,(0.3123036441860356)(X_0 + X_1 + (2)(X_3) + X_4),11,0.27067787485402134,0.2651505657670309,0.27067787485402134,0.2651505657670309,0.7240744523506695,0.7427792294587214
1455,(0.3139893647510524)(0.9266042536777752 + X_0 + X_1 + (2)(X_3) + X_4 - (sqrt(X_0))),15,0.25011823804765815,0.23377068963271014,0.25011823804765815,0.23377068963271014,0.7450326819375043,0.7732206350631574
1456,(0.3144952763183157)(0.9365359105568367 + X_0 + X_1 + (2)(X_3) + X_4 - (sqrt(X_1))),15,0.24825654160215901,0.24521573703069433,0.24825654160215901,0.24521573703069433,0.7469304713728551,0.7621178719893741
1457,(0.3139893647510519)(0.9266042536778156 + X_0 + X_1 + (2)(X_3) + X_4 - (sqrt(X_0))),15,0.25011823804765815,0.23377068963271175,0.25011823804765815,0.23377068963271175,0.7450326819375043,0.7732206350631559
1458,(0.313989364751052)(0.9266042536778243 + X_0 + X_1 + (2)(X_3) + X_4 - (sqrt(X_0))),15,0.2501182380476581,0.23377068963271197,0.2501182380476581,0.23377068963271197,0.7450326819375044,0.7732206350631556
1459,(0.313989364751052)(0.9266042536777666 + X_0 + X_1 + (2)(X_3) + X_4 - (sqrt(X_0))),15,0.25011823804765815,0.23377068963271005,0.25011823804765815,0.23377068963271005,0.7450326819375042,0.7732206350631574
1460,(0.313989364751052)(0.9266042536777943 + X_0 + X_1 + (2)(X_3) + X_4 - (sqrt(X_0))),15,0.2501182380476581,0.233770689632711,0.2501182380476581,0.233770689632711,0.7450326819375044,0.7732206350631565
1461,(0.31398936475105216)(0.9266042536778012 + X_0 + X_1 + (2)(X_3) + X_4 - (sqrt(X_0))),15,0.25011823804765815,0.2337706896327111,0.25011823804765815,0.2337706896327111,0.7450326819375043,0.7732206350631564
1462,(0.3343893344194384)(X_0 + X_1 + (1.7695575641611196)(X_3) + X_4),11,0.26812770149078646,0.2567897440445142,0.26812770149078646,0.2567897440445142,0.7266740663096265,0.7508900060644691
1463,(0.31230364418603385)(X_0 + X_1 + (2)(X_3) + X_4),11,0.27067787485402134,0.26515056576703183,0.27067787485402134,0.26515056576703183,0.7240744523506695,0.7427792294587205
1464,(0.313989364751052)(0.9266042536777666 + X_0 + X_1 + (2)(X_3) + X_4 - (sqrt(X_0))),15,0.25011823804765815,0.23377068963271005,0.25011823804765815,0.23377068963271005,0.7450326819375042,0.7732206350631574
1465,(0.3343893344194384)(X_0 + X_1 + (1.7695575641611196)(X_3) + X_4),11,0.26812770149078646,0.2567897440445142,0.26812770149078646,0.2567897440445142,0.7266740663096265,0.7508900060644691
1466,(0.3343893344194384)(X_0 + X_1 + (1.7695575641611199)(X_3) + X_4),11,0.26812770149078646,0.2567897440445142,0.26812770149078646,0.2567897440445142,0.7266740663096265,0.7508900060644692
1467,(0.31398936475105205)(0.926604253677811 + X_0 + X_1 + (2)(X_3) + X_4 - (sqrt(X_0))),15,0.2501182380476581,0.2337706896327115,0.2501182380476581,0.2337706896327115,0.7450326819375044,0.7732206350631561
1468,(0.3144952763183157)(0.9365359105568293 + X_0 + X_1 + (2)(X_3) + X_4 - (sqrt(X_1))),15,0.24825654160215901,0.245215737030694,0.24825654160215901,0.245215737030694,0.7469304713728551,0.7621178719893744
1469,(0.3139893647510519)(0.9266042536777768 + X_0 + X_1 + (2)(X_3) + X_4 - (sqrt(X_0))),15,0.25011823804765815,0.23377068963271047,0.25011823804765815,0.23377068963271047,0.7450326819375043,0.7732206350631571
1470,(0.3123036441860352)(X_0 + X_1 + (2)(X_3) + X_4),11,0.27067787485402134,0.26515056576703117,0.27067787485402134,0.26515056576703117,0.7240744523506695,0.7427792294587212
1471,(0.3139893647510522)(0.926604253677842 + X_0 + X_1 + (2)(X_3) + X_4 - (sqrt(X_0))),15,0.25011823804765815,0.23377068963271244,0.25011823804765815,0.23377068963271244,0.7450326819375043,0.7732206350631552
1472,(0.33438933441943836)(X_0 + X_1 + (1.7695575641611212)(X_3) + X_4),11,0.26812770149078646,0.25678974404451416,0.26812770149078646,0.25678974404451416,0.7266740663096265,0.7508900060644692
1473,(0.313989364751052)(0.9266042536777666 + X_0 + X_1 + (2)(X_3) + X_4 - (sqrt(X_0))),15,0.25011823804765815,0.23377068963271005,0.25011823804765815,0.23377068963271005,0.7450326819375042,0.7732206350631574
1474,(0.33002021832297107)(X_0 + (1.8273063456483027)(X_3) + X_4),9,0.39842023714537456,0.4006490338042012,0.39842023714537456,0.4006490338042012,0.5938555296098655,0.6113330820410816
1475,(0.31398936475105205)(0.9266042536777942 + X_0 + X_1 + (2)(X_3) + X_4 - (sqrt(X_0))),15,0.25011823804765815,0.23377068963271092,0.25011823804765815,0.23377068963271092,0.7450326819375043,0.7732206350631566
1476,(0.313989364751052)(0.9266042536777861 + X_0 + X_1 + (2)(X_3) + X_4 - (sqrt(X_0))),15,0.2501182380476581,0.2337706896327107,0.2501182380476581,0.2337706896327107,0.7450326819375044,0.7732206350631569
1477,(0.3564187920574631)(X_0 + X_1 + (1.660890878992702)(X_3) + (0.8078588455953541)(X_4)),13,0.26527854564500275,0.2504407723086074,0.26527854564500275,0.2504407723086074,0.729578459169627,0.7570491006050768
1478,(0.3123036441860356)(X_0 + X_1 + (2)(X_3) + X_4),11,0.27067787485402134,0.2651505657670309,0.27067787485402134,0.2651505657670309,0.7240744523506695,0.7427792294587214
1479,(0.3343893344194384)(X_0 + X_1 + (1.7695575641611196)(X_3) + X_4),11,0.26812770149078646,0.2567897440445142,0.26812770149078646,0.2567897440445142,0.7266740663096265,0.7508900060644691
1480,(0.3123036441860356)(X_0 + X_1 + (2)(X_3) + X_4),11,0.27067787485402134,0.2651505657670309,0.27067787485402134,0.2651505657670309,0.7240744523506695,0.7427792294587214
1481,(0.31230364418603074)(X_0 + X_1 + (2)(X_3) + X_4),11,0.27067787485402134,0.2651505657670334,0.27067787485402134,0.2651505657670334,0.7240744523506695,0.742779229458719
1482,(0.35641879205746274)(X_0 + X_1 + (1.6608908789927286)(X_3) + (0.8078588455953457)(X_4)),13,0.26527854564500275,0.25044077230860734,0.26527854564500275,0.25044077230860734,0.729578459169627,0.7570491006050768
1483,(0.31230364418603396)(X_0 + X_1 + (2)(X_3) + X_4),11,0.27067787485402134,0.2651505657670318,0.27067787485402134,0.2651505657670318,0.7240744523506695,0.7427792294587205
1484,(0.313989364751052)(0.9266042536777943 + X_0 + X_1 + (2)(X_3) + X_4 - (sqrt(X_0))),15,0.2501182380476581,0.233770689632711,0.2501182380476581,0.233770689632711,0.7450326819375044,0.7732206350631565
1485,(0.3123036441860396)(X_0 + X_1 + (2)(X_3) + X_4),11,0.27067787485402134,0.26515056576702895,0.27067787485402134,0.26515056576702895,0.7240744523506695,0.7427792294587233
1486,(0.313989364751052)(0.9266042536777922 + X_0 + X_1 + (2)(X_3) + X_4 - (sqrt(X_0))),15,0.25011823804765815,0.23377068963271092,0.25011823804765815,0.23377068963271092,0.7450326819375043,0.7732206350631566
1487,(0.31398936475105227)(0.9266042536777617 + X_0 + X_1 + (2)(X_3) + X_4 - (sqrt(X_0))),15,0.25011823804765815,0.23377068963270972,0.25011823804765815,0.23377068963270972,0.7450326819375042,0.7732206350631579
1488,(0.313989364751052)(0.9266042536777666 + X_0 + X_1 + (2)(X_3) + X_4 - (sqrt(X_0))),15,0.25011823804765815,0.23377068963271005,0.25011823804765815,0.23377068963271005,0.7450326819375042,0.7732206350631574
1489,(0.3065383538927191)((1.140788049999407)(X_0) + X_1 + (2)(X_3) + X_4),13,0.2690989470445543,0.2553236277784309,0.2690989470445543,0.2553236277784309,0.7256839910717818,0.7523122755383211
1490,(0.3123036441860365)(X_0 + X_1 + (2)(X_3) + X_4),11,0.27067787485402134,0.2651505657670305,0.27067787485402134,0.2651505657670305,0.7240744523506695,0.7427792294587219
1491,(0.3564187920574624)(X_0 + X_1 + (1.6608908789926944)(X_3) + (0.8078588455953994)(X_4)),13,0.26527854564500275,0.2504407723086065,0.26527854564500275,0.2504407723086065,0.729578459169627,0.7570491006050776
1492,(0.31398936475105216)(0.9266042536778274 + X_0 + X_1 + (2)(X_3) + X_4 - (sqrt(X_0))),15,0.25011823804765815,0.23377068963271197,0.25011823804765815,0.23377068963271197,0.7450326819375043,0.7732206350631556
1493,(0.31230364418603873)(X_0 + X_1 + (2)(X_3) + X_4),11,0.27067787485402134,0.2651505657670294,0.27067787485402134,0.2651505657670294,0.7240744523506695,0.7427792294587229
1494,(0.32029585471803534)(-0.06429170337536916 + X_0 + X_1 + (X_2)(X_2) + (2)(X_3) + X_4 - (sqrt(X_0))),18,0.17164673132485386,0.15319819432598927,0.17164673132485386,0.15319819432598927,0.8250255275996594,0.8513834678192369
1495,(0.3343893344194384)(X_0 + X_1 + (1.7695575641611196)(X_3) + X_4),11,0.26812770149078646,0.2567897440445142,0.26812770149078646,0.2567897440445142,0.7266740663096265,0.7508900060644691
1496,(0.3371904854006349)(X_0 + X_1 + X_3 + X_4 + sin(X_3)),11,0.2704858801009382,0.2538006561383122,0.2704858801009382,0.2538006561383122,0.7242701693349958,0.7537897000259914
1497,(0.3343893344194385)(X_0 + X_1 + (1.7695575641611052)(X_3) + X_4),11,0.26812770149078646,0.2567897440445145,0.26812770149078646,0.2567897440445145,0.7266740663096265,0.7508900060644689
1498,(0.313989364751052)(0.9266042536777825 + X_0 + X_1 + (2)(X_3) + X_4 - (sqrt(X_0))),15,0.2501182380476581,0.23377068963271055,0.2501182380476581,0.23377068963271055,0.7450326819375044,0.773220635063157
1499,(0.3123036441860356)(X_0 + X_1 + (2)(X_3) + X_4),11,0.27067787485402134,0.2651505657670309,0.27067787485402134,0.2651505657670309,0.7240744523506695,0.7427792294587214
1500,(0.3343893344194386)(X_0 + X_1 + (1.7695575641611152)(X_3) + X_4),11,0.26812770149078646,0.2567897440445142,0.26812770149078646,0.2567897440445142,0.7266740663096265,0.7508900060644691
1501,(0.3343893344194384)(X_0 + X_1 + (1.7695575641611185)(X_3) + X_4),11,0.26812770149078646,0.2567897440445142,0.26812770149078646,0.2567897440445142,0.7266740663096265,0.7508900060644691
1502,(0.31398936475105177)(0.9266042536778338 + X_0 + X_1 + (2)(X_3) + X_4 - (sqrt(X_0))),15,0.25011823804765815,0.2337706896327124,0.25011823804765815,0.2337706896327124,0.7450326819375043,0.7732206350631552
1503,(0.3343893344194384)(X_0 + X_1 + (1.7695575641611196)(X_3) + X_4),11,0.26812770149078646,0.2567897440445142,0.26812770149078646,0.2567897440445142,0.7266740663096265,0.7508900060644691
1504,(0.3343893344194384)(X_0 + X_1 + (1.7695575641611199)(X_3) + X_4),11,0.26812770149078646,0.2567897440445142,0.26812770149078646,0.2567897440445142,0.7266740663096265,0.7508900060644692
1505,(0.313989364751052)(0.9266042536777942 + X_0 + X_1 + (2)(X_3) + X_4 - (sqrt(X_0))),15,0.2501182380476581,0.233770689632711,0.2501182380476581,0.233770689632711,0.7450326819375044,0.7732206350631565
1506,(0.3144952763183157)(0.9365359105568419 + X_0 + X_1 + (2)(X_3) + X_4 - (sqrt(X_1))),15,0.24825654160215901,0.2452157370306945,0.24825654160215901,0.2452157370306945,0.7469304713728551,0.7621178719893739
1507,(0.3144952763183157)(0.9365359105568372 + X_0 + X_1 + (2)(X_3) + X_4 - (sqrt(X_1))),15,0.24825654160215901,0.24521573703069433,0.24825654160215901,0.24521573703069433,0.7469304713728551,0.7621178719893741
1508,(0.3343893344194384)(X_0 + X_1 + (1.7695575641611174)(X_3) + X_4),11,0.26812770149078646,0.2567897440445142,0.26812770149078646,0.2567897440445142,0.7266740663096265,0.7508900060644691
1509,(0.3123036441860356)(X_0 + X_1 + (2)(X_3) + X_4),11,0.27067787485402134,0.2651505657670309,0.27067787485402134,0.2651505657670309,0.7240744523506695,0.7427792294587214
1510,(0.3139893647510522)(0.926604253677842 + X_0 + X_1 + (2)(X_3) + X_4 - (sqrt(X_0))),15,0.25011823804765815,0.23377068963271244,0.25011823804765815,0.23377068963271244,0.7450326819375043,0.7732206350631552
1511,(0.3123036441860356)(X_0 + X_1 + (2)(X_3) + X_4),11,0.27067787485402134,0.2651505657670309,0.27067787485402134,0.2651505657670309,0.7240744523506695,0.7427792294587214
1512,(0.3343893344194385)(X_0 + X_1 + (1.7695575641611612)(X_3) + X_4),11,0.26812770149078646,0.2567897440445131,0.26812770149078646,0.2567897440445131,0.7266740663096265,0.7508900060644702
1513,(0.3343893344194383)(X_0 + X_1 + (1.7695575641611319)(X_3) + X_4),11,0.26812770149078646,0.256789744044514,0.26812770149078646,0.256789744044514,0.7266740663096265,0.7508900060644693
1514,(0.3123036441860356)(X_0 + X_1 + (2)(X_3) + X_4),11,0.27067787485402134,0.2651505657670309,0.27067787485402134,0.2651505657670309,0.7240744523506695,0.7427792294587214
1515,(0.3343893344194384)(X_0 + X_1 + (1.7695575641611196)(X_3) + X_4),11,0.26812770149078646,0.2567897440445142,0.26812770149078646,0.2567897440445142,0.7266740663096265,0.7508900060644691
1516,(0.31398936475105194)(0.9266042536777934 + X_0 + X_1 + (2)(X_3) + X_4 - (sqrt(X_0))),15,0.2501182380476581,0.233770689632711,0.2501182380476581,0.233770689632711,0.7450326819375044,0.7732206350631565
1517,(0.3343893344194384)(X_0 + X_1 + (1.769557564161119)(X_3) + X_4),11,0.26812770149078646,0.2567897440445142,0.26812770149078646,0.2567897440445142,0.7266740663096265,0.7508900060644692
1518,(0.31398936475105194)(0.9266042536777948 + X_0 + X_1 + (2)(X_3) + X_4 - (sqrt(X_0))),15,0.2501182380476581,0.233770689632711,0.2501182380476581,0.233770689632711,0.7450326819375044,0.7732206350631565
1519,(0.313989364751052)(0.9266042536777594 + X_0 + X_1 + (2)(X_3) + X_4 - (sqrt(X_0))),15,0.25011823804765815,0.2337706896327098,0.25011823804765815,0.2337706896327098,0.7450326819375043,0.7732206350631577
1520,(0.3343893344194382)(X_0 + X_1 + (1.769557564161114)(X_3) + X_4),11,0.26812770149078646,0.2567897440445144,0.26812770149078646,0.2567897440445144,0.7266740663096265,0.750890006064469
1521,(0.3123036441860356)(X_0 + X_1 + (2)(X_3) + X_4),11,0.27067787485402134,0.2651505657670309,0.27067787485402134,0.2651505657670309,0.7240744523506695,0.7427792294587214
1522,(0.3123036441860352)(X_0 + X_1 + (2)(X_3) + (X_4)^(sqrt(1))),14,0.27067787485402134,0.26515056576703117,0.27067787485402134,0.26515056576703117,0.7240744523506695,0.7427792294587212
1523,(0.3123036441860356)(X_0 + X_1 + (2)(X_3) + X_4),11,0.27067787485402134,0.2651505657670309,0.27067787485402134,0.2651505657670309,0.7240744523506695,0.7427792294587214
1524,(0.3139893647510518)(0.9266042536778087 + X_0 + X_1 + (2)(X_3) + X_4 - (sqrt(X_0))),15,0.2501182380476581,0.23377068963271155,0.2501182380476581,0.23377068963271155,0.7450326819375044,0.7732206350631561
1525,(0.3123036441860352)(X_0 + X_1 + (2)(X_3) + X_4),11,0.27067787485402134,0.26515056576703117,0.27067787485402134,0.26515056576703117,0.7240744523506695,0.7427792294587212
1526,(0.3144952763183158)(0.936535910556821 + X_0 + X_1 + (2)(X_3) + X_4 - (sqrt(X_1))),15,0.248256541602159,0.24521573703069363,0.248256541602159,0.24521573703069363,0.7469304713728551,0.7621178719893748
1527,(0.31230364418603296)(X_0 + X_1 + (2)(X_3) + X_4),11,0.27067787485402134,0.26515056576703233,0.27067787485402134,0.26515056576703233,0.7240744523506695,0.7427792294587201
1528,(0.31398936475105194)(0.9266042536777945 + X_0 + X_1 + (2)(X_3) + X_4 - (sqrt(X_0))),15,0.2501182380476581,0.233770689632711,0.2501182380476581,0.233770689632711,0.7450326819375044,0.7732206350631565
1529,(0.31398936475105205)(0.9266042536777936 + X_0 + X_1 + (2)(X_3) + X_4 - (sqrt(X_0))),15,0.25011823804765815,0.23377068963271092,0.25011823804765815,0.23377068963271092,0.7450326819375043,0.7732206350631566
1530,(0.3123036441860356)(X_0 + X_1 + (2)(X_3) + X_4),11,0.27067787485402134,0.2651505657670309,0.27067787485402134,0.2651505657670309,0.7240744523506695,0.7427792294587214
1531,(0.313989364751052)(0.9266042536778065 + X_0 + X_1 + (2)(X_3) + X_4 - (sqrt(X_0))),15,0.2501182380476581,0.23377068963271133,0.2501182380476581,0.23377068963271133,0.7450326819375044,0.7732206350631563
1532,(0.3564187920574626)(X_0 + X_1 + (1.6608908789927268)(X_3) + (0.8078588455953475)(X_4)),13,0.26527854564500275,0.2504407723086074,0.26527854564500275,0.2504407723086074,0.729578459169627,0.7570491006050768
1533,(0.313989364751052)(0.9266042536777925 + X_0 + X_1 + (2)(X_3) + X_4 - (sqrt(X_0))),15,0.2501182380476581,0.23377068963271092,0.2501182380476581,0.23377068963271092,0.7450326819375044,0.7732206350631566
1534,(0.3139893647510521)(0.9266042536777861 + X_0 + X_1 + (2)(X_3) + X_4 - (sqrt(X_0))),15,0.25011823804765815,0.23377068963271064,0.25011823804765815,0.23377068963271064,0.7450326819375042,0.7732206350631569
1535,(0.31398936475105177)(0.9266042536778198 + X_0 + X_1 + (2)(X_3) + X_4 - (sqrt(X_0))),15,0.2501182380476581,0.23377068963271191,0.2501182380476581,0.23377068963271191,0.7450326819375044,0.7732206350631556
1536,(0.33438933441943847)(X_0 + X_1 + (1.7695575641611183)(X_3) + X_4),11,0.26812770149078646,0.2567897440445142,0.26812770149078646,0.2567897440445142,0.7266740663096265,0.7508900060644692
1537,(0.31398936475105205)(0.9266042536777942 + X_0 + X_1 + (2)(X_3) + X_4 - (sqrt(X_0))),15,0.25011823804765815,0.23377068963271092,0.25011823804765815,0.23377068963271092,0.7450326819375043,0.7732206350631566
1538,(0.3123036441860356)(X_0 + X_1 + (2)(X_3) + X_4),11,0.27067787485402134,0.2651505657670309,0.27067787485402134,0.2651505657670309,0.7240744523506695,0.7427792294587214
1539,(0.3139893647510521)(0.926604253677782 + X_0 + X_1 + (2)(X_3) + X_4 - (sqrt(X_0))),15,0.25011823804765815,0.23377068963271053,0.25011823804765815,0.23377068963271053,0.7450326819375042,0.773220635063157
1540,(0.313989364751052)(0.9266042536777942 + X_0 + X_1 + (2)(X_3) + X_4 - (sqrt(X_0))),15,0.2501182380476581,0.233770689632711,0.2501182380476581,0.233770689632711,0.7450326819375044,0.7732206350631565
1541,(0.3139893647510517)(0.9266042536777821 + X_0 + X_1 + (2)(X_3) + X_4 - (sqrt(X_0))),15,0.25011823804765815,0.23377068963271072,0.25011823804765815,0.23377068963271072,0.7450326819375043,0.7732206350631567
1542,(0.31230364418603873)(X_0 + X_1 + (2)(X_3) + X_4),11,0.27067787485402134,0.2651505657670294,0.27067787485402134,0.2651505657670294,0.7240744523506695,0.7427792294587229
1543,(0.3343893344194384)(X_0 + X_1 + (1.7695575641611199)(X_3) + X_4),11,0.26812770149078646,0.2567897440445142,0.26812770149078646,0.2567897440445142,0.7266740663096265,0.7508900060644692
1544,(0.3123036441860356)(X_0 + X_1 + (2)(X_3) + X_4),11,0.27067787485402134,0.2651505657670309,0.27067787485402134,0.2651505657670309,0.7240744523506695,0.7427792294587214
1545,(0.3343893344194384)(X_0 + X_1 + (1.7695575641611196)(X_3) + X_4),11,0.26812770149078646,0.2567897440445142,0.26812770149078646,0.2567897440445142,0.7266740663096265,0.7508900060644691
1546,(0.31398936475105205)(0.9266042536777943 + X_0 + X_1 + (2)(X_3) + X_4 - (sqrt(X_0))),15,0.2501182380476581,0.23377068963271092,0.2501182380476581,0.23377068963271092,0.7450326819375044,0.7732206350631566
1547,(0.3139893647510526)(0.9266042536777404 + X_0 + X_1 + (2)(X_3) + X_4 - (sqrt(X_0))),15,0.25011823804765815,0.23377068963270886,0.25011823804765815,0.23377068963270886,0.7450326819375043,0.7732206350631586
1548,(0.31398936475105227)(0.9266042536778034 + X_0 + X_1 + (2)(X_3) + X_4 - (sqrt(X_0))),15,0.2501182380476581,0.23377068963271116,0.2501182380476581,0.23377068963271116,0.7450326819375044,0.7732206350631564
1549,(0.3123036441860356)(X_0 + X_1 + (2)(X_3) + X_4),11,0.27067787485402134,0.2651505657670309,0.27067787485402134,0.2651505657670309,0.7240744523506695,0.7427792294587214
1550,(0.33438933441943847)(X_0 + X_1 + (1.7695575641611148)(X_3) + X_4),11,0.26812770149078646,0.2567897440445142,0.26812770149078646,0.2567897440445142,0.7266740663096265,0.7508900060644691
1551,(0.3126030396775177)(0.06454580242222296 + X_0 + X_1 + (2)(X_3) + X_4),13,0.2702714078585728,0.2670310438798193,0.2702714078585728,0.2670310438798193,0.72448879958308,0.74095499035986
1552,(0.17936830725226652)(0.00514742786119049 + (2)(X_0) + (3.3900611389329454)(X_3)),11,0.4826657515666779,0.502697911859972,0.4826657515666779,0.502697911859972,0.5079767346908712,0.5123361556327044
1553,(0.3123036441860356)(X_0 + X_1 + (2)(X_3) + X_4),11,0.27067787485402134,0.2651505657670309,0.27067787485402134,0.2651505657670309,0.7240744523506695,0.7427792294587214
1554,(0.3343893344194384)(X_0 + X_1 + (1.7695575641611199)(X_3) + X_4),11,0.26812770149078646,0.2567897440445142,0.26812770149078646,0.2567897440445142,0.7266740663096265,0.7508900060644692
1555,(0.3343893344194384)(X_0 + X_1 + (1.769557564161116)(X_3) + X_4),11,0.26812770149078646,0.25678974404451427,0.26812770149078646,0.25678974404451427,0.7266740663096265,0.7508900060644691
1556,(0.3110286415423662)(X_0 + (2)(X_3) + X_4 + (X_1)((sqrt(X_8))^(X_8))),15,0.2687758340979581,0.26379582404759755,0.2687758340979581,0.26379582404759755,0.7260133682578198,0.7440934552381347
1557,(0.31398936475105205)(0.9266042536777903 + X_0 + X_1 + (2)(X_3) + X_4 - (sqrt(X_0))),15,0.25011823804765815,0.23377068963271078,0.25011823804765815,0.23377068963271078,0.7450326819375043,0.7732206350631567
1558,(0.33438933441943836)(X_0 + X_1 + (1.769557564161122)(X_3) + X_4),11,0.26812770149078646,0.25678974404451416,0.26812770149078646,0.25678974404451416,0.7266740663096265,0.7508900060644692
1559,(0.3343893344194384)(X_0 + X_1 + (1.7695575641611196)(X_3) + X_4),11,0.26812770149078646,0.2567897440445142,0.26812770149078646,0.2567897440445142,0.7266740663096265,0.7508900060644691
1560,(0.31398936475105166)(0.9266042536777106 + X_0 + X_1 + (2)(X_3) + X_4 - (sqrt(X_0))),15,0.2501182380476581,0.2337706896327084,0.2501182380476581,0.2337706896327084,0.7450326819375044,0.7732206350631591
1561,(0.313989364751052)(0.9266042536777942 + X_0 + X_1 + (2)(X_3) + X_4 - (sqrt(X_0))),15,0.2501182380476581,0.233770689632711,0.2501182380476581,0.233770689632711,0.7450326819375044,0.7732206350631565
1562,(0.33438933441943847)(X_0 + X_1 + (1.7695575641611196)(X_3) + X_4),11,0.26812770149078646,0.25678974404451416,0.26812770149078646,0.25678974404451416,0.7266740663096265,0.7508900060644692
1563,(0.313989364751052)(0.9266042536777942 + X_0 + X_1 + (2)(X_3) + X_4 - (sqrt(X_0))),15,0.2501182380476581,0.233770689632711,0.2501182380476581,0.233770689632711,0.7450326819375044,0.7732206350631565
1564,(0.3564187920574628)(X_0 + X_1 + (1.6608908789927288)(X_3) + (0.8078588455953436)(X_4)),13,0.2652785456450027,0.2504407723086074,0.2652785456450027,0.2504407723086074,0.7295784591696272,0.7570491006050768
1565,(0.313989364751052)(0.9266042536778052 + X_0 + X_1 + (2)(X_3) + X_4 - (sqrt(X_0))),15,0.2501182380476581,0.23377068963271128,0.2501182380476581,0.23377068963271128,0.7450326819375044,0.7732206350631563
1566,(0.3343893344194384)(X_0 + X_1 + (1.7695575641611188)(X_3) + X_4),11,0.26812770149078646,0.2567897440445142,0.26812770149078646,0.2567897440445142,0.7266740663096265,0.7508900060644691
1567,(0.35402187402904106)(X_1 + (1.6307286523933897)(X_3) + X_4 + (X_0)(sqrt(X_8))),14,0.2685636245437765,0.26981866888629896,0.2685636245437765,0.26981866888629896,0.726229691950643,0.7382507341947917
1568,(0.3343893344194384)(X_0 + X_1 + (1.7695575641611196)(X_3) + X_4),11,0.26812770149078646,0.2567897440445142,0.26812770149078646,0.2567897440445142,0.7266740663096265,0.7508900060644691
1569,(0.3343893344194384)(X_0 + X_1 + (1.76955756416112)(X_3) + X_4),11,0.26812770149078646,0.25678974404451416,0.26812770149078646,0.25678974404451416,0.7266740663096265,0.7508900060644692
1570,(0.31398936475105205)(0.9266042536777941 + X_0 + X_1 + (2)(X_3) + X_4 - (sqrt(X_0))),15,0.2501182380476581,0.23377068963271092,0.2501182380476581,0.23377068963271092,0.7450326819375044,0.7732206350631566
1571,(0.31398936475105155)(0.926604253677783 + X_0 + X_1 + (2)(X_3) + X_4 - (sqrt(X_0))),15,0.2501182380476581,0.2337706896327108,0.2501182380476581,0.2337706896327108,0.7450326819375044,0.7732206350631567
1572,(0.313989364751052)(0.9266042536777666 + X_0 + X_1 + (2)(X_3) + X_4 - (sqrt(X_0))),15,0.25011823804765815,0.23377068963271005,0.25011823804765815,0.23377068963271005,0.7450326819375042,0.7732206350631574
1573,(0.3343893344194384)(X_0 + X_1 + (1.7695575641611194)(X_3) + X_4),11,0.2681277014907864,0.2567897440445142,0.2681277014907864,0.2567897440445142,0.7266740663096265,0.7508900060644692
1574,(0.313989364751052)(0.9266042536777943 + X_0 + X_1 + (2)(X_3) + X_4 - (sqrt(X_0))),15,0.2501182380476581,0.233770689632711,0.2501182380476581,0.233770689632711,0.7450326819375044,0.7732206350631565
1575,(0.31230364418603873)(X_0 + X_1 + (2)(X_3) + X_4),11,0.27067787485402134,0.2651505657670294,0.27067787485402134,0.2651505657670294,0.7240744523506695,0.7427792294587229
1576,(0.3343893344194384)(X_0 + X_1 + (1.7695575641611199)(X_3) + X_4),11,0.26812770149078646,0.2567897440445142,0.26812770149078646,0.2567897440445142,0.7266740663096265,0.7508900060644692
1577,(0.313989364751052)(0.9266042536777666 + X_0 + X_1 + (2)(X_3) + X_4 - (sqrt(X_0))),15,0.25011823804765815,0.23377068963271005,0.25011823804765815,0.23377068963271005,0.7450326819375042,0.7732206350631574
1578,(0.31398936475105205)(0.9266042536777748 + X_0 + X_1 + (2)(X_3) + X_4 - (sqrt(X_0))),15,0.25011823804765815,0.2337706896327103,0.25011823804765815,0.2337706896327103,0.7450326819375043,0.7732206350631572
1579,(0.33438933441943836)(X_0 + X_1 + (1.7695575641611212)(X_3) + X_4),11,0.26812770149078646,0.25678974404451416,0.26812770149078646,0.25678974404451416,0.7266740663096265,0.7508900060644692
1580,(0.313989364751052)(0.9266042536777666 + X_0 + X_1 + (2)(X_3) + X_4 - (sqrt(X_0))),15,0.25011823804765815,0.23377068963271005,0.25011823804765815,0.23377068963271005,0.7450326819375042,0.7732206350631574
1581,(0.3343893344194384)(X_0 + X_1 + (1.7695575641611199)(X_3) + X_4),11,0.26812770149078646,0.2567897440445142,0.26812770149078646,0.2567897440445142,0.7266740663096265,0.7508900060644692
1582,(0.3564187920574629)(X_0 + X_1 + (1.6608908789927135)(X_3) + (0.8078588455953266)(X_4)),13,0.2652785456450028,0.2504407723086081,0.2652785456450028,0.2504407723086081,0.729578459169627,0.7570491006050761
1583,(0.33438933441943836)(X_0 + X_1 + (1.7695575641611179)(X_3) + X_4),11,0.26812770149078646,0.25678974404451427,0.26812770149078646,0.25678974404451427,0.7266740663096265,0.7508900060644691
1584,(0.3122237435325127)(0.9108432033154378 + X_0 + X_1 + (2)(X_3) + X_4 - (sqrt((X_0)(X_0)))),16,0.24522091328707246,0.22296060127240488,0.24522091328707246,0.22296060127240488,0.7500249518720528,0.7837074286689464
1585,(0.3123036441860356)(X_0 + X_1 + (2)(X_3) + X_4),11,0.27067787485402134,0.2651505657670309,0.27067787485402134,0.2651505657670309,0.7240744523506695,0.7427792294587214
1586,(0.31398936475105205)(0.9266042536777988 + X_0 + X_1 + (2)(X_3) + X_4 - (sqrt(X_0))),15,0.2501182380476581,0.23377068963271108,0.2501182380476581,0.23377068963271108,0.7450326819375044,0.7732206350631565
1587,(0.3139893647510517)(0.9266042536777173 + X_0 + X_1 + (2)(X_3) + X_4 - (sqrt(X_0))),15,0.2501182380476581,0.2337706896327086,0.2501182380476581,0.2337706896327086,0.7450326819375044,0.7732206350631589
1588,(0.3126030396775171)(0.06454580242222718 + X_0 + X_1 + (2)(X_3) + X_4),13,0.27027140785857273,0.26703104387981963,0.27027140785857273,0.26703104387981963,0.7244887995830801,0.7409549903598597
1589,(0.3343893344194384)(X_0 + X_1 + (1.7695575641611196)(X_3) + X_4),11,0.26812770149078646,0.2567897440445142,0.26812770149078646,0.2567897440445142,0.7266740663096265,0.7508900060644691
1590,(0.3123036441860334)(X_0 + X_1 + (2)(X_3) + X_4),11,0.27067787485402134,0.26515056576703205,0.27067787485402134,0.26515056576703205,0.7240744523506695,0.7427792294587203
1591,(0.3144952763183158)(0.93653591055683 + X_0 + X_1 + (2)(X_3) + X_4 - (sqrt(X_1))),15,0.248256541602159,0.245215737030694,0.248256541602159,0.245215737030694,0.7469304713728551,0.7621178719893744
1592,(0.31398936475105205)(0.9266042536777943 + X_0 + X_1 + (2)(X_3) + X_4 - (sqrt(X_0))),15,0.2501182380476581,0.23377068963271092,0.2501182380476581,0.23377068963271092,0.7450326819375044,0.7732206350631566
1593,(0.3343893344194382)(X_0 + X_1 + (1.7695575641611176)(X_3) + X_4),11,0.26812770149078646,0.2567897440445143,0.26812770149078646,0.2567897440445143,0.7266740663096265,0.750890006064469
1594,(0.313989364751052)(0.9266042536777666 + X_0 + X_1 + (2)(X_3) + X_4 - (sqrt(X_0))),15,0.25011823804765815,0.23377068963271005,0.25011823804765815,0.23377068963271005,0.7450326819375042,0.7732206350631574
1595,(0.313989364751052)(0.9266042536777942 + X_0 + X_1 + (2)(X_3) + X_4 - (sqrt(X_0))),15,0.2501182380476581,0.233770689632711,0.2501182380476581,0.233770689632711,0.7450326819375044,0.7732206350631565
1596,(0.31398936475105205)(0.9266042536777936 + X_0 + X_1 + (2)(X_3) + X_4 - (sqrt(X_0))),15,0.25011823804765815,0.23377068963271092,0.25011823804765815,0.23377068963271092,0.7450326819375043,0.7732206350631566
1597,(0.3139893647510524)(0.9266042536778469 + X_0 + X_1 + (2)(X_3) + X_4 - (sqrt(X_0))),15,0.25011823804765815,0.23377068963271247,0.25011823804765815,0.23377068963271247,0.7450326819375043,0.7732206350631551
1598,(0.31230364418603607)(X_0 + X_1 + (2)(X_3) + X_4),11,0.2706778748540214,0.2651505657670307,0.2706778748540214,0.2651505657670307,0.7240744523506695,0.7427792294587215
1599,(0.31398936475105205)(0.9266042536777942 + X_0 + X_1 + (2)(X_3) + X_4 - (sqrt(X_0))),15,0.25011823804765815,0.23377068963271092,0.25011823804765815,0.23377068963271092,0.7450326819375043,0.7732206350631566
1600,(0.3343893344194388)(X_0 + X_1 + (1.7695575641611196)(X_3) + X_4),11,0.26812770149078646,0.256789744044514,0.26812770149078646,0.256789744044514,0.7266740663096265,0.7508900060644693
1601,(0.313989364751052)(0.9266042536777901 + X_0 + X_1 + (2)(X_3) + X_4 - (sqrt(X_0))),15,0.25011823804765815,0.2337706896327108,0.25011823804765815,0.2337706896327108,0.7450326819375042,0.7732206350631567
1602,(0.29364363782396363)(X_0 + X_1 + (2)(X_3) + X_4 - (-0.7852752498054972 + sqrt(-0.7852752498054972 + X_1))),16,0.2623312674891984,0.26753481837199455,0.2623312674891984,0.26753481837199455,0.7325828766516758,0.7404662821322101
1603,(0.33438933441943874)(X_0 + X_1 + (1.769557564161112)(X_3) + X_4),11,0.26812770149078646,0.25678974404451416,0.26812770149078646,0.25678974404451416,0.7266740663096265,0.7508900060644692
1604,(0.3139893647510521)(0.9266042536777741 + X_0 + X_1 + (2)(X_3) + X_4 - (sqrt(X_0))),15,0.25011823804765815,0.23377068963271022,0.25011823804765815,0.23377068963271022,0.7450326819375042,0.7732206350631573
1605,(0.313989364751052)(0.9266042536777942 + X_0 + X_1 + (2)(X_3) + X_4 - (sqrt(X_0))),15,0.2501182380476581,0.233770689632711,0.2501182380476581,0.233770689632711,0.7450326819375044,0.7732206350631565
1606,(0.31398936475105205)(0.9266042536777941 + X_0 + X_1 + (2)(X_3) + X_4 - (sqrt(X_0))),15,0.2501182380476581,0.23377068963271092,0.2501182380476581,0.23377068963271092,0.7450326819375044,0.7732206350631566
1607,(0.31230364418603296)(X_0 + X_1 + (2)(X_3) + X_4),11,0.27067787485402134,0.26515056576703233,0.27067787485402134,0.26515056576703233,0.7240744523506695,0.7427792294587201
1608,(0.3052930059539356)(1.4555619024931727 + X_0 + X_1 + (2)(X_3) + X_4 - ((sin(X_0))(sin(X_0)) + sqrt(X_0))),18,0.2500593558231472,0.2242480372756727,0.2500593558231472,0.2242480372756727,0.745092705720585,0.7824584957095723
1609,(0.31260303967751785)(0.06454580242222274 + X_0 + X_1 + (2)(X_3) + X_4),13,0.27027140785857273,0.2670310438798192,0.27027140785857273,0.2670310438798192,0.7244887995830801,0.7409549903598601
1610,(0.313989364751052)(0.9266042536777942 + X_0 + X_1 + (2)(X_3) + X_4 - (sqrt(X_0))),15,0.2501182380476581,0.233770689632711,0.2501182380476581,0.233770689632711,0.7450326819375044,0.7732206350631565
1611,(0.313989364751052)(0.9266042536778172 + X_0 + X_1 + (2)(X_3) + X_4 - (sqrt(X_0))),15,0.25011823804765815,0.23377068963271175,0.25011823804765815,0.23377068963271175,0.7450326819375043,0.7732206350631559
1612,(0.313989364751052)(0.9266042536777923 + X_0 + X_1 + (2)(X_3) + X_4 - (sqrt(X_0))),15,0.25011823804765815,0.23377068963271094,0.25011823804765815,0.23377068963271094,0.7450326819375043,0.7732206350631566
1613,(0.3343893344194384)(X_0 + X_1 + (1.7695575641611199)(X_3) + X_4),11,0.26812770149078646,0.2567897440445142,0.26812770149078646,0.2567897440445142,0.7266740663096265,0.7508900060644692
1614,(0.313989364751052)(0.9266042536777942 + X_0 + X_1 + (2)(X_3) + X_4 - (sqrt(X_0))),15,0.2501182380476581,0.233770689632711,0.2501182380476581,0.233770689632711,0.7450326819375044,0.7732206350631565
1615,(0.31398936475105205)(0.9266042536777941 + X_0 + X_1 + (2)(X_3) + X_4 - (sqrt(X_0))),15,0.2501182380476581,0.23377068963271092,0.2501182380476581,0.23377068963271092,0.7450326819375044,0.7732206350631566
1616,(0.3564187920574629)(X_0 + X_1 + (1.6608908789927135)(X_3) + (0.8078588455953266)(X_4)),13,0.2652785456450028,0.2504407723086081,0.2652785456450028,0.2504407723086081,0.729578459169627,0.7570491006050761
1617,(0.3343893344194384)(X_0 + X_1 + (1.7695575641611196)(X_3) + X_4),11,0.26812770149078646,0.2567897440445142,0.26812770149078646,0.2567897440445142,0.7266740663096265,0.7508900060644691
1618,(0.3202389733862998)(X_0 + X_1 + (X_2)(X_2) + (2)(X_3) + X_4 - (sqrt(X_0))),16,0.1720707513392881,0.15612232177031543,0.1720707513392881,0.15612232177031543,0.824593287045236,0.8485467915624292
1619,(0.33792816480953314)(0.9228742769591052 + X_0 + X_1 + X_3 + (0.7485816062195607)(X_3) + X_4 - (sqrt(X_0))),16,0.24695208062721152,0.22299030478231438,0.24695208062721152,0.22299030478231438,0.7482602221295198,0.7836786134948788
1620,(0.3139893647510521)(0.926604253677779 + X_0 + X_1 + (2)(X_3) + X_4 - (sqrt(X_0))),15,0.25011823804765815,0.2337706896327104,0.25011823804765815,0.2337706896327104,0.7450326819375043,0.7732206350631572
1621,(0.3123036441860365)(X_0 + X_1 + (2)(X_3) + X_4),11,0.27067787485402134,0.2651505657670305,0.27067787485402134,0.2651505657670305,0.7240744523506695,0.7427792294587219
1622,(0.313989364751052)(0.9266042536777942 + X_0 + X_1 + (2)(X_3) + X_4 - (sqrt(X_0))),15,0.2501182380476581,0.233770689632711,0.2501182380476581,0.233770689632711,0.7450326819375044,0.7732206350631565
1623,(0.31398936475105205)(0.9266042536778054 + X_0 + X_1 + (2)(X_3) + X_4 - (sqrt(X_0))),15,0.25011823804765815,0.23377068963271133,0.25011823804765815,0.23377068963271133,0.7450326819375043,0.7732206350631563
1624,(0.31230364418603296)(X_0 + X_1 + (2)(X_3) + X_4),11,0.27067787485402134,0.26515056576703233,0.27067787485402134,0.26515056576703233,0.7240744523506695,0.7427792294587201
1625,(0.36505595537000585)(X_0 + X_1 + (1.6344085706356228)(X_3) + (0.07732202533320454)(sqrt(X_3))),13,0.3409235791566687,0.36963246401520333,0.3409235791566687,0.36963246401520333,0.6524668839811673,0.6414220466170922
1626,(0.3139893647510521)(0.926604253677793 + X_0 + X_1 + (2)(X_3) + X_4 - (sqrt(X_0))),15,0.2501182380476581,0.23377068963271092,0.2501182380476581,0.23377068963271092,0.7450326819375044,0.7732206350631566
1627,(0.33438933441943836)(X_0 + X_1 + (1.7695575641611265)(X_3) + X_4),11,0.26812770149078646,0.25678974404451405,0.26812770149078646,0.25678974404451405,0.7266740663096265,0.7508900060644692
1628,(0.31230364418603296)(X_0 + X_1 + (2)(X_3) + X_4),11,0.27067787485402134,0.26515056576703233,0.27067787485402134,0.26515056576703233,0.7240744523506695,0.7427792294587201
1629,(0.31230364418603496)(X_0 + X_1 + (2)(X_3) + X_4),11,0.27067787485402134,0.2651505657670313,0.27067787485402134,0.2651505657670313,0.7240744523506695,0.742779229458721
1630,(0.3343893344194384)(X_0 + X_1 + (1.7695575641611196)(X_3) + X_4),11,0.26812770149078646,0.2567897440445142,0.26812770149078646,0.2567897440445142,0.7266740663096265,0.7508900060644691
1631,(0.33438933441943847)(X_0 + X_1 + (1.7695575641611196)(X_3) + X_4),11,0.26812770149078646,0.25678974404451416,0.26812770149078646,0.25678974404451416,0.7266740663096265,0.7508900060644692
1632,(0.3029204502044743)(X_0 + (1.200040077224816)(X_1) + (2)(X_3) + X_4),13,0.26764581351279876,0.2649115560570468,0.26764581351279876,0.2649115560570468,0.7271652967225429,0.7430110911618677
1633,(0.3123036441860356)(X_0 + X_1 + (2)(X_3) + X_4),11,0.27067787485402134,0.2651505657670309,0.27067787485402134,0.2651505657670309,0.7240744523506695,0.7427792294587214
1634,(0.313989364751052)(0.9266042536777942 + X_0 + X_1 + (2)(X_3) + X_4 - (sqrt(X_0))),15,0.2501182380476581,0.233770689632711,0.2501182380476581,0.233770689632711,0.7450326819375044,0.7732206350631565
1635,(0.31398936475105205)(0.9266042536778434 + X_0 + X_1 + (2)(X_3) + X_4 - (sqrt(X_0))),15,0.25011823804765815,0.23377068963271252,0.25011823804765815,0.23377068963271252,0.7450326819375042,0.7732206350631551
1636,(0.3123036441860383)(X_0 + X_1 + (2)(X_3) + X_4),11,0.2706778748540214,0.2651505657670296,0.2706778748540214,0.2651505657670296,0.7240744523506695,0.7427792294587227
1637,(0.3139893647510521)(0.9266042536777879 + X_0 + X_1 + (2)(X_3) + X_4 - (sqrt(X_0))),15,0.25011823804765815,0.23377068963271064,0.25011823804765815,0.23377068963271064,0.7450326819375043,0.7732206350631569
1638,(0.313989364751052)(0.9266042536777666 + X_0 + X_1 + (2)(X_3) + X_4 - (sqrt(X_0))),15,0.25011823804765815,0.23377068963271005,0.25011823804765815,0.23377068963271005,0.7450326819375042,0.7732206350631574
1639,(0.313989364751052)(0.9266042536777942 + X_0 + X_1 + (2)(X_3) + X_4 - (sqrt(X_0))),15,0.2501182380476581,0.233770689632711,0.2501182380476581,0.233770689632711,0.7450326819375044,0.7732206350631565
1640,(0.313989364751052)(0.9266042536777942 + X_0 + X_1 + (2)(X_3) + X_4 - (sqrt(X_0))),15,0.2501182380476581,0.233770689632711,0.2501182380476581,0.233770689632711,0.7450326819375044,0.7732206350631565
1641,(0.313989364751052)(0.9266042536777666 + X_0 + X_1 + (2)(X_3) + X_4 - (sqrt(X_0))),15,0.25011823804765815,0.23377068963271005,0.25011823804765815,0.23377068963271005,0.7450326819375042,0.7732206350631574
1642,(0.31398936475105205)(0.926604253677799 + X_0 + X_1 + (2)(X_3) + X_4 - (sqrt(X_0))),15,0.2501182380476581,0.23377068963271108,0.2501182380476581,0.23377068963271108,0.7450326819375044,0.7732206350631565
1643,(0.3144952763183156)(0.93653591055685 + X_0 + X_1 + (2)(X_3) + X_4 - (sqrt(X_1))),15,0.24825654160215901,0.24521573703069482,0.24825654160215901,0.24521573703069482,0.7469304713728551,0.7621178719893735
1644,(0.3343893344194382)(X_0 + X_1 + (1.7695575641611176)(X_3) + X_4),11,0.26812770149078646,0.2567897440445143,0.26812770149078646,0.2567897440445143,0.7266740663096265,0.750890006064469
1645,(0.313989364751052)(0.9266042536777666 + X_0 + X_1 + (2)(X_3) + X_4 - (sqrt(X_0))),15,0.25011823804765815,0.23377068963271005,0.25011823804765815,0.23377068963271005,0.7450326819375042,0.7732206350631574
1646,(0.3139893647510522)(0.926604253677862 + X_0 + X_1 + (2)(X_3) + X_4 - (sqrt(X_0))),15,0.2501182380476581,0.2337706896327131,0.2501182380476581,0.2337706896327131,0.7450326819375044,0.7732206350631545
1647,(0.3123036441860351)(X_0 + X_1 + (2)(X_3) + X_4),11,0.27067787485402134,0.26515056576703117,0.27067787485402134,0.26515056576703117,0.7240744523506695,0.7427792294587212
1648,(0.3564187920574625)(X_0 + X_1 + (1.6608908789927312)(X_3) + (0.8078588455953235)(X_4)),13,0.26527854564500275,0.250440772308608,0.26527854564500275,0.250440772308608,0.729578459169627,0.7570491006050761
1649,(0.313989364751052)(0.9266042536777666 + X_0 + X_1 + (2)(X_3) + X_4 - (sqrt(X_0))),15,0.25011823804765815,0.23377068963271005,0.25011823804765815,0.23377068963271005,0.7450326819375042,0.7732206350631574
1650,(0.313989364751052)(0.9266042536777943 + X_0 + X_1 + (2)(X_3) + X_4 - (sqrt(X_0))),15,0.2501182380476581,0.233770689632711,0.2501182380476581,0.233770689632711,0.7450326819375044,0.7732206350631565
1651,(0.32029585471803534)(-0.06429170337536916 + X_0 + X_1 + (X_2)(X_2) + (2)(X_3) + X_4 - (sqrt(X_0))),18,0.17164673132485386,0.15319819432598927,0.17164673132485386,0.15319819432598927,0.8250255275996594,0.8513834678192369
1652,(0.3123036441860363)(X_0 + X_1 + (2)(X_3) + X_4),11,0.27067787485402134,0.26515056576703055,0.27067787485402134,0.26515056576703055,0.7240744523506695,0.7427792294587217
1653,(0.33438933441943813)(X_0 + X_1 + (1.769557564161092)(X_3) + X_4),11,0.26812770149078646,0.256789744044515,0.26812770149078646,0.256789744044515,0.7266740663096265,0.7508900060644683
1654,(0.3123036441860396)(X_0 + X_1 + (2)(X_3) + X_4),11,0.27067787485402134,0.26515056576702895,0.27067787485402134,0.26515056576702895,0.7240744523506695,0.7427792294587233
1655,(0.3564187920574631)(X_0 + X_1 + (1.6608908789927148)(X_3) + (0.8078588455953604)(X_4)),13,0.2652785456450027,0.250440772308607,0.2652785456450027,0.250440772308607,0.7295784591696272,0.7570491006050771
1656,(0.3139893647510517)(0.9266042536777821 + X_0 + X_1 + (2)(X_3) + X_4 - (sqrt(X_0))),15,0.25011823804765815,0.23377068963271072,0.25011823804765815,0.23377068963271072,0.7450326819375043,0.7732206350631567
1657,(0.3123036441860356)(X_0 + X_1 + (2)(X_3) + X_4),11,0.27067787485402134,0.2651505657670309,0.27067787485402134,0.2651505657670309,0.7240744523506695,0.7427792294587214
1658,(0.3123036441860352)(X_0 + X_1 + (2)(X_3) + X_4),11,0.27067787485402134,0.26515056576703117,0.27067787485402134,0.26515056576703117,0.7240744523506695,0.7427792294587212
1659,(0.313989364751052)(0.9266042536777936 + X_0 + X_1 + (2)(X_3) + X_4 - (sqrt(X_0))),15,0.25011823804765815,0.233770689632711,0.25011823804765815,0.233770689632711,0.7450326819375043,0.7732206350631565
1660,(0.3343893344194384)(X_0 + X_1 + (1.7695575641611196)(X_3) + X_4),11,0.26812770149078646,0.2567897440445142,0.26812770149078646,0.2567897440445142,0.7266740663096265,0.7508900060644691
1661,(0.31398936475105205)(0.9266042536777942 + X_0 + X_1 + (2)(X_3) + X_4 - (sqrt(X_0))),15,0.25011823804765815,0.23377068963271092,0.25011823804765815,0.23377068963271092,0.7450326819375043,0.7732206350631566
1662,(0.313989364751052)(0.9266042536777942 + X_0 + X_1 + (2)(X_3) + X_4 - (sqrt(X_0))),15,0.2501182380476581,0.233770689632711,0.2501182380476581,0.233770689632711,0.7450326819375044,0.7732206350631565
1663,(0.31398936475105166)(0.9266042536777936 + X_0 + X_1 + (2)(X_3) + X_4 - (sqrt(X_0))),15,0.25011823804765815,0.2337706896327111,0.25011823804765815,0.2337706896327111,0.7450326819375043,0.7732206350631564
1664,(0.31230364418603873)(X_0 + X_1 + (2)(X_3) + X_4),11,0.27067787485402134,0.2651505657670294,0.27067787485402134,0.2651505657670294,0.7240744523506695,0.7427792294587229
1665,(0.3564187920574628)(X_0 + X_1 + (1.6608908789927288)(X_3) + (0.8078588455953436)(X_4)),13,0.2652785456450027,0.2504407723086074,0.2652785456450027,0.2504407723086074,0.7295784591696272,0.7570491006050768
1666,(0.31230364418603607)(X_0 + X_1 + (2)(X_3) + X_4),11,0.2706778748540214,0.2651505657670307,0.2706778748540214,0.2651505657670307,0.7240744523506695,0.7427792294587215
1667,(0.3123036441860396)(X_0 + X_1 + (2)(X_3) + X_4),11,0.27067787485402134,0.26515056576702895,0.27067787485402134,0.26515056576702895,0.7240744523506695,0.7427792294587233
1668,(0.313989364751052)(0.9266042536777919 + X_0 + X_1 + (2)(X_3) + X_4 - (sqrt(X_0))),15,0.25011823804765815,0.23377068963271092,0.25011823804765815,0.23377068963271092,0.7450326819375043,0.7732206350631566
1669,(0.31398936475105205)(0.9266042536777943 + X_0 + X_1 + (2)(X_3) + X_4 - (sqrt(X_0))),15,0.2501182380476581,0.23377068963271092,0.2501182380476581,0.23377068963271092,0.7450326819375044,0.7732206350631566
1670,(0.313989364751052)(0.9266042536777861 + X_0 + X_1 + (2)(X_3) + X_4 - (sqrt(X_0))),15,0.2501182380476581,0.2337706896327107,0.2501182380476581,0.2337706896327107,0.7450326819375044,0.7732206350631569
1671,(0.3123036441860356)(X_0 + X_1 + (2)(X_3) + X_4),11,0.27067787485402134,0.2651505657670309,0.27067787485402134,0.2651505657670309,0.7240744523506695,0.7427792294587214
1672,(0.313989364751052)(0.9266042536778116 + X_0 + X_1 + (2)(X_3) + X_4 - (sqrt(X_0))),15,0.2501182380476581,0.2337706896327115,0.2501182380476581,0.2337706896327115,0.7450326819375044,0.7732206350631561
1673,(0.31398936475105205)(0.9266042536777852 + X_0 + X_1 + (2)(X_3) + X_4 - (sqrt(X_0))),15,0.25011823804765815,0.23377068963271064,0.25011823804765815,0.23377068963271064,0.7450326819375042,0.7732206350631569
1674,(0.31398936475105205)(0.9266042536777942 + X_0 + X_1 + (2)(X_3) + X_4 - (sqrt(X_0))),15,0.25011823804765815,0.23377068963271092,0.25011823804765815,0.23377068963271092,0.7450326819375043,0.7732206350631566
1675,(0.313989364751052)(0.9266042536777666 + X_0 + X_1 + (2)(X_3) + X_4 - (sqrt(X_0))),15,0.25011823804765815,0.23377068963271005,0.25011823804765815,0.23377068963271005,0.7450326819375042,0.7732206350631574
1676,(0.3343893344194384)(X_0 + X_1 + (1.7695575641611199)(X_3) + X_4),11,0.26812770149078646,0.2567897440445142,0.26812770149078646,0.2567897440445142,0.7266740663096265,0.7508900060644692
1677,(0.31398936475105205)(0.9266042536778081 + X_0 + X_1 + (2)(X_3) + X_4 - (sqrt(X_0))),15,0.2501182380476581,0.23377068963271141,0.2501182380476581,0.23377068963271141,0.7450326819375044,0.7732206350631562
1678,(0.31398936475105216)(0.9266042536778665 + X_0 + X_1 + (2)(X_3) + X_4 - (sqrt(X_0))),15,0.25011823804765815,0.23377068963271327,0.25011823804765815,0.23377068963271327,0.7450326819375043,0.7732206350631543
1679,(0.3123036441860436)(X_0 + X_1 + (2)(X_3) + X_4),11,0.27067787485402134,0.2651505657670269,0.27067787485402134,0.2651505657670269,0.7240744523506695,0.7427792294587252
1680,(0.3343893344194387)(X_0 + X_1 + (1.7695575641611532)(X_3) + X_4),11,0.26812770149078646,0.25678974404451327,0.26812770149078646,0.25678974404451327,0.7266740663096265,0.75089000606447
1681,(0.3343893344194384)(X_0 + X_1 + (1.7695575641611199)(X_3) + X_4),11,0.26812770149078646,0.2567897440445142,0.26812770149078646,0.2567897440445142,0.7266740663096265,0.7508900060644692
1682,(0.31398936475105244)(0.9266042536777706 + X_0 + X_1 + (2)(X_3) + X_4 - (sqrt(X_0))),15,0.25011823804765815,0.23377068963270997,0.25011823804765815,0.23377068963270997,0.7450326819375043,0.7732206350631575
1683,(0.313989364751052)(0.9266042536777666 + X_0 + X_1 + (2)(X_3) + X_4 - (sqrt(X_0))),15,0.25011823804765815,0.23377068963271005,0.25011823804765815,0.23377068963271005,0.7450326819375042,0.7732206350631574
1684,(0.3123036441860363)(X_0 + X_1 + (2)(X_3) + X_4),11,0.27067787485402134,0.26515056576703055,0.27067787485402134,0.26515056576703055,0.7240744523506695,0.7427792294587217
1685,(0.313989364751052)(0.9266042536777942 + X_0 + X_1 + (2)(X_3) + X_4 - (sqrt(X_0))),15,0.2501182380476581,0.233770689632711,0.2501182380476581,0.233770689632711,0.7450326819375044,0.7732206350631565
1686,(0.3343893344194384)(X_0 + X_1 + (1.7695575641611196)(X_3) + X_4),11,0.26812770149078646,0.2567897440445142,0.26812770149078646,0.2567897440445142,0.7266740663096265,0.7508900060644691
1687,(0.31398936475105205)(0.9266042536777928 + X_0 + X_1 + (2)(X_3) + X_4 - (sqrt(X_0))),15,0.25011823804765815,0.23377068963271092,0.25011823804765815,0.23377068963271092,0.7450326819375043,0.7732206350631566
1688,(0.3540218740290406)(X_1 + (1.6307286523933824)(X_3) + X_4 + (X_0)(sqrt(X_8))),14,0.2685636245437765,0.26981866888629935,0.2685636245437765,0.26981866888629935,0.726229691950643,0.7382507341947913
1689,(0.3343893344194384)(X_0 + X_1 + (1.7695575641611208)(X_3) + X_4),11,0.26812770149078646,0.25678974404451416,0.26812770149078646,0.25678974404451416,0.7266740663096265,0.7508900060644692
1690,(0.3388163113569863)(0.9223029822469201 + X_0 + X_1 + X_3 + X_4 + sin(X_3) - (sqrt(X_0))),15,0.24899232472590893,0.2207075516005457,0.24899232472590893,0.2207075516005457,0.7461804235106819,0.7858930969174259
1691,(0.3123036441860356)(X_0 + X_1 + (2)(X_3) + X_4),11,0.27067787485402134,0.2651505657670309,0.27067787485402134,0.2651505657670309,0.7240744523506695,0.7427792294587214
1692,(0.31398936475105205)(0.9266042536778274 + X_0 + X_1 + (2)(X_3) + X_4 - (sqrt(X_0))),15,0.25011823804765815,0.233770689632712,0.25011823804765815,0.233770689632712,0.7450326819375043,0.7732206350631556
1693,(0.313989364751052)(0.9266042536777666 + X_0 + X_1 + (2)(X_3) + X_4 - (sqrt(X_0))),15,0.25011823804765815,0.23377068963271005,0.25011823804765815,0.23377068963271005,0.7450326819375042,0.7732206350631574
1694,(0.3343893344194384)(X_0 + X_1 + (1.7695575641611196)(X_3) + X_4),11,0.26812770149078646,0.2567897440445142,0.26812770149078646,0.2567897440445142,0.7266740663096265,0.7508900060644691
1695,(0.3123036441860352)(X_0 + X_1 + (2)(X_3) + X_4),11,0.27067787485402134,0.26515056576703117,0.27067787485402134,0.26515056576703117,0.7240744523506695,0.7427792294587212
1696,(0.313989364751052)(0.9266042536777942 + X_0 + X_1 + (2)(X_3) + X_4 - (sqrt(X_0))),15,0.2501182380476581,0.233770689632711,0.2501182380476581,0.233770689632711,0.7450326819375044,0.7732206350631565
1697,(0.3123036441860356)(X_0 + X_1 + (2)(X_3) + X_4),11,0.27067787485402134,0.2651505657670309,0.27067787485402134,0.2651505657670309,0.7240744523506695,0.7427792294587214
1698,(0.3343893344194382)(X_0 + X_1 + (1.7695575641611616)(X_3) + X_4),11,0.26812770149078646,0.25678974404451327,0.26812770149078646,0.25678974404451327,0.7266740663096265,0.75089000606447
1699,(0.3139893647510521)(0.9266042536777821 + X_0 + X_1 + (2)(X_3) + X_4 - (sqrt(X_0))),15,0.25011823804765815,0.23377068963271053,0.25011823804765815,0.23377068963271053,0.7450326819375043,0.773220635063157
1700,(0.31398936475105205)(0.9266042536777942 + X_0 + X_1 + (2)(X_3) + X_4 - (sqrt(X_0))),15,0.25011823804765815,0.23377068963271092,0.25011823804765815,0.23377068963271092,0.7450326819375043,0.7732206350631566
1701,(0.3139893647510521)(0.9266042536777821 + X_0 + X_1 + (2)(X_3) + X_4 - (sqrt(X_0))),15,0.25011823804765815,0.23377068963271053,0.25011823804765815,0.23377068963271053,0.7450326819375043,0.773220635063157
1702,(0.3126542559943898)(0.0438775704843445 + X_0 + X_1 + (2)(X_3) + X_4 + sqrt(X_3) - (sqrt(X_0))),17,0.25192755039657333,0.25237802816619803,0.25192755039657333,0.25237802816619803,0.7431882921771207,0.7551697817999912
1703,(0.31230364418603673)(X_0 + X_1 + (2)(X_3) + X_4),11,0.2706778748540214,0.2651505657670304,0.2706778748540214,0.2651505657670304,0.7240744523506695,0.7427792294587219
1704,(0.3123036441860312)(X_0 + X_1 + (2)(X_3) + X_4),11,0.27067787485402134,0.2651505657670331,0.27067787485402134,0.2651505657670331,0.7240744523506695,0.7427792294587192
1705,(0.31398936475105205)(0.9266042536777941 + X_0 + X_1 + (2)(X_3) + X_4 - (sqrt(X_0))),15,0.2501182380476581,0.23377068963271092,0.2501182380476581,0.23377068963271092,0.7450326819375044,0.7732206350631566
1706,(0.3123036441860383)(X_0 + X_1 + (2)(X_3) + X_4),11,0.2706778748540214,0.2651505657670296,0.2706778748540214,0.2651505657670296,0.7240744523506695,0.7427792294587227
1707,(0.313989364751052)(0.9266042536777943 + X_0 + X_1 + (2)(X_3) + X_4 - (sqrt(X_0))),15,0.2501182380476581,0.233770689632711,0.2501182380476581,0.233770689632711,0.7450326819375044,0.7732206350631565
1708,(0.3388163113569863)(0.9223029822469201 + X_0 + X_1 + X_3 + X_4 + sin(X_3) - (sqrt(X_0))),15,0.24899232472590893,0.2207075516005457,0.24899232472590893,0.2207075516005457,0.7461804235106819,0.7858930969174259
1709,(0.3123036441860363)(X_0 + X_1 + (2)(X_3) + X_4),11,0.27067787485402134,0.26515056576703055,0.27067787485402134,0.26515056576703055,0.7240744523506695,0.7427792294587217
1710,(0.30927561854059077)(0.8344298717207418 + X_0 + X_1 + (2)(X_3) + X_4 - (sqrt((X_1)(X_11)))),17,0.24836353009639967,0.26398673976361753,0.24836353009639967,0.26398673976361753,0.7468214086765358,0.7439082491932558
1711,(0.313989364751052)(0.9266042536777942 + X_0 + X_1 + (2)(X_3) + X_4 - (sqrt(X_0))),15,0.2501182380476581,0.233770689632711,0.2501182380476581,0.233770689632711,0.7450326819375044,0.7732206350631565
1712,(0.3343893344194384)(X_0 + X_1 + (1.7695575641611199)(X_3) + X_4),11,0.26812770149078646,0.2567897440445142,0.26812770149078646,0.2567897440445142,0.7266740663096265,0.7508900060644692
1713,(0.313989364751052)(0.9266042536777666 + X_0 + X_1 + (2)(X_3) + X_4 - (sqrt(X_0))),15,0.25011823804765815,0.23377068963271005,0.25011823804765815,0.23377068963271005,0.7450326819375042,0.7732206350631574
1714,(0.3123036441860414)(X_0 + X_1 + (2)(X_3) + X_4),11,0.27067787485402134,0.265150565767028,0.27067787485402134,0.265150565767028,0.7240744523506695,0.7427792294587242
1715,(0.3343893344194384)(X_0 + X_1 + (1.7695575641611196)(X_3) + X_4),11,0.26812770149078646,0.2567897440445142,0.26812770149078646,0.2567897440445142,0.7266740663096265,0.7508900060644691
1716,(0.3564187920574628)(X_0 + X_1 + (1.6608908789927288)(X_3) + (0.8078588455953436)(X_4)),13,0.2652785456450027,0.2504407723086074,0.2652785456450027,0.2504407723086074,0.7295784591696272,0.7570491006050768
1717,(0.3139893647510521)(0.9266042536777932 + X_0 + X_1 + (2)(X_3) + X_4 - (sqrt(X_0))),15,0.2501182380476581,0.23377068963271092,0.2501182380476581,0.23377068963271092,0.7450326819375044,0.7732206350631566
1718,(0.3139893647510518)(0.9266042536777876 + X_0 + X_1 + (2)(X_3) + X_4 - (sqrt(X_0))),15,0.2501182380476581,0.2337706896327108,0.2501182380476581,0.2337706896327108,0.7450326819375044,0.7732206350631567
1719,(0.313989364751052)(0.9266042536777666 + X_0 + X_1 + (2)(X_3) + X_4 - (sqrt(X_0))),15,0.25011823804765815,0.23377068963271005,0.25011823804765815,0.23377068963271005,0.7450326819375042,0.7732206350631574
1720,(0.3123036441860396)(X_0 + X_1 + (2)(X_3) + X_4),11,0.27067787485402134,0.26515056576702895,0.27067787485402134,0.26515056576702895,0.7240744523506695,0.7427792294587233
1721,(0.3373112032654127)(X_0 + X_1 + X_3 + X_4 + (5.242899665765147e-06)((X_7)^(-2)) + sin(X_3)),17,0.2697044199316489,0.2537506433689809,0.2697044199316489,0.2537506433689809,0.7250667797904812,0.7538382170752653
1722,(0.3343893344194384)(X_0 + X_1 + (1.7695575641611196)(X_3) + X_4),11,0.26812770149078646,0.2567897440445142,0.26812770149078646,0.2567897440445142,0.7266740663096265,0.7508900060644691
1723,(0.3564187920574624)(X_0 + X_1 + (1.660890878992682)(X_3) + (0.8078588455953142)(X_4)),13,0.26527854564500275,0.2504407723086092,0.26527854564500275,0.2504407723086092,0.729578459169627,0.757049100605075
1724,(0.35641879205746274)(X_0 + X_1 + (1.660890878992717)(X_3) + (0.8078588455953559)(X_4)),13,0.26527854564500275,0.25044077230860723,0.26527854564500275,0.25044077230860723,0.729578459169627,0.7570491006050769
1725,(0.3123036441860356)(X_0 + X_1 + (2)(X_3) + X_4),11,0.27067787485402134,0.2651505657670309,0.27067787485402134,0.2651505657670309,0.7240744523506695,0.7427792294587214
1726,(0.3343893344194384)(X_0 + X_1 + (1.7695575641611196)(X_3) + X_4),11,0.26812770149078646,0.2567897440445142,0.26812770149078646,0.2567897440445142,0.7266740663096265,0.7508900060644691
1727,(0.31230364418603385)(X_0 + X_1 + (2)(X_3) + X_4),11,0.27067787485402134,0.26515056576703183,0.27067787485402134,0.26515056576703183,0.7240744523506695,0.7427792294587205
1728,(0.31398936475105205)(0.9266042536777919 + X_0 + X_1 + (2)(X_3) + X_4 - (sqrt(X_0))),15,0.25011823804765815,0.23377068963271086,0.25011823804765815,0.23377068963271086,0.7450326819375043,0.7732206350631567
1729,(0.313989364751052)(0.9266042536777942 + X_0 + X_1 + (2)(X_3) + X_4 - (sqrt(X_0))),15,0.2501182380476581,0.233770689632711,0.2501182380476581,0.233770689632711,0.7450326819375044,0.7732206350631565
1730,(0.3343893344194384)(X_0 + X_1 + (1.7695575641611199)(X_3) + X_4),11,0.26812770149078646,0.2567897440445142,0.26812770149078646,0.2567897440445142,0.7266740663096265,0.7508900060644692
1731,(0.3123036441860356)(X_0 + X_1 + (2)(X_3) + X_4),11,0.27067787485402134,0.2651505657670309,0.27067787485402134,0.2651505657670309,0.7240744523506695,0.7427792294587214
1732,(0.3388163113569863)(0.9223029822469201 + X_0 + X_1 + X_3 + X_4 + sin(X_3) - (sqrt(X_0))),15,0.24899232472590893,0.2207075516005457,0.24899232472590893,0.2207075516005457,0.7461804235106819,0.7858930969174259
1733,(0.3564187920574628)(X_0 + X_1 + (1.6608908789927288)(X_3) + (0.8078588455953436)(X_4)),13,0.2652785456450027,0.2504407723086074,0.2652785456450027,0.2504407723086074,0.7295784591696272,0.7570491006050768
1734,(0.3123036441860354)(X_0 + X_1 + (2)(X_3) + X_4),11,0.27067787485402134,0.26515056576703105,0.27067787485402134,0.26515056576703105,0.7240744523506695,0.7427792294587212
1735,(0.31398936475105205)(0.9266042536777919 + X_0 + X_1 + (2)(X_3) + X_4 - (sqrt(X_0))),15,0.25011823804765815,0.23377068963271086,0.25011823804765815,0.23377068963271086,0.7450326819375043,0.7732206350631567
1736,(0.3123036441860356)(X_0 + X_1 + (2)(X_3) + X_4),11,0.27067787485402134,0.2651505657670309,0.27067787485402134,0.2651505657670309,0.7240744523506695,0.7427792294587214
1737,(0.3343893344194384)(X_0 + X_1 + (1.7695575641611199)(X_3) + X_4),11,0.26812770149078646,0.2567897440445142,0.26812770149078646,0.2567897440445142,0.7266740663096265,0.7508900060644692
1738,(0.3343893344194384)(X_0 + X_1 + (1.7695575641611208)(X_3) + X_4),11,0.26812770149078646,0.25678974404451416,0.26812770149078646,0.25678974404451416,0.7266740663096265,0.7508900060644692
1739,(0.313989364751052)(0.9266042536777942 + X_0 + X_1 + (2)(X_3) + X_4 - (sqrt(X_0))),15,0.2501182380476581,0.233770689632711,0.2501182380476581,0.233770689632711,0.7450326819375044,0.7732206350631565
1740,(0.3343893344194384)(X_0 + X_1 + (1.7695575641611199)(X_3) + X_4),11,0.26812770149078646,0.2567897440445142,0.26812770149078646,0.2567897440445142,0.7266740663096265,0.7508900060644692
1741,(0.3343893344194384)(X_0 + X_1 + (1.769557564161122)(X_3) + X_4),11,0.26812770149078646,0.25678974404451416,0.26812770149078646,0.25678974404451416,0.7266740663096265,0.7508900060644692
1742,(0.3139893647510521)(0.9266042536777852 + X_0 + X_1 + (2)(X_3) + X_4 - (sqrt(X_0))),15,0.25011823804765815,0.23377068963271055,0.25011823804765815,0.23377068963271055,0.7450326819375043,0.773220635063157
1743,(0.3123036441860383)(X_0 + X_1 + (2)(X_3) + X_4),11,0.2706778748540214,0.2651505657670296,0.2706778748540214,0.2651505657670296,0.7240744523506695,0.7427792294587227
1744,(0.3343893344194384)(X_0 + X_1 + (1.7695575641611196)(X_3) + X_4),11,0.26812770149078646,0.2567897440445142,0.26812770149078646,0.2567897440445142,0.7266740663096265,0.7508900060644691
1745,(0.3343893344194384)(X_0 + X_1 + (1.7695575641611196)(X_3) + X_4),11,0.26812770149078646,0.2567897440445142,0.26812770149078646,0.2567897440445142,0.7266740663096265,0.7508900060644691
1746,(0.33719048540063445)(X_0 + X_1 + X_3 + X_4 + sin(X_3)),11,0.2704858801009382,0.2538006561383124,0.2704858801009382,0.2538006561383124,0.7242701693349958,0.7537897000259913
1747,(0.3126030396775177)(0.0645458024222237 + X_0 + X_1 + (2)(X_3) + X_4),13,0.27027140785857273,0.2670310438798193,0.27027140785857273,0.2670310438798193,0.72448879958308,0.74095499035986
1748,(0.313989364751052)(0.9266042536777666 + X_0 + X_1 + (2)(X_3) + X_4 - (sqrt(X_0))),15,0.25011823804765815,0.23377068963271005,0.25011823804765815,0.23377068963271005,0.7450326819375042,0.7732206350631574
1749,(0.3144952763183157)(0.9365359105568373 + X_0 + X_1 + (2)(X_3) + X_4 - (sqrt(X_1))),15,0.24825654160215901,0.24521573703069433,0.24825654160215901,0.24521573703069433,0.7469304713728551,0.7621178719893741
1750,(0.3123036441860414)(X_0 + X_1 + (2)(X_3) + X_4),11,0.27067787485402134,0.265150565767028,0.27067787485402134,0.265150565767028,0.7240744523506695,0.7427792294587242
1751,(0.354021874029041)(X_1 + (1.6307286523933893)(X_3) + X_4 + (X_0)(sqrt(X_8))),14,0.2685636245437765,0.26981866888629896,0.2685636245437765,0.26981866888629896,0.726229691950643,0.7382507341947917
1752,(0.33438933441943836)(X_0 + X_1 + (1.769557564161116)(X_3) + X_4),11,0.26812770149078646,0.2567897440445143,0.26812770149078646,0.2567897440445143,0.7266740663096265,0.750890006064469
1753,(0.3123036441860334)(X_0 + X_1 + (2)(X_3) + X_4),11,0.27067787485402134,0.26515056576703205,0.27067787485402134,0.26515056576703205,0.7240744523506695,0.7427792294587203
1754,(0.313989364751052)(0.9266042536777942 + X_0 + X_1 + (2)(X_3) + X_4 - (sqrt(X_0))),15,0.2501182380476581,0.233770689632711,0.2501182380476581,0.233770689632711,0.7450326819375044,0.7732206350631565
1755,(0.3343893344194384)(X_0 + X_1 + (1.7695575641611199)(X_3) + X_4),11,0.26812770149078646,0.2567897440445142,0.26812770149078646,0.2567897440445142,0.7266740663096265,0.7508900060644692
1756,(0.35641879205746274)(X_0 + X_1 + (1.660890878992726)(X_3) + (0.8078588455953493)(X_4)),13,0.2652785456450028,0.25044077230860734,0.2652785456450028,0.25044077230860734,0.729578459169627,0.7570491006050768
1757,(0.31398936475105205)(0.9266042536777942 + X_0 + X_1 + (2)(X_3) + X_4 - (sqrt(X_0))),15,0.25011823804765815,0.23377068963271092,0.25011823804765815,0.23377068963271092,0.7450326819375043,0.7732206350631566
1758,(0.313989364751052)(0.9266042536777946 + X_0 + X_1 + (2)(X_3) + X_4 - (sqrt(X_0))),15,0.25011823804765815,0.233770689632711,0.25011823804765815,0.233770689632711,0.7450326819375043,0.7732206350631565
1759,(0.31230364418602896)(X_0 + X_1 + (2)(X_3) + X_4),11,0.2706778748540214,0.26515056576703433,0.2706778748540214,0.26515056576703433,0.7240744523506695,0.7427792294587181
1760,(0.3123036441860356)(X_0 + X_1 + (2)(X_3) + X_4),11,0.27067787485402134,0.2651505657670309,0.27067787485402134,0.2651505657670309,0.7240744523506695,0.7427792294587214
1761,(0.313989364751052)(0.9266042536777936 + X_0 + X_1 + (2)(X_3) + X_4 - (sqrt(X_0))),15,0.25011823804765815,0.233770689632711,0.25011823804765815,0.233770689632711,0.7450326819375043,0.7732206350631565
1762,(0.31398936475105205)(0.9266042536777955 + X_0 + X_1 + (2)(X_3) + X_4 - (sqrt(X_0))),15,0.2501182380476581,0.233770689632711,0.2501182380476581,0.233770689632711,0.7450326819375044,0.7732206350631565
1763,(0.31398936475105205)(0.9266042536777942 + X_0 + X_1 + (2)(X_3) + X_4 - (sqrt(X_0))),15,0.25011823804765815,0.23377068963271092,0.25011823804765815,0.23377068963271092,0.7450326819375043,0.7732206350631566
1764,(0.313989364751052)(0.9266042536777943 + X_0 + X_1 + (2)(X_3) + X_4 - (sqrt(X_0))),15,0.2501182380476581,0.233770689632711,0.2501182380476581,0.233770689632711,0.7450326819375044,0.7732206350631565
1765,(0.313989364751052)(0.9266042536777942 + X_0 + X_1 + (2)(X_3) + X_4 - (sqrt(X_0))),15,0.2501182380476581,0.233770689632711,0.2501182380476581,0.233770689632711,0.7450326819375044,0.7732206350631565
1766,(0.3343893344194383)(X_0 + X_1 + (1.7695575641611216)(X_3) + X_4),11,0.26812770149078646,0.25678974404451416,0.26812770149078646,0.25678974404451416,0.7266740663096265,0.7508900060644692
1767,(0.31449527631831575)(0.9365359105568356 + X_0 + X_1 + (2)(X_3) + X_4 - (sqrt(X_1))),15,0.24825654160215901,0.24521573703069424,0.24825654160215901,0.24521573703069424,0.7469304713728551,0.7621178719893742
1768,(0.3564187920574629)(X_0 + X_1 + (1.6608908789927266)(X_3) + (0.8078588455953448)(X_4)),13,0.26527854564500275,0.2504407723086073,0.26527854564500275,0.2504407723086073,0.729578459169627,0.7570491006050769
1769,(0.33438933441943847)(X_0 + X_1 + (1.769557564161084)(X_3) + X_4),11,0.26812770149078646,0.256789744044515,0.26812770149078646,0.256789744044515,0.7266740663096265,0.7508900060644683
1770,(0.313989364751052)(0.9266042536777666 + X_0 + X_1 + (2)(X_3) + X_4 - (sqrt(X_0))),15,0.25011823804765815,0.23377068963271005,0.25011823804765815,0.23377068963271005,0.7450326819375042,0.7732206350631574
1771,(0.31398936475105205)(0.9266042536777939 + X_0 + X_1 + (2)(X_3) + X_4 - (sqrt(X_0))),15,0.2501182380476581,0.23377068963271094,0.2501182380476581,0.23377068963271094,0.7450326819375044,0.7732206350631566
1772,(0.3123036441860356)(X_0 + X_1 + (2)(X_3) + X_4),11,0.27067787485402134,0.2651505657670309,0.27067787485402134,0.2651505657670309,0.7240744523506695,0.7427792294587214
1773,(0.3126030396775177)(0.06454580242222396 + X_0 + X_1 + (2)(X_3) + X_4),13,0.27027140785857273,0.26703104387981935,0.27027140785857273,0.26703104387981935,0.7244887995830801,0.74095499035986
1774,(0.3343893344194384)(X_0 + X_1 + (1.7695575641611199)(X_3) + X_4),11,0.26812770149078646,0.2567897440445142,0.26812770149078646,0.2567897440445142,0.7266740663096265,0.7508900060644692
1775,(0.3343893344194384)(X_0 + X_1 + (1.7695575641611199)(X_3) + X_4),11,0.26812770149078646,0.2567897440445142,0.26812770149078646,0.2567897440445142,0.7266740663096265,0.7508900060644692
1776,(0.313989364751052)(0.9266042536777666 + X_0 + X_1 + (2)(X_3) + X_4 - (sqrt(X_0))),15,0.25011823804765815,0.23377068963271005,0.25011823804765815,0.23377068963271005,0.7450326819375042,0.7732206350631574
1777,(0.3123036441860383)(X_0 + X_1 + (2)(X_3) + X_4),11,0.2706778748540214,0.2651505657670296,0.2706778748540214,0.2651505657670296,0.7240744523506695,0.7427792294587227
1778,(0.3126030396775177)(0.06454580242222373 + X_0 + X_1 + (2)(X_3) + X_4),13,0.27027140785857273,0.2670310438798193,0.27027140785857273,0.2670310438798193,0.72448879958308,0.74095499035986
1779,(0.313989364751052)(0.9266042536777666 + X_0 + X_1 + (2)(X_3) + X_4 - (sqrt(X_0))),15,0.25011823804765815,0.23377068963271005,0.25011823804765815,0.23377068963271005,0.7450326819375042,0.7732206350631574
1780,(0.3123036441860414)(X_0 + X_1 + (2)(X_3) + X_4),11,0.27067787485402134,0.265150565767028,0.27067787485402134,0.265150565767028,0.7240744523506695,0.7427792294587242
1781,(0.3123036441860325)(X_0 + X_1 + (2)(X_3) + X_4),11,0.27067787485402134,0.26515056576703255,0.27067787485402134,0.26515056576703255,0.7240744523506695,0.7427792294587199
1782,(0.3343893344194384)(X_0 + X_1 + (1.7695575641611259)(X_3) + X_4),11,0.26812770149078646,0.25678974404451405,0.26812770149078646,0.25678974404451405,0.7266740663096265,0.7508900060644692
1783,(0.31398936475105266)(0.9266042536777759 + X_0 + X_1 + (2)(X_3) + X_4 - (sqrt(X_0))),15,0.25011823804765815,0.23377068963271005,0.25011823804765815,0.23377068963271005,0.7450326819375042,0.7732206350631574
1784,(0.3123036441860332)(X_0 + X_1 + (2)(X_3) + X_4),11,0.27067787485402134,0.26515056576703216,0.27067787485402134,0.26515056576703216,0.7240744523506695,0.7427792294587201
1785,(0.313989364751052)(0.9266042536777945 + X_0 + X_1 + (2)(X_3) + X_4 - (sqrt(X_0))),15,0.25011823804765815,0.233770689632711,0.25011823804765815,0.233770689632711,0.7450326819375043,0.7732206350631565
1786,(0.31398936475105194)(0.9266042536777905 + X_0 + X_1 + (2)(X_3) + X_4 - (sqrt(X_0))),15,0.25011823804765815,0.23377068963271086,0.25011823804765815,0.23377068963271086,0.7450326819375043,0.7732206350631567
1787,(0.31398936475105205)(0.9266042536778087 + X_0 + X_1 + (2)(X_3) + X_4 - (sqrt(X_0))),15,0.2501182380476581,0.23377068963271141,0.2501182380476581,0.23377068963271141,0.7450326819375044,0.7732206350631562
1788,(0.31398936475105205)(0.9266042536777892 + X_0 + X_1 + (2)(X_3) + X_4 - (sqrt(X_0))),15,0.25011823804765815,0.23377068963271072,0.25011823804765815,0.23377068963271072,0.7450326819375043,0.7732206350631567
1789,(0.3123036441860356)(X_0 + X_1 + (2)(X_3) + X_4),11,0.27067787485402134,0.2651505657670309,0.27067787485402134,0.2651505657670309,0.7240744523506695,0.7427792294587214
1790,(0.3123036441860396)(X_0 + X_1 + (2)(X_3) + X_4),11,0.27067787485402134,0.26515056576702895,0.27067787485402134,0.26515056576702895,0.7240744523506695,0.7427792294587233
1791,(0.3343893344194384)(X_0 + X_1 + (1.7695575641611196)(X_3) + X_4),11,0.26812770149078646,0.2567897440445142,0.26812770149078646,0.2567897440445142,0.7266740663096265,0.7508900060644691
1792,(0.31142004505040605)(1.3585476109959185 + X_0 + X_1 + (2)(X_3) + X_4 - (sqrt((-2.254764044067205)(X_0)))),17,0.24764089610185613,0.2263773001055113,0.24764089610185613,0.2263773001055113,0.7475580524853509,0.7803929122393216
1793,(0.31230364418603873)(X_0 + X_1 + (2)(X_3) + X_4),11,0.27067787485402134,0.2651505657670294,0.27067787485402134,0.2651505657670294,0.7240744523506695,0.7427792294587229
1794,(0.31230364418603385)(X_0 + X_1 + (2)(X_3) + X_4),11,0.27067787485402134,0.26515056576703183,0.27067787485402134,0.26515056576703183,0.7240744523506695,0.7427792294587205
1795,(0.3343893344194384)(X_0 + X_1 + (1.7695575641611196)(X_3) + X_4),11,0.26812770149078646,0.2567897440445142,0.26812770149078646,0.2567897440445142,0.7266740663096265,0.7508900060644691
1796,(0.33719048540063845)(X_0 + X_1 + X_3 + X_4 + sin(X_3)),11,0.2704858801009382,0.25380065613831054,0.2704858801009382,0.25380065613831054,0.7242701693349958,0.7537897000259931
1797,(0.3343893344194384)(X_0 + X_1 + (1.7695575641611199)(X_3) + X_4),11,0.26812770149078646,0.2567897440445142,0.26812770149078646,0.2567897440445142,0.7266740663096265,0.7508900060644692
1798,(0.3139893647510519)(0.9266042536778061 + X_0 + X_1 + (2)(X_3) + X_4 - (sqrt(X_0))),15,0.25011823804765815,0.23377068963271141,0.25011823804765815,0.23377068963271141,0.7450326819375043,0.7732206350631562
1799,(0.3123036441860383)(X_0 + X_1 + (2)(X_3) + X_4),11,0.2706778748540214,0.2651505657670296,0.2706778748540214,0.2651505657670296,0.7240744523506695,0.7427792294587227
1800,(0.33438933441943813)(X_0 + X_1 + (1.7695575641610968)(X_3) + X_4),11,0.26812770149078646,0.2567897440445148,0.26812770149078646,0.2567897440445148,0.7266740663096265,0.7508900060644685
1801,(0.33438933441943836)(X_0 + X_1 + (1.7695575641611112)(X_3) + X_4),11,0.26812770149078646,0.2567897440445144,0.26812770149078646,0.2567897440445144,0.7266740663096265,0.750890006064469
1802,(0.3343893344194384)(X_0 + X_1 + (1.7695575641611199)(X_3) + X_4),11,0.26812770149078646,0.2567897440445142,0.26812770149078646,0.2567897440445142,0.7266740663096265,0.7508900060644692
1803,(0.313989364751052)(0.9266042536777666 + X_0 + X_1 + (2)(X_3) + X_4 - (sqrt(X_0))),15,0.25011823804765815,0.23377068963271005,0.25011823804765815,0.23377068963271005,0.7450326819375042,0.7732206350631574
1804,(0.3122237435325126)(0.9108432033154177 + X_0 + X_1 + (2)(X_3) + X_4 - (sqrt((X_0)(X_0)))),16,0.24522091328707246,0.22296060127240447,0.24522091328707246,0.22296060127240447,0.7500249518720528,0.7837074286689467
1805,(0.3123036441860356)(X_0 + X_1 + (2)(X_3) + X_4),11,0.27067787485402134,0.2651505657670309,0.27067787485402134,0.2651505657670309,0.7240744523506695,0.7427792294587214
1806,(0.31398936475105227)(0.9266042536778163 + X_0 + X_1 + (2)(X_3) + X_4 - (sqrt(X_0))),15,0.25011823804765815,0.23377068963271155,0.25011823804765815,0.23377068963271155,0.7450326819375043,0.7732206350631561
1807,(0.3123036441860325)(X_0 + X_1 + (2)(X_3) + X_4),11,0.27067787485402134,0.26515056576703255,0.27067787485402134,0.26515056576703255,0.7240744523506695,0.7427792294587199
1808,(0.31398936475105205)(0.9266042536777936 + X_0 + X_1 + (2)(X_3) + X_4 - (sqrt(X_0))),15,0.25011823804765815,0.23377068963271092,0.25011823804765815,0.23377068963271092,0.7450326819375043,0.7732206350631566
1809,(0.313989364751052)(0.9266042536777666 + X_0 + X_1 + (2)(X_3) + X_4 - (sqrt(X_0))),15,0.25011823804765815,0.23377068963271005,0.25011823804765815,0.23377068963271005,0.7450326819375042,0.7732206350631574
1810,(0.33438933441943836)(X_0 + X_1 + (1.7695575641611248)(X_3) + X_4),11,0.26812770149078646,0.2567897440445141,0.26812770149078646,0.2567897440445141,0.7266740663096265,0.7508900060644692
1811,(0.3139893647510519)(0.926604253677787 + X_0 + X_1 + (2)(X_3) + X_4 - (sqrt(X_0))),15,0.25011823804765815,0.23377068963271078,0.25011823804765815,0.23377068963271078,0.7450326819375043,0.7732206350631567
1812,(0.3564187920574628)(X_0 + X_1 + (1.6608908789927286)(X_3) + (0.8078588455953444)(X_4)),13,0.2652785456450027,0.2504407723086074,0.2652785456450027,0.2504407723086074,0.7295784591696272,0.7570491006050768
1813,(0.313989364751052)(0.9266042536778101 + X_0 + X_1 + (2)(X_3) + X_4 - (sqrt(X_0))),15,0.2501182380476581,0.2337706896327115,0.2501182380476581,0.2337706896327115,0.7450326819375044,0.7732206350631561
1814,(0.3139893647510521)(0.926604253677795 + X_0 + X_1 + (2)(X_3) + X_4 - (sqrt(X_0))),15,0.2501182380476581,0.23377068963271094,0.2501182380476581,0.23377068963271094,0.7450326819375044,0.7732206350631566
1815,(0.33438933441943836)(X_0 + X_1 + (1.7695575641611212)(X_3) + X_4),11,0.26812770149078646,0.25678974404451416,0.26812770149078646,0.25678974404451416,0.7266740663096265,0.7508900060644692
1816,(0.31398936475105205)(0.9266042536777943 + X_0 + X_1 + (2)(X_3) + X_4 - (sqrt(X_0))),15,0.2501182380476581,0.23377068963271092,0.2501182380476581,0.23377068963271092,0.7450326819375044,0.7732206350631566
1817,(0.3564187920574627)(X_0 + X_1 + (1.6608908789927224)(X_3) + (0.8078588455953459)(X_4)),13,0.26527854564500275,0.2504407723086074,0.26527854564500275,0.2504407723086074,0.729578459169627,0.7570491006050768
1818,(0.3139893647510519)(0.9266042536777661 + X_0 + X_1 + (2)(X_3) + X_4 - (sqrt(X_0))),15,0.25011823804765815,0.23377068963271008,0.25011823804765815,0.23377068963271008,0.7450326819375043,0.7732206350631574
1819,(0.3139893647510521)(0.926604253677787 + X_0 + X_1 + (2)(X_3) + X_4 - (sqrt(X_0))),15,0.2501182380476581,0.23377068963271064,0.2501182380476581,0.23377068963271064,0.7450326819375044,0.7732206350631569
1820,(0.3123036441860356)(X_0 + X_1 + (2)(X_3) + X_4),11,0.27067787485402134,0.2651505657670309,0.27067787485402134,0.2651505657670309,0.7240744523506695,0.7427792294587214
1821,(0.33438933441943836)(X_0 + X_1 + (1.769557564161122)(X_3) + X_4),11,0.26812770149078646,0.25678974404451416,0.26812770149078646,0.25678974404451416,0.7266740663096265,0.7508900060644692
1822,(0.3139893647510517)(0.9266042536777173 + X_0 + X_1 + (2)(X_3) + X_4 - (sqrt(X_0))),15,0.2501182380476581,0.2337706896327086,0.2501182380476581,0.2337706896327086,0.7450326819375044,0.7732206350631589
1823,(0.3123036441860356)(X_0 + X_1 + (2)(X_3) + X_4),11,0.27067787485402134,0.2651505657670309,0.27067787485402134,0.2651505657670309,0.7240744523506695,0.7427792294587214
1824,(0.3123036441860356)(X_0 + X_1 + (2)(X_3) + X_4),11,0.27067787485402134,0.2651505657670309,0.27067787485402134,0.2651505657670309,0.7240744523506695,0.7427792294587214
1825,(0.31398936475105205)(0.9266042536777903 + X_0 + X_1 + (2)(X_3) + X_4 - (sqrt(X_0))),15,0.25011823804765815,0.23377068963271078,0.25011823804765815,0.23377068963271078,0.7450326819375043,0.7732206350631567
1826,(0.33438933441943863)(X_0 + X_1 + (1.7695575641611163)(X_3) + X_4),11,0.26812770149078646,0.25678974404451416,0.26812770149078646,0.25678974404451416,0.7266740663096265,0.7508900060644692
1827,(0.313989364751052)(0.9266042536777666 + X_0 + X_1 + (2)(X_3) + X_4 - (sqrt(X_0))),15,0.25011823804765815,0.23377068963271005,0.25011823804765815,0.23377068963271005,0.7450326819375042,0.7732206350631574
1828,(0.3123036441860356)(X_0 + X_1 + (2)(X_3) + X_4),11,0.27067787485402134,0.2651505657670309,0.27067787485402134,0.2651505657670309,0.7240744523506695,0.7427792294587214
1829,(0.3506209814475038)(X_0 + X_1 + X_3 + sin(X_3) + sin(X_4)),12,0.2728004142026342,0.2522930199254271,0.2728004142026342,0.2522930199254271,0.7219107630114906,0.7552522477194216
1830,(0.313989364751052)(0.9266042536777666 + X_0 + X_1 + (2)(X_3) + X_4 - (sqrt(X_0))),15,0.25011823804765815,0.23377068963271005,0.25011823804765815,0.23377068963271005,0.7450326819375042,0.7732206350631574
1831,(0.31775217253211896)(0.9244567234178698 + X_0 + X_1 + (2)(X_3) + (0.9126774867862804)(X_4) - (sqrt(X_0))),17,0.24951356860378343,0.23354936973169427,0.24951356860378343,0.23354936973169427,0.7456490741991102,0.7734353360022662
1832,(0.3123036441860363)(X_0 + X_1 + (2)(X_3) + X_4),11,0.27067787485402134,0.26515056576703055,0.27067787485402134,0.26515056576703055,0.7240744523506695,0.7427792294587217
1833,(0.4197021658630824)(X_1 + X_3 + X_4),7,0.42902953574188135,0.5159570141635184,0.42902953574188135,0.5159570141635184,0.5626528039236307,0.4994735901641455
1834,(0.3343893344194384)(X_0 + X_1 + (1.7695575641611199)(X_3) + X_4),11,0.26812770149078646,0.2567897440445142,0.26812770149078646,0.2567897440445142,0.7266740663096265,0.7508900060644692
1835,(0.313989364751052)(0.9266042536777942 + X_0 + X_1 + (2)(X_3) + X_4 - (sqrt(X_0))),15,0.2501182380476581,0.233770689632711,0.2501182380476581,0.233770689632711,0.7450326819375044,0.7732206350631565
1836,(0.3123036441860356)(X_0 + X_1 + (2)(X_3) + X_4),11,0.27067787485402134,0.2651505657670309,0.27067787485402134,0.2651505657670309,0.7240744523506695,0.7427792294587214
1837,(0.3123036441860365)(X_0 + X_1 + (2)(X_3) + X_4),11,0.27067787485402134,0.2651505657670305,0.27067787485402134,0.2651505657670305,0.7240744523506695,0.7427792294587219
1838,(0.3343893344194384)(X_0 + X_1 + (1.7695575641611196)(X_3) + X_4),11,0.26812770149078646,0.2567897440445142,0.26812770149078646,0.2567897440445142,0.7266740663096265,0.7508900060644691
1839,(0.313989364751052)(0.9266042536777666 + X_0 + X_1 + (2)(X_3) + X_4 - (sqrt(X_0))),15,0.25011823804765815,0.23377068963271005,0.25011823804765815,0.23377068963271005,0.7450326819375042,0.7732206350631574
1840,(0.31398936475105166)(0.9266042536777936 + X_0 + X_1 + (2)(X_3) + X_4 - (sqrt(X_0))),15,0.25011823804765815,0.2337706896327111,0.25011823804765815,0.2337706896327111,0.7450326819375043,0.7732206350631564
1841,(0.3123036441860414)(X_0 + X_1 + (2)(X_3) + X_4),11,0.27067787485402134,0.265150565767028,0.27067787485402134,0.265150565767028,0.7240744523506695,0.7427792294587242
1842,(0.3343893344194384)(X_0 + X_1 + (1.7695575641611199)(X_3) + X_4),11,0.26812770149078646,0.2567897440445142,0.26812770149078646,0.2567897440445142,0.7266740663096265,0.7508900060644692
1843,(0.3139893647510522)(0.926604253677815 + X_0 + X_1 + (2)(X_3) + X_4 - (sqrt(X_0))),15,0.25011823804765815,0.2337706896327115,0.25011823804765815,0.2337706896327115,0.7450326819375043,0.7732206350631561
1844,(0.313989364751052)(0.9266042536777943 + X_0 + X_1 + (2)(X_3) + X_4 - (sqrt(X_0))),15,0.2501182380476581,0.233770689632711,0.2501182380476581,0.233770689632711,0.7450326819375044,0.7732206350631565
1845,(0.3123036441860363)(X_0 + X_1 + (2)(X_3) + X_4),11,0.27067787485402134,0.26515056576703055,0.27067787485402134,0.26515056576703055,0.7240744523506695,0.7427792294587217
1846,(0.31398936475105244)(0.9266042536777865 + X_0 + X_1 + (2)(X_3) + X_4 - (sqrt(X_0))),15,0.25011823804765815,0.23377068963271047,0.25011823804765815,0.23377068963271047,0.7450326819375043,0.7732206350631571
1847,(0.31398936475105205)(0.9266042536777943 + X_0 + X_1 + (2)(X_3) + X_4 - (sqrt(X_0))),15,0.2501182380476581,0.23377068963271092,0.2501182380476581,0.23377068963271092,0.7450326819375044,0.7732206350631566
1848,(0.3123036441860356)(X_0 + X_1 + (2)(X_3) + X_4),11,0.27067787485402134,0.2651505657670309,0.27067787485402134,0.2651505657670309,0.7240744523506695,0.7427792294587214
1849,(0.313989364751052)(0.9266042536777942 + X_0 + X_1 + (2)(X_3) + X_4 - (sqrt(X_0))),15,0.2501182380476581,0.233770689632711,0.2501182380476581,0.233770689632711,0.7450326819375044,0.7732206350631565
1850,(0.31398936475105194)(0.9266042536777931 + X_0 + X_1 + (2)(X_3) + X_4 - (sqrt(X_0))),15,0.2501182380476581,0.233770689632711,0.2501182380476581,0.233770689632711,0.7450326819375044,0.7732206350631565
1851,(0.313989364751052)(0.9266042536777666 + X_0 + X_1 + (2)(X_3) + X_4 - (sqrt(X_0))),15,0.25011823804765815,0.23377068963271005,0.25011823804765815,0.23377068963271005,0.7450326819375042,0.7732206350631574
1852,(0.313989364751052)(0.9266042536777666 + X_0 + X_1 + (2)(X_3) + X_4 - (sqrt(X_0))),15,0.25011823804765815,0.23377068963271005,0.25011823804765815,0.23377068963271005,0.7450326819375042,0.7732206350631574
1853,(0.3343893344194384)(X_0 + X_1 + (1.7695575641611199)(X_3) + X_4),11,0.26812770149078646,0.2567897440445142,0.26812770149078646,0.2567897440445142,0.7266740663096265,0.7508900060644692
1854,(0.3139893647510523)(0.926604253677811 + X_0 + X_1 + (2)(X_3) + X_4 - (sqrt(X_0))),15,0.2501182380476581,0.23377068963271136,0.2501182380476581,0.23377068963271136,0.7450326819375044,0.7732206350631562
1855,(0.3123036441860356)(X_0 + X_1 + (2)(X_3) + X_4),11,0.27067787485402134,0.2651505657670309,0.27067787485402134,0.2651505657670309,0.7240744523506695,0.7427792294587214
1856,(0.313989364751052)(0.9266042536777666 + X_0 + X_1 + (2)(X_3) + X_4 - (sqrt(X_0))),15,0.25011823804765815,0.23377068963271005,0.25011823804765815,0.23377068963271005,0.7450326819375042,0.7732206350631574
1857,(0.3144952763183157)(0.9365359105568363 + X_0 + X_1 + (2)(X_3) + X_4 - (sqrt(X_1))),15,0.24825654160215901,0.24521573703069427,0.24825654160215901,0.24521573703069427,0.7469304713728551,0.7621178719893741
1858,(0.3343893344194384)(X_0 + X_1 + (1.7695575641611199)(X_3) + X_4),11,0.26812770149078646,0.2567897440445142,0.26812770149078646,0.2567897440445142,0.7266740663096265,0.7508900060644692
1859,(0.31230364418603296)(X_0 + X_1 + (2)(X_3) + X_4),11,0.27067787485402134,0.26515056576703233,0.27067787485402134,0.26515056576703233,0.7240744523506695,0.7427792294587201
1860,(0.3343893344194384)(X_0 + X_1 + (1.7695575641611196)(X_3) + X_4),11,0.26812770149078646,0.2567897440445142,0.26812770149078646,0.2567897440445142,0.7266740663096265,0.7508900060644691
1861,(0.31398936475105205)(0.9266042536778087 + X_0 + X_1 + (2)(X_3) + X_4 - (sqrt(X_0))),15,0.2501182380476581,0.23377068963271141,0.2501182380476581,0.23377068963271141,0.7450326819375044,0.7732206350631562
1862,(0.31398936475105205)(0.9266042536777943 + X_0 + X_1 + (2)(X_3) + X_4 - (sqrt(X_0))),15,0.2501182380476581,0.23377068963271092,0.2501182380476581,0.23377068963271092,0.7450326819375044,0.7732206350631566
1863,(0.33474694879220246)(0.06118420882133391 + X_0 + X_1 + (1.7692439589068325)(X_3) + X_4),13,0.2677089086990712,0.25871766311650174,0.2677089086990712,0.25871766311650174,0.7271009783003755,0.7490197448119491
1864,(0.31398936475105205)(0.926604253677789 + X_0 + X_1 + (2)(X_3) + X_4 - (sqrt(X_0))),15,0.25011823804765815,0.23377068963271072,0.25011823804765815,0.23377068963271072,0.7450326819375043,0.7732206350631567
1865,(0.3123036441860383)(X_0 + X_1 + (2)(X_3) + X_4),11,0.2706778748540214,0.2651505657670296,0.2706778748540214,0.2651505657670296,0.7240744523506695,0.7427792294587227
1866,(0.3123036441860356)(X_0 + X_1 + (2)(X_3) + X_4),11,0.27067787485402134,0.2651505657670309,0.27067787485402134,0.2651505657670309,0.7240744523506695,0.7427792294587214
1867,(0.313989364751052)(0.9266042536777666 + X_0 + X_1 + (2)(X_3) + X_4 - (sqrt(X_0))),15,0.25011823804765815,0.23377068963271005,0.25011823804765815,0.23377068963271005,0.7450326819375042,0.7732206350631574
1868,(0.31230364418603496)(X_0 + X_1 + (2)(X_3) + X_4),11,0.27067787485402134,0.2651505657670313,0.27067787485402134,0.2651505657670313,0.7240744523506695,0.742779229458721
1869,(0.3343893344194384)(X_0 + X_1 + (1.7695575641611092)(X_3) + X_4),11,0.26812770149078646,0.2567897440445144,0.26812770149078646,0.2567897440445144,0.7266740663096265,0.750890006064469
1870,(0.3123036441860363)(X_0 + X_1 + (2)(X_3) + X_4),11,0.27067787485402134,0.26515056576703055,0.27067787485402134,0.26515056576703055,0.7240744523506695,0.7427792294587217
1871,(0.3564187920574624)(X_0 + X_1 + (1.6608908789926944)(X_3) + (0.8078588455953994)(X_4)),13,0.26527854564500275,0.2504407723086065,0.26527854564500275,0.2504407723086065,0.729578459169627,0.7570491006050776
1872,(0.3123036441860363)(X_0 + X_1 + (2)(X_3) + X_4),11,0.27067787485402134,0.26515056576703055,0.27067787485402134,0.26515056576703055,0.7240744523506695,0.7427792294587217
1873,(0.313989364751052)(0.926604253677794 + X_0 + X_1 + (2)(X_3) + X_4 - (sqrt(X_0))),15,0.2501182380476581,0.233770689632711,0.2501182380476581,0.233770689632711,0.7450326819375044,0.7732206350631565
1874,(0.3343893344194384)(X_0 + X_1 + (1.7695575641611199)(X_3) + X_4),11,0.26812770149078646,0.2567897440445142,0.26812770149078646,0.2567897440445142,0.7266740663096265,0.7508900060644692
1875,(0.3123036441860356)(X_0 + X_1 + (2)(X_3) + X_4),11,0.27067787485402134,0.2651505657670309,0.27067787485402134,0.2651505657670309,0.7240744523506695,0.7427792294587214
1876,(0.31398936475105205)(0.9266042536778087 + X_0 + X_1 + (2)(X_3) + X_4 - (sqrt(X_0))),15,0.2501182380476581,0.23377068963271141,0.2501182380476581,0.23377068963271141,0.7450326819375044,0.7732206350631562
1877,(0.3123036441860356)(X_0 + X_1 + (2)(X_3) + X_4),11,0.27067787485402134,0.2651505657670309,0.27067787485402134,0.2651505657670309,0.7240744523506695,0.7427792294587214
1878,(0.33438933441943847)(X_0 + X_1 + (1.7695575641611083)(X_3) + X_4),11,0.26812770149078646,0.2567897440445144,0.26812770149078646,0.2567897440445144,0.7266740663096265,0.750890006064469
1879,(0.313989364751052)(0.9266042536777942 + X_0 + X_1 + (2)(X_3) + X_4 - (sqrt(X_0))),15,0.2501182380476581,0.233770689632711,0.2501182380476581,0.233770689632711,0.7450326819375044,0.7732206350631565
1880,(0.3123036441860356)(X_0 + X_1 + (2)(X_3) + X_4),11,0.27067787485402134,0.2651505657670309,0.27067787485402134,0.2651505657670309,0.7240744523506695,0.7427792294587214
1881,(0.313989364751052)(0.9266042536777666 + X_0 + X_1 + (2)(X_3) + X_4 - (sqrt(X_0))),15,0.25011823804765815,0.23377068963271005,0.25011823804765815,0.23377068963271005,0.7450326819375042,0.7732206350631574
1882,(0.3123036441860325)(X_0 + X_1 + (2)(X_3) + X_4),11,0.27067787485402134,0.26515056576703255,0.27067787485402134,0.26515056576703255,0.7240744523506695,0.7427792294587199
1883,(0.313989364751052)(0.9266042536777942 + X_0 + X_1 + (2)(X_3) + X_4 - (sqrt(X_0))),15,0.2501182380476581,0.233770689632711,0.2501182380476581,0.233770689632711,0.7450326819375044,0.7732206350631565
1884,(0.313989364751052)(0.9266042536777942 + X_0 + X_1 + (2)(X_3) + X_4 - (sqrt(X_0))),15,0.2501182380476581,0.233770689632711,0.2501182380476581,0.233770689632711,0.7450326819375044,0.7732206350631565
1885,(0.33719048540063934)(X_0 + X_1 + X_3 + X_4 + sin(X_3)),11,0.2704858801009382,0.2538006561383101,0.2704858801009382,0.2538006561383101,0.7242701693349958,0.7537897000259935
1886,(0.313989364751052)(0.926604253677793 + X_0 + X_1 + (2)(X_3) + X_4 - (sqrt(X_0))),15,0.25011823804765815,0.23377068963271094,0.25011823804765815,0.23377068963271094,0.7450326819375042,0.7732206350631566
1887,(0.3123036441860356)(X_0 + X_1 + (2)(X_3) + X_4),11,0.27067787485402134,0.2651505657670309,0.27067787485402134,0.2651505657670309,0.7240744523506695,0.7427792294587214
1888,(0.313989364751052)(0.9266042536777666 + X_0 + X_1 + (2)(X_3) + X_4 - (sqrt(X_0))),15,0.25011823804765815,0.23377068963271005,0.25011823804765815,0.23377068963271005,0.7450326819375042,0.7732206350631574
1889,(0.3106416598732582)(0.8015421413075634 + X_0 + X_1 + (2)(X_3) + X_4 - (sqrt((X_0)(X_4)))),16,0.26686303138523637,0.23953536650743223,0.26686303138523637,0.23953536650743223,0.7279632547653059,0.7676283610155872
1890,(0.31230364418602896)(X_0 + X_1 + (2)(X_3) + X_4),11,0.2706778748540214,0.26515056576703433,0.2706778748540214,0.26515056576703433,0.7240744523506695,0.7427792294587181
1891,(0.3343893344194384)(X_0 + X_1 + (1.7695575641611199)(X_3) + X_4),11,0.26812770149078646,0.2567897440445142,0.26812770149078646,0.2567897440445142,0.7266740663096265,0.7508900060644692
1892,(0.35641879205746185)(X_0 + X_1 + (1.6608908789927246)(X_3) + (0.8078588455953454)(X_4)),13,0.2652785456450028,0.25044077230860784,0.2652785456450028,0.25044077230860784,0.729578459169627,0.7570491006050764
1893,(0.3343893344194384)(X_0 + X_1 + (1.7695575641611196)(X_3) + X_4),11,0.26812770149078646,0.2567897440445142,0.26812770149078646,0.2567897440445142,0.7266740663096265,0.7508900060644691
1894,(0.31398936475105177)(0.9266042536778132 + X_0 + X_1 + (2)(X_3) + X_4 - (sqrt(X_0))),15,0.25011823804765815,0.23377068963271166,0.25011823804765815,0.23377068963271166,0.7450326819375042,0.7732206350631559
1895,(0.3123036441860354)(X_0 + X_1 + (2)(X_3) + X_4),11,0.27067787485402134,0.26515056576703105,0.27067787485402134,0.26515056576703105,0.7240744523506695,0.7427792294587212
1896,(0.3123036441860356)(X_0 + X_1 + (2)(X_3) + X_4),11,0.27067787485402134,0.2651505657670309,0.27067787485402134,0.2651505657670309,0.7240744523506695,0.7427792294587214
1897,(0.31230364418603496)(X_0 + X_1 + (2)(X_3) + X_4),11,0.27067787485402134,0.2651505657670313,0.27067787485402134,0.2651505657670313,0.7240744523506695,0.742779229458721
1898,(0.3343893344194384)(X_0 + X_1 + (1.7695575641611199)(X_3) + X_4),11,0.26812770149078646,0.2567897440445142,0.26812770149078646,0.2567897440445142,0.7266740663096265,0.7508900060644692
1899,(0.313989364751052)(0.9266042536777948 + X_0 + X_1 + (2)(X_3) + X_4 - (sqrt(X_0))),15,0.25011823804765815,0.233770689632711,0.25011823804765815,0.233770689632711,0.7450326819375043,0.7732206350631565
1900,(0.3123036441860383)(X_0 + X_1 + (2)(X_3) + X_4),11,0.2706778748540214,0.2651505657670296,0.2706778748540214,0.2651505657670296,0.7240744523506695,0.7427792294587227
1901,(0.313989364751052)(0.9266042536777666 + X_0 + X_1 + (2)(X_3) + X_4 - (sqrt(X_0))),15,0.25011823804765815,0.23377068963271005,0.25011823804765815,0.23377068963271005,0.7450326819375042,0.7732206350631574
1902,(0.3123036441860356)(X_0 + X_1 + (2)(X_3) + X_4),11,0.27067787485402134,0.2651505657670309,0.27067787485402134,0.2651505657670309,0.7240744523506695,0.7427792294587214
1903,(0.35641879205746285)(X_0 + X_1 + (1.6608908789927357)(X_3) + (0.8078588455953462)(X_4)),13,0.2652785456450027,0.2504407723086072,0.2652785456450027,0.2504407723086072,0.7295784591696272,0.757049100605077
1904,(0.31398936475105205)(0.9266042536777943 + X_0 + X_1 + (2)(X_3) + X_4 - (sqrt(X_0))),15,0.2501182380476581,0.23377068963271092,0.2501182380476581,0.23377068963271092,0.7450326819375044,0.7732206350631566
1905,(0.313989364751052)(0.9266042536777666 + X_0 + X_1 + (2)(X_3) + X_4 - (sqrt(X_0))),15,0.25011823804765815,0.23377068963271005,0.25011823804765815,0.23377068963271005,0.7450326819375042,0.7732206350631574
1906,(0.3123036441860356)(X_0 + X_1 + (2)(X_3) + X_4),11,0.27067787485402134,0.2651505657670309,0.27067787485402134,0.2651505657670309,0.7240744523506695,0.7427792294587214
1907,(0.31398936475105205)(0.926604253677811 + X_0 + X_1 + (2)(X_3) + X_4 - (sqrt(X_0))),15,0.2501182380476581,0.2337706896327115,0.2501182380476581,0.2337706896327115,0.7450326819375044,0.7732206350631561
1908,(0.3123036441860354)(X_0 + X_1 + (2)(X_3) + X_4),11,0.27067787485402134,0.26515056576703105,0.27067787485402134,0.26515056576703105,0.7240744523506695,0.7427792294587212
1909,(0.313989364751052)(0.9266042536777936 + X_0 + X_1 + (2)(X_3) + X_4 - (sqrt(X_0))),15,0.25011823804765815,0.233770689632711,0.25011823804765815,0.233770689632711,0.7450326819375043,0.7732206350631565
1910,(0.3564187920574623)(X_0 + X_1 + (1.6608908789927157)(X_3) + (0.807858845595349)(X_4)),13,0.2652785456450027,0.2504407723086077,0.2652785456450027,0.2504407723086077,0.7295784591696272,0.7570491006050765
1911,(0.313989364751052)(0.9266042536777942 + X_0 + X_1 + (2)(X_3) + X_4 - (sqrt(X_0))),15,0.2501182380476581,0.233770689632711,0.2501182380476581,0.233770689632711,0.7450326819375044,0.7732206350631565
1912,(0.33719048540063357)(X_0 + X_1 + X_3 + X_4 + sin(X_3)),11,0.2704858801009382,0.2538006561383128,0.2704858801009382,0.2538006561383128,0.7242701693349958,0.7537897000259909
1913,(0.3343893344194384)(X_0 + X_1 + (1.769557564161119)(X_3) + X_4),11,0.26812770149078646,0.2567897440445142,0.26812770149078646,0.2567897440445142,0.7266740663096265,0.7508900060644692
1914,(0.313989364751052)(0.9266042536777942 + X_0 + X_1 + (2)(X_3) + X_4 - (sqrt(X_0))),15,0.2501182380476581,0.233770689632711,0.2501182380476581,0.233770689632711,0.7450326819375044,0.7732206350631565
1915,(0.3144952763183157)(0.9365359105568405 + X_0 + X_1 + (2)(X_3) + X_4 - (sqrt(X_1))),15,0.24825654160215901,0.2452157370306944,0.24825654160215901,0.2452157370306944,0.7469304713728551,0.762117871989374
1916,(0.3343893344194384)(X_0 + X_1 + (1.7695575641611199)(X_3) + X_4),11,0.26812770149078646,0.2567897440445142,0.26812770149078646,0.2567897440445142,0.7266740663096265,0.7508900060644692
1917,(0.3121456124724054)(X_0 + X_1 + (2)(X_3) + X_4 + (2.432609903085578e-06)((X_8)^(-2))),17,0.2704897361489578,0.26522509333463007,0.2704897361489578,0.26522509333463007,0.7242662385291914,0.7427069307694504
1918,(0.313989364751052)(0.9266042536777666 + X_0 + X_1 + (2)(X_3) + X_4 - (sqrt(X_0))),15,0.25011823804765815,0.23377068963271005,0.25011823804765815,0.23377068963271005,0.7450326819375042,0.7732206350631574
1919,(0.31230364418603496)(X_0 + X_1 + (2)(X_3) + X_4),11,0.27067787485402134,0.2651505657670313,0.27067787485402134,0.2651505657670313,0.7240744523506695,0.742779229458721
1920,(0.3343893344194384)(X_0 + X_1 + (1.7695575641611196)(X_3) + X_4),11,0.26812770149078646,0.2567897440445142,0.26812770149078646,0.2567897440445142,0.7266740663096265,0.7508900060644691
1921,(0.313989364751052)(0.9266042536777942 + X_0 + X_1 + (2)(X_3) + X_4 - (sqrt(X_0))),15,0.2501182380476581,0.233770689632711,0.2501182380476581,0.233770689632711,0.7450326819375044,0.7732206350631565
1922,(0.3343893344194382)(X_0 + X_1 + (1.769557564161114)(X_3) + X_4),11,0.26812770149078646,0.2567897440445144,0.26812770149078646,0.2567897440445144,0.7266740663096265,0.750890006064469
1923,(0.31398936475105244)(0.9266042536777861 + X_0 + X_1 + (2)(X_3) + X_4 - (sqrt(X_0))),15,0.25011823804765815,0.23377068963271044,0.25011823804765815,0.23377068963271044,0.7450326819375043,0.7732206350631571
1924,(0.35641879205746313)(X_0 + X_1 + (1.66089087899273)(X_3) + (0.8078588455953497)(X_4)),13,0.2652785456450027,0.25044077230860706,0.2652785456450027,0.25044077230860706,0.7295784591696272,0.757049100605077
1925,(0.31398936475105216)(0.9266042536777745 + X_0 + X_1 + (2)(X_3) + X_4 - (sqrt(X_0))),15,0.2501182380476581,0.23377068963271028,0.2501182380476581,0.23377068963271028,0.7450326819375044,0.7732206350631573
1926,(0.31398936475105194)(0.9266042536777506 + X_0 + X_1 + (2)(X_3) + X_4 - (sqrt(X_0))),15,0.25011823804765815,0.23377068963270956,0.25011823804765815,0.23377068963270956,0.7450326819375043,0.773220635063158
1927,(0.3139893647510521)(0.9266042536777386 + X_0 + X_1 + (2)(X_3) + X_4 - (sqrt(X_0))),15,0.25011823804765815,0.23377068963270908,0.25011823804765815,0.23377068963270908,0.7450326819375043,0.7732206350631584
1928,(-1.8330866895692156e-06)(X_0 + X_1 + (-328422.1360832454)(X_3) + X_4),11,0.608464885666334,0.712901557217334,0.608464885666334,0.712901557217334,0.37973871379987967,0.30841902095492024
1929,(0.3123036441860356)(X_0 + X_1 + (2)(X_3) + X_4),11,0.27067787485402134,0.2651505657670309,0.27067787485402134,0.2651505657670309,0.7240744523506695,0.7427792294587214
1930,(0.3343893344194384)(X_0 + X_1 + (1.7695575641611196)(X_3) + X_4),11,0.26812770149078646,0.2567897440445142,0.26812770149078646,0.2567897440445142,0.7266740663096265,0.7508900060644691
1931,(0.35641879205746274)(X_0 + X_1 + (1.660890878992717)(X_3) + (0.8078588455953559)(X_4)),13,0.26527854564500275,0.25044077230860723,0.26527854564500275,0.25044077230860723,0.729578459169627,0.7570491006050769
1932,(0.3123036441860356)(X_0 + X_1 + (2)(X_3) + X_4),11,0.27067787485402134,0.2651505657670309,0.27067787485402134,0.2651505657670309,0.7240744523506695,0.7427792294587214
1933,(0.3123036441860356)(X_0 + X_1 + (2)(X_3) + X_4),11,0.27067787485402134,0.2651505657670309,0.27067787485402134,0.2651505657670309,0.7240744523506695,0.7427792294587214
1934,(0.3123036441860356)(X_0 + X_1 + (2)(X_3) + X_4),11,0.27067787485402134,0.2651505657670309,0.27067787485402134,0.2651505657670309,0.7240744523506695,0.7427792294587214
1935,(0.334389334419438)(X_0 + X_1 + (1.7695575641611323)(X_3) + X_4),11,0.26812770149078646,0.25678974404451405,0.26812770149078646,0.25678974404451405,0.7266740663096265,0.7508900060644692
1936,(0.3123036441860356)(X_0 + X_1 + (2)(X_3) + X_4),11,0.27067787485402134,0.2651505657670309,0.27067787485402134,0.2651505657670309,0.7240744523506695,0.7427792294587214
1937,(0.313989364751052)(0.9266042536777666 + X_0 + X_1 + (2)(X_3) + X_4 - (sqrt(X_0))),15,0.25011823804765815,0.23377068963271005,0.25011823804765815,0.23377068963271005,0.7450326819375042,0.7732206350631574
1938,(0.31398936475105205)(0.9266042536777745 + X_0 + X_1 + (2)(X_3) + X_4 - (sqrt(X_0))),15,0.25011823804765815,0.2337706896327103,0.25011823804765815,0.2337706896327103,0.7450326819375043,0.7732206350631572
1939,(0.31398936475105216)(0.926604253677775 + X_0 + X_1 + (2)(X_3) + X_4 - (sqrt(X_0))),15,0.25011823804765815,0.23377068963271022,0.25011823804765815,0.23377068963271022,0.7450326819375043,0.7732206350631573
1940,(0.2690632302276994)(X_0 + X_1 + (2.257440450114837)(X_3) + X_4 + X_43),13,0.31301900689560774,0.34320657166056423,0.31301900689560774,0.34320657166056423,0.6809124463944454,0.6670576260624457
1941,(0.31398936475105205)(0.926604253677795 + X_0 + X_1 + (2)(X_3) + X_4 - (sqrt(X_0))),15,0.25011823804765815,0.23377068963271094,0.25011823804765815,0.23377068963271094,0.7450326819375043,0.7732206350631566
1942,(0.3343893344194384)(X_0 + X_1 + (1.7695575641611196)(X_3) + X_4),11,0.26812770149078646,0.2567897440445142,0.26812770149078646,0.2567897440445142,0.7266740663096265,0.7508900060644691
1943,(0.3343893344194384)(X_0 + X_1 + (1.7695575641611199)(X_3) + X_4),11,0.26812770149078646,0.2567897440445142,0.26812770149078646,0.2567897440445142,0.7266740663096265,0.7508900060644692
1944,(0.313989364751052)(0.9266042536777942 + X_0 + X_1 + (2)(X_3) + X_4 - (sqrt(X_0))),15,0.2501182380476581,0.233770689632711,0.2501182380476581,0.233770689632711,0.7450326819375044,0.7732206350631565
1945,(0.313989364751052)(0.9266042536777666 + X_0 + X_1 + (2)(X_3) + X_4 - (sqrt(X_0))),15,0.25011823804765815,0.23377068963271005,0.25011823804765815,0.23377068963271005,0.7450326819375042,0.7732206350631574
1946,(0.3123036441860363)(X_0 + X_1 + (2)(X_3) + X_4),11,0.27067787485402134,0.26515056576703055,0.27067787485402134,0.26515056576703055,0.7240744523506695,0.7427792294587217
1947,(0.31398936475105205)(0.9266042536777942 + X_0 + X_1 + (2)(X_3) + X_4 - (sqrt(X_0))),15,0.25011823804765815,0.23377068963271092,0.25011823804765815,0.23377068963271092,0.7450326819375043,0.7732206350631566
1948,(0.35641879205746274)(X_0 + X_1 + (1.660890878992717)(X_3) + (0.8078588455953559)(X_4)),13,0.26527854564500275,0.25044077230860723,0.26527854564500275,0.25044077230860723,0.729578459169627,0.7570491006050769
1949,(0.3139893647510521)(0.9266042536778047 + X_0 + X_1 + (2)(X_3) + X_4 - (sqrt(X_0))),15,0.25011823804765815,0.23377068963271125,0.25011823804765815,0.23377068963271125,0.7450326819375043,0.7732206350631563
1950,(0.33438933441943847)(X_0 + X_1 + (1.7695575641611203)(X_3) + X_4),11,0.26812770149078646,0.25678974404451416,0.26812770149078646,0.25678974404451416,0.7266740663096265,0.7508900060644692
1951,(0.313989364751052)(0.9266042536777694 + X_0 + X_1 + (2)(X_3) + X_4 - (sqrt(X_0))),15,0.25011823804765815,0.23377068963271014,0.25011823804765815,0.23377068963271014,0.7450326819375043,0.7732206350631574
1952,(0.3123036441860352)(X_0 + X_1 + (2)(X_3) + X_4),11,0.27067787485402134,0.26515056576703117,0.27067787485402134,0.26515056576703117,0.7240744523506695,0.7427792294587212
1953,(0.313989364751052)(0.9266042536778052 + X_0 + X_1 + (2)(X_3) + X_4 - (sqrt(X_0))),15,0.2501182380476581,0.23377068963271128,0.2501182380476581,0.23377068963271128,0.7450326819375044,0.7732206350631563
1954,(0.313989364751052)(0.9266042536777942 + X_0 + X_1 + (2)(X_3) + X_4 - (sqrt(X_0))),15,0.2501182380476581,0.233770689632711,0.2501182380476581,0.233770689632711,0.7450326819375044,0.7732206350631565
1955,(0.313989364751052)(0.9266042536777666 + X_0 + X_1 + (2)(X_3) + X_4 - (sqrt(X_0))),15,0.25011823804765815,0.23377068963271005,0.25011823804765815,0.23377068963271005,0.7450326819375042,0.7732206350631574
1956,(0.3123036441860356)(X_0 + X_1 + (2)(X_3) + X_4),11,0.27067787485402134,0.2651505657670309,0.27067787485402134,0.2651505657670309,0.7240744523506695,0.7427792294587214
1957,(0.3343893344194384)(X_0 + X_1 + (1.7695575641611199)(X_3) + X_4),11,0.26812770149078646,0.2567897440445142,0.26812770149078646,0.2567897440445142,0.7266740663096265,0.7508900060644692
1958,(0.35641879205746296)(X_0 + X_1 + (1.6608908789927355)(X_3) + X_4 + (-0.19214115440464585)(X_4)),14,0.2652785456450027,0.2504407723086069,0.2652785456450027,0.2504407723086069,0.7295784591696272,0.7570491006050772
1959,(0.31230364418602985)(X_0 + X_1 + (2)(X_3) + X_4),11,0.27067787485402134,0.2651505657670339,0.27067787485402134,0.2651505657670339,0.7240744523506695,0.7427792294587185
1960,(0.31230364418602896)(X_0 + X_1 + (2)(X_3) + X_4),11,0.2706778748540214,0.26515056576703433,0.2706778748540214,0.26515056576703433,0.7240744523506695,0.7427792294587181
1961,(0.35641879205746274)(X_0 + X_1 + (1.660890878992717)(X_3) + (0.8078588455953559)(X_4)),13,0.26527854564500275,0.25044077230860723,0.26527854564500275,0.25044077230860723,0.729578459169627,0.7570491006050769
1962,(0.313989364751052)(0.9266042536777942 + X_0 + X_1 + (2)(X_3) + X_4 - (sqrt(X_0))),15,0.2501182380476581,0.233770689632711,0.2501182380476581,0.233770689632711,0.7450326819375044,0.7732206350631565
1963,(0.33438933441943836)(X_0 + X_1 + (1.7695575641611212)(X_3) + X_4),11,0.26812770149078646,0.25678974404451416,0.26812770149078646,0.25678974404451416,0.7266740663096265,0.7508900060644692
1964,(0.3123036441860356)(X_0 + X_1 + (2)(X_3) + X_4),11,0.27067787485402134,0.2651505657670309,0.27067787485402134,0.2651505657670309,0.7240744523506695,0.7427792294587214
1965,(0.3123036441860312)(X_0 + X_1 + (2)(X_3) + X_4),11,0.27067787485402134,0.2651505657670331,0.27067787485402134,0.2651505657670331,0.7240744523506695,0.7427792294587192
1966,(0.313989364751052)(0.9266042536777666 + X_0 + X_1 + (2)(X_3) + X_4 - (sqrt(X_0))),15,0.25011823804765815,0.23377068963271005,0.25011823804765815,0.23377068963271005,0.7450326819375042,0.7732206350631574
1967,(0.3139893647510524)(0.9266042536777039 + X_0 + X_1 + (2)(X_3) + X_4 - (sqrt(X_0))),15,0.2501182380476581,0.23377068963270783,0.2501182380476581,0.23377068963270783,0.7450326819375044,0.7732206350631596
1968,(0.3139893647510519)(0.9266042536778443 + X_0 + X_1 + (2)(X_3) + X_4 - (sqrt(X_0))),15,0.2501182380476581,0.2337706896327127,0.2501182380476581,0.2337706896327127,0.7450326819375044,0.773220635063155
1969,(0.33719048540063434)(X_0 + X_1 + X_3 + X_4 + sin(X_3)),11,0.2704858801009382,0.2538006561383124,0.2704858801009382,0.2538006561383124,0.7242701693349958,0.7537897000259913
1970,(0.31398936475105205)(0.9266042536778389 + X_0 + X_1 + (2)(X_3) + X_4 - (sqrt(X_0))),15,0.25011823804765815,0.23377068963271244,0.25011823804765815,0.23377068963271244,0.7450326819375043,0.7732206350631552
1971,(0.3123036441860356)(X_0 + X_1 + (2)(X_3) + X_4),11,0.27067787485402134,0.2651505657670309,0.27067787485402134,0.2651505657670309,0.7240744523506695,0.7427792294587214
1972,(0.3123036441860356)(X_0 + X_1 + (2)(X_3) + X_4),11,0.27067787485402134,0.2651505657670309,0.27067787485402134,0.2651505657670309,0.7240744523506695,0.7427792294587214
1973,(0.3343893344194386)(X_0 + X_1 + (1.7695575641611152)(X_3) + X_4),11,0.26812770149078646,0.2567897440445142,0.26812770149078646,0.2567897440445142,0.7266740663096265,0.7508900060644691
1974,(0.313989364751052)(0.9266042536777942 + X_0 + X_1 + (2)(X_3) + X_4 - (sqrt(X_0))),15,0.2501182380476581,0.233770689632711,0.2501182380476581,0.233770689632711,0.7450326819375044,0.7732206350631565
1975,(0.31398936475105205)(0.9266042536777943 + X_0 + X_1 + (2)(X_3) + X_4 - (sqrt(X_0))),15,0.2501182380476581,0.23377068963271092,0.2501182380476581,0.23377068963271092,0.7450326819375044,0.7732206350631566
1976,(0.313989364751052)(0.926604253677795 + X_0 + X_1 + (2)(X_3) + X_4 - (sqrt(X_0))),15,0.2501182380476581,0.233770689632711,0.2501182380476581,0.233770689632711,0.7450326819375044,0.7732206350631565
1977,(0.3123036441860285)(X_0 + X_1 + (2)(X_3) + X_4),11,0.27067787485402134,0.26515056576703455,0.27067787485402134,0.26515056576703455,0.7240744523506695,0.7427792294587179
1978,(0.313989364751052)(0.9266042536778073 + X_0 + X_1 + (2)(X_3) + X_4 - (sqrt(X_0))),15,0.2501182380476581,0.23377068963271141,0.2501182380476581,0.23377068963271141,0.7450326819375044,0.7732206350631562
1979,(0.31449527631831564)(0.9365359105568396 + X_0 + X_1 + (2)(X_3) + X_4 - (sqrt(X_1))),15,0.24825654160215901,0.2452157370306944,0.24825654160215901,0.2452157370306944,0.7469304713728551,0.762117871989374
1980,(0.3343893344194384)(X_0 + X_1 + (1.7695575641611194)(X_3) + X_4),11,0.2681277014907864,0.2567897440445142,0.2681277014907864,0.2567897440445142,0.7266740663096265,0.7508900060644692
1981,(0.33438933441943813)(X_0 + X_1 + (1.7695575641610968)(X_3) + X_4),11,0.26812770149078646,0.2567897440445148,0.26812770149078646,0.2567897440445148,0.7266740663096265,0.7508900060644685
1982,(0.313989364751052)(0.9266042536777666 + X_0 + X_1 + (2)(X_3) + X_4 - (sqrt(X_0))),15,0.25011823804765815,0.23377068963271005,0.25011823804765815,0.23377068963271005,0.7450326819375042,0.7732206350631574
1983,(0.3123036441860334)(X_0 + X_1 + (2)(X_3) + X_4),11,0.27067787485402134,0.26515056576703205,0.27067787485402134,0.26515056576703205,0.7240744523506695,0.7427792294587203
1984,(0.31230364418604006)(X_0 + X_1 + (2)(X_3) + X_4),11,0.27067787485402134,0.2651505657670287,0.27067787485402134,0.2651505657670287,0.7240744523506695,0.7427792294587235
1985,(0.3139893647510519)(0.926604253677779 + X_0 + X_1 + (2)(X_3) + X_4 - (sqrt(X_0))),15,0.25011823804765815,0.23377068963271047,0.25011823804765815,0.23377068963271047,0.7450326819375043,0.7732206350631571
1986,(0.3123036441860363)(X_0 + X_1 + (2)(X_3) + X_4),11,0.27067787485402134,0.26515056576703055,0.27067787485402134,0.26515056576703055,0.7240744523506695,0.7427792294587217
1987,(0.313989364751052)(0.9266042536777942 + X_0 + X_1 + (2)(X_3) + X_4 - (sqrt(X_0))),15,0.2501182380476581,0.233770689632711,0.2501182380476581,0.233770689632711,0.7450326819375044,0.7732206350631565
1988,(0.33438933441943847)(X_0 + X_1 + (1.769557564161117)(X_3) + X_4),11,0.26812770149078646,0.2567897440445142,0.26812770149078646,0.2567897440445142,0.7266740663096265,0.7508900060644691
1989,(0.313989364751052)(0.9266042536777666 + X_0 + X_1 + (2)(X_3) + X_4 - (sqrt(X_0))),15,0.25011823804765815,0.23377068963271005,0.25011823804765815,0.23377068963271005,0.7450326819375042,0.7732206350631574
1990,(0.3343893344194384)(X_0 + X_1 + (1.7695575641611194)(X_3) + X_4),11,0.2681277014907864,0.2567897440445142,0.2681277014907864,0.2567897440445142,0.7266740663096265,0.7508900060644692
1991,(0.3139893647510522)(0.9266042536778163 + X_0 + X_1 + (2)(X_3) + X_4 - (sqrt(X_0))),15,0.25011823804765815,0.23377068963271158,0.25011823804765815,0.23377068963271158,0.7450326819375043,0.773220635063156
1992,(0.31230364418603074)(X_0 + X_1 + (2)(X_3) + X_4),11,0.27067787485402134,0.2651505657670334,0.27067787485402134,0.2651505657670334,0.7240744523506695,0.742779229458719
1993,(0.3347469487922024)(0.06118420882134147 + X_0 + X_1 + (1.7692439589068396)(X_3) + X_4),13,0.2677089086990712,0.2587176631165019,0.2677089086990712,0.2587176631165019,0.7271009783003755,0.7490197448119489
1994,(0.3123036441860396)(X_0 + X_1 + (2)(X_3) + X_4),11,0.27067787485402134,0.26515056576702895,0.27067787485402134,0.26515056576702895,0.7240744523506695,0.7427792294587233
1995,(0.33438933441943836)(X_0 + X_1 + (1.7695575641611203)(X_3) + X_4),11,0.26812770149078646,0.25678974404451416,0.26812770149078646,0.25678974404451416,0.7266740663096265,0.7508900060644692
1996,(0.31398936475105205)(0.9266042536778034 + X_0 + X_1 + (2)(X_3) + X_4 - (sqrt(X_0))),15,0.25011823804765815,0.23377068963271125,0.25011823804765815,0.23377068963271125,0.7450326819375043,0.7732206350631563
1997,(0.3123036441860334)(X_0 + X_1 + (2)(X_3) + X_4),11,0.27067787485402134,0.26515056576703205,0.27067787485402134,0.26515056576703205,0.7240744523506695,0.7427792294587203
1998,(0.3139893647510523)(0.9266042536777865 + X_0 + X_1 + (2)(X_3) + X_4 - (sqrt(X_0))),15,0.25011823804765815,0.23377068963271053,0.25011823804765815,0.23377068963271053,0.7450326819375042,0.773220635063157
1999,(0.3123036441860281)(X_0 + X_1 + (2)(X_3) + X_4),11,0.27067787485402134,0.2651505657670348,0.27067787485402134,0.2651505657670348,0.7240744523506695,0.7427792294587177
