Id,Expression,size,MSE_train,MSE_test,nll_train,nll_test,R2_train,R2_test
0,(28.824619 + ((-11.191635) * (1.886684 * X1))),9,141.5442684285046,152.19815784720063,141.5442684285046,152.19815784720063,0.4127143806445559,0.3895410355332405
0,(29.008360 + (1.012177 * (((-7.080849) * X9) + ((-16.891489) * X1)))),12,136.50024883553345,146.6623119668924,136.50024883553345,146.6623119668924,0.43364267540059076,0.41174502795562773
0,(28.963142 + ((-0.112724) * ((((-6.687197) * X9) + ((-16.910398) * X1)) * ((-0.140837) * X2)))),15,135.2439930459711,147.23060399913211,135.2439930459711,147.23060399913211,0.43885504441865975,0.40946563791291735
0,(31.888052 + (0.545465 * (((((-6.290358) * X9) + ((-15.912608) * X1)) * (0.030477 * X2)) - (3.969962 * X8)))),19,134.16653043153212,146.05395612184694,134.16653043153212,146.05395612184694,0.4433255772482725,0.4141851118859905
0,(32.296310 + (0.540102 * ((((((-6.290358) * X9) + ((-15.912608) * X1)) + ((-2.300098) * X3)) * (0.030477 * X2)) - (3.969962 * X8)))),22,133.196596851326,144.93027715390463,133.196596851326,144.93027715390463,0.44734995809893696,0.41869213029453
0,(33.217102 + (0.552033 * (((((((-6.285044) * X9) + ((-15.430475) * X1)) + ((-2.300098) * X3)) * (0.030477 * X2)) - (0.131793 * X5)) - (3.969962 * X8)))),26,132.56617813019736,143.82843162348297,132.56617813019736,143.82843162348297,0.44996564754508583,0.42311157591080883
0,(34.014656 + (0.556702 * ((((((((-6.290358) * X9) + ((-15.139562) * X1)) + ((-2.300098) * X3)) * (0.030477 * X2)) - (0.131793 * X5)) - (3.969962 * X8)) - (0.121945 * X5)))),30,132.43436521356097,143.28307818565975,132.43436521356097,143.28307818565975,0.45051255651741884,0.42529896043392623
0,(0.480846 + (0.997476 * (((((((-7.080849) * X9) + ((-16.891489) * X1)) + (((-0.138121) * X2) + 42.037453)) - (0.129733 * X5)) / exp((0.104424 * X3))) - (2.019912 * X8)))),31,132.26725239463642,143.194694619347,132.26725239463642,143.194694619347,0.4512059293855255,0.4256534623617442
