Id,Expression,size,MSE_train,MSE_test,nll_train,nll_test,R2_train,R2_test
0,((-0.090681) + (1.083529 * (1.015952 * X4))),9,0.351677097472878,0.21834024217912568,0.351677097472878,0.21834024217912568,0.7461998267545553,0.654534524541602
0,((-0.680216) + (0.986238 * exp((0.469966 * X4)))),10,0.28326677624677893,0.4248717154782308,0.28326677624677893,0.4248717154782308,0.7955705463826639,0.3277532912320599
0,((-0.121815) + (1.002409 * ((0.679381 * X4) - ((-0.366833) * X3)))),13,0.17558425749778664,0.0866789647345706,0.17558425749778664,0.0866789647345706,0.8732834316128653,0.8628535469897314
0,((-0.870332) + (0.964222 * (exp((0.379745 * X4)) - ((-0.343552) * X3)))),14,0.15386431772471637,0.13121429674660803,0.15386431772471637,0.13121429674660803,0.8889583917308211,0.7923882058566296
0,((-1.720899) + (1.755646 * (exp((((-0.095146) * X5) + (0.318181 * X4))) + (0.318310 * X3)))),16,0.13184753942253924,0.16038447635358544,0.13184753942253924,0.16038447635358544,0.9048475758362207,0.7462341397689685
0,(0.023168 + (0.961747 * (((0.529840 * X4) ^ exp(exp(((-1.437901) * X2)))) - ((-0.430253) * X3)))),18,0.08793255322863752,1.0030487094268605,0.08793255322863752,1.0030487094268605,0.9365403735309672,-0.587058326269511
0,(0.060270 + (0.961653 * (((0.475500 * X4) ^ (3.583356 ^ exp(((-1.437901) * X2)))) - ((-0.460554) * X3)))),20,0.08325020379788974,1.9412105351731037,0.08325020379788974,1.9412105351731037,0.9399195560403176,-2.07145038315132
0,(0.144863 + (1.097914 * (((0.370747 * X4) ^ exp(abs((((-0.467386) * X5) + (0.818415 * X4))))) - ((-0.408539) * X3)))),21,0.07383239315562591,22.086794739794506,0.07383239315562591,22.086794739794506,0.946716251047685,-33.94648979950906
0,((-0.035903) + (1.014938 * (((0.488988 * X4) ^ exp((((-0.215370) * X2) + (((-0.103258) * X5) + (0.422715 * X4))))) - ((-0.375861) * X3)))),23,0.07176038440029907,6.874843538659543,0.07176038440029907,6.874843538659543,0.9482115891997767,-9.877614992460503
0,(0.026734 + (0.990763 * ((((0.443181 * X4) ^ exp(abs((((-0.327062) * X5) + (0.564432 * X4))))) - ((-0.418505) * X3)) - ((-0.157777) * X1)))),25,0.06879988672592188,2.787657813392637,0.06879988672592188,2.787657813392637,0.9503481366976062,-3.410728513935287
