Id,Expression,size,MSE_train,MSE_test,nll_train,nll_test,R2_train,R2_test
0,((-0.090681) + (1.044176 * (1.054242 * X4))),9,0.35167709495491334,0.21834025661819867,0.35167709495491334,0.21834025661819867,0.7461998285717333,0.6545345016956018
0,((-0.759405) + (1.052378 * exp((0.454980 * X4)))),10,0.2833319430644869,0.4153532170605794,0.2833319430644869,0.4153532170605794,0.7955235164516761,0.3428137883199317
0,((-0.121855) + (0.982666 * ((0.693147 * X4) - ((-0.374133) * X3)))),13,0.1755841000920806,0.08668080634821484,0.1755841000920806,0.08668080634821484,0.8732835452102412,0.8628506331249903
0,((-0.904240) + (0.995101 * (exp((0.374744 * X4)) - ((-0.329246) * X3)))),14,0.15389508196178023,0.13174445860033715,0.15389508196178023,0.13174445860033715,0.8889361896347714,0.7915493654530444
0,((-0.963479) + (1.110402 * ((exp((0.374090 * X4)) - ((-0.329246) * X3)) + ((-0.078094) * X5)))),17,0.14674583236964517,0.1540715675867903,0.14674583236964517,0.1540715675867903,0.8940956975984617,0.7562226421489244
0,(0.073637 + (0.961776 * (((0.581402 * X4) ^ exp(exp(((-0.399156) * X5)))) - ((-0.382772) * X3)))),18,0.12237106330709846,0.13765665728171422,0.12237106330709846,0.13765665728171422,0.9116866088501367,0.7821948804159213
0,((-0.006423) + (0.980503 * (((0.490947 * X4) ^ exp(((0.443138 * X4) - (0.229478 * X5)))) - ((-0.426065) * X3)))),21,0.09622121452070369,1.7245816818936668,0.09622121452070369,1.7245816818936668,0.930558568952233,-1.7286927263434122
