Id,Expression,size,MSE_train,MSE_test,nll_train,nll_test,R2_train,R2_test
0,((-0.090681) + (1.044176 * (1.054242 * X4))),9,0.35167709495491334,0.21834025661819867,0.35167709495491334,0.21834025661819867,0.7461998285717333,0.6545345016956018
0,((-0.696583) + (0.999842 * exp((0.466789 * X4)))),10,0.28326756187955027,0.42284114557659697,0.28326756187955027,0.42284114557659697,0.7955699794030826,0.33096612909244816
0,((-0.121723) + (0.962725 * ((0.707107 * X4) + (0.382122 * X3)))),12,0.17558476645724755,0.08667466372019893,0.17558476645724755,0.08667466372019893,0.8732830643043306,0.8628603522032825
0,((-0.890787) + (0.982932 * (exp((0.376859 * X4)) - ((-0.334395) * X3)))),14,0.1538774642990459,0.13171366528265677,0.1538774642990459,0.13171366528265677,0.888948904042068,0.7915980877042759
0,((-1.811023) + (1.827126 * (exp(((0.318310 * X4) + ((-0.069572) * X5))) + (0.255478 * X3)))),16,0.13032453881844688,0.1723058866259523,0.13032453881844688,0.1723058866259523,0.9059467029046285,0.7273716725170585
0,((-1.501326) + (1.522133 * (exp(abs(((0.346383 * X4) + ((-0.061346) * X5)))) + (0.289883 * X3)))),17,0.1298938200061059,0.1704755905130374,0.1298938200061059,0.1704755905130374,0.9062575463174574,0.730267630268901
0,((-0.007569) + (0.997140 * (((exp((1.687503 * X4)) / (91.691093 * X5)) + (0.434294 * X4)) - ((-0.401796) * X3)))),21,0.09099821564142993,0.4585138485510954,0.09099821564142993,0.4585138485510954,0.9343279301928314,0.27452354585183336
