Id,Expression,size,MSE_train,MSE_test,nll_train,nll_test,R2_train,R2_test

0,(0.784312 * X1),3,0.6697585137068909,0.7039944309504758,0.6697585137068909,0.7039944309504758,-11.539688286818876,-8.423837229107983

0,sin(((-1.009055) * X1)),4,6.653826164455843,6.521596402932668,6.653826164455843,6.521596402932668,-123.57759671491199,-86.29964368069986

0,sin(sqrt(abs(((-1.809790) * X1)))),6,0.846471227483791,0.8391930797037018,0.846471227483791,0.8391930797037018,-14.848227561393793,-10.233638561947467

0,sin(exp(exp(((-0.783192) * X1)))),6,0.7795347912984618,0.7695514553800225,0.7795347912984618,0.7695514553800225,-13.594996691435933,-9.30139918171406

0,exp(sin(exp(exp(((-0.783192) * X1))))),7,0.5853784485427697,0.596071491135634,0.5853784485427697,0.596071491135634,-9.959865569936468,-6.979155036482182

0,abs(sin((0.222935 - exp(((-1.560688) * X1))))),10,2.792987869732826,2.762972908305719,2.792987869732826,2.762972908305719,-51.29227633326251,-35.98581382405834

0,sin(abs(sin((0.222935 - exp(((-1.560688) * X1)))))),11,2.7961450752484067,2.7663009364006053,2.7961450752484067,2.7663009364006053,-51.35138774761944,-36.03036360127428

0,(2.211926 - abs((exp(((-0.186074) * X1)) - exp((((-1.195418) * X1) - (-0.988064)))))),18,0.0021318281456518752,0.0020077569555337245,0.0021318281456518752,0.0020077569555337245,0.9600864193878084,0.9731236869032984

0,(2.211926 - abs(((0.174729 * X1) - (1.125836 - exp((((-1.090888) * X1) - (-1.028793))))))),21,0.002181695884521566,0.0019561281938490207,0.002181695884521566,0.0019561281938490207,0.9591527606314106,0.9738148018114096

0,(2.146850 - abs(((0.118901 * X1) - abs((0.876964 - exp((((-1.133837) * X1) - (-0.922570)))))))),22,0.0018323531258611725,0.002097045067259756,0.0018323531258611725,0.002097045067259756,0.9656934005922426,0.9719284549605337

0,(2.168041 - abs(((0.143516 * X1) - abs((3.005562 - exp((1.368072 - exp(((-1.416870) * X1))))))))),23,0.0015795021969758983,0.0019710452006445407,0.0015795021969758983,0.0019710452006445407,0.9704274528907424,0.973615119203414
