Id,Expression,size,MSE_train,MSE_test,nll_train,nll_test,R2_train,R2_test

0,(0.900534 * X1),3,0.6249545641063005,0.6556940323121032,0.6249545641063005,0.6556940323121032,-10.700837342020552,-7.777276581952705

0,sin((1.002085 * X1)),4,1.2104568463408003,1.2069403109355716,1.2104568463408003,1.2069403109355716,-21.66302141312113,-15.156390640973605

0,sqrt(abs(sin((1.117337 * X1)))),6,1.0172232545638824,1.0265448829332542,1.0172232545638824,1.0265448829332542,-18.04516668214658,-12.741574449780323

0,(sin((1.598861 * X1)) - ((-0.785152) * X1)),8,0.13171897025095936,0.13561657169959915,0.13171897025095936,0.13561657169959915,-1.46613487489111,-0.8153957489992993

0,sin((sin((0.993597 * X1)) - ((-0.678725) * X1))),9,0.9935773342928047,0.983968586650085,0.9935773342928047,0.983968586650085,-17.60245119083735,-12.171638000923547

0,sin((sin((1.180812 * X1)) - (0.421215 + ((-1.061046) * X1)))),12,1.1569087465622112,1.1484790090660486,1.1569087465622112,1.1484790090660486,-20.660456360444783,-14.37381372161316

0,((2.118591 - (0.105389 * X1)) ^ sin((sin((1.073177 * X1)) - ((-0.631124) * X1)))),16,0.007447523423544413,0.010324874569684799,0.007447523423544413,0.010324874569684799,0.8605622469460693,0.8617887683794608

0,exp((sin((sin((1.071860 * X1)) - ((-0.828960) * X1))) - abs((0.395529 + ((-0.172474) * X1))))),18,0.001395396094594576,0.0015104114729645518,0.001395396094594576,0.0015104114729645518,0.9738744163683478,0.9797812720606642

0,(2.629325 ^ (sin((sin((1.068269 * X1)) - ((-0.817097) * X1))) - abs(((-0.363630) + (0.159501 * X1))))),20,0.0013169717748798431,0.0015080398066570748,0.0013169717748798431,0.0015080398066570748,0.9753427314449054,0.9798130197510732

0,sqrt(abs((6.585917 ^ (sin((sin((1.068269 * X1)) - ((-0.817097) * X1))) - abs(((-0.363630) + (0.159501 * X1))))))),22,0.0021133304839603562,0.0020732122731715653,0.0021133304839603562,0.0020732122731715653,0.9604327455738884,0.972247486422045
