Id,Expression,size,MSE_train,MSE_test,nll_train,nll_test,R2_train,R2_test

0,(0.900534 * X1),3,0.6249545711171629,0.6556940428341329,0.6249545711171629,0.6556940428341329,-10.700837473282832,-7.7772767228031014

0,sin((1.000057 * X1)),4,1.207655190912078,1.204360742520648,1.207655190912078,1.204360742520648,-21.610566856673902,-15.121859923407033

0,sin(sqrt(abs(((-1.800335) * X1)))),6,0.8448696185609728,0.8377631208831092,0.8448696185609728,0.8377631208831092,-14.81824111667005,-10.21449679238631

0,sin(exp(exp(((-0.781749) * X1)))),6,0.7793438420491452,0.7693849602919,0.7793438420491452,0.7693849602919,-13.591421605765456,-9.299170438785236

0,sin(((0.678742 * X1) + sin((0.993133 * X1)))),8,0.9940322016456995,0.984420600012744,0.9940322016456995,0.984420600012744,-17.610967536207237,-12.177688759520217

0,sin((((1.093057 * X1) - 0.450717) + sin((1.197662 * X1)))),12,1.17235009210208,1.1634870044222632,1.17235009210208,1.1634870044222632,-20.949560053546552,-14.57471432416654

0,sin((((1.111845 * X1) - 0.444873) + sin(((1.250275 * X1) - 0.133742)))),16,1.253323267978365,1.2462930800996537,1.253323267978365,1.2462930800996537,-22.465596601499627,-15.683176187581228

0,((-0.352054) + (exp(exp(((-0.094265) * X1))) ^ sin(((0.608079 * X1) + sin((1.082062 * X1)))))),16,0.0014405459604907617,0.0014714167192003713,0.0014405459604907617,0.0014714167192003713,0.9730290889362316,0.9803032651278063

0,((1.706495 + exp(((-0.817615) * X1))) ^ sin((((0.908290 * X1) - 0.402046) + sin((1.197777 * X1))))),19,0.0013826813521333765,0.0013867748301650544,0.0013826813521333765,0.0013867748301650544,0.9741124706876998,0.9814363016263424

0,(((1.565071 + (0.124249 * X1)) + sin(((-0.348524) * X1))) ^ (((2.710532 * X1) - 0.930280) + sin((2.269342 * X1)))),21,0.0013134378353312156,0.0013553085969414272,0.0013134378353312156,0.0013553085969414272,0.9754088963378591,0.9818575161233268
