Id,Expression,size,MSE_train,MSE_test,nll_train,nll_test,R2_train,R2_test
0,log(X_4) - (((log((67.45875063514382)((sqrt(X_2))^(-1))) + (67.45875063514382)((sqrt(X_2))^(-1)))^(-1))(sqrt(sqrt(-2.99999906264095 + X_4)))),17,10.071376701968841,10.112487157693275,10.071376701968841,10.112487157693275,-14.751294406852994,-13.582859816238159
1,(0.12215357824516407)(16.17394421540671 + (2)((X_7)(log(X_9)))) + sqrt(X_4),13,0.5244263138617555,0.5327602243174547,0.5244263138617555,0.5327602243174547,0.17981488442167115,0.23172533663209738
2,log(X_4) + (-131097557.00111566)((-42893564.12033202 + log(X_4))^(-1)),9,0.624675528146948,0.6643750644194496,0.624675528146948,0.6643750644194496,0.023028485204464544,0.041928233999059206
3,log(sqrt((242.19169691300854)((X_2)(X_4 + X_8)))),9,0.4352460524260225,0.487921185974849,0.4352460524260225,0.487921185974849,0.3192898136912462,0.2963861268262975
4,(sin(X_3) + sqrt((-2664.0050925599617)(X_8)))^(0.3123912842315229),9,0.5775401296094979,0.6325345900102182,0.5775401296094979,0.6325345900102182,0.09674666309791846,0.08784425520647265
5,(5660.391214603094 + X_8)(sqrt((-2.6655278270740157e-07)((-1.434760074744284 + X_4)(sqrt(-1.434760074744284 + X_4))))),12,3.231395241506102,3.11548080797268,3.231395241506102,3.11548080797268,-4.053793468366278,-3.492724606160041
6,log((23.74492100694336)(X_2) - (X_7)),6,0.48262809991952205,0.5332625055069007,0.48262809991952205,0.5332625055069007,0.2451858851266734,0.2310010147061653
7,log(sqrt((-528.5896547338848)((X_0)(X_1)) - (X_1))),8,0.5545557678747421,0.5943335926419829,0.5545557678747421,0.5943335926419829,0.13269343176232262,0.1429325614534327
8,log(sqrt((950.4593337805336)(X_4))),5,0.5739682593027565,0.6182254466957443,0.5739682593027565,0.6182254466957443,0.10233294811628946,0.10847896433306825
9,log(sqrt((-506.97964660573774)((X_4)(X_8)))),7,0.5318752852119472,0.5869265747094674,0.5318752852119472,0.5869265747094674,0.1681649437792816,0.15361395985541337
10,log(4.822557704130854 + (4.822557704130854)((X_4)(X_6 + X_8))),9,0.5414757346496105,0.5897743280316925,0.5414757346496105,0.5897743280316925,0.15315016377396418,0.14950731558070196
11,log(sqrt((-1067.1265952910678)(X_8))),5,0.5790592988408014,0.6323591721727473,0.5790592988408014,0.6323591721727473,0.09437073351806113,0.08809721906128065
12,log(X_4) + (0.14330645853841312)(sqrt(sqrt(206865.95457967304 + X_4))),9,0.6246772277644179,0.664376811848825,0.6246772277644179,0.664376811848825,0.023025827059909187,0.04192571409300416
13,log(sqrt((-946.3114806814161)(X_4) - (exp(sqrt(X_8)) + sqrt(exp(X_8))))),12,0.5737628325668184,0.6180229219446686,0.5737628325668184,0.6180229219446686,0.10265422862168139,0.10877101810858358
14,log(sqrt((943.6015878541641)(X_4) + exp(X_9))),8,0.573325820893858,0.6173503118179371,0.573325820893858,0.6173503118179371,0.10333770017911847,0.10974096536647915
15,log(-21.914444325624913 + (-5.371726528707425)((X_0)(X_8)) - (X_3)),10,0.5549391080421463,0.6210761133261907,0.5549391080421463,0.6210761133261907,0.1320939006343116,0.10436811887968223
16,(sin(-0.2306277141426508))(1 + (-0.2306277141426508)((2)(24.36066704335312) + (2)(X_8)) - (X_0 + X_7 + sqrt(((24.36066704335312 + X_8)^(-1))((2)(24.36066704335312) + (2)(X_8))))),22,0.5811854031833075,0.625203364784597,0.5811854031833075,0.625203364784597,0.09104557783880285,0.0984163556283919
17,(2.6369772434149814)(sqrt(sqrt(X_4 + X_9))),7,0.5355708863984547,0.5628804890659083,0.5355708863984547,0.5628804890659083,0.162385147826697,0.1882899688926667
18,log(X_4 + sqrt((950.3850459174122)(X_8))),7,0.5706945933810714,0.6228430207368806,0.5706945933810714,0.6228430207368806,0.1074528515066635,0.10182012423933695
19,log((X_4)^(X_9) + sqrt((665.3337472007842)(X_8))),9,0.5212978367762872,0.578051893347499,0.5212978367762872,0.578051893347499,0.18470771735569025,0.1664118237436173
20,(0.8284147210743023 - (log(0.8284147210743023)))((X_2)^((0.8284147210743023)^(-1))),8,2.7796527850562773,2.9451906228926332,2.7796527850562773,2.9451906228926332,-3.3472834610278426,-3.247155157380633
21,X_4 + (0.9460625505062876)(140.60399639261178 + sqrt(140.60399639261178 + (X_4)((X_6)^(-2))) - (X_4)) - (140.60399639261178),14,0.623937665177788,0.6740846386866448,0.623937665177788,0.6740846386866448,0.02418247806989704,0.027926400601808288
22,log(sqrt((X_0 + X_9)((-250.75392141286443)(X_2) - (X_0 + X_9)))),10,0.44294812565476704,0.4910431888920217,0.44294812565476704,0.4910431888920217,0.30724403022398883,0.2918839969172988
23,log((X_2)(log((2934581291.403327)(X_8)))),7,0.47032909277168033,0.5203255303952036,0.47032909277168033,0.5203255303952036,0.26442111862357676,0.24965696863304032
24,(-0.3445646244032337)(-4.61569227437907 - (X_2)) + sqrt(X_9),8,0.4525588609623611,0.493404322365899,0.4525588609623611,0.493404322365899,0.29221316346406945,0.28847908990282767
25,log(sqrt((950.4593292125002)(X_4))),5,0.5739682593027565,0.6182254467006755,0.5739682593027565,0.6182254467006755,0.10233294811628946,0.10847896432595727
26,(-0.010882519406134605)(sin((X_8)^((log(-0.010882519406134605))((-0.010882519406134605)^(-1))))),9,15.10722827666005,15.159386589820029,15.10722827666005,15.159386589820029,-22.62719688666681,-20.860814861092294
27,log(sqrt((258.0816676215331)((X_0)((X_2)(X_4))))),9,0.44520605955707254,0.5065623052406911,0.44520605955707254,0.5065623052406911,0.3037126975473474,0.2695044285029782
28,log(X_4) + (0.7805509717739962)(sqrt((21.589130297788756)((0.8620005326140845)^(X_4)))),10,0.5726941376313324,0.6203909958041194,0.5726941376313324,0.6203909958041194,0.10432563155477415,0.10535610260971973
29,log(sqrt(X_6 + (-1068.4161381683462)(X_8))),7,0.5791210825736025,0.6324409604935681,0.5791210825736025,0.6324409604935681,0.09427410583808216,0.08797927501858005
30,4.3150448942728294 - (((X_4 + log(X_4))^(-1))(sqrt(sqrt(X_4)))),10,0.5716152086570881,0.6229493788269279,0.5716152086570881,0.6229493788269279,0.10601304018025848,0.10166674900203909
31,log(-257.9022729315395) + ((-1)(sqrt((2)(-257.9022729315395))))((8.416642704753462 + (sqrt(log(-257.9022729315395)))(X_8))^(-1)),15,0.5766743402726038,0.6309599947639611,0.5766743402726038,0.6309599947639611,0.09810072849962936,0.09011492328104342
32,log(-20.138169234034272 + (14.199265953227771)(X_7) + (-20.138169234034272)(X_8) - ((X_4)^(X_1) + X_6)),15,1.3016458810498517,1.6830507558529137,1.3016458810498517,1.6830507558529137,-1.0357303765507786,-1.4270679263651393
33,log(sqrt((950.4593406742196)(X_4))),5,0.5739682593027565,0.6182254466883027,0.5739682593027565,0.6182254466883027,0.10233294811628946,0.10847896434379956
34,((2)^(-1))((-3.635152247053997 + X_1)(((X_4)^(-1))(X_4 + (-8.496221333456802)((X_9)^(-1))))),16,12.371103174099035,12.748179648857503,12.371103174099035,12.748179648857503,-18.347989256989496,-17.38369867200062
35,log(sqrt((X_6)((X_8)((X_8)((sin(log((2)(X_4))))^(-1)) + sqrt((-86363.36705753474)(exp(sqrt(X_0)))))))),21,0.5275450534054781,0.5778238810187494,0.5275450534054781,0.5778238810187494,0.17493728067541614,0.16674063225280766
36,log(X_4) + (-0.6640390035332091)(sqrt((-3.2197232587409497)^(((X_1)^(-1))(X_4)))) + sqrt(X_6),15,inf,inf,inf,inf,-inf,-inf
37,X_4 + (0.39983439358919426)(7.702869532100784 + (-2)(X_4) + log(X_8)),11,0.5387719475054453,0.5848961642135698,0.5387719475054453,0.5848961642135698,0.1573787959244114,0.15654194296870405
38,(3.2036175165081753 - ((3.2036175165081753)^(-1)))(((X_8)^((3.2036175165081753)^(-1)))((sin((X_8)^((3.2036175165081753)^(-1))))^(-1))),10,0.5754194784434241,0.6304107015450046,0.5754194784434241,0.6304107015450046,0.1000632901926567,0.09090703959082391
39,log(X_2 + X_4) + (2.1127073905474516)(sqrt(sqrt(X_2 - (log(X_2))))),11,0.44367301180438884,0.5114357711324146,0.44367301180438884,0.5114357711324146,0.3061103326678335,0.2624765758283615
40,1.834357128061875 + (0.9517281224446207)(sqrt(X_4 + X_8)),8,0.5347159554578497,0.582052316394315,0.5347159554578497,0.582052316394315,0.16372223106183859,0.16064295525581052
41,log((-22.45870000779571)(X_2)),4,0.47377585464547695,0.5245930900607008,0.47377585464547695,0.5245930900607008,0.2590304989862562,0.24350287188226905
42,log(X_4) + (3.626770339932959)(sqrt((0.8620005452227584)^(X_4))),8,0.5726941375572252,0.6203909709036439,0.5726941375572252,0.6203909709036439,0.10432563167067521,0.10535613851781411
43,log(X_5 + sqrt((-941.2201715624434)(X_2))),7,0.4935020450968556,0.545591896455967,0.4935020450968556,0.545591896455967,0.22817940061908093,0.21322123639583712
44,3.27888659661917 + (0.2602712341473553)(X_0),5,0.6013159758939318,0.663974841946153,0.6013159758939318,0.663974841946153,0.05956203921973613,0.04250538066262288
45,log((-22.458700007094738)(X_2)),4,0.473775854645477,0.5245930900623798,0.473775854645477,0.5245930900623798,0.2590304989862561,0.24350287187984787
46,log(sqrt((-2)(X_4) + (-1064.0337436784855)(X_8))),9,0.5788515562679649,0.6321105125957578,0.5788515562679649,0.6321105125957578,0.09469563591446784,0.0884558022363845
47,log(X_2) + (54.7327268385074)((16.915254408494707 + log(X_2))^(-1)),9,0.4655532841656614,0.5174002175794964,0.4655532841656614,0.5174002175794964,0.2718903226470427,0.25387545870821926
48,log(X_8) + (0.16430562288364936)(sqrt(sqrt(-138914.79138875572 + X_4))),10,0.6108358950065167,0.674490327176805,0.6108358950065167,0.674490327176805,0.04467320593416968,0.0273413715887858
49,log(X_4) - (((171.52016133454836 + (log(171.52016133454836))((X_2)^(-1)))^(-1))(exp(sqrt((6.576714378031488e-06)^(X_4))))),16,10.001054833309064,10.045942602462851,10.001054833309064,10.045942602462851,-14.641313369574975,-13.486898268369005
50,log((-22.45869997874711)(X_2)),4,0.47377585464547683,0.5245930901302718,0.47377585464547683,0.5245930901302718,0.2590304989862563,0.24350287178194308
51,log((-17.217066642324298)(sqrt((X_2)(X_5 + X_8)))),9,0.4582085960360903,0.5016440293392536,0.4582085960360903,0.5016440293392536,0.283377167839992,0.2765969001066313
52,(2.4604132499306797)((0.28397417099026107 + X_4 + X_9)^(0.28397417099026107)),8,0.5349687112942408,0.5612775790001373,0.5349687112942408,0.5612775790001373,0.1633269294352725,0.1906014687663048
53,log(X_4) + (3.983807038857169)(sqrt(((X_4)^(-1))(sqrt(-0.491827457200837 + X_4)))),12,0.5711048159543436,0.6179116048555313,0.5711048159543436,0.6179116048555313,0.106811277200076,0.10893154454295395
54,log((-22.458700006390988)(X_2)),4,0.473775854645477,0.5245930900640652,0.473775854645477,0.5245930900640652,0.2590304989862561,0.24350287187741737
55,log(sqrt((1004.5327303580608)(X_2))),5,0.49210258213989966,0.5453489057137796,0.49210258213989966,0.5453489057137796,0.23036811361223009,0.21357164474491142
56,log(15.234160798625894 + (15.234160798625894)(X_8)),5,0.5768924272755634,0.6318867961894834,0.5768924272755634,0.6318867961894834,0.09775964776244928,0.0887784157478202
57,log(sqrt(((X_1)(2.1572137172742596 - ((X_4)^(X_4))))((X_8)(X_9)))),12,4.506079302960862,4.48112464733673,4.506079302960862,4.48112464733673,-6.04735646594257,-5.4620712523216115
58,4.4512712154754634 + log(X_4) - (sqrt(((X_2)^(-1))(X_4 + X_5))),12,0.4498521717133674,0.51895116564454,0.4498521717133674,0.51895116564454,0.29644633440885493,0.2516388913967256
59,exp((1.1832066941203445)((X_2)^(0.16400793377365122))),6,0.46696750726490077,0.5186889594772013,0.46696750726490077,0.5186889594772013,0.269678525287826,0.25201700963031404
60,log(sqrt((1004.5327141794763)(X_2))),5,0.49210258213989966,0.5453489059400326,0.49210258213989966,0.5453489059400326,0.23036811361223009,0.21357164441863985
61,log((22.883917720530913)(X_2)) + (-0.22686778355810783)(log(-3.5163742513052423 + X_4)),11,0.4505735598696576,0.5046362265571146,0.4505735598696576,0.5046362265571146,0.2953181075966136,0.27228195840236313
62,log(sqrt((125.03734509669448)(X_4) - ((-27.158743649907642)^(X_3)))),9,1.4915453885878582,1.382426455590552,1.4915453885878582,1.382426455590552,-1.3327268189897552,-0.993548263030336
63,2.9615873227687564 + (0.3582027449690618)(X_8 + ((sin(sqrt(exp((-0.8867219953649748)((X_6)^(-1))))))(sin(sqrt(exp((-0.8867219953649748)((X_6)^(-1)))))))(exp((-0.8867219953649748)((X_6)^(-1))))),16,0.5606963189729611,0.6155755509835416,0.5606963189729611,0.6155755509835416,0.12308981638474836,0.11230028515119206
64,(4.40115989841014 - ((4.40115989841014)^(-1)))(sin((X_8)^((4.40115989841014)^(-1)))),8,0.5822963734175123,0.6352281936678563,0.5822963734175123,0.6352281936678563,0.08930805776046136,0.08395990470720305
65,log(X_1 + sqrt((-958.637725711126)(X_8))),7,0.573643390101297,0.6245305938622762,0.573643390101297,0.6245305938622762,0.10284103262025901,0.09938653476391568
66,4.131438302970804 - (((X_4)^(-0.8547273372204942))((X_9)^(-1))),9,0.5538053036438243,0.5892523112998869,0.5538053036438243,0.5892523112998869,0.13386713257729554,0.15026009743376578
67,X_4 + (-0.3831828691603069)(-8.261147012245964 + X_4 + (sqrt(X_4))^(sqrt(X_4))),9,0.5778741168639091,0.6225458584826121,0.5778741168639091,0.6225458584826121,0.09622431826582223,0.102248651408677
68,log(((18.69971599745793)^((X_0)^(0.09733985755918972)))(X_2)),8,0.4582304113498026,0.4992994211857445,0.4582304113498026,0.4992994211857445,0.2833430494231134,0.2799779765414844
69,3.6345482491230516 + sin(4.35290169054611 + sqrt(X_2 + X_4)),9,0.45527593400798244,0.5113333542329861,0.45527593400798244,0.5113333542329861,0.2879637526106218,0.26262426761415947
70,130.74781421149643 + log(X_2) - (sqrt(16288.544190485552 + X_4)),9,0.47505928087998517,0.5257377665330083,0.47505928087998517,0.5257377665330083,0.257023263524071,0.24185217445538454
71,log((22.876789138241477)(X_2) - (sin(X_2))),6,0.4771862564302774,0.5275645415830311,0.4771862564302774,0.5275645415830311,0.2536967453051385,0.23921784681126812
72,4.156568633057859 + log(X_4) - (sqrt(((X_8)^(-1))(sqrt((X_4)^(1.9772577454969757))))),13,0.5367584055162732,0.5977043370922103,0.5367584055162732,0.5977043370922103,0.16052790786913795,0.13807173018338925
73,log(X_2) + (-0.17894999655096339)(-18.0774554539065 + log(X_2)),7,0.4655157755190649,0.5173889508518557,0.4655157755190649,0.5173889508518557,0.27194898490870034,0.25389170605738376
74,log(sqrt((-1067.1265952910678)(X_8))),5,0.5790592988408014,0.6323591721727473,0.5790592988408014,0.6323591721727473,0.09437073351806113,0.08809721906128065
75,log((-22.458699977420025)(X_2)),4,0.47377585464547695,0.5245930901334502,0.47377585464547695,0.5245930901334502,0.2590304989862562,0.24350287177735963
76,log(X_4) + (0.016523828796072455)(sqrt(34209.482399878914 - (X_1))),9,0.6246859653638526,0.6643883853990232,0.6246859653638526,0.6643883853990232,0.02301216174828624,0.04190902428588905
77,sqrt(X_4 + log((93892.56991477634)(X_8))),7,0.5695976276301087,0.6152536506488321,0.5695976276301087,0.6152536506488321,0.10916846904426103,0.11276448623077484
78,log(sqrt((1.289338018445866)((-0.06704476147305982 + ((-4.383360118509968)^(-1))(X_2))(sqrt(-4.383360118509968 + -0.06704476147305982 + ((-4.383360118509968)^(-1))(X_2) + sqrt(((-4.383360118509968)^(X_8))^(X_2 + ((-1)((-4.383360118509968)^(-1)))(X_2) - (-0.06704476147305982)))))))),24,inf,inf,inf,inf,-inf,-inf
79,log(X_4) + (-144343009.27624482)((-47227318.74602064 + log(X_4))^(-1)),9,0.624675526724464,0.6643750630201952,0.624675526724464,0.6643750630201952,0.023028487429181843,0.041928236016874454
80,log(sqrt(X_8 + (557.8419432836398)((2.0893772344253683)(X_4) - (sin(X_6))))),12,0.5662474769807597,0.6047274604414137,0.5662474769807597,0.6047274604414137,0.11440799197610496,0.12794393257272274
81,log((X_6)(-8.433443354582602 + (-8.433443354582602)(X_8))),7,0.5727926945611076,0.6178070424856384,0.5727926945611076,0.6178070424856384,0.10417149183160979,0.10908233023577352
82,log(X_4) + (2.730159072478324)(sqrt(-1.5411107447536219 + X_4)),8,2.0755446346063997,2.0281526261144207,2.0755446346063997,2.0281526261144207,-2.246081996700461,-1.9247271191895803
83,4.878530444180857 + ((-1)(sqrt(4.878530444180857)))((X_2 + log(sqrt(X_8)))^(-1)),12,0.4778251896206725,0.5276984811435964,0.4778251896206725,0.5276984811435964,0.2526974752861494,0.2390246973115343
84,log(26.774459621786786 + (X_2)(-25.298786193202446 + (X_4)((X_5)((X_9)^((-1)(X_9))) - (X_3)))),17,2.7249679507592197,3.1587106555633118,2.7249679507592197,3.1587106555633118,-3.261758219534836,-3.5550648393253237
85,log(sqrt((821.8571497705431)((X_8)^(X_5)))),7,0.5723545893516974,0.6155162000379077,0.5723545893516974,0.6155162000379077,0.10485667364327289,0.11238587304926728
86,log((X_4)(X_9)) + (-0.516568987976199)(-6.024992255495391 + log((X_4)(X_9))),9,0.5302532127882719,0.5630329761142229,0.5302532127882719,0.5630329761142229,0.170701810490816,0.1880700727173058
87,log((-22.458699730468563)(X_2)),4,0.473775854645477,0.5245930907248955,0.473775854645477,0.5245930907248955,0.2590304989862561,0.24350287092445733
88,log(sqrt((-950.4593406742207)(X_4))),5,0.5739682593027565,0.6182254466883026,0.5739682593027565,0.6182254466883026,0.10233294811628946,0.10847896434379967
89,log(X_4 + sqrt((950.384723867791)(X_8))),7,0.5706945933811057,0.622843017348179,0.5706945933811057,0.622843017348179,0.10745285150660977,0.10182012912606342
90,3.2832394729524643 + (0.11046071432160913)((X_2)(X_6)),7,0.5084159668615404,0.5300412067266295,0.5084159668615404,0.5300412067266295,0.20485452861519682,0.2356463356649342
91,1.881446956672254 + (0.9368327363905293)(sqrt(X_4 + X_6)),8,0.5461281479665729,0.5719305810757105,0.5461281479665729,0.5719305810757105,0.14587394583212976,0.1752391515175763
92,(2)(sqrt(sqrt(-3.6909732411065903 + X_4))),7,3.8363824350523243,3.950173769203243,3.8363824350523243,3.950173769203243,-4.999973090071762,-4.696405783046951
93,log(sqrt((117.37077496767463)((X_2)((X_4)(X_1 + X_8))))),11,0.42615820962802886,0.4797403832448221,0.42615820962802886,0.4797403832448221,0.3335028941538619,0.3081833728980041
94,sqrt(-10.030106221750618 + (-0.9468314671579461)((X_1)(X_9))),8,0.5411423028404984,0.5537586663643648,0.5411423028404984,0.5537586663643648,0.15367163990829547,0.20144422655953442
95,log(((X_0)^(-1))(log((exp(((-513.8753219671579)^(-1))((exp(X_2))^(-1)) + exp(X_2)) - (X_3))^(X_0) + sqrt(X_5))) + sqrt((-513.8753219671579)(X_8))),24,0.47894483682500383,0.5310166616991217,0.47894483682500383,0.5310166616991217,0.2509463847183837,0.23423966657363327
96,(-0.00012785540341824997)(-18334.338382590326 + X_4) + sqrt(X_2),8,0.4712622226195819,0.5237356231961288,0.4712622226195819,0.5237356231961288,0.26296173492767694,0.24473939449912196
97,((2)(2.200579947085465) - (((2)^(-1))((2.200579947085465)^(-1))))(sin((X_8)^(((2)^(-1))((2.200579947085465)^(-1))))),12,0.5822963734175123,0.6352281936104135,0.5822963734175123,0.6352281936104135,0.08930805776046136,0.08395990479003934
98,log(sqrt((-896.5618648556916)(X_8)) + (X_4)(sqrt(X_9))),10,0.5611574876071602,0.6127241138477317,0.5611574876071602,0.6127241138477317,0.12236856415246355,0.11641224172309195
99,log(X_4) + (0.14330645853841312)(sqrt(sqrt(206865.95457967304 + X_4))),9,0.6246772277644179,0.664376811848825,0.6246772277644179,0.664376811848825,0.023025827059909187,0.04192571409300416
100,3.800599772949427 - ((X_0)(((34905673.79072309 + log((X_0)(sqrt(X_8))))^(-1))(sqrt(X_8)))),13,0.6393999611089054,0.6934516716296233,0.6393999611089054,0.6934516716296233,-3.268548987023223e-08,-2.112142859056476e-06
101,log(sqrt((577.0778709394547)((X_0)(X_8)))),7,0.5619295835301246,0.6314017620235494,0.5619295835301246,0.6314017620235494,0.1211610320987212,0.08947786635157406
102,(0.19918249556245696)(X_4) + (2.424529113845536)(sqrt(sqrt(X_1 + X_5))),11,0.5325425550928106,0.5396845480545722,0.5325425550928106,0.5396845480545722,0.16712135612951673,0.22174001444517988
103,log(sqrt((1004.5327303575101)(X_2))),5,0.49210258213989966,0.5453489057137872,0.49210258213989966,0.5453489057137872,0.23036811361223009,0.2135716447449003
104,log(6.992569140669922 + (18.550859733790066)(X_2)),6,0.465965950882337,0.5176253393539297,0.465965950882337,0.5176253393539297,0.271244925782382,0.2535508185651021
105,log(X_3 + sqrt((-974.8127135845378)(X_8))),7,0.5790582323297288,0.6304177028169343,0.5790582323297288,0.6304177028169343,0.09437240150550619,0.09089694330437181
106,log((-4.9352370704646)((-4.9352370704646)(X_2) + ((X_7)^(-1))((X_7 + sin(X_2))((sin(X_2) + sqrt((X_2)^(X_2)))^(-1))))),17,0.49040200408830203,0.5398137289549029,0.49040200408830203,0.5398137289549029,0.23302776048526475,0.2215537272409459
107,1 + 4.541662920507668 + (1 + 4.541662920507668)^(-1) - (sqrt(X_5 + X_8 - (4.541662920507668 + exp(1)))),15,0.5529251388961581,0.592105004610143,0.5529251388961581,0.592105004610143,0.1352436806379308,0.14614632937715688
108,log(X_4) + (2.822006946057314)(sqrt(sqrt(((0.999567543116358)^((X_2)^(X_2)))((X_2)((sqrt(X_4))^(-1)))))),16,0.4382417682807086,0.5036754039667393,0.4382417682807086,0.5036754039667393,0.31460461485669033,0.2736675266533013
109,(exp(sqrt(((-572.7040975055331)^(-1))((X_0)(X_0)))))(log(sqrt((-572.7040975055331)(X_8)))),13,0.5581611672611332,0.6213470263997379,0.5581611672611332,0.6213470263997379,0.1270547083911444,0.10397744472481618
110,log(sqrt((590.7481100172386)((X_6)(X_8)))),7,0.5332513400293647,0.5783759999077343,0.5332513400293647,0.5783759999077343,0.16601284032902797,0.1659444411442892
111,sqrt((-10.035671152222548)(sqrt(X_2))),5,0.4695945301555033,0.5209008814649158,0.4695945301555033,0.5209008814649158,0.26556994984795257,0.24882727521895753
112,log(13.538853241408766 + sqrt(13.538853241408766 - (X_1)) + (X_2)(13.538853241408766 + sqrt(13.538853241408766 - (X_1)) - (X_1)) - (X_1)),12,0.4887893814216551,0.5464870210308312,0.4887893814216551,0.5464870210308312,0.2355498480946533,0.21193040892780057
113,log((X_2)(sqrt((255.6679420642799)(X_9)))),7,0.45714384748015074,0.5003368871601165,0.45714384748015074,0.5003368871601165,0.28504239876821225,0.27848188357914383
114,2.1062283862849873 + sqrt((1.3537866098179576)(X_2)),6,0.4678261312605992,0.5194904553621462,0.4678261312605992,0.5194904553621462,0.26833566623873584,0.250861200782186
115,log((-7.728035786503827)(X_4 + (X_6)(X_8))),8,0.5007063299935405,0.549829192907123,0.5007063299935405,0.549829192907123,0.21691214135984338,0.2071107811553533
116,(0.720862012329962)(log((71.4601251507011)((X_2)(sqrt(X_8))))),9,0.4483846111862032,0.49685535851356083,0.4483846111862032,0.49685535851356083,0.29874154971131905,0.2835024728176987
117,(-4.14113008109645)(((-0.48568478363185547)^(X_9) + log((-0.48568478363185547)^(X_9)))^(-1)) + log(X_4),12,1.5513343566442257,1.6439216309766704,1.5513343566442257,1.6439216309766704,-1.426234754002619,-1.3706412002883375
118,log(((-0.0011617278038120898)^(-1))((-0.0011617278038120898)(X_4) - (sqrt((-0.0011617278038120898)(X_4))))),9,0.5738352785535127,0.6176596407053958,0.5738352785535127,0.6176596407053958,0.10254092553524286,0.10929489312603213
119,log((-21.24976176156569)(X_4)),4,0.6246755126453549,0.6643750491823822,0.6246755126453549,0.6643750491823822,0.02302850944843493,0.04192825597189476
120,log(-28.34559206337867 + X_4 + sqrt((-2606.473475787562)(X_2))),9,0.45619635998425234,0.5097680383715556,0.45619635998425234,0.5097680383715556,0.28652423734265364,0.26488155421629955
121,4.489895305345619 - (sqrt(((X_6)^(-1))(sqrt((4.113970742014356)(((X_4)^(X_8))^((-1)(X_5))))))),16,0.509089909013207,0.5504526970730961,0.509089909013207,0.5504526970730961,0.20380050575832043,0.20621164786544754
122,0.1458408332625711 + (3.2709114834098845)((X_4)^(0.1458408332625711)),6,0.5744176832594516,0.6175484571072644,0.5744176832594516,0.6175484571072644,0.10163006416458364,0.1094552270577478
123,log(sqrt((-821.8571497676314)((X_8)^(X_5)))),7,0.5723545893516974,0.6155162000378349,0.5723545893516974,0.6155162000378349,0.10485667364327289,0.11238587304937231
124,log(sqrt(X_2 + (-0.095014807654922)((X_4)((X_7)(X_8))) - (X_5))),13,16.724075976577204,17.155796707381477,16.724075976577204,17.155796707381477,-25.1558923059792,-23.73976723216844
125,(1.1981662211027568)^(X_5) + (-0.3031944073440241)(-6.077835867286048 - (X_9)),9,0.564431050956635,0.5906874906856796,0.564431050956635,0.5906874906856796,0.11724882118157642,0.14819047603718882
126,log(-53.590670302309064 + (38.501157864729535)(((X_7)^(-1588.2359950761224))(X_8))),10,0.6681466922753224,0.6659548078760037,0.6681466922753224,0.6659548078760037,-0.044958953321272865,0.03965014187263105
127,log(sqrt((473.34083813944324)((X_6)((X_8)((sin((X_5)^(X_5)))^(-1)))))),13,0.5260153218846613,0.5684937210670648,0.5260153218846613,0.5684937210670648,0.17732972932080526,0.1801953256943697
128,log(X_4) + (2.5994376092827016)((sqrt(129699.4133578431 + X_4))^((0.012693559916967872)(X_9))),12,0.5925078671126104,0.621928748611326,0.5925078671126104,0.621928748611326,0.07333762508924868,0.10313856371252972
129,sqrt(0.9655798731883456) + ((2)(0.9655798731883456) + (0.17282546147217293)(X_1))(sqrt(sqrt(X_4))),13,0.5522633182115521,0.5781384216483315,0.5522633182115521,0.5781384216483315,0.13627874592803546,0.16628704434350516
130,4.392047007008512 + log(X_4) - (sqrt(sqrt((sqrt(X_4))^(2.946249885567486)))),10,0.5727617730065282,0.618379596294456,0.5727617730065282,0.618379596294456,0.10421985210291229,0.10825667065262268
131,log((1.8298427368768873 + (2)(X_6))(X_9 + sqrt((-33.39851637390343)(X_8)) - (X_6))),14,0.5061643868823115,0.5439050982337708,0.5061643868823115,0.5439050982337708,0.2083759239698636,0.2156537084107808
132,log(X_4) - ((231982866.9245917 + X_4)((-75902041.45078517 + X_4)^(-1))),10,0.6246755373363383,0.6643750722808456,0.6246755373363383,0.6643750722808456,0.023028470832567427,0.04192822266241836
133,log(sqrt(X_1 + (-1065.8896537480848)(X_8) - (X_2 + X_8))),10,0.5789393460682284,0.6322610100407217,0.5789393460682284,0.6322610100407217,0.09455833561970295,0.08823877519759704
134,(1.3628850263143855)(sqrt(X_4 + sqrt((14.103731600897914)(X_1)))),9,0.5503633182077003,0.5665072081956994,0.5503633182077003,0.5665072081956994,0.1392502820267536,0.1830600055970023
135,2.6473768978842647 + log(0.15566684682458487 + ((-1.2711238678714118)^(X_2))(X_8)),10,0.5266736200360544,0.5855209540709558,0.5266736200360544,0.5855209540709558,0.1763001731541639,0.1556409556287165
136,log(X_6 + sqrt((X_4)(-2.4505438425619963 + X_8 + X_9 - (X_3)) - (X_6))),14,7.318296303793706,7.508949103163714,7.318296303793706,7.508949103163714,-10.445569265133754,-9.82838973549627
137,0.46713282088433594 + (2.7837935393152162)(sqrt(sqrt(X_2))),7,0.46624638208588615,0.5179701103203478,0.46624638208588615,0.5179701103203478,0.2708063408124536,0.25305363655699853
138,log(sqrt((-1 + (X_2)(-286.35180570349377 + X_2))((X_7)(X_8)))),12,0.4591891546380147,0.5021175694228188,0.4591891546380147,0.5021175694228188,0.28184360716808665,0.27591402471224835
139,log(sqrt((477.24202464024034)((X_2)(X_4)))),7,0.4464585763445478,0.5030440387026812,0.4464585763445478,0.5030440387026812,0.3017538034206695,0.2745779961545255
140,log(sqrt((-1067.1265952910678)(X_8))),5,0.5790592988408014,0.6323591721727473,0.5790592988408014,0.6323591721727473,0.09437073351806113,0.08809721906128065
141,log((-23.8009165522339)(sqrt((X_7)(X_8)))),7,0.5677553594147718,0.6035775908636338,0.5677553594147718,0.6035775908636338,0.11204971456757518,0.12960211879320793
142,(1.6327239266121865)^((-0.6666321520950804)^((1.6327239266121865)((sqrt(X_7))^(-1)) - (X_0))),11,inf,inf,inf,inf,-inf,-inf
143,log(sqrt((-774.8356400394134)((X_5)(X_8)))),7,0.552687036042546,0.5883587745041701,0.552687036042546,0.5883587745041701,0.13561606549228977,0.15154863522169015
144,log(log((((X_2)^(-1))(exp(X_2)))^(-32.061850211724234 + log(((X_2)^(-1))(exp(X_2)))))),11,0.4853170134250744,0.5374402756801823,0.4853170134250744,0.5374402756801823,0.24098051484673555,0.2249764002041753
145,log(sqrt((-477.8602664254864)((X_2)(X_4)) + X_7)),9,0.44641813210098785,0.5030618271393684,0.44641813210098785,0.5030618271393684,0.3018170568572379,0.2745523440795695
146,log(sqrt((526.1625577108337)((X_4)(X_6)))),7,0.5422958113755121,0.5730423982784755,0.5422958113755121,0.5730423982784755,0.15186759135828265,0.17363583928030246
147,log((22.458699830539924)(X_2)),4,0.473775854645477,0.5245930904852258,0.473775854645477,0.5245930904852258,0.2590304989862561,0.2435028712700763
148,sqrt(19.097811686550525 + (-15.80324426067213)((exp(X_4))^(-1)) - (X_9)),11,0.6252515444864387,0.6839784548923187,0.6252515444864387,0.6839784548923187,0.022127615024055025,0.013658878425999776
149,2.3655432136698145 + (0.3291511108539641)(X_8) + sin(exp(X_6)),9,0.5272627718258295,0.5942713608302544,0.5272627718258295,0.5942713608302544,0.17537875957132598,0.14302230374653968
150,(0.08405701854027789)(0.08405701854027789 + X_2 + (X_9)^(log(X_9))) + (2.3826366340516243)(sqrt(sqrt(0.08405701854027789 + X_2 + (X_9)^(log(X_9))))),13,0.4507811176063121,0.49014835790008066,0.4507811176063121,0.49014835790008066,0.2949934942777783,0.2931744010197924
151,log(sqrt((X_8)(649.0064977785049 + (X_8 + X_9)^(4.0593774611242734)))),10,0.5444819353576442,0.5947036726556365,0.5444819353576442,0.5947036726556365,0.14844856698143516,0.14239888216408048
152,log(sqrt((-481.7709299340015)((X_4)(X_9)))),7,0.5303814262630715,0.5627592693360663,0.5303814262630715,0.5627592693360663,0.17050128892874405,0.18846477557471064
153,log(3.398231345312483 + (-2.89175768000439)(X_8)) + ((3.398231345312483)(log(3.398231345312483)))((sqrt(X_8))^(-1)),13,0.5766615999842589,0.6301598875713954,0.5766615999842589,0.6301598875713954,0.09812065388207569,0.09126872954504184
154,log((-21.6228641113422)(X_2) - (X_7)) + (-1.168571008162104)((X_4)(sqrt(exp((-7.528552806823145)(X_8))))),16,0.4666800819036632,0.5164478428510628,0.4666800819036632,0.5164478428510628,0.27012804888512765,0.2552488445964485
155,(1.3599557278274328)(sqrt(5.49899570119558 + X_4) - (1.616555068834226e-11)) + sqrt((1.616555068834226e-11)(((X_4)(X_4))((sqrt(5.49899570119558 + X_4))^(-1)))),15,0.5790338373572921,0.6189105577467796,0.5790338373572921,0.6189105577467796,0.09441055442186197,0.10749098993468276
156,3.4151697214248697 - ((X_4)((-9.016370955096948 + X_4)^(-1))),8,0.5845909507891316,0.6226816754142404,0.5845909507891316,0.6226816754142404,0.08571941593033183,0.10205279461857963
157,log(sqrt((1067.1265960219894)(X_8))),5,0.5790592988408014,0.6323591721800897,0.5790592988408014,0.6323591721800897,0.09437073351806102,0.08809721905069223
158,log(-1.5200673444181823) + ((-1)((log(log(-1.5200673444181823)) + log(log(log(-1.5200673444181823))))^(-1)))(sqrt(sqrt(-44.08581549165487 + X_2))),15,1.3953216404543944,1.4497964845917968,1.3953216404543944,1.4497964845917968,-1.1822361134355912,-1.0907001974081845
159,(-3.457258458488382)(((-2.268595032896779)((X_2)^(-1)) + log((-2.268595032896779)((X_2)^(-1))))^(-1)) + log(X_4),13,0.561668758593114,0.6294815008580843,0.561668758593114,0.6294815008580843,0.12156895352724817,0.09224700701399158
160,log(sqrt((-1067.1265952910678)(X_8))),5,0.5790592988408014,0.6323591721727473,0.5790592988408014,0.6323591721727473,0.09437073351806113,0.08809721906128065
161,log(sqrt((930.0860483454147)(X_8) - ((X_6)(X_3 - ((X_6)^((2)(X_1))))))),14,0.5608674729264205,0.5955781141918942,0.5608674729264205,0.5955781141918942,0.12282213735837366,0.1411378809739784
162,log((-9.058004786485629)^(X_5) + sqrt((5.9542596676226784e-09)(X_8))),9,1.8885336500496919,1.830141726683718,1.8885336500496919,1.830141726683718,-1.9536031070475404,-1.6391826093714994
163,log(-5.333934624682133 + (-18.34541008953473)(X_2) - (X_8)),8,0.4609757588105446,0.51183976827143,0.4609757588105446,0.51183976827143,0.27904941833543884,0.2618939858529624
164,log(sqrt((-566.4836287263869)((X_7)(X_8)))),7,0.5677553594147718,0.6035775908636336,0.5677553594147718,0.6035775908636336,0.11204971456757518,0.12960211879320827
165,log(sqrt(((X_1)(X_4))((X_8)((X_0)((X_1)^(-1)) + (125.0465116284915)(X_9))))),16,0.481925333426549,0.5093127836214678,0.481925333426549,0.5093127836214678,0.24628498828383416,0.2655380609784521
166,log(sqrt((-1067.1265952910678)(X_8))),5,0.5790592988408014,0.6323591721727473,0.5790592988408014,0.6323591721727473,0.09437073351806113,0.08809721906128065
167,log(sqrt((-1063.9727894627633 - (X_3))(X_8) - (X_3))),8,0.5790391248916887,0.6322805799664045,0.5790391248916887,0.6322805799664045,0.09440228489591396,0.08821055410041312
168,log((-0.7108229506630771)(X_2) + X_8) - (((-41.84271197177712)^((-1)(X_3)))(log((-0.7108229506630771)(X_2) + X_8) - (sqrt(-0.7108229506630771 + (X_2)(sqrt(X_2)))))),18,21.171236313543357,20.191846848264102,21.171236313543357,20.191846848264102,-32.11110149087045,-28.117947684628042
169,log((21.197273459599344)(X_2) + X_9),6,0.4647619621315727,0.5152450880745859,0.4647619621315727,0.5152450880745859,0.2731279236919052,0.2569832946901951
170,log(sqrt(((X_5)^(1 + X_8))((X_8)((sin(((X_5)^(X_8))((-771.8323196243155 - (sqrt((X_8)^(X_8))))^(-1))))^(-1))))),19,0.5525218486753746,0.5882455852146453,0.5525218486753746,0.5882455852146453,0.13587441297839886,0.15171186148997617
171,-3.4177235888445825 + (6.843004226758228)(sqrt(sqrt(-3.4177235888445825 + X_4))),8,2.493081905971594,2.6842248281608003,2.493081905971594,2.6842248281608003,-2.89909624507244,-2.870825621227671
172,log(sqrt(X_4)) - (-5.429846355234401 + sin(sin(X_2)) + log(-5.429846355234401 + sin(sin(X_2)))),12,0.5179506576381037,0.580420664888787,0.5179506576381037,0.580420664888787,0.1899425929440196,0.16299590214246906
173,(-0.6024712563655532 + (0.45566844637344506)((X_6)^(-1)))^((sqrt((-0.6024712563655532)^(X_4)))^(-3.1205708259686595)),13,inf,inf,inf,inf,-inf,-inf
174,log(sqrt((1003.1914899571788)(X_2) + X_4)),7,0.49208022925570155,0.5453331868068007,0.49208022925570155,0.5453331868068007,0.23040307277126715,0.21359431242432236
175,log((26.127557441752675)(X_2)) - (((exp((X_4)(X_8)))^((-1)(exp((-1.4269120468550678)(((X_2)^(-1))(sin(X_2)))))))(sqrt(-1.4269120468550678 + X_4))),21,0.4815679183840783,0.5335679614795353,0.4815679183840783,0.5335679614795353,0.24684397338845177,0.23056052745911115
176,log(sqrt(((703.4830631126308)(X_2) + (-408.5731969243168)((X_6)^(-1)))(X_8))),13,0.44493559553631,0.4899977756615615,0.44493559553631,0.4899977756615615,0.30413569417864805,0.2933915503363649
177,2.252306634820225 + ((1.9277743718475557)((sin(-2.9595871998804304 - (exp(X_1))))^(X_1)))^(X_9),12,0.539130262739857,0.5514977659038227,0.539130262739857,0.5514977659038227,0.15681840294987637,0.20470459109304784
178,log((-22.458699982665006)(X_2)),4,0.47377585464547695,0.5245930901208885,0.47377585464547695,0.5245930901208885,0.2590304989862562,0.24350287179547436
179,log(((-0.8519301780493215)^(-1))(X_6) + sqrt((-0.8519301780493215)(X_9))),10,17.652788134893857,18.12147554220489,17.652788134893857,18.12147554220489,-26.60836688395917,-25.13233850134673
180,3.0869154025585956 - ((((-7.621102573332993 + X_0)((X_9)^(-1)) + ((X_9)^(-144.44449956253487))(log((-7.621102573332993 + X_0)((X_9)^(-1)))))^(-1))(sqrt((X_8)^(1.5285847996669504)))),20,0.5126111425759439,0.5657005762858612,0.5126111425759439,0.5657005762858612,0.19829341490438412,0.18422322092484833
181,3.0634351639622475 + sqrt(X_4) - (sqrt(sqrt((log((-2.494292020289497)(X_9)))^(-2.9263617871680396)))),13,0.548011263341362,0.5753221602666039,0.548011263341362,0.5753221602666039,0.14292881672534397,0.1703482752054276
182,log(sqrt((300.9482784320113)((X_2)(X_0 + X_5)))),9,0.4681980587772624,0.5109241623293563,0.4681980587772624,0.5109241623293563,0.2677539841126143,0.26321434877574923
183,log(X_4) + (2.0554784165528663)(sqrt((-2.32703162857377)(((X_4)^(-1))(X_9)) + (exp(((-2.32703162857377)((2)^(-1)))((X_9)^(-1))))^(((-2.32703162857377)((2)^(-1)))((X_9)^(-1))))),20,1.6703993573720741,1.6534263619427567,1.6703993573720741,1.6534263619427567,-1.6124484103391832,-1.384347636411131
184,log(X_6) + (2.2202934008089557)(sqrt(sqrt(X_2 + X_4))),10,0.5398355684694071,0.5531806183075126,0.5398355684694071,0.5531806183075126,0.15571532851211733,0.20227780920331662
185,(0.7077703105633143)(log(29.68312603873711 + (-125.20565406476881)(X_2))),8,0.465393177085513,0.5174556891481141,0.465393177085513,0.5174556891481141,0.2721407247351253,0.2537954651224352
186,log(sqrt((535.8226652123693)((X_2)(X_8)))),7,0.46355758984583084,0.5138938720385661,0.46355758984583084,0.5138938720385661,0.27501152143723295,0.2589318355118011
187,(0.5316962956733126)(log(X_4)) + (0.09467817142547168)(sqrt(sqrt(-1672543.4282651735 + exp(X_6)))),13,0.5737359853197948,0.6175494565500941,0.5737359853197948,0.6175494565500941,0.10269621681300778,0.10945378579661658
188,3.850233306113364 + (-0.4053820257207833)^(X_4),5,0.5853381589186216,0.6472031446046287,0.5853381589186216,0.6472031446046287,0.08455080754847166,0.06669125179381674
189,(0.8210500034490246)(log((51.420077067608275)(X_2))),6,0.465515775519065,0.5173889514266963,0.465515775519065,0.5173889514266963,0.27194898490870023,0.2538917052284264
190,log(sqrt((X_2)((-252.448231848291 - (X_6))(X_3 + X_9)))),11,0.4541644242550553,0.49814676062671126,0.4541644242550553,0.49814676062671126,0.28970211647809785,0.2816401875372532
191,3.133564863171079 + (0.326900981825764)(X_8),5,0.5750078924398256,0.629389095686461,0.5750078924398256,0.629389095686461,0.10070699685841489,0.09238026124146959
192,sqrt(-12.08899071665486 - (X_4)),4,0.5918273750823657,0.6374797937471011,0.5918273750823657,0.6374797937471011,0.07440189173591338,0.08071295192438765
193,4.42830924669274 + (-0.5384621456688046)(sqrt(-3.836996581541788 + X_4)),8,0.5843292037477453,0.6222887391607148,0.5843292037477453,0.6222887391607148,0.08612877949908704,0.10261943408249452
194,log(-6.96060875077869 + X_7 + X_9 + sqrt((X_4)(1057.9962732640984 + exp(X_3)))),14,0.5633812570784721,0.6039746352909448,0.5633812570784721,0.6039746352909448,0.11889066349676103,0.12902955507727876
195,2.2421450211502667 + log(((X_2)^(-1))(exp(X_2))),8,0.5222816543103748,0.5697067634906284,0.5222816543103748,0.5697067634906284,0.18316905982349718,0.17844604014887255
196,log(sqrt((1067.1265944722743)(X_8))),5,0.5790592988408014,0.6323591721645222,0.5790592988408014,0.6323591721645222,0.09437073351806102,0.08809721907314172
197,log(16.135917884165327 + (16.135917884165327)(X_8) - (X_4)),7,0.5875488788043511,0.6439791418528912,0.5875488788043511,0.6439791418528912,0.08109331600569147,0.07134047205413485
198,log(sqrt((X_4)(-1.5486046066986419 + exp(log(-1.5486046066986419)) + log(-1.5486046066986419) + ((-1)(sqrt(-1.5486046066986419)))(((X_2)^(-1))(((sin((sqrt(-1.5486046066986419))((X_2)^(-1))))^(-1))(sin(X_4))))))),22,14.661411533073345,14.698357748818903,14.661411533073345,14.698357748818903,-21.929954494932424,-20.195981486797486
199,log(7.728934429401231 + X_8) + (0.06837156457008059)((7.728934429401231 + X_8)(log(7.728934429401231 + X_8))),8,0.5750347774672446,0.6294218436167316,0.5750347774672446,0.6294218436167316,0.10066494957982075,0.09233303661028214
200,(log(-31.419228662744224))((((X_8)^(0.006480791017654798))^((log(-31.419228662744224))(log(-31.419228662744224))))^(X_6)),10,0.5444813118832887,0.5821991895233681,0.5444813118832887,0.5821991895233681,0.14844954207435623,0.16043115471472158
201,(-1 + 5.2646969019555785)(sin((X_0)^((1 + 5.2646969019555785)^(-1)))),10,0.6051068371449412,0.6663774714621206,0.6051068371449412,0.6663774714621206,0.05363325973038324,0.039040633674533365
202,(log(-54.49885490569453))((X_8)^((log(-54.49885490569453))((-54.49885490569453)^(-1)))),8,0.7143432199835501,0.7733438359539693,0.7143432199835501,0.7733438359539693,-0.11720876881714126,-0.1152117746709802
203,log(sqrt((277.09027483971266)((X_1)((X_7)(X_8))))),9,0.5397747506407139,0.5615972195380752,0.5397747506407139,0.5615972195380752,0.15581044555056012,0.19014052645966473
204,sqrt(12.423316083532647 + X_7),4,0.6304715262511907,0.6756559785539074,0.6304715262511907,0.6756559785539074,0.013963739120283258,0.0256604269940669
205,(1.0279809825793904)^(1.0279809825793904 + X_4) + (2.012856635749735)(sqrt(sqrt(1.0279809825793904 + X_4))),9,0.5770881421365136,0.6185690606365851,0.5770881421365136,0.6185690606365851,0.09745355630287567,0.10798345083059868
206,log(((-1)((8.832701919166956)(8.832701919166956)))(X_8) + (20.861374228671608)((X_6)(sqrt((8.832701919166956)(X_8)))) - (X_1)),16,1.2847079525592355,1.0735026129751588,1.2847079525592355,1.0735026129751588,-1.009240026105862,-0.5480601234160734
207,log(sqrt((1004.5327303580525)(X_2))),5,0.49210258213989966,0.5453489057137797,0.49210258213989966,0.5453489057137797,0.23036811361223009,0.21357164474491108
208,3.8005997001499248,1,0.6393999402098051,0.6934516520121019,0.6393999402098051,0.6934516520121019,0.0,-2.0838531258338122e-06
209,sqrt(X_2) + (1.9144581894244599)(sqrt(-3.418941202237796 + X_4 + X_8)),11,0.9023071585400003,0.9040204129677509,0.9023071585400003,0.9040204129677509,-0.41117804647264733,-0.30365584131269396
210,log(X_4) + (0.14330645853841312)(sqrt(sqrt(206865.95457967304 + X_4))),9,0.6246772277644179,0.664376811848825,0.6246772277644179,0.664376811848825,0.023025827059909187,0.04192571409300416
211,log((11.625116009682303)(X_6 + X_8)),6,0.5404689046887177,0.581986990855149,0.5404689046887177,0.581986990855149,0.15472481196764798,0.16073715890375806
212,log(sqrt((X_8)(-1056.4515864315665 - (exp(X_7))))),8,0.5786206745684265,0.6314831615425236,0.5786206745684265,0.6314831615425236,0.09505672712674207,0.08936048298625554
213,log((2)(X_8) + sqrt((X_0)((-450.7264398563409 + (sin(-450.7264398563409))((X_6)^(-1)))(X_9)))),17,0.5451909099297805,0.6004588406729917,0.5451909099297805,0.6004588406729917,0.14733975459727433,0.1340995580604014
214,3.800599734337523 - ((X_2)((58432547.52785556 + (log(58432547.52785556))((X_8)^(-1)))^(-1))),12,0.6393999547783545,0.6934516664599246,0.6393999547783545,0.6934516664599246,-2.2784721220858728e-08,-2.104687819581841e-06
215,2.437118599010719 + (X_4)^(0.3931069207131396),5,0.5757893106865193,0.6178194950557653,0.5757893106865193,0.6178194950557653,0.09948488500392016,0.1090643728251306
216,1.642880399786355 + (1.7786381277683554)(sqrt(sqrt(X_4))),7,0.5749580757381705,0.6175309210064784,0.5749580757381705,0.6175309210064784,0.10078490850419752,0.10948051524803137
217,log(-125.95354411031359) + (-0.12991498908060192)(sqrt((-125.95354411031359)((X_4)^(-1)))),10,0.5721318279992441,0.6184822058966157,0.5721318279992441,0.6184822058966157,0.10520506490583725,0.10810870097703629
218,3.4284726921186652 + log(sqrt(X_4)),5,0.5739682593027565,0.6182254466883026,0.5739682593027565,0.6182254466883026,0.10233294811628946,0.10847896434379967
219,log(sqrt((X_2)(-1004.6943473002005 + (X_2)^(-1004.6943473002005)))),7,0.4920329406369926,0.5452812302326484,0.4920329406369926,0.5452812302326484,0.23047703058035518,0.21366923716099473
220,log(sqrt((477.2420122734071)((X_2)(X_4)))),7,0.44645857634454794,0.5030440390621488,0.44645857634454794,0.5030440390621488,0.30175380342066926,0.27457799563614993
221,4.119030346266322 + ((4.119030346266322 + (-2.972684816884772)((-2.972684816884772 + X_8)^(-1)))^(-1))(sin(X_5)) - (exp(((-2.972684816884772)^(-1))(((-2.972684816884772 + X_8)^(-2))(sqrt(-2.972684816884772 + X_8) - (-2.972684816884772 + X_8))))),22,0.5750076668937812,0.6276451059308213,0.5750076668937812,0.6276451059308213,0.10070734960484196,0.09489520714259725
222,(4.401159897976796 - ((4.401159897976796)^(-1)))(sin((X_8)^((4.401159897976796)^(-1)))),8,0.5822963734175123,0.6352281936619844,0.5822963734175123,0.6352281936619844,0.08930805776046136,0.08395990471567072
223,log(sqrt((-247.29299249148804)((X_0 + X_1)(X_2)))),9,0.45697629292957836,0.5014365419789043,0.45697629292957836,0.5014365419789043,0.28530444844953917,0.2768961102853371
224,log(sqrt(-185.55000935092397 + (X_8)(1179.3017804342492 - (X_8)))),8,0.5784928880055805,0.6323594508757541,0.5784928880055805,0.6323594508757541,0.09525658101287782,0.08809681715353868
225,log(X_8) - ((1.0329814887503388 + X_4)((-0.8737621996721111 + (log(-0.8737621996721111))(X_5))^(-1))),14,1.2711841876540022,1.3898508869362243,1.2711841876540022,1.3898508869362243,-0.9880893126716446,-1.0042547726991127
226,log(-4.628668722482292 + (-4.628668722482292)(X_8)) + sqrt(X_5),8,0.5494587553574377,0.5854716405346507,0.5494587553574377,0.5854716405346507,0.14066498789920923,0.15571206893405531
227,log((11.138491133787324)(X_2 + X_8)),6,0.46374625725573465,0.5159020247329984,0.46374625725573465,0.5159020247329984,0.2747164519540517,0.25603594958622744
228,(sin((log((-4.561716073511155)((X_2)^(-1))))(((-4.561716073511155)((X_2)^(-1)) + log((-4.561716073511155)((X_2)^(-1))))^(-1))))^(-0.7084468881669368) + sin(sqrt(-1.3718493342934268 + X_4)),18,inf,inf,inf,inf,-inf,-inf
229,log(X_4) - ((300704943.42608225 + X_4)((-98387086.92190257 + log(X_4))^(-1))),10,0.6246755240994433,0.6643750602191245,0.6246755240994433,0.6643750602191245,0.02302849153462594,0.04192824005619933
230,log(sqrt((217.88350377594506)((X_2)((1.296716236389899 + X_2)(sqrt(X_0)))))),11,0.44806025766209606,0.4945664345411942,0.44806025766209606,0.4945664345411942,0.29924882771325423,0.2868032490657709
231,log(7.155785085742754) - ((7.155785085742754 + X_8)((-6.4571823721775425 + sqrt(X_8))^(-1))),11,0.574925114357366,0.629306192905831,0.574925114357366,0.629306192905831,0.10083645899510574,0.0924998124072165
232,log((2.187300909772577)^(X_1) + (19.103888115988763)(X_2)),8,0.4621578551789169,0.5069697762083474,0.4621578551789169,0.5069697762083474,0.27720065937561733,0.26891682904224634
233,log(X_4) - (((27.033831680658526 + log(sqrt(-3.000000942485327 + X_4)))^(-1))(sqrt(sqrt(-3.000000942485327 + X_4)))),13,10.156858597415315,10.199250515296463,10.156858597415315,10.199250515296463,-14.884985216111476,-13.707978183399778
234,log(sqrt((3.7880035197502027 + X_3 - (((X_1)^(log(X_7)))^((X_1)^(log(X_7)))))((X_4)(X_8)))),15,7.372501579971537,7.062622404969868,7.372501579971537,7.062622404969868,-10.530344493858433,-9.184757800987093
235,log((-1.2154933810375894)(-1.8818089880798747 + (2)(X_2)) + X_4) + (0.8514768358061295)(X_1 + sqrt(X_4)),16,1.3541186327563464,1.4494057133670475,1.3541186327563464,1.4494057133670475,-1.1177959952764804,-1.09013668005564
236,(2.5002561635621734 - ((2.5002561635621734)^(-1)))((X_2 + X_4)^((2.5002561635621734)^(-1))),9,0.46214431722135124,0.5298034453079341,0.46214431722135124,0.5298034453079341,0.27722183228589503,0.23598920299168358
237,2.34435793331591 + sqrt(X_2),4,0.4712150439830686,0.5236678808763202,0.4712150439830686,0.5236678808763202,0.26303552072831027,0.24483708330089649
238,log((-21.044408602803035)(X_2) - (X_4)),6,0.46017471084745504,0.5131289424797718,0.46017471084745504,0.5131289424797718,0.280302230406123,0.2600349133551887
239,4.487931541380734 + log(X_4) - (sqrt((-1.3449973147115835)^(X_4))),8,0.5749734701495638,0.6240494308305411,0.5749734701495638,0.6240494308305411,0.10076083216257603,0.10008040294205334
240,(4.062045015470722)(sin((X_8)^((log(4.062045015470722))((4.062045015470722)^(-1))))),9,0.5830189708022088,0.6369046403682117,0.5830189708022088,0.6369046403682117,0.08817793975566546,0.08154236025553196
241,4.2451086558481075 - ((((X_4)^(-1))(sqrt(sqrt(X_4))))^(X_8)),10,0.5427177884832559,0.6033171671940293,0.5427177884832559,0.6033171671940293,0.1512076333551502,0.1299776665499024
242,2.7723982769818916 + (0.38987601348984147)(0.38987601348984147 + X_2),6,0.4734535992877602,0.5253147180232254,0.4734535992877602,0.5253147180232254,0.2595344955265295,0.24246223773827724
243,log(sqrt((1093.9127410219708)(X_8)) - (log(X_8))),7,0.5794868692089493,0.6326233217398671,0.5794868692089493,0.6326233217398671,0.09370202784378834,0.087716298319651
244,sqrt((-9.157805402580525)((exp(X_2))^(0.19807591586056322))),7,0.4767920798911523,0.5290687768988452,0.4767920798911523,0.5290687768988452,0.2543132241540351,0.23704864230212175
245,log(sqrt((22.507694469170012)((18.222663501537035)((X_2)(X_9)) + exp(X_4)))),12,0.4437926521897619,0.4825645021195969,0.4437926521897619,0.4825645021195969,0.3059232191292651,0.3041108110234605
246,(3.4066711626854946)((X_4)^(-0.14926177157030568)) + log(X_4),7,0.5743720618458279,0.6174139176637418,0.5743720618458279,0.6174139176637418,0.10170141452099557,0.10964924162746237
247,log(sqrt((-492.0171606033919)(X_1 + X_8))),7,0.5684822385247805,0.6082916452939683,0.5684822385247805,0.6082916452939683,0.1109129000884086,0.12280414774496928
248,log(sqrt((-255.24251015379457)((X_9)(X_0 + X_9)))),8,0.566408358107953,0.6166024093044907,0.566408358107953,0.6166024093044907,0.11415637930447964,0.11081948911041317
249,5.314575207819148 + log(X_4) - (sqrt(2.238909196405299 + X_4 + (sin(X_3))^(X_5))),13,0.5695042357049085,0.6056665467392421,0.5695042357049085,0.6056665467392421,0.10931453087399712,0.1265897094599483
250,4.305482862972708 - (((0.6426104018761098)(sqrt(sqrt(-3.9462001248459573 + X_4))))^(X_6)),11,0.5538526195120383,0.585415048033523,0.5538526195120383,0.585415048033523,0.13379313215089794,0.15579367897693863
251,(0.3899602780823802)(X_2) + (0.0005045202600847617)(5796.580477727746 - (log(X_1))),10,0.4734821490694852,0.5253631248916771,0.4734821490694852,0.5253631248916771,0.2594898446281956,0.24239243190655968
252,log((17.866390330623855 + (X_2)(X_2))(X_8)),7,0.5415791289024796,0.6000634529625309,0.5415791289024796,0.6000634529625309,0.1529884586401865,0.1346697326835975
253,log(X_4) + (3.6267706816910907)(sqrt(sqrt((0.7430448120698812)^(X_4)))),9,0.5726941375572364,0.6203909762864712,0.5726941375572364,0.6203909762864712,0.10432563167065778,0.10535613075542927
254,(0.06137511065994339)(sin((X_8)^((0.06137511065994339)^(-1)))),7,14.944486681803207,15.061545962944745,14.944486681803207,15.061545962944745,-22.372674506193263,-20.71972235597404
255,(0.06004416070411108)((X_0)^((-1)(-4.040594022968142))) - (((-4.040594022968142 + X_4 + sqrt(exp((X_4)(X_8))))^(-1))(sqrt(sqrt(-4.040594022968142 + X_4)))),20,8.30773822970373,8.4098124328758,8.30773822970373,8.4098124328758,-11.993023156958268,-11.127492858785432
256,log(sqrt((698.9446432891666)((X_0)((X_4)((sqrt(X_0))^(-1)))))),11,0.5552847918585372,0.6084403290706877,0.5552847918585372,0.6084403290706877,0.13155326277269808,0.12258973613296553
257,((X_2)^(-1))(sin(X_2)) + ((-1)(log((0.2537280373632809)(0.2537280373632809))))(((0.2537280373632809)((X_2)^(-1)) + (2)(sqrt((0.2537280373632809)((X_2)^(-1)))))^(-1)),17,0.4920695399474075,0.5454654951939556,0.4920695399474075,0.5454654951939556,0.23041979048989958,0.21340351518203104
258,log(sqrt(((X_2)(X_7))((1.8811930714218885 - ((X_9)^(X_9)))(log((X_2)((X_7)(1.8811930714218885 - ((X_9)^(X_9))))))))),14,5.0751297407933516,5.431054694108695,5.0751297407933516,5.431054694108695,-6.937332210459792,-6.831931751651828
259,log((22.4587000077919)(X_2)),4,0.47377585464547683,0.52459309006071,0.47377585464547683,0.52459309006071,0.2590304989862563,0.24350287188225572
260,log(sqrt((X_1)((-516.8817568134675 - ((X_7)(X_7)))(X_8)))),10,0.5448255861322304,0.5720459631754325,0.5448255861322304,0.5720459631754325,0.14791110872882185,0.1750727630753155
261,log(sqrt((1067.126596021991)(X_8))),5,0.5790592988408014,0.6323591721800897,0.5790592988408014,0.6323591721800897,0.09437073351806102,0.08809721905069234
262,(-1.9999971494350661 + X_0 + X_4 + (log(X_1))((sqrt(X_1))^(-1)))^(-0.007632171078235022),14,8.505963227811577,8.562516432905602,8.505963227811577,8.562516432905602,-12.303040386617068,-11.347701892536271
263,4.372438780609742 - ((X_2)^(-1)),5,0.48340538001863637,0.5365870636994432,0.48340538001863637,0.5365870636994432,0.24397024519580424,0.22620678700364716
264,log((log(34279.23196792641))((X_2)(exp(1.3125378430196033) + X_4)) - (X_9)) - (exp((exp(1.3125378430196033))((34279.23196792641)^(-1)))),17,0.45018820000348786,0.5094600822350538,0.45018820000348786,0.5094600822350538,0.29592079746556055,0.26532564686117777
265,2.934024881598358 + (0.5584697368831487)((sqrt(sqrt(X_4)))^(-0.1858796477684951 + X_1)),11,0.5569537579042656,0.5862512444483561,0.5569537579042656,0.5862512444483561,0.1289430560135595,0.1545878297228236
266,log(5.3536141708687115 + X_4) + (0.638766567600573)(sqrt(5.3536141708687115 + X_4)),8,0.578524207305968,0.618641842628167,0.578524207305968,0.618641842628167,0.09520759868050988,0.10787849449653031
267,log((sqrt((-556.0969157500274)(X_2)))(sqrt(X_6))),8,0.48369948520972855,0.5121734181393645,0.48369948520972855,0.5121734181393645,0.24351027456928886,0.2614128411873702
268,log(sqrt((490.0723295844571)(X_4 + X_6))),7,0.565560131297988,0.605209581677928,0.565560131297988,0.605209581677928,0.11548297750479652,0.12724868260138678
269,log(sqrt(((-536.8592274323216)(X_2) + X_6)(X_8))),9,0.4635451835730948,0.5139173640041966,0.4635451835730948,0.5139173640041966,0.2750309244305018,0.2588979585796224
270,(4.401159896189212 - ((4.401159896189212)^(-1)))(sin((X_8)^((4.401159896189212)^(-1)))),8,0.5822963734175123,0.6352281936377621,0.5822963734175123,0.6352281936377621,0.08930805776046136,0.083959904750601
271,((2)(2.079375249494903))(sin((X_8)^(((2)^(-1))((2.079375249494903)^(-1))))),11,0.5817321860339023,0.6347939612140951,0.5817321860339023,0.6347939612140951,0.09019042785174558,0.08458609595987054
272,324.744726289926 + (-15.816990735931425)(sqrt(-413.9773216154349 + X_2)),8,0.4734906764035239,0.5253665877216679,0.4734906764035239,0.5253665877216679,0.2594765081645797,0.24238743828199094
273,3.8005997652786974 - (((261785419.62674704 + X_9 + log(261785419.62674704 + X_9))^(-1))((X_4)(X_4) + exp(X_8) + sqrt(X_4))),18,0.6393999632105454,0.6934516778408207,0.6393999632105454,0.6934516778408207,-3.597238418251436e-08,-2.1210998071286014e-06
274,log(sqrt((-1067.1265952910678)(X_8))),5,0.5790592988408014,0.6323591721727473,0.5790592988408014,0.6323591721727473,0.09437073351806113,0.08809721906128065
275,log(X_4) + (0.14330645853841312)(sqrt(sqrt(206865.95457967304 + X_4))),9,0.6246772277644179,0.664376811848825,0.6246772277644179,0.664376811848825,0.023025827059909187,0.04192571409300416
276,log(sqrt((1067.1265956727118)(X_8))),5,0.5790592988408014,0.632359172176581,0.5790592988408014,0.632359172176581,0.09437073351806102,0.08809721905575207
277,(X_2)^(0.21824306257287499) + (2.250328803516461)((X_2)^(0.21824306257287499)),6,0.46610828492250317,0.5178546506104698,0.46610828492250317,0.5178546506104698,0.2710223201310279,0.2532201369181183
278,2.9993857541255307 + (X_4)^((0.14428812295861937)(X_0)) - ((sqrt(X_2))^(-3.020593119023706)),12,0.41961455050931046,0.4807476472640889,0.41961455050931046,0.4807476472640889,0.3437369569167881,0.3067308331061752
279,(0.016074766020560273)(71.09626345042805 + X_4 + (2)((X_7)(X_7)) + (X_9)^(X_9)) + log(sqrt(71.09626345042805 + X_4 + (2)((X_7)(X_7)) + (X_9)^(X_9))),16,0.5646426564013409,0.586659465437816,0.5646426564013409,0.586659465437816,0.11691787738349524,0.15399914868219455
280,log(-9.29129937566181 + (-18.45699449332773)(X_2) + X_3),8,0.4700965072576582,0.522020645190564,0.4700965072576582,0.522020645190564,0.2647848745443949,0.24721250358228708
281,(sin((X_8)^((log(-79.4233848206184 - (X_6)))^(-1))))(log(-79.4233848206184 - (X_6)) - ((log(-79.4233848206184 - (X_6)))^(-1))),11,0.5790286397313599,0.6312179392105783,0.5790286397313599,0.6312179392105783,0.0944186833339955,0.08974295072407124
282,log(-8.01742175028318 + sqrt((682.2028169677493)((X_2)(X_4)))),9,0.44040957317367113,0.5042034275777587,0.44040957317367113,0.5042034275777587,0.31121424091913374,0.2729060824923262
283,log(X_2) + (2.37258480589722)(sqrt(sqrt(-2.580343012973107 + X_4 + (X_9)(X_9) - (X_2 + sin(X_0))))),17,0.7566850461331516,0.756954579807509,0.7566850461331516,0.756954579807509,-0.18342996072983975,-0.0915774084513481
284,3.3123465478559817 + (0.8339211964951584)^(((0.8339211964951584)(0.8339211964951584))((X_4)^(-1))) + ((-1)(0.8339211964951584))((X_4)^(-1)),12,0.5715720866262411,0.6202566875686448,0.5715720866262411,0.6202566875686448,0.1060804815860753,0.10554978376249158
285,log((-22.45870000765934)(X_2)),4,0.473775854645477,0.5245930900610274,0.473775854645477,0.5245930900610274,0.2590304989862561,0.24350287188179787
286,((13.990410655399511)^(-1))(X_4) + (0.7312247208152726)(sqrt(13.990410655399511) + ((13.990410655399511)^(-1))(X_4) + ((sqrt(sqrt(13.990410655399511)))^(-1))(X_8)),15,0.544319632477083,0.5986378353132389,0.544319632477083,0.5986378353132389,0.1487024032275066,0.13672556543838765
287,log(sqrt((711.846339902627)((X_2)(sqrt(X_2))) - (sin((X_0)(X_7))))),12,0.46679069063606865,0.5189900838433842,0.46679069063606865,0.5189900838433842,0.2699550605480171,0.25158276883961417
288,log(sqrt((-1067.1265960219916)(X_8))),5,0.5790592988408013,0.6323591721800896,0.5790592988408013,0.6323591721800896,0.09437073351806124,0.08809721905069245
289,3.4889568129056356 + (-0.31391727877854825)((0)^(X_9) + sqrt(-3.9999964342918806 + X_4) - (X_9)),13,0.5369194429511606,0.5625481794053632,0.5369194429511606,0.5625481794053632,0.1602760507375366,0.18876918089261718
290,(-0.00034726871360167484)(-10945.859251383663 + X_1),5,0.6395163864614977,0.6936063787867829,0.6395163864614977,0.6936063787867829,-0.00018211802092804596,-0.00022520985860863263
291,(4.108769556682501)(sin((X_8)^(((4.108769556682501)^(-1))(sqrt(log(4.108769556682501)))))),10,0.581214003825426,0.6347492468669439,0.581214003825426,0.6347492468669439,0.09100084739652414,0.08465057693731093
292,4.538158386781049 + log(X_4) - (log(2.17251111626977 + X_4)),8,0.572388079524974,0.61865270784826,0.572388079524974,0.61865270784826,0.10480429613872455,0.10786282614718967
293,log(sqrt((543.2285274691708)((X_0)(X_2)))),7,0.46959395117060326,0.5201220403188889,0.46959395117060326,0.5201220403188889,0.2655708553608618,0.24995041446991695
294,log(X_4) + (2.547650148759499)(sqrt(sqrt(X_2))),8,0.5141562761333972,0.591910500747364,0.5141562761333972,0.591910500747364,0.19587687799174947,0.14642681651354506
295,log((7.1878022411344595)(X_4)) - (((-1.892522628350608 + (log(-1.892522628350608))((X_4)^(-1)))^(-1))(sqrt(X_6 + (X_6)(sin(log(sqrt(X_7)))) + log(sqrt(X_7))))),22,0.5426256911553481,0.564654188491062,0.5426256911553481,0.564654188491062,0.15135167047826537,0.18573217972865474
296,log(sqrt((X_5)(sqrt((328277.9170312602)(((X_4)(X_4))(sqrt(X_4))))))),11,0.5741199366531486,0.5918763043481285,0.5741199366531486,0.5918763043481285,0.10209572984200832,0.14647612993056047
297,log(sqrt((-509.1797689935457)((X_2)(X_9)))),7,0.45576588480334634,0.4987986139051522,0.45576588480334634,0.4987986139051522,0.2871974860463754,0.280700172995625
298,log(sqrt((-540.9074860072476)((X_8)(X_9)))),7,0.5358603507132798,0.5784954492010955,0.5358603507132798,0.5784954492010955,0.1619324353745657,0.1657721875460325
299,-1 + sqrt((-0.297547660498426)^(-2)) + (1 + (-0.297547660498426)(-0.297547660498426))^((2)(X_8)),14,0.5795640006972294,0.6314351931796888,0.5795640006972294,0.6314351931796888,0.09358139679046873,0.08942965646454304
300,log(sqrt((1014.0654901486438)(X_9))),5,0.5833585527020247,0.6246072713300665,0.5833585527020247,0.6246072713300665,0.08764684508633447,0.09927596090148061
301,log((X_5)(X_5) + sqrt((-523.1669262631326)((X_6)(X_8)))),10,0.5248292153670544,0.5659187257664313,0.5248292153670544,0.5659187257664313,0.17918476001914685,0.18390863527993906
302,(2.6598959089900567)((X_2)^(0.23511348334234997)) + (0.06367286097731191)(2.6598959089900567 + X_4 + (X_9)(X_9)),13,0.41729109999951647,0.4570302982782209,0.41729109999951647,0.4570302982782209,0.34737075536386275,0.3409327826444336
303,log(X_2) + (2.853420027484093)(sqrt(sqrt(sqrt(X_9)))),9,0.4521981940428873,0.49587370196992875,0.4521981940428873,0.49587370196992875,0.29277723439494174,0.28491808497524673
304,log(sqrt((540.907485960637)((X_8)(X_9)))),7,0.5358603507132798,0.5784954492016635,0.5358603507132798,0.5784954492016635,0.1619324353745657,0.1657721875452135
305,log((X_5)^(X_5) + sqrt((X_8)(945.6902609371009 - (sin(X_8))))),10,0.5694536163530377,0.6190532653657809,0.5694536163530377,0.6190532653657809,0.10939369783771968,0.10728519632820865
306,log(sqrt((-1067.1265952910678)(X_8))),5,0.5790592988408014,0.6323591721727473,0.5790592988408014,0.6323591721727473,0.09437073351806113,0.08809721906128065
307,3.341733579524932 + log(X_1 + X_4) - ((0.009382598116938291 + X_4)^(0.009382598116938291)),10,0.5424686356384683,0.5673565107576288,0.5424686356384683,0.5673565107576288,0.1515973000240366,0.1818352564320289
308,log((-13.04209449520491)(X_2 + sqrt(X_2))),6,0.4659193931878493,0.5179094755889826,0.4659193931878493,0.5179094755889826,0.271317740450573,0.2531410757570395
309,4.213148367097796 + (-1.355331589923693)(((X_4)^(-1))((X_7)^(-1))),10,0.5641272661247384,0.6207161755815744,0.5641272661247384,0.6207161755815744,0.11772393044073104,0.10488717236182377
310,log(sqrt((264.57993905428503)((X_1)((X_8)(X_9))))),9,0.5045830803877447,0.5230979027867941,0.5045830803877447,0.5230979027867941,0.21084903413945155,0.2456590285304202
311,(3.1076394297670458 + (0)^(X_2))((sin(1 + (log(X_5))^(sqrt(X_8)) - (log(X_5))))^(-1)),17,0.5933562470445521,0.6331415797322938,0.5933562470445521,0.6331415797322938,0.07201078741131062,0.08696893681161144
312,(1.260678734869407)(exp((X_4)^(0.1271999706374052))),6,0.5750379371048306,0.6176260354000911,0.5750379371048306,0.6176260354000911,0.10066000801291208,0.10934335414741081
313,3.867402386323541 + log(X_4) - (sqrt((-3.3709327386387504 + X_4)((X_6)^(-1)))),12,0.8327563214546432,0.8730402370285,0.8327563214546432,0.8730402370285,-0.302402876643048,-0.25898042608007343
314,log(sqrt((-289.760749831956)((X_0)((X_2)(X_8))))),9,0.460740095095892,0.5139640968418483,0.460740095095892,0.5139640968418483,0.2794179884585066,0.2588305668084723
315,2.384848557226709 + sqrt(sqrt((X_4)(X_6))),7,0.5482732582634864,0.5817467585357645,0.5482732582634864,0.5817467585357645,0.1425190654794517,0.16108358942893808
316,log(sqrt((-477.24202365919854)((X_2)(X_4)))),7,0.44645857634454766,0.5030440387311973,0.44645857634454766,0.5030440387311973,0.3017538034206696,0.2745779961134034
317,sqrt(X_8) - (((-3.14491224847754 + ((log(-3.14491224847754))^(log(X_9)))^(X_7))^(-1))(sqrt(18.90378185438182 + X_1))),18,0.5136836742401616,0.5326566917427733,0.5136836742401616,0.5326566917427733,0.1966160114566049,0.2318746372936904
318,(0.37456034963823515)(X_2) + (1.5674034012268447)(sqrt(X_8 + sqrt(0.37456034963823515 + X_3))),12,0.5005681709683638,0.5496182765491345,0.5005681709683638,0.5496182765491345,0.21712821742818234,0.20741493617019113
319,log(X_2) + (101196848.4359236)((32521630.788370065 + log((2)(sqrt(X_4))))^(-1)),14,0.4737758626755194,0.5245930969570838,0.4737758626755194,0.5245930969570838,0.2590304864275398,0.24350286193723913
320,log(sqrt(X_2 + (-287.3249773970728)((X_7)((X_8)(X_9))) - (X_5))),13,0.5211808562528675,0.54421775640269,0.5211808562528675,0.54421775640269,0.1848906709596292,0.21520283513137362
321,log(sqrt((282.2723474287824)((X_0)((X_1)(X_8))))),9,0.527436805543699,0.5727704578402386,0.527436805543699,0.5727704578402386,0.17510657669027596,0.17402799496142574
322,log(7.500573704837547 + (X_0)^(X_1) + (X_5)(X_5) + (7.500573704837547 + (X_0)^(X_1) + (X_5)(X_5))(X_9)),14,0.5340645140427753,0.5575227775994306,0.5340645140427753,0.5575227775994306,0.16474106352350648,0.19601613497160775
323,(0.2546630244007088)(4.9602453270021005 + X_2) + log(4.9602453270021005 + X_2),7,0.4720295881666328,0.5237857883340753,0.4720295881666328,0.5237857883340753,0.2617616010227548,0.244667053129197
324,((2)(2.0793752494834776))(sin((X_8)^(((2)^(-1))((2.0793752494834776)^(-1))))),11,0.5817321860339022,0.6347939612137985,0.5817321860339022,0.6347939612137985,0.09019042785174569,0.08458609596029842
325,4.309443845247559 + (-0.9495893069156676)((X_4)^(-1)),7,0.5715652718698618,0.6202891328310157,0.5715652718698618,0.6202891328310157,0.1060911396358355,0.10550299559797005
326,(2.7246713504006176e-14)((-2969.833598224047)^(X_4)) + log((2)(X_4)),9,5.445717842492131,5.414615143114233,5.445717842492131,5.414615143114233,-7.5169195366287305,-6.808224857011992
327,log(log(X_6) + (X_9)((sqrt((-524.6846898201551)(X_8)))((sqrt(X_9))^(-1)))),14,0.5327025104812864,0.5750578606010258,0.5327025104812864,0.5750578606010258,0.1668711912821078,0.17072941239873152
328,log(X_4) - (((-705840789.0366368 + (log(-705840789.0366368))(((X_2)^(-1))((X_9)^(-1))))^(-1))(2157293423.2726755 + log(X_4))),17,0.6246755276018372,0.664375063429284,0.6246755276018372,0.664375063429284,0.023028486056999697,0.04192823542694202
329,(-0.3462669144215833)((X_4)((X_8)^(-1))) + (3.5032991710464527)(sqrt(sqrt(X_4))),12,0.5525037492443035,0.6091600993182522,0.5525037492443035,0.6091600993182522,0.13590271987981195,0.12155178093396724
330,log(sqrt(X_4)) + (2.8577814463122184)(sqrt(sqrt(X_2))),9,0.43539082941799434,0.49975329674489666,0.43539082941799434,0.49975329674489666,0.3190633873454377,0.279323458661766
331,log((-7.28457495295285)(X_8 + (X_2)(X_9))),8,0.44021638428048604,0.4776347420500618,0.44021638428048604,0.4776347420500618,0.3115163818500848,0.31121984353946497
332,log((-10.783869806753707)(X_4 + X_8)),6,0.535344779899002,0.5854044780479624,0.535344779899002,0.5854044780479624,0.162738770786653,0.15580892157900939
333,log((18.5508582386128)(0.3769406125071236 + X_2)),6,0.46596595088233583,0.5176253397112416,0.46596595088233583,0.5176253397112416,0.2712449257823839,0.25355081804983537
334,((-3.6222509522679953)^(-1))(sin(1 + (log(-3.6222509522679953) - (X_9))^(-1))),11,14.718009248549665,14.740939104609389,14.718009248549665,14.740939104609389,-22.018471418249227,-20.25738655289001
335,log(sqrt((-1067.1265952910678)(X_8))),5,0.5790592988408014,0.6323591721727473,0.5790592988408014,0.6323591721727473,0.09437073351806113,0.08809721906128065
336,log(X_4) + (2.3857391483728785)(sqrt(sqrt(X_6 + sqrt(X_6) - (log(X_6))))),12,0.6002387226441921,0.6257765069282484,0.6002387226441921,0.6257765069282484,0.061246827068459075,0.0975898476284004
337,3.0563456840874053 + log(X_4),4,0.6246755126453549,0.6643750491823818,0.6246755126453549,0.6643750491823818,0.02302850944843493,0.04192825597189542
338,(log(3.6016380440977542) - ((log(3.6016380440977542))^(-1)))(sin(((X_8)^((log(3.6016380440977542))^(-1)))^(0.4743032124388933 + X_7))),13,13.611566947812545,13.432929844257531,13.611566947812545,13.432929844257531,-20.28803287555236,-18.371152693246376
339,log(sqrt((950.4593405432128)(X_4))),5,0.5739682593027565,0.6182254466884441,0.5739682593027565,0.6182254466884441,0.10233294811628946,0.10847896434359561
340,sqrt(-2.865611282123296 + (-2.104308315559757)(1 + X_2 + X_4)),10,0.4537804580988214,0.5104587538078335,0.4537804580988214,0.5104587538078335,0.29030262663158324,0.2638854979323133
341,3.1116780673054754 + log(X_2),4,0.473775854645477,0.5245930900607022,0.473775854645477,0.5245930900607022,0.2590304989862561,0.24350287188226682
342,log(sqrt(38.30345886205129)) + ((-1)(sqrt(38.30345886205129)))((-3.8129909766368018 + log(X_8))^(-1)),12,0.5757238336098794,0.6301873335197389,0.5757238336098794,0.6301873335197389,0.09958728894943558,0.09122915071433724
343,log(sqrt((950.4593405872073)(X_4))),5,0.5739682593027565,0.6182254466883966,0.5739682593027565,0.6182254466883966,0.10233294811628946,0.108478964343664
344,2.7272464962901646 + (0.2392003297609271)(X_4 + X_9),7,0.5333179659139927,0.5603757919707129,0.5333179659139927,0.5603757919707129,0.16590863968645964,0.19190190392425643
345,log(sqrt((-1 + 515.5812024912904)((X_1)(X_8)) + sqrt(515.5812024912904 + X_1))),12,0.545156677305656,0.572810178784847,0.545156677305656,0.572810178784847,0.1473932932699763,0.17397071479305948
346,log(1.6544704645329489) + (2.3096875810643436)((sqrt((2)(X_2)))^(log(1.6544704645329489))),10,0.46625732147791893,0.5179921393036515,0.46625732147791893,0.5179921393036515,0.2707892319712655,0.2530218693398538
347,log((8.631890239819498)(X_2 + X_8 + (2)(log(X_0)))),11,0.46276141534035853,0.5202457384175028,0.46276141534035853,0.5202457384175028,0.27625671158412446,0.2497720338199847
348,log((22.45870000776818)(X_2)),4,0.473775854645477,0.5245930900607668,0.473775854645477,0.5245930900607668,0.2590304989862561,0.2435028718821738
349,log(sqrt((X_4)(948.8140788957779 + (X_4)((X_5)^(-1))))),10,0.5740313785573607,0.6183117881277875,0.5740313785573607,0.6183117881277875,0.10223423172513146,0.10835445440982339
350,4.359362351551247 - ((X_4)^(-0.9182773620505793)),5,0.5716008289235989,0.6199415465824046,0.5716008289235989,0.6199415465824046,0.10603552959976725,0.10600423742488219
351,log(sqrt((-1067.1263777789513)(X_8))),5,0.579059298840812,0.6323591699877702,0.579059298840812,0.6323591699877702,0.09437073351804459,0.08809722221215865
352,(3.7942139092326403)(sqrt(sqrt(sqrt((2)(X_4))))) - ((0.8760196924090788)^(X_1 + sin((2)(X_4)))),14,0.5638288677598249,0.5916131485143452,0.5638288677598249,0.5916131485143452,0.11819061544670029,0.14685561764451704
353,log((-22.458699999278338)(X_2)),4,0.47377585464547695,0.5245930900810998,0.47377585464547695,0.5245930900810998,0.2590304989862562,0.24350287185285224
354,((50976910.43234366)^((-1)(X_4)))(X_2 + sqrt(X_7)) + (2.000526436169764)(sqrt(X_2 + sqrt(X_7))),14,0.488317188364611,0.5419163627566754,0.488317188364611,0.5419163627566754,0.23628834215345662,0.2185215934544713
355,log((11.132244035121087)(X_0 + X_2)),6,0.46667899383158706,0.5176225930352085,0.46667899383158706,0.5176225930352085,0.27012975059325695,0.2535547789341288
356,(0.10327540099516813)((-2.366533578283798 + (2)(X_4) + exp(X_2))((sqrt(sqrt(-2.366533578283798 + X_4)))^(-1))),16,6.4054100849863485,6.613659436987611,6.4054100849863485,6.613659436987611,-9.01784592423414,-8.537324195122231
357,(0.7961931872136185)((-2.555972707913706)^((-2.555972707913706)(X_2)) + (-2.555972707913706)^(((2)(-2.555972707913706))(X_2))) + log(X_8),14,inf,inf,inf,inf,-inf,-inf
358,8.038710011409734 + (-2.6816204115706004)((-2.6816204115706004 + X_2)(log(((X_2)^((-1)(-2.6816204115706004)))((-2.6816204115706004 + X_2 + log(X_2))(sqrt(X_2)))))),17,52.299200725213886,49.00299130553885,52.299200725213886,49.00299130553885,-80.79419082843994,-69.6654793861826
359,log(X_4) + (1.1495462157748149)(sqrt(-9.450526748448388 + X_4)),8,0.5740708984044594,0.6227033931487882,0.5740708984044594,0.6227033931487882,0.10217242401353599,0.10202147624224978
360,log(sqrt(X_7 + (1223.1077754137887)((X_9)^(log(X_1))))),10,0.5559083940731483,0.5826132289530492,0.5559083940731483,0.5826132289530492,0.13057796988417125,0.15983408310738312
361,log(sqrt((-774.8356408276592)((X_5)(X_8)))),7,0.5526870360425461,0.5883587745079083,0.5526870360425461,0.5883587745079083,0.13561606549228966,0.15154863521629935
362,log(sqrt(X_0 + (518.8232760873749)(X_0 + X_8))),8,0.5775412799465858,0.6345468038944639,0.5775412799465858,0.6345468038944639,0.09674486400940518,0.08494251278280784
363,log(sqrt((1004.5327171641917)(X_2))),5,0.4921025821398998,0.5453489058982922,0.4921025821398998,0.5453489058982922,0.23036811361222975,0.21357164447883215
364,2.161067497877945 + (0.712265059244764)(sqrt(X_4 + (X_5)(X_9))),10,0.5360565491249855,0.541250988945927,0.5360565491249855,0.541250988945927,0.16162558765787471,0.21948110547720423
365,log(sqrt((271.59897609698305)((X_2)((X_8)(X_9))))),9,0.44006333188953606,0.4823242379259416,0.44006333188953606,0.4823242379259416,0.3117557506415486,0.3044572875133982
366,log(X_4) + (3.7940208614369673)((sqrt((0.6061353191557513)^(X_2) + X_4))^(-0.47850776063753275)),12,0.5373484053564614,0.5890182372272079,0.5373484053564614,0.5890182372272079,0.15960516796397828,0.1505976473693319
367,log(X_2 + sqrt((949.0015462586525)(X_8))),7,0.5637909308721614,0.616799112839796,0.5637909308721614,0.616799112839796,0.11824994746298279,0.11053582990412847
368,log((X_2)(-20.020127207514605 - (X_4))),6,0.46129180984517126,0.5139331120418982,0.46129180984517126,0.5139331120418982,0.27855512514779335,0.25887524889182734
369,log((22.45870000779581)(X_2)),4,0.47377585464547695,0.5245930900607005,0.47377585464547695,0.5245930900607005,0.2590304989862562,0.24350287188226927
370,0.32363306061148767 + log(X_4) + (3.962434379964722)(sqrt((X_2)((X_2 + X_4)^(-1)))),13,0.434414609940228,0.4884603800243341,0.434414609940228,0.4884603800243341,0.3205901617731082,0.2956085741713693
371,(0.4365539200557151)(log((X_4)((-426.51431497001744)((X_2)(X_1 + X_8)) - (-426.51431497001744)))),13,0.4231641968156501,0.47373111491634234,0.4231641968156501,0.47373111491634234,0.3381854294875316,0.31684912606691795
372,log((22.458700007779484)(X_2)),4,0.473775854645477,0.5245930900607397,0.473775854645477,0.5245930900607397,0.2590304989862561,0.24350287188221287
373,log((-22.458699996302904)(X_2)),4,0.47377585464547695,0.524593090088226,0.47377585464547695,0.524593090088226,0.2590304989862562,0.2435028718425758
374,log(sqrt((-57.988305283881324)(X_8))) + sqrt(X_2),8,0.4556952248052121,0.5037788422085236,0.4556952248052121,0.5037788422085236,0.28730799590677836,0.27351836202584046
375,log(X_4) + (21.12373265811752)((6.201082815580131 + log(X_4))^(-1)),9,0.5751249371542941,0.617432376239939,0.5751249371542941,0.617432376239939,0.10052394286183475,0.1096226231680375
376,log(59.208881963699845 + X_4) - (((X_4 + exp(X_4))^(-1))(sqrt(sqrt(59.208881963699845 + X_4)))),12,0.5728020061767902,0.6200850356495835,0.5728020061767902,0.6200850356495835,0.10415692877788241,0.10579731691964911
377,log(sqrt(X_7 + (-1068.4000886127951)(X_8))),7,0.5790876488412595,0.6324301274583898,0.5790876488412595,0.6324301274583898,0.0943263950709089,0.08799489695519425
378,log(X_4 + sqrt((-950.384699590786)(X_8))),7,0.5706945933811104,0.6228430170927313,0.5706945933811104,0.6228430170927313,0.10745285150660255,0.10182012949443575
379,log((14.288272898734945)(X_2) + (X_3)(X_3) + X_9 + exp(X_8)),12,0.44491123383796355,0.4915776785835142,0.44491123383796355,0.4915776785835142,0.30417379505544584,0.2911132282505293
380,log(sqrt((-1067.1265952910678)(X_8))),5,0.5790592988408014,0.6323591721727473,0.5790592988408014,0.6323591721727473,0.09437073351806113,0.08809721906128065
381,log((22.458700007795798)(X_2)),4,0.47377585464547695,0.5245930900607008,0.47377585464547695,0.5245930900607008,0.2590304989862562,0.24350287188226905
382,(2.4070931518190326)(sqrt(sqrt((3)(X_2)))),7,0.4695945301555033,0.5209008814596677,0.4695945301555033,0.5209008814596677,0.26556994984795257,0.2488272752265256
383,log((-21.246185039528903)(X_2) - (X_3)),6,0.46643703892981686,0.5179872242128223,0.46643703892981686,0.5179872242128223,0.2705081599213698,0.25302895721837737
384,log(X_6) + (2.720272039114173)(sqrt(sqrt(exp(log(X_8))))),10,0.5787833786399016,0.6321301234304937,0.5787833786399016,0.6321301234304937,0.09480226343157538,0.08842752214570315
385,log(sqrt((-950.4593406742207)(X_4))),5,0.5739682593027565,0.6182254466883026,0.5739682593027565,0.6182254466883026,0.10233294811628946,0.10847896434379967
386,log(sqrt(((X_0)(X_1))((-279.52629437600064 - (X_2))(X_8)))),11,0.5265464568624316,0.5718557119168708,0.5265464568624316,0.5718557119168708,0.17649905208052274,0.17534711768167544
387,3.6785045111863797 + ((-1)(log(-0.882964373344746)))(((X_2)^(log(-0.882964373344746)) + (-2.744798464824314)((-0.882964373344746 + X_2)^(-2)))^(-1)),16,0.5872343949208214,0.6281198889609658,0.5872343949208214,0.6281198889609658,0.08158515822173318,0.09421053933894441
388,335.25555207844104 + (-76.81863607329835)(sqrt(sqrt(-348.9477358630272 + X_4))),9,0.5800044523812764,0.6194103495942215,0.5800044523812764,0.6194103495942215,0.09289254517139822,0.10677025780074878
389,log(sqrt((-307.0810985255459 + (-191.4027018976436)((X_0)(X_4)))(X_6))),11,0.5422788066533117,0.5866521279291269,0.5422788066533117,0.5866521279291269,0.15189418617184292,0.1540097298437767
390,log(X_4 + log(X_0)) + (-0.6750392842973165)((-3.2240565918219746 - (X_5))((sin(sqrt(sqrt(-4.564736233112164 + X_4 + X_5))))(sqrt(sqrt(-4.564736233112164 + X_4 + X_5))))),19,0.8538100433281814,0.9199809699825396,0.8538100433281814,0.9199809699825396,-0.3353301895023988,-0.32667199568760186
391,(exp(0.2116463650664454))(exp((X_8)^((0.2116463650664454)((exp(0.2116463650664454))^(-1))))),9,0.5791614106525463,0.6349469477082355,0.5791614106525463,0.6349469477082355,0.09421103407906617,0.08436547955136131
392,((-1)(log(-2.4881146511051258)))((X_7)^(-1)) + log(X_4 + X_6 + X_9) - (-2.4881146511051258),15,0.5030583997072735,0.5147118493774046,0.5030583997072735,0.5147118493774046,0.2132335834404272,0.25775225934234536
393,log(X_2) + (2.539558381863007)(sqrt(-3.485368493019474 + X_4)),9,1.6663278294534352,1.7495550500370138,1.6663278294534352,1.7495550500370138,-1.6060806776219998,-1.5229714152043594
394,log((-1.335719704591891)^((X_9)(X_9)) + (-22.094260753552664)(sqrt((X_0)(X_8)))),12,0.5397766881572601,0.6079626653711276,0.5397766881572601,0.6079626653711276,0.15580741533985099,0.12327855804802623
395,3.0563456840874053 + log(X_4),4,0.6246755126453549,0.6643750491823818,0.6246755126453549,0.6643750491823818,0.02302850944843493,0.04192825597189542
396,log(X_9) - (((7.592908291456238 + X_4 + X_8)^(-1))(sqrt(-1.9999998260494447 + X_4))),14,10.7336122049284,11.025624546946052,10.7336122049284,11.025624546946052,-15.78700845890977,-14.899662926371992
397,log(sqrt((-948.785548102688)(X_4) + sin(X_6) - (X_5 + X_8))),12,0.5738548406203707,0.6180876648403675,0.5738548406203707,0.6180876648403675,0.10251033112065533,0.10867765467015833
398,((2)^(-4.986992327638116))((-4.986992327638116)^(-4.986992327638116)) + ((-1)(sqrt((2)(-4.986992327638116))))((-0.6573618284727347 + log(X_4))^(-1)),16,inf,inf,inf,inf,-inf,-inf
399,log(sqrt(X_1 + (943.9956264116136)(X_4) + (X_4)^(X_1))),9,0.5733824877506611,0.61743868738429,0.5733824877506611,0.61743868738429,0.10324907512109205,0.10961352209014086
400,log((23.704738231316373)(X_2) - (X_8)),6,0.4842017721214861,0.5359797593352401,0.4842017721214861,0.5359797593352401,0.24272471473393342,0.22708255913278408
401,log(27.733664973346794 + (5.980683771549093)((X_8)^(X_5))),8,0.5642230138851848,0.6082136858518045,0.5642230138851848,0.6082136858518045,0.11757418416390941,0.1229165702972751
402,4.309443845247576 + (-0.9495893069157382)((X_4)^(-1)),7,0.5715652718698618,0.6202891328310155,0.5715652718698618,0.6202891328310155,0.1060911396358355,0.10550299559797027
403,(4.401159927032371 - ((4.401159927032371)^(-1)))(sin((X_8)^((4.401159927032371)^(-1)))),8,0.5822963734175127,0.6352281940556984,0.5822963734175127,0.6352281940556984,0.08930805776046058,0.08395990414790977
404,exp(1.4704856200370997 + (-0.25707434568174475)((X_4)^(-1))),8,0.5717138023570821,0.619810688060482,0.5717138023570821,0.619810688060482,0.10585884294970893,0.10619294386783729
405,log((X_2)(-18.297577213386685 - (exp(-0.798421976156195 + X_0)))),9,0.4568804071048948,0.4978448799053552,0.4568804071048948,0.4978448799053552,0.28545441065418387,0.2820755190409784
406,-3.5689407366320913 + (2)((X_4)((-3.5689407366320913 + X_4)^(-1))),9,147.28770238132307,149.6858574495456,147.28770238132307,149.6858574495456,-229.35301244006035,-214.85667715775412
407,(527.996988825766)((229.71810187114025 + (229.71810187114025)^(log(X_4)))^(-1)) + X_4,10,0.561836422075218,0.6122356198263756,0.561836422075218,0.6122356198263756,0.12130673348067,0.11711668166189437
408,log((sqrt(X_4))(sqrt((-457.12033862209177)((3.4642410793195437 - (X_2))(X_8))))),12,0.8445346135093263,0.889630393472915,0.8445346135093263,0.889630393472915,-0.3208237292487246,-0.28290450350886975
409,log((-22.458699762691165)(X_2)),4,0.473775854645477,0.5245930906477227,0.473775854645477,0.5245930906477227,0.2590304989862561,0.24350287103574542
410,log(X_8) - ((-276674147.7758841 + (2)(X_4))((87220435.3226263 + (log(X_2))^(log(X_2)))^(-1))),16,0.6108339773574301,0.6744926119781833,0.6108339773574301,0.6744926119781833,0.0446762050728402,0.027338076757584706
411,log(sqrt((-563.3944571243468)((X_1)((X_2)(sin(X_5)))))),10,0.482114743092722,0.5144861654318775,0.482114743092722,0.5144861654318775,0.24598875793681396,0.2580777101724997
412,(-0.1951328703889392)(-15.976238452030227 + X_4 - (X_7)) + log(X_4),9,0.5622505508372562,0.5942459671349365,0.5622505508372562,0.5942459671349365,0.12065905002623878,0.14305892309579205
413,(-4.000007293670719 + (2)(X_4))((X_2)^((-4.000007293670719 + (2)(X_4))^(-1)) - (sin((X_2)^((-4.000007293670719 + (2)(X_4))^(-1))))),12,12.231177417336923,12.157224754855022,12.231177417336923,12.157224754855022,-18.129150079875718,-16.531503535178924
414,3.1116780673054976 + log(X_2),4,0.47377585464547683,0.5245930900607011,0.47377585464547683,0.5245930900607011,0.2590304989862563,0.2435028718822686
415,log(X_4) - ((295286211.22188014 + X_4)((-96614142.11614634 + log(X_4))^(-1))),10,0.6246755243096347,0.6643750604216397,0.6246755243096347,0.6643750604216397,0.023028491205893564,0.04192823976415938
416,log((-22.458700007334603)(X_2)),4,0.473775854645477,0.5245930900618051,0.473775854645477,0.5245930900618051,0.2590304989862561,0.24350287188067643
417,log(15.234160798676928 + (15.234160798676928)(X_8)),5,0.5768924272755633,0.631886796189596,0.5768924272755633,0.631886796189596,0.09775964776244939,0.08877841574765788
418,log(X_2) + (0.07868219412188851)(36.51517371507498 + X_4 + log(X_2)),9,0.464680140132187,0.5182158794907066,0.464680140132187,0.5182158794907066,0.27325589054682675,0.2526992215349959
419,sqrt(sqrt((-32.11013252178663)(X_2) + (177.99270116611135)((X_8)(log(X_4))))),12,0.803144053215511,0.9321651941192528,0.803144053215511,0.9321651941192528,-0.25609028513824517,-0.3442424340757624
420,log(sqrt((-504.3932055759499)((X_2)(X_2)))),6,0.473775854645477,0.5245930900854526,0.473775854645477,0.5245930900854526,0.2590304989862561,0.24350287184657526
421,log(sqrt((2.488497375690302 - (X_1))((X_4)(X_8)))),9,11.820857999883108,11.730933286520791,11.820857999883108,11.730933286520791,-17.487424312245558,-15.916763696538233
422,log(sqrt((-1014.0654901855364)(X_9))),5,0.5833585527020247,0.6246072713293932,0.5833585527020247,0.6246072713293932,0.08764684508633447,0.09927596090245172
423,log(sqrt((-435.88601855238034)((X_4)(X_8))) - (log((-0.1897277103110091)(((X_0)^(-1))((X_2)^(-1)))))),17,0.5218083977305894,0.5769372902343316,0.5218083977305894,0.5769372902343316,0.18390921719609576,0.1680191534436799
424,(sin((X_8)^((log(-2.855557369566741 + X_6 - (X_5)))^(-1))))(log(-2.855557369566741 + X_6 - (X_5)) - ((log(-2.855557369566741 + X_6 - (X_5)))^(-1))),13,14.622147622780258,14.344142465309307,14.622147622780258,14.344142465309307,-21.86854705989231,-19.685180163281363
425,log(sqrt((X_8)(sqrt(1138756.9987202378 + X_8)))),7,0.5790592845117412,0.6323591609695488,0.5790592845117412,0.6323591609695488,0.0943707559282293,0.08809723521701651
426,2 + log(sqrt((19.545105201498306)(X_8))),7,0.5790592988408014,0.6323591720814745,0.5790592988408014,0.6323591720814745,0.09437073351806102,0.08809721919290181
427,log(sqrt((590.7481100305491)((X_6)(X_8)))),7,0.5332513400293648,0.5783759999076933,0.5332513400293648,0.5783759999076933,0.16601284032902786,0.16594444114434825
428,log(sqrt(X_0 + (1065.9181545220508)(X_8))),7,0.5790245653530381,0.6323281888986538,0.5790245653530381,0.6323281888986538,0.0944250555246472,0.08814189894425173
429,log((-9.729759564414124)(X_4 + X_8) - (X_4 + X_6)),9,0.5291365483114168,0.5772663324112975,0.5291365483114168,0.5772663324112975,0.1724482361731342,0.16754465336615199
430,log((21.281534072614917)(X_2) + X_8),6,0.4654770528244005,0.515581950035132,0.4654770528244005,0.515581950035132,0.27200954590070126,0.25649751797953413
431,log(sqrt((-991.7951760061486 - ((X_0)^(X_0)))(X_2))),8,0.4905149123609412,0.5437029421414663,0.4905149123609412,0.5437029421414663,0.2328511757445747,0.21594523055653025
432,log(sqrt((950.4593368237765)(X_4))),5,0.5739682593027565,0.6182254466924592,0.5739682593027565,0.6182254466924592,0.10233294811628946,0.10847896433780557
433,(-315908085.1401832)((-103361375.15365478 + X_4)^(-1)) + log(X_4),9,0.6246755263069388,0.6643750619672613,0.6246755263069388,0.6643750619672613,0.023028488082177168,0.041928237535273305
434,(3.706060666717049)(((0.07140070752922126)(X_8) + sin(X_5))^(1.3326556800869305)),10,0.5469166383521014,0.586695925533097,0.5469166383521014,0.586695925533097,0.14464077339037196,0.15394657086923125
435,5.170070819021906 + (7.050930017265336)((-3.0625596095284195 - (X_1))^(-1)),9,0.5919205107817855,0.6180052876359654,0.5919205107817855,0.6180052876359654,0.07425623063467957,0.10879644792102883
436,log(X_9 + sqrt((-450.55689935438227)(X_2 + X_8))),9,0.5139219045874489,0.565102682656659,0.5139219045874489,0.565102682656659,0.19624342720642618,0.18508542216611723
437,log(sqrt((-1067.1265952910678)(X_8))),5,0.5790592988408014,0.6323591721727473,0.5790592988408014,0.6323591721727473,0.09437073351806113,0.08809721906128065
438,log(X_4) + (0.0003624795588624573)(sqrt((8428.92498923029)(8428.92498923029 + X_4))),9,0.624759640240429,0.6644547813384772,0.624759640240429,0.6644547813384772,0.02289693671940629,0.04181327705157101
439,log(X_2) + (0.20181688020072225)(14.75093873293024 + sqrt(log(X_8))),10,0.46631935150704956,0.5144321310894894,0.46631935150704956,0.5144321310894894,0.2706922190921115,0.25815563118520624
440,(0.8547494420860873)((1.2444977497203504 + X_9 - (X_4))^(-1)) + log(X_2),12,6.70104083131632,7.155643142976595,6.70104083131632,7.155643142976595,-9.480202467828695,-9.318899714959578
441,log((-11.000204846227332)(X_1 + X_8)),6,0.5448969606401214,0.5744435619391906,0.5448969606401214,0.5744435619391906,0.1477994813991922,0.17161527075693273
442,log(sqrt((-950.4593406742214)(X_4))),5,0.5739682593027566,0.6182254466883027,0.5739682593027566,0.6182254466883027,0.10233294811628935,0.10847896434379956
443,log(sqrt((X_8)((-759.5484703271956 + sin(X_1 + (X_8)(X_8)))(sqrt(X_9))))),13,0.5458826406080629,0.5922673433313996,0.5458826406080629,0.5922673433313996,0.14625791108309538,0.145912226452929
444,log((-22.458699976073675)(X_2)),4,0.47377585464547683,0.5245930901366745,0.47377585464547683,0.5245930901366745,0.2590304989862563,0.2435028717727098
445,log(sqrt((590.7481075003265)((X_6)(X_8)))),7,0.5332513400293648,0.5783759999154754,0.5332513400293648,0.5783759999154754,0.16601284032902786,0.165944441133126
446,3.3533996628224 + (0.4528278034832637)(sqrt(-0.9999998064431442 + X_4)),8,0.5709689349220197,0.6168734371397075,0.5709689349220197,0.6168734371397075,0.1070237905642143,0.1104286494618053
447,log((X_2)(20.419163468423587 + X_3)),6,0.46642361653318803,0.5170418973323394,0.46642361653318803,0.5170418973323394,0.27052915209822925,0.2543921796545232
448,1 - ((-1.6659660485674777 + X_2)((1.2974507217684241 - (sqrt(X_2)))^(-1))),11,0.4651935257160494,0.520222292693967,0.4651935257160494,0.520222292693967,0.27245297276160785,0.24980584406807493
449,log(-18.42050417727001 + (-33.605838981003004)(X_2)) - ((sqrt(X_4))^(-1.1975423736576805)),11,0.4282910155581427,0.4917703757374614,0.4282910155581427,0.4917703757374614,0.3301672574169958,0.2908353465050022
450,(5.866558130366375 - (log(5.866558130366375)))(sin((X_8)^((log(5.866558130366375))((5.866558130366375)^(-1))))),10,0.5814162933957695,0.6350492544246794,0.5814162933957695,0.6350492544246794,0.09068447331260232,0.08421794665654558
451,log((2)(X_6) + sqrt((-455.333103025627)((X_1)(X_6)))),10,0.5465594630165438,0.5618218765342717,0.5465594630165438,0.5618218765342717,0.14519938360144014,0.18981655655679286
452,log(11.997665746717823 + (X_4)^(X_1) + (11.997665746717823)(X_8)),9,0.5375774496033089,0.5772915693093869,0.5375774496033089,0.5772915693093869,0.1592469504659093,0.16750826012863362
453,log((22.458699992227746)(X_2)),4,0.473775854645477,0.5245930900979858,0.473775854645477,0.5245930900979858,0.2590304989862561,0.2435028718285015
454,(3.250328723062899)((X_2)^(0.21824309353911922)),5,0.4661082849225203,0.517854650176707,0.4661082849225203,0.517854650176707,0.27102232013100114,0.25322013754363215
455,log(sqrt((0.37034526308656085)(X_8) - (X_9))),7,14.893189273676285,15.338783422018668,14.893189273676285,15.338783422018668,-22.292447085292828,-21.11951668336751
456,log(X_2 + sqrt((557.5033662214503)((X_2)((X_8)(sin(X_5)))))),11,0.45783035607712086,0.5065625977885408,0.45783035607712086,0.5065625977885408,0.28396872241355875,0.26950400663007834
457,(-40.779948574927644)((-11.076080910727876 - (X_4))^(-1)) + log(X_4),9,0.5723740525332588,0.619420868716512,0.5723740525332588,0.619420868716512,0.10482623388196322,0.1067550885467996
458,log(sqrt(((X_5)^(X_8))((sqrt(X_7))(sqrt((X_8)((sin((3.1415913571900878)((X_5)^(X_8))))^(-1))))))),16,0.5555340618479889,0.5846803810443877,0.5555340618479889,0.5846803810443877,0.13116341289349742,0.1568531162397121
459,(4.401159899904654 - ((4.401159899904654)^(-1)))(sin((X_8)^((4.401159899904654)^(-1)))),8,0.5822963734175123,0.6352281936881076,0.5822963734175123,0.6352281936881076,0.08930805776046136,0.08395990467799941
460,(4.389812810802732 - ((4.389812810802732 + (4.389812810802732)^(-1))^(-1)))(sin((X_8)^((4.389812810802732)^(-1)))),10,0.5822670593870438,0.6352044394639426,0.5822670593870438,0.6352044394639426,0.08935390391812414,0.08399415980392833
461,log(X_4) + (3.626770216697112)(sqrt((0.8620005719209389)^(X_4))),8,0.5726941375572296,0.6203909689670033,0.5726941375572296,0.6203909689670033,0.10432563167066822,0.10535614131057502
462,log((X_5)(X_6) + sqrt((357.8167491002217)((X_5)((X_7)(X_8))))),12,0.5350434409246247,0.5552244731900434,0.5350434409246247,0.5552244731900434,0.16321005480691475,0.19933043841590292
463,(4.404855575710118 - ((log(4.404855575710118))((4.404855575710118)^(-1))))(sin((X_8)^((log(4.404855575710118))((4.404855575710118)^(-1))))),10,0.582606002996746,0.6364568694833511,0.582606002996746,0.6364568694833511,0.08882380751306196,0.0821880748005186
464,(4)((-3.8854079648300726)(sin(sqrt((3)(-3.8854079648300726))))) + (-7.157757710985999)(((X_4)^(-1))(sin((sin(log((5)(-3.8854079648300726))))((X_9)^(-1))))),23,0.5507434876548077,0.5851997637677953,0.5507434876548077,0.5851997637677953,0.13865570979863828,0.15610413279693292
465,log((0.0012112249207186757)(-36927.52543964262 + sqrt(X_2))),7,0.6394079295736292,0.6934597291805505,0.6394079295736292,0.6934597291805505,-1.2495096295195296e-05,-1.3731651868242878e-05
466,log((X_6)(sqrt(1 + (2.6385600696864366)(X_8) - ((X_2)((X_5)^(X_5)))))),14,7.196823258775237,7.230764403090676,7.196823258775237,7.230764403090676,-10.25558950852225,-9.42722942538392
467,log(sqrt((-1067.1265952910678)(X_8))),5,0.5790592988408014,0.6323591721727473,0.5790592988408014,0.6323591721727473,0.09437073351806113,0.08809721906128065
468,log(sqrt((537.996191300411 - (X_0))((X_2)(X_8)))),9,0.4637143425737188,0.5140417703898649,0.4637143425737188,0.5140417703898649,0.2747663654432606,0.25871855653399756
469,(4.158750517372187)(sin((X_8)^((4.158750517372187)^(-1)))),7,0.5817321860339016,0.6347939614526661,0.5817321860339016,0.6347939614526661,0.09019042785174647,0.08458609561583585
470,(1.280176320442769)((2.4009483307636166 + X_4 - ((X_2)^(X_3)))^(-1)) + log((X_2)^(X_3)),13,5.805991880161157,6.105772140708742,5.805991880161157,6.105772140708742,-8.08037601357305,-7.804917900944805
471,log(X_2) + log((2)(X_4)) - (0.03664439595589026 + log(0.03664439595589026 - (log(X_2))) + sqrt(X_4)),14,6.95510141408722,6.887285439393129,6.95510141408722,6.887285439393129,-9.877544673846943,-8.931910568675415
472,(0.30571902333429)^(X_8) + (2.3633384896178584)((X_4 + X_8)^(0.30571902333429)),9,0.545006538572898,0.587273694313498,0.545006538572898,0.587273694313498,0.14762810519802982,0.15311339096013488
473,log(sqrt((-158.6161044787092)(X_2) + (-16.934283214475514)(-21.210227284469884 - (X_9)))),11,2.6869561548180405,2.757500256129052,2.6869561548180405,2.757500256129052,-3.2023090492257076,-2.9764935224445277
474,log(X_5 + sqrt((42.58558907646031)((X_7)((X_8)((2)(X_4) + ((X_6)(X_6))((sqrt(X_2))(sqrt(X_2)))))))),20,0.4456106477524061,0.4766003301672164,0.4456106477524061,0.4766003301672164,0.3030799352183413,0.3127115323045092
475,(-38117673.76950082)^(-1) + (((-38117673.76950082 + (-38117673.76950082)^(-1))^(-1))(X_5))^(X_5),9,15.08395832424044,15.147147452665404,15.08395832424044,15.147147452665404,-22.590803463777252,-20.843165234584557
476,log(sqrt((1004.5327303016779)(X_2))),5,0.49210258213989966,0.545348905714568,0.49210258213989966,0.545348905714568,0.23036811361223009,0.21357164474377444
477,((-2.0534791113946698)(-2.0534791113946698) - ((-2.0534791113946698)^(-2)))(sin(((X_6)(X_8))^((-2.0534791113946698)^(-2)))),11,0.564983425505628,0.620583366357313,0.564983425505628,0.620583366357313,0.11638492596630357,0.10507869184357987
478,log(X_4) - ((42.17711421392806 + X_1)((-14.48976160460398 + X_1 - (X_4))^(-1))),12,0.5436830164642221,0.5703899155951415,0.5436830164642221,0.5703899155951415,0.1496980492587715,0.17746089067793325
479,log(sqrt((-177.16540240755887)(((2)(X_0) + X_3)(X_9)))),11,0.5564127620649018,0.5999365766454547,0.5564127620649018,0.5999365766454547,0.12978915530970014,0.13485269652988674
480,3.4401193234211487 + (0.00487652608048527)((sqrt((2)((X_1)(X_2))))^(3.4401193234211487)),11,0.5219407987119252,0.5750210756239025,0.5219407987119252,0.5750210756239025,0.18370214651464978,0.1707824587123008
481,log(sqrt((-3436.052012126613)(X_4))) - (sin(X_8)),8,0.5651237087202635,0.6210726592739403,0.5651237087202635,0.6210726592739403,0.1161655277370991,0.10437309984618237
482,2.147822231764522 - (((-0.700279799976071 + (log(-0.700279799976071))((X_4)^(-1)))^(-1))(sqrt(sqrt(2.147822231764522 + X_4)))),14,0.5737363391757009,0.6174663887125149,0.5737363391757009,0.6174663887125149,0.10269566339427272,0.10957357498514808
483,log((-22.458700003321695)(X_2)),4,0.47377585464547695,0.5245930900714161,0.47377585464547695,0.5245930900714161,0.2590304989862562,0.24350287186681685
484,1.7777671853171502 + (0.28565102104791396)(X_9) + (0.5715380390622773)(sqrt(X_4 + (X_6)(X_7))),14,0.5053402696628735,0.5120175472332645,0.5053402696628735,0.5120175472332645,0.20966481558153238,0.2616376171042776
485,log(sqrt((556.0969187114395)((X_2)(X_6)))),7,0.4836994852097285,0.5121734179977914,0.4836994852097285,0.5121734179977914,0.2435102745692891,0.26141284139152776
486,log((X_6)(sqrt((327.03085877893585)(X_8)))),7,0.5746461692334892,0.6121331591234186,0.5746461692334892,0.6121331591234186,0.10127271978641161,0.1172644366152108
487,3.0278664210249637 + log(X_4) - (log(sqrt(sqrt(-1.3089320839238638 + X_4)))),10,0.5702939942719206,0.6161575292172753,0.5702939942719206,0.6161575292172753,0.1080793750390544,0.11146103493843063
488,log(sqrt((X_4)(-951.4537290101254 + sqrt(exp(X_3)) - (X_3)))),10,0.5739907365672854,0.6182719382858732,0.5739907365672854,0.6182719382858732,0.10229779443059872,0.10841192045643222
489,log(sqrt((477.2420244710432)((X_2)(X_4)))),7,0.44645857634454766,0.5030440387075993,0.44645857634454766,0.5030440387075993,0.3017538034206696,0.2745779961474333
490,log(sqrt((-1067.1265952910678)(X_8))),5,0.5790592988408014,0.6323591721727473,0.5790592988408014,0.6323591721727473,0.09437073351806113,0.08809721906128065
491,log((22.458699767255712)(X_2)),4,0.473775854645477,0.5245930906367907,0.473775854645477,0.5245930906367907,0.2590304989862561,0.24350287105151014
492,log((-11.62511600943482)(X_6 + X_8)),6,0.5404689046887176,0.5819869908552696,0.5404689046887176,0.5819869908552696,0.1547248119676481,0.1607371589035841
493,(0.00013354826775184673)(22879.819321893247 + (X_4)(sin(X_9))) + log(X_4),10,0.6247528487665195,0.6644508507045627,0.6247528487665195,0.6644508507045627,0.022907558356166757,0.041818945279621156
494,4.487931522329906 + log(X_4) - ((1.1597401865909467)^(X_4)),7,0.5749734701495656,0.6240494302455117,0.5749734701495656,0.6240494302455117,0.10076083216257326,0.10008040378570338
495,log(X_4) + (2.547650148759507)(sqrt(sqrt(X_2))),8,0.5141562761333971,0.5919105007473638,0.5141562761333971,0.5919105007473638,0.19587687799174958,0.14642681651354528
496,log((X_4)(X_9)) + (0.49153553126561983)(6.989766694887524 - (sqrt((X_4)(X_9)))),10,0.5390245422018797,0.569551293088408,0.5390245422018797,0.569551293088408,0.15698374631531786,0.17867023851331054
497,3.2399202279695665 + (0.23926628787223114)(X_4),5,0.5799734158160409,0.6193926021852593,0.5799734158160409,0.6193926021852593,0.0929410853154986,0.10679585071107467
498,log(sqrt((1067.1265960219835)(X_8))),5,0.5790592988408014,0.6323591721800897,0.5790592988408014,0.6323591721800897,0.09437073351806102,0.08809721905069234
499,X_4 + (-0.7607337121277745)(-4.258941304056994 + X_4),6,0.5799734158160409,0.6193926021852595,0.5799734158160409,0.6193926021852595,0.0929410853154986,0.10679585071107423
500,0.6559751694777471 + (1.535483517930313)(sqrt(X_2 + sqrt((2)(X_9)))),11,0.4419107013589676,0.4862714680485489,0.4419107013589676,0.4862714680485489,0.3088665269284131,0.29876512665892196
501,log(sqrt(X_2 + X_4 + sqrt(X_2))) + (1.886418157729699)(sqrt(sqrt(X_2 + X_4 + sqrt(X_2)))),11,0.4390595715175286,0.49836643963378013,0.4390595715175286,0.49836643963378013,0.31332559810146243,0.28132339621631497
502,3.5472487198527745 + ((-1)(sqrt((4)(((-2.463102471313401)(-2.463102471313401))((2)^(-2))))))((-2.463102471313401 + (X_4)^((2)((X_0)(X_0))))^(-1)),21,1.7541079596698983,1.8854168097724107,1.7541079596698983,1.8854168097724107,-1.743365848758644,-1.7188928503284022
503,log(sqrt((1004.5327071413057)(X_2))),5,0.4921025821398998,0.5453489060384596,0.4921025821398998,0.5453489060384596,0.23036811361222975,0.21357164427670172
504,log((X_4)^(X_3)) + (34.414915487100934)((8.027267619116156 + (X_4)^(X_3) + sqrt((X_4)^(X_3)))^(-1)),13,0.5708624293826229,0.5900907552485917,0.5708624293826229,0.5900907552485917,0.10719036164547202,0.14905100709060193
505,log(sqrt((0.836019090230779)(X_4) - (X_7))),7,16.366267154678145,16.32575966878899,16.366267154678145,16.32575966878899,-24.596291343580532,-22.542800196529626
506,log(sqrt((X_5)((-773.4818704281543)(X_8) - (X_1)))),9,0.5526255756643087,0.5882522571063086,0.5526255756643087,0.5882522571063086,0.13571218745660707,0.15170224019114853
507,log(sqrt((1159.436616727349)(X_8))) - ((X_8)((sqrt((1159.436616727349)(X_8)))^(-1))),9,0.5797589735849573,0.6328899863493681,0.5797589735849573,0.6328899863493681,0.09327646575205795,0.08733175072441901
508,log((-22.45869997992885)(X_2)),4,0.47377585464547683,0.5245930901274416,0.47377585464547683,0.5245930901274416,0.2590304989862563,0.24350287178602448
509,log(sqrt((96.17397954479773)((X_1 + X_4)(((X_8)^(X_5))(X_9))))),13,0.49711128383290687,0.5300619274764594,0.49711128383290687,0.5300619274764594,0.22253467263417226,0.2356164550049794
510,log(sqrt((-533.2557058772379)((X_2)(X_7)))),7,0.4914143394753685,0.5408176641246335,0.4914143394753685,0.5408176641246335,0.23144450199022282,0.2201059878652143
511,log((sqrt((273.89011748380267)((X_5)(X_8))))^(1.158494174004994)),9,0.5510330630836701,0.5861432117378388,0.5510330630836701,0.5861432117378388,0.13820282356788993,0.15474361987103102
512,(-0.5334673828365715)((-2)(X_4) + log(log(-4.534096558783663 + (1.8208720141702706)(X_8)))),13,1.7413931391064223,1.8660153318062453,1.7413931391064223,1.8660153318062453,-1.7234802970657492,-1.690914665634919
513,log(sqrt((X_4)(-2.6948688327925336 + (2)(X_4)))),8,10.566027128692092,10.565559848914472,10.566027128692092,10.565559848914472,-15.524911036471291,-14.236219908529401
514,log(sqrt((506.97965515027875)((X_4)(X_8)))),7,0.5318752852119472,0.5869265748931026,0.5318752852119472,0.5869265748931026,0.1681649437792817,0.15361395959059965
515,log((22.458700007794196)(X_2)),4,0.473775854645477,0.5245930900607044,0.473775854645477,0.5245930900607044,0.2590304989862561,0.2435028718822636
516,log((-3.600394710273365)(X_2) + (2)(X_6)),8,8.161825462310906,8.680845808700287,8.161825462310906,8.680845808700287,-11.764820496593698,-11.51834049730761
517,log(sqrt((-1067.1265952910678)(X_8))),5,0.5790592988408014,0.6323591721727473,0.5790592988408014,0.6323591721727473,0.09437073351806113,0.08809721906128065
518,(0.48722636161623956)(log(X_4) + (5.894614804845085)(sqrt(sqrt(X_9)))),10,0.5505313860347442,0.5825566708780784,0.5505313860347442,0.5825566708780784,0.1389874295982897,0.159915643505524
519,log((22.45870000779371)(X_2)),4,0.473775854645477,0.5245930900607056,0.473775854645477,0.5245930900607056,0.2590304989862561,0.24350287188226194
520,log((X_8)(18.936901917282043 + (X_1)(X_9))),8,0.5751485176272508,0.6278558454391646,0.5751485176272508,0.6278558454391646,0.10048706379526962,0.0945913071563732
521,log(X_4) - ((-0.26325041599516263 + ((X_1)^(-1))(X_4))((-2.33103997294075 + ((X_1)^(-1))(X_4))^(-1))),13,10.533191345765106,11.197563105004349,10.533191345765106,11.197563105004349,-15.473556976418966,-15.147609435482043
522,(-0.26403831712798453)(X_4) + (3.0632600680830158)(sqrt(sqrt((2)(X_4)))),10,0.5732863469919844,0.6198110469139847,0.5732863469919844,0.6198110469139847,0.1033994360339272,0.10619242637790205
523,(0.3898760134898654)(7.500850223381657 + X_2),5,0.4734535992877602,0.525314718023223,0.4734535992877602,0.525314718023223,0.2595344955265295,0.24246223773828046
524,log(16.865396468656673 + (16.865396468656673 - (X_1))(X_2) - (X_1)),8,0.4865400450080962,0.5436130355526134,0.4865400450080962,0.5436130355526134,0.2390677345880753,0.2160748816662278
525,(5.719759599652739 - ((log(5.719759599652739))((5.719759599652739)^(-1)) + sqrt(log(5.719759599652739))))(sin((X_8)^((log(5.719759599652739))((5.719759599652739)^(-1))))),12,0.5814909328436662,0.6351483846537103,0.5814909328436662,0.6351483846537103,0.09056773972662147,0.08407499446180211
526,log((-22.45869999822391)(X_2)),4,0.47377585464547683,0.5245930900836252,0.47377585464547683,0.5245930900836252,0.2590304989862563,0.2435028718492105
527,log((X_2)(-13.603320184353713 + (0.9548257135533922 + X_1 + X_4 - (X_2))(X_8))),13,3.0107385076602102,3.2755940322924144,3.0107385076602102,3.2755940322924144,-3.7086937585141193,-3.7236182200228036
528,((1.0781208823541815)^(-1))((X_4)^((-1 + 1.0781208823541815)(X_4))) + (1.525259803875267)(sqrt((2)(1.0781208823541815) + (-2)(X_4))),17,1.738906951262551,1.781949259621236,1.738906951262551,1.781949259621236,-1.719591982901917,-1.569685958309135
529,log(-8.760147025045788 + (-8.760147025045788)(X_1 + X_8)),7,0.5489531097005439,0.582094171862839,0.5489531097005439,0.582094171862839,0.14145580069898522,0.1605825969660536
530,(0.9543657994755049)(log(14.028708145301401 + sqrt(X_5) + (14.028708145301401)((X_8)(sqrt(X_9))))),13,0.5385666406721406,0.58500400327985,0.5385666406721406,0.58500400327985,0.15769988890611764,0.15638643206799718
531,log(sqrt((-477.2420246070332)((X_2)(X_4)))),7,0.44645857634454766,0.5030440387036464,0.44645857634454766,0.5030440387036464,0.3017538034206696,0.2745779961531335
532,log(sqrt((7.504248781551344 - ((-4.725075258486751)^((X_2)(X_5))))(X_8))),11,2.8385461778485297,2.9631633915516087,2.8385461778485297,2.9631633915516087,-3.439390746450684,-3.273073050948896
533,log(sqrt((950.4593296664652)(X_4))),5,0.5739682593027565,0.6182254467001854,0.5739682593027565,0.6182254467001854,0.10233294811628946,0.10847896432666382
534,log(-17.001685944673707 + X_8 + (-17.001685944673707 + X_8)(X_9)),8,0.6073992710085423,0.6475812444941472,0.6073992710085423,0.6475812444941472,0.05004797027469621,0.06614600732532927
535,log(sqrt((-1067.1265952910678)(X_8))),5,0.5790592988408014,0.6323591721727473,0.5790592988408014,0.6323591721727473,0.09437073351806113,0.08809721906128065
536,(4.353123211250753 - ((4.353123211250753)^(-1)))(sin((X_4)^((4.353123211250753)^(-1)))),8,0.5757114367184035,0.6228803711373709,0.5757114367184035,0.6228803711373709,0.09960667727072925,0.1017662625487421
537,2.920517676785056 + log(0.3769370207324328 + X_2),6,0.4659659508827986,0.5176253329228789,0.4659659508827986,0.5176253329228789,0.27124492578166015,0.2535508278390928
538,log(sqrt((-288.95902347360806)((X_1)((X_6)(X_8))))),9,0.4965644063891275,0.5205040412773834,0.4965644063891275,0.5205040412773834,0.22338997056178833,0.24939954440793066
539,log((20.472963072169467)(X_2) + log((20.472963072169467)(X_2))),6,0.4690260691807402,0.5202400271111843,0.4690260691807402,0.5202400271111843,0.2664590036920561,0.24978026989268465
540,(exp(((log(1.572080078391892))((1.572080078391892 + log(1.572080078391892))^(-1)))((sqrt(X_2))^((1.572080078391892)((log(1.572080078391892))((1.572080078391892 + log(1.572080078391892))^(-1)))))))(((sqrt(X_2))^((1.572080078391892)((log(1.572080078391892))((1.572080078391892 + log(1.572080078391892))^(-1)))))(sqrt(sqrt(43.06618367906698 + X_4)))),19,0.45978109666103645,0.5117840039458725,0.45978109666103645,0.5117840039458725,0.2809178297543016,0.26197440161316765
541,log(X_0 + sqrt((863.0400326231515)(X_4))),7,0.5695641694479144,0.6148946469848273,0.5695641694479144,0.6148946469848273,0.10922079651583261,0.11328219270832662
542,(3.1679127438649486)(sqrt(sqrt(X_2))),5,0.46959453015550334,0.520900881459667,0.46959453015550334,0.520900881459667,0.26556994984795246,0.2488272752265267
543,2.437118788868107 + (X_4)^(0.39310675330375316),5,0.5757893106865146,0.6178195010520212,0.5757893106865146,0.6178195010520212,0.09948488500392727,0.10906436417814225
544,log(23.528954813831852 + X_1 + X_5 + (1.880934414021098)(((X_8)(X_8))(X_9))),13,0.5256919918421409,0.5672527041080999,0.5256919918421409,0.5672527041080999,0.17783540663196407,0.1819849523272591
545,(3.984788978584227)^((-0.46270829004338676)^((X_5)((exp(X_5))^(-1)))) + (3.811813218975203)(((-0.46270829004338676)^((X_5)((exp(X_5))^(-1))))((sqrt((-0.46270829004338676)^((X_5)((exp(X_5))^(-1))) + (X_6)(X_8)))^(-1))),19,inf,inf,inf,inf,-inf,-inf
546,3.8005997001499363,1,0.6393999402098051,0.6934516520121019,0.6393999402098051,0.6934516520121019,0.0,-2.0838531258338122e-06
547,log(-1146.8797314853143) + (-0.656898824491638)(sqrt(sqrt((-1146.8797314853143)((X_2)^(-1))))),11,0.4655826030454947,0.5176771384385921,0.4655826030454947,0.5176771384385921,0.27184446890513636,0.25347612093844885
548,log(sqrt((-950.459340371207)(X_4))),5,0.5739682593027565,0.6182254466886298,0.5739682593027565,0.6182254466886298,0.10233294811628946,0.10847896434332782
549,log(-14.528151055516497 + (-14.528151055516497)(X_2)),5,0.47412809760267993,0.5267423528540164,0.47412809760267993,0.5267423528540164,0.25847960284903193,0.24040349607744194
550,log(X_6) + (0.12374654212954371)(sqrt(sqrt(-452355.0108437875 + X_1 + (X_4)((X_5)((X_6)^(-1)))))),17,0.6386095792767211,0.6589807609506002,0.6386095792767211,0.6589807609506002,0.0012360979152182816,0.04970716810951026
551,log(-4.248190390406576 + (-12.164800301090475 + (-4.248190390406576)((X_1)(X_8)))(sqrt(X_6))),12,0.5013285873585539,0.5253212219034568,0.5013285873585539,0.5253212219034568,0.21593895177085265,0.2424528587227891
552,log(sqrt((X_2)((X_4)((-240.50733463788765)(X_2) + X_5)))),10,0.44809355577571774,0.515442910492121,0.44809355577571774,0.515442910492121,0.2991967505835461,0.2566980219834478
553,(0.9065344286996776)(exp(sqrt(sqrt(2.2083773061837233 + X_8)))),8,0.5752912174120985,0.6296486783550282,0.5752912174120985,0.6296486783550282,0.10026388613153558,0.09200592626260506
554,log(sqrt((-1067.1265952910678)(X_8))),5,0.5790592988408014,0.6323591721727473,0.5790592988408014,0.6323591721727473,0.09437073351806113,0.08809721906128065
555,log(sqrt((X_6)((-296.8553507845241)((X_2)(X_8)) - (sin((180.4297136672993)((X_2)^(-1))))))),15,0.45327786311865803,0.4877678717511955,0.45327786311865803,0.4877678717511955,0.29108866827556346,0.2966072158419383
556,log(8.679531880040816 + (8.679531880040816)((X_4)(X_8))),7,0.576103880657842,0.6445108661875655,0.576103880657842,0.6445108661875655,0.09899290814946571,0.0705736912105579
557,log(sqrt((-482.3409269923861)(X_4 + X_8))),7,0.557773817466213,0.6047864305285823,0.557773817466213,0.6047864305285823,0.12766051044172488,0.12785889389716043
558,log(X_4) + (1.8616505405633457)(sqrt(sqrt((X_0)(X_1) + ((X_0)^(-1))(X_6) + X_7))),17,0.5627246957186316,0.5940141210782557,0.5627246957186316,0.5940141210782557,0.11991750337983176,0.1433932600883442
559,log((X_0)(X_5) + sqrt((-874.533395835186)(X_2))),9,0.48677625253405016,0.5376031623720037,0.48677625253405016,0.5376031623720037,0.23869831396242358,0.2247415070709905
560,((X_2)^(0.15220073086813335))((X_4)^(0.15220073086813335)) + (2.036375092957039)(((X_2)^(0.15220073086813335))((X_4)^(0.15220073086813335))),9,0.446570377928753,0.5020648813647555,0.446570377928753,0.5020648813647555,0.3015789495034662,0.2759900042959794
561,log((sqrt((-535.8226649610822)(X_2)))(sqrt(X_8))),8,0.4635575898458308,0.5138938720395633,0.4635575898458308,0.5138938720395633,0.27501152143723306,0.25893183551036303
562,log(sqrt((397.6066219284033)((X_1)((X_4)^(sqrt(X_5)))))),10,0.5333689352073845,0.5453998369109003,0.5333689352073845,0.5453998369109003,0.16582892542596883,0.21349819866816455
563,log(sqrt((-934.9766413400348)(X_4) - ((X_4)^(X_4) + X_7))),9,0.5734596214414217,0.6168703885973955,0.5734596214414217,0.6168703885973955,0.10312844062316695,0.11043304565677547
564,3.186790725493042 + sqrt(X_4) - (log(sqrt((6.21645987748916)^(sin(X_8)) + X_4))),12,0.5475043625127645,0.5883934933084403,0.5475043625127645,0.5883934933084403,0.14372159257144612,0.1514985684628638
565,4.309443845247577 + (-0.949589306915739)((X_4)^(-1)),7,0.5715652718698618,0.6202891328310155,0.5715652718698618,0.6202891328310155,0.1060911396358355,0.10550299559797027
566,log(X_4) + (7.895598962553699)(((4.4437413610616305 + X_4)^(-1))(sqrt(4.4437413610616305 + X_4))),11,0.5723021603393698,0.6186247930509844,0.5723021603393698,0.6186247930509844,0.10493867085508124,0.10790308108834523
567,log(sqrt((X_4)^(0.22590646690855626))) + (3.4118787475062673)(sqrt((X_4)^(0.22590646690855626))),8,0.5741370362007231,0.617528518929209,0.5741370362007231,0.617528518929209,0.1020689867247524,0.10948397919864428
568,(-166057180332085.34)((-51253484160573.47 + (sqrt(-51253484160573.47))((X_0)^(-1)))^(-1)) + (0.23926632887147115)(X_4),14,0.5799734492617806,0.6193926236263034,0.5799734492617806,0.6193926236263034,0.09294103300748657,0.10679581979170372
569,log((X_2)^((-957.9070779478933)(X_2)) + (-24.011450357736116)(X_8)),9,0.6058841681199933,0.6698029465143496,0.6058841681199933,0.6698029465143496,0.05241754023125844,0.03410087734043776
570,log(X_4) + (3.626770510675196)(sqrt(sqrt((0.7430448761273128)^(X_4)))),9,0.5726941375572265,0.6203909735900446,0.5726941375572265,0.6203909735900446,0.10432563167067321,0.10535613464385074
571,log(X_4) + sqrt(((-1.9404610882824747 + X_4)^(-1))(-2.097557837750193 + X_4) - (log(-1.9404610882824747))) - (((-1.9404610882824747 + X_4)^(-1))(-2.097557837750193 + X_4)),14,8.136032277158767,8.722567696151557,8.136032277158767,8.722567696151557,-11.724480822580476,-11.578506154527544
572,log(sqrt((-1067.1265960219603)(X_8))),5,0.5790592988408014,0.6323591721800894,0.5790592988408014,0.6323591721800894,0.09437073351806102,0.08809721905069279
573,log(sqrt((1067.1265960219885)(X_8))),5,0.5790592988408014,0.6323591721800897,0.5790592988408014,0.6323591721800897,0.09437073351806102,0.08809721905069234
574,2.5710513236606194 + (0.351073958526698)(X_5 + X_8),7,0.5468684767910119,0.5857671536967397,0.5468684767910119,0.5857671536967397,0.14471609645198136,0.15528591986218054
575,log((X_6)(sqrt((-327.0308529685836)(X_8)))),7,0.5746461692334893,0.6121331593784383,0.5746461692334893,0.6121331593784383,0.10127271978641128,0.11726443624745586
576,3.1116780673054945 + log(X_2),4,0.47377585464547683,0.5245930900607011,0.47377585464547683,0.5245930900607011,0.2590304989862563,0.2435028718822685
577,log((22.45869998171516)(X_2)),4,0.473775854645477,0.5245930901231635,0.473775854645477,0.5245930901231635,0.2590304989862561,0.24350287179219376
578,3.3602851698770464 + (0.4439379648648353)(sqrt(-1.0000001719512743 + X_4)),8,0.5708613233576681,0.6168678050620252,0.5708613233576681,0.6168678050620252,0.10719209143129971,0.11043677128169338
579,4.151849868289387 - ((sqrt(sqrt(-0.358618534241087 + (exp(-0.358618534241087))^(X_1))))^(X_6)),11,0.5559107478887286,0.5820639337295682,0.5559107478887286,0.5820639337295682,0.13057428859577513,0.1606262023078172
580,log(sqrt((541.7254910496421)((X_1)(X_6)))),7,0.5451923642445623,0.5602631684454388,0.5451923642445623,0.5602631684454388,0.14733748009787218,0.19206431432394078
581,(4.158750499043793)(sin((X_8)^((4.158750499043793)^(-1)))),7,0.5817321860339023,0.6347939612147958,0.5817321860339023,0.6347939612147958,0.09019042785174558,0.08458609595886024
582,log(X_0) - (((7.3391486088622075 - (X_0))^(-1))(sqrt(2.999999877566733 + ((X_0)^(-1))(X_4) - ((X_6)(X_6))))),17,12.527629536641069,12.708200939054604,12.527629536641069,12.708200939054604,-18.592791223174654,-17.32604678957067
583,log(-0.3828676807883116 + X_7 + (-0.3828676807883116)(X_8)),7,18.501227347740727,18.284753668104813,18.501227347740727,18.284753668104813,-27.93529727523896,-25.367796107762103
584,log(sqrt((-1067.1265952910678)(X_8))),5,0.5790592988408014,0.6323591721727473,0.5790592988408014,0.6323591721727473,0.09437073351806113,0.08809721906128065
585,1.0831103582078387 + log((-5.4968922496698625)(X_2) + (-2)(X_8)),10,0.44900020410984554,0.49840590159170695,0.44900020410984554,0.49840590159170695,0.2977787830844715,0.281266489523476
586,(-0.3369557877937684)(-10.35982033526846 + (X_4)((X_9)^(-1))) + log(X_4),11,0.539196932570325,0.5837825555110858,0.539196932570325,0.5837825555110858,0.15671413357749253,0.15814783866431548
587,2.932288057748071 + (0.6013938670989741)(sqrt((0.6956725656170514 + (-0.8370934116024703)(X_2))(X_9))),12,0.4339621460435415,0.4738635232805451,0.4339621460435415,0.4738635232805451,0.3212978000887108,0.3166581846512645
588,log(sqrt((-695.8597509852578)(((X_0)^((1.6735534632112767)((X_0)^(-1))))(X_8)))),12,0.5613388350425506,0.6247774286789003,0.5613388350425506,0.6247774286789003,0.12208494286321092,0.09903058301115064
589,log(sqrt((X_5)((-2.793420505532835)(X_8) + X_9))),9,10.732591420750854,10.714531474436345,10.732591420750854,10.714531474436345,-15.785411986790596,-14.451046617103255
590,log(X_4) - (((38.70852150791287 + (log(38.70852150791287))(sin(X_9)))^(-1))(sqrt(-2.000000076577911 + X_4))),15,10.070561238428473,10.121601286683177,10.070561238428473,10.121601286683177,-14.750019049304319,-13.596002979075774
591,(4.554870429624551 - ((4.554870429624551)^(-1)))^(sin((X_8)^((4.554870429624551)^(-1)))),8,0.5788251158324039,0.632924865189281,0.5788251158324039,0.632924865189281,0.09473698786634999,0.08728145318385638
592,sqrt(4.86510391895235 + X_9) + (0.23173927190590712)(X_4 + sqrt(4.86510391895235 + X_9)),9,0.5333606535880147,0.5610567586424384,0.5333606535880147,0.5610567586424384,0.16584187760010727,0.19091990598859043
593,log((-22.458699828914824)(X_2)),4,0.473775854645477,0.524593090489118,0.473775854645477,0.524593090489118,0.2590304989862561,0.24350287126446368
594,log(58.5597398496736) - (((0.07323539553601041)(((X_4)^(-1))(sqrt(58.5597398496736 + (107.25040176347783)((X_8)^(-1))))))^(X_2)),17,0.4857600013506002,0.5470919819778974,0.4857600013506002,0.5470919819778974,0.2402876966312999,0.2110580161575757
595,log((sqrt(X_6))(X_3 + sqrt((523.7471598066998)(X_8)))),10,0.5349615261605426,0.5774806896415968,0.5349615261605426,0.5774806896415968,0.16333816674270152,0.1672355363911383
596,log((X_2)(-3.2922338598698824 + X_4 + X_6)),8,9.841231863629526,10.034725986840632,9.841231863629526,10.034725986840632,-14.391355620709538,-13.47072318397278
597,(X_4)^(0.3092709588684486) + (2.118272588821781)(sqrt(sqrt(X_2))),9,0.43660380587801,0.49233399723864696,0.43660380587801,0.49233399723864696,0.31716633296095076,0.2900225678865439
598,log((22.458700007790423)(X_2)),4,0.47377585464547695,0.5245930900607135,0.47377585464547695,0.5245930900607135,0.2590304989862562,0.24350287188225062
599,(3.4642851868668822)(sqrt((X_8)^((3.4642851868668822)^(-1)))),7,0.5776321675002289,0.6313617174678472,0.5776321675002289,0.6313617174678472,0.09660271893254868,0.08953561318804493
600,2.534619370870021 + (0.27986130959926836)(X_1 + log((X_4)((X_5)^(X_2) + X_9))),14,0.5037242443731221,0.5147682652650476,0.5037242443731221,0.5147682652650476,0.21219222477900768,0.25767090398751746
601,log(1.3624088068089881 + (1.3624088068089881)(X_8) - (X_7)),7,11.796291221797997,11.898982645328157,11.796291221797997,11.898982645328157,-17.449002697634445,-16.15910172905995
602,log(sqrt((X_6)((X_8)(sin(-3.6490377245954395) + X_1 + (-3.6490377245954395)((X_2)(X_7)) + X_9 + (X_1 + X_9)(X_1 + X_9))))),20,5.573749592907589,5.563920523301788,5.573749592907589,5.563920523301788,-7.717156887876287,-7.023532861376561
603,log(-21.400171831980128 + sqrt((-1890.0896846370192)((X_2)((sin((X_7)^(X_7)))^(-1))))),13,0.47048370246334703,0.5254339969150181,0.47048370246334703,0.5254339969150181,0.2641793142661726,0.24229022987009152
604,log(sqrt(((-562.7644106338472)(X_0) - (((X_3)^(X_3))(X_6)))(X_8))),12,0.5593342080474597,0.6267497957272845,0.5593342080474597,0.6267497957272845,0.12522011205705408,0.09618630229917235
605,-31.073792230561345 - (((-152.8942157645337 + X_4)^(-1))(5247.70934968569 + X_4)),10,0.5801645360933342,0.6194938424352947,0.5801645360933342,0.6194938424352947,0.09264217963022348,0.10664985572972074
606,log(X_4) + (3.0968486421086103)(sqrt(sqrt(((X_4)((X_6)^(-1)))^(0.057635959895084764 - (sin(X_8)))))),16,0.5427175771422814,0.6032612386267433,0.5427175771422814,0.6032612386267433,0.15120796388532587,0.13005831915729116
607,log(X_4) - ((sqrt(sqrt(0.5534323664536741 + X_4 - (X_5))))((1.2888752238002859 + ((-1)((0.5534323664536741)^(-1)))(sqrt(sqrt(0.5534323664536741 + X_4 - (X_5)))))^(-1))),17,1.9771783235774882,1.9658350308595398,1.9771783235774882,1.9658350308595398,-2.0922403948438286,-1.8348611206952699
608,log(X_7 + sqrt((1975.1889728981819)(X_8) + (-1507.9156550613973)(((X_6)^(-1))(X_8)))),14,0.5260505605302567,0.5819879510547711,0.5260505605302567,0.5819879510547711,0.1772746172643609,0.16073577423386776
609,log(sqrt((235.92030584872242)((X_4)(X_7 + X_9)))),9,0.5288041377435355,0.5587302124962535,0.5288041377435355,0.5587302124962535,0.17296811512053012,0.19427493584195465
610,-3436.6031604956925 + (3439.527682868402)((1.0001133215915265)^(X_2)),7,0.4734570506817786,0.5253200223032078,0.4734570506817786,0.5253200223032078,0.25952909766237375,0.24245458862385016
611,log(-12.749858915587378 + (-12.749858915587378 - (X_2))(X_8) - (X_2)),8,0.5362461539960219,0.5900215725753098,0.5362461539960219,0.5900215725753098,0.16132905201701386,0.14915077297514134
612,(40.779949951711195)((11.076081356236406 + X_4)^(-1)) + log(X_4),9,0.5723740525332587,0.6194208684483358,0.5723740525332587,0.6194208684483358,0.10482623388196333,0.10675508893352714
613,(4.401159903283198 - ((4.401159903283198)^(-1)))(sin((X_8)^((4.401159903283198)^(-1)))),8,0.5822963734175123,0.6352281937338881,0.5822963734175123,0.6352281937338881,0.08930805776046136,0.083959904611981
614,log(sqrt((X_1)((520.4023943379499 + X_1)(X_8)) - (X_1))),9,0.5453098047093572,0.5726597671330289,0.5453098047093572,0.5726597671330289,0.14715380716109283,0.17418761811258787
615,log(X_4) + (-0.1355239830589674)(-21.188373056094957 + X_4 + log(X_4) - ((X_8)(X_9))),12,0.4981534764669494,0.5427406825964962,0.4981534764669494,0.5427406825964962,0.22090471840912085,0.2173328709888308
616,sin(X_5) + log(sqrt((X_2)(sqrt(-30739.3097764404 - (X_2))))),10,0.489311645317719,0.5385680216726939,0.489311645317719,0.5385680216726939,0.23473304492777702,0.22335011762297974
617,(4.353929097079462)(sin(X_5)),4,0.6217456010922318,0.6544696622236378,0.6217456010922318,0.6544696622236378,0.027610792568702025,0.056212463921179734
618,log((1.3426054527815603 - (X_1))(X_2)),6,11.590660670954462,12.095567681992279,11.590660670954462,12.095567681992279,-17.127403432585933,-16.442590052648274
619,4.04496959747279 + (sin(sin(X_2)))(-10.70027243975348 + log(26286.431889831823 + sin(X_2)) - ((log(26286.431889831823 + sin(X_2)))^(-1))),14,0.5323804811246143,0.5866228079533328,0.5323804811246143,0.5866228079533328,0.16737483436434897,0.15405201114313993
620,log((X_6)(sqrt((327.03086100856046)(X_8)))),7,0.5746461692334892,0.612133159025559,0.5746461692334892,0.612133159025559,0.10127271978641161,0.11726443675633047
621,log(X_2 + X_7) + (2.463264393685849)(sqrt(sqrt((-0.9822503848240531 + X_4)^(0.2163141064926471)))),14,0.4427201128538751,0.4946208959191691,0.4427201128538751,0.4946208959191691,0.30760063457527675,0.28672471224015894
622,log(X_9) - ((1648835075.456912 + X_4)(((-1313893112.7706757)((X_9)^(-1)) + log((-1313893112.7706757)((X_9)^(-1))))^(-1))),14,2.1399514679989453,2.399265097522335,2.1399514679989453,2.399265097522335,-2.346812117775249,-2.4598952793273274
623,sqrt(sqrt((-69.76590322052115)(-5.5142679665467895 + sqrt(X_7 - (exp(X_2)))))),11,1.20154670464065,1.2617024747163605,1.20154670464065,1.2617024747163605,-0.8791786315250338,-0.8194564830267177
624,log(X_6 + sqrt((-544.1795583564342 + X_5)((X_6)(X_8)))),10,0.5343408921132711,0.5784405156700136,0.5343408921132711,0.5784405156700136,0.16430881751734483,0.1658514052469291
625,(2.2509657978303554)(X_4) + (-1.612488567751695)(sqrt(X_7) - (sin(8.987808016095881 - (X_4)))),12,1.9365802388172637,2.061258647035922,1.9365802388172637,2.061258647035922,-2.0287463558126344,-1.9724681402305237
626,log(14.041994485226821 + (14.041994485226821)(X_4)),5,0.5795942955260462,0.6196643870235328,0.5795942955260462,0.6196643870235328,0.09353401669717853,0.10640391941515137
627,log(((-1)(-11.322816745516322))(X_2) + ((-1)(1 + -11.322816745516322))(X_2) + X_5),13,0.4711195871132374,0.5213369827965028,0.4711195871132374,0.5213369827965028,0.26318481206199396,0.24819838892372315
628,log((2)((X_4)((X_6)(X_9)))) + (0.5781306853474882)(4.597728167682552 - (log((2)((X_4)((X_6)(X_9)))))),13,0.5071969903288268,0.5252841317774356,0.5071969903288268,0.5252841317774356,0.2067609669115683,0.24250634508078373
629,log(sqrt((-589.1373280636999 - (X_5))((X_6)(X_8)))),9,0.5331248540165705,0.5782077980909355,0.5331248540165705,0.5782077980909355,0.1662106601986275,0.16618699903108436
630,2.341173229579019 + log(X_2 + X_4),6,0.4513589386852441,0.5121712032106529,0.4513589386852441,0.5121712032106529,0.2940898015455857,0.26141603525767154
631,(sqrt(4.359124900658047) - (4.359124900658047))(sqrt(4.359124900658047) - (4.359124900658047)) + ((-1)((4.359124900658047)^(-1)))(exp(sqrt(4.359124900658047)) - (X_9)),12,0.5827165794372008,0.6249291562199022,0.5827165794372008,0.6249291562199022,0.08865086967947611,0.09881178209440378
632,(1 + log(1.320398053987367))(sin((X_8)^((log(1.320398053987367))^(-1)))),10,12.312421055677808,11.197565007146906,12.312421055677808,11.197565007146906,-18.256212397576633,-15.147612178494501
633,log(sqrt((-210.94080125951314)((X_2)(X_1 + X_2 + sin(X_2))))),10,0.4650129167349096,0.5098836454894647,0.4650129167349096,0.5098836454894647,0.2727354391332508,0.2647148412832754
634,(0.8210500034490364)(log((-51.42007678862541)(X_2))),6,0.4655157755190651,0.5173889516253408,0.4655157755190651,0.5173889516253408,0.2719489849087001,0.2538917049419682
635,log(sqrt((540.907484023507)((X_8)(X_9)))),7,0.5358603507132796,0.5784954492252665,0.5358603507132796,0.5784954492252665,0.1619324353745658,0.1657721875111765
636,log((10.79780677802517)(X_2 + X_9)),6,0.4612460217685237,0.5059512135191707,0.4612460217685237,0.5059512135191707,0.2786267361595688,0.27038566224605554
637,(3.6267700594571735)((1.0770756667168786)^((-1)(X_4))) + log(X_4),9,0.5726941375572415,0.6203909664931175,0.5726941375572415,0.6203909664931175,0.10432563167064979,0.10535614487807798
638,(-0.6132335475903413)(sin(X_2 + sqrt(X_9))) + log(36.58060051608928 + X_4),12,0.4630487448024128,0.5011224173404201,0.4630487448024128,0.5011224173404201,0.27580733796991996,0.27734909830860077
639,(36403398.43275835)((11698958.1928511 + X_1)^(-1)) + log(X_2),10,0.4737758653580667,0.5245931134758144,0.4737758653580667,0.5245931134758144,0.2590304822321261,0.24350283811616236
640,log((X_2)(20.41916591976658 + X_3)),6,0.46642361653317527,0.5170418911929663,0.46642361653317527,0.5170418911929663,0.27052915209824924,0.2543921885078959
641,-1.8037295000688625 + (-1.4589093377070537)(sqrt(log(sqrt(((-4.311859715635867)^(-1 + ((-1)(-4.311859715635867))((sin(X_5))^(-1))))(((X_8)^(-1))(sin(X_5) + sin(sin(X_5)))))))),22,inf,inf,inf,inf,-inf,-inf
642,log(15.234160796931237 + (15.234160796931237)(X_8)),5,0.5768924272755634,0.6318867961857483,0.5768924272755634,0.6318867961857483,0.09775964776244928,0.08877841575320633
643,log(sqrt((-1067.1265955031045)(X_8))),5,0.5790592988408014,0.6323591721748775,0.5790592988408014,0.6323591721748775,0.09437073351806102,0.08809721905820878
644,((-1)(-0.20030138908745815))((X_2)^(-1)) + ((X_0)^(0.230265475045894))((X_4)^(0.230265475045894)) - (log((-0.20030138908745815)((X_2)^(-1)))),16,0.4240024981672491,0.4778733633514533,0.4240024981672491,0.4778733633514533,0.33687435437025226,0.3108757362063137
645,3.2399202279695807 + (0.2392662878722262)(X_4),5,0.5799734158160409,0.6193926021852595,0.5799734158160409,0.6193926021852595,0.0929410853154986,0.10679585071107423
646,(40.77994158099061)((11.07607864726264 + X_4)^(-1)) + log(X_4),9,0.572374052533261,0.6194208700788472,0.572374052533261,0.6194208700788472,0.10482623388195977,0.10675508658222432
647,log(X_2) + (2.125187371826801)(sqrt(sqrt(2.3340540014132016 + X_4))),10,0.4466023483919456,0.5052984267040823,0.4466023483919456,0.5052984267040823,0.3015289487743731,0.27132702300784195
648,(log(42.78741835975988) - ((log(42.78741835975988))^(-1)))(sqrt((X_8)^((log(42.78741835975988))^(-1)))),9,0.5785964027615109,0.6318833408752487,0.5785964027615109,0.6318833408752487,0.0950946874163654,0.08878339853418327
649,log(sqrt((-481.7709299298912)((X_4)(X_9)))),7,0.5303814262630716,0.5627592693362229,0.5303814262630716,0.5627592693362229,0.17050128892874394,0.18846477557448493
650,3.504932113066634 + log((X_6)((sqrt(X_6))^(-1))),8,0.5954023433746162,0.6323441537247753,0.5954023433746162,0.6323441537247753,0.06881076157240806,0.08811887663354923
651,log(sqrt((1027.9713196337802)((sqrt(X_0))^(X_8)))),8,0.5634023182290887,0.6364824323513026,0.5634023182290887,0.6364824323513026,0.11885772456559729,0.08215121149339888
652,log(X_4) + (0.3310809185029237)(10.082689799416624 + sqrt(X_4) - (X_4)),9,0.5740383099980323,0.6231935870096742,0.5740383099980323,0.6231935870096742,0.10222339118506307,0.101314585025024
653,log(sqrt((535.8226627124334)((X_2)(X_8)))),7,0.46355758984583084,0.5138938720484867,0.46355758984583084,0.5138938720484867,0.27501152143723295,0.25893183549749477
654,log(X_8 + X_9 + (X_9)(X_9) + sqrt((658.467129569094)(X_8))),10,0.5498730957969177,0.5976103258174712,0.5498730957969177,0.5976103258174712,0.14001697338837893,0.13820730051532515
655,(-0.535834840805937)((X_4)^(-1)) + sqrt(14.38526402540149 + X_4),9,0.5726999315870503,0.6166868318430019,0.5726999315870503,0.6166868318430019,0.10431657000291339,0.11069774635561502
656,log((25.40537056086458)((X_2)^(0.821050003449028))),6,0.4655157755190648,0.5173889508540104,0.4655157755190648,0.5173889508540104,0.27194898490870045,0.25389170605427647
657,(4.158750524610284)(sin((X_8)^((4.158750524610284)^(-1)))),7,0.5817321860339016,0.6347939615466042,0.5817321860339016,0.6347939615466042,0.09019042785174647,0.08458609548037099
658,3.8005997001499234,1,0.6393999402098051,0.6934516520121019,0.6393999402098051,0.6934516520121019,0.0,-2.0838531258338122e-06
659,4.254308743232704 + (-0.20561063300526572)(((X_8)^(-1))(exp(sqrt(3.9999998893011415 - (X_4))))),13,0.5432319025332718,0.5928990406414866,0.5432319025332718,0.5928990406414866,0.15040357627336953,0.14500127811987884
660,log(X_4) + (4.525350190250737)(sqrt(((X_4)^(-1))(-1.422480622979405 + X_4))),11,0.998067159067695,0.9876404898212505,0.998067159067695,0.9876404898212505,-0.5609434663697359,-0.4242413945561361
661,log(sqrt((-1067.1265952910678)(X_8))),5,0.5790592988408014,0.6323591721727473,0.5790592988408014,0.6323591721727473,0.09437073351806113,0.08809721906128065
662,sqrt(X_4 + sqrt((75.13018810944637)(X_8))),7,0.5518141244674875,0.6085582424855851,0.5518141244674875,0.6085582424855851,0.1369812698349303,0.12241969737068192
663,sqrt((X_5)(X_5) + X_6 + X_9 + sqrt((-33.47367396808676)(X_8))),12,0.4949518543447715,0.51720097179773,0.4949518543447715,0.51720097179773,0.22591194772028933,0.2541627839981473
664,log(X_0 + (17.67871604286209 + X_1)(X_2) + X_4),10,0.45122871758418587,0.5015239936833534,0.45122871758418587,0.5015239936833534,0.29429346296759895,0.27676999927755175
665,log(42.51040107597355 + X_8) - (((X_4)^(-1))((42.51040107597355 + X_8)^((-18.801459703823213)((X_1)^(-1))))),14,0.6308749874484385,0.6843556749586425,0.6308749874484385,0.6843556749586425,0.013332739378376202,0.013114902719401633
666,(3.8264210763153716 + (3.8264210763153716)^(-1))(sin((X_4)^((3.8264210763153716)^(-1)))),8,0.5743610791540028,0.6218227459171538,0.5743610791540028,0.6218227459171538,0.10171859108160264,0.10329142644601463
667,log(X_4) - (((73.2661142788175 + (log(73.2661142788175))((X_1)^(-1)))^(-1))(sqrt(sqrt(-2.9999992671722935 + X_2)))),17,10.029752315182986,10.075689969267815,10.029752315182986,10.075689969267815,-14.686195265973815,-13.529795893182202
668,(3.591634258102566 + sqrt((3.591634258102566)^(-1)))(sin((X_8)^((3.591634258102566)^(-1)))),9,0.5811375182761375,0.6345762178706641,0.5811375182761375,0.6345762178706641,0.09112046822298747,0.08490009592878611
669,(4.141504440130898)(sin((X_2)^((4.141504440130898)^(-1)))),7,0.5024560568651709,0.5554151587129832,0.5024560568651709,0.5554151587129832,0.21417562738541873,0.1990554575722535
670,3.523647485664104 + log((-0.9091913933743887)(sqrt(X_4))),7,0.5739682599207591,0.6182254983187097,0.5739682599207591,0.6182254983187097,0.10233294714975438,0.10847888988941701
671,(0.041023867451233716)((-0.9601013242177076)^(X_7)) + (5.4252184485724575)((X_4)^(-1)),11,4.425528020311123,4.620408841403746,4.425528020311123,4.620408841403746,-5.921376969254929,-5.662928058864179
672,(4.401159894237513 - ((4.401159894237513)^(-1)))(sin((X_8)^((4.401159894237513)^(-1)))),8,0.5822963734175123,0.6352281936113158,0.5822963734175123,0.6352281936113158,0.08930805776046136,0.08395990478873827
673,(114.59653679883871)((45.03514273097607 + (2)(X_4))^(-1)) + sqrt(X_4),11,0.5756963250913173,0.6177959283608513,0.5756963250913173,0.6177959283608513,0.09963031134720601,0.109098357521764
674,log(sqrt(X_2 + X_4)) + (2.121513068634843)(sqrt(sqrt(X_2 + X_4))),9,0.44801138466573637,0.5134999278684907,0.44801138466573637,0.5134999278684907,0.2993252634356969,0.25949992845649894
675,log(sqrt((-1067.1265952910678)(X_8))),5,0.5790592988408014,0.6323591721727473,0.5790592988408014,0.6323591721727473,0.09437073351806113,0.08809721906128065
676,log(15.234160798646169 + sqrt(0) + (15.234160798646169 + sqrt(0))(X_8)),8,0.5768924272755634,0.631886796189528,0.5768924272755634,0.631886796189528,0.09775964776244928,0.08877841574775569
677,log(X_4) + (3.1247760000816505)(sqrt((0.8577991785331283)^(X_4 - (X_0)))),10,0.5540240560089666,0.6149409906364023,0.5540240560089666,0.6149409906364023,0.13352501123604144,0.11321536216864325
678,log(sqrt((-556.09691870854)((X_2)(X_6)))),7,0.4836994852097285,0.5121734179979299,0.4836994852097285,0.5121734179979299,0.2435102745692891,0.2614128413913279
679,log((2)(X_6) + sqrt((-204.2719219755257)((X_1)((X_2)(X_9))))),13,0.44357635829549075,0.4654331594568674,0.44357635829549075,0.4654331594568674,0.30626149550476833,0.32881531394334473
680,log(X_5 + (6.276060778269172 + (2)(X_5))(X_9 + (X_0)(sqrt(X_8)))) - (((log(sqrt(((X_0)(X_0))((sqrt(X_8))(sqrt(X_8))))))^(X_4))((sin((X_0)(sqrt(X_8))) - (((((X_0)(X_0))((sqrt(X_8))(sqrt(X_8))))^(X_9))^(X_9 + (X_0)(sqrt(X_8)))))^(-1))),29,0.5114230658276488,0.5680371418018842,0.5114230658276488,0.5680371418018842,0.20015152697725214,0.18085374249285868
681,log(sqrt((950.4593406741578)(X_4))),5,0.5739682593027565,0.6182254466883028,0.5739682593027565,0.6182254466883028,0.10233294811628946,0.10847896434379944
682,3.469830256399591 + log(X_2) + (-0.3875043777620372)(sqrt(-2.8294476202116385 + X_4)),11,0.4571336902793067,0.5166753593857896,0.4571336902793067,0.5166753593857896,0.2850582842886906,0.2549207510542705
683,exp((1.3117403299890782)((sqrt((X_4)^(sqrt(-2.850739890638752))))^(log(-2.850739890638752 + X_4)))),11,2.3485529539795262,2.478618921865395,2.3485529539795262,2.478618921865395,-2.673057825449436,-2.5743286208220426
684,log(X_5 + sqrt((X_1)((X_9)(-455.4560721416902 - (X_9))) - (X_8 + exp(X_8)))),14,0.5352084029068526,0.551536823725658,0.5352084029068526,0.551536823725658,0.16295205981527672,0.20464826719056262
685,3.2399202279695816 + (0.23926628787222606)(X_4),5,0.5799734158160409,0.6193926021852595,0.5799734158160409,0.6193926021852595,0.0929410853154986,0.10679585071107423
686,2.3085451766472764 + sqrt(X_4),4,0.584769482855013,0.6228638362250388,0.584769482855013,0.6228638362250388,0.08544019778429501,0.10179010696059199
687,log(-15.234160798675957 + (-15.234160798675957)(X_8)),5,0.5768924272755634,0.6318867961895939,0.5768924272755634,0.6318867961895939,0.09775964776244928,0.08877841574766088
688,log((0.00048109719869206957)(-96297.08019672775 + X_2) + sqrt(X_2)),8,0.6460531764999793,0.7000713280005022,0.6460531764999793,0.7000713280005022,-0.01040543777340841,-0.009548084304094928
689,2.3559187490485316 + (0.22131423848981058)(X_4 + X_8 + X_9),9,0.49765633103067447,0.5336614785243322,0.49765633103067447,0.5336614785243322,0.22168223714975732,0.2304256698386825
690,3.800599844457722 - (((9190722.451289156 + X_4)^(-1))(sqrt(X_4))),9,0.6393999588951682,0.6934516730029977,0.6393999588951682,0.6934516730029977,-2.9223279351953124e-08,-2.1141233537136372e-06
691,log(X_2) + (2.8269856488561813)(sqrt(-1.448962104287076 + X_4)),9,1.3087978589491802,1.3588270710144614,1.3087978589491802,1.3588270710144614,-1.0469158294255188,-0.9595164257922728
692,log(sqrt((-1 + (-506.4378104484112)(X_4))(X_8))),9,0.5318692393092264,0.58690837977936,0.5318692393092264,0.58690837977936,0.16817439936778056,0.15364019812014362
693,log(sqrt((540.9074860144528)((X_8)(X_9)))),7,0.5358603507132798,0.5784954492010078,0.5358603507132798,0.5784954492010078,0.1619324353745657,0.16577218754615908
694,log((10.78386980675026)(X_4 + X_8)),6,0.535344779899002,0.585404478047957,0.535344779899002,0.585404478047957,0.162738770786653,0.15580892157901705
695,log(sqrt((1067.1265960219894)(X_8))),5,0.5790592988408014,0.6323591721800897,0.5790592988408014,0.6323591721800897,0.09437073351806102,0.08809721905069223
696,3.800599700149932,1,0.6393999402098051,0.6934516520121019,0.6393999402098051,0.6934516520121019,0.0,-2.0838531258338122e-06
697,log(sqrt((-950.4593406608999)(X_4))),5,0.5739682593027565,0.618225446688317,0.5739682593027565,0.618225446688317,0.10233294811628946,0.1084789643437788
698,4.123463053459394 + (0.04234041646368161)(((X_0)^(-1))(-24.75270923899824 + (X_4)((X_9)(X_9)))),14,0.5281031873134745,0.5926399034196734,0.5281031873134745,0.5926399034196734,0.17406437801638053,0.1453749707357449
699,log(sqrt(X_1 + (540.065724030789)((X_8)(X_9)))),9,0.5357512076995636,0.5783420868315201,0.5357512076995636,0.5783420868315201,0.1621031313769461,0.1659933459912033
700,5.489864602573093 - ((X_7)(((X_7 + log(X_7))^(-1))(sqrt(sqrt(17.148151542830348 + X_4))))),14,0.6307186787053206,0.6788318787783483,0.6307186787053206,0.6788318787783483,0.013577200995101735,0.02108057368585803
701,log(X_4) - (((93.48626066856943 + (log(93.48626066856943))^(X_4))^(-1))(sqrt(sqrt(1.9092973051920328 - (X_4 + sin(X_7)))))),17,10.000654792407841,10.04539786711826,10.000654792407841,10.04539786711826,-14.640687719061008,-13.48611272480853
702,(-27.139265641286222)((-13.563653903473753 + X_1)^(-1)) + sqrt(X_8),10,0.5502440117276196,0.5861305474216593,0.5502440117276196,0.5861305474216593,0.13943687334867583,0.15476188263316204
703,(-0.22254073321776996)(-16.077199164309047 + X_4) + log(X_4),7,0.5732668463864701,0.6215000207011422,0.5732668463864701,0.6215000207011422,0.10342993432504066,0.10375681705772788
704,sqrt(X_4) + (1.9350235831049247)(sqrt(sqrt(X_2))),8,0.46152057898419113,0.5188912624487838,0.46152057898419113,0.5188912624487838,0.2781973379091133,0.25172527567515623
705,(sin((X_7 + X_8)^((sqrt(13.126125961054083 + (2)(X_6)))^(-1))))(sqrt(13.126125961054083 + (2)(X_6)) - ((sqrt(13.126125961054083 + (2)(X_6)))^(-1))),15,0.571163602814863,0.5975579116185974,0.571163602814863,0.5975579116185974,0.1067193365275445,0.13828288517641174
706,(0.11275961979640739)(24.38034120210512 + (2)((X_9)(sin(sqrt(-0.9881809032150944 + X_4))))) + log(X_2),16,0.421049277495038,0.48205417941026923,0.421049277495038,0.48205417941026923,0.3414930921687608,0.30484672934059853
707,log(log((2)((X_1)((X_4)(exp(X_5)))))) + (2.162174188280633)(sqrt(sqrt(X_8))),16,0.4924690949398321,0.5282255187940996,0.4924690949398321,0.5282255187940996,0.22979489992094915,0.23826467496932335
708,log(sqrt((-541.725484774422)((X_1)(X_6)))),7,0.5451923642445624,0.560263168789448,0.5451923642445624,0.560263168789448,0.14733748009787195,0.19206431382785716
709,log((-22.458700007794803)(X_2)),4,0.47377585464547695,0.524593090060703,0.47377585464547695,0.524593090060703,0.2590304989862562,0.24350287188226571
710,log(1.6843097464128498 - ((X_5)^(X_6))) + (1.0983524505216502)(sqrt(sqrt(123.073903875571 + (X_4)^(X_8)))),16,1.0178342934063012,0.9035245375822287,1.0178342934063012,0.9035245375822287,-0.5918585995993697,-0.3029407569698783
711,3.80059978547629 - (((38549510.49293105 + X_0)^(-1))(X_1 + sqrt(X_4))),12,0.6393999533543169,0.6934516685434379,0.6393999533543169,0.6934516685434379,-2.0557574309520987e-08,-2.1076923804042025e-06
712,(log(0.09293383772381167 + X_8))^(-0.526309702382542),6,6.520145742132451,6.614720004904044,6.520145742132451,6.614720004904044,-9.19728863282816,-8.538853602577566
713,(0.3500532651912306)(X_2 + (8.016535693625826)((X_8)^(0.11176913004112142))),9,0.4549667280681951,0.5028199566993167,0.4549667280681951,0.5028199566993167,0.28844734030017627,0.27490113688058515
714,log((-22.45869999409738)(X_2)),4,0.47377585464547683,0.5245930900935081,0.47377585464547683,0.5245930900935081,0.2590304989862563,0.24350287183495878
715,1.886634717179055 + log(X_8 + X_9 + (sqrt(X_2))^(X_4)),11,0.46669855185337644,0.4920222341282637,0.46669855185337644,0.4920222341282637,0.27009916250502075,0.2904721504337153
716,sqrt(7.2789664082482535 + X_4) - (((-3.4876394051917035 + (log(-3.4876394051917035))^(X_0))^(-1))(sqrt(-3.4316701168688493 + X_9 + sqrt(7.2789664082482535 + X_4)))),18,0.5225999024442869,0.5595361495618328,0.5225999024442869,0.5595361495618328,0.18267133044646955,0.19311272252442158
717,4.08473394825813 + log(X_4) - (sqrt(sqrt(-3.4631975728107993 + X_4))),9,0.7387850876378872,0.7759788163329819,0.7387850876378872,0.7759788163329819,-0.1554350277159411,-0.11901158661501299
718,(-0.9824185672130734)(sin(exp(X_8)) - (exp((-1.1720542603321416)(-1.1720542603321416)))) + log((X_8)^(sqrt(-1.1720542603321416))),13,0.574979004559671,0.6293620823112457,0.574979004559671,0.6293620823112457,0.10075217653132063,0.09241921627377614
719,log(sqrt((950.4592960633586)(X_4))),5,0.5739682593027572,0.61822544673646,0.5739682593027572,0.61822544673646,0.10233294811628846,0.10847896427435355
720,log(sqrt((1083.6126241758866)(X_8)) - (sin(X_2))),8,0.5720168379805401,0.6253855073352165,0.5720168379805401,0.6253855073352165,0.10538490542735224,0.098153694302762
721,log(X_3 + sqrt((-438.22681805599547)((X_4)(X_9)))),9,0.5294154092999539,0.5615653227537148,0.5294154092999539,0.5615653227537148,0.1720121069666697,0.19018652368345967
722,5.112031982507373 + log(X_4) + (-2)(sqrt(sqrt(-3.4591176181150267 + X_4))),11,0.9103840851341174,0.9475605344792714,0.9103840851341174,0.9475605344792714,-0.42381008799499553,-0.36644350951768523
723,X_4 + (2.4931889999819856)(sqrt(sqrt(-2.5111514493061424 + X_4 - (X_8)))) - (sqrt(X_4)),12,0.5573754520303849,0.6126047338644933,0.5573754520303849,0.6126047338644933,0.1282835405841698,0.11658439537167353
724,3.336958242460466 + (0.1479559805240943)(sqrt(X_8 + (X_8)^(X_8))),8,0.5783467358405857,0.6311143908263828,0.5783467358405857,0.6311143908263828,0.09548515808303981,0.08989227418400503
725,log(15.234160798676866 + (15.234160798676866)(X_8)),5,0.5768924272755636,0.6318867961895959,0.5768924272755636,0.6318867961895959,0.09775964776244916,0.08877841574765799
726,log(X_4) + (-0.4683042821522879)(-7.27066387514109 + log(X_4)),7,0.5737349086519804,0.6175477156602683,0.5737349086519804,0.6175477156602683,0.1026979006852553,0.10945629627221842
727,1 + log(X_2) + (1.7332772649098716)(sqrt(sqrt(X_4))),10,0.4504551973838613,0.5168953624760572,0.4504551973838613,0.5168953624760572,0.2955032225432266,0.2546034923844218
728,(-168179410.36428562)((-55026303.27005554 - (X_8))^(-1)) + log(X_4),10,0.6246755273771519,0.6643750607983742,0.6246755273771519,0.6643750607983742,0.02302848640839994,0.041928239220883956
729,log(sqrt(X_6 + (-1015.2564725972156)(X_9))),7,0.5834172727359236,0.6246753309427735,0.5834172727359236,0.6246753309427735,0.08755500892839008,0.09917781454284746
730,log((sqrt(X_2))(sqrt((286.7593519042345 - (X_1))((X_7)(X_8))))),12,0.45897612196698073,0.5020228307470542,0.45897612196698073,0.5020228307470542,0.2821767831001396,0.27605064400345813
731,3.227967274474111 + ((-1)(-0.31270488555227993))(-0.31270488555227993 + X_9),8,0.5783861871379922,0.6181425511839631,0.5783861871379922,0.6181425511839631,0.09542345758085713,0.10859850501666557
732,log((X_1 + X_7 + X_8)(7.732294598258299 - (sin(X_4)))),11,0.5307889109211197,0.5498495708350075,0.5307889109211197,0.5498495708350075,0.16986399662947593,0.20708139486679222
733,log((sqrt((296.29287751486964)(X_4)))(sqrt((X_2)(sqrt((X_5)(X_7)))))),13,0.43640878876539835,0.48023375272046354,0.43640878876539835,0.48023375272046354,0.3174713331655922,0.307471902239135
734,log(6.877813839285516) + (0.2742202154967759)(6.877813839285516 - (log(6.877813839285516)) + X_2 + (-6.828812335437774)(exp((X_2)(X_2 - (exp(X_2)))))),15,0.4643051081478518,0.5178741117867827,0.4643051081478518,0.5178741117867827,0.27384242795596725,0.2531920726445519
735,log(sqrt((507.73327985317496)((X_4)(X_8)) - (X_7))),9,0.5319426225001411,0.5870633174886186,0.5319426225001411,0.5870633174886186,0.16805963052546458,0.153416767933372
736,2.106228386284989 + (1.1635233602375195)(sqrt(X_2)),6,0.4678261312605992,0.5194904553621319,0.4678261312605992,0.5194904553621319,0.26833566623873584,0.25086120078220653
737,log(sqrt((-1067.1265952910678)(X_8))),5,0.5790592988408014,0.6323591721727473,0.5790592988408014,0.6323591721727473,0.09437073351806113,0.08809721906128065
738,4.0404716574322 + (-0.48251557416246765)(((X_8)^((-1)(X_8)))(sqrt(-4.000000263597858 + X_4))),13,0.5603964362793924,0.6117439516609449,0.5603964362793924,0.6117439516609449,0.12355882283080832,0.11782569892152372
739,1.9869816445424844 + log(X_4 + X_6 + X_8),8,0.5117920290442627,0.5512491042233185,0.5117920290442627,0.5512491042233185,0.1995744809167025,0.20506317730155577
740,(-2.600268503791998)^(sin(X_4)) + (3.280413228688822)(-2.600268503791998 + X_4),8,inf,inf,inf,inf,-inf,-inf
741,log((11.633599602543288)(X_1 + X_8) - ((X_3)^(log((2)(X_5))))),13,0.5556448919896213,0.5865484988399333,0.5556448919896213,0.5865484988399333,0.13099007827980313,0.15415916968553156
742,(-10.930857830590165)((X_2 + X_8)^(-168.35660678277426)),7,15.083958020989506,15.147147147147146,15.083958020989506,15.147147147147146,-22.590802989502993,-20.84316479400749
743,-4.855269388992109 + (-3.4394559699081095)^(sin(X_4)) - (((X_6)^(-1))(sin(sin(X_4)))),12,inf,inf,inf,inf,-inf,-inf
744,log((4.3070705564463845)(1.6235105644599106 + (4.3070705564463845)(X_2))),7,0.46596595088233683,0.517625340039665,0.46596595088233683,0.517625340039665,0.27124492578238235,0.25355081757622755
745,log(sqrt((-949.6711138424381)(X_4) - (X_5))),7,0.5739557991808182,0.6182007557774878,0.5739557991808182,0.6182007557774878,0.10235243532789962,0.10851457023239397
746,2.3647706496656165 + sqrt(X_9),4,0.5821740872006611,0.6214735900138648,0.5821740872006611,0.6214735900138648,0.08949930929046779,0.10379493181638244
747,log(sqrt((-950.4593406742079)(X_4))),5,0.5739682593027566,0.6182254466883026,0.5739682593027566,0.6182254466883026,0.10233294811628935,0.10847896434379967
748,(3.458103158545833)((exp((-0.04274865701491319)(((X_2)^(-1))(3.458103158545833 + X_4 + X_6))))(sqrt((-1)(log(3.458103158545833 + X_4))))),18,0.4617968090859984,0.5211604946480686,0.4617968090859984,0.5211604946480686,0.27776532332100334,0.24845289623608935
749,log(X_7 + sqrt((X_8)(963.6054595929057 + (2)(X_8)))),10,0.5764704239941365,0.6270963493065971,0.5764704239941365,0.6270963493065971,0.09841964670034176,0.09568654964810597
750,log(13.296092248600669 + (13.296092248600669)(X_4) + X_9),7,0.5714322463557829,0.6098363841722368,0.5714322463557829,0.6098363841722368,0.10629918706548525,0.12057653448196048
751,17.900630731135283 + (-1 + -16.190588235425892)(sin((X_8)^((-16.190588235425892)^(-1)))),10,0.5778493995122463,0.6320956586470882,0.5778493995122463,0.6320956586470882,0.09626297537244421,0.08847722259003121
752,(0.2905868320465135)(exp((-213.67398074644723)(X_8))),6,15.083958020989506,15.147147147147146,15.083958020989506,15.147147147147146,-22.590802989502993,-20.84316479400749
753,X_4 + (-0.760733712127773)(-4.258941304056999 + X_4),6,0.579973415816041,0.6193926021852595,0.579973415816041,0.6193926021852595,0.0929410853154985,0.10679585071107423
754,0.6924170898149344 + (sqrt(3.425494841659312 + X_4 + (2)(X_8)))^(0.9961986469981763),12,0.5365474559476577,0.5881105212902867,0.5365474559476577,0.5881105212902867,0.16085782589907427,0.15190663239494118
755,log(sqrt((-1067.1265945459863)(X_8))),5,0.5790592988408014,0.6323591721652627,0.5790592988408014,0.6323591721652627,0.09437073351806102,0.0880972190720738
756,sqrt(((-2.1385724870468237)(X_4))^(-1.0510819006013126)),6,inf,inf,inf,inf,-inf,-inf
757,(0.20029304933293138 + (0.20029304933293138)^(-1))(sin((X_8)^((0.20029304933293138)^(-1)))),8,1.8843073074382832,1.6577261194637387,1.8843073074382832,1.6577261194637387,-1.946993249358123,-1.3905481645497102
758,log(sqrt((1050.150754671135 + (log(1050.150754671135))(X_1))(X_8))),9,0.5781623994083924,0.6311070874576361,0.5781623994083924,0.6311070874576361,0.09577345406275606,0.08990280611358448
759,0.46713282088432506 + (2.7837935393152113)(sqrt(sqrt(X_2))),7,0.46624638208588615,0.5179701103203487,0.46624638208588615,0.5179701103203487,0.2708063408124536,0.2530536365569972
760,log(((13.948271892749773)(X_5) + (X_6)(X_6))(X_8)),9,0.5524052860795237,0.5919585305596305,0.5524052860795237,0.5919585305596305,0.13605671295767718,0.1463575544212069
761,4.332034044680615 + (-1.2500416779294408)(((X_4)^(-1))(((X_8)^(-1))(sqrt(X_4)))),12,0.5469251614035148,0.6030068548430894,0.5469251614035148,0.6030068548430894,0.14462744362463775,0.13042515700822765
762,log((X_4)(exp(X_5))) + (2.2578794567549876)(sqrt(((X_4)^(-1))((X_4 + X_8)((exp(X_5))^(-1))))),16,0.5307277450107181,0.5614176305782684,0.5307277450107181,0.5614176305782684,0.16995965805600266,0.19039950534236372
763,(-64.44727981749006)((-23.8876906006646 + X_3)^(-1)) + log(0.3192012980962124 + X_2),12,0.4537417600256798,0.5011659365953002,0.4537417600256798,0.5011659365953002,0.29036314911635064,0.27728634073142644
764,log(-23.647502396830713 + (-5.429263791812217)((X_0)(X_8))),8,0.5552343600057992,0.6234610147579074,0.5552343600057992,0.6234610147579074,0.13163213649408356,0.10092893693443639
765,(3.250328786734947)((X_2)^(0.21824306890154505)),5,0.46610828492250617,0.5178546505403908,0.46610828492250617,0.5178546505403908,0.27102232013102323,0.25322013701917656
766,1 + log(X_9) + (0.8537012131558848)(sqrt(2.189377580047334 + X_0 + X_8)),13,0.5753116295975232,0.6323315317082003,0.5753116295975232,0.6323315317082003,0.10023196216010388,0.08813707839691765
767,5.598723224285758 - (((-3.096282419513615 + (log(-3.096282419513615))(X_9))^(-1))(sqrt(X_2 + X_4))),14,24.718777883440932,24.243683715315083,24.718777883440932,24.243683715315083,-37.659337183125174,-33.96095822289292
768,log(X_4) + (2.6462363498693393)(((sqrt(-2.5514125594305415 + X_4 - (X_9)))^(0.16970328244018776))^(X_2)),14,0.4448549930675587,0.5222784632903946,0.4448549930675587,0.5222784632903946,0.3042617537286768,0.24684071322554402
769,log(X_4) + (2.0107661233857392)(sqrt(sqrt(X_5 + X_6 + X_7))),12,0.5827659021325188,0.5952009717798367,0.5827659021325188,0.5952009717798367,0.08857373064298879,0.1416817446981078
770,3.8005997001499017,1,0.6393999402098051,0.6934516520121019,0.6393999402098051,0.6934516520121019,0.0,-2.0838531258338122e-06
771,log(X_4 + sqrt((X_0)((X_5)(X_2 + (-374.34232512252646)(X_8))))),13,0.5303931040019669,0.5801172297282063,0.5303931040019669,0.5801172297282063,0.17048302533789728,0.16343347524798335
772,log(sqrt((X_8)((3.354874207100341)^(log(X_7)) + (-194.8853774836095)((X_2)((X_9)((sin((3.354874207100341)^(log(X_7))))^(-1))))))),18,0.430186540195028,0.4676500375865835,0.430186540195028,0.4676500375865835,0.3272027206416821,0.32561843245502164
773,(1.8262747831452821)(sin(sqrt(-2.801125814346033 + X_4))) + log((-2.801125814346033)^(X_4)),10,1.0914952441602073,1.1032011208515895,1.0914952441602073,1.1032011208515895,-0.7070618489611635,-0.59088729049771
774,log((-11.138491133787953)(X_2 + X_8)),6,0.4637462572557347,0.5159020247329985,0.4637462572557347,0.5159020247329985,0.2747164519540516,0.25603594958622733
775,log(-15.234160791248378 + (-15.234160791248378)(X_8)),5,0.5768924272755636,0.6318867961732227,0.5768924272755636,0.6318867961732227,0.09775964776244916,0.0887784157712691
776,sqrt(X_4) + (1.276366099083919)(sqrt(X_2 + ((X_4)^(-1))(X_9))),12,0.4357475125201342,0.473322397802721,0.4357475125201342,0.473322397802721,0.3185055469708784,0.31743852255064076
777,log(sqrt((132.63452536772644)((X_1)((exp(log(X_4)))(X_2 + sqrt(X_9)))))),14,0.46121345660737717,0.4950169108434034,0.46121345660737717,0.4950169108434034,0.27867766697625895,0.2861536331341792
778,log(sqrt(((X_2)(X_4))((X_8)(-252.20065597589684 - (X_9))))),11,0.4357270782919327,0.500850625055431,0.4357270782919327,0.500850625055431,0.31853750541647163,0.27774104034316893
779,log(-2.628527688497312 + X_6 + (-2.628527688497312 + X_6)(X_8)),8,10.379544914223384,10.143187196601186,10.379544914223384,10.143187196601186,-15.233259125450598,-13.627131255772847
780,(-0.3059256672439648)(-7.743108342881088 - (X_2)) + log(X_4),8,0.5225000814482711,0.5949484510816571,0.5225000814482711,0.5949484510816571,0.18282744712671684,0.1420458958594223
781,log(sqrt((-1064.9365887377328 - (X_7))(X_8))),7,0.5789841147153104,0.6322419536132289,0.5789841147153104,0.6322419536132289,0.09448831896147913,0.08826625579721525
782,log((-5.849763579989701 + (X_5)^(X_9))((X_6)^(2.8436085670071263) + X_8)),12,1.3422779090578736,1.393983924410993,1.3422779090578736,1.393983924410993,-1.0992775016798322,-1.0102148797598134
783,3.4284726921186652 + log(sqrt(X_4)),5,0.5739682593027565,0.6182254466883026,0.5739682593027565,0.6182254466883026,0.10233294811628946,0.10847896434379967
784,2.552150303961483 + X_2 + (-0.6101239865101464)(-0.6101239865101464 + X_2),7,0.4734535992877602,0.5253147180232289,0.4734535992877602,0.5253147180232289,0.2595344955265295,0.24246223773827213
785,log((X_2)(-16.95013066889968 - (X_3)) - ((X_4)(X_4))),9,0.4300518277850687,0.4862259068945057,0.4300518277850687,0.4862259068945057,0.32741340631974947,0.29883082878661005
786,(1.266986405148372)(2.0223812971136836 + X_6) + log(X_1) - (X_6),9,0.5924291296913683,0.5839388216720741,0.5924291296913683,0.5839388216720741,0.07346076776770483,0.1579224927643229
787,log(X_4) + (1.2633580792010706)(sqrt(X_8 + sqrt((-29.71344766141904)((X_4)^(-1))))),13,0.5313258281752927,0.5834829074842315,0.5313258281752927,0.5834829074842315,0.16902427610338877,0.15857995047832207
788,log(sqrt((555.2572122420934)((((X_1)^(-1))(X_2))((X_8)(X_9))))),13,0.5193197301844424,0.5834654808095436,0.5193197301844424,0.5834654808095436,0.1878014095308813,0.15860508086910274
789,log(X_4) + (0.3881500687974037)(6.3710117821971215 + X_2 - (log(X_4))),9,0.45281644545233346,0.5195197613714245,0.45281644545233346,0.5195197613714245,0.2918103099857162,0.25081893962344093
790,log(sqrt((1067.1265958913689)(X_8))),5,0.5790592988408014,0.6323591721787776,0.5790592988408014,0.6323591721787776,0.09437073351806102,0.08809721905258461
791,(0.32424571248531364)(((X_2)^(-1))((-24.18494601679061 + X_4)((sqrt(-24.18494601679061 + X_4))^(-1)))) + sqrt(-24.18494601679061 + X_4),13,0.5096136468971139,0.5623056629417255,0.5096136468971139,0.5623056629417255,0.20298139732403597,0.1891189053013813
792,sqrt(sqrt((47.61900277572071)(X_2 + X_4) + X_7)),9,0.45668551107405286,0.5130344610462408,0.45668551107405286,0.5130344610462408,0.28575922149100996,0.2601711616864779
793,3.4516120169565654 + (0.0873259757948159)((X_4)^(sqrt(X_1))),8,0.5682659906738238,0.6016896686996216,0.5682659906738238,0.6016896686996216,0.11125110445371678,0.13232462452621296
794,log((X_2)(21.04330516063785 + sqrt(X_2))),6,0.4769111823412267,0.5274059740484164,0.4769111823412267,0.5274059740484164,0.25412695192818013,0.23944651144071427
795,log(X_4) + (21.12366043278061)((6.2010594331982505 + log(X_4))^(-1)),9,0.5751249371548652,0.6174323886358131,0.5751249371548652,0.6174323886358131,0.10052394286094157,0.1096226052923861
796,log(sqrt((-368.11556141274326)((X_4)((X_5)(X_8))))),9,0.5172362681076877,0.5548161831869463,0.5172362681076877,0.5548161831869463,0.19105987414079528,0.19991921897865583
797,log(sqrt((X_9)(1013.4215867688287 + log(X_3)))),8,0.5833307864230042,0.6245612958393141,0.5833307864230042,0.6245612958393141,0.08769027061279222,0.09934226052947237
798,log(X_2 + sqrt((-238.8270730845894)((X_6)(X_4 + X_8)))),11,0.5058759419489326,0.5419644887905913,0.5058759419489326,0.5419644887905913,0.20882704214370051,0.21845219260429838
799,(40.77993364352354)((11.076076052399774 + X_4)^(-1)) + log(X_4),9,0.5723740525332672,0.619420871626715,0.5723740525332672,0.619420871626715,0.10482623388195,0.10675508435009884
800,log((X_2)(-1.1078422124597374 + sin(X_3) + log(X_2))),9,15.60162009434369,16.436068523465778,15.60162009434369,16.436068523465778,-23.40040906044558,-22.701872691669223
801,log(sqrt((-477.24202464025825)((X_2)(X_4)))),7,0.4464585763445478,0.5030440387026807,0.4464585763445478,0.5030440387026807,0.3017538034206695,0.27457799615452616
802,2.950857812059556 + (0.0618210072981055)((X_2)(sqrt(X_6) + sqrt(sqrt(-489.7327512989354 + X_4)))),14,0.47154602458315764,0.5161637062492171,0.47154602458315764,0.5161637062492171,0.26251787820244377,0.25565858793344987
803,log((X_2)(sqrt((239.63145011553155)(X_4)))),7,0.4479195239618217,0.5152095613624336,0.4479195239618217,0.5152095613624336,0.29946893048684564,0.25703452650438396
804,(2.5860217571417627 - ((2.5860217571417627)^(-1)))((X_2 + X_8)^((2.5860217571417627)^(-1))),9,0.4714055730509172,0.522142768787987,0.4714055730509172,0.522142768787987,0.262737539674721,0.24703639346479533
805,log(-15.234160798651315 + (-15.234160798651315)(X_8)),5,0.5768924272755634,0.6318867961895395,0.5768924272755634,0.6318867961895395,0.09775964776244928,0.08877841574773926
806,(0.33424125835602025)(6.3854948158292855 + log(X_8)) + sqrt(X_2),9,0.45063331160549314,0.4989342714036614,0.45063331160549314,0.4989342714036614,0.29522465789154173,0.2805045461183858
807,log(sqrt((491.3579779311628)((X_1)(X_2)))),7,0.48378811075670963,0.5179292040653388,0.48378811075670963,0.5179292040653388,0.24337166719476833,0.2531126260195413
808,4.789708928746602 + log(X_4) - (sqrt((0.9451058508664051)^((X_4)(X_4)) + X_4)),10,0.5729349120235396,0.6201190879359163,0.5729349120235396,0.6201190879359163,0.10394906850391072,0.10574821132275003
809,5.690299661679633 - (((sin(sqrt(5.416075037093443 - (X_2))))^(-1))(sqrt(5.416075037093443 - (X_2)))),10,0.46682491971690376,0.5182280272285884,0.46682491971690376,0.5182280272285884,0.26990152741690066,0.2526817037121445
810,log(sqrt((535.8226649640995)((X_2)(X_8)))),7,0.46355758984583084,0.5138938720395513,0.46355758984583084,0.5138938720395513,0.27501152143723295,0.25893183551038024
811,log((-10.797806683438923)(X_2 + X_9)),6,0.4612460217685237,0.5059512140456371,0.4612460217685237,0.5059512140456371,0.2786267361595688,0.27038566148685694
812,log((22.458700007795777)(X_2)),4,0.473775854645477,0.5245930900607008,0.473775854645477,0.5245930900607008,0.2590304989862561,0.24350287188226905
813,(2.249571583289885)((X_4)^(0.14026851989221334)) + ((3)^(0.14026851989221334))((X_4)^(0.14026851989221334)),9,0.5743895983034913,0.6175438421759725,0.5743895983034913,0.6175438421759725,0.10167398809105621,0.10946188208682628
814,log(X_8 + (X_1)(sqrt((X_2)(208.4422029066444 + (2)(X_2))))),12,0.5449468081962457,0.5659730547971666,0.5449468081962457,0.5659730547971666,0.1477215214980574,0.18383028930759715
815,log(sqrt((256.9789673995296)((X_4)((X_8)(X_9))))),9,0.5011308915525208,0.5464410552447291,0.5011308915525208,0.5464410552447291,0.2162481413619063,0.21199669456105963
816,4.084731363505078 + log(X_4) - (sqrt(sqrt(-3.463077917018548 + X_4))),9,0.738785086619162,0.775980615175395,0.738785086619162,0.775980615175395,-0.1554350261226889,-0.11901418066198977
817,-1.54170187311549 + sqrt(23.774647237580627 + (X_0)(X_4)),8,0.5643372976572463,0.6260413354131869,0.5643372976572463,0.6260413354131869,0.11739544818838843,0.09720794784341358
818,log((22.45869999927593)(X_2)),4,0.47377585464547695,0.5245930900811056,0.47377585464547695,0.5245930900811056,0.2590304989862562,0.24350287185284403
819,log(-15.685205874448135 + X_5 + (X_8)(-15.685205874448135 - (sqrt((X_2 + X_5)^(-750.0976927105544)))) - (sqrt((X_2 + X_5)^(-750.0976927105544)))),14,0.5819078998913679,0.6380073432117693,0.5819078998913679,0.6380073432117693,0.08991561728887942,0.07995219151308408
820,37.948657772958484 + X_4 - (log((-2.816071619963166e+17)((37.948657772958484 + X_4)^(-1)))),9,1.2204661485877666,1.242395361501082,1.2204661485877666,1.242395361501082,-0.9087680054948037,-0.7916143784006122
821,(3.9739082637922962)(sin(sqrt(exp(log(X_1))))),7,0.6045707136609136,0.6356489182459932,0.6045707136609136,0.6356489182459932,0.05447173882666145,0.08335319268388564
822,2.3443579333159104 + sqrt(X_2),4,0.4712150439830686,0.5236678808763203,0.4712150439830686,0.5236678808763203,0.26303552072831027,0.24483708330089637
823,log(sqrt((-280.65767850211114)((X_4)((X_6)(X_8))))),9,0.498392475308455,0.5488678524984059,0.498392475308455,0.5488678524984059,0.22053093225983345,0.20849709613379463
824,log(X_0 + sqrt((436.51222309029737)((X_4)(X_9)))),9,0.5255268234703164,0.5603401294557231,0.5255268234703164,0.5603401294557231,0.17809372440998938,0.19195333157491057
825,log(sqrt((535.8226653555441)((X_2)(X_8)))),7,0.4635575898458308,0.513893872037998,0.4635575898458308,0.513893872037998,0.27501152143723306,0.25893183551262033
826,log((X_7)(X_9) + sqrt((-855.2275758986633)(X_8))),9,0.55908009013473,0.6028832964772107,0.55908009013473,0.6028832964772107,0.12561754392519942,0.1306033361545279
827,log(X_8) + (2.6797807403227347)(sqrt(sqrt(X_7))),8,0.622271470000664,0.6544755445628874,0.622271470000664,0.6544755445628874,0.026788351283737688,0.05620398120794312
828,log(sqrt((951.6000823501394)(X_4) - (X_6))),7,0.574028115232737,0.6182919717327705,0.574028115232737,0.6182919717327705,0.10223933545507968,0.10838303093171064
829,log(sqrt((1067.1265960199253)(X_8))),5,0.5790592988408014,0.6323591721800691,0.5790592988408014,0.6323591721800691,0.09437073351806102,0.0880972190507221
830,log((23.32299888460709)(X_2) - (sqrt(X_3))),7,0.4789182897120342,0.5290890170886178,0.4789182897120342,0.5290890170886178,0.25098790351014477,0.23701945464081697
831,log((11.138491133787937)(X_2 + X_8)),6,0.46374625725573465,0.5159020247329985,0.46374625725573465,0.5159020247329985,0.2747164519540517,0.25603594958622733
832,log((1.1062101132622737)^(X_7)) + (2.4930058299594435)(sqrt(sqrt(X_2 + X_4))),12,0.45081794439154815,0.5027998720115636,0.45081794439154815,0.5027998720115636,0.29493589842435386,0.2749301002979313
833,log(X_4) + (0.14330645853841312)(sqrt(sqrt(206865.95457967304 + X_4))),9,0.6246772277644179,0.664376811848825,0.6246772277644179,0.664376811848825,0.023025827059909187,0.04192571409300416
834,log(X_1) - ((sqrt((4.037877846233675e-06)^(X_9)))((161.3868642308965 + (161.3868642308965)((sqrt(X_9))^(-1)))^(-1))),15,10.152034321453085,10.36257158075769,10.152034321453085,10.36257158075769,-14.877440210773115,-13.943497711436736
835,log(sqrt(1 + (-2.4403777196136405 + X_7)((X_8)(X_9)))),11,13.382108167438844,13.319197960020757,13.382108167438844,13.319197960020757,-19.929167060991276,-18.207143968330495
836,(2.6333872778340157)(sqrt(sqrt(X_2 + X_4))),7,0.45663541014360925,0.5133859453721172,0.45663541014360925,0.5133859453721172,0.2858375776610578,0.25966429858030715
837,4.389071573324552 - ((-4.031183774759349 + X_2)((-1.3088677907504025 - (X_8))^(-1))),11,0.461110233197341,0.5127848470580231,0.461110233197341,0.5127848470580231,0.27883910491759234,0.26053112118423427
838,2.9606299540280503 + log(X_4) + (0.5685525758746698)(sqrt(-1.1970377259754925 + X_8) - (log(X_4))),12,0.528976120319757,0.5821789258064508,0.528976120319757,0.5821789258064508,0.1726991401560265,0.16046037630368926
839,log(X_0 + sqrt((-913.9247799677369)(X_2))),7,0.4904041661718238,0.5435296017356579,0.4904041661718238,0.5435296017356579,0.23302437905935924,0.21619519862066472
840,log(sqrt(X_5 + (482.98928653754456)(X_9 + (-2.7027224542886854)((X_8)(X_9)) + (X_9)^(X_1)))),15,0.6458428189478125,0.6942947262633983,0.6458428189478125,0.6942947262633983,-0.010076445637285047,-0.0012178513917755485
841,log((-13.605988904583903)(X_7)) - ((-0.6655337217194972 + X_2 + X_4 - (X_7))((-2.1607813737670027 + log(-2.1607813737670027 - (X_4)) - (X_4))^(-1))),19,0.4199548881831725,0.4793641887017462,0.4199548881831725,0.4793641887017462,0.3432046802422698,0.3087258697338232
842,log(sqrt(((X_4)(X_6))((X_8)(-276.03587309988905 - (X_4 + X_9))))),12,0.4981407738185801,0.5485000624159162,0.4981407738185801,0.5485000624159162,0.22092458492391154,0.20902747319446358
843,3.4284726921186652 + log(X_4) - (log(sqrt(X_4))),7,0.5739682593027565,0.6182254466883027,0.5739682593027565,0.6182254466883027,0.10233294811628946,0.10847896434379956
844,sqrt((-6.0948382000538395)(sqrt(X_4 + X_6)) - (X_8)),9,0.5127983046525655,0.5490139274263006,0.5127983046525655,0.5490139274263006,0.19800069971182366,0.20828644665034524
845,log(sqrt(X_7 + (1065.85484519519)(X_8))),7,0.5790312229499613,0.632288569040617,0.5790312229499613,0.632288569040617,0.09441464326699045,0.08819903333925072
846,(-0.00016748597449509897)(-18242.329192806254 - (X_4)) + log(X_4),7,0.6247533060002127,0.6644488763663468,0.6247533060002127,0.6644488763663468,0.022906843258049703,0.041821792402884195
847,3.0413307234078806 + (0.2348448315514423)((X_2)(sqrt(X_8))),8,0.46252989392671684,0.5084270723754929,0.46252989392671684,0.5084270723754929,0.27661880328773925,0.26681531381806567
848,log(sqrt((1014.0654897486781)(X_9))),5,0.5833585527020249,0.6246072713373684,0.5833585527020249,0.6246072713373684,0.08764684508633436,0.09927596089095103
849,log(sqrt(X_1 + (-1068.3606374351389)(X_8) - (((X_2)^(-1))(sin(X_8))))),13,0.579174609963686,0.6325001487032131,0.579174609963686,0.6325001487032131,0.09419039080040825,0.0878939217963145
850,1.6428803997863541 + (1.7786381277683558)(sqrt(sqrt(X_4))),7,0.5749580757381706,0.6175309210064784,0.5749580757381706,0.6175309210064784,0.10078490850419741,0.10948051524803137
851,log(X_1 + sqrt(1 + (-0.6975868415587503)(X_4) - (log(X_8 + ((1 + (sin(1))(X_0) - (X_3 + X_6))^(X_5))((sin(((-0.6975868415587503)^(-1))((sin(1))(X_0) - (X_6))))^(-1)))))),30,7.255062253210661,7.369576698899259,7.255062253210661,7.369576698899259,-10.34667333692598,-9.62740572415002
852,4.144456036990726 - ((sin(X_5))((X_1 + log(X_4))^(-1))),11,0.5730144899027255,0.6144027094219086,0.5730144899027255,0.6144027094219086,0.10382461137749965,0.1139915984565385
853,log(sqrt((-506.9796551591402)((X_4)(X_8)))),7,0.531875285211947,0.5869265748932929,0.531875285211947,0.5869265748932929,0.16816494377928193,0.1536139595903252
854,log(sqrt((((0)^(X_8))^(X_3) + (-561.5851190079674)(X_7) - (X_5))(X_8) - (X_0 + X_2 + (X_7)^(X_9) + sqrt(X_6)))),24,0.5670702277061695,0.6027003384487989,0.5670702277061695,0.6027003384487989,0.11312123751513359,0.13086717345181986
855,log((2)(4194.363772130833)) + ((-1)(sqrt((2)(4194.363772130833))))((13.21500838228869 + X_2 + X_9)^(-1)),15,0.4483462437754395,0.4909851412794097,0.4483462437754395,0.4909851412794097,0.2988015550512493,0.2919677053249524
856,log(sqrt((16.603072502085563)(X_4) - (exp(X_2)))),8,6.0530026742434515,6.140015848238876,6.0530026742434515,6.140015848238876,-8.466692587204951,-7.854299539577619
857,4.436337571259086 + ((-1)((2)^(-1)))(((X_4)^(-1))(sqrt(X_8 - ((-1.4023786778715328)^(sin(X_8)) + sin(X_8))))),17,inf,inf,inf,inf,-inf,-inf
858,log(sqrt(X_0 + (535.1117250367164)((X_2)(X_8)))),9,0.46353194334686953,0.5138763469261483,0.46353194334686953,0.5138763469261483,0.2750516316989775,0.2589571078561479
859,(sqrt(17.295205951260016))(sin((X_8)^((sqrt(17.295205951260016))^(-1)))),8,0.5817321860339016,0.6347939615861027,0.5817321860339016,0.6347939615861027,0.09019042785174647,0.08458609542341178
860,log(X_0 + sqrt((970.2078572960622)(X_8))),7,0.5755133661989411,0.629597778854699,0.5755133661989411,0.629597778854699,0.0999164529009825,0.09207932663053064
861,log(-5.650014871440462 + sqrt((X_7)^(X_7) + (1355.0275962433504)(X_8))),10,0.5779483510026232,0.6314594621044777,0.5779483510026232,0.6314594621044777,0.09610821856977014,0.08939465910706124
862,log(X_2 + sqrt((-949.7361111852656)(X_8) + sqrt(X_8))),9,0.5637851706092745,0.6167948228854204,0.5637851706092745,0.6167948228854204,0.11825895632038907,0.11054201629549809
863,(-4.3094438452475785)(((X_4)^(-1))(0.22035077866554442 - (X_4))),8,0.5715652718698618,0.6202891328310155,0.5715652718698618,0.6202891328310155,0.1060911396358355,0.10550299559797027
864,log(15.234160798675923 + (15.234160798675923)(X_8)),5,0.5768924272755633,0.6318867961895938,0.5768924272755633,0.6318867961895938,0.09775964776244939,0.0887784157476611
865,log(X_4) - (((-31.797285922891056 + X_5 + X_8 + sqrt(sin((2)((X_8)(X_9)))))^(-1))(sqrt((3496.98217023003)(sqrt((2)(((X_4)^(-1))(X_8)) + X_9))))),26,0.5004195377005711,0.5445379326002527,0.5004195377005711,0.5445379326002527,0.21736067485966692,0.21474112036894744
866,log(1 + X_4) + (1.5592863425138959)(sqrt(sqrt((3)(X_2) + X_9))),14,0.44790656632872994,0.5006870341098991,0.44790656632872994,0.5006870341098991,0.29948919578916566,0.2779769490557039
867,log(19.164317445332845 + (12.041876412588435)(X_1)),6,0.5919800847664258,0.6177399982074337,0.5919800847664258,0.6177399982074337,0.07416305892649833,0.109179012416457
868,(3.4161793830788962)((sqrt(X_4))^(0.28053746127361473)),6,0.5743895983033679,0.6175438292174723,0.5743895983033679,0.6175438292174723,0.10167398809124928,0.10946190077382068
869,(-4.42191188628171)(sin(log((0.10488720153512987)(sqrt(sqrt(X_8)))))),9,0.5800367420439344,0.6341091766146759,0.5800367420439344,0.6341091766146759,0.09284204522507766,0.08557359959393485
870,5.599562635332601 + log(X_4) - (sqrt(((6.469006837514332)^(sin(X_2)))((X_1)^(-1)) + (2)(X_4))),17,0.5063391093361694,0.535876386793326,0.5063391093361694,0.535876386793326,0.20810266392889354,0.22723162901678717
871,log(sqrt((588.0267274013494 + X_4)((X_6)(X_8)))),9,0.5329298548390069,0.5780427928030006,0.5329298548390069,0.5780427928030006,0.1665156323534568,0.1664249473167404
872,4.843577502979643 - ((sqrt(sqrt(-3.8977297438369276 + X_4)))^((0.972745780352184)^(X_8) + (X_1)(log((0.972745780352184)^(X_8))))),15,0.5853243433662653,0.6234313604679931,0.5853243433662653,0.6234313604679931,0.08457241460766496,0.10097170033635983
873,log(X_4) - ((-56.646199665719784 + X_4)((15.500685888293688 + X_4)^(-1))),10,0.5725126367330114,0.6198891832912118,0.5725126367330114,0.6198891832912118,0.10460949285488841,0.10607974867380388
874,3.800599700149925,1,0.6393999402098051,0.6934516520121019,0.6393999402098051,0.6934516520121019,0.0,-2.0838531258338122e-06
875,log(sqrt((-1067.1265952910678)(X_8))),5,0.5790592988408014,0.6323591721727473,0.5790592988408014,0.6323591721727473,0.09437073351806113,0.08809721906128065
876,exp((0.2805374147814707)(4.3791763278552045 + log(sqrt(X_4)))),8,0.5743895983033677,0.6175438306474176,0.5743895983033677,0.6175438306474176,0.10167398809124972,0.10946189871174727
877,4.602324482340196 + (-1.4020111768955485)((X_2)^(-1)),7,0.46943063814600655,0.5224219579346046,0.46943063814600655,0.5224219579346046,0.26582627143822823,0.2466337846778719
878,2.9335308239930784 + (1.2339333472471568)((X_5)((sin(X_5))^((-1)(X_0)))) - (X_5),12,0.5854298132684552,0.6320679100694959,0.5854298132684552,0.6320679100694959,0.08440746322816484,0.08851723783166454
879,log(sqrt((506.9796540397587)((X_4)(X_8)))),7,0.531875285211947,0.5869265748692358,0.531875285211947,0.5869265748692358,0.16816494377928193,0.153613959625017
880,(4.1587505272667356)(sin((X_8)^((4.1587505272667356)^(-1)))),7,0.5817321860339016,0.6347939615810804,0.5817321860339016,0.6347939615810804,0.09019042785174647,0.0845860954306542
881,0.8186609983418162 + (X_4)^(0.3610746390670747) + (0.9408670428706034)(sqrt(1 + X_9)),12,0.5296081715603198,0.5601129930154468,0.5296081715603198,0.5601129930154468,0.17171063327509783,0.19228087699633423
882,log((22.458700007790306)(X_2)),4,0.47377585464547683,0.5245930900607136,0.47377585464547683,0.5245930900607136,0.2590304989862563,0.2435028718822504
883,(0.41052405420112487)(log(((-51.42069199718202)^(-1))((X_2)^(-1)) + ((-51.42069199718202)(-51.42069199718202))((X_2)(X_2)))),13,0.46551576213662316,0.5173889466642,0.46551576213662316,0.5173889466642,0.2719490058383891,0.25389171209625383
884,4.116018138851545 + (0.1851138679094905)((-7.07759270697709)((X_2)^(-1)) + X_4),11,0.434589219006016,0.48928226040259926,0.434589219006016,0.48928226040259926,0.3203170790672657,0.29442336956689785
885,(-0.0808640479882427)(X_2) + (5.244634190155693)(sqrt(sqrt(((2)(-0.0808640479882427))(X_2)))),11,0.4657853770214177,0.5175307495718674,0.4657853770214177,0.5175307495718674,0.2715273372271815,0.25368722314197356
886,log(sqrt((-351.4507489356062)((2)(X_4) + sqrt(X_4)))),9,0.576195203768461,0.6212187049667225,0.576195203768461,0.6212187049667225,0.09885008187614908,0.104162492521654
887,log((X_1)(X_1) + (X_7)^(X_0) + sqrt((-595.2978539189007)(X_8))),12,0.5505796113077228,0.5824045902052035,0.5505796113077228,0.5824045902052035,0.13891200689342853,0.1601349536612463
888,log(sqrt((-1067.1265959272769)(X_8))),5,0.5790592988408014,0.6323591721791383,0.5790592988408014,0.6323591721791383,0.09437073351806113,0.08809721905206436
889,log(sqrt((X_1)((X_4)(461.6942189094101 + sqrt(exp(X_0)))))),11,0.5386623962032013,0.5624196174615435,0.5386623962032013,0.5624196174615435,0.1575501304763166,0.18895457552157335
890,((-1)(log(-3.364436365563616)))((X_1)^(-1)) + log(1 + X_8) - (-3.364436365563616),13,0.5606730293129033,0.5815863341567494,0.5606730293129033,0.5815863341567494,0.12312624062972122,0.16131493174797407
891,log(sqrt((-1067.1265952910678)(X_8))),5,0.5790592988408014,0.6323591721727473,0.5790592988408014,0.6323591721727473,0.09437073351806113,0.08809721906128065
892,log(sqrt((-1004.532729670963)(X_2))),5,0.49210258213989966,0.5453489057233885,0.49210258213989966,0.5453489057233885,0.23036811361223009,0.21357164473105472
893,log((1.7987471070185683)^(X_8)) + (1.4809406625420127)(sqrt(1.7987471070185683 + (X_4)((X_8)^(-1)))),13,0.5362664675921921,0.5856536103942591,0.5362664675921921,0.5856536103942591,0.16129728223586015,0.15544965664002042
894,log((-13.637217714719103)(-0.13752379850262827 + X_2 + sqrt(X_2))),8,0.46558005413418335,0.5174058051090404,0.46558005413418335,0.5174058051090404,0.27184845531669355,0.2538674011296247
895,log((X_4)(sqrt(X_5))) + (18.067652506850212)((5.380308866605858 + log((X_4)(sqrt(X_5))))^(-1)),12,0.5651176143121527,0.5935124231505557,0.5651176143121527,0.5935124231505557,0.11617505918639637,0.14411674091315585
896,log(-12.29904918483774 + (X_2)(-12.29904918483774 - (X_9)) - (X_9)),8,0.4563285982679259,0.5053295047059772,0.4563285982679259,0.5053295047059772,0.286317421114879,0.2712822065212612
897,3.5628841068100927 + (0.19038844118397874)(sqrt((2.315665008662553 - (X_4))(X_8))),10,0.6304506697108944,0.6737516219490634,0.6304506697108944,0.6737516219490634,0.013996358047788093,0.02840663225252693
898,log((2)(X_0) + sqrt((781.6768283375831)(X_4))),9,0.5658846187565474,0.6123018381440012,0.5658846187565474,0.6123018381440012,0.11497549003388285,0.1170211905697287
899,(3.626770375975957)((0.9284398404907497)^(X_4)) + log(X_4),7,0.5726941375572249,0.6203909714703749,0.5726941375572249,0.6203909714703749,0.10432563167067577,0.10535613770055141
900,log(X_0 + sqrt((-473.9601354779661)(X_6 + X_8))),9,0.5671264083109576,0.6128257516389297,0.5671264083109576,0.6128257516389297,0.11303337293890348,0.11626567346169803
901,log((-22.458699957623853)(X_2)),4,0.47377585464547695,0.5245930901808618,0.47377585464547695,0.5245930901808618,0.2590304989862562,0.2435028717089891
902,(0.547141463761858)(sqrt(X_2)) + (1.1741721794565518)(sqrt(X_0 + X_2 + X_4)),12,0.4462922871875218,0.5048560801921953,0.4462922871875218,0.5048560801921953,0.3020138740690518,0.27196491525654987
903,log(sqrt((-481.77092993392813)((X_4)(X_9)))),7,0.5303814262630715,0.5627592693360691,0.5303814262630715,0.5627592693360691,0.17050128892874405,0.18846477557470653
904,3.8005997679623196 - ((X_6)((25685506.416423097 + log(X_9))^(-1))),10,0.6393999516054233,0.6934516670521326,0.6393999516054233,0.6934516670521326,-1.7822363584940604e-08,-2.1055418217841293e-06
905,2.442244176739627 + (X_8)^(0.45766446654099635),5,0.5762091277115012,0.6306372633476263,0.5762091277115012,0.6306372633476263,0.09882830529757203,0.09058032283402362
906,2.768949046172673 + (0.4789093144293326)(sqrt((X_4)(X_9))),8,0.5294236134226742,0.5645609926784224,0.5294236134226742,0.5645609926784224,0.17199927599468434,0.1858665741115587
907,(0.2837419539778546)((X_5)(log(X_4))) + (2.925801992270659)(sqrt(sqrt((1.1741770220013499)^((2)(X_9))))),16,0.5180316381818325,0.5370221930070497,0.5180316381818325,0.5370221930070497,0.18981594209744257,0.22557930242979185
908,log(6.992575568469577 + (18.550856221997076)(X_2)),6,0.46596595088233783,0.5176253401685378,0.46596595088233783,0.5176253401685378,0.2712449257823807,0.25355081739038454
909,(3.338545719010586)(((X_4)^(-0.11613330252748623))^(log(X_4))) + log(X_4),8,0.5722932853114459,0.6222496437109668,0.5722932853114459,0.6222496437109668,0.10495255110023893,0.10267581224686084
910,3.183054532654058 + (0.23846524855531248)(sqrt((sqrt(X_1 + X_9))^(X_4))),11,0.5470287855871724,0.5801529895548461,0.5470287855871724,0.5801529895548461,0.14446537888684052,0.163381907267643
911,(-3.7621506970417085)^(-3.7621506970417085 + X_4) + (-2.938870492616512)(sqrt(sqrt(-3.7621506970417085 + X_4))),9,inf,inf,inf,inf,-inf,-inf
912,log(sqrt((X_4)((-250.2321548511704)((X_7)(X_8)) - ((X_0)^(4.906113433163129))))),13,0.5116251789337245,0.5492382210539875,0.5116251789337245,0.5492382210539875,0.19983542887750982,0.2079630007483404
913,1 + (2.301338536755881)(sqrt(sqrt(X_4))),7,0.58060053689659,0.6208640735377922,0.58060053689659,0.6208640735377922,0.09196028903900333,0.1046738939537527
914,log(((0.07167172437959196)^(-1))(((X_0)^(0.07167172437959196))((X_0)^(0.07167172437959196) + sqrt((X_0)^(X_8))))),12,0.5841366259498207,0.6728025991449654,0.5841366259498207,0.6728025991449654,0.08642996469760533,0.029775184449307268
915,log(sqrt((-950.4593406742147)(X_4))),5,0.5739682593027565,0.6182254466883027,0.5739682593027565,0.6182254466883027,0.10233294811628946,0.10847896434379956
916,log(sqrt(((-1.6045666182847313)^((2)(X_9)))^(X_8) + X_5 + (488.45527246531765)((X_6)(X_8)))),16,0.5031419639743049,0.5521746811663528,0.5031419639743049,0.5521746811663528,0.21310289173750963,0.20372843555119002
917,log((X_2)^(X_9) + sqrt((649.5651897312844)(X_8))),9,0.466193939337448,0.5130336608509377,0.466193939337448,0.5130336608509377,0.2708883595070768,0.2601723156198029
918,log((-0.0007745553169979028)((X_2)(28991.864236041944 - (X_9)))),8,0.4737844957679771,0.5246146440466238,0.4737844957679771,0.5246146440466238,0.2590169845613137,0.24347178964203509
919,3.800599700149925,1,0.6393999402098051,0.6934516520121019,0.6393999402098051,0.6934516520121019,0.0,-2.0838531258338122e-06
920,log(sqrt((-246.30876867876336)((X_1)(X_0 + X_9)))),9,0.527130578948541,0.5561930472670095,0.527130578948541,0.5561930472670095,0.17558550478504176,0.19793369202050293
921,log(sqrt((526.1625577108334)((X_4)(X_6)))),7,0.5422958113755122,0.5730423982784756,0.5422958113755122,0.5730423982784756,0.15186759135828254,0.17363583928030235
922,(log(X_8) + (-4.458764676474468)(sqrt(sqrt(-2.8788777184317804 + X_7))))^(-4.668849492464767),12,inf,inf,inf,inf,-inf,-inf
923,3.380969986713997 + (0.25451196385215136)((X_9)(log(X_4))),8,0.5327202659204084,0.5772806984460295,0.5327202659204084,0.5772806984460295,0.16684342237253258,0.1675239366159259
924,1.8554668859763543 + exp(sqrt((-0.21997137065485908)(X_8))),7,0.5752879817419557,0.6297101416439236,0.5752879817419557,0.6297101416439236,0.10026894661080588,0.09191729222907519
925,3.4105260954748617 + (0.7252437496653825)(((X_4)^(-1))((X_7)(log(X_4)))),11,0.5650541263487733,0.5937636477679473,0.5650541263487733,0.5937636477679473,0.11627435222567717,0.14375445878407322
926,(4.456176796077492 + ((-1)((log(sqrt(-230.88784644062298)))((4.456176796077492)^(-1))))((X_7)^(-1)))(sin((X_8)^(((log(sqrt(-230.88784644062298)))((4.456176796077492)^(-1)))((X_7)^(-1))))),17,0.5683714227322091,0.6253984571675024,0.5683714227322091,0.6253984571675024,0.11108621226065418,0.09813501980795913
927,log(sqrt((-253.34369409041975)((X_2)((X_4)(X_7))))),9,0.4391772282436583,0.49011631566579344,0.4391772282436583,0.49011631566579344,0.31314158693922955,0.29322060799177896
928,-2.2697608441680133e-06 + (-1532381.1798386637)(((-2.2697608441680133e-06)(exp(-2.2697608441680133e-06)))^(X_9)),8,12.053522517190007,11.484080749627404,12.053522517190007,11.484080749627404,-17.851303791543845,-15.560786389999912
929,3.1116780673055215 + log(X_2),4,0.47377585464547695,0.5245930900606997,0.47377585464547695,0.5245930900606997,0.2590304989862562,0.2435028718822706
930,3.234634118226272 + log(X_4) - (exp(-5.55173746758773 + X_4 + (1.5914552419865775)((X_9)^(-1)))),14,0.5732273916678877,0.6296128386263364,0.5732273916678877,0.6296128386263364,0.1034916401778272,0.0920576094668667
931,log(74.5019095614476 + (-52.9967185233882)(X_2)),6,0.5904982850150714,0.626347137460895,0.5904982850150714,0.626347137460895,0.0764805438966536,0.09676696153374453
932,log(X_2) + (1.316470977280727)(sqrt(-3.482538803760401 - (log(X_8) + sqrt(X_4)))),13,0.4456627238166542,0.49959066094772475,0.4456627238166542,0.49959066094772475,0.30299849000545775,0.2795579899886568
933,((-0.4341070991225876 + X_4)^(-1))(exp(sqrt(-0.4341070991225876 + X_4))),8,3.3702589992679957,3.4312986929416187,3.3702589992679957,3.4312986929416187,-4.2709717147645,-3.948154400249728
934,3.1335648631711006 + (0.32690098182577465)(X_8),5,0.5750078924398256,0.6293890956864632,0.5750078924398256,0.6293890956864632,0.10070699685841489,0.09238026124146637
935,log(sqrt((-1067.1265952910678)(X_8))),5,0.5790592988408014,0.6323591721727473,0.5790592988408014,0.6323591721727473,0.09437073351806113,0.08809721906128065
936,(0.530986278989877)(log(X_4) + (0.09126365249477585)(sqrt(4935.610739557783 + X_4))),10,0.5737394194096483,0.6175453509739084,0.5737394194096483,0.6175453509739084,0.10269084601198386,0.10945970630272417
937,-2.8151518105405655 + (6.057721689401568)(sqrt(sqrt(sqrt(X_2)))),8,0.46577689697826435,0.5175651415688295,0.46577689697826435,0.5175651415688295,0.27154059972944344,0.2536376276603993
938,(X_6)^(0.13644736270294425) + (0.011460781691754775)((202.19332297574422)((X_6)^(0.13644736270294425)) + exp(X_4)),11,0.5536040970079968,0.5773367411515322,0.5536040970079968,0.5773367411515322,0.1341818129880592,0.16744311941385437
939,(log(63.99151699023439))(sin((X_8)^((log(63.99151699023439))^(-1)))),8,0.5817321860339016,0.634793961584717,0.5817321860339016,0.634793961584717,0.09019042785174658,0.08458609542540996
940,log(sqrt((-311.67305832425404 + (-2)(X_9))(exp((X_8)^(sin(X_5)))))),13,0.5706236015600382,0.625435108317255,0.5706236015600382,0.625435108317255,0.10756388032691944,0.09808216648210455
941,2.4371182747594737 + (X_4)^(0.3931072067848422),5,0.5757893106866152,0.6178194848093698,0.5757893106866152,0.6178194848093698,0.09948488500377006,0.10906438760109505
942,(-0.36293641838382273)(-3.5130329309506476 + (0.33423065912227573)((X_1)^(-1)) - (X_2)) + sqrt(-3.5130329309506476 + ((2)(0.33423065912227573))((X_1)^(-1))),17,0.4679270162526851,0.5135028517446041,0.4679270162526851,0.5135028517446041,0.2681778855044229,0.2594957120382413
943,log((22.45870000779579)(X_2)),4,0.47377585464547695,0.5245930900607008,0.47377585464547695,0.5245930900607008,0.2590304989862562,0.24350287188226905
944,4.505777258965851 + log(sqrt(-52.96261983717852 + X_4)) - (sqrt(sqrt(-52.96261983717852 + X_4))),9,0.6377741957826341,0.6915950376412225,0.6377741957826341,0.6915950376412225,0.0025426096014923294,0.002675274019487084
945,sqrt(X_3 + X_7 + sqrt((-56.356752949265726)(X_8))),9,0.5769940474155509,0.6098219795764426,0.5769940474155509,0.6098219795764426,0.0976007172815454,0.1205973068397298
946,log(sqrt((-1067.1265952910678)(X_8))),5,0.5790592988408014,0.6323591721727473,0.5790592988408014,0.6323591721727473,0.09437073351806113,0.08809721906128065
947,(4.168133305656504)((-1.9806495381479161)^(log(X_4))) + (3.6432263498744515)(X_9) + log(X_4),11,inf,inf,inf,inf,-inf,-inf
948,2.9557915443129517 + (0.3067782383257991)((X_2)(sqrt(sqrt(X_4)))),9,0.4577411424993661,0.5092573627799049,0.4577411424993661,0.5092573627799049,0.2841082494484307,0.2656179814125459
949,log(sqrt((-950.4593406742173)(X_4))),5,0.5739682593027566,0.6182254466883028,0.5739682593027566,0.6182254466883028,0.10233294811628935,0.10847896434379944
950,3.2399202279695816 + (0.23926628787222573)(X_4),5,0.5799734158160409,0.6193926021852595,0.5799734158160409,0.6193926021852595,0.0929410853154986,0.10679585071107423
951,2.8060938212207365 + (0.2254527869460648)(X_8) - (((-5.459604084755825 + X_2)^(-1))(sqrt(sqrt((2)(X_2))))),16,0.4786110793280704,0.5291339235505913,0.4786110793280704,0.5291339235505913,0.25146837021751267,0.23695469662139101
952,-0.05050910774474793 + (2.688767273283613)(sqrt(sqrt(X_4 + X_8))),9,0.534565739747181,0.5828112884990928,0.534565739747181,0.5828112884990928,0.16395716338075517,0.15954846844600634
953,log(sqrt((-3.667815839496222)(X_4) + (X_6)(X_6))),8,10.450638959450316,10.557099991553352,10.450638959450316,10.557099991553352,-15.34444782090716,-14.224020247650849
954,log(X_4 + X_8) - (((16.195602969519783 + log((-38.43807648238295)(((2)(-38.43807648238295) + (2)(X_4))^(-1))))^(-1))(-38.43807648238295 + log(X_4 + X_8))),19,0.534791018798586,0.5839566913111462,0.534791018798586,0.5839566913111462,0.16360483452171404,0.15789672359028173
955,2.8191790160953856 + sqrt(sqrt(-4.259772589310089 + X_4 + X_8)),9,0.6771099136391885,0.7291675403178622,0.6771099136391885,0.7291675403178622,-0.05897713005260785,-0.051506702277198
956,log(X_6) + log(-8.433443354582172 + (-8.433443354582172)(X_8)),8,0.5727926945611076,0.6178070424856392,0.5727926945611076,0.6178070424856392,0.10417149183160979,0.1090823302357724
957,log(sqrt(19.181796112039315) + (19.181796112039315)(X_2) + sqrt(X_1)),9,0.4651398356485472,0.5159903220294265,0.4651398356485472,0.5159903220294265,0.2725369422212931,0.2559086191801775
958,log(sqrt(-333.66050638792063 + (925.202247914726)((X_5)(X_8)) + (X_6)(X_8))),12,0.549760373556012,0.585958777144189,0.549760373556012,0.585958777144189,0.1401932671816951,0.15500958647079222
959,log(sqrt((950.1399943197803)(X_4) + sin(X_0))),8,0.5739955092512637,0.6182531954386088,0.5739955092512637,0.6182531954386088,0.10229033011338784,0.10843894885310168
960,log(sqrt((-1067.1265952910678)(X_8))),5,0.5790592988408014,0.6323591721727473,0.5790592988408014,0.6323591721727473,0.09437073351806113,0.08809721906128065
961,log(sqrt((-506.9796551584232)((X_4)(X_8)))),7,0.531875285211947,0.5869265748932775,0.531875285211947,0.5869265748932775,0.16816494377928193,0.1536139595903474
962,log(sqrt((X_8)(1065.0217049400662 + X_8))),6,0.5790288582630221,0.632336089150543,0.5790288582630221,0.632336089150543,0.09441834155782625,0.08813050627061803
963,log(15.23416079865749 + (15.23416079865749)(X_8)),5,0.5768924272755636,0.6318867961895531,0.5768924272755636,0.6318867961895531,0.09775964776244916,0.08877841574771961
964,((exp(sqrt((-0.0019586164446762522)(X_2))))^(-1))(log((29.141048418254087)(X_2))),11,0.4655167037655893,0.5174467857952836,0.4655167037655893,0.5174467857952836,0.2719475331623582,0.2538083043324335
965,log(sqrt((-1067.126596021991)(X_8))),5,0.5790592988408014,0.6323591721800897,0.5790592988408014,0.6323591721800897,0.09437073351806102,0.08809721905069234
966,log(X_4) + (3.988530161384645)(sqrt(sqrt(-0.9027179490192204 + ((X_0 + X_1)^(-1))(X_4)))),15,0.5689753670781822,0.5882838537612187,0.5689753670781822,0.5882838537612187,0.11014166361747657,0.15165667577341113
967,log((log(-1.45153806411257 + (X_1)(X_4)))(sqrt(X_1))),9,12.217270106698216,12.454787566539407,12.217270106698216,12.454787566539407,-18.10739951381507,-16.960608334191484
968,3.8005997001499567,1,0.6393999402098051,0.6934516520121018,0.6393999402098051,0.6934516520121018,0.0,-2.0838531256117676e-06
969,3.7669420988947167 - (((-9.069992448953404e-106 + (log(-9.069992448953404e-106))(X_3))^(-1))(sqrt(-4.26312384403971 + X_4))),14,0.6410571526014993,0.6953536740320401,0.6410571526014993,0.6953536740320401,-0.00259182443956818,-0.0027449224893218993
970,2.963270305923695 + (0.22005465167410798)(X_4 + X_5),7,0.5700916455523103,0.5948702294039298,0.5700916455523103,0.5948702294039298,0.10839584163044003,0.1421586965723528
971,((-1)(-0.8122867030588192))((X_9)^(-1)) + sqrt(3.737643671727847 + X_4) - (log((-0.8122867030588192)((X_9)^(-1)))),14,0.531375360313333,0.5601096108590845,0.531375360313333,0.5601096108590845,0.1689468095055282,0.19228575428431893
972,sqrt((-12.181559960269588)(sqrt(sqrt(X_2)))),6,0.4970905149246774,0.5501672992015012,0.4970905149246774,0.5501672992015012,0.22256715450807207,0.2066232100349139
973,3.800599776180475 - (((17025293.021187775 + sin(sqrt(X_2)))^(-1))(sqrt(X_2))),10,0.6393999575323331,0.6934516692886815,0.6393999575323331,0.6934516692886815,-2.709185120686186e-08,-2.108767069852746e-06
974,log(sqrt((-950.4593406736874)(X_4))),5,0.5739682593027565,0.6182254466883033,0.5739682593027565,0.6182254466883033,0.10233294811628946,0.10847896434379867
975,log(sqrt((1067.1265918110003)(X_8))),5,0.5790592988408014,0.6323591721377887,0.5790592988408014,0.6323591721377887,0.09437073351806102,0.0880972191116931
976,log((-22.458700007795272)(X_2)),4,0.47377585464547683,0.5245930900607019,0.47377585464547683,0.5245930900607019,0.2590304989862563,0.24350287188226738
977,sqrt(10.12398307632802 + X_4 + X_6),6,0.5640216096339377,0.5990845209888749,0.5640216096339377,0.5990845209888749,0.11788917363854257,0.1360814158352145
978,log(sqrt((1190.2247729689052)((X_8 - ((((((X_6)^(X_6))^(X_8))^(sin(log((X_6)^(X_6)))))(X_7))((sin(exp((X_6)^(X_6))))((X_6 + exp((X_6)^(X_6)))^(-1)))))^(log(X_1))))),24,0.5409673622373633,0.5975286884348185,0.5409673622373633,0.5975286884348185,0.15394524112739727,0.13832502689543558
979,sqrt(-12.28176125616801 - (X_9)),4,0.5988173665553299,0.6451654593022922,0.5988173665553299,0.6451654593022922,0.06346978018352478,0.06962972564799363
980,(4.401159900269331 - ((4.401159900269331)^(-1)))(sin((X_8)^((4.401159900269331)^(-1)))),8,0.5822963734175124,0.6352281936930491,0.5822963734175124,0.6352281936930491,0.08930805776046125,0.08395990467087344
981,log((X_2)(21.331800764899135 + sin(X_2) + log(X_0))),9,0.46606339266627483,0.5161881392568501,0.46606339266627483,0.5161881392568501,0.27109253010979906,0.25562335395790614
982,log(sqrt((543.2285274600977)((X_0)(X_2)))),7,0.46959395117060326,0.5201220403192675,0.46959395117060326,0.5201220403192675,0.2655708553608618,0.24995041446937105
983,2.7065345087530877 + (0.7332608655804898)((X_4)((sqrt(X_4))^(-1))),9,0.5764377289657487,0.6178431242839822,0.5764377289657487,0.6178431242839822,0.09847078062502901,0.10903029795143437
984,(sin((X_8)^((log((-38.959420185530654)(X_4)))^(-1))))(log((-38.959420185530654)(X_4)) - ((log((-38.959420185530654)(X_4)))^(-1))),11,0.5784446157399886,0.6368169155726578,0.5784446157399886,0.6368169155726578,0.09533207721260561,0.0816688650783336
985,log(sqrt((272.06539505512336)((X_8)(X_6 + X_9)))),9,0.518983111896557,0.563104692144772,0.518983111896557,0.563104692144772,0.18832786921083544,0.18796665356791498
986,log(X_6 + sqrt((-2)(-521.4347628577261) + (2)(X_4) + (3)((X_2)(-521.4347628577261 - (X_4))))),17,0.46456273110242313,0.514726058073599,0.46456273110242313,0.514726058073599,0.273439514320275,0.25773176948445553
987,log((-26.5724796524145)((X_2)^(0.8008441414696436)) + log(log((-26.5724796524145)((X_2)^(0.8008441414696436))))),9,0.46549724654745844,0.5173831078331053,0.46549724654745844,0.5173831078331053,0.27197796359706305,0.2539001320679203
988,log((22.458700007769878)(X_2)),4,0.47377585464547695,0.5245930900607627,0.47377585464547695,0.5245930900607627,0.2590304989862562,0.24350287188217956
989,3.800599700149925,1,0.6393999402098051,0.6934516520121019,0.6393999402098051,0.6934516520121019,0.0,-2.0838531258338122e-06
990,(-0.320464121628373)(-7.492007467026619 - (X_2)) + log(X_9),8,0.5076649511754435,0.5529774726770427,0.5076649511754435,0.5529774726770427,0.2060290918875214,0.20257075832703153
991,4.309443845247576 + (-0.9495893069157367)((X_4)^(-1)),7,0.571565271869862,0.6202891328310156,0.571565271869862,0.6202891328310156,0.10609113963583539,0.10550299559797016
992,(1.2935409571411338 - ((1.2935409571411338)^(-1)))(4.322052979423096 + X_5 + (2)(X_8) + (-2)((X_8)^((1.2935409571411338)^(-1))) + sin((X_8)^((1.2935409571411338)^(-1)))),18,0.5581780370151854,0.587087230605539,0.5581780370151854,0.587087230605539,0.127028324663228,0.15338228367382434
993,log(-15.799735978269817 + X_5 + (-15.799735978269817)(X_8)),7,0.5818510687584668,0.6382126791185867,0.5818510687584668,0.6382126791185867,0.09000449926919751,0.07965608386936951
994,log(X_4) + (0.011841688695433445)(sqrt(66610.81847868864 + X_4)),8,0.6246861159236117,0.6643850706568755,0.6246861159236117,0.6643850706568755,0.023011926277887063,0.041913804358220785
995,log(sqrt((-950.4593401838326)(X_4))),5,0.5739682593027566,0.6182254466888322,0.5739682593027566,0.6182254466888322,0.10233294811628935,0.10847896434303606
996,log(15.234160779177044 + (15.234160779177044)(X_8)),5,0.5768924272755636,0.6318867961466166,0.5768924272755636,0.6318867961466166,0.09775964776244916,0.08877841580963686
997,(-0.23399792470036213)(log((X_2)(0.9999997210741034 - (sqrt(X_9))))),9,12.400209856466326,11.837302711979483,12.400209856466326,11.837302711979483,-18.393511129196334,-16.070155280231646
998,log((26.073911694981394 + X_1)(X_4)) - (((X_2 + (X_7)(X_7))^(-1))(sqrt(X_4))),15,0.5351005282172784,0.5550560860594655,0.5351005282172784,0.5550560860594655,0.1631207722013599,0.19957326353714022
999,3.8005997674082264 - ((X_0)((26491647.06048314 + X_0)^(-1))),8,0.6393999512566176,0.6934516618271389,0.6393999512566176,0.6934516618271389,-1.7276843067293157e-08,-2.09800704342733e-06
