id,Expression,theta,size,MSE_train,MSE_val,MSE_test,R2_train,R2_val,R2_test,nll_train,nll_val,nll_test,mdl_train,mdl_val,mdl_test
0,203.09523809523813,203.09523809523813,1,1554.657596371882,1813.6887239744406,1633.8408163265312,2.220446049250313e-16,-0.9738121996052249,-2.7067560538964974e-2,1554.657596371882,1813.6887239744406,1633.8408163265312,1554.657596371882,1813.6887239744406,1633.8408163265312
1,(x11 + x1),,3,1917.5714285714287,716.1818181818181,1658.2,-0.2334365027041847,0.22058929342351408,-4.238026854712995e-2,1917.5714285714287,716.1818181818181,1658.2,1920.867265437433,719.4776550478225,1661.4958368660043
2,(x1 * Log((x2 + 3.9165810679772557))),3.9165810679772557,6,562.8653476602358,704.4359706287788,822.6570970151349,0.6379489934157854,0.23337213586413297,0.48286001344298723,562.8653476602358,704.4359706287788,822.6570970151349,573.6159044756041,715.1865274441471,833.4076538305032
3,((x10 + 81249.65179675077) / (x12 - x5)),81249.65179675077,7,630.1055109328759,308.0722929403722,480.6240765759613,0.5946982072429592,0.6647292106257641,0.6978693438599284,630.1055109328759,308.0722929403722,480.6240765759613,643.726881976263,321.6936639837594,494.24544761934845
