id,Expression,theta,size,MSE_train,MSE_val,MSE_test,R2_train,R2_val,R2_test,nll_train,nll_val,nll_test,mdl_train,mdl_val,mdl_test
0,x3,,1,0.7561859264927328,0.801082920762559,0.8757034952581016,0.22343137958170323,0.1931649922253701,0.1504859619500477,0.7561859264927328,0.801082920762559,0.8757034952581016,0.7561859264927328,0.801082920762559,0.8757034952581016
1,(x3 * 0.6062008145877867),0.6062008145877867,3,0.5973002845907185,0.6308332097163944,0.7130622826110172,0.38659972140525145,0.3646371624281789,0.30826310233755205,0.5973002845907185,0.6308332097163944,0.7130622826110172,3.893137150595048,3.9266700757207236,4.008899148615346
2,((x3 * -1.3719751360907047) * -0.44183289475418813),-1.3719751360907047;-0.44183289475418813,5,0.597300284889212,0.6308327845659799,0.7130615411016464,0.3865997210987121,0.3646375906313388,0.3082638216707775,0.597300284889212,0.6308327845659799,0.7130615411016464,6.0903617282297615,6.123894227906529,6.206122984442196
3,(Sin(Sin(x3)) + Sin(Sin((0.2813993910288516 * x4)))),0.2813993910288516,9,0.5396454662396485,0.553095707543399,0.5979497122732531,0.4458086026853082,0.4429328501085803,0.4199330282742082,0.5396454662396485,0.553095707543399,0.5979497122732531,16.665480689292142,16.678930930595893,16.723784935325746
4,(Sin(x3) / Exp((Sin(Exp((Abs(Sin((Abs(x35) ^ x38))) ^ (Sin((Abs(x35) ^ x38)) + x2)))) / Exp(Sin(Sin(Exp((Abs(x45) ^ x39)))))))),,29,NaN,0.544841010133219,NaN,NaN,0.45124681945744605,NaN,NaN,0.544841010133219,NaN,NaN,60.49222283009249,NaN
