id,Expression,theta,size,MSE_train,MSE_val,MSE_test,R2_train,R2_val,R2_test,nll_train,nll_val,nll_test,mdl_train,mdl_val,mdl_test
0,x3,,1,0.7688131182999404,0.9175516159455848,0.780684761118323,0.23952269382006852,1.1636493143319937e-2,0.2373689358633736,0.7688131182999404,0.9175516159455848,0.780684761118323,0.7688131182999404,0.9175516159455848,0.780684761118323
1,(x0 * 0.42478614572434625),0.42478614572434625,3,0.8191095367884719,0.8800567579459646,0.8930366748784827,0.18977161136294707,5.202501047311292e-2,0.1276152121888433,0.8191095367884719,0.8800567579459646,0.8930366748784827,4.114946402792801,4.1758936239502935,4.1888735408828115
2,Sin((0.75191780766952 * x3)),0.75191780766952,4,0.6232440681708414,0.7279429944453023,0.6222182907090335,0.38351341987602006,0.2158781279674844,0.3921707956884497,0.6232440681708414,0.7279429944453023,0.6222182907090335,6.168421512650403,6.273120438924865,6.167395735188595
3,Sin(Sin((x1 + x0))),,5,0.6785171601454826,0.5465762418170143,0.6280583336734838,0.32883962322949634,0.4112418290821839,0.38646580642466244,0.6785171601454826,0.5465762418170143,0.6280583336734838,7.609988965744936,7.4780480474164674,7.559530139272937
