Id,Expression,size,MSE_train,MSE_test,nll_train,nll_test,R2_train,R2_test
0,2.9722016,1,0.11348828662174425,0.14235541640368674,0.11348828662174425,0.14235541640368674,-4.275888532134786e-09,-0.016603440710263317
1,sqrtabs(sqrtabs(x56)),3,0.1118460231865907,0.16043770105437158,0.1118460231865907,0.16043770105437158,0.014470770559661839,-0.14573454970621502
2,sqrtabs(x45 / x5),4,0.09648622552923092,0.13087421309223046,0.09648622552923092,0.13087421309223046,0.14981335242655247,0.06538733340135838
3,sqrtabs((x15 - 3.5021415) - x17),6,0.09002358712900821,0.1174257317601475,0.09002358712900821,0.1174257317601475,0.20675877490346561,0.1614270397919697
4,sqrtabs((x15 - sqrtabs(sqrtabs(x19))) - x18),8,0.08998412582767029,0.11740706342050569,0.08998412582767029,0.11740706342050569,0.2071064874532036,0.16156035609837838
5,sqrtabs((x15 - x18) - sqrtabs(x31 / x5)),9,0.08878043671081692,0.1174765844417934,0.08878043671081692,0.1174765844417934,0.21771277254068666,0.1610638852844941
6,sqrtabs((x15 - sqrtabs((x46 - 315.06558) - x36)) - x17),11,0.07331869365654393,0.11298607189753503,0.07331869365654393,0.11298607189753503,0.3539536444459924,0.193132004772833
7,sqrtabs((x15 - sqrtabs(3.1816027 - ((x46 - 315.06558) - x36))) - x17),13,0.06600158066676362,0.11580094814422097,0.06600158066676362,0.11580094814422097,0.4184282544597585,0.17303011508119215
8,sqrtabs((x15 - x18) - sqrtabs((x19 - x15) - ((x46 - 315.06558) - x36))),15,0.06496518415202875,0.13906164630705364,0.06496518415202875,0.13906164630705364,0.42756044378094105,0.006918376005514926
