Id,Expression,size,MSE_train,MSE_test,nll_train,nll_test,R2_train,R2_test
0,2.9721775,1,0.1134882882643372,0.1423577410977993,0.1134882882643372,0.1423577410977993,-1.8749567010090118e-08,-0.016620042059851015
1,powabs((x54; 0.35288197),3,0.11073812481968556,0.14595515105716164,0.11073812481968556,0.14595515105716164,0.024232997170193005,-0.042310243632247335
2,sqrtabs(x45 / x5),4,0.09648622552923092,0.13087421309223046,0.09648622552923092,0.13087421309223046,0.14981335242655247,0.06538733340135838
3,(x48 / x5) / 3.0933502,5,0.0852399249341738,0.1250461480103203,0.0852399249341738,0.1250461480103203,0.24890992862766204,0.10700732345605213
4,(sqrtabs(x48) + x3) + (sqrtabs(x46) + x3),9,0.06881795420459769,0.17288565026255764,0.06881795420459769,0.17288565026255764,0.39361182949016216,-0.23462915108157123
