Id,Expression,size,MSE_train,MSE_test,nll_train,nll_test,R2_train,R2_test
0,2.9721766,1,0.11348828834817885,0.14235782793460225,0.11348828834817885,0.14235782793460225,-1.9488336278072893e-08,-0.016620662187942115
1,x31 * 0.008487721,3,0.10174646473871249,0.1384367702195309,0.10174646473871249,0.1384367702195309,0.1034628488762952,0.011380806706372537
2,log(x48 + -330.05322),4,0.06527656462397446,0.16400492907888675,0.06527656462397446,0.16400492907888675,0.42481672033118123,-0.17120921287769852
3,sin(sqrtabs(x48 * 2.823169)) + 2.9237278,7,0.06256885196135552,0.14487513998643156,0.06256885196135552,0.14487513998643156,0.4486756819456218,-0.03459755522005614
4,sin(sqrtabs((x48 * 2.823169) + 0.43229097)) + 2.9237278,9,0.062387880196997876,0.1439483771218996,0.062387880196997876,0.1439483771218996,0.45027031140491247,-0.02797925898232112
5,sin(sqrtabs((x48 * 2.823169) + sin(x53))) + 2.9237278,10,0.062170112803870754,0.14306908751522593,0.062170112803870754,0.14306908751522593,0.4521891648878634,-0.021699983756218177
6,sin((0.032815635 * x30) + sqrtabs(x48 + x31)) + 2.9237278,11,0.05488728823007739,0.15740871027133166,0.05488728823007739,0.15740871027133166,0.5163616431384825,-0.12410360281490784
7,sin(sin((0.032815635 * x30) + sqrtabs(x48 + x31))) + 2.9237278,12,0.05483284535334515,0.15417421140307333,0.05483284535334515,0.15417421140307333,0.516841365571393,-0.10100506001608456
8,sin((0.032815635 * x30) + sqrtabs((x48 * sqrtabs(sin(sqrtabs(2.7697418)))) + x31)) + 2.9237278,16,0.054631312793430566,0.1585771277866418,0.054631312793430566,0.1585771277866418,0.5186171661123601,-0.13244762860794168
