Id,Expression,size,MSE_train,MSE_test,nll_train,nll_test,R2_train,R2_test
0,2.9721754,1,0.11348828846248772,0.1423579437195262,0.11348828846248772,0.1423579437195262,-2.0495566799283438e-08,-0.016621489043393556
1,x46 * 0.008664336,3,0.0998730812718058,0.13900183756073048,0.0998730812718058,0.13900183756073048,0.11997013373081977,0.007345488502058628
2,sqrtabs(x46) + -15.554794,4,0.08347594463637208,0.1459517844660324,0.08347594463637208,0.1459517844660324,0.26445320941771966,-0.04228620177833031
3,sin(sqrtabs(x48)) + 3.1037893,5,0.07381425688046017,0.13274100554456914,0.07381425688046017,0.13274100554456914,0.34958699797712,0.05205599920921389
