Id,Expression,size,MSE_train,MSE_test,nll_train,nll_test,R2_train,R2_test
0,2.9722016,1,0.11348828662174425,0.14235541640368674,0.11348828662174425,0.14235541640368674,-4.275888532134786e-09,-0.016603440710263317
1,x48 * 0.008491716,3,0.09777852458924939,0.13598702955487132,0.09777852458924939,0.13598702955487132,0.1384262824124335,0.028875151856391446
2,(x48 + -292.67435) * 0.05161619,5,0.06117727727812288,0.15033803369144738,0.06117727727812288,0.15033803369144738,0.4609375173350393,-0.07360974511105955
3,((x48 + -0.07431593) * 0.05191186) + -15.208533,7,0.061171226604493305,0.15093633543011972,0.061171226604493305,0.15093633543011972,0.46099083273732044,-0.07788240028276316
4,((x48 + sin(sin(x53))) * 0.05191186) + -15.208533,9,0.05948684657024627,0.1443386876183756,0.05948684657024627,0.1443386876183756,0.4758327172312091,-0.03076658526527498
5,((x48 + sin((3.1339378 + x15) + 0.05191186)) * 0.05191186) + -15.208533,12,0.05782190668162227,0.14462955033602468,0.05782190668162227,0.14462955033602468,0.4905033052302361,-0.03284372463240581
6,((x48 + sin(sqrtabs(0.008487721) + ((x53 + x53) + 3.1339378))) * 0.05191186) + -15.208533,15,0.056653101881557213,0.14903101088048074,0.056653101881557213,0.14903101088048074,0.5008022077853373,-0.06427589663319377
