Id,Expression,size,MSE_train,MSE_test,nll_train,nll_test,R2_train,R2_test
0,2.972257,1,0.11348828725012518,0.14235007690533805,0.11348828725012518,0.14235007690533805,-9.812855861213166e-09,-0.016565309724241972
1,x45 * 0.008798711,3,0.09950326947456031,0.1371722333435452,0.09950326947456031,0.1371722333435452,0.12322872375658478,0.02041125016618861
2,sin(0.008798711) * x45,4,0.09950327094658057,0.13717513532543218,0.09950327094658057,0.13717513532543218,0.1232287107859047,0.020390526228556194
3,sin(sqrtabs(x48)) + 3.102208,5,0.07381928491647673,0.13291421861538236,0.07381928491647673,0.13291421861538236,0.34954269352784406,0.05081903184813119
4,sin(x48 / 18.988768) + 3.3530638,6,0.06064279029223093,0.14118934341169734,0.06064279029223093,0.14118934341169734,0.46564713983519024,-0.008276157873239764
