Id,Expression,size,MSE_train,MSE_test,nll_train,nll_test,R2_train,R2_test

0,(2.300504 * X3),3,0.08579751823308414,0.10777533683896592,0.08579751823308414,0.10777533683896592,0.3936612360957852,0.3225829094054814

0,sin((0.573049 * X3)),4,47.55752288469706,45.273573622740216,47.55752288469706,45.273573622740216,-335.09328374645537,-283.5650352284037

0,(((-0.000000) * X4) ^ ((-0.034934) * X3)),6,1.4338260699651442,2.200679068845064,1.4338260699651442,2.200679068845064,-9.132977559496155,-12.832270497811054

0,sqrt(abs((((-0.000000) * X4) ^ ((-0.074758) * X3)))),8,0.8436693334330289,1.2858718682690127,0.8436693334330289,1.2858718682690127,-4.962286920560582,-7.082290488979465

0,(0.006436 / (((-0.000000) * X4) ^ (0.135774 * X3))),10,11.281600779307304,16.661474065995538,11.281600779307304,16.661474065995538,-78.72808552343747,-103.72495487225437

0,(1.001336 ^ (((-0.000182) * X4) ^ (((-0.034232) * X2) + ((-0.149014) * X3)))),12,44.6024528561946,42.91915663912064,44.6024528561946,42.91915663912064,-314.2095385609023,-268.76645189877814

0,sin((0.000263 / (((-0.005175) * X2) + (((-0.000121) * X4) ^ (0.114414 * X3))))),14,60.93868989107332,58.6450104536341,60.93868989107332,58.6450104536341,-429.6591922870757,-367.61060725558025

0,sin(sin((0.000263 / (((-0.005175) * X2) + (((-0.000121) * X4) ^ (0.114414 * X3)))))),15,60.9387000383233,58.64501808033285,60.9387000383233,58.64501808033285,-429.6592639986023,-367.6106551928563

0,((((-0.097560) * X4) ^ (exp(((-0.102327) * X2)) + ((-0.343096) * X3))) + (6.103354 - (0.000752 * X1))),17,0.001336982794826538,0.003737827157529573,0.001336982794826538,0.003737827157529573,0.9905514225601023,0.9765060534955026

0,(((((-0.000054) * X1) + 0.104402) / (((-0.020303) * X2) + (((-0.001128) * X4) ^ (0.100573 * X3)))) + 6.613054),19,0.0012115130564791157,0.0037039807396466056,0.0012115130564791157,0.0037039807396466056,0.9914381284651645,0.9767187936511059

0,((((-0.005365) * X4) ^ (exp((((-0.071872) * X2) - (0.094504 * X4))) + ((-0.292642) * X3))) + (7.082947 - (0.000795 * X1))),21,0.0007881277589406419,0.003583006097234895,0.0007881277589406419,0.003583006097234895,0.994430230372673,0.9774791743903533

0,(((0.003776 - ((-0.000602) * X4)) / (((-0.000001) * X4) ^ ((0.030003 * X2) + (0.110059 * X3)))) + (7.135664 - (0.000811 * X1))),24,0.000767457926946396,0.0036111132300526354,0.000767457926946396,0.0036111132300526354,0.9945763059310295,0.9773025082559964
