Id,Expression,size,MSE_train,MSE_test,nll_train,nll_test,R2_train,R2_test
0,0.08786552,1,0.00019337354380796192,0.0001422770958384238,0.00019337354380796192,0.0001422770958384238,-2.933595588672233e-10,-0.005549227292196424
1,powabs(((0.08503551; powabs(x0; 0.07580439)),5,9.313486892927645e-05,0.00013013250952442068,9.313486892927645e-05,0.00013013250952442068,0.5183680915053709,0.08028313603983062
2,0.09669977 * powabs(((powabs(0.88355404; x0); x1),7,8.823823655847062e-05,7.87889855586522e-05,8.823823655847062e-05,7.87889855586522e-05,0.5436902336961615,0.4431556036425458
3,powabs((((powabs(0.88355404; x1) * 0.09654913; powabs(x0; 0.059675355)),9,6.066409717484368e-05,7.166380368188731e-05,6.066409717484368e-05,7.166380368188731e-05,0.6862854349254455,0.49351311964521904
4,sin(powabs((((powabs(0.88355404; x1) * 0.09669977; powabs(x0; 0.059675355))),10,6.0661730700405463e-05,7.162420325140032e-05,6.0661730700405463e-05,7.162420325140032e-05,0.6862976727651846,0.49379299731661785
5,powabs(((((powabs(0.67868996; powabs(1.2830663; x1)) * 0.14099492; powabs(x0; 0.059675355)),11,6.05955317187454e-05,7.312781241799129e-05,6.05955317187454e-05,7.312781241799129e-05,0.6866400100900114,0.48316617768198
6,powabs((((((powabs(powabs(0.8674723; powabs(x3; x6)); x1) * 0.09669977; powabs(x0; 0.059675355)),13,4.224062084988999e-05,5.304525406954918e-05,4.224062084988999e-05,5.304525406954918e-05,0.7815594624245467,0.6251004848895128
