Id,Expression,size,MSE_train,MSE_test,nll_train,nll_test,R2_train,R2_test
0,0.08786336,1,0.00019337354950248404,0.00014228092845027527,0.00019337354950248404,0.00014228092845027527,-2.974165957958519e-08,-0.0055763144341081095
1,powabs(((-0.08503671; powabs(x0; 0.075831346)),5,9.313487121169795e-05,0.00013016078268025463,9.313487121169795e-05,0.00013016078268025463,0.5183680797021973,0.08008331434798044
2,powabs(((0.1284036; powabs(1.1942453; sqrtabs(x0))),6,9.301601577070842e-05,0.00013654398988019348,9.301601577070842e-05,0.00013654398988019348,0.5189827213883549,0.0349697348943081
3,powabs(((-0.08503671; powabs(x0 * x1; 0.056212097)),7,7.859141859660636e-05,7.039876512636672e-05,7.859141859660636e-05,7.039876512636672e-05,0.5935771922465745,0.5024538316727065
4,powabs(((0.08786585; powabs((x0 * x1) + 0.23731123; 0.06871281)),9,6.494606304332902e-05,6.962650164169372e-05,6.494606304332902e-05,6.962650164169372e-05,0.6641419411184857,0.5079118356170714
5,powabs(((((0.2470395; powabs(powabs(x0; 0.46149403) * 0.23731123; powabs(-0.7804001; x1))) * 0.1354828,13,6.127460802787041e-05,7.346605536963068e-05,6.127460802787041e-05,7.346605536963068e-05,0.6831282768096893,0.48077563170791626
6,powabs(((((((powabs(powabs(x0 * x1; -0.3723661); powabs(x1; 0.5451585)); powabs(0.5728276; powabs(-1.5111082; x1))) * 0.08455896,17,6.0556509166886836e-05,6.59469477332958e-05,6.0556509166886836e-05,6.59469477332958e-05,0.6868418089043764,0.5339172342201703
7,powabs(((((((powabs(powabs(x0 * x1; -0.6123933); 1.2406378); powabs(powabs(x0; -0.1948515) * 0.08971217; powabs(-0.76290387; x1))) * 0.08488076,19,6.020117980019255e-05,6.566509569695411e-05,6.020117980019255e-05,6.566509569695411e-05,0.6886793372435758,0.5359092350807726
8,powabs((((((((powabs(powabs(x0 * x1; -0.39457402); powabs(x1; 0.26523003)); powabs(powabs(x0; -0.15091316) * -0.29370672; powabs(-0.9003542; x1))) * 0.08465806,21,6.0116254675132266e-05,6.520801639371618e-05,6.0116254675132266e-05,6.520801639371618e-05,0.6891185137897197,0.5391396618579968
