Id,Expression,size,MSE_train,MSE_test,nll_train,nll_test,R2_train,R2_test
0,0.08786654,1,0.00019337354436248206,0.0001422752892375384,0.00019337354436248206,0.0001422752892375384,-3.1609708184276997e-09,-0.005536459066125987
1,powabs(((0.08506222; powabs(x0; 0.07640323)),5,9.314424873851611e-05,0.00013077000566249922,9.314424873851611e-05,0.00013077000566249922,0.5183195853392342,0.07577760586106852
2,powabs(((0.077027865; sin(powabs(1.2894845; x0))),6,9.217866408543062e-05,0.0001324060870721266,9.217866408543062e-05,0.0001324060870721266,0.5233129501726762,0.06421453319963166
3,powabs(((-0.06367333; sin(powabs(x1 + x0; 0.14308536))),8,7.743896291460417e-05,9.176093059602395e-05,7.743896291460417e-05,9.176093059602395e-05,0.599536930376444,0.35147584850037406
4,powabs((((powabs(x1; -0.076630555) * 0.08329508; powabs(x0; 0.06368125)),9,6.490819624224879e-05,7.405723626762974e-05,6.490819624224879e-05,7.405723626762974e-05,0.6643377631546632,0.4765974363935561
5,powabs((((-0.06367333; sin(powabs((powabs(0.20996256; x1) + x6) / x0; -0.076630555))),12,4.457753251052188e-05,5.9280881810741026e-05,4.457753251052188e-05,5.9280881810741026e-05,0.7694745018073993,0.5810299293310972
6,powabs((((((-0.06367333; sin(powabs((powabs(powabs(0.20996256; powabs(x0; 0.33475256)); x1) + x6) / x0; -0.076630555))),16,3.885139524870301e-05,4.368893130617026e-05,3.885139524870301e-05,4.368893130617026e-05,0.7990862943553254,0.69122668088452
7,powabs((((((((-0.06367333; sin(powabs(powabs(powabs(powabs(0.09105361; powabs(x11; x6)); x1) + (0.06565001 / x0); powabs(0.29222453; x5)) / x0; -0.076630555))),22,3.550329114099581e-05,3.951267422714559e-05,3.550329114099581e-05,3.951267422714559e-05,0.8164004731346852,0.7207425495775097
