x1
(Array S Seq (Sz1 0)
  [  ],0)
x0
(Array S Seq (Sz1 0)
  [  ],0)
x2
(Array S Seq (Sz1 0)
  [  ],0)
x3
(Array S Seq (Sz1 0)
  [  ],0)
x4
(Array S Seq (Sz1 0)
  [  ],0)
x5
(Array S Seq (Sz1 0)
  [  ],0)
x6
(Array S Seq (Sz1 0)
  [  ],0)
x7
(Array S Seq (Sz1 0)
  [  ],0)
x8
(Array S Seq (Sz1 0)
  [  ],0)
((Recip((Abs(x3) ^ t0)) + (((Abs(x1) ^ (t1 / x6)) * x8) + t2)) * t3)
minmized
("recurse to ",18,18)
("recurse to ",11,11)
("recurse to ",10,10)
theta 
(4,0)
(Bin PowerAbs 3 9,True,True)
(Uni Recip 10,True,True)
("recurse to ",17,17)
("recurse to ",15,15)
("recurse to ",14,14)
("recurse to ",13,13)
theta 
(4,1)
(Bin Div 12 6,True,True)
(Bin PowerAbs 1 13,True,True)
(Bin Mul 14 8,True,True)
theta 
(4,2)
(Bin Add 15 16,True,True)
(Bin Add 11 17,True,True)
theta 
(4,3)
(Bin Mul 18 19,True,True)
fromList []
([],[Param 0,Param 1,Param 2,Param 3],4)
NaN
finish f
((Recip((Abs(x3) ^ t0)) + (((Abs(x1) ^ (t1 / x6)) * x8) + t2)) * t3)
([],[Param 0,Param 1,Param 2,Param 3],4)
(NaN,Array S Seq (Sz1 4)
  [ -0.5400695281012189, 0.8885984006937162, -0.9482584827944253, 0.12190261527122936 ],NaN)
(Recip((t0 / ((x0 / x8) + t1))) * (((t2 / x2) + x1) / (Abs(t3) ^ (x5 * t4))))
minmized
("recurse to ",36,36)
("recurse to ",35,35)
theta 
(5,0)
("recurse to ",34,34)
("recurse to ",21,21)
(Bin Div 0 8,True,True)
theta 
(5,1)
(Bin Add 21 12,True,True)
(Bin Div 9 34,True,True)
(Uni Recip 35,True,True)
("recurse to ",41,41)
("recurse to ",38,38)
("recurse to ",37,37)
theta 
(5,2)
(Bin Div 16 2,True,True)
(Bin Add 37 1,True,True)
("recurse to ",40,40)
theta 
(5,3)
("recurse to ",39,39)
theta 
(5,4)
(Bin Mul 5 27,True,True)
(Bin PowerAbs 19 39,True,True)
(Bin Div 38 40,True,True)
(Bin Mul 36 41,True,True)
fromList [(21,Array S Seq (Sz1 1000)
  [ 0.0, NaN, 0.0, 0.0, 0.5, NaN, Infinity, NaN, NaN, 0.0, NaN, 0.0, NaN, 0.0, NaN, NaN, NaN, Infinity, 0.0, 0.0, Infinity, Infinity, NaN, 0.3333333333333333, Infinity, 0.25, NaN, NaN, 0.5, Infinity, 0.5, 0.5, 0.0, NaN, 0.0, Infinity, NaN, 0.0, Infinity, NaN, NaN, 0.3333333333333333, NaN, 0.0, Infinity, NaN, NaN, 0.0, NaN, 0.0, Infinity, 0.0, NaN, NaN, Infinity, NaN, 0.3333333333333333, 0.0, 0.0, NaN, 0.0, 0.0, NaN, 0.0, 0.0, Infinity, 0.0, 0.0, 0.0, NaN, NaN, Infinity, 0.0, Infinity, Infinity, 0.0, NaN, 0.0, NaN, NaN, 0.5, NaN, 0.0, 0.5, Infinity, Infinity, NaN, Infinity, NaN, NaN, 1.0, NaN, NaN, 0.0, 0.0, 0.0, 0.0, 0.2, 0.0, NaN, 0.0, NaN, 0.0, NaN, NaN, 0.0, 0.0, 0.0, Infinity, NaN, 0.0, NaN, NaN, NaN, 0.3333333333333333, 0.5, NaN, Infinity, 0.0, NaN, 0.0, Infinity, NaN, 0.0, NaN, NaN, Infinity, NaN, 0.5, 0.0, 0.0, Infinity, NaN, NaN, Infinity, 0.2, NaN, Infinity, NaN, Infinity, 0.0, 1.0, 1.0, NaN, 0.2, NaN, 0.5, NaN, 0.5, 0.0, 0.0, NaN, NaN, 0.0, NaN, Infinity, NaN, NaN, NaN, NaN, 0.25, NaN, NaN, NaN, NaN, 0.0, 0.0, 0.0, NaN, 0.3333333333333333, NaN, 0.0, NaN, 0.3333333333333333, NaN, NaN, NaN, NaN, NaN, NaN, NaN, Infinity, 0.0, NaN, 0.0, 0.0, NaN, 0.0, 0.5, NaN, NaN, 0.0, 0.0, NaN, NaN, 0.0, NaN, NaN, NaN, 0.0, 0.0, 0.0, 0.5, 0.0, 0.0, NaN, NaN, Infinity, NaN, 0.0, NaN, 0.0, 0.5, Infinity, NaN, NaN, 0.0, 0.5, Infinity, 0.0, Infinity, NaN, NaN, NaN, Infinity, 0.0, NaN, NaN, 0.0, NaN, 0.0, NaN, NaN, NaN, 0.0, 0.0, Infinity, 1.0, NaN, NaN, 0.0, 0.0, 0.0, 0.0, NaN, NaN, 0.0, NaN, Infinity, NaN, 0.0, NaN, NaN, 0.0, Infinity, NaN, NaN, NaN, 0.0, 0.5, NaN, NaN, NaN, Infinity, 0.0, NaN, 0.0, 0.0, Infinity, NaN, 0.0, 0.0, Infinity, NaN, NaN, 0.0, NaN, NaN, Infinity, 0.0, 0.0, NaN, Infinity, 0.5, NaN, NaN, 0.0, Infinity, 0.0, NaN, NaN, NaN, NaN, 0.25, Infinity, 1.0, 0.0, 0.0, Infinity, 0.0, NaN, NaN, 0.5, NaN, 0.5, 0.0, Infinity, Infinity, 0.0, 0.0, 0.0, 0.5, 0.0, Infinity, Infinity, NaN, Infinity, 0.0, Infinity, 0.0, NaN, 0.0, NaN, Infinity, NaN, Infinity, Infinity, 0.0, Infinity, 1.0, NaN, NaN, Infinity, 0.0, 0.5, NaN, NaN, 0.0, 0.0, 0.2, 0.0, Infinity, 0.0, 0.0, Infinity, Infinity, Infinity, NaN, 0.0, 0.0, 0.0, 0.3333333333333333, NaN, 0.5, NaN, NaN, NaN, 0.0, 0.0, 0.3333333333333333, 0.0, NaN, 0.0, NaN, Infinity, NaN, NaN, 0.25, Infinity, 0.0, Infinity, 0.0, 0.0, NaN, Infinity, 0.5, 0.0, 0.0, NaN, 0.0, Infinity, 0.3333333333333333, NaN, 0.0, NaN, 0.5, NaN, 0.3333333333333333, NaN, NaN, Infinity, NaN, NaN, NaN, NaN, NaN, NaN, 0.5, 0.0, NaN, Infinity, 0.0, 0.5, 0.0, NaN, 0.5, 0.0, 0.0, NaN, NaN, Infinity, 0.0, NaN, 0.0, NaN, 0.0, 0.0, NaN, Infinity, 1.0, NaN, 0.0, NaN, 0.0, 0.0, NaN, Infinity, 0.0, 0.3333333333333333, 0.0, 0.0, 0.5, Infinity, NaN, Infinity, 0.3333333333333333, NaN, NaN, 0.0, 0.0, NaN, NaN, 0.0, 0.3333333333333333, NaN, NaN, Infinity, NaN, NaN, Infinity, NaN, 0.0, 0.3333333333333333, Infinity, 0.0, Infinity, NaN, NaN, 0.0, NaN, 0.0, 0.0, 0.0, 0.0, 0.0, 0.3333333333333333, 0.0, NaN, Infinity, 0.3333333333333333, NaN, 0.0, NaN, NaN, 0.0, 0.0, 0.0, NaN, 0.0, 0.0, 0.0, NaN, 0.3333333333333333, 0.0, NaN, 0.0, 0.0, 0.3333333333333333, NaN, 0.3333333333333333, 0.0, 0.0, Infinity, Infinity, NaN, Infinity, Infinity, 0.0, Infinity, 0.0, 0.3333333333333333, NaN, Infinity, 0.0, Infinity, NaN, 0.0, 0.0, NaN, 1.0, 0.0, 0.0, NaN, 0.0, NaN, 0.0, NaN, NaN, Infinity, 0.0, NaN, 0.3333333333333333, Infinity, NaN, 0.0, 0.0, NaN, 0.0, 0.0, NaN, Infinity, 0.0, 0.0, 0.5, Infinity, Infinity, Infinity, NaN, 0.0, 0.0, NaN, 0.25, Infinity, 0.0, NaN, NaN, Infinity, 0.0, 0.2, NaN, NaN, 0.0, 0.0, NaN, Infinity, 0.0, 0.0, 0.0, NaN, 0.5, NaN, 0.0, 0.0, NaN, 0.0, NaN, NaN, 0.0, 0.3333333333333333, NaN, 0.0, 0.0, NaN, 0.0, NaN, Infinity, Infinity, Infinity, NaN, Infinity, NaN, NaN, Infinity, NaN, NaN, Infinity, 0.0, NaN, NaN, 0.5, 0.3333333333333333, 0.3333333333333333, 0.0, 0.0, 0.0, 0.0, Infinity, Infinity, 0.0, 0.0, NaN, 0.0, 0.5, 0.0, 0.0, NaN, NaN, NaN, NaN, NaN, 0.0, NaN, 1.0, 0.3333333333333333, 0.0, NaN, 0.0, 0.0, 0.0, 0.3333333333333333, 0.0, NaN, Infinity, 0.0, NaN, Infinity, 0.0, NaN, Infinity, 0.0, 0.5, NaN, NaN, NaN, NaN, 0.2, 0.0, Infinity, Infinity, NaN, NaN, NaN, NaN, 0.0, Infinity, 0.0, NaN, NaN, NaN, NaN, 0.0, 0.3333333333333333, Infinity, Infinity, 0.0, 0.0, 0.0, Infinity, 0.0, NaN, NaN, 0.0, Infinity, Infinity, NaN, NaN, NaN, 1.0, NaN, 0.3333333333333333, NaN, 0.0, NaN, NaN, 0.0, 0.0, NaN, NaN, 0.0, NaN, NaN, 0.0, NaN, NaN, NaN, NaN, Infinity, 1.0, Infinity, Infinity, NaN, Infinity, 0.5, 0.0, 0.0, 0.5, 0.0, NaN, 0.3333333333333333, NaN, NaN, Infinity, 0.0, Infinity, 0.0, NaN, 0.0, Infinity, Infinity, 0.0, 0.5, 0.0, Infinity, Infinity, 0.5, NaN, 0.0, 0.0, Infinity, NaN, NaN, Infinity, 0.5, 0.0, NaN, 0.0, NaN, NaN, Infinity, Infinity, 0.0, 0.0, Infinity, Infinity, NaN, 0.0, NaN, 0.0, 0.0, NaN, Infinity, Infinity, 0.0, 0.0, NaN, 0.0, 0.5, NaN, NaN, 0.0, 0.0, Infinity, NaN, 0.0, NaN, 0.3333333333333333, Infinity, NaN, 0.0, 0.0, 0.0, 0.0, NaN, Infinity, NaN, NaN, NaN, 0.0, 0.0, 0.0, 0.0, 1.0, Infinity, NaN, Infinity, 0.0, 0.3333333333333333, 0.0, Infinity, 0.0, NaN, NaN, 0.0, NaN, Infinity, 0.0, 0.0, NaN, 0.5, 0.0, NaN, NaN, 0.3333333333333333, 0.0, NaN, Infinity, 0.5, 0.0, 0.0, 0.0, 0.0, Infinity, 0.5, 0.0, NaN, Infinity, 1.0, 0.0, Infinity, Infinity, 0.0, 0.0, 0.0, NaN, NaN, 0.3333333333333333, NaN, 0.0, Infinity, NaN, 0.0, 0.0, NaN, 0.0, 0.0, NaN, 0.0, 0.0, Infinity, NaN, 0.0, NaN, NaN, NaN, 0.0, Infinity, 0.0, 0.5, NaN, 0.5, Infinity, NaN, 0.5, NaN, NaN, 0.0, Infinity, 0.0, 0.0, 0.0, 0.0, 0.0, 0.0, NaN, NaN, NaN, 0.5, 1.0, NaN, NaN, Infinity, NaN, 0.0, NaN, 0.0, 0.0, NaN, 0.0, 0.0, 0.0, Infinity, 0.0, 0.5, NaN, NaN, 0.0, 0.0, NaN, NaN, 0.0, 0.0, NaN, Infinity, NaN, 0.3333333333333333, NaN, Infinity, Infinity, 0.0, 0.0, 0.0, 0.0, NaN, 0.0, 0.3333333333333333, Infinity, Infinity, NaN, NaN, 0.0, NaN, NaN, 0.5, Infinity, NaN, Infinity, NaN, 0.5, NaN, Infinity, NaN, 0.3333333333333333, 0.0, Infinity, NaN, NaN, 0.3333333333333333, 0.0, 0.0, 0.0, Infinity, 0.0, 0.0, 0.0, 0.0, 0.3333333333333333, Infinity, NaN, NaN, 0.0, 0.0, NaN, 0.0, NaN, Infinity, NaN, Infinity, 0.0, 0.0, 0.0, 0.0, Infinity, NaN, 0.0, 0.0, 0.0, 0.0, Infinity, NaN, 0.0, 1.0, 0.3333333333333333, 0.5, NaN, 1.0, 0.0, Infinity, NaN, 0.0, NaN, 0.25, NaN, NaN, 0.0, 0.0, NaN, 0.25, 0.0, Infinity, 0.0, NaN, Infinity, NaN, Infinity, 0.0, 0.0, 0.0, NaN, 0.5, 0.0, Infinity, 0.0, 0.0, 0.0, NaN, NaN, 0.5, 0.0, 0.0, 0.0, 0.0, Infinity, NaN, Infinity, 0.5, NaN, 0.0, 0.0, NaN, 0.0 ])]
([21],[Param 0,Param 1,Param 2,Param 3,Param 4],5)
NaN
finish f
(Recip((t0 / ((x0 / x8) + t1))) * (((t2 / x2) + x1) / (Abs(t3) ^ (x5 * t4))))
([21],[Param 0,Param 1,Param 2,Param 3,Param 4],5)
(NaN,Array S Seq (Sz1 5)
  [ -0.721855083672057, 0.10794586327993028, -0.8056576174029593, 0.7087627451615407, 0.3360754439989353 ],NaN)
(Recip(((t0 + (t1 - (x8 + (Abs(x2) ^ x0)))) * t2)) / Recip((Abs(((Abs(x6) ^ t3) / x6)) ^ (x8 + x4))))
minmized
("recurse to ",48,48)
("recurse to ",47,47)
("recurse to ",46,46)
theta 
(4,0)
("recurse to ",45,45)
theta 
(4,1)
("recurse to ",44,44)
("recurse to ",43,43)
(Bin PowerAbs 2 0,True,True)
(Bin Add 8 43,True,True)
(Bin Sub 12 44,True,True)
(Bin Add 9 45,True,True)
theta 
(4,2)
(Bin Mul 46 16,True,True)
(Uni Recip 47,True,True)
("recurse to ",58,58)
("recurse to ",57,57)
("recurse to ",56,56)
("recurse to ",55,55)
theta 
(4,3)
(Bin PowerAbs 6 19,True,True)
(Bin Div 55 6,True,True)
("recurse to ",51,51)
(Bin Add 8 4,True,True)
(Bin PowerAbs 56 51,True,True)
(Uni Recip 57,True,True)
(Bin Div 48 58,True,True)
fromList [(21,Array S Seq (Sz1 1000)
  [ 0.0, NaN, 0.0, 0.0, 0.5, NaN, Infinity, NaN, NaN, 0.0, NaN, 0.0, NaN, 0.0, NaN, NaN, NaN, Infinity, 0.0, 0.0, Infinity, Infinity, NaN, 0.3333333333333333, Infinity, 0.25, NaN, NaN, 0.5, Infinity, 0.5, 0.5, 0.0, NaN, 0.0, Infinity, NaN, 0.0, Infinity, NaN, NaN, 0.3333333333333333, NaN, 0.0, Infinity, NaN, NaN, 0.0, NaN, 0.0, Infinity, 0.0, NaN, NaN, Infinity, NaN, 0.3333333333333333, 0.0, 0.0, NaN, 0.0, 0.0, NaN, 0.0, 0.0, Infinity, 0.0, 0.0, 0.0, NaN, NaN, Infinity, 0.0, Infinity, Infinity, 0.0, NaN, 0.0, NaN, NaN, 0.5, NaN, 0.0, 0.5, Infinity, Infinity, NaN, Infinity, NaN, NaN, 1.0, NaN, NaN, 0.0, 0.0, 0.0, 0.0, 0.2, 0.0, NaN, 0.0, NaN, 0.0, NaN, NaN, 0.0, 0.0, 0.0, Infinity, NaN, 0.0, NaN, NaN, NaN, 0.3333333333333333, 0.5, NaN, Infinity, 0.0, NaN, 0.0, Infinity, NaN, 0.0, NaN, NaN, Infinity, NaN, 0.5, 0.0, 0.0, Infinity, NaN, NaN, Infinity, 0.2, NaN, Infinity, NaN, Infinity, 0.0, 1.0, 1.0, NaN, 0.2, NaN, 0.5, NaN, 0.5, 0.0, 0.0, NaN, NaN, 0.0, NaN, Infinity, NaN, NaN, NaN, NaN, 0.25, NaN, NaN, NaN, NaN, 0.0, 0.0, 0.0, NaN, 0.3333333333333333, NaN, 0.0, NaN, 0.3333333333333333, NaN, NaN, NaN, NaN, NaN, NaN, NaN, Infinity, 0.0, NaN, 0.0, 0.0, NaN, 0.0, 0.5, NaN, NaN, 0.0, 0.0, NaN, NaN, 0.0, NaN, NaN, NaN, 0.0, 0.0, 0.0, 0.5, 0.0, 0.0, NaN, NaN, Infinity, NaN, 0.0, NaN, 0.0, 0.5, Infinity, NaN, NaN, 0.0, 0.5, Infinity, 0.0, Infinity, NaN, NaN, NaN, Infinity, 0.0, NaN, NaN, 0.0, NaN, 0.0, NaN, NaN, NaN, 0.0, 0.0, Infinity, 1.0, NaN, NaN, 0.0, 0.0, 0.0, 0.0, NaN, NaN, 0.0, NaN, Infinity, NaN, 0.0, NaN, NaN, 0.0, Infinity, NaN, NaN, NaN, 0.0, 0.5, NaN, NaN, NaN, Infinity, 0.0, NaN, 0.0, 0.0, Infinity, NaN, 0.0, 0.0, Infinity, NaN, NaN, 0.0, NaN, NaN, Infinity, 0.0, 0.0, NaN, Infinity, 0.5, NaN, NaN, 0.0, Infinity, 0.0, NaN, NaN, NaN, NaN, 0.25, Infinity, 1.0, 0.0, 0.0, Infinity, 0.0, NaN, NaN, 0.5, NaN, 0.5, 0.0, Infinity, Infinity, 0.0, 0.0, 0.0, 0.5, 0.0, Infinity, Infinity, NaN, Infinity, 0.0, Infinity, 0.0, NaN, 0.0, NaN, Infinity, NaN, Infinity, Infinity, 0.0, Infinity, 1.0, NaN, NaN, Infinity, 0.0, 0.5, NaN, NaN, 0.0, 0.0, 0.2, 0.0, Infinity, 0.0, 0.0, Infinity, Infinity, Infinity, NaN, 0.0, 0.0, 0.0, 0.3333333333333333, NaN, 0.5, NaN, NaN, NaN, 0.0, 0.0, 0.3333333333333333, 0.0, NaN, 0.0, NaN, Infinity, NaN, NaN, 0.25, Infinity, 0.0, Infinity, 0.0, 0.0, NaN, Infinity, 0.5, 0.0, 0.0, NaN, 0.0, Infinity, 0.3333333333333333, NaN, 0.0, NaN, 0.5, NaN, 0.3333333333333333, NaN, NaN, Infinity, NaN, NaN, NaN, NaN, NaN, NaN, 0.5, 0.0, NaN, Infinity, 0.0, 0.5, 0.0, NaN, 0.5, 0.0, 0.0, NaN, NaN, Infinity, 0.0, NaN, 0.0, NaN, 0.0, 0.0, NaN, Infinity, 1.0, NaN, 0.0, NaN, 0.0, 0.0, NaN, Infinity, 0.0, 0.3333333333333333, 0.0, 0.0, 0.5, Infinity, NaN, Infinity, 0.3333333333333333, NaN, NaN, 0.0, 0.0, NaN, NaN, 0.0, 0.3333333333333333, NaN, NaN, Infinity, NaN, NaN, Infinity, NaN, 0.0, 0.3333333333333333, Infinity, 0.0, Infinity, NaN, NaN, 0.0, NaN, 0.0, 0.0, 0.0, 0.0, 0.0, 0.3333333333333333, 0.0, NaN, Infinity, 0.3333333333333333, NaN, 0.0, NaN, NaN, 0.0, 0.0, 0.0, NaN, 0.0, 0.0, 0.0, NaN, 0.3333333333333333, 0.0, NaN, 0.0, 0.0, 0.3333333333333333, NaN, 0.3333333333333333, 0.0, 0.0, Infinity, Infinity, NaN, Infinity, Infinity, 0.0, Infinity, 0.0, 0.3333333333333333, NaN, Infinity, 0.0, Infinity, NaN, 0.0, 0.0, NaN, 1.0, 0.0, 0.0, NaN, 0.0, NaN, 0.0, NaN, NaN, Infinity, 0.0, NaN, 0.3333333333333333, Infinity, NaN, 0.0, 0.0, NaN, 0.0, 0.0, NaN, Infinity, 0.0, 0.0, 0.5, Infinity, Infinity, Infinity, NaN, 0.0, 0.0, NaN, 0.25, Infinity, 0.0, NaN, NaN, Infinity, 0.0, 0.2, NaN, NaN, 0.0, 0.0, NaN, Infinity, 0.0, 0.0, 0.0, NaN, 0.5, NaN, 0.0, 0.0, NaN, 0.0, NaN, NaN, 0.0, 0.3333333333333333, NaN, 0.0, 0.0, NaN, 0.0, NaN, Infinity, Infinity, Infinity, NaN, Infinity, NaN, NaN, Infinity, NaN, NaN, Infinity, 0.0, NaN, NaN, 0.5, 0.3333333333333333, 0.3333333333333333, 0.0, 0.0, 0.0, 0.0, Infinity, Infinity, 0.0, 0.0, NaN, 0.0, 0.5, 0.0, 0.0, NaN, NaN, NaN, NaN, NaN, 0.0, NaN, 1.0, 0.3333333333333333, 0.0, NaN, 0.0, 0.0, 0.0, 0.3333333333333333, 0.0, NaN, Infinity, 0.0, NaN, Infinity, 0.0, NaN, Infinity, 0.0, 0.5, NaN, NaN, NaN, NaN, 0.2, 0.0, Infinity, Infinity, NaN, NaN, NaN, NaN, 0.0, Infinity, 0.0, NaN, NaN, NaN, NaN, 0.0, 0.3333333333333333, Infinity, Infinity, 0.0, 0.0, 0.0, Infinity, 0.0, NaN, NaN, 0.0, Infinity, Infinity, NaN, NaN, NaN, 1.0, NaN, 0.3333333333333333, NaN, 0.0, NaN, NaN, 0.0, 0.0, NaN, NaN, 0.0, NaN, NaN, 0.0, NaN, NaN, NaN, NaN, Infinity, 1.0, Infinity, Infinity, NaN, Infinity, 0.5, 0.0, 0.0, 0.5, 0.0, NaN, 0.3333333333333333, NaN, NaN, Infinity, 0.0, Infinity, 0.0, NaN, 0.0, Infinity, Infinity, 0.0, 0.5, 0.0, Infinity, Infinity, 0.5, NaN, 0.0, 0.0, Infinity, NaN, NaN, Infinity, 0.5, 0.0, NaN, 0.0, NaN, NaN, Infinity, Infinity, 0.0, 0.0, Infinity, Infinity, NaN, 0.0, NaN, 0.0, 0.0, NaN, Infinity, Infinity, 0.0, 0.0, NaN, 0.0, 0.5, NaN, NaN, 0.0, 0.0, Infinity, NaN, 0.0, NaN, 0.3333333333333333, Infinity, NaN, 0.0, 0.0, 0.0, 0.0, NaN, Infinity, NaN, NaN, NaN, 0.0, 0.0, 0.0, 0.0, 1.0, Infinity, NaN, Infinity, 0.0, 0.3333333333333333, 0.0, Infinity, 0.0, NaN, NaN, 0.0, NaN, Infinity, 0.0, 0.0, NaN, 0.5, 0.0, NaN, NaN, 0.3333333333333333, 0.0, NaN, Infinity, 0.5, 0.0, 0.0, 0.0, 0.0, Infinity, 0.5, 0.0, NaN, Infinity, 1.0, 0.0, Infinity, Infinity, 0.0, 0.0, 0.0, NaN, NaN, 0.3333333333333333, NaN, 0.0, Infinity, NaN, 0.0, 0.0, NaN, 0.0, 0.0, NaN, 0.0, 0.0, Infinity, NaN, 0.0, NaN, NaN, NaN, 0.0, Infinity, 0.0, 0.5, NaN, 0.5, Infinity, NaN, 0.5, NaN, NaN, 0.0, Infinity, 0.0, 0.0, 0.0, 0.0, 0.0, 0.0, NaN, NaN, NaN, 0.5, 1.0, NaN, NaN, Infinity, NaN, 0.0, NaN, 0.0, 0.0, NaN, 0.0, 0.0, 0.0, Infinity, 0.0, 0.5, NaN, NaN, 0.0, 0.0, NaN, NaN, 0.0, 0.0, NaN, Infinity, NaN, 0.3333333333333333, NaN, Infinity, Infinity, 0.0, 0.0, 0.0, 0.0, NaN, 0.0, 0.3333333333333333, Infinity, Infinity, NaN, NaN, 0.0, NaN, NaN, 0.5, Infinity, NaN, Infinity, NaN, 0.5, NaN, Infinity, NaN, 0.3333333333333333, 0.0, Infinity, NaN, NaN, 0.3333333333333333, 0.0, 0.0, 0.0, Infinity, 0.0, 0.0, 0.0, 0.0, 0.3333333333333333, Infinity, NaN, NaN, 0.0, 0.0, NaN, 0.0, NaN, Infinity, NaN, Infinity, 0.0, 0.0, 0.0, 0.0, Infinity, NaN, 0.0, 0.0, 0.0, 0.0, Infinity, NaN, 0.0, 1.0, 0.3333333333333333, 0.5, NaN, 1.0, 0.0, Infinity, NaN, 0.0, NaN, 0.25, NaN, NaN, 0.0, 0.0, NaN, 0.25, 0.0, Infinity, 0.0, NaN, Infinity, NaN, Infinity, 0.0, 0.0, 0.0, NaN, 0.5, 0.0, Infinity, 0.0, 0.0, 0.0, NaN, NaN, 0.5, 0.0, 0.0, 0.0, 0.0, Infinity, NaN, Infinity, 0.5, NaN, 0.0, 0.0, NaN, 0.0 ]),(43,Array S Seq (Sz1 1000)
  [ 1.0, 1.0, 1.0, 1.0, 136.01341247558594, 1.0, 132.46034240722656, 1.0, 1.0, 1.0, 1.0, 1.0, 1.0, 1.0, 1.0, 1.0, 1.0, 195.7398681640625, 1.0, 1.0, 125.3662109375, 100.45612335205078, 1.0, 227.5116424560547, 181.67588806152344, 143.7611083984375, 1.0, 1.0, 116.65486145019533, 131.63455200195313, 121.69271850585938, 123.9864273071289, 1.0, 1.0, 1.0, 98.12364959716795, 1.0, 1.0, 125.39635467529295, 1.0, 1.0, 95.56956481933594, 1.0, 1.0, 188.5592803955078, 1.0, 1.0, 1.0, 1.0, 1.0, 142.63609313964844, 1.0, 1.0, 1.0, 111.1320571899414, 1.0, 106.53964233398438, 1.0, 1.0, 1.0, 1.0, 1.0, 1.0, 1.0, 1.0, 111.14727783203124, 1.0, 1.0, 1.0, 1.0, 1.0, 117.57294464111328, 1.0, 145.8654022216797, 164.04278564453125, 1.0, 1.0, 1.0, 1.0, 1.0, 133.8019256591797, 1.0, 1.0, 115.20513153076172, 121.85877990722656, 113.01095581054688, 1.0, 130.25531005859375, 1.0, 1.0, 94.25062561035156, 1.0, 1.0, 1.0, 1.0, 1.0, 1.0, 96.33263397216795, 1.0, 1.0, 1.0, 1.0, 1.0, 1.0, 1.0, 1.0, 1.0, 1.0, 220.2862243652344, 1.0, 1.0, 1.0, 1.0, 1.0, 102.52779388427734, 97.68030548095705, 1.0, 180.83546447753903, 1.0, 1.0, 1.0, 131.17535400390625, 1.0, 1.0, 1.0, 1.0, 94.65105438232422, 1.0, 139.61727905273438, 1.0, 1.0, 145.06817626953125, 1.0, 1.0, 107.42437744140624, 95.64950561523438, 1.0, 134.4632110595703, 1.0, 93.6827163696289, 1.0, 97.78213500976563, 124.27935028076172, 1.0, 164.24832153320313, 1.0, 137.6710205078125, 1.0, 178.83338928222656, 1.0, 1.0, 1.0, 1.0, 1.0, 1.0, 169.51242065429688, 1.0, 1.0, 1.0, 1.0, 95.2139663696289, 1.0, 1.0, 1.0, 1.0, 1.0, 1.0, 1.0, 1.0, 141.16954040527344, 1.0, 1.0, 1.0, 112.09339141845705, 1.0, 1.0, 1.0, 1.0, 1.0, 1.0, 1.0, 119.0601577758789, 1.0, 1.0, 1.0, 1.0, 1.0, 1.0, 99.06946563720705, 1.0, 1.0, 1.0, 1.0, 1.0, 1.0, 1.0, 1.0, 1.0, 1.0, 1.0, 1.0, 1.0, 112.79476928710938, 1.0, 1.0, 1.0, 1.0, 196.0348358154297, 1.0, 1.0, 1.0, 1.0, 113.68338012695313, 118.33258819580078, 1.0, 1.0, 1.0, 136.78173828125, 139.28744506835938, 1.0, 117.33659362792967, 1.0, 1.0, 1.0, 178.14915466308594, 1.0, 1.0, 1.0, 1.0, 1.0, 1.0, 1.0, 1.0, 1.0, 1.0, 1.0, 135.50515747070313, 159.59939575195313, 1.0, 1.0, 1.0, 1.0, 1.0, 1.0, 1.0, 1.0, 1.0, 1.0, 97.01697540283205, 1.0, 1.0, 1.0, 1.0, 1.0, 133.14422607421875, 1.0, 1.0, 1.0, 1.0, 114.9203643798828, 1.0, 1.0, 1.0, 110.6036148071289, 1.0, 1.0, 1.0, 1.0, 176.58807373046875, 1.0, 1.0, 1.0, 123.84322357177734, 1.0, 1.0, 1.0, 1.0, 1.0, 119.71439361572266, 1.0, 1.0, 1.0, 106.53526306152344, 94.0523452758789, 1.0, 1.0, 1.0, 126.93397521972656, 1.0, 1.0, 1.0, 1.0, 1.0, 117.0088348388672, 119.5029754638672, 125.56053161621094, 1.0, 1.0, 132.14598083496094, 1.0, 1.0, 1.0, 87.41312408447266, 1.0, 95.02692413330078, 1.0, 119.26365661621094, 134.45970153808594, 1.0, 1.0, 1.0, 99.28182983398438, 1.0, 94.6075439453125, 94.46876525878906, 1.0, 137.4488525390625, 1.0, 211.2836761474609, 1.0, 1.0, 1.0, 1.0, 114.7640380859375, 1.0, 135.9503936767578, 130.70127868652344, 1.0, 137.80044555664063, 88.28662872314453, 1.0, 1.0, 130.83872985839844, 1.0, 111.05498504638672, 1.0, 1.0, 1.0, 1.0, 100.09678649902344, 1.0, 122.81951141357422, 1.0, 1.0, 110.52544403076172, 115.51080322265624, 122.59165954589844, 1.0, 1.0, 1.0, 1.0, 101.6290283203125, 1.0, 94.34821319580078, 1.0, 1.0, 1.0, 1.0, 1.0, 114.70557403564452, 1.0, 1.0, 1.0, 1.0, 95.76242065429688, 1.0, 1.0, 112.5141372680664, 88.15782165527344, 1.0, 120.7089614868164, 1.0, 1.0, 1.0, 105.655517578125, 135.57460021972656, 1.0, 1.0, 1.0, 1.0, 193.0663604736328, 117.15084075927734, 1.0, 1.0, 1.0, 122.7280502319336, 1.0, 208.4979553222656, 1.0, 1.0, 166.6735076904297, 1.0, 1.0, 1.0, 1.0, 1.0, 1.0, 86.81338500976563, 1.0, 1.0, 95.30038452148438, 1.0, 142.10365295410156, 1.0, 1.0, 173.66940307617188, 1.0, 1.0, 1.0, 1.0, 118.42745208740234, 1.0, 1.0, 1.0, 1.0, 1.0, 1.0, 1.0, 96.7544937133789, 112.22957611083984, 1.0, 1.0, 1.0, 1.0, 1.0, 1.0, 99.88421630859376, 1.0, 125.21788787841795, 1.0, 1.0, 92.98644256591795, 132.99009704589844, 1.0, 89.97750854492188, 120.1999282836914, 1.0, 1.0, 1.0, 1.0, 1.0, 1.0, 1.0, 115.55187225341795, 1.0, 1.0, 125.03704833984376, 1.0, 1.0, 97.14032745361328, 1.0, 1.0, 116.3814926147461, 109.56224060058594, 1.0, 159.73794555664063, 1.0, 1.0, 1.0, 1.0, 1.0, 1.0, 1.0, 1.0, 1.0, 102.50216674804688, 1.0, 1.0, 99.54903411865234, 127.79768371582033, 1.0, 1.0, 1.0, 1.0, 1.0, 1.0, 1.0, 1.0, 1.0, 1.0, 1.0, 1.0, 138.177490234375, 1.0, 1.0, 1.0, 1.0, 124.6482391357422, 1.0, 154.5901336669922, 1.0, 1.0, 113.44416809082033, 214.61415100097656, 1.0, 128.01129150390625, 110.81842803955078, 1.0, 119.41241455078124, 1.0, 127.96310424804688, 1.0, 93.6087417602539, 1.0, 132.87777709960938, 1.0, 1.0, 1.0, 1.0, 104.17752075195313, 1.0, 1.0, 1.0, 1.0, 1.0, 1.0, 1.0, 1.0, 98.71143341064452, 1.0, 1.0, 95.66000366210938, 82.81594848632813, 1.0, 1.0, 1.0, 1.0, 1.0, 1.0, 1.0, 94.98185729980467, 1.0, 1.0, 122.54882049560548, 110.1447296142578, 125.89794921875, 110.60667419433594, 1.0, 1.0, 1.0, 1.0, 122.43759155273438, 176.41217041015625, 1.0, 1.0, 1.0, 104.21048736572266, 1.0, 124.56581115722656, 1.0, 1.0, 1.0, 1.0, 1.0, 109.88538360595705, 1.0, 1.0, 1.0, 1.0, 195.908920288086, 1.0, 1.0, 1.0, 1.0, 1.0, 1.0, 1.0, 1.0, 95.1094741821289, 1.0, 1.0, 1.0, 1.0, 1.0, 1.0, 114.64632415771484, 106.94384765625, 113.65746307373048, 1.0, 110.3374252319336, 1.0, 1.0, 108.91471099853516, 1.0, 1.0, 115.75985717773438, 1.0, 1.0, 1.0, 115.35077667236328, 86.42877960205078, 103.85904693603516, 1.0, 1.0, 1.0, 1.0, 157.17108154296875, 184.26934814453125, 1.0, 1.0, 1.0, 1.0, 78.71513366699219, 1.0, 1.0, 1.0, 1.0, 1.0, 1.0, 1.0, 1.0, 1.0, 102.94474029541016, 108.03286743164063, 1.0, 1.0, 1.0, 1.0, 1.0, 209.7331085205078, 1.0, 1.0, 101.8200912475586, 1.0, 1.0, 120.1257781982422, 1.0, 1.0, 108.91339874267578, 1.0, 120.2540512084961, 1.0, 1.0, 1.0, 1.0, 111.05274200439452, 1.0, 137.75344848632813, 110.5718231201172, 1.0, 1.0, 1.0, 1.0, 1.0, 113.15443420410156, 1.0, 1.0, 1.0, 1.0, 1.0, 1.0, 124.5980453491211, 142.53700256347656, 100.27295684814452, 1.0, 1.0, 1.0, 96.29581451416016, 1.0, 1.0, 1.0, 1.0, 210.9147491455078, 112.43791961669922, 1.0, 1.0, 1.0, 102.27661895751952, 1.0, 158.00369262695313, 1.0, 1.0, 1.0, 1.0, 1.0, 1.0, 1.0, 1.0, 1.0, 1.0, 1.0, 1.0, 1.0, 1.0, 1.0, 1.0, 118.8065948486328, 90.81153869628906, 133.96786499023438, 123.07068634033205, 1.0, 127.35945129394533, 107.52288055419922, 1.0, 1.0, 113.804931640625, 1.0, 1.0, 109.20843505859376, 1.0, 1.0, 90.13827514648438, 1.0, 125.06075286865234, 1.0, 1.0, 1.0, 111.260986328125, 128.94735717773438, 1.0, 126.4247055053711, 1.0, 121.1880340576172, 92.16293334960938, 95.39696502685548, 1.0, 1.0, 1.0, 123.01937103271484, 1.0, 1.0, 93.52633666992188, 137.6227264404297, 1.0, 1.0, 1.0, 1.0, 1.0, 97.92525482177734, 122.70101165771484, 1.0, 1.0, 141.82980346679688, 121.66460418701172, 1.0, 1.0, 1.0, 1.0, 1.0, 1.0, 134.35581970214844, 124.31578063964844, 1.0, 1.0, 1.0, 1.0, 213.21923828125, 1.0, 1.0, 1.0, 1.0, 93.49762725830078, 1.0, 1.0, 1.0, 101.03815460205078, 111.4580078125, 1.0, 1.0, 1.0, 1.0, 1.0, 1.0, 191.4119415283203, 1.0, 1.0, 1.0, 1.0, 1.0, 1.0, 1.0, 119.91690826416016, 117.36027526855467, 1.0, 100.55362701416016, 1.0, 133.1939697265625, 1.0, 109.63882446289063, 1.0, 1.0, 1.0, 1.0, 1.0, 108.5556411743164, 1.0, 1.0, 1.0, 112.54126739501952, 1.0, 1.0, 1.0, 93.88091278076172, 1.0, 1.0, 180.0272674560547, 132.2572021484375, 1.0, 1.0, 1.0, 1.0, 130.3162841796875, 122.96540069580078, 1.0, 1.0, 198.93917846679688, 123.3795394897461, 1.0, 201.30909729003903, 105.96451568603516, 1.0, 1.0, 1.0, 1.0, 1.0, 131.46376037597656, 1.0, 1.0, 120.38939666748048, 1.0, 1.0, 1.0, 1.0, 1.0, 1.0, 1.0, 1.0, 1.0, 108.23681640625, 1.0, 1.0, 1.0, 1.0, 1.0, 1.0, 86.50275421142578, 1.0, 122.35628509521484, 1.0, 111.6075439453125, 188.20957946777344, 1.0, 101.7471923828125, 1.0, 1.0, 1.0, 82.9847183227539, 1.0, 1.0, 1.0, 1.0, 1.0, 1.0, 1.0, 1.0, 1.0, 88.28398132324219, 115.1414566040039, 1.0, 1.0, 95.97608184814452, 1.0, 1.0, 1.0, 1.0, 1.0, 1.0, 1.0, 1.0, 1.0, 102.81180572509766, 1.0, 164.551025390625, 1.0, 1.0, 1.0, 1.0, 1.0, 1.0, 1.0, 1.0, 1.0, 167.08934020996094, 1.0, 138.1129608154297, 1.0, 200.2909240722656, 182.18942260742188, 1.0, 1.0, 1.0, 1.0, 1.0, 1.0, 176.19436645507813, 84.4425277709961, 175.30105590820313, 1.0, 1.0, 1.0, 1.0, 1.0, 186.5384826660156, 163.12045288085938, 1.0, 135.02955627441406, 1.0, 98.9612274169922, 1.0, 136.63552856445313, 1.0, 92.15441131591795, 1.0, 85.46287536621094, 1.0, 1.0, 105.56327056884766, 1.0, 1.0, 1.0, 93.44153594970705, 1.0, 1.0, 1.0, 1.0, 118.16268157958984, 198.2670440673828, 1.0, 1.0, 1.0, 1.0, 1.0, 1.0, 1.0, 112.34520721435548, 1.0, 90.25405883789063, 1.0, 1.0, 1.0, 1.0, 109.6977767944336, 1.0, 1.0, 1.0, 1.0, 1.0, 103.0973129272461, 1.0, 1.0, 114.24532318115234, 111.91062927246094, 178.84811401367188, 1.0, 187.9645233154297, 1.0, 107.05181121826172, 1.0, 1.0, 1.0, 119.16615295410156, 1.0, 1.0, 1.0, 1.0, 1.0, 117.20548248291016, 1.0, 116.38352966308594, 1.0, 1.0, 100.95030975341795, 1.0, 138.2363739013672, 1.0, 1.0, 1.0, 1.0, 124.95571899414063, 1.0, 141.69619750976563, 1.0, 1.0, 1.0, 1.0, 1.0, 99.37890625, 1.0, 1.0, 1.0, 1.0, 97.0040512084961, 1.0, 137.1707763671875, 89.20085144042969, 1.0, 1.0, 1.0, 1.0, 1.0 ]),(44,Array S Seq (Sz1 1000)
  [ 4.0, 1.0, 3.0, 5.0, 138.01341247558594, 1.0, 132.46034240722656, 1.0, 1.0, 3.0, 1.0, 2.0, 1.0, 3.0, 1.0, 1.0, 1.0, 195.7398681640625, 3.0, 4.0, 125.3662109375, 100.45612335205078, 1.0, 230.5116424560547, 181.67588806152344, 147.7611083984375, 1.0, 1.0, 118.65486145019533, 131.63455200195313, 123.69271850585938, 125.9864273071289, 3.0, 1.0, 3.0, 98.12364959716795, 1.0, 3.0, 125.39635467529295, 1.0, 1.0, 98.56956481933594, 1.0, 4.0, 188.5592803955078, 1.0, 1.0, 3.0, 1.0, 4.0, 142.63609313964844, 4.0, 1.0, 1.0, 111.1320571899414, 1.0, 109.53964233398438, 4.0, 3.0, 1.0, 3.0, 4.0, 1.0, 3.0, 4.0, 111.14727783203124, 3.0, 4.0, 3.0, 1.0, 1.0, 117.57294464111328, 2.0, 145.8654022216797, 164.04278564453125, 2.0, 1.0, 3.0, 1.0, 1.0, 135.8019256591797, 1.0, 4.0, 117.20513153076172, 121.85877990722656, 113.01095581054688, 1.0, 130.25531005859375, 1.0, 1.0, 95.25062561035156, 1.0, 1.0, 4.0, 4.0, 4.0, 3.0, 101.33263397216795, 4.0, 1.0, 3.0, 1.0, 3.0, 1.0, 1.0, 3.0, 3.0, 2.0, 220.2862243652344, 1.0, 5.0, 1.0, 1.0, 1.0, 105.52779388427734, 99.68030548095705, 1.0, 180.83546447753903, 2.0, 1.0, 3.0, 131.17535400390625, 1.0, 2.0, 1.0, 1.0, 94.65105438232422, 1.0, 141.61727905273438, 4.0, 2.0, 145.06817626953125, 1.0, 1.0, 107.42437744140624, 100.64950561523438, 1.0, 134.4632110595703, 1.0, 93.6827163696289, 3.0, 98.78213500976563, 125.27935028076172, 1.0, 169.24832153320313, 1.0, 139.6710205078125, 1.0, 180.83338928222656, 3.0, 2.0, 1.0, 1.0, 4.0, 1.0, 169.51242065429688, 1.0, 1.0, 1.0, 1.0, 99.2139663696289, 1.0, 1.0, 1.0, 1.0, 2.0, 2.0, 4.0, 1.0, 144.16954040527344, 1.0, 4.0, 1.0, 115.09339141845705, 1.0, 1.0, 1.0, 1.0, 1.0, 1.0, 1.0, 119.0601577758789, 4.0, 1.0, 3.0, 3.0, 1.0, 3.0, 101.06946563720705, 1.0, 1.0, 3.0, 4.0, 1.0, 1.0, 3.0, 1.0, 1.0, 1.0, 3.0, 3.0, 3.0, 114.79476928710938, 4.0, 3.0, 1.0, 1.0, 196.0348358154297, 1.0, 3.0, 1.0, 4.0, 115.68338012695313, 118.33258819580078, 1.0, 1.0, 4.0, 138.78173828125, 139.28744506835938, 4.0, 117.33659362792967, 1.0, 1.0, 1.0, 178.14915466308594, 3.0, 1.0, 1.0, 4.0, 1.0, 3.0, 1.0, 1.0, 1.0, 4.0, 3.0, 135.50515747070313, 160.59939575195313, 1.0, 1.0, 3.0, 3.0, 3.0, 4.0, 1.0, 1.0, 3.0, 1.0, 97.01697540283205, 1.0, 6.0, 1.0, 1.0, 4.0, 133.14422607421875, 1.0, 1.0, 1.0, 2.0, 116.9203643798828, 1.0, 1.0, 1.0, 110.6036148071289, 4.0, 1.0, 3.0, 4.0, 176.58807373046875, 1.0, 4.0, 4.0, 123.84322357177734, 1.0, 1.0, 6.0, 1.0, 1.0, 119.71439361572266, 6.0, 4.0, 1.0, 106.53526306152344, 96.0523452758789, 1.0, 1.0, 3.0, 126.93397521972656, 4.0, 1.0, 1.0, 1.0, 1.0, 121.0088348388672, 119.5029754638672, 126.56053161621094, 3.0, 4.0, 132.14598083496094, 3.0, 1.0, 1.0, 89.41312408447266, 1.0, 97.02692413330078, 4.0, 119.26365661621094, 134.45970153808594, 3.0, 5.0, 3.0, 101.28182983398438, 4.0, 94.6075439453125, 94.46876525878906, 1.0, 137.4488525390625, 3.0, 211.2836761474609, 2.0, 1.0, 4.0, 1.0, 114.7640380859375, 1.0, 135.9503936767578, 130.70127868652344, 4.0, 137.80044555664063, 89.28662872314453, 1.0, 1.0, 130.83872985839844, 6.0, 113.05498504638672, 1.0, 1.0, 4.0, 5.0, 105.09678649902344, 4.0, 122.81951141357422, 3.0, 5.0, 110.52544403076172, 115.51080322265624, 122.59165954589844, 1.0, 3.0, 4.0, 3.0, 104.6290283203125, 1.0, 96.34821319580078, 1.0, 1.0, 1.0, 4.0, 3.0, 117.70557403564452, 4.0, 1.0, 3.0, 1.0, 95.76242065429688, 1.0, 1.0, 116.5141372680664, 88.15782165527344, 3.0, 120.7089614868164, 4.0, 4.0, 1.0, 105.655517578125, 137.57460021972656, 3.0, 3.0, 1.0, 5.0, 193.0663604736328, 120.15084075927734, 1.0, 4.0, 1.0, 124.7280502319336, 1.0, 211.4979553222656, 1.0, 1.0, 166.6735076904297, 1.0, 1.0, 1.0, 1.0, 1.0, 1.0, 88.81338500976563, 3.0, 1.0, 95.30038452148438, 3.0, 144.10365295410156, 3.0, 1.0, 175.66940307617188, 5.0, 3.0, 1.0, 1.0, 118.42745208740234, 3.0, 1.0, 3.0, 1.0, 6.0, 6.0, 1.0, 96.7544937133789, 113.22957611083984, 1.0, 4.0, 1.0, 4.0, 3.0, 1.0, 99.88421630859376, 3.0, 128.21788787841797, 3.0, 3.0, 94.98644256591795, 132.99009704589844, 1.0, 89.97750854492188, 123.1999282836914, 1.0, 1.0, 3.0, 4.0, 1.0, 1.0, 4.0, 118.55187225341795, 1.0, 1.0, 125.03704833984376, 1.0, 1.0, 97.14032745361328, 1.0, 3.0, 119.3814926147461, 109.56224060058594, 4.0, 159.73794555664063, 1.0, 1.0, 3.0, 1.0, 3.0, 3.0, 3.0, 4.0, 3.0, 105.50216674804688, 4.0, 1.0, 99.54903411865234, 130.7976837158203, 1.0, 6.0, 1.0, 1.0, 6.0, 3.0, 4.0, 1.0, 2.0, 3.0, 3.0, 1.0, 141.177490234375, 4.0, 1.0, 3.0, 4.0, 127.6482391357422, 1.0, 157.5901336669922, 5.0, 3.0, 113.44416809082033, 214.61415100097656, 1.0, 128.01129150390625, 110.81842803955078, 3.0, 119.41241455078124, 3.0, 130.96310424804688, 1.0, 93.6087417602539, 4.0, 132.87777709960938, 1.0, 4.0, 2.0, 1.0, 105.17752075195313, 3.0, 4.0, 1.0, 3.0, 1.0, 3.0, 1.0, 1.0, 98.71143341064452, 3.0, 1.0, 98.66000366210938, 82.81594848632813, 1.0, 4.0, 3.0, 1.0, 3.0, 4.0, 1.0, 94.98185729980467, 4.0, 6.0, 124.54882049560548, 110.1447296142578, 125.89794921875, 110.60667419433594, 1.0, 2.0, 3.0, 1.0, 126.43759155273438, 176.41217041015625, 3.0, 1.0, 1.0, 104.21048736572266, 5.0, 129.56581115722656, 1.0, 1.0, 4.0, 3.0, 1.0, 109.88538360595705, 2.0, 5.0, 3.0, 1.0, 197.908920288086, 1.0, 5.0, 3.0, 1.0, 2.0, 1.0, 1.0, 4.0, 98.1094741821289, 1.0, 3.0, 2.0, 1.0, 3.0, 1.0, 114.64632415771484, 106.94384765625, 113.65746307373048, 1.0, 110.3374252319336, 1.0, 1.0, 108.91471099853516, 1.0, 1.0, 115.75985717773438, 2.0, 1.0, 1.0, 117.35077667236328, 89.42877960205078, 106.85904693603516, 4.0, 3.0, 3.0, 4.0, 157.17108154296875, 184.26934814453125, 3.0, 3.0, 1.0, 3.0, 80.71513366699219, 3.0, 3.0, 1.0, 1.0, 1.0, 1.0, 1.0, 3.0, 1.0, 103.94474029541016, 111.03286743164063, 3.0, 1.0, 4.0, 3.0, 3.0, 212.7331085205078, 4.0, 1.0, 101.8200912475586, 3.0, 1.0, 120.1257781982422, 4.0, 1.0, 108.91339874267578, 3.0, 122.2540512084961, 1.0, 1.0, 1.0, 1.0, 116.05274200439452, 3.0, 137.75344848632813, 110.5718231201172, 1.0, 1.0, 1.0, 1.0, 3.0, 113.15443420410156, 3.0, 1.0, 1.0, 1.0, 1.0, 3.0, 127.5980453491211, 142.53700256347656, 100.27295684814452, 3.0, 3.0, 3.0, 96.29581451416016, 4.0, 1.0, 1.0, 3.0, 210.9147491455078, 112.43791961669922, 1.0, 1.0, 1.0, 103.27661895751952, 1.0, 161.00369262695313, 1.0, 3.0, 1.0, 1.0, 6.0, 3.0, 1.0, 1.0, 5.0, 1.0, 1.0, 6.0, 1.0, 1.0, 1.0, 1.0, 118.8065948486328, 91.81153869628906, 133.96786499023438, 123.07068634033205, 1.0, 127.35945129394533, 109.52288055419922, 2.0, 4.0, 115.804931640625, 4.0, 1.0, 112.20843505859376, 1.0, 1.0, 90.13827514648438, 4.0, 125.06075286865234, 3.0, 1.0, 3.0, 111.260986328125, 128.94735717773438, 3.0, 128.4247055053711, 4.0, 121.1880340576172, 92.16293334960938, 97.39696502685548, 1.0, 3.0, 4.0, 123.01937103271484, 1.0, 1.0, 93.52633666992188, 139.6227264404297, 4.0, 1.0, 3.0, 1.0, 1.0, 97.92525482177734, 122.70101165771484, 3.0, 4.0, 141.82980346679688, 121.66460418701172, 1.0, 4.0, 1.0, 6.0, 4.0, 1.0, 134.35581970214844, 124.31578063964844, 4.0, 3.0, 1.0, 5.0, 215.21923828125, 1.0, 1.0, 4.0, 4.0, 93.49762725830078, 1.0, 3.0, 1.0, 104.03815460205078, 111.4580078125, 1.0, 4.0, 3.0, 3.0, 2.0, 1.0, 191.4119415283203, 1.0, 1.0, 1.0, 3.0, 3.0, 4.0, 4.0, 120.91690826416016, 117.36027526855467, 1.0, 100.55362701416016, 4.0, 136.1939697265625, 3.0, 109.63882446289063, 3.0, 1.0, 1.0, 5.0, 1.0, 108.5556411743164, 4.0, 3.0, 1.0, 114.54126739501952, 4.0, 1.0, 1.0, 96.88091278076172, 3.0, 1.0, 180.0272674560547, 134.2572021484375, 3.0, 3.0, 4.0, 4.0, 130.3162841796875, 124.96540069580078, 4.0, 1.0, 198.93917846679688, 124.3795394897461, 3.0, 201.30909729003903, 105.96451568603516, 3.0, 5.0, 4.0, 1.0, 1.0, 134.46376037597656, 1.0, 6.0, 120.38939666748048, 1.0, 2.0, 4.0, 1.0, 4.0, 3.0, 1.0, 4.0, 3.0, 108.23681640625, 1.0, 4.0, 1.0, 1.0, 1.0, 3.0, 86.50275421142578, 4.0, 124.35628509521484, 1.0, 113.6075439453125, 188.20957946777344, 1.0, 103.7471923828125, 1.0, 1.0, 3.0, 82.9847183227539, 3.0, 4.0, 2.0, 4.0, 3.0, 4.0, 1.0, 1.0, 1.0, 90.28398132324219, 116.1414566040039, 1.0, 1.0, 95.97608184814452, 1.0, 3.0, 1.0, 4.0, 3.0, 1.0, 4.0, 4.0, 3.0, 102.81180572509766, 2.0, 166.551025390625, 1.0, 1.0, 3.0, 3.0, 1.0, 1.0, 3.0, 4.0, 1.0, 167.08934020996094, 1.0, 141.1129608154297, 1.0, 200.2909240722656, 182.18942260742188, 3.0, 5.0, 3.0, 3.0, 1.0, 4.0, 179.19436645507813, 84.4425277709961, 175.30105590820313, 1.0, 1.0, 3.0, 1.0, 1.0, 188.5384826660156, 163.12045288085938, 1.0, 135.02955627441406, 1.0, 100.9612274169922, 1.0, 136.63552856445313, 1.0, 95.15441131591795, 3.0, 85.46287536621094, 1.0, 1.0, 108.56327056884766, 3.0, 3.0, 4.0, 93.44153594970705, 4.0, 3.0, 3.0, 3.0, 121.16268157958984, 198.2670440673828, 1.0, 1.0, 3.0, 3.0, 1.0, 3.0, 1.0, 112.34520721435548, 1.0, 90.25405883789063, 5.0, 3.0, 3.0, 3.0, 109.6977767944336, 1.0, 4.0, 3.0, 3.0, 4.0, 103.0973129272461, 1.0, 3.0, 115.24532318115234, 114.91062927246094, 180.84811401367188, 1.0, 188.9645233154297, 3.0, 107.05181121826172, 1.0, 4.0, 1.0, 123.16615295410156, 1.0, 1.0, 3.0, 3.0, 1.0, 121.20548248291016, 4.0, 116.38352966308594, 4.0, 1.0, 100.95030975341795, 1.0, 138.2363739013672, 3.0, 3.0, 3.0, 1.0, 126.95571899414063, 3.0, 141.69619750976563, 4.0, 3.0, 4.0, 1.0, 1.0, 101.37890625, 4.0, 3.0, 4.0, 4.0, 97.0040512084961, 1.0, 137.1707763671875, 91.20085144042969, 1.0, 3.0, 4.0, 1.0, 3.0 ]),(51,Array S Seq (Sz1 1000)
  [ 3.0, 0.0, 2.0, 4.0, 2.0, 1.0, 0.0, 0.0, 1.0, 3.0, 0.0, 1.0, 0.0, 3.0, 0.0, 0.0, 0.0, 1.0, 2.0, 4.0, 0.0, 0.0, 0.0, 4.0, 0.0, 4.0, 0.0, 0.0, 3.0, 0.0, 3.0, 2.0, 2.0, 0.0, 2.0, 0.0, 0.0, 3.0, 0.0, 0.0, 1.0, 3.0, 0.0, 3.0, 0.0, 1.0, 0.0, 2.0, 0.0, 3.0, 1.0, 3.0, 1.0, 0.0, 0.0, 0.0, 3.0, 3.0, 2.0, 1.0, 2.0, 4.0, 0.0, 2.0, 3.0, 0.0, 2.0, 3.0, 2.0, 0.0, 0.0, 0.0, 2.0, 1.0, 1.0, 2.0, 0.0, 2.0, 1.0, 0.0, 2.0, 0.0, 4.0, 2.0, 0.0, 0.0, 0.0, 1.0, 0.0, 0.0, 2.0, 1.0, 1.0, 3.0, 4.0, 4.0, 2.0, 6.0, 3.0, 0.0, 3.0, 0.0, 3.0, 0.0, 0.0, 3.0, 3.0, 1.0, 1.0, 0.0, 5.0, 1.0, 1.0, 1.0, 3.0, 3.0, 0.0, 0.0, 1.0, 0.0, 2.0, 0.0, 1.0, 1.0, 0.0, 1.0, 1.0, 0.0, 2.0, 4.0, 2.0, 0.0, 1.0, 0.0, 1.0, 5.0, 0.0, 1.0, 0.0, 1.0, 2.0, 1.0, 1.0, 0.0, 5.0, 1.0, 2.0, 1.0, 2.0, 2.0, 2.0, 1.0, 1.0, 3.0, 1.0, 0.0, 1.0, 0.0, 1.0, 1.0, 4.0, 0.0, 1.0, 1.0, 0.0, 2.0, 2.0, 3.0, 0.0, 4.0, 0.0, 3.0, 0.0, 3.0, 0.0, 0.0, 0.0, 1.0, 0.0, 0.0, 1.0, 1.0, 3.0, 0.0, 3.0, 2.0, 0.0, 2.0, 3.0, 0.0, 0.0, 2.0, 3.0, 0.0, 0.0, 3.0, 0.0, 1.0, 1.0, 3.0, 3.0, 2.0, 2.0, 3.0, 2.0, 0.0, 0.0, 0.0, 1.0, 2.0, 0.0, 3.0, 2.0, 0.0, 0.0, 0.0, 4.0, 3.0, 1.0, 3.0, 0.0, 0.0, 0.0, 0.0, 1.0, 3.0, 1.0, 1.0, 3.0, 1.0, 2.0, 1.0, 0.0, 1.0, 4.0, 3.0, 0.0, 1.0, 1.0, 1.0, 2.0, 2.0, 3.0, 3.0, 1.0, 1.0, 3.0, 1.0, 1.0, 0.0, 5.0, 0.0, 0.0, 3.0, 0.0, 1.0, 0.0, 0.0, 1.0, 3.0, 0.0, 0.0, 1.0, 0.0, 3.0, 1.0, 3.0, 3.0, 1.0, 0.0, 4.0, 3.0, 0.0, 0.0, 1.0, 5.0, 0.0, 0.0, 1.0, 6.0, 4.0, 1.0, 1.0, 2.0, 0.0, 0.0, 3.0, 1.0, 3.0, 1.0, 1.0, 1.0, 0.0, 5.0, 0.0, 1.0, 3.0, 3.0, 0.0, 2.0, 1.0, 0.0, 2.0, 1.0, 3.0, 4.0, 1.0, 1.0, 3.0, 4.0, 3.0, 3.0, 3.0, 1.0, 1.0, 0.0, 1.0, 2.0, 0.0, 2.0, 0.0, 3.0, 1.0, 0.0, 0.0, 1.0, 0.0, 3.0, 0.0, 1.0, 0.0, 1.0, 0.0, 5.0, 3.0, 0.0, 1.0, 3.0, 4.0, 5.0, 3.0, 0.0, 2.0, 4.0, 1.0, 0.0, 1.0, 1.0, 2.0, 3.0, 2.0, 3.0, 0.0, 3.0, 0.0, 0.0, 0.0, 4.0, 3.0, 4.0, 4.0, 1.0, 3.0, 1.0, 1.0, 0.0, 0.0, 4.0, 0.0, 2.0, 1.0, 3.0, 3.0, 1.0, 0.0, 2.0, 3.0, 3.0, 0.0, 4.0, 0.0, 3.0, 1.0, 3.0, 0.0, 3.0, 1.0, 4.0, 0.0, 0.0, 1.0, 0.0, 1.0, 1.0, 0.0, 0.0, 0.0, 2.0, 2.0, 0.0, 0.0, 2.0, 2.0, 2.0, 0.0, 2.0, 5.0, 2.0, 1.0, 0.0, 1.0, 2.0, 1.0, 3.0, 1.0, 6.0, 6.0, 0.0, 0.0, 1.0, 0.0, 4.0, 0.0, 4.0, 2.0, 0.0, 0.0, 2.0, 4.0, 2.0, 2.0, 2.0, 0.0, 0.0, 0.0, 4.0, 1.0, 0.0, 2.0, 3.0, 0.0, 0.0, 3.0, 3.0, 0.0, 0.0, 1.0, 0.0, 0.0, 1.0, 0.0, 3.0, 3.0, 0.0, 4.0, 1.0, 1.0, 0.0, 2.0, 0.0, 3.0, 2.0, 2.0, 3.0, 2.0, 4.0, 4.0, 1.0, 1.0, 3.0, 1.0, 5.0, 1.0, 0.0, 6.0, 2.0, 4.0, 1.0, 2.0, 3.0, 2.0, 0.0, 4.0, 3.0, 1.0, 2.0, 3.0, 4.0, 0.0, 3.0, 4.0, 2.0, 1.0, 0.0, 1.0, 0.0, 0.0, 2.0, 1.0, 2.0, 4.0, 0.0, 1.0, 3.0, 1.0, 0.0, 3.0, 1.0, 1.0, 2.0, 3.0, 3.0, 1.0, 2.0, 0.0, 2.0, 1.0, 0.0, 1.0, 2.0, 1.0, 4.0, 1.0, 1.0, 4.0, 3.0, 0.0, 2.0, 3.0, 0.0, 1.0, 3.0, 6.0, 2.0, 1.0, 1.0, 1.0, 0.0, 1.0, 3.0, 0.0, 4.0, 0.0, 2.0, 1.0, 1.0, 0.0, 4.0, 5.0, 1.0, 1.0, 3.0, 2.0, 0.0, 1.0, 1.0, 4.0, 2.0, 0.0, 3.0, 0.0, 5.0, 2.0, 0.0, 1.0, 0.0, 1.0, 4.0, 4.0, 1.0, 2.0, 2.0, 0.0, 2.0, 0.0, 0.0, 1.0, 0.0, 0.0, 1.0, 0.0, 1.0, 1.0, 0.0, 0.0, 0.0, 2.0, 0.0, 0.0, 3.0, 3.0, 3.0, 4.0, 3.0, 2.0, 3.0, 0.0, 1.0, 2.0, 2.0, 0.0, 2.0, 3.0, 2.0, 2.0, 1.0, 0.0, 0.0, 0.0, 1.0, 2.0, 0.0, 1.0, 4.0, 3.0, 0.0, 4.0, 2.0, 2.0, 4.0, 3.0, 1.0, 0.0, 3.0, 1.0, 1.0, 3.0, 0.0, 0.0, 2.0, 2.0, 0.0, 0.0, 0.0, 0.0, 5.0, 2.0, 0.0, 0.0, 0.0, 0.0, 1.0, 1.0, 2.0, 0.0, 3.0, 0.0, 1.0, 0.0, 1.0, 2.0, 4.0, 0.0, 1.0, 2.0, 2.0, 3.0, 0.0, 4.0, 0.0, 1.0, 3.0, 1.0, 0.0, 1.0, 0.0, 0.0, 1.0, 0.0, 3.0, 0.0, 2.0, 0.0, 1.0, 5.0, 2.0, 1.0, 1.0, 4.0, 0.0, 1.0, 6.0, 1.0, 0.0, 1.0, 0.0, 0.0, 2.0, 0.0, 0.0, 0.0, 0.0, 2.0, 1.0, 3.0, 3.0, 3.0, 1.0, 3.0, 0.0, 0.0, 0.0, 4.0, 0.0, 3.0, 1.0, 2.0, 0.0, 0.0, 3.0, 2.0, 3.0, 1.0, 0.0, 2.0, 1.0, 2.0, 4.0, 1.0, 1.0, 0.0, 1.0, 2.0, 3.0, 0.0, 2.0, 0.0, 1.0, 0.0, 0.0, 2.0, 4.0, 0.0, 1.0, 1.0, 3.0, 1.0, 6.0, 3.0, 0.0, 1.0, 0.0, 3.0, 2.0, 1.0, 5.0, 3.0, 0.0, 1.0, 4.0, 3.0, 0.0, 0.0, 3.0, 1.0, 4.0, 1.0, 0.0, 3.0, 3.0, 2.0, 2.0, 1.0, 0.0, 0.0, 0.0, 0.0, 2.0, 3.0, 3.0, 3.0, 2.0, 1.0, 0.0, 1.0, 3.0, 4.0, 3.0, 0.0, 2.0, 0.0, 0.0, 5.0, 1.0, 0.0, 3.0, 3.0, 0.0, 2.0, 3.0, 0.0, 0.0, 3.0, 2.0, 0.0, 0.0, 2.0, 2.0, 2.0, 3.0, 3.0, 0.0, 2.0, 4.0, 1.0, 1.0, 2.0, 3.0, 1.0, 1.0, 2.0, 5.0, 3.0, 0.0, 0.0, 3.0, 1.0, 5.0, 0.0, 0.0, 2.0, 3.0, 1.0, 4.0, 3.0, 0.0, 3.0, 2.0, 1.0, 1.0, 3.0, 0.0, 0.0, 0.0, 2.0, 0.0, 4.0, 2.0, 0.0, 2.0, 0.0, 1.0, 3.0, 0.0, 0.0, 2.0, 0.0, 2.0, 3.0, 1.0, 3.0, 2.0, 3.0, 1.0, 0.0, 1.0, 2.0, 1.0, 0.0, 1.0, 1.0, 0.0, 2.0, 0.0, 4.0, 2.0, 0.0, 4.0, 4.0, 2.0, 1.0, 1.0, 3.0, 1.0, 0.0, 3.0, 3.0, 0.0, 0.0, 3.0, 4.0, 0.0, 1.0, 0.0, 4.0, 0.0, 0.0, 1.0, 2.0, 4.0, 2.0, 2.0, 0.0, 4.0, 4.0, 0.0, 1.0, 0.0, 0.0, 2.0, 1.0, 1.0, 2.0, 1.0, 1.0, 0.0, 0.0, 2.0, 1.0, 0.0, 0.0, 4.0, 2.0, 1.0, 0.0, 0.0, 4.0, 3.0, 3.0, 3.0, 0.0, 3.0, 2.0, 3.0, 3.0, 3.0, 0.0, 0.0, 0.0, 3.0, 2.0, 1.0, 2.0, 1.0, 0.0, 0.0, 0.0, 5.0, 2.0, 2.0, 2.0, 0.0, 1.0, 3.0, 2.0, 2.0, 3.0, 1.0, 0.0, 2.0, 1.0, 3.0, 2.0, 0.0, 1.0, 2.0, 1.0, 0.0, 4.0, 0.0, 5.0, 0.0, 1.0, 2.0, 3.0, 0.0, 5.0, 3.0, 1.0, 3.0, 1.0, 0.0, 0.0, 1.0, 2.0, 2.0, 3.0, 0.0, 3.0, 3.0, 0.0, 3.0, 2.0, 4.0, 0.0, 1.0, 3.0, 3.0, 3.0, 3.0, 3.0, 0.0, 1.0, 0.0, 2.0, 1.0, 2.0, 4.0, 1.0, 3.0 ])]
([21,43,44,51],[Param 0,Param 1,Param 2,Param 3],4)
Infinity
finish f
(Recip(((t0 + (t1 - (x8 + (Abs(x2) ^ x0)))) * t2)) / Recip((Abs(((Abs(x6) ^ t3) / x6)) ^ (x8 + x4))))
([21,43,44,51],[Param 0,Param 1,Param 2,Param 3],4)
(Infinity,Array S Seq (Sz1 4)
  [ -6.307701816982936e-2, 0.3311367119877804, 0.35050938899894357, -0.39415396366053235 ],Infinity)
(Array S Seq (Sz1 4)
  [ -6.307701816982936e-2, 0.3311367119877804, 0.35050938899894357, -0.39415396366053235 ],4)
Recip(((t0 + (Abs(t1) ^ Recip(x8))) * ((x0 + t2) / (Abs((t3 + x6)) ^ (Abs(t4) ^ x4)))))
minmized
("recurse to ",68,68)
("recurse to ",62,62)
theta 
(5,0)
("recurse to ",61,61)
theta 
(5,1)
("recurse to ",60,60)
(Uni Recip 8,True,True)
(Bin PowerAbs 12 60,True,True)
(Bin Add 9 61,True,True)
("recurse to ",67,67)
("recurse to ",63,63)
theta 
(5,2)
(Bin Add 0 16,True,True)
("recurse to ",66,66)
("recurse to ",64,64)
theta 
(5,3)
(Bin Add 19 6,True,True)
("recurse to ",65,65)
theta 
(5,4)
(Bin PowerAbs 27 4,True,True)
(Bin PowerAbs 64 65,True,True)
(Bin Div 63 66,True,True)
(Bin Mul 62 67,True,True)
(Uni Recip 68,True,True)
fromList [(21,Array S Seq (Sz1 1000)
  [ 0.0, NaN, 0.0, 0.0, 0.5, NaN, Infinity, NaN, NaN, 0.0, NaN, 0.0, NaN, 0.0, NaN, NaN, NaN, Infinity, 0.0, 0.0, Infinity, Infinity, NaN, 0.3333333333333333, Infinity, 0.25, NaN, NaN, 0.5, Infinity, 0.5, 0.5, 0.0, NaN, 0.0, Infinity, NaN, 0.0, Infinity, NaN, NaN, 0.3333333333333333, NaN, 0.0, Infinity, NaN, NaN, 0.0, NaN, 0.0, Infinity, 0.0, NaN, NaN, Infinity, NaN, 0.3333333333333333, 0.0, 0.0, NaN, 0.0, 0.0, NaN, 0.0, 0.0, Infinity, 0.0, 0.0, 0.0, NaN, NaN, Infinity, 0.0, Infinity, Infinity, 0.0, NaN, 0.0, NaN, NaN, 0.5, NaN, 0.0, 0.5, Infinity, Infinity, NaN, Infinity, NaN, NaN, 1.0, NaN, NaN, 0.0, 0.0, 0.0, 0.0, 0.2, 0.0, NaN, 0.0, NaN, 0.0, NaN, NaN, 0.0, 0.0, 0.0, Infinity, NaN, 0.0, NaN, NaN, NaN, 0.3333333333333333, 0.5, NaN, Infinity, 0.0, NaN, 0.0, Infinity, NaN, 0.0, NaN, NaN, Infinity, NaN, 0.5, 0.0, 0.0, Infinity, NaN, NaN, Infinity, 0.2, NaN, Infinity, NaN, Infinity, 0.0, 1.0, 1.0, NaN, 0.2, NaN, 0.5, NaN, 0.5, 0.0, 0.0, NaN, NaN, 0.0, NaN, Infinity, NaN, NaN, NaN, NaN, 0.25, NaN, NaN, NaN, NaN, 0.0, 0.0, 0.0, NaN, 0.3333333333333333, NaN, 0.0, NaN, 0.3333333333333333, NaN, NaN, NaN, NaN, NaN, NaN, NaN, Infinity, 0.0, NaN, 0.0, 0.0, NaN, 0.0, 0.5, NaN, NaN, 0.0, 0.0, NaN, NaN, 0.0, NaN, NaN, NaN, 0.0, 0.0, 0.0, 0.5, 0.0, 0.0, NaN, NaN, Infinity, NaN, 0.0, NaN, 0.0, 0.5, Infinity, NaN, NaN, 0.0, 0.5, Infinity, 0.0, Infinity, NaN, NaN, NaN, Infinity, 0.0, NaN, NaN, 0.0, NaN, 0.0, NaN, NaN, NaN, 0.0, 0.0, Infinity, 1.0, NaN, NaN, 0.0, 0.0, 0.0, 0.0, NaN, NaN, 0.0, NaN, Infinity, NaN, 0.0, NaN, NaN, 0.0, Infinity, NaN, NaN, NaN, 0.0, 0.5, NaN, NaN, NaN, Infinity, 0.0, NaN, 0.0, 0.0, Infinity, NaN, 0.0, 0.0, Infinity, NaN, NaN, 0.0, NaN, NaN, Infinity, 0.0, 0.0, NaN, Infinity, 0.5, NaN, NaN, 0.0, Infinity, 0.0, NaN, NaN, NaN, NaN, 0.25, Infinity, 1.0, 0.0, 0.0, Infinity, 0.0, NaN, NaN, 0.5, NaN, 0.5, 0.0, Infinity, Infinity, 0.0, 0.0, 0.0, 0.5, 0.0, Infinity, Infinity, NaN, Infinity, 0.0, Infinity, 0.0, NaN, 0.0, NaN, Infinity, NaN, Infinity, Infinity, 0.0, Infinity, 1.0, NaN, NaN, Infinity, 0.0, 0.5, NaN, NaN, 0.0, 0.0, 0.2, 0.0, Infinity, 0.0, 0.0, Infinity, Infinity, Infinity, NaN, 0.0, 0.0, 0.0, 0.3333333333333333, NaN, 0.5, NaN, NaN, NaN, 0.0, 0.0, 0.3333333333333333, 0.0, NaN, 0.0, NaN, Infinity, NaN, NaN, 0.25, Infinity, 0.0, Infinity, 0.0, 0.0, NaN, Infinity, 0.5, 0.0, 0.0, NaN, 0.0, Infinity, 0.3333333333333333, NaN, 0.0, NaN, 0.5, NaN, 0.3333333333333333, NaN, NaN, Infinity, NaN, NaN, NaN, NaN, NaN, NaN, 0.5, 0.0, NaN, Infinity, 0.0, 0.5, 0.0, NaN, 0.5, 0.0, 0.0, NaN, NaN, Infinity, 0.0, NaN, 0.0, NaN, 0.0, 0.0, NaN, Infinity, 1.0, NaN, 0.0, NaN, 0.0, 0.0, NaN, Infinity, 0.0, 0.3333333333333333, 0.0, 0.0, 0.5, Infinity, NaN, Infinity, 0.3333333333333333, NaN, NaN, 0.0, 0.0, NaN, NaN, 0.0, 0.3333333333333333, NaN, NaN, Infinity, NaN, NaN, Infinity, NaN, 0.0, 0.3333333333333333, Infinity, 0.0, Infinity, NaN, NaN, 0.0, NaN, 0.0, 0.0, 0.0, 0.0, 0.0, 0.3333333333333333, 0.0, NaN, Infinity, 0.3333333333333333, NaN, 0.0, NaN, NaN, 0.0, 0.0, 0.0, NaN, 0.0, 0.0, 0.0, NaN, 0.3333333333333333, 0.0, NaN, 0.0, 0.0, 0.3333333333333333, NaN, 0.3333333333333333, 0.0, 0.0, Infinity, Infinity, NaN, Infinity, Infinity, 0.0, Infinity, 0.0, 0.3333333333333333, NaN, Infinity, 0.0, Infinity, NaN, 0.0, 0.0, NaN, 1.0, 0.0, 0.0, NaN, 0.0, NaN, 0.0, NaN, NaN, Infinity, 0.0, NaN, 0.3333333333333333, Infinity, NaN, 0.0, 0.0, NaN, 0.0, 0.0, NaN, Infinity, 0.0, 0.0, 0.5, Infinity, Infinity, Infinity, NaN, 0.0, 0.0, NaN, 0.25, Infinity, 0.0, NaN, NaN, Infinity, 0.0, 0.2, NaN, NaN, 0.0, 0.0, NaN, Infinity, 0.0, 0.0, 0.0, NaN, 0.5, NaN, 0.0, 0.0, NaN, 0.0, NaN, NaN, 0.0, 0.3333333333333333, NaN, 0.0, 0.0, NaN, 0.0, NaN, Infinity, Infinity, Infinity, NaN, Infinity, NaN, NaN, Infinity, NaN, NaN, Infinity, 0.0, NaN, NaN, 0.5, 0.3333333333333333, 0.3333333333333333, 0.0, 0.0, 0.0, 0.0, Infinity, Infinity, 0.0, 0.0, NaN, 0.0, 0.5, 0.0, 0.0, NaN, NaN, NaN, NaN, NaN, 0.0, NaN, 1.0, 0.3333333333333333, 0.0, NaN, 0.0, 0.0, 0.0, 0.3333333333333333, 0.0, NaN, Infinity, 0.0, NaN, Infinity, 0.0, NaN, Infinity, 0.0, 0.5, NaN, NaN, NaN, NaN, 0.2, 0.0, Infinity, Infinity, NaN, NaN, NaN, NaN, 0.0, Infinity, 0.0, NaN, NaN, NaN, NaN, 0.0, 0.3333333333333333, Infinity, Infinity, 0.0, 0.0, 0.0, Infinity, 0.0, NaN, NaN, 0.0, Infinity, Infinity, NaN, NaN, NaN, 1.0, NaN, 0.3333333333333333, NaN, 0.0, NaN, NaN, 0.0, 0.0, NaN, NaN, 0.0, NaN, NaN, 0.0, NaN, NaN, NaN, NaN, Infinity, 1.0, Infinity, Infinity, NaN, Infinity, 0.5, 0.0, 0.0, 0.5, 0.0, NaN, 0.3333333333333333, NaN, NaN, Infinity, 0.0, Infinity, 0.0, NaN, 0.0, Infinity, Infinity, 0.0, 0.5, 0.0, Infinity, Infinity, 0.5, NaN, 0.0, 0.0, Infinity, NaN, NaN, Infinity, 0.5, 0.0, NaN, 0.0, NaN, NaN, Infinity, Infinity, 0.0, 0.0, Infinity, Infinity, NaN, 0.0, NaN, 0.0, 0.0, NaN, Infinity, Infinity, 0.0, 0.0, NaN, 0.0, 0.5, NaN, NaN, 0.0, 0.0, Infinity, NaN, 0.0, NaN, 0.3333333333333333, Infinity, NaN, 0.0, 0.0, 0.0, 0.0, NaN, Infinity, NaN, NaN, NaN, 0.0, 0.0, 0.0, 0.0, 1.0, Infinity, NaN, Infinity, 0.0, 0.3333333333333333, 0.0, Infinity, 0.0, NaN, NaN, 0.0, NaN, Infinity, 0.0, 0.0, NaN, 0.5, 0.0, NaN, NaN, 0.3333333333333333, 0.0, NaN, Infinity, 0.5, 0.0, 0.0, 0.0, 0.0, Infinity, 0.5, 0.0, NaN, Infinity, 1.0, 0.0, Infinity, Infinity, 0.0, 0.0, 0.0, NaN, NaN, 0.3333333333333333, NaN, 0.0, Infinity, NaN, 0.0, 0.0, NaN, 0.0, 0.0, NaN, 0.0, 0.0, Infinity, NaN, 0.0, NaN, NaN, NaN, 0.0, Infinity, 0.0, 0.5, NaN, 0.5, Infinity, NaN, 0.5, NaN, NaN, 0.0, Infinity, 0.0, 0.0, 0.0, 0.0, 0.0, 0.0, NaN, NaN, NaN, 0.5, 1.0, NaN, NaN, Infinity, NaN, 0.0, NaN, 0.0, 0.0, NaN, 0.0, 0.0, 0.0, Infinity, 0.0, 0.5, NaN, NaN, 0.0, 0.0, NaN, NaN, 0.0, 0.0, NaN, Infinity, NaN, 0.3333333333333333, NaN, Infinity, Infinity, 0.0, 0.0, 0.0, 0.0, NaN, 0.0, 0.3333333333333333, Infinity, Infinity, NaN, NaN, 0.0, NaN, NaN, 0.5, Infinity, NaN, Infinity, NaN, 0.5, NaN, Infinity, NaN, 0.3333333333333333, 0.0, Infinity, NaN, NaN, 0.3333333333333333, 0.0, 0.0, 0.0, Infinity, 0.0, 0.0, 0.0, 0.0, 0.3333333333333333, Infinity, NaN, NaN, 0.0, 0.0, NaN, 0.0, NaN, Infinity, NaN, Infinity, 0.0, 0.0, 0.0, 0.0, Infinity, NaN, 0.0, 0.0, 0.0, 0.0, Infinity, NaN, 0.0, 1.0, 0.3333333333333333, 0.5, NaN, 1.0, 0.0, Infinity, NaN, 0.0, NaN, 0.25, NaN, NaN, 0.0, 0.0, NaN, 0.25, 0.0, Infinity, 0.0, NaN, Infinity, NaN, Infinity, 0.0, 0.0, 0.0, NaN, 0.5, 0.0, Infinity, 0.0, 0.0, 0.0, NaN, NaN, 0.5, 0.0, 0.0, 0.0, 0.0, Infinity, NaN, Infinity, 0.5, NaN, 0.0, 0.0, NaN, 0.0 ]),(43,Array S Seq (Sz1 1000)
  [ 1.0, 1.0, 1.0, 1.0, 136.01341247558594, 1.0, 132.46034240722656, 1.0, 1.0, 1.0, 1.0, 1.0, 1.0, 1.0, 1.0, 1.0, 1.0, 195.7398681640625, 1.0, 1.0, 125.3662109375, 100.45612335205078, 1.0, 227.5116424560547, 181.67588806152344, 143.7611083984375, 1.0, 1.0, 116.65486145019533, 131.63455200195313, 121.69271850585938, 123.9864273071289, 1.0, 1.0, 1.0, 98.12364959716795, 1.0, 1.0, 125.39635467529295, 1.0, 1.0, 95.56956481933594, 1.0, 1.0, 188.5592803955078, 1.0, 1.0, 1.0, 1.0, 1.0, 142.63609313964844, 1.0, 1.0, 1.0, 111.1320571899414, 1.0, 106.53964233398438, 1.0, 1.0, 1.0, 1.0, 1.0, 1.0, 1.0, 1.0, 111.14727783203124, 1.0, 1.0, 1.0, 1.0, 1.0, 117.57294464111328, 1.0, 145.8654022216797, 164.04278564453125, 1.0, 1.0, 1.0, 1.0, 1.0, 133.8019256591797, 1.0, 1.0, 115.20513153076172, 121.85877990722656, 113.01095581054688, 1.0, 130.25531005859375, 1.0, 1.0, 94.25062561035156, 1.0, 1.0, 1.0, 1.0, 1.0, 1.0, 96.33263397216795, 1.0, 1.0, 1.0, 1.0, 1.0, 1.0, 1.0, 1.0, 1.0, 1.0, 220.2862243652344, 1.0, 1.0, 1.0, 1.0, 1.0, 102.52779388427734, 97.68030548095705, 1.0, 180.83546447753903, 1.0, 1.0, 1.0, 131.17535400390625, 1.0, 1.0, 1.0, 1.0, 94.65105438232422, 1.0, 139.61727905273438, 1.0, 1.0, 145.06817626953125, 1.0, 1.0, 107.42437744140624, 95.64950561523438, 1.0, 134.4632110595703, 1.0, 93.6827163696289, 1.0, 97.78213500976563, 124.27935028076172, 1.0, 164.24832153320313, 1.0, 137.6710205078125, 1.0, 178.83338928222656, 1.0, 1.0, 1.0, 1.0, 1.0, 1.0, 169.51242065429688, 1.0, 1.0, 1.0, 1.0, 95.2139663696289, 1.0, 1.0, 1.0, 1.0, 1.0, 1.0, 1.0, 1.0, 141.16954040527344, 1.0, 1.0, 1.0, 112.09339141845705, 1.0, 1.0, 1.0, 1.0, 1.0, 1.0, 1.0, 119.0601577758789, 1.0, 1.0, 1.0, 1.0, 1.0, 1.0, 99.06946563720705, 1.0, 1.0, 1.0, 1.0, 1.0, 1.0, 1.0, 1.0, 1.0, 1.0, 1.0, 1.0, 1.0, 112.79476928710938, 1.0, 1.0, 1.0, 1.0, 196.0348358154297, 1.0, 1.0, 1.0, 1.0, 113.68338012695313, 118.33258819580078, 1.0, 1.0, 1.0, 136.78173828125, 139.28744506835938, 1.0, 117.33659362792967, 1.0, 1.0, 1.0, 178.14915466308594, 1.0, 1.0, 1.0, 1.0, 1.0, 1.0, 1.0, 1.0, 1.0, 1.0, 1.0, 135.50515747070313, 159.59939575195313, 1.0, 1.0, 1.0, 1.0, 1.0, 1.0, 1.0, 1.0, 1.0, 1.0, 97.01697540283205, 1.0, 1.0, 1.0, 1.0, 1.0, 133.14422607421875, 1.0, 1.0, 1.0, 1.0, 114.9203643798828, 1.0, 1.0, 1.0, 110.6036148071289, 1.0, 1.0, 1.0, 1.0, 176.58807373046875, 1.0, 1.0, 1.0, 123.84322357177734, 1.0, 1.0, 1.0, 1.0, 1.0, 119.71439361572266, 1.0, 1.0, 1.0, 106.53526306152344, 94.0523452758789, 1.0, 1.0, 1.0, 126.93397521972656, 1.0, 1.0, 1.0, 1.0, 1.0, 117.0088348388672, 119.5029754638672, 125.56053161621094, 1.0, 1.0, 132.14598083496094, 1.0, 1.0, 1.0, 87.41312408447266, 1.0, 95.02692413330078, 1.0, 119.26365661621094, 134.45970153808594, 1.0, 1.0, 1.0, 99.28182983398438, 1.0, 94.6075439453125, 94.46876525878906, 1.0, 137.4488525390625, 1.0, 211.2836761474609, 1.0, 1.0, 1.0, 1.0, 114.7640380859375, 1.0, 135.9503936767578, 130.70127868652344, 1.0, 137.80044555664063, 88.28662872314453, 1.0, 1.0, 130.83872985839844, 1.0, 111.05498504638672, 1.0, 1.0, 1.0, 1.0, 100.09678649902344, 1.0, 122.81951141357422, 1.0, 1.0, 110.52544403076172, 115.51080322265624, 122.59165954589844, 1.0, 1.0, 1.0, 1.0, 101.6290283203125, 1.0, 94.34821319580078, 1.0, 1.0, 1.0, 1.0, 1.0, 114.70557403564452, 1.0, 1.0, 1.0, 1.0, 95.76242065429688, 1.0, 1.0, 112.5141372680664, 88.15782165527344, 1.0, 120.7089614868164, 1.0, 1.0, 1.0, 105.655517578125, 135.57460021972656, 1.0, 1.0, 1.0, 1.0, 193.0663604736328, 117.15084075927734, 1.0, 1.0, 1.0, 122.7280502319336, 1.0, 208.4979553222656, 1.0, 1.0, 166.6735076904297, 1.0, 1.0, 1.0, 1.0, 1.0, 1.0, 86.81338500976563, 1.0, 1.0, 95.30038452148438, 1.0, 142.10365295410156, 1.0, 1.0, 173.66940307617188, 1.0, 1.0, 1.0, 1.0, 118.42745208740234, 1.0, 1.0, 1.0, 1.0, 1.0, 1.0, 1.0, 96.7544937133789, 112.22957611083984, 1.0, 1.0, 1.0, 1.0, 1.0, 1.0, 99.88421630859376, 1.0, 125.21788787841795, 1.0, 1.0, 92.98644256591795, 132.99009704589844, 1.0, 89.97750854492188, 120.1999282836914, 1.0, 1.0, 1.0, 1.0, 1.0, 1.0, 1.0, 115.55187225341795, 1.0, 1.0, 125.03704833984376, 1.0, 1.0, 97.14032745361328, 1.0, 1.0, 116.3814926147461, 109.56224060058594, 1.0, 159.73794555664063, 1.0, 1.0, 1.0, 1.0, 1.0, 1.0, 1.0, 1.0, 1.0, 102.50216674804688, 1.0, 1.0, 99.54903411865234, 127.79768371582033, 1.0, 1.0, 1.0, 1.0, 1.0, 1.0, 1.0, 1.0, 1.0, 1.0, 1.0, 1.0, 138.177490234375, 1.0, 1.0, 1.0, 1.0, 124.6482391357422, 1.0, 154.5901336669922, 1.0, 1.0, 113.44416809082033, 214.61415100097656, 1.0, 128.01129150390625, 110.81842803955078, 1.0, 119.41241455078124, 1.0, 127.96310424804688, 1.0, 93.6087417602539, 1.0, 132.87777709960938, 1.0, 1.0, 1.0, 1.0, 104.17752075195313, 1.0, 1.0, 1.0, 1.0, 1.0, 1.0, 1.0, 1.0, 98.71143341064452, 1.0, 1.0, 95.66000366210938, 82.81594848632813, 1.0, 1.0, 1.0, 1.0, 1.0, 1.0, 1.0, 94.98185729980467, 1.0, 1.0, 122.54882049560548, 110.1447296142578, 125.89794921875, 110.60667419433594, 1.0, 1.0, 1.0, 1.0, 122.43759155273438, 176.41217041015625, 1.0, 1.0, 1.0, 104.21048736572266, 1.0, 124.56581115722656, 1.0, 1.0, 1.0, 1.0, 1.0, 109.88538360595705, 1.0, 1.0, 1.0, 1.0, 195.908920288086, 1.0, 1.0, 1.0, 1.0, 1.0, 1.0, 1.0, 1.0, 95.1094741821289, 1.0, 1.0, 1.0, 1.0, 1.0, 1.0, 114.64632415771484, 106.94384765625, 113.65746307373048, 1.0, 110.3374252319336, 1.0, 1.0, 108.91471099853516, 1.0, 1.0, 115.75985717773438, 1.0, 1.0, 1.0, 115.35077667236328, 86.42877960205078, 103.85904693603516, 1.0, 1.0, 1.0, 1.0, 157.17108154296875, 184.26934814453125, 1.0, 1.0, 1.0, 1.0, 78.71513366699219, 1.0, 1.0, 1.0, 1.0, 1.0, 1.0, 1.0, 1.0, 1.0, 102.94474029541016, 108.03286743164063, 1.0, 1.0, 1.0, 1.0, 1.0, 209.7331085205078, 1.0, 1.0, 101.8200912475586, 1.0, 1.0, 120.1257781982422, 1.0, 1.0, 108.91339874267578, 1.0, 120.2540512084961, 1.0, 1.0, 1.0, 1.0, 111.05274200439452, 1.0, 137.75344848632813, 110.5718231201172, 1.0, 1.0, 1.0, 1.0, 1.0, 113.15443420410156, 1.0, 1.0, 1.0, 1.0, 1.0, 1.0, 124.5980453491211, 142.53700256347656, 100.27295684814452, 1.0, 1.0, 1.0, 96.29581451416016, 1.0, 1.0, 1.0, 1.0, 210.9147491455078, 112.43791961669922, 1.0, 1.0, 1.0, 102.27661895751952, 1.0, 158.00369262695313, 1.0, 1.0, 1.0, 1.0, 1.0, 1.0, 1.0, 1.0, 1.0, 1.0, 1.0, 1.0, 1.0, 1.0, 1.0, 1.0, 118.8065948486328, 90.81153869628906, 133.96786499023438, 123.07068634033205, 1.0, 127.35945129394533, 107.52288055419922, 1.0, 1.0, 113.804931640625, 1.0, 1.0, 109.20843505859376, 1.0, 1.0, 90.13827514648438, 1.0, 125.06075286865234, 1.0, 1.0, 1.0, 111.260986328125, 128.94735717773438, 1.0, 126.4247055053711, 1.0, 121.1880340576172, 92.16293334960938, 95.39696502685548, 1.0, 1.0, 1.0, 123.01937103271484, 1.0, 1.0, 93.52633666992188, 137.6227264404297, 1.0, 1.0, 1.0, 1.0, 1.0, 97.92525482177734, 122.70101165771484, 1.0, 1.0, 141.82980346679688, 121.66460418701172, 1.0, 1.0, 1.0, 1.0, 1.0, 1.0, 134.35581970214844, 124.31578063964844, 1.0, 1.0, 1.0, 1.0, 213.21923828125, 1.0, 1.0, 1.0, 1.0, 93.49762725830078, 1.0, 1.0, 1.0, 101.03815460205078, 111.4580078125, 1.0, 1.0, 1.0, 1.0, 1.0, 1.0, 191.4119415283203, 1.0, 1.0, 1.0, 1.0, 1.0, 1.0, 1.0, 119.91690826416016, 117.36027526855467, 1.0, 100.55362701416016, 1.0, 133.1939697265625, 1.0, 109.63882446289063, 1.0, 1.0, 1.0, 1.0, 1.0, 108.5556411743164, 1.0, 1.0, 1.0, 112.54126739501952, 1.0, 1.0, 1.0, 93.88091278076172, 1.0, 1.0, 180.0272674560547, 132.2572021484375, 1.0, 1.0, 1.0, 1.0, 130.3162841796875, 122.96540069580078, 1.0, 1.0, 198.93917846679688, 123.3795394897461, 1.0, 201.30909729003903, 105.96451568603516, 1.0, 1.0, 1.0, 1.0, 1.0, 131.46376037597656, 1.0, 1.0, 120.38939666748048, 1.0, 1.0, 1.0, 1.0, 1.0, 1.0, 1.0, 1.0, 1.0, 108.23681640625, 1.0, 1.0, 1.0, 1.0, 1.0, 1.0, 86.50275421142578, 1.0, 122.35628509521484, 1.0, 111.6075439453125, 188.20957946777344, 1.0, 101.7471923828125, 1.0, 1.0, 1.0, 82.9847183227539, 1.0, 1.0, 1.0, 1.0, 1.0, 1.0, 1.0, 1.0, 1.0, 88.28398132324219, 115.1414566040039, 1.0, 1.0, 95.97608184814452, 1.0, 1.0, 1.0, 1.0, 1.0, 1.0, 1.0, 1.0, 1.0, 102.81180572509766, 1.0, 164.551025390625, 1.0, 1.0, 1.0, 1.0, 1.0, 1.0, 1.0, 1.0, 1.0, 167.08934020996094, 1.0, 138.1129608154297, 1.0, 200.2909240722656, 182.18942260742188, 1.0, 1.0, 1.0, 1.0, 1.0, 1.0, 176.19436645507813, 84.4425277709961, 175.30105590820313, 1.0, 1.0, 1.0, 1.0, 1.0, 186.5384826660156, 163.12045288085938, 1.0, 135.02955627441406, 1.0, 98.9612274169922, 1.0, 136.63552856445313, 1.0, 92.15441131591795, 1.0, 85.46287536621094, 1.0, 1.0, 105.56327056884766, 1.0, 1.0, 1.0, 93.44153594970705, 1.0, 1.0, 1.0, 1.0, 118.16268157958984, 198.2670440673828, 1.0, 1.0, 1.0, 1.0, 1.0, 1.0, 1.0, 112.34520721435548, 1.0, 90.25405883789063, 1.0, 1.0, 1.0, 1.0, 109.6977767944336, 1.0, 1.0, 1.0, 1.0, 1.0, 103.0973129272461, 1.0, 1.0, 114.24532318115234, 111.91062927246094, 178.84811401367188, 1.0, 187.9645233154297, 1.0, 107.05181121826172, 1.0, 1.0, 1.0, 119.16615295410156, 1.0, 1.0, 1.0, 1.0, 1.0, 117.20548248291016, 1.0, 116.38352966308594, 1.0, 1.0, 100.95030975341795, 1.0, 138.2363739013672, 1.0, 1.0, 1.0, 1.0, 124.95571899414063, 1.0, 141.69619750976563, 1.0, 1.0, 1.0, 1.0, 1.0, 99.37890625, 1.0, 1.0, 1.0, 1.0, 97.0040512084961, 1.0, 137.1707763671875, 89.20085144042969, 1.0, 1.0, 1.0, 1.0, 1.0 ]),(44,Array S Seq (Sz1 1000)
  [ 4.0, 1.0, 3.0, 5.0, 138.01341247558594, 1.0, 132.46034240722656, 1.0, 1.0, 3.0, 1.0, 2.0, 1.0, 3.0, 1.0, 1.0, 1.0, 195.7398681640625, 3.0, 4.0, 125.3662109375, 100.45612335205078, 1.0, 230.5116424560547, 181.67588806152344, 147.7611083984375, 1.0, 1.0, 118.65486145019533, 131.63455200195313, 123.69271850585938, 125.9864273071289, 3.0, 1.0, 3.0, 98.12364959716795, 1.0, 3.0, 125.39635467529295, 1.0, 1.0, 98.56956481933594, 1.0, 4.0, 188.5592803955078, 1.0, 1.0, 3.0, 1.0, 4.0, 142.63609313964844, 4.0, 1.0, 1.0, 111.1320571899414, 1.0, 109.53964233398438, 4.0, 3.0, 1.0, 3.0, 4.0, 1.0, 3.0, 4.0, 111.14727783203124, 3.0, 4.0, 3.0, 1.0, 1.0, 117.57294464111328, 2.0, 145.8654022216797, 164.04278564453125, 2.0, 1.0, 3.0, 1.0, 1.0, 135.8019256591797, 1.0, 4.0, 117.20513153076172, 121.85877990722656, 113.01095581054688, 1.0, 130.25531005859375, 1.0, 1.0, 95.25062561035156, 1.0, 1.0, 4.0, 4.0, 4.0, 3.0, 101.33263397216795, 4.0, 1.0, 3.0, 1.0, 3.0, 1.0, 1.0, 3.0, 3.0, 2.0, 220.2862243652344, 1.0, 5.0, 1.0, 1.0, 1.0, 105.52779388427734, 99.68030548095705, 1.0, 180.83546447753903, 2.0, 1.0, 3.0, 131.17535400390625, 1.0, 2.0, 1.0, 1.0, 94.65105438232422, 1.0, 141.61727905273438, 4.0, 2.0, 145.06817626953125, 1.0, 1.0, 107.42437744140624, 100.64950561523438, 1.0, 134.4632110595703, 1.0, 93.6827163696289, 3.0, 98.78213500976563, 125.27935028076172, 1.0, 169.24832153320313, 1.0, 139.6710205078125, 1.0, 180.83338928222656, 3.0, 2.0, 1.0, 1.0, 4.0, 1.0, 169.51242065429688, 1.0, 1.0, 1.0, 1.0, 99.2139663696289, 1.0, 1.0, 1.0, 1.0, 2.0, 2.0, 4.0, 1.0, 144.16954040527344, 1.0, 4.0, 1.0, 115.09339141845705, 1.0, 1.0, 1.0, 1.0, 1.0, 1.0, 1.0, 119.0601577758789, 4.0, 1.0, 3.0, 3.0, 1.0, 3.0, 101.06946563720705, 1.0, 1.0, 3.0, 4.0, 1.0, 1.0, 3.0, 1.0, 1.0, 1.0, 3.0, 3.0, 3.0, 114.79476928710938, 4.0, 3.0, 1.0, 1.0, 196.0348358154297, 1.0, 3.0, 1.0, 4.0, 115.68338012695313, 118.33258819580078, 1.0, 1.0, 4.0, 138.78173828125, 139.28744506835938, 4.0, 117.33659362792967, 1.0, 1.0, 1.0, 178.14915466308594, 3.0, 1.0, 1.0, 4.0, 1.0, 3.0, 1.0, 1.0, 1.0, 4.0, 3.0, 135.50515747070313, 160.59939575195313, 1.0, 1.0, 3.0, 3.0, 3.0, 4.0, 1.0, 1.0, 3.0, 1.0, 97.01697540283205, 1.0, 6.0, 1.0, 1.0, 4.0, 133.14422607421875, 1.0, 1.0, 1.0, 2.0, 116.9203643798828, 1.0, 1.0, 1.0, 110.6036148071289, 4.0, 1.0, 3.0, 4.0, 176.58807373046875, 1.0, 4.0, 4.0, 123.84322357177734, 1.0, 1.0, 6.0, 1.0, 1.0, 119.71439361572266, 6.0, 4.0, 1.0, 106.53526306152344, 96.0523452758789, 1.0, 1.0, 3.0, 126.93397521972656, 4.0, 1.0, 1.0, 1.0, 1.0, 121.0088348388672, 119.5029754638672, 126.56053161621094, 3.0, 4.0, 132.14598083496094, 3.0, 1.0, 1.0, 89.41312408447266, 1.0, 97.02692413330078, 4.0, 119.26365661621094, 134.45970153808594, 3.0, 5.0, 3.0, 101.28182983398438, 4.0, 94.6075439453125, 94.46876525878906, 1.0, 137.4488525390625, 3.0, 211.2836761474609, 2.0, 1.0, 4.0, 1.0, 114.7640380859375, 1.0, 135.9503936767578, 130.70127868652344, 4.0, 137.80044555664063, 89.28662872314453, 1.0, 1.0, 130.83872985839844, 6.0, 113.05498504638672, 1.0, 1.0, 4.0, 5.0, 105.09678649902344, 4.0, 122.81951141357422, 3.0, 5.0, 110.52544403076172, 115.51080322265624, 122.59165954589844, 1.0, 3.0, 4.0, 3.0, 104.6290283203125, 1.0, 96.34821319580078, 1.0, 1.0, 1.0, 4.0, 3.0, 117.70557403564452, 4.0, 1.0, 3.0, 1.0, 95.76242065429688, 1.0, 1.0, 116.5141372680664, 88.15782165527344, 3.0, 120.7089614868164, 4.0, 4.0, 1.0, 105.655517578125, 137.57460021972656, 3.0, 3.0, 1.0, 5.0, 193.0663604736328, 120.15084075927734, 1.0, 4.0, 1.0, 124.7280502319336, 1.0, 211.4979553222656, 1.0, 1.0, 166.6735076904297, 1.0, 1.0, 1.0, 1.0, 1.0, 1.0, 88.81338500976563, 3.0, 1.0, 95.30038452148438, 3.0, 144.10365295410156, 3.0, 1.0, 175.66940307617188, 5.0, 3.0, 1.0, 1.0, 118.42745208740234, 3.0, 1.0, 3.0, 1.0, 6.0, 6.0, 1.0, 96.7544937133789, 113.22957611083984, 1.0, 4.0, 1.0, 4.0, 3.0, 1.0, 99.88421630859376, 3.0, 128.21788787841797, 3.0, 3.0, 94.98644256591795, 132.99009704589844, 1.0, 89.97750854492188, 123.1999282836914, 1.0, 1.0, 3.0, 4.0, 1.0, 1.0, 4.0, 118.55187225341795, 1.0, 1.0, 125.03704833984376, 1.0, 1.0, 97.14032745361328, 1.0, 3.0, 119.3814926147461, 109.56224060058594, 4.0, 159.73794555664063, 1.0, 1.0, 3.0, 1.0, 3.0, 3.0, 3.0, 4.0, 3.0, 105.50216674804688, 4.0, 1.0, 99.54903411865234, 130.7976837158203, 1.0, 6.0, 1.0, 1.0, 6.0, 3.0, 4.0, 1.0, 2.0, 3.0, 3.0, 1.0, 141.177490234375, 4.0, 1.0, 3.0, 4.0, 127.6482391357422, 1.0, 157.5901336669922, 5.0, 3.0, 113.44416809082033, 214.61415100097656, 1.0, 128.01129150390625, 110.81842803955078, 3.0, 119.41241455078124, 3.0, 130.96310424804688, 1.0, 93.6087417602539, 4.0, 132.87777709960938, 1.0, 4.0, 2.0, 1.0, 105.17752075195313, 3.0, 4.0, 1.0, 3.0, 1.0, 3.0, 1.0, 1.0, 98.71143341064452, 3.0, 1.0, 98.66000366210938, 82.81594848632813, 1.0, 4.0, 3.0, 1.0, 3.0, 4.0, 1.0, 94.98185729980467, 4.0, 6.0, 124.54882049560548, 110.1447296142578, 125.89794921875, 110.60667419433594, 1.0, 2.0, 3.0, 1.0, 126.43759155273438, 176.41217041015625, 3.0, 1.0, 1.0, 104.21048736572266, 5.0, 129.56581115722656, 1.0, 1.0, 4.0, 3.0, 1.0, 109.88538360595705, 2.0, 5.0, 3.0, 1.0, 197.908920288086, 1.0, 5.0, 3.0, 1.0, 2.0, 1.0, 1.0, 4.0, 98.1094741821289, 1.0, 3.0, 2.0, 1.0, 3.0, 1.0, 114.64632415771484, 106.94384765625, 113.65746307373048, 1.0, 110.3374252319336, 1.0, 1.0, 108.91471099853516, 1.0, 1.0, 115.75985717773438, 2.0, 1.0, 1.0, 117.35077667236328, 89.42877960205078, 106.85904693603516, 4.0, 3.0, 3.0, 4.0, 157.17108154296875, 184.26934814453125, 3.0, 3.0, 1.0, 3.0, 80.71513366699219, 3.0, 3.0, 1.0, 1.0, 1.0, 1.0, 1.0, 3.0, 1.0, 103.94474029541016, 111.03286743164063, 3.0, 1.0, 4.0, 3.0, 3.0, 212.7331085205078, 4.0, 1.0, 101.8200912475586, 3.0, 1.0, 120.1257781982422, 4.0, 1.0, 108.91339874267578, 3.0, 122.2540512084961, 1.0, 1.0, 1.0, 1.0, 116.05274200439452, 3.0, 137.75344848632813, 110.5718231201172, 1.0, 1.0, 1.0, 1.0, 3.0, 113.15443420410156, 3.0, 1.0, 1.0, 1.0, 1.0, 3.0, 127.5980453491211, 142.53700256347656, 100.27295684814452, 3.0, 3.0, 3.0, 96.29581451416016, 4.0, 1.0, 1.0, 3.0, 210.9147491455078, 112.43791961669922, 1.0, 1.0, 1.0, 103.27661895751952, 1.0, 161.00369262695313, 1.0, 3.0, 1.0, 1.0, 6.0, 3.0, 1.0, 1.0, 5.0, 1.0, 1.0, 6.0, 1.0, 1.0, 1.0, 1.0, 118.8065948486328, 91.81153869628906, 133.96786499023438, 123.07068634033205, 1.0, 127.35945129394533, 109.52288055419922, 2.0, 4.0, 115.804931640625, 4.0, 1.0, 112.20843505859376, 1.0, 1.0, 90.13827514648438, 4.0, 125.06075286865234, 3.0, 1.0, 3.0, 111.260986328125, 128.94735717773438, 3.0, 128.4247055053711, 4.0, 121.1880340576172, 92.16293334960938, 97.39696502685548, 1.0, 3.0, 4.0, 123.01937103271484, 1.0, 1.0, 93.52633666992188, 139.6227264404297, 4.0, 1.0, 3.0, 1.0, 1.0, 97.92525482177734, 122.70101165771484, 3.0, 4.0, 141.82980346679688, 121.66460418701172, 1.0, 4.0, 1.0, 6.0, 4.0, 1.0, 134.35581970214844, 124.31578063964844, 4.0, 3.0, 1.0, 5.0, 215.21923828125, 1.0, 1.0, 4.0, 4.0, 93.49762725830078, 1.0, 3.0, 1.0, 104.03815460205078, 111.4580078125, 1.0, 4.0, 3.0, 3.0, 2.0, 1.0, 191.4119415283203, 1.0, 1.0, 1.0, 3.0, 3.0, 4.0, 4.0, 120.91690826416016, 117.36027526855467, 1.0, 100.55362701416016, 4.0, 136.1939697265625, 3.0, 109.63882446289063, 3.0, 1.0, 1.0, 5.0, 1.0, 108.5556411743164, 4.0, 3.0, 1.0, 114.54126739501952, 4.0, 1.0, 1.0, 96.88091278076172, 3.0, 1.0, 180.0272674560547, 134.2572021484375, 3.0, 3.0, 4.0, 4.0, 130.3162841796875, 124.96540069580078, 4.0, 1.0, 198.93917846679688, 124.3795394897461, 3.0, 201.30909729003903, 105.96451568603516, 3.0, 5.0, 4.0, 1.0, 1.0, 134.46376037597656, 1.0, 6.0, 120.38939666748048, 1.0, 2.0, 4.0, 1.0, 4.0, 3.0, 1.0, 4.0, 3.0, 108.23681640625, 1.0, 4.0, 1.0, 1.0, 1.0, 3.0, 86.50275421142578, 4.0, 124.35628509521484, 1.0, 113.6075439453125, 188.20957946777344, 1.0, 103.7471923828125, 1.0, 1.0, 3.0, 82.9847183227539, 3.0, 4.0, 2.0, 4.0, 3.0, 4.0, 1.0, 1.0, 1.0, 90.28398132324219, 116.1414566040039, 1.0, 1.0, 95.97608184814452, 1.0, 3.0, 1.0, 4.0, 3.0, 1.0, 4.0, 4.0, 3.0, 102.81180572509766, 2.0, 166.551025390625, 1.0, 1.0, 3.0, 3.0, 1.0, 1.0, 3.0, 4.0, 1.0, 167.08934020996094, 1.0, 141.1129608154297, 1.0, 200.2909240722656, 182.18942260742188, 3.0, 5.0, 3.0, 3.0, 1.0, 4.0, 179.19436645507813, 84.4425277709961, 175.30105590820313, 1.0, 1.0, 3.0, 1.0, 1.0, 188.5384826660156, 163.12045288085938, 1.0, 135.02955627441406, 1.0, 100.9612274169922, 1.0, 136.63552856445313, 1.0, 95.15441131591795, 3.0, 85.46287536621094, 1.0, 1.0, 108.56327056884766, 3.0, 3.0, 4.0, 93.44153594970705, 4.0, 3.0, 3.0, 3.0, 121.16268157958984, 198.2670440673828, 1.0, 1.0, 3.0, 3.0, 1.0, 3.0, 1.0, 112.34520721435548, 1.0, 90.25405883789063, 5.0, 3.0, 3.0, 3.0, 109.6977767944336, 1.0, 4.0, 3.0, 3.0, 4.0, 103.0973129272461, 1.0, 3.0, 115.24532318115234, 114.91062927246094, 180.84811401367188, 1.0, 188.9645233154297, 3.0, 107.05181121826172, 1.0, 4.0, 1.0, 123.16615295410156, 1.0, 1.0, 3.0, 3.0, 1.0, 121.20548248291016, 4.0, 116.38352966308594, 4.0, 1.0, 100.95030975341795, 1.0, 138.2363739013672, 3.0, 3.0, 3.0, 1.0, 126.95571899414063, 3.0, 141.69619750976563, 4.0, 3.0, 4.0, 1.0, 1.0, 101.37890625, 4.0, 3.0, 4.0, 4.0, 97.0040512084961, 1.0, 137.1707763671875, 91.20085144042969, 1.0, 3.0, 4.0, 1.0, 3.0 ]),(51,Array S Seq (Sz1 1000)
  [ 3.0, 0.0, 2.0, 4.0, 2.0, 1.0, 0.0, 0.0, 1.0, 3.0, 0.0, 1.0, 0.0, 3.0, 0.0, 0.0, 0.0, 1.0, 2.0, 4.0, 0.0, 0.0, 0.0, 4.0, 0.0, 4.0, 0.0, 0.0, 3.0, 0.0, 3.0, 2.0, 2.0, 0.0, 2.0, 0.0, 0.0, 3.0, 0.0, 0.0, 1.0, 3.0, 0.0, 3.0, 0.0, 1.0, 0.0, 2.0, 0.0, 3.0, 1.0, 3.0, 1.0, 0.0, 0.0, 0.0, 3.0, 3.0, 2.0, 1.0, 2.0, 4.0, 0.0, 2.0, 3.0, 0.0, 2.0, 3.0, 2.0, 0.0, 0.0, 0.0, 2.0, 1.0, 1.0, 2.0, 0.0, 2.0, 1.0, 0.0, 2.0, 0.0, 4.0, 2.0, 0.0, 0.0, 0.0, 1.0, 0.0, 0.0, 2.0, 1.0, 1.0, 3.0, 4.0, 4.0, 2.0, 6.0, 3.0, 0.0, 3.0, 0.0, 3.0, 0.0, 0.0, 3.0, 3.0, 1.0, 1.0, 0.0, 5.0, 1.0, 1.0, 1.0, 3.0, 3.0, 0.0, 0.0, 1.0, 0.0, 2.0, 0.0, 1.0, 1.0, 0.0, 1.0, 1.0, 0.0, 2.0, 4.0, 2.0, 0.0, 1.0, 0.0, 1.0, 5.0, 0.0, 1.0, 0.0, 1.0, 2.0, 1.0, 1.0, 0.0, 5.0, 1.0, 2.0, 1.0, 2.0, 2.0, 2.0, 1.0, 1.0, 3.0, 1.0, 0.0, 1.0, 0.0, 1.0, 1.0, 4.0, 0.0, 1.0, 1.0, 0.0, 2.0, 2.0, 3.0, 0.0, 4.0, 0.0, 3.0, 0.0, 3.0, 0.0, 0.0, 0.0, 1.0, 0.0, 0.0, 1.0, 1.0, 3.0, 0.0, 3.0, 2.0, 0.0, 2.0, 3.0, 0.0, 0.0, 2.0, 3.0, 0.0, 0.0, 3.0, 0.0, 1.0, 1.0, 3.0, 3.0, 2.0, 2.0, 3.0, 2.0, 0.0, 0.0, 0.0, 1.0, 2.0, 0.0, 3.0, 2.0, 0.0, 0.0, 0.0, 4.0, 3.0, 1.0, 3.0, 0.0, 0.0, 0.0, 0.0, 1.0, 3.0, 1.0, 1.0, 3.0, 1.0, 2.0, 1.0, 0.0, 1.0, 4.0, 3.0, 0.0, 1.0, 1.0, 1.0, 2.0, 2.0, 3.0, 3.0, 1.0, 1.0, 3.0, 1.0, 1.0, 0.0, 5.0, 0.0, 0.0, 3.0, 0.0, 1.0, 0.0, 0.0, 1.0, 3.0, 0.0, 0.0, 1.0, 0.0, 3.0, 1.0, 3.0, 3.0, 1.0, 0.0, 4.0, 3.0, 0.0, 0.0, 1.0, 5.0, 0.0, 0.0, 1.0, 6.0, 4.0, 1.0, 1.0, 2.0, 0.0, 0.0, 3.0, 1.0, 3.0, 1.0, 1.0, 1.0, 0.0, 5.0, 0.0, 1.0, 3.0, 3.0, 0.0, 2.0, 1.0, 0.0, 2.0, 1.0, 3.0, 4.0, 1.0, 1.0, 3.0, 4.0, 3.0, 3.0, 3.0, 1.0, 1.0, 0.0, 1.0, 2.0, 0.0, 2.0, 0.0, 3.0, 1.0, 0.0, 0.0, 1.0, 0.0, 3.0, 0.0, 1.0, 0.0, 1.0, 0.0, 5.0, 3.0, 0.0, 1.0, 3.0, 4.0, 5.0, 3.0, 0.0, 2.0, 4.0, 1.0, 0.0, 1.0, 1.0, 2.0, 3.0, 2.0, 3.0, 0.0, 3.0, 0.0, 0.0, 0.0, 4.0, 3.0, 4.0, 4.0, 1.0, 3.0, 1.0, 1.0, 0.0, 0.0, 4.0, 0.0, 2.0, 1.0, 3.0, 3.0, 1.0, 0.0, 2.0, 3.0, 3.0, 0.0, 4.0, 0.0, 3.0, 1.0, 3.0, 0.0, 3.0, 1.0, 4.0, 0.0, 0.0, 1.0, 0.0, 1.0, 1.0, 0.0, 0.0, 0.0, 2.0, 2.0, 0.0, 0.0, 2.0, 2.0, 2.0, 0.0, 2.0, 5.0, 2.0, 1.0, 0.0, 1.0, 2.0, 1.0, 3.0, 1.0, 6.0, 6.0, 0.0, 0.0, 1.0, 0.0, 4.0, 0.0, 4.0, 2.0, 0.0, 0.0, 2.0, 4.0, 2.0, 2.0, 2.0, 0.0, 0.0, 0.0, 4.0, 1.0, 0.0, 2.0, 3.0, 0.0, 0.0, 3.0, 3.0, 0.0, 0.0, 1.0, 0.0, 0.0, 1.0, 0.0, 3.0, 3.0, 0.0, 4.0, 1.0, 1.0, 0.0, 2.0, 0.0, 3.0, 2.0, 2.0, 3.0, 2.0, 4.0, 4.0, 1.0, 1.0, 3.0, 1.0, 5.0, 1.0, 0.0, 6.0, 2.0, 4.0, 1.0, 2.0, 3.0, 2.0, 0.0, 4.0, 3.0, 1.0, 2.0, 3.0, 4.0, 0.0, 3.0, 4.0, 2.0, 1.0, 0.0, 1.0, 0.0, 0.0, 2.0, 1.0, 2.0, 4.0, 0.0, 1.0, 3.0, 1.0, 0.0, 3.0, 1.0, 1.0, 2.0, 3.0, 3.0, 1.0, 2.0, 0.0, 2.0, 1.0, 0.0, 1.0, 2.0, 1.0, 4.0, 1.0, 1.0, 4.0, 3.0, 0.0, 2.0, 3.0, 0.0, 1.0, 3.0, 6.0, 2.0, 1.0, 1.0, 1.0, 0.0, 1.0, 3.0, 0.0, 4.0, 0.0, 2.0, 1.0, 1.0, 0.0, 4.0, 5.0, 1.0, 1.0, 3.0, 2.0, 0.0, 1.0, 1.0, 4.0, 2.0, 0.0, 3.0, 0.0, 5.0, 2.0, 0.0, 1.0, 0.0, 1.0, 4.0, 4.0, 1.0, 2.0, 2.0, 0.0, 2.0, 0.0, 0.0, 1.0, 0.0, 0.0, 1.0, 0.0, 1.0, 1.0, 0.0, 0.0, 0.0, 2.0, 0.0, 0.0, 3.0, 3.0, 3.0, 4.0, 3.0, 2.0, 3.0, 0.0, 1.0, 2.0, 2.0, 0.0, 2.0, 3.0, 2.0, 2.0, 1.0, 0.0, 0.0, 0.0, 1.0, 2.0, 0.0, 1.0, 4.0, 3.0, 0.0, 4.0, 2.0, 2.0, 4.0, 3.0, 1.0, 0.0, 3.0, 1.0, 1.0, 3.0, 0.0, 0.0, 2.0, 2.0, 0.0, 0.0, 0.0, 0.0, 5.0, 2.0, 0.0, 0.0, 0.0, 0.0, 1.0, 1.0, 2.0, 0.0, 3.0, 0.0, 1.0, 0.0, 1.0, 2.0, 4.0, 0.0, 1.0, 2.0, 2.0, 3.0, 0.0, 4.0, 0.0, 1.0, 3.0, 1.0, 0.0, 1.0, 0.0, 0.0, 1.0, 0.0, 3.0, 0.0, 2.0, 0.0, 1.0, 5.0, 2.0, 1.0, 1.0, 4.0, 0.0, 1.0, 6.0, 1.0, 0.0, 1.0, 0.0, 0.0, 2.0, 0.0, 0.0, 0.0, 0.0, 2.0, 1.0, 3.0, 3.0, 3.0, 1.0, 3.0, 0.0, 0.0, 0.0, 4.0, 0.0, 3.0, 1.0, 2.0, 0.0, 0.0, 3.0, 2.0, 3.0, 1.0, 0.0, 2.0, 1.0, 2.0, 4.0, 1.0, 1.0, 0.0, 1.0, 2.0, 3.0, 0.0, 2.0, 0.0, 1.0, 0.0, 0.0, 2.0, 4.0, 0.0, 1.0, 1.0, 3.0, 1.0, 6.0, 3.0, 0.0, 1.0, 0.0, 3.0, 2.0, 1.0, 5.0, 3.0, 0.0, 1.0, 4.0, 3.0, 0.0, 0.0, 3.0, 1.0, 4.0, 1.0, 0.0, 3.0, 3.0, 2.0, 2.0, 1.0, 0.0, 0.0, 0.0, 0.0, 2.0, 3.0, 3.0, 3.0, 2.0, 1.0, 0.0, 1.0, 3.0, 4.0, 3.0, 0.0, 2.0, 0.0, 0.0, 5.0, 1.0, 0.0, 3.0, 3.0, 0.0, 2.0, 3.0, 0.0, 0.0, 3.0, 2.0, 0.0, 0.0, 2.0, 2.0, 2.0, 3.0, 3.0, 0.0, 2.0, 4.0, 1.0, 1.0, 2.0, 3.0, 1.0, 1.0, 2.0, 5.0, 3.0, 0.0, 0.0, 3.0, 1.0, 5.0, 0.0, 0.0, 2.0, 3.0, 1.0, 4.0, 3.0, 0.0, 3.0, 2.0, 1.0, 1.0, 3.0, 0.0, 0.0, 0.0, 2.0, 0.0, 4.0, 2.0, 0.0, 2.0, 0.0, 1.0, 3.0, 0.0, 0.0, 2.0, 0.0, 2.0, 3.0, 1.0, 3.0, 2.0, 3.0, 1.0, 0.0, 1.0, 2.0, 1.0, 0.0, 1.0, 1.0, 0.0, 2.0, 0.0, 4.0, 2.0, 0.0, 4.0, 4.0, 2.0, 1.0, 1.0, 3.0, 1.0, 0.0, 3.0, 3.0, 0.0, 0.0, 3.0, 4.0, 0.0, 1.0, 0.0, 4.0, 0.0, 0.0, 1.0, 2.0, 4.0, 2.0, 2.0, 0.0, 4.0, 4.0, 0.0, 1.0, 0.0, 0.0, 2.0, 1.0, 1.0, 2.0, 1.0, 1.0, 0.0, 0.0, 2.0, 1.0, 0.0, 0.0, 4.0, 2.0, 1.0, 0.0, 0.0, 4.0, 3.0, 3.0, 3.0, 0.0, 3.0, 2.0, 3.0, 3.0, 3.0, 0.0, 0.0, 0.0, 3.0, 2.0, 1.0, 2.0, 1.0, 0.0, 0.0, 0.0, 5.0, 2.0, 2.0, 2.0, 0.0, 1.0, 3.0, 2.0, 2.0, 3.0, 1.0, 0.0, 2.0, 1.0, 3.0, 2.0, 0.0, 1.0, 2.0, 1.0, 0.0, 4.0, 0.0, 5.0, 0.0, 1.0, 2.0, 3.0, 0.0, 5.0, 3.0, 1.0, 3.0, 1.0, 0.0, 0.0, 1.0, 2.0, 2.0, 3.0, 0.0, 3.0, 3.0, 0.0, 3.0, 2.0, 4.0, 0.0, 1.0, 3.0, 3.0, 3.0, 3.0, 3.0, 0.0, 1.0, 0.0, 2.0, 1.0, 2.0, 4.0, 1.0, 3.0 ]),(60,Array S Seq (Sz1 1000)
  [ 0.3333333333333333, Infinity, 0.5, 0.25, 0.5, Infinity, Infinity, Infinity, Infinity, 0.5, Infinity, 1.0, Infinity, 0.5, Infinity, Infinity, Infinity, Infinity, 0.5, 0.3333333333333333, Infinity, Infinity, Infinity, 0.3333333333333333, Infinity, 0.25, Infinity, Infinity, 0.5, Infinity, 0.5, 0.5, 0.5, Infinity, 0.5, Infinity, Infinity, 0.5, Infinity, Infinity, Infinity, 0.3333333333333333, Infinity, 0.3333333333333333, Infinity, Infinity, Infinity, 0.5, Infinity, 0.3333333333333333, Infinity, 0.3333333333333333, Infinity, Infinity, Infinity, Infinity, 0.3333333333333333, 0.3333333333333333, 0.5, Infinity, 0.5, 0.3333333333333333, Infinity, 0.5, 0.3333333333333333, Infinity, 0.5, 0.3333333333333333, 0.5, Infinity, Infinity, Infinity, 1.0, Infinity, Infinity, 1.0, Infinity, 0.5, Infinity, Infinity, 0.5, Infinity, 0.3333333333333333, 0.5, Infinity, Infinity, Infinity, Infinity, Infinity, Infinity, 1.0, Infinity, Infinity, 0.3333333333333333, 0.3333333333333333, 0.3333333333333333, 0.5, 0.2, 0.3333333333333333, Infinity, 0.5, Infinity, 0.5, Infinity, Infinity, 0.5, 0.5, 1.0, Infinity, Infinity, 0.25, Infinity, Infinity, Infinity, 0.3333333333333333, 0.5, Infinity, Infinity, 1.0, Infinity, 0.5, Infinity, Infinity, 1.0, Infinity, Infinity, Infinity, Infinity, 0.5, 0.3333333333333333, 1.0, Infinity, Infinity, Infinity, Infinity, 0.2, Infinity, Infinity, Infinity, Infinity, 0.5, 1.0, 1.0, Infinity, 0.2, Infinity, 0.5, Infinity, 0.5, 0.5, 1.0, Infinity, Infinity, 0.3333333333333333, Infinity, Infinity, Infinity, Infinity, Infinity, Infinity, 0.25, Infinity, Infinity, Infinity, Infinity, 1.0, 1.0, 0.3333333333333333, Infinity, 0.3333333333333333, Infinity, 0.3333333333333333, Infinity, 0.3333333333333333, Infinity, Infinity, Infinity, Infinity, Infinity, Infinity, Infinity, Infinity, 0.3333333333333333, Infinity, 0.5, 0.5, Infinity, 0.5, 0.5, Infinity, Infinity, 0.5, 0.3333333333333333, Infinity, Infinity, 0.5, Infinity, Infinity, Infinity, 0.5, 0.5, 0.5, 0.5, 0.3333333333333333, 0.5, Infinity, Infinity, Infinity, Infinity, 0.5, Infinity, 0.3333333333333333, 0.5, Infinity, Infinity, Infinity, 0.3333333333333333, 0.5, Infinity, 0.3333333333333333, Infinity, Infinity, Infinity, Infinity, Infinity, 0.5, Infinity, Infinity, 0.3333333333333333, Infinity, 0.5, Infinity, Infinity, Infinity, 0.3333333333333333, 0.5, Infinity, 1.0, Infinity, Infinity, 0.5, 0.5, 0.5, 0.3333333333333333, Infinity, Infinity, 0.5, Infinity, Infinity, Infinity, 0.2, Infinity, Infinity, 0.3333333333333333, Infinity, Infinity, Infinity, Infinity, 1.0, 0.5, Infinity, Infinity, Infinity, Infinity, 0.3333333333333333, Infinity, 0.5, 0.3333333333333333, Infinity, Infinity, 0.3333333333333333, 0.3333333333333333, Infinity, Infinity, Infinity, 0.2, Infinity, Infinity, Infinity, 0.2, 0.3333333333333333, Infinity, Infinity, 0.5, Infinity, Infinity, 0.5, Infinity, 0.3333333333333333, Infinity, Infinity, Infinity, Infinity, 0.25, Infinity, 1.0, 0.5, 0.3333333333333333, Infinity, 0.5, Infinity, Infinity, 0.5, Infinity, 0.5, 0.3333333333333333, Infinity, Infinity, 0.5, 0.25, 0.5, 0.5, 0.3333333333333333, Infinity, Infinity, Infinity, Infinity, 0.5, Infinity, 1.0, Infinity, 0.3333333333333333, Infinity, Infinity, Infinity, Infinity, Infinity, 0.3333333333333333, Infinity, 1.0, Infinity, Infinity, Infinity, 0.2, 0.5, Infinity, Infinity, 0.3333333333333333, 0.25, 0.2, 0.3333333333333333, Infinity, 0.5, 0.25, Infinity, Infinity, Infinity, Infinity, 0.5, 0.3333333333333333, 0.5, 0.3333333333333333, Infinity, 0.5, Infinity, Infinity, Infinity, 0.3333333333333333, 0.5, 0.3333333333333333, 0.3333333333333333, Infinity, 0.5, Infinity, Infinity, Infinity, Infinity, 0.25, Infinity, 0.5, Infinity, 0.3333333333333333, 0.3333333333333333, Infinity, Infinity, 0.5, 0.5, 0.5, Infinity, 0.25, Infinity, 0.3333333333333333, Infinity, 0.3333333333333333, Infinity, 0.5, Infinity, 0.3333333333333333, Infinity, Infinity, Infinity, Infinity, Infinity, Infinity, Infinity, Infinity, Infinity, 0.5, 0.5, Infinity, Infinity, 0.5, 0.5, 0.5, Infinity, 0.5, 0.25, 0.5, Infinity, Infinity, Infinity, 0.5, Infinity, 0.5, Infinity, 0.2, 0.2, Infinity, Infinity, 1.0, Infinity, 0.3333333333333333, Infinity, 0.3333333333333333, 0.5, Infinity, Infinity, 0.5, 0.3333333333333333, 0.5, 0.5, 0.5, Infinity, Infinity, Infinity, 0.3333333333333333, Infinity, Infinity, 0.5, 0.3333333333333333, Infinity, Infinity, 0.3333333333333333, 0.3333333333333333, Infinity, Infinity, Infinity, Infinity, Infinity, Infinity, Infinity, 0.5, 0.3333333333333333, Infinity, 0.3333333333333333, Infinity, Infinity, Infinity, 0.5, Infinity, 0.5, 0.5, 0.5, 0.3333333333333333, 0.5, 0.3333333333333333, 0.3333333333333333, Infinity, Infinity, 0.3333333333333333, Infinity, 0.2, Infinity, Infinity, 0.2, 0.5, 0.3333333333333333, Infinity, 1.0, 0.5, 0.5, Infinity, 0.3333333333333333, 0.3333333333333333, Infinity, 0.5, 0.3333333333333333, 0.3333333333333333, Infinity, 0.3333333333333333, 0.25, 0.5, Infinity, Infinity, Infinity, Infinity, Infinity, 0.5, Infinity, 0.5, 0.3333333333333333, Infinity, Infinity, 0.3333333333333333, Infinity, Infinity, 0.3333333333333333, 1.0, Infinity, 1.0, 0.5, 0.3333333333333333, Infinity, 0.5, Infinity, 0.5, Infinity, Infinity, Infinity, 0.5, Infinity, 0.3333333333333333, Infinity, Infinity, 0.3333333333333333, 0.5, Infinity, 0.5, 0.3333333333333333, Infinity, Infinity, 0.3333333333333333, 0.2, 0.5, Infinity, Infinity, Infinity, Infinity, 1.0, 0.5, Infinity, 0.25, Infinity, 0.5, Infinity, Infinity, Infinity, 0.25, 0.2, Infinity, Infinity, 0.3333333333333333, 0.5, Infinity, Infinity, 1.0, 0.25, 0.5, Infinity, 0.5, Infinity, 0.25, 0.5, Infinity, 1.0, Infinity, Infinity, 0.3333333333333333, 0.3333333333333333, Infinity, 0.5, 1.0, Infinity, 0.5, Infinity, Infinity, Infinity, Infinity, Infinity, Infinity, Infinity, Infinity, Infinity, Infinity, Infinity, Infinity, 1.0, Infinity, Infinity, 0.5, 0.3333333333333333, 0.3333333333333333, 0.3333333333333333, 0.5, 0.5, 0.3333333333333333, Infinity, Infinity, 0.5, 0.5, Infinity, 0.5, 0.5, 0.5, 0.5, Infinity, Infinity, Infinity, Infinity, Infinity, 0.5, Infinity, 1.0, 0.3333333333333333, 0.5, Infinity, 0.3333333333333333, 0.5, 0.5, 0.3333333333333333, 0.3333333333333333, Infinity, Infinity, 0.5, Infinity, Infinity, 0.3333333333333333, Infinity, Infinity, 0.5, 0.5, Infinity, Infinity, Infinity, Infinity, 0.2, 0.5, Infinity, Infinity, Infinity, Infinity, Infinity, Infinity, 0.5, Infinity, 0.5, Infinity, Infinity, Infinity, Infinity, 0.5, 0.3333333333333333, Infinity, Infinity, 0.5, 0.5, 0.5, Infinity, 0.3333333333333333, Infinity, Infinity, 0.5, Infinity, Infinity, Infinity, Infinity, Infinity, 1.0, Infinity, 0.3333333333333333, Infinity, 0.5, Infinity, Infinity, 0.2, 0.5, Infinity, Infinity, 0.25, Infinity, Infinity, 0.2, Infinity, Infinity, Infinity, Infinity, Infinity, 1.0, Infinity, Infinity, Infinity, Infinity, 0.5, 1.0, 0.3333333333333333, 0.5, 0.3333333333333333, Infinity, 0.3333333333333333, Infinity, Infinity, Infinity, 0.3333333333333333, Infinity, 0.5, Infinity, 0.5, Infinity, Infinity, 0.5, 0.5, 0.3333333333333333, Infinity, Infinity, 0.5, Infinity, 0.5, 0.3333333333333333, Infinity, Infinity, Infinity, Infinity, 0.5, 0.3333333333333333, Infinity, 0.5, Infinity, Infinity, Infinity, Infinity, 0.5, 0.3333333333333333, Infinity, Infinity, Infinity, 0.3333333333333333, Infinity, 0.2, 0.3333333333333333, Infinity, Infinity, Infinity, 0.3333333333333333, 0.5, Infinity, 0.25, 0.5, Infinity, Infinity, 0.3333333333333333, 0.3333333333333333, Infinity, Infinity, 0.5, Infinity, 0.3333333333333333, Infinity, Infinity, 0.3333333333333333, 0.5, 0.5, 1.0, Infinity, Infinity, Infinity, Infinity, Infinity, 0.5, 0.5, 0.3333333333333333, 0.3333333333333333, 1.0, Infinity, Infinity, Infinity, 0.3333333333333333, 0.3333333333333333, 0.5, Infinity, 0.5, Infinity, Infinity, 0.25, Infinity, Infinity, 0.3333333333333333, 0.5, Infinity, 0.5, 0.3333333333333333, Infinity, Infinity, 0.3333333333333333, 0.5, Infinity, Infinity, 0.5, 0.5, 0.5, 0.3333333333333333, 0.3333333333333333, Infinity, 0.5, 0.3333333333333333, Infinity, Infinity, 1.0, 0.5, Infinity, Infinity, 0.5, 0.25, 0.3333333333333333, Infinity, Infinity, 0.3333333333333333, Infinity, 0.2, Infinity, Infinity, 1.0, 0.3333333333333333, Infinity, 0.3333333333333333, 0.5, Infinity, 0.3333333333333333, 0.5, Infinity, Infinity, 0.3333333333333333, Infinity, Infinity, Infinity, 0.5, Infinity, 0.3333333333333333, 0.5, Infinity, 0.5, Infinity, Infinity, 0.5, Infinity, Infinity, 0.5, Infinity, 0.5, 0.3333333333333333, 1.0, 0.3333333333333333, 0.5, 0.3333333333333333, Infinity, Infinity, Infinity, 0.5, 1.0, Infinity, Infinity, Infinity, Infinity, 0.5, Infinity, 0.3333333333333333, 0.5, Infinity, 0.3333333333333333, 0.3333333333333333, 0.5, Infinity, 1.0, 0.5, Infinity, Infinity, 0.5, 0.5, Infinity, Infinity, 0.5, 0.3333333333333333, Infinity, Infinity, Infinity, 0.3333333333333333, Infinity, Infinity, Infinity, 0.5, 0.25, 0.5, 0.5, Infinity, 0.3333333333333333, 0.3333333333333333, Infinity, Infinity, Infinity, Infinity, 0.5, Infinity, Infinity, 0.5, Infinity, Infinity, Infinity, Infinity, 0.5, Infinity, Infinity, Infinity, 0.3333333333333333, 0.5, Infinity, Infinity, Infinity, 0.3333333333333333, 0.5, 0.5, 0.3333333333333333, Infinity, 0.3333333333333333, 0.5, 0.5, 0.5, 0.3333333333333333, Infinity, Infinity, Infinity, 0.5, 0.5, Infinity, 0.5, Infinity, Infinity, Infinity, Infinity, 0.25, 0.5, 0.5, 0.5, Infinity, Infinity, 0.3333333333333333, 0.5, 0.5, 0.3333333333333333, Infinity, Infinity, 0.5, 1.0, 0.3333333333333333, 0.5, Infinity, 1.0, 0.5, Infinity, Infinity, 0.3333333333333333, Infinity, 0.25, Infinity, Infinity, 0.5, 0.5, Infinity, 0.25, 0.3333333333333333, Infinity, 0.3333333333333333, Infinity, Infinity, Infinity, Infinity, 0.5, 0.5, 0.5, Infinity, 0.5, 0.5, Infinity, 0.3333333333333333, 0.5, 0.3333333333333333, Infinity, Infinity, 0.5, 0.3333333333333333, 0.5, 0.3333333333333333, 0.3333333333333333, Infinity, Infinity, Infinity, 0.5, Infinity, 0.5, 0.3333333333333333, Infinity, 0.5 ])]
([21,43,44,51,60],[Param 0,Param 1,Param 2,Param 3,Param 4],5)
9454280.384848097
finish f
Recip(((t0 + (Abs(t1) ^ Recip(x8))) * ((x0 + t2) / (Abs((t3 + x6)) ^ (Abs(t4) ^ x4)))))
([21,43,44,51,60],[Param 0,Param 1,Param 2,Param 3,Param 4],5)
([21,43,44,51,60],[Param 0,Param 1,Param 2,Param 3,Param 4],5)
([21,43,44,51,60],[Param 0,Param 1,Param 2,Param 3,Param 4],5)
([21,43,44,51,60],[Param 0,Param 1,Param 2,Param 3,Param 4],5)
([21,43,44,51,60],[Param 0,Param 1,Param 2,Param 3,Param 4],5)
([21,43,44,51,60],[Param 0,Param 1,Param 2,Param 3,Param 4],5)
([21,43,44,51,60],[Param 0,Param 1,Param 2,Param 3,Param 4],5)
([21,43,44,51,60],[Param 0,Param 1,Param 2,Param 3,Param 4],5)
([21,43,44,51,60],[Param 0,Param 1,Param 2,Param 3,Param 4],5)
([21,43,44,51,60],[Param 0,Param 1,Param 2,Param 3,Param 4],5)
([21,43,44,51,60],[Param 0,Param 1,Param 2,Param 3,Param 4],5)
([21,43,44,51,60],[Param 0,Param 1,Param 2,Param 3,Param 4],5)
([21,43,44,51,60],[Param 0,Param 1,Param 2,Param 3,Param 4],5)
([21,43,44,51,60],[Param 0,Param 1,Param 2,Param 3,Param 4],5)
([21,43,44,51,60],[Param 0,Param 1,Param 2,Param 3,Param 4],5)
([21,43,44,51,60],[Param 0,Param 1,Param 2,Param 3,Param 4],5)
([21,43,44,51,60],[Param 0,Param 1,Param 2,Param 3,Param 4],5)
([21,43,44,51,60],[Param 0,Param 1,Param 2,Param 3,Param 4],5)
([21,43,44,51,60],[Param 0,Param 1,Param 2,Param 3,Param 4],5)
([21,43,44,51,60],[Param 0,Param 1,Param 2,Param 3,Param 4],5)
([21,43,44,51,60],[Param 0,Param 1,Param 2,Param 3,Param 4],5)
([21,43,44,51,60],[Param 0,Param 1,Param 2,Param 3,Param 4],5)
([21,43,44,51,60],[Param 0,Param 1,Param 2,Param 3,Param 4],5)
(9454280.384848097,Array S Seq (Sz1 5)
  [ 0.2753148702754882, 0.40371516955874553, -0.4439959643653423, 0.418921521743706, -0.9943694781131394 ],9445365.133315487)
(Array S Seq (Sz1 5)
  [ 4.174278824271189, 0.7527472392857191, -4.895974949570508, -7.003598305275151e-5, -0.8581449559140105 ],5)
(Abs((Abs((((((x7 * x7) + t0) - x2) / ((x3 + t1) * ((x5 * t2) * t3))) * Recip(x5))) ^ Recip((x5 - (x5 + x6))))) ^ t4)
minmized
("recurse to ",83,83)
("recurse to ",79,79)
("recurse to ",77,77)
("recurse to ",72,72)
("recurse to ",71,71)
("recurse to ",70,70)
(Bin Mul 7 7,True,True)
theta 
(5,0)
(Bin Add 70 9,True,True)
(Bin Sub 71 2,True,True)
("recurse to ",76,76)
("recurse to ",73,73)
theta 
(5,1)
(Bin Add 3 12,True,True)
("recurse to ",75,75)
("recurse to ",74,74)
theta 
(5,2)
(Bin Mul 5 16,True,True)
theta 
(5,3)
(Bin Mul 74 19,True,True)
(Bin Mul 73 75,True,True)
(Bin Div 72 76,True,True)
("recurse to ",78,78)
(Uni Recip 5,True,True)
(Bin Mul 77 78,True,True)
("recurse to ",82,82)
("recurse to ",81,81)
("recurse to ",80,80)
(Bin Add 5 6,True,True)
(Bin Sub 5 80,True,True)
(Uni Recip 81,True,True)
(Bin PowerAbs 79 82,True,True)
theta 
(5,4)
(Bin PowerAbs 83 27,True,True)
fromList [(21,Array S Seq (Sz1 1000)
  [ 0.0, NaN, 0.0, 0.0, 0.5, NaN, Infinity, NaN, NaN, 0.0, NaN, 0.0, NaN, 0.0, NaN, NaN, NaN, Infinity, 0.0, 0.0, Infinity, Infinity, NaN, 0.3333333333333333, Infinity, 0.25, NaN, NaN, 0.5, Infinity, 0.5, 0.5, 0.0, NaN, 0.0, Infinity, NaN, 0.0, Infinity, NaN, NaN, 0.3333333333333333, NaN, 0.0, Infinity, NaN, NaN, 0.0, NaN, 0.0, Infinity, 0.0, NaN, NaN, Infinity, NaN, 0.3333333333333333, 0.0, 0.0, NaN, 0.0, 0.0, NaN, 0.0, 0.0, Infinity, 0.0, 0.0, 0.0, NaN, NaN, Infinity, 0.0, Infinity, Infinity, 0.0, NaN, 0.0, NaN, NaN, 0.5, NaN, 0.0, 0.5, Infinity, Infinity, NaN, Infinity, NaN, NaN, 1.0, NaN, NaN, 0.0, 0.0, 0.0, 0.0, 0.2, 0.0, NaN, 0.0, NaN, 0.0, NaN, NaN, 0.0, 0.0, 0.0, Infinity, NaN, 0.0, NaN, NaN, NaN, 0.3333333333333333, 0.5, NaN, Infinity, 0.0, NaN, 0.0, Infinity, NaN, 0.0, NaN, NaN, Infinity, NaN, 0.5, 0.0, 0.0, Infinity, NaN, NaN, Infinity, 0.2, NaN, Infinity, NaN, Infinity, 0.0, 1.0, 1.0, NaN, 0.2, NaN, 0.5, NaN, 0.5, 0.0, 0.0, NaN, NaN, 0.0, NaN, Infinity, NaN, NaN, NaN, NaN, 0.25, NaN, NaN, NaN, NaN, 0.0, 0.0, 0.0, NaN, 0.3333333333333333, NaN, 0.0, NaN, 0.3333333333333333, NaN, NaN, NaN, NaN, NaN, NaN, NaN, Infinity, 0.0, NaN, 0.0, 0.0, NaN, 0.0, 0.5, NaN, NaN, 0.0, 0.0, NaN, NaN, 0.0, NaN, NaN, NaN, 0.0, 0.0, 0.0, 0.5, 0.0, 0.0, NaN, NaN, Infinity, NaN, 0.0, NaN, 0.0, 0.5, Infinity, NaN, NaN, 0.0, 0.5, Infinity, 0.0, Infinity, NaN, NaN, NaN, Infinity, 0.0, NaN, NaN, 0.0, NaN, 0.0, NaN, NaN, NaN, 0.0, 0.0, Infinity, 1.0, NaN, NaN, 0.0, 0.0, 0.0, 0.0, NaN, NaN, 0.0, NaN, Infinity, NaN, 0.0, NaN, NaN, 0.0, Infinity, NaN, NaN, NaN, 0.0, 0.5, NaN, NaN, NaN, Infinity, 0.0, NaN, 0.0, 0.0, Infinity, NaN, 0.0, 0.0, Infinity, NaN, NaN, 0.0, NaN, NaN, Infinity, 0.0, 0.0, NaN, Infinity, 0.5, NaN, NaN, 0.0, Infinity, 0.0, NaN, NaN, NaN, NaN, 0.25, Infinity, 1.0, 0.0, 0.0, Infinity, 0.0, NaN, NaN, 0.5, NaN, 0.5, 0.0, Infinity, Infinity, 0.0, 0.0, 0.0, 0.5, 0.0, Infinity, Infinity, NaN, Infinity, 0.0, Infinity, 0.0, NaN, 0.0, NaN, Infinity, NaN, Infinity, Infinity, 0.0, Infinity, 1.0, NaN, NaN, Infinity, 0.0, 0.5, NaN, NaN, 0.0, 0.0, 0.2, 0.0, Infinity, 0.0, 0.0, Infinity, Infinity, Infinity, NaN, 0.0, 0.0, 0.0, 0.3333333333333333, NaN, 0.5, NaN, NaN, NaN, 0.0, 0.0, 0.3333333333333333, 0.0, NaN, 0.0, NaN, Infinity, NaN, NaN, 0.25, Infinity, 0.0, Infinity, 0.0, 0.0, NaN, Infinity, 0.5, 0.0, 0.0, NaN, 0.0, Infinity, 0.3333333333333333, NaN, 0.0, NaN, 0.5, NaN, 0.3333333333333333, NaN, NaN, Infinity, NaN, NaN, NaN, NaN, NaN, NaN, 0.5, 0.0, NaN, Infinity, 0.0, 0.5, 0.0, NaN, 0.5, 0.0, 0.0, NaN, NaN, Infinity, 0.0, NaN, 0.0, NaN, 0.0, 0.0, NaN, Infinity, 1.0, NaN, 0.0, NaN, 0.0, 0.0, NaN, Infinity, 0.0, 0.3333333333333333, 0.0, 0.0, 0.5, Infinity, NaN, Infinity, 0.3333333333333333, NaN, NaN, 0.0, 0.0, NaN, NaN, 0.0, 0.3333333333333333, NaN, NaN, Infinity, NaN, NaN, Infinity, NaN, 0.0, 0.3333333333333333, Infinity, 0.0, Infinity, NaN, NaN, 0.0, NaN, 0.0, 0.0, 0.0, 0.0, 0.0, 0.3333333333333333, 0.0, NaN, Infinity, 0.3333333333333333, NaN, 0.0, NaN, NaN, 0.0, 0.0, 0.0, NaN, 0.0, 0.0, 0.0, NaN, 0.3333333333333333, 0.0, NaN, 0.0, 0.0, 0.3333333333333333, NaN, 0.3333333333333333, 0.0, 0.0, Infinity, Infinity, NaN, Infinity, Infinity, 0.0, Infinity, 0.0, 0.3333333333333333, NaN, Infinity, 0.0, Infinity, NaN, 0.0, 0.0, NaN, 1.0, 0.0, 0.0, NaN, 0.0, NaN, 0.0, NaN, NaN, Infinity, 0.0, NaN, 0.3333333333333333, Infinity, NaN, 0.0, 0.0, NaN, 0.0, 0.0, NaN, Infinity, 0.0, 0.0, 0.5, Infinity, Infinity, Infinity, NaN, 0.0, 0.0, NaN, 0.25, Infinity, 0.0, NaN, NaN, Infinity, 0.0, 0.2, NaN, NaN, 0.0, 0.0, NaN, Infinity, 0.0, 0.0, 0.0, NaN, 0.5, NaN, 0.0, 0.0, NaN, 0.0, NaN, NaN, 0.0, 0.3333333333333333, NaN, 0.0, 0.0, NaN, 0.0, NaN, Infinity, Infinity, Infinity, NaN, Infinity, NaN, NaN, Infinity, NaN, NaN, Infinity, 0.0, NaN, NaN, 0.5, 0.3333333333333333, 0.3333333333333333, 0.0, 0.0, 0.0, 0.0, Infinity, Infinity, 0.0, 0.0, NaN, 0.0, 0.5, 0.0, 0.0, NaN, NaN, NaN, NaN, NaN, 0.0, NaN, 1.0, 0.3333333333333333, 0.0, NaN, 0.0, 0.0, 0.0, 0.3333333333333333, 0.0, NaN, Infinity, 0.0, NaN, Infinity, 0.0, NaN, Infinity, 0.0, 0.5, NaN, NaN, NaN, NaN, 0.2, 0.0, Infinity, Infinity, NaN, NaN, NaN, NaN, 0.0, Infinity, 0.0, NaN, NaN, NaN, NaN, 0.0, 0.3333333333333333, Infinity, Infinity, 0.0, 0.0, 0.0, Infinity, 0.0, NaN, NaN, 0.0, Infinity, Infinity, NaN, NaN, NaN, 1.0, NaN, 0.3333333333333333, NaN, 0.0, NaN, NaN, 0.0, 0.0, NaN, NaN, 0.0, NaN, NaN, 0.0, NaN, NaN, NaN, NaN, Infinity, 1.0, Infinity, Infinity, NaN, Infinity, 0.5, 0.0, 0.0, 0.5, 0.0, NaN, 0.3333333333333333, NaN, NaN, Infinity, 0.0, Infinity, 0.0, NaN, 0.0, Infinity, Infinity, 0.0, 0.5, 0.0, Infinity, Infinity, 0.5, NaN, 0.0, 0.0, Infinity, NaN, NaN, Infinity, 0.5, 0.0, NaN, 0.0, NaN, NaN, Infinity, Infinity, 0.0, 0.0, Infinity, Infinity, NaN, 0.0, NaN, 0.0, 0.0, NaN, Infinity, Infinity, 0.0, 0.0, NaN, 0.0, 0.5, NaN, NaN, 0.0, 0.0, Infinity, NaN, 0.0, NaN, 0.3333333333333333, Infinity, NaN, 0.0, 0.0, 0.0, 0.0, NaN, Infinity, NaN, NaN, NaN, 0.0, 0.0, 0.0, 0.0, 1.0, Infinity, NaN, Infinity, 0.0, 0.3333333333333333, 0.0, Infinity, 0.0, NaN, NaN, 0.0, NaN, Infinity, 0.0, 0.0, NaN, 0.5, 0.0, NaN, NaN, 0.3333333333333333, 0.0, NaN, Infinity, 0.5, 0.0, 0.0, 0.0, 0.0, Infinity, 0.5, 0.0, NaN, Infinity, 1.0, 0.0, Infinity, Infinity, 0.0, 0.0, 0.0, NaN, NaN, 0.3333333333333333, NaN, 0.0, Infinity, NaN, 0.0, 0.0, NaN, 0.0, 0.0, NaN, 0.0, 0.0, Infinity, NaN, 0.0, NaN, NaN, NaN, 0.0, Infinity, 0.0, 0.5, NaN, 0.5, Infinity, NaN, 0.5, NaN, NaN, 0.0, Infinity, 0.0, 0.0, 0.0, 0.0, 0.0, 0.0, NaN, NaN, NaN, 0.5, 1.0, NaN, NaN, Infinity, NaN, 0.0, NaN, 0.0, 0.0, NaN, 0.0, 0.0, 0.0, Infinity, 0.0, 0.5, NaN, NaN, 0.0, 0.0, NaN, NaN, 0.0, 0.0, NaN, Infinity, NaN, 0.3333333333333333, NaN, Infinity, Infinity, 0.0, 0.0, 0.0, 0.0, NaN, 0.0, 0.3333333333333333, Infinity, Infinity, NaN, NaN, 0.0, NaN, NaN, 0.5, Infinity, NaN, Infinity, NaN, 0.5, NaN, Infinity, NaN, 0.3333333333333333, 0.0, Infinity, NaN, NaN, 0.3333333333333333, 0.0, 0.0, 0.0, Infinity, 0.0, 0.0, 0.0, 0.0, 0.3333333333333333, Infinity, NaN, NaN, 0.0, 0.0, NaN, 0.0, NaN, Infinity, NaN, Infinity, 0.0, 0.0, 0.0, 0.0, Infinity, NaN, 0.0, 0.0, 0.0, 0.0, Infinity, NaN, 0.0, 1.0, 0.3333333333333333, 0.5, NaN, 1.0, 0.0, Infinity, NaN, 0.0, NaN, 0.25, NaN, NaN, 0.0, 0.0, NaN, 0.25, 0.0, Infinity, 0.0, NaN, Infinity, NaN, Infinity, 0.0, 0.0, 0.0, NaN, 0.5, 0.0, Infinity, 0.0, 0.0, 0.0, NaN, NaN, 0.5, 0.0, 0.0, 0.0, 0.0, Infinity, NaN, Infinity, 0.5, NaN, 0.0, 0.0, NaN, 0.0 ]),(43,Array S Seq (Sz1 1000)
  [ 1.0, 1.0, 1.0, 1.0, 136.01341247558594, 1.0, 132.46034240722656, 1.0, 1.0, 1.0, 1.0, 1.0, 1.0, 1.0, 1.0, 1.0, 1.0, 195.7398681640625, 1.0, 1.0, 125.3662109375, 100.45612335205078, 1.0, 227.5116424560547, 181.67588806152344, 143.7611083984375, 1.0, 1.0, 116.65486145019533, 131.63455200195313, 121.69271850585938, 123.9864273071289, 1.0, 1.0, 1.0, 98.12364959716795, 1.0, 1.0, 125.39635467529295, 1.0, 1.0, 95.56956481933594, 1.0, 1.0, 188.5592803955078, 1.0, 1.0, 1.0, 1.0, 1.0, 142.63609313964844, 1.0, 1.0, 1.0, 111.1320571899414, 1.0, 106.53964233398438, 1.0, 1.0, 1.0, 1.0, 1.0, 1.0, 1.0, 1.0, 111.14727783203124, 1.0, 1.0, 1.0, 1.0, 1.0, 117.57294464111328, 1.0, 145.8654022216797, 164.04278564453125, 1.0, 1.0, 1.0, 1.0, 1.0, 133.8019256591797, 1.0, 1.0, 115.20513153076172, 121.85877990722656, 113.01095581054688, 1.0, 130.25531005859375, 1.0, 1.0, 94.25062561035156, 1.0, 1.0, 1.0, 1.0, 1.0, 1.0, 96.33263397216795, 1.0, 1.0, 1.0, 1.0, 1.0, 1.0, 1.0, 1.0, 1.0, 1.0, 220.2862243652344, 1.0, 1.0, 1.0, 1.0, 1.0, 102.52779388427734, 97.68030548095705, 1.0, 180.83546447753903, 1.0, 1.0, 1.0, 131.17535400390625, 1.0, 1.0, 1.0, 1.0, 94.65105438232422, 1.0, 139.61727905273438, 1.0, 1.0, 145.06817626953125, 1.0, 1.0, 107.42437744140624, 95.64950561523438, 1.0, 134.4632110595703, 1.0, 93.6827163696289, 1.0, 97.78213500976563, 124.27935028076172, 1.0, 164.24832153320313, 1.0, 137.6710205078125, 1.0, 178.83338928222656, 1.0, 1.0, 1.0, 1.0, 1.0, 1.0, 169.51242065429688, 1.0, 1.0, 1.0, 1.0, 95.2139663696289, 1.0, 1.0, 1.0, 1.0, 1.0, 1.0, 1.0, 1.0, 141.16954040527344, 1.0, 1.0, 1.0, 112.09339141845705, 1.0, 1.0, 1.0, 1.0, 1.0, 1.0, 1.0, 119.0601577758789, 1.0, 1.0, 1.0, 1.0, 1.0, 1.0, 99.06946563720705, 1.0, 1.0, 1.0, 1.0, 1.0, 1.0, 1.0, 1.0, 1.0, 1.0, 1.0, 1.0, 1.0, 112.79476928710938, 1.0, 1.0, 1.0, 1.0, 196.0348358154297, 1.0, 1.0, 1.0, 1.0, 113.68338012695313, 118.33258819580078, 1.0, 1.0, 1.0, 136.78173828125, 139.28744506835938, 1.0, 117.33659362792967, 1.0, 1.0, 1.0, 178.14915466308594, 1.0, 1.0, 1.0, 1.0, 1.0, 1.0, 1.0, 1.0, 1.0, 1.0, 1.0, 135.50515747070313, 159.59939575195313, 1.0, 1.0, 1.0, 1.0, 1.0, 1.0, 1.0, 1.0, 1.0, 1.0, 97.01697540283205, 1.0, 1.0, 1.0, 1.0, 1.0, 133.14422607421875, 1.0, 1.0, 1.0, 1.0, 114.9203643798828, 1.0, 1.0, 1.0, 110.6036148071289, 1.0, 1.0, 1.0, 1.0, 176.58807373046875, 1.0, 1.0, 1.0, 123.84322357177734, 1.0, 1.0, 1.0, 1.0, 1.0, 119.71439361572266, 1.0, 1.0, 1.0, 106.53526306152344, 94.0523452758789, 1.0, 1.0, 1.0, 126.93397521972656, 1.0, 1.0, 1.0, 1.0, 1.0, 117.0088348388672, 119.5029754638672, 125.56053161621094, 1.0, 1.0, 132.14598083496094, 1.0, 1.0, 1.0, 87.41312408447266, 1.0, 95.02692413330078, 1.0, 119.26365661621094, 134.45970153808594, 1.0, 1.0, 1.0, 99.28182983398438, 1.0, 94.6075439453125, 94.46876525878906, 1.0, 137.4488525390625, 1.0, 211.2836761474609, 1.0, 1.0, 1.0, 1.0, 114.7640380859375, 1.0, 135.9503936767578, 130.70127868652344, 1.0, 137.80044555664063, 88.28662872314453, 1.0, 1.0, 130.83872985839844, 1.0, 111.05498504638672, 1.0, 1.0, 1.0, 1.0, 100.09678649902344, 1.0, 122.81951141357422, 1.0, 1.0, 110.52544403076172, 115.51080322265624, 122.59165954589844, 1.0, 1.0, 1.0, 1.0, 101.6290283203125, 1.0, 94.34821319580078, 1.0, 1.0, 1.0, 1.0, 1.0, 114.70557403564452, 1.0, 1.0, 1.0, 1.0, 95.76242065429688, 1.0, 1.0, 112.5141372680664, 88.15782165527344, 1.0, 120.7089614868164, 1.0, 1.0, 1.0, 105.655517578125, 135.57460021972656, 1.0, 1.0, 1.0, 1.0, 193.0663604736328, 117.15084075927734, 1.0, 1.0, 1.0, 122.7280502319336, 1.0, 208.4979553222656, 1.0, 1.0, 166.6735076904297, 1.0, 1.0, 1.0, 1.0, 1.0, 1.0, 86.81338500976563, 1.0, 1.0, 95.30038452148438, 1.0, 142.10365295410156, 1.0, 1.0, 173.66940307617188, 1.0, 1.0, 1.0, 1.0, 118.42745208740234, 1.0, 1.0, 1.0, 1.0, 1.0, 1.0, 1.0, 96.7544937133789, 112.22957611083984, 1.0, 1.0, 1.0, 1.0, 1.0, 1.0, 99.88421630859376, 1.0, 125.21788787841795, 1.0, 1.0, 92.98644256591795, 132.99009704589844, 1.0, 89.97750854492188, 120.1999282836914, 1.0, 1.0, 1.0, 1.0, 1.0, 1.0, 1.0, 115.55187225341795, 1.0, 1.0, 125.03704833984376, 1.0, 1.0, 97.14032745361328, 1.0, 1.0, 116.3814926147461, 109.56224060058594, 1.0, 159.73794555664063, 1.0, 1.0, 1.0, 1.0, 1.0, 1.0, 1.0, 1.0, 1.0, 102.50216674804688, 1.0, 1.0, 99.54903411865234, 127.79768371582033, 1.0, 1.0, 1.0, 1.0, 1.0, 1.0, 1.0, 1.0, 1.0, 1.0, 1.0, 1.0, 138.177490234375, 1.0, 1.0, 1.0, 1.0, 124.6482391357422, 1.0, 154.5901336669922, 1.0, 1.0, 113.44416809082033, 214.61415100097656, 1.0, 128.01129150390625, 110.81842803955078, 1.0, 119.41241455078124, 1.0, 127.96310424804688, 1.0, 93.6087417602539, 1.0, 132.87777709960938, 1.0, 1.0, 1.0, 1.0, 104.17752075195313, 1.0, 1.0, 1.0, 1.0, 1.0, 1.0, 1.0, 1.0, 98.71143341064452, 1.0, 1.0, 95.66000366210938, 82.81594848632813, 1.0, 1.0, 1.0, 1.0, 1.0, 1.0, 1.0, 94.98185729980467, 1.0, 1.0, 122.54882049560548, 110.1447296142578, 125.89794921875, 110.60667419433594, 1.0, 1.0, 1.0, 1.0, 122.43759155273438, 176.41217041015625, 1.0, 1.0, 1.0, 104.21048736572266, 1.0, 124.56581115722656, 1.0, 1.0, 1.0, 1.0, 1.0, 109.88538360595705, 1.0, 1.0, 1.0, 1.0, 195.908920288086, 1.0, 1.0, 1.0, 1.0, 1.0, 1.0, 1.0, 1.0, 95.1094741821289, 1.0, 1.0, 1.0, 1.0, 1.0, 1.0, 114.64632415771484, 106.94384765625, 113.65746307373048, 1.0, 110.3374252319336, 1.0, 1.0, 108.91471099853516, 1.0, 1.0, 115.75985717773438, 1.0, 1.0, 1.0, 115.35077667236328, 86.42877960205078, 103.85904693603516, 1.0, 1.0, 1.0, 1.0, 157.17108154296875, 184.26934814453125, 1.0, 1.0, 1.0, 1.0, 78.71513366699219, 1.0, 1.0, 1.0, 1.0, 1.0, 1.0, 1.0, 1.0, 1.0, 102.94474029541016, 108.03286743164063, 1.0, 1.0, 1.0, 1.0, 1.0, 209.7331085205078, 1.0, 1.0, 101.8200912475586, 1.0, 1.0, 120.1257781982422, 1.0, 1.0, 108.91339874267578, 1.0, 120.2540512084961, 1.0, 1.0, 1.0, 1.0, 111.05274200439452, 1.0, 137.75344848632813, 110.5718231201172, 1.0, 1.0, 1.0, 1.0, 1.0, 113.15443420410156, 1.0, 1.0, 1.0, 1.0, 1.0, 1.0, 124.5980453491211, 142.53700256347656, 100.27295684814452, 1.0, 1.0, 1.0, 96.29581451416016, 1.0, 1.0, 1.0, 1.0, 210.9147491455078, 112.43791961669922, 1.0, 1.0, 1.0, 102.27661895751952, 1.0, 158.00369262695313, 1.0, 1.0, 1.0, 1.0, 1.0, 1.0, 1.0, 1.0, 1.0, 1.0, 1.0, 1.0, 1.0, 1.0, 1.0, 1.0, 118.8065948486328, 90.81153869628906, 133.96786499023438, 123.07068634033205, 1.0, 127.35945129394533, 107.52288055419922, 1.0, 1.0, 113.804931640625, 1.0, 1.0, 109.20843505859376, 1.0, 1.0, 90.13827514648438, 1.0, 125.06075286865234, 1.0, 1.0, 1.0, 111.260986328125, 128.94735717773438, 1.0, 126.4247055053711, 1.0, 121.1880340576172, 92.16293334960938, 95.39696502685548, 1.0, 1.0, 1.0, 123.01937103271484, 1.0, 1.0, 93.52633666992188, 137.6227264404297, 1.0, 1.0, 1.0, 1.0, 1.0, 97.92525482177734, 122.70101165771484, 1.0, 1.0, 141.82980346679688, 121.66460418701172, 1.0, 1.0, 1.0, 1.0, 1.0, 1.0, 134.35581970214844, 124.31578063964844, 1.0, 1.0, 1.0, 1.0, 213.21923828125, 1.0, 1.0, 1.0, 1.0, 93.49762725830078, 1.0, 1.0, 1.0, 101.03815460205078, 111.4580078125, 1.0, 1.0, 1.0, 1.0, 1.0, 1.0, 191.4119415283203, 1.0, 1.0, 1.0, 1.0, 1.0, 1.0, 1.0, 119.91690826416016, 117.36027526855467, 1.0, 100.55362701416016, 1.0, 133.1939697265625, 1.0, 109.63882446289063, 1.0, 1.0, 1.0, 1.0, 1.0, 108.5556411743164, 1.0, 1.0, 1.0, 112.54126739501952, 1.0, 1.0, 1.0, 93.88091278076172, 1.0, 1.0, 180.0272674560547, 132.2572021484375, 1.0, 1.0, 1.0, 1.0, 130.3162841796875, 122.96540069580078, 1.0, 1.0, 198.93917846679688, 123.3795394897461, 1.0, 201.30909729003903, 105.96451568603516, 1.0, 1.0, 1.0, 1.0, 1.0, 131.46376037597656, 1.0, 1.0, 120.38939666748048, 1.0, 1.0, 1.0, 1.0, 1.0, 1.0, 1.0, 1.0, 1.0, 108.23681640625, 1.0, 1.0, 1.0, 1.0, 1.0, 1.0, 86.50275421142578, 1.0, 122.35628509521484, 1.0, 111.6075439453125, 188.20957946777344, 1.0, 101.7471923828125, 1.0, 1.0, 1.0, 82.9847183227539, 1.0, 1.0, 1.0, 1.0, 1.0, 1.0, 1.0, 1.0, 1.0, 88.28398132324219, 115.1414566040039, 1.0, 1.0, 95.97608184814452, 1.0, 1.0, 1.0, 1.0, 1.0, 1.0, 1.0, 1.0, 1.0, 102.81180572509766, 1.0, 164.551025390625, 1.0, 1.0, 1.0, 1.0, 1.0, 1.0, 1.0, 1.0, 1.0, 167.08934020996094, 1.0, 138.1129608154297, 1.0, 200.2909240722656, 182.18942260742188, 1.0, 1.0, 1.0, 1.0, 1.0, 1.0, 176.19436645507813, 84.4425277709961, 175.30105590820313, 1.0, 1.0, 1.0, 1.0, 1.0, 186.5384826660156, 163.12045288085938, 1.0, 135.02955627441406, 1.0, 98.9612274169922, 1.0, 136.63552856445313, 1.0, 92.15441131591795, 1.0, 85.46287536621094, 1.0, 1.0, 105.56327056884766, 1.0, 1.0, 1.0, 93.44153594970705, 1.0, 1.0, 1.0, 1.0, 118.16268157958984, 198.2670440673828, 1.0, 1.0, 1.0, 1.0, 1.0, 1.0, 1.0, 112.34520721435548, 1.0, 90.25405883789063, 1.0, 1.0, 1.0, 1.0, 109.6977767944336, 1.0, 1.0, 1.0, 1.0, 1.0, 103.0973129272461, 1.0, 1.0, 114.24532318115234, 111.91062927246094, 178.84811401367188, 1.0, 187.9645233154297, 1.0, 107.05181121826172, 1.0, 1.0, 1.0, 119.16615295410156, 1.0, 1.0, 1.0, 1.0, 1.0, 117.20548248291016, 1.0, 116.38352966308594, 1.0, 1.0, 100.95030975341795, 1.0, 138.2363739013672, 1.0, 1.0, 1.0, 1.0, 124.95571899414063, 1.0, 141.69619750976563, 1.0, 1.0, 1.0, 1.0, 1.0, 99.37890625, 1.0, 1.0, 1.0, 1.0, 97.0040512084961, 1.0, 137.1707763671875, 89.20085144042969, 1.0, 1.0, 1.0, 1.0, 1.0 ]),(44,Array S Seq (Sz1 1000)
  [ 4.0, 1.0, 3.0, 5.0, 138.01341247558594, 1.0, 132.46034240722656, 1.0, 1.0, 3.0, 1.0, 2.0, 1.0, 3.0, 1.0, 1.0, 1.0, 195.7398681640625, 3.0, 4.0, 125.3662109375, 100.45612335205078, 1.0, 230.5116424560547, 181.67588806152344, 147.7611083984375, 1.0, 1.0, 118.65486145019533, 131.63455200195313, 123.69271850585938, 125.9864273071289, 3.0, 1.0, 3.0, 98.12364959716795, 1.0, 3.0, 125.39635467529295, 1.0, 1.0, 98.56956481933594, 1.0, 4.0, 188.5592803955078, 1.0, 1.0, 3.0, 1.0, 4.0, 142.63609313964844, 4.0, 1.0, 1.0, 111.1320571899414, 1.0, 109.53964233398438, 4.0, 3.0, 1.0, 3.0, 4.0, 1.0, 3.0, 4.0, 111.14727783203124, 3.0, 4.0, 3.0, 1.0, 1.0, 117.57294464111328, 2.0, 145.8654022216797, 164.04278564453125, 2.0, 1.0, 3.0, 1.0, 1.0, 135.8019256591797, 1.0, 4.0, 117.20513153076172, 121.85877990722656, 113.01095581054688, 1.0, 130.25531005859375, 1.0, 1.0, 95.25062561035156, 1.0, 1.0, 4.0, 4.0, 4.0, 3.0, 101.33263397216795, 4.0, 1.0, 3.0, 1.0, 3.0, 1.0, 1.0, 3.0, 3.0, 2.0, 220.2862243652344, 1.0, 5.0, 1.0, 1.0, 1.0, 105.52779388427734, 99.68030548095705, 1.0, 180.83546447753903, 2.0, 1.0, 3.0, 131.17535400390625, 1.0, 2.0, 1.0, 1.0, 94.65105438232422, 1.0, 141.61727905273438, 4.0, 2.0, 145.06817626953125, 1.0, 1.0, 107.42437744140624, 100.64950561523438, 1.0, 134.4632110595703, 1.0, 93.6827163696289, 3.0, 98.78213500976563, 125.27935028076172, 1.0, 169.24832153320313, 1.0, 139.6710205078125, 1.0, 180.83338928222656, 3.0, 2.0, 1.0, 1.0, 4.0, 1.0, 169.51242065429688, 1.0, 1.0, 1.0, 1.0, 99.2139663696289, 1.0, 1.0, 1.0, 1.0, 2.0, 2.0, 4.0, 1.0, 144.16954040527344, 1.0, 4.0, 1.0, 115.09339141845705, 1.0, 1.0, 1.0, 1.0, 1.0, 1.0, 1.0, 119.0601577758789, 4.0, 1.0, 3.0, 3.0, 1.0, 3.0, 101.06946563720705, 1.0, 1.0, 3.0, 4.0, 1.0, 1.0, 3.0, 1.0, 1.0, 1.0, 3.0, 3.0, 3.0, 114.79476928710938, 4.0, 3.0, 1.0, 1.0, 196.0348358154297, 1.0, 3.0, 1.0, 4.0, 115.68338012695313, 118.33258819580078, 1.0, 1.0, 4.0, 138.78173828125, 139.28744506835938, 4.0, 117.33659362792967, 1.0, 1.0, 1.0, 178.14915466308594, 3.0, 1.0, 1.0, 4.0, 1.0, 3.0, 1.0, 1.0, 1.0, 4.0, 3.0, 135.50515747070313, 160.59939575195313, 1.0, 1.0, 3.0, 3.0, 3.0, 4.0, 1.0, 1.0, 3.0, 1.0, 97.01697540283205, 1.0, 6.0, 1.0, 1.0, 4.0, 133.14422607421875, 1.0, 1.0, 1.0, 2.0, 116.9203643798828, 1.0, 1.0, 1.0, 110.6036148071289, 4.0, 1.0, 3.0, 4.0, 176.58807373046875, 1.0, 4.0, 4.0, 123.84322357177734, 1.0, 1.0, 6.0, 1.0, 1.0, 119.71439361572266, 6.0, 4.0, 1.0, 106.53526306152344, 96.0523452758789, 1.0, 1.0, 3.0, 126.93397521972656, 4.0, 1.0, 1.0, 1.0, 1.0, 121.0088348388672, 119.5029754638672, 126.56053161621094, 3.0, 4.0, 132.14598083496094, 3.0, 1.0, 1.0, 89.41312408447266, 1.0, 97.02692413330078, 4.0, 119.26365661621094, 134.45970153808594, 3.0, 5.0, 3.0, 101.28182983398438, 4.0, 94.6075439453125, 94.46876525878906, 1.0, 137.4488525390625, 3.0, 211.2836761474609, 2.0, 1.0, 4.0, 1.0, 114.7640380859375, 1.0, 135.9503936767578, 130.70127868652344, 4.0, 137.80044555664063, 89.28662872314453, 1.0, 1.0, 130.83872985839844, 6.0, 113.05498504638672, 1.0, 1.0, 4.0, 5.0, 105.09678649902344, 4.0, 122.81951141357422, 3.0, 5.0, 110.52544403076172, 115.51080322265624, 122.59165954589844, 1.0, 3.0, 4.0, 3.0, 104.6290283203125, 1.0, 96.34821319580078, 1.0, 1.0, 1.0, 4.0, 3.0, 117.70557403564452, 4.0, 1.0, 3.0, 1.0, 95.76242065429688, 1.0, 1.0, 116.5141372680664, 88.15782165527344, 3.0, 120.7089614868164, 4.0, 4.0, 1.0, 105.655517578125, 137.57460021972656, 3.0, 3.0, 1.0, 5.0, 193.0663604736328, 120.15084075927734, 1.0, 4.0, 1.0, 124.7280502319336, 1.0, 211.4979553222656, 1.0, 1.0, 166.6735076904297, 1.0, 1.0, 1.0, 1.0, 1.0, 1.0, 88.81338500976563, 3.0, 1.0, 95.30038452148438, 3.0, 144.10365295410156, 3.0, 1.0, 175.66940307617188, 5.0, 3.0, 1.0, 1.0, 118.42745208740234, 3.0, 1.0, 3.0, 1.0, 6.0, 6.0, 1.0, 96.7544937133789, 113.22957611083984, 1.0, 4.0, 1.0, 4.0, 3.0, 1.0, 99.88421630859376, 3.0, 128.21788787841797, 3.0, 3.0, 94.98644256591795, 132.99009704589844, 1.0, 89.97750854492188, 123.1999282836914, 1.0, 1.0, 3.0, 4.0, 1.0, 1.0, 4.0, 118.55187225341795, 1.0, 1.0, 125.03704833984376, 1.0, 1.0, 97.14032745361328, 1.0, 3.0, 119.3814926147461, 109.56224060058594, 4.0, 159.73794555664063, 1.0, 1.0, 3.0, 1.0, 3.0, 3.0, 3.0, 4.0, 3.0, 105.50216674804688, 4.0, 1.0, 99.54903411865234, 130.7976837158203, 1.0, 6.0, 1.0, 1.0, 6.0, 3.0, 4.0, 1.0, 2.0, 3.0, 3.0, 1.0, 141.177490234375, 4.0, 1.0, 3.0, 4.0, 127.6482391357422, 1.0, 157.5901336669922, 5.0, 3.0, 113.44416809082033, 214.61415100097656, 1.0, 128.01129150390625, 110.81842803955078, 3.0, 119.41241455078124, 3.0, 130.96310424804688, 1.0, 93.6087417602539, 4.0, 132.87777709960938, 1.0, 4.0, 2.0, 1.0, 105.17752075195313, 3.0, 4.0, 1.0, 3.0, 1.0, 3.0, 1.0, 1.0, 98.71143341064452, 3.0, 1.0, 98.66000366210938, 82.81594848632813, 1.0, 4.0, 3.0, 1.0, 3.0, 4.0, 1.0, 94.98185729980467, 4.0, 6.0, 124.54882049560548, 110.1447296142578, 125.89794921875, 110.60667419433594, 1.0, 2.0, 3.0, 1.0, 126.43759155273438, 176.41217041015625, 3.0, 1.0, 1.0, 104.21048736572266, 5.0, 129.56581115722656, 1.0, 1.0, 4.0, 3.0, 1.0, 109.88538360595705, 2.0, 5.0, 3.0, 1.0, 197.908920288086, 1.0, 5.0, 3.0, 1.0, 2.0, 1.0, 1.0, 4.0, 98.1094741821289, 1.0, 3.0, 2.0, 1.0, 3.0, 1.0, 114.64632415771484, 106.94384765625, 113.65746307373048, 1.0, 110.3374252319336, 1.0, 1.0, 108.91471099853516, 1.0, 1.0, 115.75985717773438, 2.0, 1.0, 1.0, 117.35077667236328, 89.42877960205078, 106.85904693603516, 4.0, 3.0, 3.0, 4.0, 157.17108154296875, 184.26934814453125, 3.0, 3.0, 1.0, 3.0, 80.71513366699219, 3.0, 3.0, 1.0, 1.0, 1.0, 1.0, 1.0, 3.0, 1.0, 103.94474029541016, 111.03286743164063, 3.0, 1.0, 4.0, 3.0, 3.0, 212.7331085205078, 4.0, 1.0, 101.8200912475586, 3.0, 1.0, 120.1257781982422, 4.0, 1.0, 108.91339874267578, 3.0, 122.2540512084961, 1.0, 1.0, 1.0, 1.0, 116.05274200439452, 3.0, 137.75344848632813, 110.5718231201172, 1.0, 1.0, 1.0, 1.0, 3.0, 113.15443420410156, 3.0, 1.0, 1.0, 1.0, 1.0, 3.0, 127.5980453491211, 142.53700256347656, 100.27295684814452, 3.0, 3.0, 3.0, 96.29581451416016, 4.0, 1.0, 1.0, 3.0, 210.9147491455078, 112.43791961669922, 1.0, 1.0, 1.0, 103.27661895751952, 1.0, 161.00369262695313, 1.0, 3.0, 1.0, 1.0, 6.0, 3.0, 1.0, 1.0, 5.0, 1.0, 1.0, 6.0, 1.0, 1.0, 1.0, 1.0, 118.8065948486328, 91.81153869628906, 133.96786499023438, 123.07068634033205, 1.0, 127.35945129394533, 109.52288055419922, 2.0, 4.0, 115.804931640625, 4.0, 1.0, 112.20843505859376, 1.0, 1.0, 90.13827514648438, 4.0, 125.06075286865234, 3.0, 1.0, 3.0, 111.260986328125, 128.94735717773438, 3.0, 128.4247055053711, 4.0, 121.1880340576172, 92.16293334960938, 97.39696502685548, 1.0, 3.0, 4.0, 123.01937103271484, 1.0, 1.0, 93.52633666992188, 139.6227264404297, 4.0, 1.0, 3.0, 1.0, 1.0, 97.92525482177734, 122.70101165771484, 3.0, 4.0, 141.82980346679688, 121.66460418701172, 1.0, 4.0, 1.0, 6.0, 4.0, 1.0, 134.35581970214844, 124.31578063964844, 4.0, 3.0, 1.0, 5.0, 215.21923828125, 1.0, 1.0, 4.0, 4.0, 93.49762725830078, 1.0, 3.0, 1.0, 104.03815460205078, 111.4580078125, 1.0, 4.0, 3.0, 3.0, 2.0, 1.0, 191.4119415283203, 1.0, 1.0, 1.0, 3.0, 3.0, 4.0, 4.0, 120.91690826416016, 117.36027526855467, 1.0, 100.55362701416016, 4.0, 136.1939697265625, 3.0, 109.63882446289063, 3.0, 1.0, 1.0, 5.0, 1.0, 108.5556411743164, 4.0, 3.0, 1.0, 114.54126739501952, 4.0, 1.0, 1.0, 96.88091278076172, 3.0, 1.0, 180.0272674560547, 134.2572021484375, 3.0, 3.0, 4.0, 4.0, 130.3162841796875, 124.96540069580078, 4.0, 1.0, 198.93917846679688, 124.3795394897461, 3.0, 201.30909729003903, 105.96451568603516, 3.0, 5.0, 4.0, 1.0, 1.0, 134.46376037597656, 1.0, 6.0, 120.38939666748048, 1.0, 2.0, 4.0, 1.0, 4.0, 3.0, 1.0, 4.0, 3.0, 108.23681640625, 1.0, 4.0, 1.0, 1.0, 1.0, 3.0, 86.50275421142578, 4.0, 124.35628509521484, 1.0, 113.6075439453125, 188.20957946777344, 1.0, 103.7471923828125, 1.0, 1.0, 3.0, 82.9847183227539, 3.0, 4.0, 2.0, 4.0, 3.0, 4.0, 1.0, 1.0, 1.0, 90.28398132324219, 116.1414566040039, 1.0, 1.0, 95.97608184814452, 1.0, 3.0, 1.0, 4.0, 3.0, 1.0, 4.0, 4.0, 3.0, 102.81180572509766, 2.0, 166.551025390625, 1.0, 1.0, 3.0, 3.0, 1.0, 1.0, 3.0, 4.0, 1.0, 167.08934020996094, 1.0, 141.1129608154297, 1.0, 200.2909240722656, 182.18942260742188, 3.0, 5.0, 3.0, 3.0, 1.0, 4.0, 179.19436645507813, 84.4425277709961, 175.30105590820313, 1.0, 1.0, 3.0, 1.0, 1.0, 188.5384826660156, 163.12045288085938, 1.0, 135.02955627441406, 1.0, 100.9612274169922, 1.0, 136.63552856445313, 1.0, 95.15441131591795, 3.0, 85.46287536621094, 1.0, 1.0, 108.56327056884766, 3.0, 3.0, 4.0, 93.44153594970705, 4.0, 3.0, 3.0, 3.0, 121.16268157958984, 198.2670440673828, 1.0, 1.0, 3.0, 3.0, 1.0, 3.0, 1.0, 112.34520721435548, 1.0, 90.25405883789063, 5.0, 3.0, 3.0, 3.0, 109.6977767944336, 1.0, 4.0, 3.0, 3.0, 4.0, 103.0973129272461, 1.0, 3.0, 115.24532318115234, 114.91062927246094, 180.84811401367188, 1.0, 188.9645233154297, 3.0, 107.05181121826172, 1.0, 4.0, 1.0, 123.16615295410156, 1.0, 1.0, 3.0, 3.0, 1.0, 121.20548248291016, 4.0, 116.38352966308594, 4.0, 1.0, 100.95030975341795, 1.0, 138.2363739013672, 3.0, 3.0, 3.0, 1.0, 126.95571899414063, 3.0, 141.69619750976563, 4.0, 3.0, 4.0, 1.0, 1.0, 101.37890625, 4.0, 3.0, 4.0, 4.0, 97.0040512084961, 1.0, 137.1707763671875, 91.20085144042969, 1.0, 3.0, 4.0, 1.0, 3.0 ]),(51,Array S Seq (Sz1 1000)
  [ 3.0, 0.0, 2.0, 4.0, 2.0, 1.0, 0.0, 0.0, 1.0, 3.0, 0.0, 1.0, 0.0, 3.0, 0.0, 0.0, 0.0, 1.0, 2.0, 4.0, 0.0, 0.0, 0.0, 4.0, 0.0, 4.0, 0.0, 0.0, 3.0, 0.0, 3.0, 2.0, 2.0, 0.0, 2.0, 0.0, 0.0, 3.0, 0.0, 0.0, 1.0, 3.0, 0.0, 3.0, 0.0, 1.0, 0.0, 2.0, 0.0, 3.0, 1.0, 3.0, 1.0, 0.0, 0.0, 0.0, 3.0, 3.0, 2.0, 1.0, 2.0, 4.0, 0.0, 2.0, 3.0, 0.0, 2.0, 3.0, 2.0, 0.0, 0.0, 0.0, 2.0, 1.0, 1.0, 2.0, 0.0, 2.0, 1.0, 0.0, 2.0, 0.0, 4.0, 2.0, 0.0, 0.0, 0.0, 1.0, 0.0, 0.0, 2.0, 1.0, 1.0, 3.0, 4.0, 4.0, 2.0, 6.0, 3.0, 0.0, 3.0, 0.0, 3.0, 0.0, 0.0, 3.0, 3.0, 1.0, 1.0, 0.0, 5.0, 1.0, 1.0, 1.0, 3.0, 3.0, 0.0, 0.0, 1.0, 0.0, 2.0, 0.0, 1.0, 1.0, 0.0, 1.0, 1.0, 0.0, 2.0, 4.0, 2.0, 0.0, 1.0, 0.0, 1.0, 5.0, 0.0, 1.0, 0.0, 1.0, 2.0, 1.0, 1.0, 0.0, 5.0, 1.0, 2.0, 1.0, 2.0, 2.0, 2.0, 1.0, 1.0, 3.0, 1.0, 0.0, 1.0, 0.0, 1.0, 1.0, 4.0, 0.0, 1.0, 1.0, 0.0, 2.0, 2.0, 3.0, 0.0, 4.0, 0.0, 3.0, 0.0, 3.0, 0.0, 0.0, 0.0, 1.0, 0.0, 0.0, 1.0, 1.0, 3.0, 0.0, 3.0, 2.0, 0.0, 2.0, 3.0, 0.0, 0.0, 2.0, 3.0, 0.0, 0.0, 3.0, 0.0, 1.0, 1.0, 3.0, 3.0, 2.0, 2.0, 3.0, 2.0, 0.0, 0.0, 0.0, 1.0, 2.0, 0.0, 3.0, 2.0, 0.0, 0.0, 0.0, 4.0, 3.0, 1.0, 3.0, 0.0, 0.0, 0.0, 0.0, 1.0, 3.0, 1.0, 1.0, 3.0, 1.0, 2.0, 1.0, 0.0, 1.0, 4.0, 3.0, 0.0, 1.0, 1.0, 1.0, 2.0, 2.0, 3.0, 3.0, 1.0, 1.0, 3.0, 1.0, 1.0, 0.0, 5.0, 0.0, 0.0, 3.0, 0.0, 1.0, 0.0, 0.0, 1.0, 3.0, 0.0, 0.0, 1.0, 0.0, 3.0, 1.0, 3.0, 3.0, 1.0, 0.0, 4.0, 3.0, 0.0, 0.0, 1.0, 5.0, 0.0, 0.0, 1.0, 6.0, 4.0, 1.0, 1.0, 2.0, 0.0, 0.0, 3.0, 1.0, 3.0, 1.0, 1.0, 1.0, 0.0, 5.0, 0.0, 1.0, 3.0, 3.0, 0.0, 2.0, 1.0, 0.0, 2.0, 1.0, 3.0, 4.0, 1.0, 1.0, 3.0, 4.0, 3.0, 3.0, 3.0, 1.0, 1.0, 0.0, 1.0, 2.0, 0.0, 2.0, 0.0, 3.0, 1.0, 0.0, 0.0, 1.0, 0.0, 3.0, 0.0, 1.0, 0.0, 1.0, 0.0, 5.0, 3.0, 0.0, 1.0, 3.0, 4.0, 5.0, 3.0, 0.0, 2.0, 4.0, 1.0, 0.0, 1.0, 1.0, 2.0, 3.0, 2.0, 3.0, 0.0, 3.0, 0.0, 0.0, 0.0, 4.0, 3.0, 4.0, 4.0, 1.0, 3.0, 1.0, 1.0, 0.0, 0.0, 4.0, 0.0, 2.0, 1.0, 3.0, 3.0, 1.0, 0.0, 2.0, 3.0, 3.0, 0.0, 4.0, 0.0, 3.0, 1.0, 3.0, 0.0, 3.0, 1.0, 4.0, 0.0, 0.0, 1.0, 0.0, 1.0, 1.0, 0.0, 0.0, 0.0, 2.0, 2.0, 0.0, 0.0, 2.0, 2.0, 2.0, 0.0, 2.0, 5.0, 2.0, 1.0, 0.0, 1.0, 2.0, 1.0, 3.0, 1.0, 6.0, 6.0, 0.0, 0.0, 1.0, 0.0, 4.0, 0.0, 4.0, 2.0, 0.0, 0.0, 2.0, 4.0, 2.0, 2.0, 2.0, 0.0, 0.0, 0.0, 4.0, 1.0, 0.0, 2.0, 3.0, 0.0, 0.0, 3.0, 3.0, 0.0, 0.0, 1.0, 0.0, 0.0, 1.0, 0.0, 3.0, 3.0, 0.0, 4.0, 1.0, 1.0, 0.0, 2.0, 0.0, 3.0, 2.0, 2.0, 3.0, 2.0, 4.0, 4.0, 1.0, 1.0, 3.0, 1.0, 5.0, 1.0, 0.0, 6.0, 2.0, 4.0, 1.0, 2.0, 3.0, 2.0, 0.0, 4.0, 3.0, 1.0, 2.0, 3.0, 4.0, 0.0, 3.0, 4.0, 2.0, 1.0, 0.0, 1.0, 0.0, 0.0, 2.0, 1.0, 2.0, 4.0, 0.0, 1.0, 3.0, 1.0, 0.0, 3.0, 1.0, 1.0, 2.0, 3.0, 3.0, 1.0, 2.0, 0.0, 2.0, 1.0, 0.0, 1.0, 2.0, 1.0, 4.0, 1.0, 1.0, 4.0, 3.0, 0.0, 2.0, 3.0, 0.0, 1.0, 3.0, 6.0, 2.0, 1.0, 1.0, 1.0, 0.0, 1.0, 3.0, 0.0, 4.0, 0.0, 2.0, 1.0, 1.0, 0.0, 4.0, 5.0, 1.0, 1.0, 3.0, 2.0, 0.0, 1.0, 1.0, 4.0, 2.0, 0.0, 3.0, 0.0, 5.0, 2.0, 0.0, 1.0, 0.0, 1.0, 4.0, 4.0, 1.0, 2.0, 2.0, 0.0, 2.0, 0.0, 0.0, 1.0, 0.0, 0.0, 1.0, 0.0, 1.0, 1.0, 0.0, 0.0, 0.0, 2.0, 0.0, 0.0, 3.0, 3.0, 3.0, 4.0, 3.0, 2.0, 3.0, 0.0, 1.0, 2.0, 2.0, 0.0, 2.0, 3.0, 2.0, 2.0, 1.0, 0.0, 0.0, 0.0, 1.0, 2.0, 0.0, 1.0, 4.0, 3.0, 0.0, 4.0, 2.0, 2.0, 4.0, 3.0, 1.0, 0.0, 3.0, 1.0, 1.0, 3.0, 0.0, 0.0, 2.0, 2.0, 0.0, 0.0, 0.0, 0.0, 5.0, 2.0, 0.0, 0.0, 0.0, 0.0, 1.0, 1.0, 2.0, 0.0, 3.0, 0.0, 1.0, 0.0, 1.0, 2.0, 4.0, 0.0, 1.0, 2.0, 2.0, 3.0, 0.0, 4.0, 0.0, 1.0, 3.0, 1.0, 0.0, 1.0, 0.0, 0.0, 1.0, 0.0, 3.0, 0.0, 2.0, 0.0, 1.0, 5.0, 2.0, 1.0, 1.0, 4.0, 0.0, 1.0, 6.0, 1.0, 0.0, 1.0, 0.0, 0.0, 2.0, 0.0, 0.0, 0.0, 0.0, 2.0, 1.0, 3.0, 3.0, 3.0, 1.0, 3.0, 0.0, 0.0, 0.0, 4.0, 0.0, 3.0, 1.0, 2.0, 0.0, 0.0, 3.0, 2.0, 3.0, 1.0, 0.0, 2.0, 1.0, 2.0, 4.0, 1.0, 1.0, 0.0, 1.0, 2.0, 3.0, 0.0, 2.0, 0.0, 1.0, 0.0, 0.0, 2.0, 4.0, 0.0, 1.0, 1.0, 3.0, 1.0, 6.0, 3.0, 0.0, 1.0, 0.0, 3.0, 2.0, 1.0, 5.0, 3.0, 0.0, 1.0, 4.0, 3.0, 0.0, 0.0, 3.0, 1.0, 4.0, 1.0, 0.0, 3.0, 3.0, 2.0, 2.0, 1.0, 0.0, 0.0, 0.0, 0.0, 2.0, 3.0, 3.0, 3.0, 2.0, 1.0, 0.0, 1.0, 3.0, 4.0, 3.0, 0.0, 2.0, 0.0, 0.0, 5.0, 1.0, 0.0, 3.0, 3.0, 0.0, 2.0, 3.0, 0.0, 0.0, 3.0, 2.0, 0.0, 0.0, 2.0, 2.0, 2.0, 3.0, 3.0, 0.0, 2.0, 4.0, 1.0, 1.0, 2.0, 3.0, 1.0, 1.0, 2.0, 5.0, 3.0, 0.0, 0.0, 3.0, 1.0, 5.0, 0.0, 0.0, 2.0, 3.0, 1.0, 4.0, 3.0, 0.0, 3.0, 2.0, 1.0, 1.0, 3.0, 0.0, 0.0, 0.0, 2.0, 0.0, 4.0, 2.0, 0.0, 2.0, 0.0, 1.0, 3.0, 0.0, 0.0, 2.0, 0.0, 2.0, 3.0, 1.0, 3.0, 2.0, 3.0, 1.0, 0.0, 1.0, 2.0, 1.0, 0.0, 1.0, 1.0, 0.0, 2.0, 0.0, 4.0, 2.0, 0.0, 4.0, 4.0, 2.0, 1.0, 1.0, 3.0, 1.0, 0.0, 3.0, 3.0, 0.0, 0.0, 3.0, 4.0, 0.0, 1.0, 0.0, 4.0, 0.0, 0.0, 1.0, 2.0, 4.0, 2.0, 2.0, 0.0, 4.0, 4.0, 0.0, 1.0, 0.0, 0.0, 2.0, 1.0, 1.0, 2.0, 1.0, 1.0, 0.0, 0.0, 2.0, 1.0, 0.0, 0.0, 4.0, 2.0, 1.0, 0.0, 0.0, 4.0, 3.0, 3.0, 3.0, 0.0, 3.0, 2.0, 3.0, 3.0, 3.0, 0.0, 0.0, 0.0, 3.0, 2.0, 1.0, 2.0, 1.0, 0.0, 0.0, 0.0, 5.0, 2.0, 2.0, 2.0, 0.0, 1.0, 3.0, 2.0, 2.0, 3.0, 1.0, 0.0, 2.0, 1.0, 3.0, 2.0, 0.0, 1.0, 2.0, 1.0, 0.0, 4.0, 0.0, 5.0, 0.0, 1.0, 2.0, 3.0, 0.0, 5.0, 3.0, 1.0, 3.0, 1.0, 0.0, 0.0, 1.0, 2.0, 2.0, 3.0, 0.0, 3.0, 3.0, 0.0, 3.0, 2.0, 4.0, 0.0, 1.0, 3.0, 3.0, 3.0, 3.0, 3.0, 0.0, 1.0, 0.0, 2.0, 1.0, 2.0, 4.0, 1.0, 3.0 ]),(60,Array S Seq (Sz1 1000)
  [ 0.3333333333333333, Infinity, 0.5, 0.25, 0.5, Infinity, Infinity, Infinity, Infinity, 0.5, Infinity, 1.0, Infinity, 0.5, Infinity, Infinity, Infinity, Infinity, 0.5, 0.3333333333333333, Infinity, Infinity, Infinity, 0.3333333333333333, Infinity, 0.25, Infinity, Infinity, 0.5, Infinity, 0.5, 0.5, 0.5, Infinity, 0.5, Infinity, Infinity, 0.5, Infinity, Infinity, Infinity, 0.3333333333333333, Infinity, 0.3333333333333333, Infinity, Infinity, Infinity, 0.5, Infinity, 0.3333333333333333, Infinity, 0.3333333333333333, Infinity, Infinity, Infinity, Infinity, 0.3333333333333333, 0.3333333333333333, 0.5, Infinity, 0.5, 0.3333333333333333, Infinity, 0.5, 0.3333333333333333, Infinity, 0.5, 0.3333333333333333, 0.5, Infinity, Infinity, Infinity, 1.0, Infinity, Infinity, 1.0, Infinity, 0.5, Infinity, Infinity, 0.5, Infinity, 0.3333333333333333, 0.5, Infinity, Infinity, Infinity, Infinity, Infinity, Infinity, 1.0, Infinity, Infinity, 0.3333333333333333, 0.3333333333333333, 0.3333333333333333, 0.5, 0.2, 0.3333333333333333, Infinity, 0.5, Infinity, 0.5, Infinity, Infinity, 0.5, 0.5, 1.0, Infinity, Infinity, 0.25, Infinity, Infinity, Infinity, 0.3333333333333333, 0.5, Infinity, Infinity, 1.0, Infinity, 0.5, Infinity, Infinity, 1.0, Infinity, Infinity, Infinity, Infinity, 0.5, 0.3333333333333333, 1.0, Infinity, Infinity, Infinity, Infinity, 0.2, Infinity, Infinity, Infinity, Infinity, 0.5, 1.0, 1.0, Infinity, 0.2, Infinity, 0.5, Infinity, 0.5, 0.5, 1.0, Infinity, Infinity, 0.3333333333333333, Infinity, Infinity, Infinity, Infinity, Infinity, Infinity, 0.25, Infinity, Infinity, Infinity, Infinity, 1.0, 1.0, 0.3333333333333333, Infinity, 0.3333333333333333, Infinity, 0.3333333333333333, Infinity, 0.3333333333333333, Infinity, Infinity, Infinity, Infinity, Infinity, Infinity, Infinity, Infinity, 0.3333333333333333, Infinity, 0.5, 0.5, Infinity, 0.5, 0.5, Infinity, Infinity, 0.5, 0.3333333333333333, Infinity, Infinity, 0.5, Infinity, Infinity, Infinity, 0.5, 0.5, 0.5, 0.5, 0.3333333333333333, 0.5, Infinity, Infinity, Infinity, Infinity, 0.5, Infinity, 0.3333333333333333, 0.5, Infinity, Infinity, Infinity, 0.3333333333333333, 0.5, Infinity, 0.3333333333333333, Infinity, Infinity, Infinity, Infinity, Infinity, 0.5, Infinity, Infinity, 0.3333333333333333, Infinity, 0.5, Infinity, Infinity, Infinity, 0.3333333333333333, 0.5, Infinity, 1.0, Infinity, Infinity, 0.5, 0.5, 0.5, 0.3333333333333333, Infinity, Infinity, 0.5, Infinity, Infinity, Infinity, 0.2, Infinity, Infinity, 0.3333333333333333, Infinity, Infinity, Infinity, Infinity, 1.0, 0.5, Infinity, Infinity, Infinity, Infinity, 0.3333333333333333, Infinity, 0.5, 0.3333333333333333, Infinity, Infinity, 0.3333333333333333, 0.3333333333333333, Infinity, Infinity, Infinity, 0.2, Infinity, Infinity, Infinity, 0.2, 0.3333333333333333, Infinity, Infinity, 0.5, Infinity, Infinity, 0.5, Infinity, 0.3333333333333333, Infinity, Infinity, Infinity, Infinity, 0.25, Infinity, 1.0, 0.5, 0.3333333333333333, Infinity, 0.5, Infinity, Infinity, 0.5, Infinity, 0.5, 0.3333333333333333, Infinity, Infinity, 0.5, 0.25, 0.5, 0.5, 0.3333333333333333, Infinity, Infinity, Infinity, Infinity, 0.5, Infinity, 1.0, Infinity, 0.3333333333333333, Infinity, Infinity, Infinity, Infinity, Infinity, 0.3333333333333333, Infinity, 1.0, Infinity, Infinity, Infinity, 0.2, 0.5, Infinity, Infinity, 0.3333333333333333, 0.25, 0.2, 0.3333333333333333, Infinity, 0.5, 0.25, Infinity, Infinity, Infinity, Infinity, 0.5, 0.3333333333333333, 0.5, 0.3333333333333333, Infinity, 0.5, Infinity, Infinity, Infinity, 0.3333333333333333, 0.5, 0.3333333333333333, 0.3333333333333333, Infinity, 0.5, Infinity, Infinity, Infinity, Infinity, 0.25, Infinity, 0.5, Infinity, 0.3333333333333333, 0.3333333333333333, Infinity, Infinity, 0.5, 0.5, 0.5, Infinity, 0.25, Infinity, 0.3333333333333333, Infinity, 0.3333333333333333, Infinity, 0.5, Infinity, 0.3333333333333333, Infinity, Infinity, Infinity, Infinity, Infinity, Infinity, Infinity, Infinity, Infinity, 0.5, 0.5, Infinity, Infinity, 0.5, 0.5, 0.5, Infinity, 0.5, 0.25, 0.5, Infinity, Infinity, Infinity, 0.5, Infinity, 0.5, Infinity, 0.2, 0.2, Infinity, Infinity, 1.0, Infinity, 0.3333333333333333, Infinity, 0.3333333333333333, 0.5, Infinity, Infinity, 0.5, 0.3333333333333333, 0.5, 0.5, 0.5, Infinity, Infinity, Infinity, 0.3333333333333333, Infinity, Infinity, 0.5, 0.3333333333333333, Infinity, Infinity, 0.3333333333333333, 0.3333333333333333, Infinity, Infinity, Infinity, Infinity, Infinity, Infinity, Infinity, 0.5, 0.3333333333333333, Infinity, 0.3333333333333333, Infinity, Infinity, Infinity, 0.5, Infinity, 0.5, 0.5, 0.5, 0.3333333333333333, 0.5, 0.3333333333333333, 0.3333333333333333, Infinity, Infinity, 0.3333333333333333, Infinity, 0.2, Infinity, Infinity, 0.2, 0.5, 0.3333333333333333, Infinity, 1.0, 0.5, 0.5, Infinity, 0.3333333333333333, 0.3333333333333333, Infinity, 0.5, 0.3333333333333333, 0.3333333333333333, Infinity, 0.3333333333333333, 0.25, 0.5, Infinity, Infinity, Infinity, Infinity, Infinity, 0.5, Infinity, 0.5, 0.3333333333333333, Infinity, Infinity, 0.3333333333333333, Infinity, Infinity, 0.3333333333333333, 1.0, Infinity, 1.0, 0.5, 0.3333333333333333, Infinity, 0.5, Infinity, 0.5, Infinity, Infinity, Infinity, 0.5, Infinity, 0.3333333333333333, Infinity, Infinity, 0.3333333333333333, 0.5, Infinity, 0.5, 0.3333333333333333, Infinity, Infinity, 0.3333333333333333, 0.2, 0.5, Infinity, Infinity, Infinity, Infinity, 1.0, 0.5, Infinity, 0.25, Infinity, 0.5, Infinity, Infinity, Infinity, 0.25, 0.2, Infinity, Infinity, 0.3333333333333333, 0.5, Infinity, Infinity, 1.0, 0.25, 0.5, Infinity, 0.5, Infinity, 0.25, 0.5, Infinity, 1.0, Infinity, Infinity, 0.3333333333333333, 0.3333333333333333, Infinity, 0.5, 1.0, Infinity, 0.5, Infinity, Infinity, Infinity, Infinity, Infinity, Infinity, Infinity, Infinity, Infinity, Infinity, Infinity, Infinity, 1.0, Infinity, Infinity, 0.5, 0.3333333333333333, 0.3333333333333333, 0.3333333333333333, 0.5, 0.5, 0.3333333333333333, Infinity, Infinity, 0.5, 0.5, Infinity, 0.5, 0.5, 0.5, 0.5, Infinity, Infinity, Infinity, Infinity, Infinity, 0.5, Infinity, 1.0, 0.3333333333333333, 0.5, Infinity, 0.3333333333333333, 0.5, 0.5, 0.3333333333333333, 0.3333333333333333, Infinity, Infinity, 0.5, Infinity, Infinity, 0.3333333333333333, Infinity, Infinity, 0.5, 0.5, Infinity, Infinity, Infinity, Infinity, 0.2, 0.5, Infinity, Infinity, Infinity, Infinity, Infinity, Infinity, 0.5, Infinity, 0.5, Infinity, Infinity, Infinity, Infinity, 0.5, 0.3333333333333333, Infinity, Infinity, 0.5, 0.5, 0.5, Infinity, 0.3333333333333333, Infinity, Infinity, 0.5, Infinity, Infinity, Infinity, Infinity, Infinity, 1.0, Infinity, 0.3333333333333333, Infinity, 0.5, Infinity, Infinity, 0.2, 0.5, Infinity, Infinity, 0.25, Infinity, Infinity, 0.2, Infinity, Infinity, Infinity, Infinity, Infinity, 1.0, Infinity, Infinity, Infinity, Infinity, 0.5, 1.0, 0.3333333333333333, 0.5, 0.3333333333333333, Infinity, 0.3333333333333333, Infinity, Infinity, Infinity, 0.3333333333333333, Infinity, 0.5, Infinity, 0.5, Infinity, Infinity, 0.5, 0.5, 0.3333333333333333, Infinity, Infinity, 0.5, Infinity, 0.5, 0.3333333333333333, Infinity, Infinity, Infinity, Infinity, 0.5, 0.3333333333333333, Infinity, 0.5, Infinity, Infinity, Infinity, Infinity, 0.5, 0.3333333333333333, Infinity, Infinity, Infinity, 0.3333333333333333, Infinity, 0.2, 0.3333333333333333, Infinity, Infinity, Infinity, 0.3333333333333333, 0.5, Infinity, 0.25, 0.5, Infinity, Infinity, 0.3333333333333333, 0.3333333333333333, Infinity, Infinity, 0.5, Infinity, 0.3333333333333333, Infinity, Infinity, 0.3333333333333333, 0.5, 0.5, 1.0, Infinity, Infinity, Infinity, Infinity, Infinity, 0.5, 0.5, 0.3333333333333333, 0.3333333333333333, 1.0, Infinity, Infinity, Infinity, 0.3333333333333333, 0.3333333333333333, 0.5, Infinity, 0.5, Infinity, Infinity, 0.25, Infinity, Infinity, 0.3333333333333333, 0.5, Infinity, 0.5, 0.3333333333333333, Infinity, Infinity, 0.3333333333333333, 0.5, Infinity, Infinity, 0.5, 0.5, 0.5, 0.3333333333333333, 0.3333333333333333, Infinity, 0.5, 0.3333333333333333, Infinity, Infinity, 1.0, 0.5, Infinity, Infinity, 0.5, 0.25, 0.3333333333333333, Infinity, Infinity, 0.3333333333333333, Infinity, 0.2, Infinity, Infinity, 1.0, 0.3333333333333333, Infinity, 0.3333333333333333, 0.5, Infinity, 0.3333333333333333, 0.5, Infinity, Infinity, 0.3333333333333333, Infinity, Infinity, Infinity, 0.5, Infinity, 0.3333333333333333, 0.5, Infinity, 0.5, Infinity, Infinity, 0.5, Infinity, Infinity, 0.5, Infinity, 0.5, 0.3333333333333333, 1.0, 0.3333333333333333, 0.5, 0.3333333333333333, Infinity, Infinity, Infinity, 0.5, 1.0, Infinity, Infinity, Infinity, Infinity, 0.5, Infinity, 0.3333333333333333, 0.5, Infinity, 0.3333333333333333, 0.3333333333333333, 0.5, Infinity, 1.0, 0.5, Infinity, Infinity, 0.5, 0.5, Infinity, Infinity, 0.5, 0.3333333333333333, Infinity, Infinity, Infinity, 0.3333333333333333, Infinity, Infinity, Infinity, 0.5, 0.25, 0.5, 0.5, Infinity, 0.3333333333333333, 0.3333333333333333, Infinity, Infinity, Infinity, Infinity, 0.5, Infinity, Infinity, 0.5, Infinity, Infinity, Infinity, Infinity, 0.5, Infinity, Infinity, Infinity, 0.3333333333333333, 0.5, Infinity, Infinity, Infinity, 0.3333333333333333, 0.5, 0.5, 0.3333333333333333, Infinity, 0.3333333333333333, 0.5, 0.5, 0.5, 0.3333333333333333, Infinity, Infinity, Infinity, 0.5, 0.5, Infinity, 0.5, Infinity, Infinity, Infinity, Infinity, 0.25, 0.5, 0.5, 0.5, Infinity, Infinity, 0.3333333333333333, 0.5, 0.5, 0.3333333333333333, Infinity, Infinity, 0.5, 1.0, 0.3333333333333333, 0.5, Infinity, 1.0, 0.5, Infinity, Infinity, 0.3333333333333333, Infinity, 0.25, Infinity, Infinity, 0.5, 0.5, Infinity, 0.25, 0.3333333333333333, Infinity, 0.3333333333333333, Infinity, Infinity, Infinity, Infinity, 0.5, 0.5, 0.5, Infinity, 0.5, 0.5, Infinity, 0.3333333333333333, 0.5, 0.3333333333333333, Infinity, Infinity, 0.5, 0.3333333333333333, 0.5, 0.3333333333333333, 0.3333333333333333, Infinity, Infinity, Infinity, 0.5, Infinity, 0.5, 0.3333333333333333, Infinity, 0.5 ]),(70,Array S Seq (Sz1 1000)
  [ 1.0, 1.0, 1.0, 1.0, 1.0, 1.0, 1.0, 1.0, 1.0, 1.0, 1.0, 1.0, 1.0, 1.0, 0.0, 1.0, 1.0, 0.0, 1.0, 1.0, 0.0, 1.0, 1.0, 1.0, 1.0, 1.0, 1.0, 1.0, 1.0, 1.0, 1.0, 1.0, 0.0, 1.0, 1.0, 1.0, 1.0, 1.0, 1.0, 1.0, 0.0, 0.0, 1.0, 1.0, 1.0, 1.0, 1.0, 1.0, 1.0, 1.0, 1.0, 1.0, 1.0, 1.0, 1.0, 1.0, 1.0, 1.0, 1.0, 1.0, 1.0, 1.0, 1.0, 1.0, 1.0, 1.0, 1.0, 1.0, 1.0, 1.0, 1.0, 1.0, 1.0, 1.0, 1.0, 1.0, 1.0, 1.0, 0.0, 1.0, 1.0, 1.0, 1.0, 0.0, 1.0, 1.0, 1.0, 1.0, 1.0, 1.0, 1.0, 1.0, 1.0, 1.0, 1.0, 0.0, 1.0, 1.0, 1.0, 1.0, 1.0, 0.0, 1.0, 1.0, 1.0, 0.0, 1.0, 0.0, 0.0, 1.0, 1.0, 1.0, 1.0, 1.0, 1.0, 0.0, 1.0, 1.0, 1.0, 1.0, 1.0, 0.0, 1.0, 1.0, 1.0, 1.0, 1.0, 1.0, 1.0, 1.0, 1.0, 0.0, 0.0, 1.0, 1.0, 1.0, 1.0, 1.0, 1.0, 1.0, 1.0, 1.0, 1.0, 1.0, 0.0, 1.0, 0.0, 1.0, 1.0, 1.0, 1.0, 1.0, 1.0, 1.0, 0.0, 1.0, 1.0, 0.0, 0.0, 1.0, 1.0, 1.0, 1.0, 1.0, 1.0, 1.0, 0.0, 1.0, 1.0, 1.0, 1.0, 1.0, 0.0, 1.0, 1.0, 1.0, 1.0, 1.0, 1.0, 1.0, 1.0, 1.0, 1.0, 1.0, 1.0, 1.0, 1.0, 1.0, 0.0, 1.0, 0.0, 1.0, 1.0, 1.0, 1.0, 1.0, 1.0, 1.0, 1.0, 0.0, 1.0, 1.0, 1.0, 1.0, 0.0, 1.0, 0.0, 1.0, 0.0, 1.0, 0.0, 1.0, 0.0, 1.0, 0.0, 1.0, 1.0, 1.0, 1.0, 1.0, 1.0, 1.0, 1.0, 1.0, 1.0, 1.0, 1.0, 1.0, 1.0, 1.0, 1.0, 1.0, 1.0, 0.0, 1.0, 1.0, 1.0, 1.0, 1.0, 1.0, 1.0, 1.0, 1.0, 1.0, 1.0, 0.0, 1.0, 1.0, 1.0, 1.0, 1.0, 1.0, 1.0, 1.0, 1.0, 1.0, 1.0, 1.0, 1.0, 1.0, 1.0, 1.0, 1.0, 1.0, 1.0, 1.0, 0.0, 1.0, 1.0, 0.0, 1.0, 1.0, 0.0, 1.0, 1.0, 1.0, 1.0, 1.0, 1.0, 1.0, 1.0, 1.0, 1.0, 1.0, 1.0, 1.0, 1.0, 0.0, 1.0, 0.0, 1.0, 1.0, 1.0, 1.0, 0.0, 1.0, 1.0, 1.0, 1.0, 1.0, 0.0, 1.0, 1.0, 1.0, 1.0, 1.0, 1.0, 1.0, 1.0, 1.0, 1.0, 1.0, 1.0, 1.0, 0.0, 1.0, 0.0, 1.0, 1.0, 1.0, 1.0, 1.0, 1.0, 1.0, 1.0, 1.0, 0.0, 1.0, 1.0, 1.0, 1.0, 1.0, 1.0, 1.0, 0.0, 1.0, 1.0, 1.0, 0.0, 1.0, 1.0, 1.0, 1.0, 1.0, 1.0, 0.0, 1.0, 1.0, 1.0, 1.0, 1.0, 1.0, 1.0, 0.0, 0.0, 1.0, 0.0, 1.0, 1.0, 1.0, 1.0, 1.0, 1.0, 1.0, 1.0, 1.0, 1.0, 0.0, 1.0, 1.0, 0.0, 1.0, 1.0, 1.0, 1.0, 0.0, 1.0, 1.0, 1.0, 0.0, 0.0, 1.0, 0.0, 1.0, 1.0, 1.0, 1.0, 1.0, 0.0, 1.0, 1.0, 1.0, 1.0, 0.0, 1.0, 1.0, 1.0, 1.0, 1.0, 1.0, 0.0, 1.0, 1.0, 1.0, 1.0, 1.0, 1.0, 1.0, 1.0, 1.0, 1.0, 1.0, 1.0, 1.0, 1.0, 1.0, 1.0, 1.0, 0.0, 1.0, 1.0, 1.0, 1.0, 1.0, 1.0, 1.0, 0.0, 1.0, 0.0, 1.0, 1.0, 0.0, 1.0, 1.0, 1.0, 1.0, 1.0, 1.0, 1.0, 0.0, 1.0, 1.0, 1.0, 1.0, 1.0, 1.0, 1.0, 1.0, 0.0, 1.0, 1.0, 1.0, 1.0, 1.0, 1.0, 1.0, 1.0, 1.0, 1.0, 1.0, 1.0, 1.0, 1.0, 1.0, 1.0, 1.0, 1.0, 1.0, 1.0, 0.0, 1.0, 1.0, 1.0, 0.0, 1.0, 0.0, 1.0, 1.0, 1.0, 1.0, 1.0, 1.0, 0.0, 1.0, 1.0, 0.0, 1.0, 1.0, 0.0, 1.0, 1.0, 1.0, 0.0, 0.0, 1.0, 1.0, 1.0, 1.0, 1.0, 1.0, 1.0, 1.0, 0.0, 0.0, 1.0, 1.0, 1.0, 1.0, 1.0, 1.0, 1.0, 1.0, 0.0, 1.0, 0.0, 1.0, 1.0, 1.0, 1.0, 1.0, 1.0, 1.0, 1.0, 1.0, 1.0, 1.0, 1.0, 1.0, 1.0, 1.0, 1.0, 1.0, 1.0, 1.0, 1.0, 1.0, 1.0, 1.0, 1.0, 1.0, 1.0, 0.0, 1.0, 1.0, 1.0, 1.0, 1.0, 1.0, 1.0, 1.0, 1.0, 1.0, 1.0, 1.0, 1.0, 1.0, 1.0, 1.0, 1.0, 1.0, 1.0, 1.0, 1.0, 1.0, 0.0, 1.0, 1.0, 1.0, 1.0, 1.0, 1.0, 1.0, 1.0, 1.0, 1.0, 0.0, 1.0, 1.0, 1.0, 0.0, 1.0, 0.0, 1.0, 1.0, 1.0, 1.0, 1.0, 1.0, 1.0, 1.0, 1.0, 1.0, 1.0, 1.0, 1.0, 1.0, 1.0, 0.0, 1.0, 1.0, 0.0, 1.0, 1.0, 1.0, 1.0, 1.0, 1.0, 1.0, 0.0, 0.0, 1.0, 1.0, 1.0, 1.0, 1.0, 1.0, 1.0, 1.0, 1.0, 1.0, 0.0, 1.0, 1.0, 1.0, 1.0, 0.0, 1.0, 0.0, 1.0, 0.0, 1.0, 1.0, 1.0, 1.0, 1.0, 1.0, 1.0, 0.0, 0.0, 1.0, 1.0, 1.0, 1.0, 1.0, 1.0, 1.0, 1.0, 0.0, 1.0, 0.0, 1.0, 1.0, 1.0, 1.0, 1.0, 0.0, 1.0, 0.0, 1.0, 1.0, 0.0, 1.0, 1.0, 0.0, 1.0, 1.0, 1.0, 1.0, 1.0, 1.0, 1.0, 1.0, 0.0, 1.0, 1.0, 1.0, 1.0, 1.0, 1.0, 0.0, 1.0, 1.0, 1.0, 1.0, 1.0, 1.0, 1.0, 0.0, 0.0, 1.0, 1.0, 0.0, 1.0, 1.0, 1.0, 0.0, 0.0, 1.0, 1.0, 1.0, 1.0, 1.0, 0.0, 1.0, 1.0, 1.0, 0.0, 1.0, 0.0, 0.0, 0.0, 1.0, 1.0, 1.0, 1.0, 0.0, 1.0, 1.0, 1.0, 1.0, 1.0, 1.0, 1.0, 1.0, 1.0, 1.0, 1.0, 0.0, 1.0, 1.0, 1.0, 1.0, 0.0, 0.0, 1.0, 1.0, 1.0, 1.0, 1.0, 1.0, 1.0, 1.0, 1.0, 1.0, 1.0, 1.0, 0.0, 1.0, 1.0, 1.0, 1.0, 1.0, 1.0, 1.0, 1.0, 1.0, 1.0, 1.0, 1.0, 1.0, 1.0, 1.0, 1.0, 1.0, 1.0, 1.0, 1.0, 1.0, 1.0, 1.0, 1.0, 0.0, 1.0, 1.0, 1.0, 1.0, 1.0, 1.0, 1.0, 1.0, 1.0, 1.0, 1.0, 1.0, 1.0, 1.0, 1.0, 1.0, 1.0, 1.0, 1.0, 1.0, 1.0, 1.0, 1.0, 1.0, 0.0, 1.0, 1.0, 1.0, 1.0, 1.0, 1.0, 1.0, 1.0, 1.0, 1.0, 1.0, 1.0, 1.0, 1.0, 1.0, 1.0, 1.0, 1.0, 0.0, 0.0, 1.0, 0.0, 1.0, 1.0, 0.0, 1.0, 1.0, 1.0, 1.0, 1.0, 1.0, 1.0, 0.0, 1.0, 0.0, 1.0, 1.0, 1.0, 1.0, 1.0, 0.0, 1.0, 1.0, 1.0, 1.0, 1.0, 1.0, 1.0, 1.0, 1.0, 1.0, 0.0, 1.0, 1.0, 1.0, 1.0, 1.0, 1.0, 1.0, 1.0, 1.0, 0.0, 1.0, 0.0, 1.0, 1.0, 0.0, 0.0, 1.0, 1.0, 1.0, 1.0, 1.0, 1.0, 1.0, 1.0, 0.0, 1.0, 0.0, 1.0, 1.0, 1.0, 1.0, 0.0, 1.0, 1.0, 1.0, 0.0, 1.0, 1.0, 1.0, 1.0, 1.0, 1.0, 1.0, 1.0, 1.0, 1.0, 1.0, 0.0, 0.0, 1.0, 1.0, 0.0, 1.0, 0.0, 1.0, 1.0, 1.0, 1.0, 0.0, 1.0, 1.0, 0.0, 1.0, 1.0, 0.0, 1.0, 1.0, 1.0, 1.0, 0.0, 1.0, 0.0, 1.0, 1.0, 1.0, 1.0, 1.0, 1.0, 0.0, 1.0, 0.0, 0.0, 1.0, 1.0, 0.0, 1.0, 1.0, 1.0, 1.0, 1.0, 1.0, 1.0, 1.0, 1.0, 1.0, 1.0, 1.0, 1.0, 1.0, 1.0, 1.0, 1.0, 1.0, 1.0, 1.0, 0.0, 1.0, 1.0, 1.0, 0.0, 1.0, 1.0, 1.0, 1.0, 1.0, 0.0, 1.0, 1.0, 1.0, 1.0, 1.0, 1.0, 1.0, 1.0, 1.0, 1.0, 1.0, 1.0, 1.0, 1.0, 1.0, 1.0, 1.0, 1.0, 1.0, 1.0, 1.0, 0.0, 1.0, 1.0, 1.0, 1.0, 1.0, 1.0, 1.0, 1.0, 1.0, 1.0, 1.0, 1.0, 1.0 ]),(78,Array S Seq (Sz1 1000)
  [ Infinity, Infinity, 1.0, Infinity, Infinity, Infinity, Infinity, Infinity, Infinity, 1.0, Infinity, Infinity, Infinity, Infinity, 1.0, Infinity, 1.0, Infinity, Infinity, Infinity, Infinity, 1.0, Infinity, Infinity, 1.0, Infinity, Infinity, Infinity, Infinity, Infinity, Infinity, Infinity, Infinity, Infinity, Infinity, Infinity, 1.0, Infinity, Infinity, Infinity, Infinity, Infinity, Infinity, Infinity, 1.0, Infinity, Infinity, Infinity, Infinity, Infinity, 1.0, Infinity, Infinity, Infinity, Infinity, Infinity, 1.0, 1.0, Infinity, Infinity, Infinity, 1.0, Infinity, Infinity, Infinity, Infinity, Infinity, Infinity, Infinity, Infinity, Infinity, 1.0, 1.0, Infinity, Infinity, Infinity, Infinity, Infinity, Infinity, Infinity, Infinity, Infinity, Infinity, Infinity, Infinity, Infinity, Infinity, Infinity, 0.3333333333333333, Infinity, Infinity, 1.0, Infinity, Infinity, 0.3333333333333333, Infinity, Infinity, Infinity, Infinity, Infinity, Infinity, Infinity, Infinity, Infinity, 1.0, Infinity, 0.5, Infinity, Infinity, Infinity, Infinity, Infinity, Infinity, Infinity, Infinity, Infinity, Infinity, 1.0, Infinity, Infinity, 1.0, 1.0, Infinity, Infinity, Infinity, Infinity, 1.0, Infinity, Infinity, Infinity, Infinity, 1.0, Infinity, Infinity, Infinity, Infinity, Infinity, Infinity, Infinity, Infinity, Infinity, Infinity, Infinity, Infinity, 0.3333333333333333, Infinity, 1.0, Infinity, Infinity, Infinity, Infinity, 0.5, Infinity, Infinity, Infinity, Infinity, Infinity, Infinity, Infinity, Infinity, 1.0, Infinity, 1.0, 1.0, Infinity, Infinity, Infinity, Infinity, Infinity, 1.0, Infinity, Infinity, Infinity, Infinity, Infinity, Infinity, 1.0, Infinity, Infinity, Infinity, Infinity, Infinity, Infinity, 0.5, Infinity, Infinity, Infinity, Infinity, Infinity, Infinity, 1.0, Infinity, Infinity, Infinity, Infinity, Infinity, Infinity, Infinity, 1.0, Infinity, 1.0, Infinity, Infinity, Infinity, 0.3333333333333333, 1.0, Infinity, Infinity, Infinity, Infinity, Infinity, Infinity, Infinity, 1.0, Infinity, Infinity, 1.0, Infinity, Infinity, Infinity, Infinity, Infinity, 1.0, Infinity, Infinity, 1.0, Infinity, Infinity, Infinity, 0.5, Infinity, Infinity, Infinity, Infinity, Infinity, Infinity, Infinity, 1.0, Infinity, Infinity, Infinity, Infinity, Infinity, Infinity, Infinity, 0.3333333333333333, Infinity, 1.0, Infinity, Infinity, Infinity, Infinity, Infinity, 1.0, 1.0, Infinity, Infinity, 0.5, Infinity, Infinity, Infinity, Infinity, Infinity, Infinity, Infinity, Infinity, 0.5, Infinity, 1.0, 0.5, Infinity, Infinity, Infinity, Infinity, 1.0, 1.0, Infinity, Infinity, Infinity, Infinity, Infinity, Infinity, Infinity, Infinity, Infinity, Infinity, Infinity, 0.5, Infinity, Infinity, Infinity, Infinity, Infinity, Infinity, 1.0, Infinity, Infinity, Infinity, Infinity, Infinity, Infinity, 1.0, Infinity, 0.3333333333333333, Infinity, Infinity, Infinity, 1.0, Infinity, Infinity, 1.0, Infinity, Infinity, Infinity, Infinity, Infinity, Infinity, Infinity, Infinity, Infinity, Infinity, Infinity, Infinity, 1.0, Infinity, Infinity, Infinity, Infinity, Infinity, 1.0, Infinity, 1.0, Infinity, Infinity, Infinity, 0.5, Infinity, Infinity, Infinity, Infinity, Infinity, Infinity, 0.5, Infinity, Infinity, 1.0, Infinity, Infinity, 1.0, 1.0, Infinity, 1.0, Infinity, 1.0, Infinity, Infinity, Infinity, Infinity, Infinity, 0.3333333333333333, Infinity, Infinity, Infinity, Infinity, Infinity, 1.0, 1.0, Infinity, Infinity, Infinity, Infinity, Infinity, 1.0, Infinity, Infinity, Infinity, Infinity, Infinity, Infinity, Infinity, Infinity, 1.0, Infinity, Infinity, Infinity, 0.5, Infinity, Infinity, Infinity, Infinity, 1.0, Infinity, Infinity, Infinity, Infinity, 0.5, Infinity, Infinity, Infinity, Infinity, Infinity, 0.3333333333333333, Infinity, Infinity, Infinity, Infinity, Infinity, Infinity, Infinity, Infinity, Infinity, Infinity, Infinity, Infinity, Infinity, Infinity, Infinity, Infinity, 1.0, 1.0, Infinity, Infinity, Infinity, Infinity, Infinity, Infinity, Infinity, Infinity, Infinity, Infinity, Infinity, Infinity, 1.0, Infinity, 1.0, Infinity, 1.0, Infinity, Infinity, Infinity, Infinity, Infinity, Infinity, 1.0, Infinity, 1.0, 1.0, Infinity, Infinity, 1.0, Infinity, Infinity, Infinity, Infinity, Infinity, Infinity, Infinity, Infinity, Infinity, 0.5, Infinity, Infinity, 0.3333333333333333, Infinity, Infinity, Infinity, 1.0, Infinity, Infinity, Infinity, Infinity, Infinity, Infinity, 1.0, Infinity, 1.0, Infinity, Infinity, Infinity, Infinity, Infinity, Infinity, Infinity, Infinity, 1.0, Infinity, Infinity, Infinity, Infinity, Infinity, 1.0, Infinity, Infinity, Infinity, Infinity, 1.0, Infinity, Infinity, Infinity, 1.0, 1.0, 1.0, Infinity, Infinity, Infinity, Infinity, Infinity, Infinity, Infinity, Infinity, Infinity, Infinity, Infinity, Infinity, Infinity, Infinity, Infinity, Infinity, Infinity, Infinity, Infinity, Infinity, Infinity, Infinity, Infinity, Infinity, Infinity, Infinity, Infinity, Infinity, 1.0, 1.0, Infinity, Infinity, Infinity, 1.0, 1.0, Infinity, Infinity, Infinity, Infinity, 1.0, 1.0, Infinity, Infinity, Infinity, Infinity, Infinity, Infinity, Infinity, 1.0, Infinity, 0.3333333333333333, 1.0, Infinity, Infinity, 0.5, Infinity, 0.5, Infinity, Infinity, Infinity, Infinity, Infinity, Infinity, 1.0, Infinity, 0.3333333333333333, 1.0, Infinity, Infinity, Infinity, Infinity, Infinity, Infinity, Infinity, 1.0, Infinity, Infinity, Infinity, Infinity, Infinity, 1.0, Infinity, Infinity, 1.0, Infinity, Infinity, Infinity, Infinity, Infinity, Infinity, Infinity, Infinity, Infinity, Infinity, Infinity, Infinity, Infinity, Infinity, 1.0, Infinity, 0.5, Infinity, 1.0, Infinity, Infinity, Infinity, Infinity, Infinity, 0.3333333333333333, Infinity, Infinity, 1.0, 1.0, Infinity, Infinity, Infinity, Infinity, Infinity, Infinity, Infinity, Infinity, Infinity, Infinity, 1.0, Infinity, Infinity, Infinity, Infinity, 1.0, Infinity, Infinity, Infinity, Infinity, Infinity, Infinity, 1.0, 1.0, Infinity, 1.0, 1.0, Infinity, 1.0, Infinity, Infinity, Infinity, Infinity, Infinity, 0.5, Infinity, Infinity, Infinity, Infinity, Infinity, Infinity, 0.3333333333333333, Infinity, 1.0, Infinity, Infinity, Infinity, Infinity, 0.5, Infinity, Infinity, Infinity, 1.0, Infinity, Infinity, Infinity, Infinity, Infinity, Infinity, Infinity, Infinity, Infinity, Infinity, 0.5, 1.0, Infinity, Infinity, Infinity, Infinity, 1.0, Infinity, Infinity, Infinity, Infinity, 1.0, Infinity, Infinity, Infinity, Infinity, Infinity, Infinity, Infinity, Infinity, Infinity, Infinity, Infinity, 1.0, 0.3333333333333333, 1.0, Infinity, 1.0, Infinity, Infinity, 1.0, Infinity, 1.0, Infinity, 1.0, Infinity, 0.3333333333333333, Infinity, Infinity, 1.0, Infinity, Infinity, Infinity, Infinity, Infinity, Infinity, 1.0, Infinity, Infinity, Infinity, Infinity, 1.0, Infinity, Infinity, Infinity, 0.5, Infinity, Infinity, 0.5, Infinity, Infinity, Infinity, Infinity, 1.0, Infinity, Infinity, Infinity, Infinity, Infinity, Infinity, 0.5, Infinity, Infinity, Infinity, Infinity, Infinity, Infinity, Infinity, 1.0, Infinity, Infinity, Infinity, Infinity, Infinity, Infinity, Infinity, Infinity, Infinity, 0.3333333333333333, Infinity, Infinity, Infinity, Infinity, Infinity, Infinity, 1.0, Infinity, Infinity, Infinity, Infinity, Infinity, Infinity, Infinity, Infinity, Infinity, Infinity, Infinity, Infinity, Infinity, Infinity, Infinity, Infinity, Infinity, Infinity, Infinity, Infinity, Infinity, Infinity, Infinity, Infinity, Infinity, Infinity, Infinity, 1.0, Infinity, 1.0, Infinity, Infinity, Infinity, 1.0, Infinity, 0.5, Infinity, Infinity, Infinity, 1.0, Infinity, 1.0, Infinity, 0.5, 1.0, Infinity, Infinity, Infinity, Infinity, Infinity, Infinity, Infinity, Infinity, Infinity, 1.0, 0.5, Infinity, 1.0, Infinity, Infinity, Infinity, 1.0, Infinity, 1.0, Infinity, Infinity, Infinity, Infinity, Infinity, 1.0, Infinity, Infinity, Infinity, Infinity, Infinity, Infinity, Infinity, Infinity, Infinity, Infinity, Infinity, Infinity, 1.0, Infinity, Infinity, Infinity, Infinity, Infinity, 1.0, Infinity, Infinity, Infinity, Infinity, Infinity, Infinity, Infinity, Infinity, Infinity, Infinity, Infinity, 0.5, Infinity, Infinity, Infinity, Infinity, Infinity, Infinity, Infinity, 0.5, Infinity, Infinity, Infinity, Infinity, Infinity, Infinity, Infinity, Infinity, Infinity, Infinity, Infinity, 1.0, Infinity, 1.0, Infinity, Infinity, Infinity, Infinity, 1.0, Infinity, 0.5, Infinity, Infinity, 1.0, Infinity, Infinity, Infinity, Infinity, Infinity, Infinity, Infinity, Infinity, Infinity, Infinity, Infinity, Infinity, Infinity, 1.0, Infinity, Infinity, Infinity, Infinity, Infinity, Infinity, 0.5, Infinity, Infinity, Infinity, Infinity, Infinity, Infinity, Infinity, 1.0, Infinity, Infinity, Infinity, Infinity, Infinity, Infinity, 1.0, 1.0, Infinity, Infinity, Infinity, Infinity, Infinity, Infinity, Infinity, Infinity, 1.0, Infinity, 1.0, Infinity, Infinity, Infinity, Infinity, 1.0, 0.3333333333333333, Infinity, Infinity, Infinity, Infinity, Infinity, 1.0, Infinity, Infinity, Infinity, Infinity, Infinity, Infinity, Infinity, Infinity, Infinity, 1.0, Infinity, Infinity, Infinity, Infinity, Infinity, Infinity, Infinity, 1.0, Infinity, Infinity, Infinity, 1.0, Infinity, Infinity, 1.0, 1.0, 1.0, Infinity, Infinity, Infinity, Infinity, 1.0, Infinity ]),(80,Array S Seq (Sz1 1000)
  [ 0.0, 0.0, 1.0, 0.0, 0.0, 0.0, 0.0, 0.0, 0.0, 1.0, 0.0, 0.0, 0.0, 0.0, 1.0, 0.0, 1.0, 0.0, 1.0, 0.0, 0.0, 1.0, 1.0, 0.0, 1.0, 0.0, 0.0, 0.0, 0.0, 0.0, 0.0, 0.0, 0.0, 0.0, 0.0, 0.0, 1.0, 0.0, 0.0, 0.0, 0.0, 0.0, 0.0, 0.0, 1.0, 0.0, 0.0, 0.0, 0.0, 0.0, 1.0, 0.0, 0.0, 0.0, 0.0, 0.0, 1.0, 1.0, 0.0, 0.0, 0.0, 1.0, 0.0, 0.0, 1.0, 0.0, 0.0, 0.0, 0.0, 0.0, 0.0, 1.0, 1.0, 0.0, 0.0, 0.0, 0.0, 0.0, 0.0, 0.0, 0.0, 0.0, 0.0, 0.0, 0.0, 0.0, 1.0, 0.0, 3.0, 0.0, 0.0, 1.0, 0.0, 0.0, 3.0, 0.0, 0.0, 0.0, 0.0, 0.0, 0.0, 0.0, 0.0, 0.0, 1.0, 0.0, 2.0, 0.0, 0.0, 0.0, 0.0, 0.0, 0.0, 0.0, 0.0, 0.0, 0.0, 1.0, 0.0, 0.0, 1.0, 2.0, 0.0, 0.0, 0.0, 0.0, 1.0, 0.0, 0.0, 0.0, 0.0, 1.0, 0.0, 0.0, 0.0, 0.0, 0.0, 0.0, 0.0, 0.0, 0.0, 0.0, 0.0, 0.0, 3.0, 0.0, 1.0, 0.0, 0.0, 0.0, 0.0, 2.0, 0.0, 0.0, 0.0, 0.0, 0.0, 0.0, 0.0, 0.0, 1.0, 0.0, 1.0, 1.0, 0.0, 0.0, 0.0, 0.0, 0.0, 1.0, 0.0, 0.0, 0.0, 0.0, 0.0, 0.0, 1.0, 0.0, 0.0, 0.0, 0.0, 0.0, 0.0, 2.0, 0.0, 0.0, 0.0, 0.0, 0.0, 0.0, 1.0, 0.0, 0.0, 0.0, 0.0, 0.0, 0.0, 0.0, 1.0, 0.0, 1.0, 0.0, 0.0, 0.0, 3.0, 1.0, 0.0, 0.0, 0.0, 0.0, 0.0, 0.0, 0.0, 1.0, 0.0, 0.0, 1.0, 0.0, 0.0, 0.0, 0.0, 0.0, 1.0, 0.0, 0.0, 1.0, 0.0, 0.0, 0.0, 2.0, 0.0, 0.0, 0.0, 0.0, 0.0, 0.0, 0.0, 1.0, 0.0, 1.0, 1.0, 0.0, 0.0, 0.0, 0.0, 3.0, 0.0, 1.0, 0.0, 0.0, 0.0, 0.0, 0.0, 1.0, 1.0, 0.0, 0.0, 2.0, 0.0, 0.0, 0.0, 0.0, 0.0, 1.0, 0.0, 0.0, 2.0, 0.0, 1.0, 2.0, 0.0, 0.0, 0.0, 0.0, 1.0, 1.0, 0.0, 0.0, 0.0, 0.0, 0.0, 0.0, 0.0, 0.0, 0.0, 0.0, 0.0, 2.0, 0.0, 0.0, 0.0, 0.0, 0.0, 0.0, 1.0, 0.0, 0.0, 0.0, 0.0, 0.0, 0.0, 1.0, 0.0, 3.0, 0.0, 0.0, 0.0, 1.0, 0.0, 0.0, 1.0, 0.0, 0.0, 0.0, 0.0, 0.0, 0.0, 0.0, 0.0, 0.0, 0.0, 0.0, 0.0, 1.0, 0.0, 0.0, 0.0, 0.0, 0.0, 1.0, 0.0, 1.0, 0.0, 0.0, 0.0, 2.0, 0.0, 0.0, 0.0, 0.0, 0.0, 0.0, 2.0, 0.0, 0.0, 1.0, 0.0, 0.0, 1.0, 1.0, 0.0, 1.0, 0.0, 1.0, 0.0, 0.0, 0.0, 0.0, 0.0, 3.0, 0.0, 0.0, 0.0, 0.0, 1.0, 1.0, 1.0, 0.0, 0.0, 0.0, 0.0, 0.0, 1.0, 1.0, 0.0, 0.0, 0.0, 0.0, 1.0, 0.0, 1.0, 1.0, 0.0, 0.0, 0.0, 2.0, 0.0, 0.0, 0.0, 0.0, 1.0, 0.0, 0.0, 0.0, 0.0, 2.0, 0.0, 0.0, 0.0, 0.0, 0.0, 3.0, 0.0, 0.0, 0.0, 0.0, 0.0, 0.0, 0.0, 0.0, 0.0, 0.0, 0.0, 0.0, 0.0, 0.0, 0.0, 0.0, 1.0, 1.0, 0.0, 0.0, 0.0, 0.0, 0.0, 0.0, 0.0, 0.0, 0.0, 0.0, 0.0, 0.0, 1.0, 0.0, 1.0, 0.0, 1.0, 0.0, 0.0, 0.0, 0.0, 0.0, 0.0, 1.0, 0.0, 1.0, 1.0, 0.0, 1.0, 2.0, 0.0, 1.0, 1.0, 0.0, 0.0, 0.0, 0.0, 0.0, 0.0, 2.0, 0.0, 0.0, 3.0, 0.0, 0.0, 1.0, 1.0, 0.0, 0.0, 0.0, 0.0, 0.0, 0.0, 1.0, 0.0, 1.0, 0.0, 0.0, 0.0, 0.0, 0.0, 0.0, 0.0, 0.0, 2.0, 0.0, 1.0, 0.0, 0.0, 0.0, 1.0, 0.0, 0.0, 0.0, 0.0, 1.0, 0.0, 0.0, 0.0, 1.0, 1.0, 1.0, 0.0, 0.0, 0.0, 0.0, 0.0, 0.0, 0.0, 0.0, 0.0, 0.0, 0.0, 0.0, 0.0, 0.0, 0.0, 0.0, 0.0, 0.0, 0.0, 0.0, 0.0, 0.0, 0.0, 0.0, 0.0, 0.0, 0.0, 0.0, 2.0, 1.0, 0.0, 0.0, 0.0, 1.0, 1.0, 0.0, 0.0, 0.0, 0.0, 1.0, 1.0, 0.0, 0.0, 0.0, 0.0, 1.0, 0.0, 0.0, 1.0, 0.0, 3.0, 1.0, 0.0, 0.0, 2.0, 1.0, 2.0, 0.0, 0.0, 0.0, 0.0, 0.0, 0.0, 1.0, 0.0, 3.0, 1.0, 0.0, 1.0, 0.0, 0.0, 0.0, 0.0, 0.0, 1.0, 0.0, 0.0, 0.0, 0.0, 0.0, 1.0, 0.0, 0.0, 1.0, 0.0, 0.0, 0.0, 0.0, 0.0, 0.0, 0.0, 0.0, 0.0, 0.0, 0.0, 0.0, 0.0, 0.0, 1.0, 0.0, 2.0, 0.0, 1.0, 1.0, 0.0, 0.0, 0.0, 0.0, 3.0, 1.0, 0.0, 1.0, 1.0, 0.0, 0.0, 0.0, 0.0, 0.0, 0.0, 1.0, 0.0, 0.0, 0.0, 2.0, 0.0, 0.0, 0.0, 0.0, 1.0, 0.0, 1.0, 0.0, 0.0, 0.0, 0.0, 2.0, 1.0, 0.0, 1.0, 1.0, 0.0, 1.0, 0.0, 0.0, 0.0, 0.0, 0.0, 2.0, 0.0, 0.0, 0.0, 0.0, 0.0, 0.0, 3.0, 0.0, 1.0, 0.0, 0.0, 0.0, 0.0, 2.0, 0.0, 1.0, 0.0, 1.0, 0.0, 0.0, 0.0, 0.0, 0.0, 0.0, 0.0, 0.0, 0.0, 0.0, 2.0, 1.0, 0.0, 0.0, 0.0, 0.0, 1.0, 0.0, 0.0, 0.0, 0.0, 1.0, 0.0, 0.0, 0.0, 0.0, 0.0, 0.0, 0.0, 0.0, 0.0, 0.0, 0.0, 1.0, 3.0, 2.0, 0.0, 1.0, 0.0, 0.0, 1.0, 0.0, 1.0, 0.0, 1.0, 0.0, 3.0, 0.0, 0.0, 1.0, 1.0, 0.0, 0.0, 1.0, 0.0, 0.0, 1.0, 0.0, 0.0, 1.0, 0.0, 1.0, 0.0, 0.0, 1.0, 2.0, 0.0, 0.0, 2.0, 0.0, 0.0, 0.0, 0.0, 1.0, 0.0, 0.0, 0.0, 0.0, 0.0, 0.0, 2.0, 0.0, 0.0, 1.0, 0.0, 0.0, 0.0, 0.0, 1.0, 0.0, 0.0, 0.0, 0.0, 0.0, 1.0, 0.0, 0.0, 0.0, 3.0, 0.0, 0.0, 0.0, 0.0, 0.0, 0.0, 1.0, 0.0, 0.0, 0.0, 0.0, 0.0, 0.0, 0.0, 0.0, 0.0, 0.0, 0.0, 0.0, 0.0, 0.0, 1.0, 0.0, 0.0, 0.0, 0.0, 0.0, 0.0, 0.0, 0.0, 0.0, 0.0, 0.0, 0.0, 1.0, 0.0, 1.0, 0.0, 0.0, 0.0, 1.0, 0.0, 2.0, 0.0, 0.0, 0.0, 1.0, 0.0, 1.0, 0.0, 2.0, 1.0, 0.0, 0.0, 0.0, 0.0, 0.0, 1.0, 0.0, 0.0, 0.0, 1.0, 2.0, 1.0, 1.0, 0.0, 0.0, 0.0, 1.0, 0.0, 1.0, 0.0, 0.0, 0.0, 1.0, 1.0, 1.0, 0.0, 0.0, 0.0, 0.0, 0.0, 0.0, 0.0, 0.0, 0.0, 0.0, 0.0, 1.0, 1.0, 0.0, 0.0, 0.0, 1.0, 0.0, 1.0, 0.0, 0.0, 1.0, 0.0, 0.0, 0.0, 0.0, 0.0, 1.0, 0.0, 0.0, 2.0, 0.0, 1.0, 0.0, 0.0, 0.0, 0.0, 0.0, 2.0, 0.0, 0.0, 0.0, 0.0, 0.0, 0.0, 0.0, 0.0, 0.0, 0.0, 0.0, 1.0, 0.0, 1.0, 0.0, 0.0, 0.0, 0.0, 1.0, 0.0, 2.0, 0.0, 0.0, 1.0, 0.0, 0.0, 0.0, 0.0, 0.0, 0.0, 0.0, 0.0, 0.0, 0.0, 0.0, 0.0, 0.0, 1.0, 0.0, 0.0, 0.0, 0.0, 0.0, 0.0, 2.0, 0.0, 1.0, 1.0, 0.0, 0.0, 0.0, 0.0, 1.0, 0.0, 0.0, 0.0, 0.0, 0.0, 0.0, 1.0, 1.0, 0.0, 0.0, 0.0, 0.0, 0.0, 0.0, 0.0, 0.0, 1.0, 0.0, 1.0, 0.0, 0.0, 0.0, 0.0, 1.0, 3.0, 0.0, 0.0, 0.0, 0.0, 0.0, 1.0, 0.0, 0.0, 0.0, 0.0, 0.0, 0.0, 0.0, 0.0, 0.0, 2.0, 1.0, 0.0, 0.0, 0.0, 0.0, 0.0, 1.0, 1.0, 0.0, 1.0, 0.0, 2.0, 0.0, 0.0, 1.0, 2.0, 1.0, 0.0, 0.0, 0.0, 0.0, 1.0, 0.0 ]),(81,Array S Seq (Sz1 1000)
  [ 0.0, 0.0, 0.0, 0.0, 0.0, 0.0, 0.0, 0.0, 0.0, 0.0, 0.0, 0.0, 0.0, 0.0, 0.0, 0.0, 0.0, 0.0, -1.0, 0.0, 0.0, 0.0, -1.0, 0.0, 0.0, 0.0, 0.0, 0.0, 0.0, 0.0, 0.0, 0.0, 0.0, 0.0, 0.0, 0.0, 0.0, 0.0, 0.0, 0.0, 0.0, 0.0, 0.0, 0.0, 0.0, 0.0, 0.0, 0.0, 0.0, 0.0, 0.0, 0.0, 0.0, 0.0, 0.0, 0.0, 0.0, 0.0, 0.0, 0.0, 0.0, 0.0, 0.0, 0.0, -1.0, 0.0, 0.0, 0.0, 0.0, 0.0, 0.0, 0.0, 0.0, 0.0, 0.0, 0.0, 0.0, 0.0, 0.0, 0.0, 0.0, 0.0, 0.0, 0.0, 0.0, 0.0, -1.0, 0.0, 0.0, 0.0, 0.0, 0.0, 0.0, 0.0, 0.0, 0.0, 0.0, 0.0, 0.0, 0.0, 0.0, 0.0, 0.0, 0.0, 0.0, 0.0, 0.0, 0.0, 0.0, 0.0, 0.0, 0.0, 0.0, 0.0, 0.0, 0.0, 0.0, 0.0, 0.0, 0.0, 0.0, -1.0, 0.0, 0.0, 0.0, 0.0, 0.0, 0.0, 0.0, 0.0, 0.0, 0.0, 0.0, 0.0, 0.0, 0.0, 0.0, 0.0, 0.0, 0.0, 0.0, 0.0, 0.0, 0.0, 0.0, 0.0, 0.0, 0.0, 0.0, 0.0, 0.0, 0.0, 0.0, 0.0, 0.0, 0.0, 0.0, 0.0, 0.0, 0.0, 0.0, 0.0, 0.0, 0.0, 0.0, 0.0, 0.0, 0.0, 0.0, 0.0, 0.0, 0.0, 0.0, 0.0, 0.0, 0.0, 0.0, 0.0, 0.0, 0.0, 0.0, 0.0, 0.0, 0.0, 0.0, 0.0, 0.0, 0.0, 0.0, 0.0, 0.0, 0.0, 0.0, 0.0, 0.0, 0.0, 0.0, 0.0, 0.0, 0.0, 0.0, 0.0, 0.0, 0.0, 0.0, 0.0, 0.0, 0.0, 0.0, 0.0, 0.0, 0.0, 0.0, 0.0, 0.0, 0.0, 0.0, 0.0, 0.0, 0.0, 0.0, 0.0, 0.0, 0.0, 0.0, 0.0, 0.0, 0.0, 0.0, 0.0, 0.0, 0.0, 0.0, 0.0, 0.0, 0.0, 0.0, 0.0, 0.0, -1.0, -1.0, 0.0, 0.0, 0.0, 0.0, 0.0, 0.0, 0.0, 0.0, 0.0, 0.0, 0.0, 0.0, 0.0, 0.0, 0.0, 0.0, 0.0, 0.0, 0.0, 0.0, 0.0, 0.0, -1.0, 0.0, 0.0, 0.0, 0.0, 0.0, 0.0, 0.0, 0.0, 0.0, 0.0, 0.0, 0.0, 0.0, 0.0, 0.0, 0.0, 0.0, 0.0, 0.0, 0.0, 0.0, 0.0, 0.0, 0.0, 0.0, 0.0, 0.0, 0.0, 0.0, 0.0, 0.0, 0.0, 0.0, 0.0, 0.0, 0.0, 0.0, 0.0, 0.0, 0.0, 0.0, 0.0, 0.0, 0.0, 0.0, 0.0, 0.0, 0.0, 0.0, 0.0, 0.0, 0.0, 0.0, 0.0, 0.0, 0.0, 0.0, 0.0, 0.0, 0.0, 0.0, 0.0, 0.0, 0.0, 0.0, 0.0, 0.0, 0.0, 0.0, 0.0, 0.0, 0.0, 0.0, 0.0, 0.0, 0.0, 0.0, 0.0, 0.0, 0.0, 0.0, 0.0, 0.0, 0.0, 0.0, 0.0, 0.0, 0.0, 0.0, 0.0, 0.0, 0.0, 0.0, 0.0, 0.0, 0.0, 0.0, 0.0, 0.0, 0.0, -1.0, 0.0, 0.0, 0.0, 0.0, 0.0, 0.0, 0.0, 0.0, -1.0, 0.0, 0.0, 0.0, 0.0, -1.0, 0.0, -1.0, 0.0, 0.0, 0.0, 0.0, 0.0, 0.0, 0.0, 0.0, 0.0, 0.0, 0.0, 0.0, 0.0, 0.0, 0.0, 0.0, 0.0, 0.0, 0.0, 0.0, 0.0, 0.0, 0.0, 0.0, 0.0, 0.0, 0.0, 0.0, 0.0, 0.0, 0.0, 0.0, 0.0, 0.0, 0.0, 0.0, 0.0, 0.0, 0.0, 0.0, 0.0, 0.0, 0.0, 0.0, 0.0, 0.0, 0.0, 0.0, 0.0, 0.0, 0.0, 0.0, 0.0, 0.0, 0.0, 0.0, 0.0, 0.0, 0.0, 0.0, 0.0, 0.0, 0.0, 0.0, 0.0, 0.0, 0.0, -1.0, -1.0, 0.0, -1.0, -1.0, 0.0, 0.0, 0.0, 0.0, 0.0, 0.0, 0.0, 0.0, 0.0, 0.0, 0.0, 0.0, -1.0, 0.0, 0.0, 0.0, 0.0, 0.0, 0.0, 0.0, 0.0, 0.0, 0.0, 0.0, 0.0, 0.0, 0.0, 0.0, 0.0, 0.0, 0.0, -1.0, 0.0, -1.0, 0.0, 0.0, 0.0, 0.0, 0.0, 0.0, 0.0, 0.0, 0.0, 0.0, 0.0, 0.0, 0.0, 0.0, 0.0, 0.0, 0.0, 0.0, 0.0, 0.0, 0.0, 0.0, 0.0, 0.0, 0.0, 0.0, 0.0, 0.0, 0.0, 0.0, 0.0, 0.0, 0.0, 0.0, 0.0, 0.0, 0.0, 0.0, 0.0, 0.0, 0.0, 0.0, 0.0, -1.0, 0.0, 0.0, 0.0, 0.0, 0.0, 0.0, 0.0, 0.0, 0.0, 0.0, 0.0, 0.0, 0.0, 0.0, 0.0, 0.0, -1.0, 0.0, 0.0, 0.0, 0.0, 0.0, 0.0, 0.0, 0.0, 0.0, -1.0, 0.0, 0.0, 0.0, 0.0, 0.0, 0.0, 0.0, 0.0, 0.0, 0.0, 0.0, 0.0, -1.0, 0.0, 0.0, 0.0, 0.0, 0.0, 0.0, 0.0, 0.0, 0.0, 0.0, 0.0, 0.0, 0.0, 0.0, 0.0, 0.0, 0.0, 0.0, 0.0, 0.0, 0.0, 0.0, 0.0, 0.0, 0.0, 0.0, 0.0, 0.0, 0.0, 0.0, 0.0, 0.0, 0.0, 0.0, -1.0, 0.0, 0.0, 0.0, 0.0, 0.0, -1.0, 0.0, 0.0, 0.0, 0.0, 0.0, 0.0, 0.0, 0.0, 0.0, -1.0, 0.0, 0.0, 0.0, -1.0, 0.0, 0.0, 0.0, 0.0, 0.0, 0.0, -1.0, 0.0, 0.0, 0.0, 0.0, -1.0, 0.0, 0.0, 0.0, 0.0, 0.0, 0.0, 0.0, 0.0, 0.0, 0.0, 0.0, 0.0, 0.0, 0.0, 0.0, 0.0, 0.0, 0.0, 0.0, 0.0, 0.0, 0.0, 0.0, 0.0, 0.0, 0.0, 0.0, -1.0, 0.0, 0.0, 0.0, 0.0, 0.0, 0.0, 0.0, 0.0, 0.0, 0.0, 0.0, 0.0, 0.0, 0.0, 0.0, 0.0, 0.0, 0.0, 0.0, 0.0, 0.0, 0.0, 0.0, 0.0, 0.0, 0.0, 0.0, 0.0, 0.0, 0.0, 0.0, 0.0, 0.0, 0.0, 0.0, 0.0, 0.0, -1.0, 0.0, 0.0, 0.0, 0.0, 0.0, 0.0, 0.0, 0.0, 0.0, 0.0, 0.0, 0.0, 0.0, 0.0, -1.0, 0.0, 0.0, -1.0, 0.0, 0.0, 0.0, 0.0, 0.0, -1.0, 0.0, 0.0, 0.0, 0.0, -1.0, 0.0, 0.0, 0.0, 0.0, 0.0, 0.0, 0.0, 0.0, 0.0, 0.0, 0.0, 0.0, 0.0, 0.0, 0.0, 0.0, 0.0, 0.0, -1.0, 0.0, 0.0, 0.0, 0.0, 0.0, 0.0, 0.0, 0.0, 0.0, 0.0, -1.0, 0.0, 0.0, 0.0, 0.0, 0.0, 0.0, 0.0, 0.0, 0.0, 0.0, 0.0, 0.0, 0.0, 0.0, 0.0, 0.0, 0.0, 0.0, 0.0, 0.0, 0.0, 0.0, 0.0, 0.0, 0.0, -1.0, 0.0, 0.0, 0.0, 0.0, 0.0, 0.0, 0.0, 0.0, 0.0, 0.0, 0.0, 0.0, 0.0, 0.0, 0.0, 0.0, 0.0, 0.0, 0.0, 0.0, 0.0, 0.0, 0.0, 0.0, 0.0, 0.0, 0.0, 0.0, 0.0, 0.0, 0.0, 0.0, 0.0, 0.0, 0.0, -1.0, 0.0, 0.0, 0.0, 0.0, 0.0, -1.0, 0.0, 0.0, 0.0, 0.0, 0.0, 0.0, 0.0, 0.0, 0.0, 0.0, -1.0, -1.0, 0.0, 0.0, 0.0, 0.0, 0.0, 0.0, 0.0, 0.0, 0.0, 0.0, 0.0, 0.0, -1.0, 0.0, 0.0, 0.0, 0.0, -1.0, 0.0, 0.0, 0.0, 0.0, -1.0, 0.0, 0.0, 0.0, 0.0, 0.0, -1.0, 0.0, 0.0, 0.0, 0.0, -1.0, 0.0, 0.0, 0.0, 0.0, 0.0, 0.0, 0.0, 0.0, 0.0, 0.0, 0.0, 0.0, 0.0, 0.0, 0.0, 0.0, 0.0, 0.0, 0.0, 0.0, 0.0, 0.0, 0.0, 0.0, 0.0, 0.0, 0.0, 0.0, 0.0, 0.0, 0.0, 0.0, 0.0, 0.0, 0.0, 0.0, 0.0, 0.0, 0.0, 0.0, 0.0, 0.0, 0.0, 0.0, 0.0, 0.0, 0.0, 0.0, 0.0, 0.0, 0.0, 0.0, -1.0, -1.0, 0.0, 0.0, 0.0, 0.0, 0.0, 0.0, 0.0, 0.0, 0.0, 0.0, 0.0, 0.0, 0.0, 0.0, 0.0, 0.0, 0.0, 0.0, 0.0, 0.0, 0.0, 0.0, 0.0, 0.0, 0.0, 0.0, 0.0, 0.0, 0.0, 0.0, 0.0, 0.0, 0.0, 0.0, 0.0, 0.0, 0.0, 0.0, 0.0, 0.0, 0.0, 0.0, 0.0, 0.0, 0.0, -1.0, -1.0, 0.0, 0.0, 0.0, 0.0, 0.0, -1.0, 0.0, 0.0, -1.0, 0.0, -1.0, 0.0, 0.0, 0.0, -1.0, 0.0, 0.0, 0.0, 0.0, 0.0, 0.0, 0.0 ]),(82,Array S Seq (Sz1 1000)
  [ Infinity, Infinity, Infinity, Infinity, Infinity, Infinity, Infinity, Infinity, Infinity, Infinity, Infinity, Infinity, Infinity, Infinity, Infinity, Infinity, Infinity, Infinity, -1.0, Infinity, Infinity, Infinity, -1.0, Infinity, Infinity, Infinity, Infinity, Infinity, Infinity, Infinity, Infinity, Infinity, Infinity, Infinity, Infinity, Infinity, Infinity, Infinity, Infinity, Infinity, Infinity, Infinity, Infinity, Infinity, Infinity, Infinity, Infinity, Infinity, Infinity, Infinity, Infinity, Infinity, Infinity, Infinity, Infinity, Infinity, Infinity, Infinity, Infinity, Infinity, Infinity, Infinity, Infinity, Infinity, -1.0, Infinity, Infinity, Infinity, Infinity, Infinity, Infinity, Infinity, Infinity, Infinity, Infinity, Infinity, Infinity, Infinity, Infinity, Infinity, Infinity, Infinity, Infinity, Infinity, Infinity, Infinity, -1.0, Infinity, Infinity, Infinity, Infinity, Infinity, Infinity, Infinity, Infinity, Infinity, Infinity, Infinity, Infinity, Infinity, Infinity, Infinity, Infinity, Infinity, Infinity, Infinity, Infinity, Infinity, Infinity, Infinity, Infinity, Infinity, Infinity, Infinity, Infinity, Infinity, Infinity, Infinity, Infinity, Infinity, Infinity, -1.0, Infinity, Infinity, Infinity, Infinity, Infinity, Infinity, Infinity, Infinity, Infinity, Infinity, Infinity, Infinity, Infinity, Infinity, Infinity, Infinity, Infinity, Infinity, Infinity, Infinity, Infinity, Infinity, Infinity, Infinity, Infinity, Infinity, Infinity, Infinity, Infinity, Infinity, Infinity, Infinity, Infinity, Infinity, Infinity, Infinity, Infinity, Infinity, Infinity, Infinity, Infinity, Infinity, Infinity, Infinity, Infinity, Infinity, Infinity, Infinity, Infinity, Infinity, Infinity, Infinity, Infinity, Infinity, Infinity, Infinity, Infinity, Infinity, Infinity, Infinity, Infinity, Infinity, Infinity, Infinity, Infinity, Infinity, Infinity, Infinity, Infinity, Infinity, Infinity, Infinity, Infinity, Infinity, Infinity, Infinity, Infinity, Infinity, Infinity, Infinity, Infinity, Infinity, Infinity, Infinity, Infinity, Infinity, Infinity, Infinity, Infinity, Infinity, Infinity, Infinity, Infinity, Infinity, Infinity, Infinity, Infinity, Infinity, Infinity, Infinity, Infinity, Infinity, Infinity, Infinity, Infinity, Infinity, Infinity, Infinity, Infinity, Infinity, Infinity, Infinity, Infinity, Infinity, Infinity, Infinity, Infinity, -1.0, -1.0, Infinity, Infinity, Infinity, Infinity, Infinity, Infinity, Infinity, Infinity, Infinity, Infinity, Infinity, Infinity, Infinity, Infinity, Infinity, Infinity, Infinity, Infinity, Infinity, Infinity, Infinity, Infinity, -1.0, Infinity, Infinity, Infinity, Infinity, Infinity, Infinity, Infinity, Infinity, Infinity, Infinity, Infinity, Infinity, Infinity, Infinity, Infinity, Infinity, Infinity, Infinity, Infinity, Infinity, Infinity, Infinity, Infinity, Infinity, Infinity, Infinity, Infinity, Infinity, Infinity, Infinity, Infinity, Infinity, Infinity, Infinity, Infinity, Infinity, Infinity, Infinity, Infinity, Infinity, Infinity, Infinity, Infinity, Infinity, Infinity, Infinity, Infinity, Infinity, Infinity, Infinity, Infinity, Infinity, Infinity, Infinity, Infinity, Infinity, Infinity, Infinity, Infinity, Infinity, Infinity, Infinity, Infinity, Infinity, Infinity, Infinity, Infinity, Infinity, Infinity, Infinity, Infinity, Infinity, Infinity, Infinity, Infinity, Infinity, Infinity, Infinity, Infinity, Infinity, Infinity, Infinity, Infinity, Infinity, Infinity, Infinity, Infinity, Infinity, Infinity, Infinity, Infinity, Infinity, Infinity, Infinity, Infinity, Infinity, Infinity, Infinity, Infinity, Infinity, -1.0, Infinity, Infinity, Infinity, Infinity, Infinity, Infinity, Infinity, Infinity, -1.0, Infinity, Infinity, Infinity, Infinity, -1.0, Infinity, -1.0, Infinity, Infinity, Infinity, Infinity, Infinity, Infinity, Infinity, Infinity, Infinity, Infinity, Infinity, Infinity, Infinity, Infinity, Infinity, Infinity, Infinity, Infinity, Infinity, Infinity, Infinity, Infinity, Infinity, Infinity, Infinity, Infinity, Infinity, Infinity, Infinity, Infinity, Infinity, Infinity, Infinity, Infinity, Infinity, Infinity, Infinity, Infinity, Infinity, Infinity, Infinity, Infinity, Infinity, Infinity, Infinity, Infinity, Infinity, Infinity, Infinity, Infinity, Infinity, Infinity, Infinity, Infinity, Infinity, Infinity, Infinity, Infinity, Infinity, Infinity, Infinity, Infinity, Infinity, Infinity, Infinity, Infinity, Infinity, -1.0, -1.0, Infinity, -1.0, -1.0, Infinity, Infinity, Infinity, Infinity, Infinity, Infinity, Infinity, Infinity, Infinity, Infinity, Infinity, Infinity, -1.0, Infinity, Infinity, Infinity, Infinity, Infinity, Infinity, Infinity, Infinity, Infinity, Infinity, Infinity, Infinity, Infinity, Infinity, Infinity, Infinity, Infinity, Infinity, -1.0, Infinity, -1.0, Infinity, Infinity, Infinity, Infinity, Infinity, Infinity, Infinity, Infinity, Infinity, Infinity, Infinity, Infinity, Infinity, Infinity, Infinity, Infinity, Infinity, Infinity, Infinity, Infinity, Infinity, Infinity, Infinity, Infinity, Infinity, Infinity, Infinity, Infinity, Infinity, Infinity, Infinity, Infinity, Infinity, Infinity, Infinity, Infinity, Infinity, Infinity, Infinity, Infinity, Infinity, Infinity, Infinity, -1.0, Infinity, Infinity, Infinity, Infinity, Infinity, Infinity, Infinity, Infinity, Infinity, Infinity, Infinity, Infinity, Infinity, Infinity, Infinity, Infinity, -1.0, Infinity, Infinity, Infinity, Infinity, Infinity, Infinity, Infinity, Infinity, Infinity, -1.0, Infinity, Infinity, Infinity, Infinity, Infinity, Infinity, Infinity, Infinity, Infinity, Infinity, Infinity, Infinity, -1.0, Infinity, Infinity, Infinity, Infinity, Infinity, Infinity, Infinity, Infinity, Infinity, Infinity, Infinity, Infinity, Infinity, Infinity, Infinity, Infinity, Infinity, Infinity, Infinity, Infinity, Infinity, Infinity, Infinity, Infinity, Infinity, Infinity, Infinity, Infinity, Infinity, Infinity, Infinity, Infinity, Infinity, Infinity, -1.0, Infinity, Infinity, Infinity, Infinity, Infinity, -1.0, Infinity, Infinity, Infinity, Infinity, Infinity, Infinity, Infinity, Infinity, Infinity, -1.0, Infinity, Infinity, Infinity, -1.0, Infinity, Infinity, Infinity, Infinity, Infinity, Infinity, -1.0, Infinity, Infinity, Infinity, Infinity, -1.0, Infinity, Infinity, Infinity, Infinity, Infinity, Infinity, Infinity, Infinity, Infinity, Infinity, Infinity, Infinity, Infinity, Infinity, Infinity, Infinity, Infinity, Infinity, Infinity, Infinity, Infinity, Infinity, Infinity, Infinity, Infinity, Infinity, Infinity, -1.0, Infinity, Infinity, Infinity, Infinity, Infinity, Infinity, Infinity, Infinity, Infinity, Infinity, Infinity, Infinity, Infinity, Infinity, Infinity, Infinity, Infinity, Infinity, Infinity, Infinity, Infinity, Infinity, Infinity, Infinity, Infinity, Infinity, Infinity, Infinity, Infinity, Infinity, Infinity, Infinity, Infinity, Infinity, Infinity, Infinity, Infinity, -1.0, Infinity, Infinity, Infinity, Infinity, Infinity, Infinity, Infinity, Infinity, Infinity, Infinity, Infinity, Infinity, Infinity, Infinity, -1.0, Infinity, Infinity, -1.0, Infinity, Infinity, Infinity, Infinity, Infinity, -1.0, Infinity, Infinity, Infinity, Infinity, -1.0, Infinity, Infinity, Infinity, Infinity, Infinity, Infinity, Infinity, Infinity, Infinity, Infinity, Infinity, Infinity, Infinity, Infinity, Infinity, Infinity, Infinity, Infinity, -1.0, Infinity, Infinity, Infinity, Infinity, Infinity, Infinity, Infinity, Infinity, Infinity, Infinity, -1.0, Infinity, Infinity, Infinity, Infinity, Infinity, Infinity, Infinity, Infinity, Infinity, Infinity, Infinity, Infinity, Infinity, Infinity, Infinity, Infinity, Infinity, Infinity, Infinity, Infinity, Infinity, Infinity, Infinity, Infinity, Infinity, -1.0, Infinity, Infinity, Infinity, Infinity, Infinity, Infinity, Infinity, Infinity, Infinity, Infinity, Infinity, Infinity, Infinity, Infinity, Infinity, Infinity, Infinity, Infinity, Infinity, Infinity, Infinity, Infinity, Infinity, Infinity, Infinity, Infinity, Infinity, Infinity, Infinity, Infinity, Infinity, Infinity, Infinity, Infinity, Infinity, -1.0, Infinity, Infinity, Infinity, Infinity, Infinity, -1.0, Infinity, Infinity, Infinity, Infinity, Infinity, Infinity, Infinity, Infinity, Infinity, Infinity, -1.0, -1.0, Infinity, Infinity, Infinity, Infinity, Infinity, Infinity, Infinity, Infinity, Infinity, Infinity, Infinity, Infinity, -1.0, Infinity, Infinity, Infinity, Infinity, -1.0, Infinity, Infinity, Infinity, Infinity, -1.0, Infinity, Infinity, Infinity, Infinity, Infinity, -1.0, Infinity, Infinity, Infinity, Infinity, -1.0, Infinity, Infinity, Infinity, Infinity, Infinity, Infinity, Infinity, Infinity, Infinity, Infinity, Infinity, Infinity, Infinity, Infinity, Infinity, Infinity, Infinity, Infinity, Infinity, Infinity, Infinity, Infinity, Infinity, Infinity, Infinity, Infinity, Infinity, Infinity, Infinity, Infinity, Infinity, Infinity, Infinity, Infinity, Infinity, Infinity, Infinity, Infinity, Infinity, Infinity, Infinity, Infinity, Infinity, Infinity, Infinity, Infinity, Infinity, Infinity, Infinity, Infinity, Infinity, Infinity, -1.0, -1.0, Infinity, Infinity, Infinity, Infinity, Infinity, Infinity, Infinity, Infinity, Infinity, Infinity, Infinity, Infinity, Infinity, Infinity, Infinity, Infinity, Infinity, Infinity, Infinity, Infinity, Infinity, Infinity, Infinity, Infinity, Infinity, Infinity, Infinity, Infinity, Infinity, Infinity, Infinity, Infinity, Infinity, Infinity, Infinity, Infinity, Infinity, Infinity, Infinity, Infinity, Infinity, Infinity, Infinity, Infinity, Infinity, -1.0, -1.0, Infinity, Infinity, Infinity, Infinity, Infinity, -1.0, Infinity, Infinity, -1.0, Infinity, -1.0, Infinity, Infinity, Infinity, -1.0, Infinity, Infinity, Infinity, Infinity, Infinity, Infinity, Infinity ])]
([21,43,44,51,60,70,78,80,81,82],[Param 0,Param 1,Param 2,Param 3,Param 4],5)
Infinity
finish f
(Abs((Abs((((((x7 * x7) + t0) - x2) / ((x3 + t1) * ((x5 * t2) * t3))) * Recip(x5))) ^ Recip((x5 - (x5 + x6))))) ^ t4)
([21,43,44,51,60,70,78,80,81,82],[Param 0,Param 1,Param 2,Param 3,Param 4],5)
(Infinity,Array S Seq (Sz1 5)
  [ -0.6107300727999098, -0.2903560570347401, 0.12572102332026458, 0.9777158708082249, -0.11644693222797531 ],Infinity)
(Array S Seq (Sz1 5)
  [ -0.6107300727999098, -0.2903560570347401, 0.12572102332026458, 0.9777158708082249, -0.11644693222797531 ],5)
(Recip(((t0 / x0) / x3)) * ((x0 + t1) * t2))
minmized
("recurse to ",87,87)
("recurse to ",86,86)
("recurse to ",85,85)
theta 
(3,0)
(Bin Div 9 0,True,True)
(Bin Div 85 3,True,True)
(Uni Recip 86,True,True)
("recurse to ",89,89)
("recurse to ",88,88)
theta 
(3,1)
(Bin Add 0 12,True,True)
theta 
(3,2)
(Bin Mul 88 16,True,True)
(Bin Mul 87 89,True,True)
fromList [(21,Array S Seq (Sz1 1000)
  [ 0.0, NaN, 0.0, 0.0, 0.5, NaN, Infinity, NaN, NaN, 0.0, NaN, 0.0, NaN, 0.0, NaN, NaN, NaN, Infinity, 0.0, 0.0, Infinity, Infinity, NaN, 0.3333333333333333, Infinity, 0.25, NaN, NaN, 0.5, Infinity, 0.5, 0.5, 0.0, NaN, 0.0, Infinity, NaN, 0.0, Infinity, NaN, NaN, 0.3333333333333333, NaN, 0.0, Infinity, NaN, NaN, 0.0, NaN, 0.0, Infinity, 0.0, NaN, NaN, Infinity, NaN, 0.3333333333333333, 0.0, 0.0, NaN, 0.0, 0.0, NaN, 0.0, 0.0, Infinity, 0.0, 0.0, 0.0, NaN, NaN, Infinity, 0.0, Infinity, Infinity, 0.0, NaN, 0.0, NaN, NaN, 0.5, NaN, 0.0, 0.5, Infinity, Infinity, NaN, Infinity, NaN, NaN, 1.0, NaN, NaN, 0.0, 0.0, 0.0, 0.0, 0.2, 0.0, NaN, 0.0, NaN, 0.0, NaN, NaN, 0.0, 0.0, 0.0, Infinity, NaN, 0.0, NaN, NaN, NaN, 0.3333333333333333, 0.5, NaN, Infinity, 0.0, NaN, 0.0, Infinity, NaN, 0.0, NaN, NaN, Infinity, NaN, 0.5, 0.0, 0.0, Infinity, NaN, NaN, Infinity, 0.2, NaN, Infinity, NaN, Infinity, 0.0, 1.0, 1.0, NaN, 0.2, NaN, 0.5, NaN, 0.5, 0.0, 0.0, NaN, NaN, 0.0, NaN, Infinity, NaN, NaN, NaN, NaN, 0.25, NaN, NaN, NaN, NaN, 0.0, 0.0, 0.0, NaN, 0.3333333333333333, NaN, 0.0, NaN, 0.3333333333333333, NaN, NaN, NaN, NaN, NaN, NaN, NaN, Infinity, 0.0, NaN, 0.0, 0.0, NaN, 0.0, 0.5, NaN, NaN, 0.0, 0.0, NaN, NaN, 0.0, NaN, NaN, NaN, 0.0, 0.0, 0.0, 0.5, 0.0, 0.0, NaN, NaN, Infinity, NaN, 0.0, NaN, 0.0, 0.5, Infinity, NaN, NaN, 0.0, 0.5, Infinity, 0.0, Infinity, NaN, NaN, NaN, Infinity, 0.0, NaN, NaN, 0.0, NaN, 0.0, NaN, NaN, NaN, 0.0, 0.0, Infinity, 1.0, NaN, NaN, 0.0, 0.0, 0.0, 0.0, NaN, NaN, 0.0, NaN, Infinity, NaN, 0.0, NaN, NaN, 0.0, Infinity, NaN, NaN, NaN, 0.0, 0.5, NaN, NaN, NaN, Infinity, 0.0, NaN, 0.0, 0.0, Infinity, NaN, 0.0, 0.0, Infinity, NaN, NaN, 0.0, NaN, NaN, Infinity, 0.0, 0.0, NaN, Infinity, 0.5, NaN, NaN, 0.0, Infinity, 0.0, NaN, NaN, NaN, NaN, 0.25, Infinity, 1.0, 0.0, 0.0, Infinity, 0.0, NaN, NaN, 0.5, NaN, 0.5, 0.0, Infinity, Infinity, 0.0, 0.0, 0.0, 0.5, 0.0, Infinity, Infinity, NaN, Infinity, 0.0, Infinity, 0.0, NaN, 0.0, NaN, Infinity, NaN, Infinity, Infinity, 0.0, Infinity, 1.0, NaN, NaN, Infinity, 0.0, 0.5, NaN, NaN, 0.0, 0.0, 0.2, 0.0, Infinity, 0.0, 0.0, Infinity, Infinity, Infinity, NaN, 0.0, 0.0, 0.0, 0.3333333333333333, NaN, 0.5, NaN, NaN, NaN, 0.0, 0.0, 0.3333333333333333, 0.0, NaN, 0.0, NaN, Infinity, NaN, NaN, 0.25, Infinity, 0.0, Infinity, 0.0, 0.0, NaN, Infinity, 0.5, 0.0, 0.0, NaN, 0.0, Infinity, 0.3333333333333333, NaN, 0.0, NaN, 0.5, NaN, 0.3333333333333333, NaN, NaN, Infinity, NaN, NaN, NaN, NaN, NaN, NaN, 0.5, 0.0, NaN, Infinity, 0.0, 0.5, 0.0, NaN, 0.5, 0.0, 0.0, NaN, NaN, Infinity, 0.0, NaN, 0.0, NaN, 0.0, 0.0, NaN, Infinity, 1.0, NaN, 0.0, NaN, 0.0, 0.0, NaN, Infinity, 0.0, 0.3333333333333333, 0.0, 0.0, 0.5, Infinity, NaN, Infinity, 0.3333333333333333, NaN, NaN, 0.0, 0.0, NaN, NaN, 0.0, 0.3333333333333333, NaN, NaN, Infinity, NaN, NaN, Infinity, NaN, 0.0, 0.3333333333333333, Infinity, 0.0, Infinity, NaN, NaN, 0.0, NaN, 0.0, 0.0, 0.0, 0.0, 0.0, 0.3333333333333333, 0.0, NaN, Infinity, 0.3333333333333333, NaN, 0.0, NaN, NaN, 0.0, 0.0, 0.0, NaN, 0.0, 0.0, 0.0, NaN, 0.3333333333333333, 0.0, NaN, 0.0, 0.0, 0.3333333333333333, NaN, 0.3333333333333333, 0.0, 0.0, Infinity, Infinity, NaN, Infinity, Infinity, 0.0, Infinity, 0.0, 0.3333333333333333, NaN, Infinity, 0.0, Infinity, NaN, 0.0, 0.0, NaN, 1.0, 0.0, 0.0, NaN, 0.0, NaN, 0.0, NaN, NaN, Infinity, 0.0, NaN, 0.3333333333333333, Infinity, NaN, 0.0, 0.0, NaN, 0.0, 0.0, NaN, Infinity, 0.0, 0.0, 0.5, Infinity, Infinity, Infinity, NaN, 0.0, 0.0, NaN, 0.25, Infinity, 0.0, NaN, NaN, Infinity, 0.0, 0.2, NaN, NaN, 0.0, 0.0, NaN, Infinity, 0.0, 0.0, 0.0, NaN, 0.5, NaN, 0.0, 0.0, NaN, 0.0, NaN, NaN, 0.0, 0.3333333333333333, NaN, 0.0, 0.0, NaN, 0.0, NaN, Infinity, Infinity, Infinity, NaN, Infinity, NaN, NaN, Infinity, NaN, NaN, Infinity, 0.0, NaN, NaN, 0.5, 0.3333333333333333, 0.3333333333333333, 0.0, 0.0, 0.0, 0.0, Infinity, Infinity, 0.0, 0.0, NaN, 0.0, 0.5, 0.0, 0.0, NaN, NaN, NaN, NaN, NaN, 0.0, NaN, 1.0, 0.3333333333333333, 0.0, NaN, 0.0, 0.0, 0.0, 0.3333333333333333, 0.0, NaN, Infinity, 0.0, NaN, Infinity, 0.0, NaN, Infinity, 0.0, 0.5, NaN, NaN, NaN, NaN, 0.2, 0.0, Infinity, Infinity, NaN, NaN, NaN, NaN, 0.0, Infinity, 0.0, NaN, NaN, NaN, NaN, 0.0, 0.3333333333333333, Infinity, Infinity, 0.0, 0.0, 0.0, Infinity, 0.0, NaN, NaN, 0.0, Infinity, Infinity, NaN, NaN, NaN, 1.0, NaN, 0.3333333333333333, NaN, 0.0, NaN, NaN, 0.0, 0.0, NaN, NaN, 0.0, NaN, NaN, 0.0, NaN, NaN, NaN, NaN, Infinity, 1.0, Infinity, Infinity, NaN, Infinity, 0.5, 0.0, 0.0, 0.5, 0.0, NaN, 0.3333333333333333, NaN, NaN, Infinity, 0.0, Infinity, 0.0, NaN, 0.0, Infinity, Infinity, 0.0, 0.5, 0.0, Infinity, Infinity, 0.5, NaN, 0.0, 0.0, Infinity, NaN, NaN, Infinity, 0.5, 0.0, NaN, 0.0, NaN, NaN, Infinity, Infinity, 0.0, 0.0, Infinity, Infinity, NaN, 0.0, NaN, 0.0, 0.0, NaN, Infinity, Infinity, 0.0, 0.0, NaN, 0.0, 0.5, NaN, NaN, 0.0, 0.0, Infinity, NaN, 0.0, NaN, 0.3333333333333333, Infinity, NaN, 0.0, 0.0, 0.0, 0.0, NaN, Infinity, NaN, NaN, NaN, 0.0, 0.0, 0.0, 0.0, 1.0, Infinity, NaN, Infinity, 0.0, 0.3333333333333333, 0.0, Infinity, 0.0, NaN, NaN, 0.0, NaN, Infinity, 0.0, 0.0, NaN, 0.5, 0.0, NaN, NaN, 0.3333333333333333, 0.0, NaN, Infinity, 0.5, 0.0, 0.0, 0.0, 0.0, Infinity, 0.5, 0.0, NaN, Infinity, 1.0, 0.0, Infinity, Infinity, 0.0, 0.0, 0.0, NaN, NaN, 0.3333333333333333, NaN, 0.0, Infinity, NaN, 0.0, 0.0, NaN, 0.0, 0.0, NaN, 0.0, 0.0, Infinity, NaN, 0.0, NaN, NaN, NaN, 0.0, Infinity, 0.0, 0.5, NaN, 0.5, Infinity, NaN, 0.5, NaN, NaN, 0.0, Infinity, 0.0, 0.0, 0.0, 0.0, 0.0, 0.0, NaN, NaN, NaN, 0.5, 1.0, NaN, NaN, Infinity, NaN, 0.0, NaN, 0.0, 0.0, NaN, 0.0, 0.0, 0.0, Infinity, 0.0, 0.5, NaN, NaN, 0.0, 0.0, NaN, NaN, 0.0, 0.0, NaN, Infinity, NaN, 0.3333333333333333, NaN, Infinity, Infinity, 0.0, 0.0, 0.0, 0.0, NaN, 0.0, 0.3333333333333333, Infinity, Infinity, NaN, NaN, 0.0, NaN, NaN, 0.5, Infinity, NaN, Infinity, NaN, 0.5, NaN, Infinity, NaN, 0.3333333333333333, 0.0, Infinity, NaN, NaN, 0.3333333333333333, 0.0, 0.0, 0.0, Infinity, 0.0, 0.0, 0.0, 0.0, 0.3333333333333333, Infinity, NaN, NaN, 0.0, 0.0, NaN, 0.0, NaN, Infinity, NaN, Infinity, 0.0, 0.0, 0.0, 0.0, Infinity, NaN, 0.0, 0.0, 0.0, 0.0, Infinity, NaN, 0.0, 1.0, 0.3333333333333333, 0.5, NaN, 1.0, 0.0, Infinity, NaN, 0.0, NaN, 0.25, NaN, NaN, 0.0, 0.0, NaN, 0.25, 0.0, Infinity, 0.0, NaN, Infinity, NaN, Infinity, 0.0, 0.0, 0.0, NaN, 0.5, 0.0, Infinity, 0.0, 0.0, 0.0, NaN, NaN, 0.5, 0.0, 0.0, 0.0, 0.0, Infinity, NaN, Infinity, 0.5, NaN, 0.0, 0.0, NaN, 0.0 ]),(43,Array S Seq (Sz1 1000)
  [ 1.0, 1.0, 1.0, 1.0, 136.01341247558594, 1.0, 132.46034240722656, 1.0, 1.0, 1.0, 1.0, 1.0, 1.0, 1.0, 1.0, 1.0, 1.0, 195.7398681640625, 1.0, 1.0, 125.3662109375, 100.45612335205078, 1.0, 227.5116424560547, 181.67588806152344, 143.7611083984375, 1.0, 1.0, 116.65486145019533, 131.63455200195313, 121.69271850585938, 123.9864273071289, 1.0, 1.0, 1.0, 98.12364959716795, 1.0, 1.0, 125.39635467529295, 1.0, 1.0, 95.56956481933594, 1.0, 1.0, 188.5592803955078, 1.0, 1.0, 1.0, 1.0, 1.0, 142.63609313964844, 1.0, 1.0, 1.0, 111.1320571899414, 1.0, 106.53964233398438, 1.0, 1.0, 1.0, 1.0, 1.0, 1.0, 1.0, 1.0, 111.14727783203124, 1.0, 1.0, 1.0, 1.0, 1.0, 117.57294464111328, 1.0, 145.8654022216797, 164.04278564453125, 1.0, 1.0, 1.0, 1.0, 1.0, 133.8019256591797, 1.0, 1.0, 115.20513153076172, 121.85877990722656, 113.01095581054688, 1.0, 130.25531005859375, 1.0, 1.0, 94.25062561035156, 1.0, 1.0, 1.0, 1.0, 1.0, 1.0, 96.33263397216795, 1.0, 1.0, 1.0, 1.0, 1.0, 1.0, 1.0, 1.0, 1.0, 1.0, 220.2862243652344, 1.0, 1.0, 1.0, 1.0, 1.0, 102.52779388427734, 97.68030548095705, 1.0, 180.83546447753903, 1.0, 1.0, 1.0, 131.17535400390625, 1.0, 1.0, 1.0, 1.0, 94.65105438232422, 1.0, 139.61727905273438, 1.0, 1.0, 145.06817626953125, 1.0, 1.0, 107.42437744140624, 95.64950561523438, 1.0, 134.4632110595703, 1.0, 93.6827163696289, 1.0, 97.78213500976563, 124.27935028076172, 1.0, 164.24832153320313, 1.0, 137.6710205078125, 1.0, 178.83338928222656, 1.0, 1.0, 1.0, 1.0, 1.0, 1.0, 169.51242065429688, 1.0, 1.0, 1.0, 1.0, 95.2139663696289, 1.0, 1.0, 1.0, 1.0, 1.0, 1.0, 1.0, 1.0, 141.16954040527344, 1.0, 1.0, 1.0, 112.09339141845705, 1.0, 1.0, 1.0, 1.0, 1.0, 1.0, 1.0, 119.0601577758789, 1.0, 1.0, 1.0, 1.0, 1.0, 1.0, 99.06946563720705, 1.0, 1.0, 1.0, 1.0, 1.0, 1.0, 1.0, 1.0, 1.0, 1.0, 1.0, 1.0, 1.0, 112.79476928710938, 1.0, 1.0, 1.0, 1.0, 196.0348358154297, 1.0, 1.0, 1.0, 1.0, 113.68338012695313, 118.33258819580078, 1.0, 1.0, 1.0, 136.78173828125, 139.28744506835938, 1.0, 117.33659362792967, 1.0, 1.0, 1.0, 178.14915466308594, 1.0, 1.0, 1.0, 1.0, 1.0, 1.0, 1.0, 1.0, 1.0, 1.0, 1.0, 135.50515747070313, 159.59939575195313, 1.0, 1.0, 1.0, 1.0, 1.0, 1.0, 1.0, 1.0, 1.0, 1.0, 97.01697540283205, 1.0, 1.0, 1.0, 1.0, 1.0, 133.14422607421875, 1.0, 1.0, 1.0, 1.0, 114.9203643798828, 1.0, 1.0, 1.0, 110.6036148071289, 1.0, 1.0, 1.0, 1.0, 176.58807373046875, 1.0, 1.0, 1.0, 123.84322357177734, 1.0, 1.0, 1.0, 1.0, 1.0, 119.71439361572266, 1.0, 1.0, 1.0, 106.53526306152344, 94.0523452758789, 1.0, 1.0, 1.0, 126.93397521972656, 1.0, 1.0, 1.0, 1.0, 1.0, 117.0088348388672, 119.5029754638672, 125.56053161621094, 1.0, 1.0, 132.14598083496094, 1.0, 1.0, 1.0, 87.41312408447266, 1.0, 95.02692413330078, 1.0, 119.26365661621094, 134.45970153808594, 1.0, 1.0, 1.0, 99.28182983398438, 1.0, 94.6075439453125, 94.46876525878906, 1.0, 137.4488525390625, 1.0, 211.2836761474609, 1.0, 1.0, 1.0, 1.0, 114.7640380859375, 1.0, 135.9503936767578, 130.70127868652344, 1.0, 137.80044555664063, 88.28662872314453, 1.0, 1.0, 130.83872985839844, 1.0, 111.05498504638672, 1.0, 1.0, 1.0, 1.0, 100.09678649902344, 1.0, 122.81951141357422, 1.0, 1.0, 110.52544403076172, 115.51080322265624, 122.59165954589844, 1.0, 1.0, 1.0, 1.0, 101.6290283203125, 1.0, 94.34821319580078, 1.0, 1.0, 1.0, 1.0, 1.0, 114.70557403564452, 1.0, 1.0, 1.0, 1.0, 95.76242065429688, 1.0, 1.0, 112.5141372680664, 88.15782165527344, 1.0, 120.7089614868164, 1.0, 1.0, 1.0, 105.655517578125, 135.57460021972656, 1.0, 1.0, 1.0, 1.0, 193.0663604736328, 117.15084075927734, 1.0, 1.0, 1.0, 122.7280502319336, 1.0, 208.4979553222656, 1.0, 1.0, 166.6735076904297, 1.0, 1.0, 1.0, 1.0, 1.0, 1.0, 86.81338500976563, 1.0, 1.0, 95.30038452148438, 1.0, 142.10365295410156, 1.0, 1.0, 173.66940307617188, 1.0, 1.0, 1.0, 1.0, 118.42745208740234, 1.0, 1.0, 1.0, 1.0, 1.0, 1.0, 1.0, 96.7544937133789, 112.22957611083984, 1.0, 1.0, 1.0, 1.0, 1.0, 1.0, 99.88421630859376, 1.0, 125.21788787841795, 1.0, 1.0, 92.98644256591795, 132.99009704589844, 1.0, 89.97750854492188, 120.1999282836914, 1.0, 1.0, 1.0, 1.0, 1.0, 1.0, 1.0, 115.55187225341795, 1.0, 1.0, 125.03704833984376, 1.0, 1.0, 97.14032745361328, 1.0, 1.0, 116.3814926147461, 109.56224060058594, 1.0, 159.73794555664063, 1.0, 1.0, 1.0, 1.0, 1.0, 1.0, 1.0, 1.0, 1.0, 102.50216674804688, 1.0, 1.0, 99.54903411865234, 127.79768371582033, 1.0, 1.0, 1.0, 1.0, 1.0, 1.0, 1.0, 1.0, 1.0, 1.0, 1.0, 1.0, 138.177490234375, 1.0, 1.0, 1.0, 1.0, 124.6482391357422, 1.0, 154.5901336669922, 1.0, 1.0, 113.44416809082033, 214.61415100097656, 1.0, 128.01129150390625, 110.81842803955078, 1.0, 119.41241455078124, 1.0, 127.96310424804688, 1.0, 93.6087417602539, 1.0, 132.87777709960938, 1.0, 1.0, 1.0, 1.0, 104.17752075195313, 1.0, 1.0, 1.0, 1.0, 1.0, 1.0, 1.0, 1.0, 98.71143341064452, 1.0, 1.0, 95.66000366210938, 82.81594848632813, 1.0, 1.0, 1.0, 1.0, 1.0, 1.0, 1.0, 94.98185729980467, 1.0, 1.0, 122.54882049560548, 110.1447296142578, 125.89794921875, 110.60667419433594, 1.0, 1.0, 1.0, 1.0, 122.43759155273438, 176.41217041015625, 1.0, 1.0, 1.0, 104.21048736572266, 1.0, 124.56581115722656, 1.0, 1.0, 1.0, 1.0, 1.0, 109.88538360595705, 1.0, 1.0, 1.0, 1.0, 195.908920288086, 1.0, 1.0, 1.0, 1.0, 1.0, 1.0, 1.0, 1.0, 95.1094741821289, 1.0, 1.0, 1.0, 1.0, 1.0, 1.0, 114.64632415771484, 106.94384765625, 113.65746307373048, 1.0, 110.3374252319336, 1.0, 1.0, 108.91471099853516, 1.0, 1.0, 115.75985717773438, 1.0, 1.0, 1.0, 115.35077667236328, 86.42877960205078, 103.85904693603516, 1.0, 1.0, 1.0, 1.0, 157.17108154296875, 184.26934814453125, 1.0, 1.0, 1.0, 1.0, 78.71513366699219, 1.0, 1.0, 1.0, 1.0, 1.0, 1.0, 1.0, 1.0, 1.0, 102.94474029541016, 108.03286743164063, 1.0, 1.0, 1.0, 1.0, 1.0, 209.7331085205078, 1.0, 1.0, 101.8200912475586, 1.0, 1.0, 120.1257781982422, 1.0, 1.0, 108.91339874267578, 1.0, 120.2540512084961, 1.0, 1.0, 1.0, 1.0, 111.05274200439452, 1.0, 137.75344848632813, 110.5718231201172, 1.0, 1.0, 1.0, 1.0, 1.0, 113.15443420410156, 1.0, 1.0, 1.0, 1.0, 1.0, 1.0, 124.5980453491211, 142.53700256347656, 100.27295684814452, 1.0, 1.0, 1.0, 96.29581451416016, 1.0, 1.0, 1.0, 1.0, 210.9147491455078, 112.43791961669922, 1.0, 1.0, 1.0, 102.27661895751952, 1.0, 158.00369262695313, 1.0, 1.0, 1.0, 1.0, 1.0, 1.0, 1.0, 1.0, 1.0, 1.0, 1.0, 1.0, 1.0, 1.0, 1.0, 1.0, 118.8065948486328, 90.81153869628906, 133.96786499023438, 123.07068634033205, 1.0, 127.35945129394533, 107.52288055419922, 1.0, 1.0, 113.804931640625, 1.0, 1.0, 109.20843505859376, 1.0, 1.0, 90.13827514648438, 1.0, 125.06075286865234, 1.0, 1.0, 1.0, 111.260986328125, 128.94735717773438, 1.0, 126.4247055053711, 1.0, 121.1880340576172, 92.16293334960938, 95.39696502685548, 1.0, 1.0, 1.0, 123.01937103271484, 1.0, 1.0, 93.52633666992188, 137.6227264404297, 1.0, 1.0, 1.0, 1.0, 1.0, 97.92525482177734, 122.70101165771484, 1.0, 1.0, 141.82980346679688, 121.66460418701172, 1.0, 1.0, 1.0, 1.0, 1.0, 1.0, 134.35581970214844, 124.31578063964844, 1.0, 1.0, 1.0, 1.0, 213.21923828125, 1.0, 1.0, 1.0, 1.0, 93.49762725830078, 1.0, 1.0, 1.0, 101.03815460205078, 111.4580078125, 1.0, 1.0, 1.0, 1.0, 1.0, 1.0, 191.4119415283203, 1.0, 1.0, 1.0, 1.0, 1.0, 1.0, 1.0, 119.91690826416016, 117.36027526855467, 1.0, 100.55362701416016, 1.0, 133.1939697265625, 1.0, 109.63882446289063, 1.0, 1.0, 1.0, 1.0, 1.0, 108.5556411743164, 1.0, 1.0, 1.0, 112.54126739501952, 1.0, 1.0, 1.0, 93.88091278076172, 1.0, 1.0, 180.0272674560547, 132.2572021484375, 1.0, 1.0, 1.0, 1.0, 130.3162841796875, 122.96540069580078, 1.0, 1.0, 198.93917846679688, 123.3795394897461, 1.0, 201.30909729003903, 105.96451568603516, 1.0, 1.0, 1.0, 1.0, 1.0, 131.46376037597656, 1.0, 1.0, 120.38939666748048, 1.0, 1.0, 1.0, 1.0, 1.0, 1.0, 1.0, 1.0, 1.0, 108.23681640625, 1.0, 1.0, 1.0, 1.0, 1.0, 1.0, 86.50275421142578, 1.0, 122.35628509521484, 1.0, 111.6075439453125, 188.20957946777344, 1.0, 101.7471923828125, 1.0, 1.0, 1.0, 82.9847183227539, 1.0, 1.0, 1.0, 1.0, 1.0, 1.0, 1.0, 1.0, 1.0, 88.28398132324219, 115.1414566040039, 1.0, 1.0, 95.97608184814452, 1.0, 1.0, 1.0, 1.0, 1.0, 1.0, 1.0, 1.0, 1.0, 102.81180572509766, 1.0, 164.551025390625, 1.0, 1.0, 1.0, 1.0, 1.0, 1.0, 1.0, 1.0, 1.0, 167.08934020996094, 1.0, 138.1129608154297, 1.0, 200.2909240722656, 182.18942260742188, 1.0, 1.0, 1.0, 1.0, 1.0, 1.0, 176.19436645507813, 84.4425277709961, 175.30105590820313, 1.0, 1.0, 1.0, 1.0, 1.0, 186.5384826660156, 163.12045288085938, 1.0, 135.02955627441406, 1.0, 98.9612274169922, 1.0, 136.63552856445313, 1.0, 92.15441131591795, 1.0, 85.46287536621094, 1.0, 1.0, 105.56327056884766, 1.0, 1.0, 1.0, 93.44153594970705, 1.0, 1.0, 1.0, 1.0, 118.16268157958984, 198.2670440673828, 1.0, 1.0, 1.0, 1.0, 1.0, 1.0, 1.0, 112.34520721435548, 1.0, 90.25405883789063, 1.0, 1.0, 1.0, 1.0, 109.6977767944336, 1.0, 1.0, 1.0, 1.0, 1.0, 103.0973129272461, 1.0, 1.0, 114.24532318115234, 111.91062927246094, 178.84811401367188, 1.0, 187.9645233154297, 1.0, 107.05181121826172, 1.0, 1.0, 1.0, 119.16615295410156, 1.0, 1.0, 1.0, 1.0, 1.0, 117.20548248291016, 1.0, 116.38352966308594, 1.0, 1.0, 100.95030975341795, 1.0, 138.2363739013672, 1.0, 1.0, 1.0, 1.0, 124.95571899414063, 1.0, 141.69619750976563, 1.0, 1.0, 1.0, 1.0, 1.0, 99.37890625, 1.0, 1.0, 1.0, 1.0, 97.0040512084961, 1.0, 137.1707763671875, 89.20085144042969, 1.0, 1.0, 1.0, 1.0, 1.0 ]),(44,Array S Seq (Sz1 1000)
  [ 4.0, 1.0, 3.0, 5.0, 138.01341247558594, 1.0, 132.46034240722656, 1.0, 1.0, 3.0, 1.0, 2.0, 1.0, 3.0, 1.0, 1.0, 1.0, 195.7398681640625, 3.0, 4.0, 125.3662109375, 100.45612335205078, 1.0, 230.5116424560547, 181.67588806152344, 147.7611083984375, 1.0, 1.0, 118.65486145019533, 131.63455200195313, 123.69271850585938, 125.9864273071289, 3.0, 1.0, 3.0, 98.12364959716795, 1.0, 3.0, 125.39635467529295, 1.0, 1.0, 98.56956481933594, 1.0, 4.0, 188.5592803955078, 1.0, 1.0, 3.0, 1.0, 4.0, 142.63609313964844, 4.0, 1.0, 1.0, 111.1320571899414, 1.0, 109.53964233398438, 4.0, 3.0, 1.0, 3.0, 4.0, 1.0, 3.0, 4.0, 111.14727783203124, 3.0, 4.0, 3.0, 1.0, 1.0, 117.57294464111328, 2.0, 145.8654022216797, 164.04278564453125, 2.0, 1.0, 3.0, 1.0, 1.0, 135.8019256591797, 1.0, 4.0, 117.20513153076172, 121.85877990722656, 113.01095581054688, 1.0, 130.25531005859375, 1.0, 1.0, 95.25062561035156, 1.0, 1.0, 4.0, 4.0, 4.0, 3.0, 101.33263397216795, 4.0, 1.0, 3.0, 1.0, 3.0, 1.0, 1.0, 3.0, 3.0, 2.0, 220.2862243652344, 1.0, 5.0, 1.0, 1.0, 1.0, 105.52779388427734, 99.68030548095705, 1.0, 180.83546447753903, 2.0, 1.0, 3.0, 131.17535400390625, 1.0, 2.0, 1.0, 1.0, 94.65105438232422, 1.0, 141.61727905273438, 4.0, 2.0, 145.06817626953125, 1.0, 1.0, 107.42437744140624, 100.64950561523438, 1.0, 134.4632110595703, 1.0, 93.6827163696289, 3.0, 98.78213500976563, 125.27935028076172, 1.0, 169.24832153320313, 1.0, 139.6710205078125, 1.0, 180.83338928222656, 3.0, 2.0, 1.0, 1.0, 4.0, 1.0, 169.51242065429688, 1.0, 1.0, 1.0, 1.0, 99.2139663696289, 1.0, 1.0, 1.0, 1.0, 2.0, 2.0, 4.0, 1.0, 144.16954040527344, 1.0, 4.0, 1.0, 115.09339141845705, 1.0, 1.0, 1.0, 1.0, 1.0, 1.0, 1.0, 119.0601577758789, 4.0, 1.0, 3.0, 3.0, 1.0, 3.0, 101.06946563720705, 1.0, 1.0, 3.0, 4.0, 1.0, 1.0, 3.0, 1.0, 1.0, 1.0, 3.0, 3.0, 3.0, 114.79476928710938, 4.0, 3.0, 1.0, 1.0, 196.0348358154297, 1.0, 3.0, 1.0, 4.0, 115.68338012695313, 118.33258819580078, 1.0, 1.0, 4.0, 138.78173828125, 139.28744506835938, 4.0, 117.33659362792967, 1.0, 1.0, 1.0, 178.14915466308594, 3.0, 1.0, 1.0, 4.0, 1.0, 3.0, 1.0, 1.0, 1.0, 4.0, 3.0, 135.50515747070313, 160.59939575195313, 1.0, 1.0, 3.0, 3.0, 3.0, 4.0, 1.0, 1.0, 3.0, 1.0, 97.01697540283205, 1.0, 6.0, 1.0, 1.0, 4.0, 133.14422607421875, 1.0, 1.0, 1.0, 2.0, 116.9203643798828, 1.0, 1.0, 1.0, 110.6036148071289, 4.0, 1.0, 3.0, 4.0, 176.58807373046875, 1.0, 4.0, 4.0, 123.84322357177734, 1.0, 1.0, 6.0, 1.0, 1.0, 119.71439361572266, 6.0, 4.0, 1.0, 106.53526306152344, 96.0523452758789, 1.0, 1.0, 3.0, 126.93397521972656, 4.0, 1.0, 1.0, 1.0, 1.0, 121.0088348388672, 119.5029754638672, 126.56053161621094, 3.0, 4.0, 132.14598083496094, 3.0, 1.0, 1.0, 89.41312408447266, 1.0, 97.02692413330078, 4.0, 119.26365661621094, 134.45970153808594, 3.0, 5.0, 3.0, 101.28182983398438, 4.0, 94.6075439453125, 94.46876525878906, 1.0, 137.4488525390625, 3.0, 211.2836761474609, 2.0, 1.0, 4.0, 1.0, 114.7640380859375, 1.0, 135.9503936767578, 130.70127868652344, 4.0, 137.80044555664063, 89.28662872314453, 1.0, 1.0, 130.83872985839844, 6.0, 113.05498504638672, 1.0, 1.0, 4.0, 5.0, 105.09678649902344, 4.0, 122.81951141357422, 3.0, 5.0, 110.52544403076172, 115.51080322265624, 122.59165954589844, 1.0, 3.0, 4.0, 3.0, 104.6290283203125, 1.0, 96.34821319580078, 1.0, 1.0, 1.0, 4.0, 3.0, 117.70557403564452, 4.0, 1.0, 3.0, 1.0, 95.76242065429688, 1.0, 1.0, 116.5141372680664, 88.15782165527344, 3.0, 120.7089614868164, 4.0, 4.0, 1.0, 105.655517578125, 137.57460021972656, 3.0, 3.0, 1.0, 5.0, 193.0663604736328, 120.15084075927734, 1.0, 4.0, 1.0, 124.7280502319336, 1.0, 211.4979553222656, 1.0, 1.0, 166.6735076904297, 1.0, 1.0, 1.0, 1.0, 1.0, 1.0, 88.81338500976563, 3.0, 1.0, 95.30038452148438, 3.0, 144.10365295410156, 3.0, 1.0, 175.66940307617188, 5.0, 3.0, 1.0, 1.0, 118.42745208740234, 3.0, 1.0, 3.0, 1.0, 6.0, 6.0, 1.0, 96.7544937133789, 113.22957611083984, 1.0, 4.0, 1.0, 4.0, 3.0, 1.0, 99.88421630859376, 3.0, 128.21788787841797, 3.0, 3.0, 94.98644256591795, 132.99009704589844, 1.0, 89.97750854492188, 123.1999282836914, 1.0, 1.0, 3.0, 4.0, 1.0, 1.0, 4.0, 118.55187225341795, 1.0, 1.0, 125.03704833984376, 1.0, 1.0, 97.14032745361328, 1.0, 3.0, 119.3814926147461, 109.56224060058594, 4.0, 159.73794555664063, 1.0, 1.0, 3.0, 1.0, 3.0, 3.0, 3.0, 4.0, 3.0, 105.50216674804688, 4.0, 1.0, 99.54903411865234, 130.7976837158203, 1.0, 6.0, 1.0, 1.0, 6.0, 3.0, 4.0, 1.0, 2.0, 3.0, 3.0, 1.0, 141.177490234375, 4.0, 1.0, 3.0, 4.0, 127.6482391357422, 1.0, 157.5901336669922, 5.0, 3.0, 113.44416809082033, 214.61415100097656, 1.0, 128.01129150390625, 110.81842803955078, 3.0, 119.41241455078124, 3.0, 130.96310424804688, 1.0, 93.6087417602539, 4.0, 132.87777709960938, 1.0, 4.0, 2.0, 1.0, 105.17752075195313, 3.0, 4.0, 1.0, 3.0, 1.0, 3.0, 1.0, 1.0, 98.71143341064452, 3.0, 1.0, 98.66000366210938, 82.81594848632813, 1.0, 4.0, 3.0, 1.0, 3.0, 4.0, 1.0, 94.98185729980467, 4.0, 6.0, 124.54882049560548, 110.1447296142578, 125.89794921875, 110.60667419433594, 1.0, 2.0, 3.0, 1.0, 126.43759155273438, 176.41217041015625, 3.0, 1.0, 1.0, 104.21048736572266, 5.0, 129.56581115722656, 1.0, 1.0, 4.0, 3.0, 1.0, 109.88538360595705, 2.0, 5.0, 3.0, 1.0, 197.908920288086, 1.0, 5.0, 3.0, 1.0, 2.0, 1.0, 1.0, 4.0, 98.1094741821289, 1.0, 3.0, 2.0, 1.0, 3.0, 1.0, 114.64632415771484, 106.94384765625, 113.65746307373048, 1.0, 110.3374252319336, 1.0, 1.0, 108.91471099853516, 1.0, 1.0, 115.75985717773438, 2.0, 1.0, 1.0, 117.35077667236328, 89.42877960205078, 106.85904693603516, 4.0, 3.0, 3.0, 4.0, 157.17108154296875, 184.26934814453125, 3.0, 3.0, 1.0, 3.0, 80.71513366699219, 3.0, 3.0, 1.0, 1.0, 1.0, 1.0, 1.0, 3.0, 1.0, 103.94474029541016, 111.03286743164063, 3.0, 1.0, 4.0, 3.0, 3.0, 212.7331085205078, 4.0, 1.0, 101.8200912475586, 3.0, 1.0, 120.1257781982422, 4.0, 1.0, 108.91339874267578, 3.0, 122.2540512084961, 1.0, 1.0, 1.0, 1.0, 116.05274200439452, 3.0, 137.75344848632813, 110.5718231201172, 1.0, 1.0, 1.0, 1.0, 3.0, 113.15443420410156, 3.0, 1.0, 1.0, 1.0, 1.0, 3.0, 127.5980453491211, 142.53700256347656, 100.27295684814452, 3.0, 3.0, 3.0, 96.29581451416016, 4.0, 1.0, 1.0, 3.0, 210.9147491455078, 112.43791961669922, 1.0, 1.0, 1.0, 103.27661895751952, 1.0, 161.00369262695313, 1.0, 3.0, 1.0, 1.0, 6.0, 3.0, 1.0, 1.0, 5.0, 1.0, 1.0, 6.0, 1.0, 1.0, 1.0, 1.0, 118.8065948486328, 91.81153869628906, 133.96786499023438, 123.07068634033205, 1.0, 127.35945129394533, 109.52288055419922, 2.0, 4.0, 115.804931640625, 4.0, 1.0, 112.20843505859376, 1.0, 1.0, 90.13827514648438, 4.0, 125.06075286865234, 3.0, 1.0, 3.0, 111.260986328125, 128.94735717773438, 3.0, 128.4247055053711, 4.0, 121.1880340576172, 92.16293334960938, 97.39696502685548, 1.0, 3.0, 4.0, 123.01937103271484, 1.0, 1.0, 93.52633666992188, 139.6227264404297, 4.0, 1.0, 3.0, 1.0, 1.0, 97.92525482177734, 122.70101165771484, 3.0, 4.0, 141.82980346679688, 121.66460418701172, 1.0, 4.0, 1.0, 6.0, 4.0, 1.0, 134.35581970214844, 124.31578063964844, 4.0, 3.0, 1.0, 5.0, 215.21923828125, 1.0, 1.0, 4.0, 4.0, 93.49762725830078, 1.0, 3.0, 1.0, 104.03815460205078, 111.4580078125, 1.0, 4.0, 3.0, 3.0, 2.0, 1.0, 191.4119415283203, 1.0, 1.0, 1.0, 3.0, 3.0, 4.0, 4.0, 120.91690826416016, 117.36027526855467, 1.0, 100.55362701416016, 4.0, 136.1939697265625, 3.0, 109.63882446289063, 3.0, 1.0, 1.0, 5.0, 1.0, 108.5556411743164, 4.0, 3.0, 1.0, 114.54126739501952, 4.0, 1.0, 1.0, 96.88091278076172, 3.0, 1.0, 180.0272674560547, 134.2572021484375, 3.0, 3.0, 4.0, 4.0, 130.3162841796875, 124.96540069580078, 4.0, 1.0, 198.93917846679688, 124.3795394897461, 3.0, 201.30909729003903, 105.96451568603516, 3.0, 5.0, 4.0, 1.0, 1.0, 134.46376037597656, 1.0, 6.0, 120.38939666748048, 1.0, 2.0, 4.0, 1.0, 4.0, 3.0, 1.0, 4.0, 3.0, 108.23681640625, 1.0, 4.0, 1.0, 1.0, 1.0, 3.0, 86.50275421142578, 4.0, 124.35628509521484, 1.0, 113.6075439453125, 188.20957946777344, 1.0, 103.7471923828125, 1.0, 1.0, 3.0, 82.9847183227539, 3.0, 4.0, 2.0, 4.0, 3.0, 4.0, 1.0, 1.0, 1.0, 90.28398132324219, 116.1414566040039, 1.0, 1.0, 95.97608184814452, 1.0, 3.0, 1.0, 4.0, 3.0, 1.0, 4.0, 4.0, 3.0, 102.81180572509766, 2.0, 166.551025390625, 1.0, 1.0, 3.0, 3.0, 1.0, 1.0, 3.0, 4.0, 1.0, 167.08934020996094, 1.0, 141.1129608154297, 1.0, 200.2909240722656, 182.18942260742188, 3.0, 5.0, 3.0, 3.0, 1.0, 4.0, 179.19436645507813, 84.4425277709961, 175.30105590820313, 1.0, 1.0, 3.0, 1.0, 1.0, 188.5384826660156, 163.12045288085938, 1.0, 135.02955627441406, 1.0, 100.9612274169922, 1.0, 136.63552856445313, 1.0, 95.15441131591795, 3.0, 85.46287536621094, 1.0, 1.0, 108.56327056884766, 3.0, 3.0, 4.0, 93.44153594970705, 4.0, 3.0, 3.0, 3.0, 121.16268157958984, 198.2670440673828, 1.0, 1.0, 3.0, 3.0, 1.0, 3.0, 1.0, 112.34520721435548, 1.0, 90.25405883789063, 5.0, 3.0, 3.0, 3.0, 109.6977767944336, 1.0, 4.0, 3.0, 3.0, 4.0, 103.0973129272461, 1.0, 3.0, 115.24532318115234, 114.91062927246094, 180.84811401367188, 1.0, 188.9645233154297, 3.0, 107.05181121826172, 1.0, 4.0, 1.0, 123.16615295410156, 1.0, 1.0, 3.0, 3.0, 1.0, 121.20548248291016, 4.0, 116.38352966308594, 4.0, 1.0, 100.95030975341795, 1.0, 138.2363739013672, 3.0, 3.0, 3.0, 1.0, 126.95571899414063, 3.0, 141.69619750976563, 4.0, 3.0, 4.0, 1.0, 1.0, 101.37890625, 4.0, 3.0, 4.0, 4.0, 97.0040512084961, 1.0, 137.1707763671875, 91.20085144042969, 1.0, 3.0, 4.0, 1.0, 3.0 ]),(51,Array S Seq (Sz1 1000)
  [ 3.0, 0.0, 2.0, 4.0, 2.0, 1.0, 0.0, 0.0, 1.0, 3.0, 0.0, 1.0, 0.0, 3.0, 0.0, 0.0, 0.0, 1.0, 2.0, 4.0, 0.0, 0.0, 0.0, 4.0, 0.0, 4.0, 0.0, 0.0, 3.0, 0.0, 3.0, 2.0, 2.0, 0.0, 2.0, 0.0, 0.0, 3.0, 0.0, 0.0, 1.0, 3.0, 0.0, 3.0, 0.0, 1.0, 0.0, 2.0, 0.0, 3.0, 1.0, 3.0, 1.0, 0.0, 0.0, 0.0, 3.0, 3.0, 2.0, 1.0, 2.0, 4.0, 0.0, 2.0, 3.0, 0.0, 2.0, 3.0, 2.0, 0.0, 0.0, 0.0, 2.0, 1.0, 1.0, 2.0, 0.0, 2.0, 1.0, 0.0, 2.0, 0.0, 4.0, 2.0, 0.0, 0.0, 0.0, 1.0, 0.0, 0.0, 2.0, 1.0, 1.0, 3.0, 4.0, 4.0, 2.0, 6.0, 3.0, 0.0, 3.0, 0.0, 3.0, 0.0, 0.0, 3.0, 3.0, 1.0, 1.0, 0.0, 5.0, 1.0, 1.0, 1.0, 3.0, 3.0, 0.0, 0.0, 1.0, 0.0, 2.0, 0.0, 1.0, 1.0, 0.0, 1.0, 1.0, 0.0, 2.0, 4.0, 2.0, 0.0, 1.0, 0.0, 1.0, 5.0, 0.0, 1.0, 0.0, 1.0, 2.0, 1.0, 1.0, 0.0, 5.0, 1.0, 2.0, 1.0, 2.0, 2.0, 2.0, 1.0, 1.0, 3.0, 1.0, 0.0, 1.0, 0.0, 1.0, 1.0, 4.0, 0.0, 1.0, 1.0, 0.0, 2.0, 2.0, 3.0, 0.0, 4.0, 0.0, 3.0, 0.0, 3.0, 0.0, 0.0, 0.0, 1.0, 0.0, 0.0, 1.0, 1.0, 3.0, 0.0, 3.0, 2.0, 0.0, 2.0, 3.0, 0.0, 0.0, 2.0, 3.0, 0.0, 0.0, 3.0, 0.0, 1.0, 1.0, 3.0, 3.0, 2.0, 2.0, 3.0, 2.0, 0.0, 0.0, 0.0, 1.0, 2.0, 0.0, 3.0, 2.0, 0.0, 0.0, 0.0, 4.0, 3.0, 1.0, 3.0, 0.0, 0.0, 0.0, 0.0, 1.0, 3.0, 1.0, 1.0, 3.0, 1.0, 2.0, 1.0, 0.0, 1.0, 4.0, 3.0, 0.0, 1.0, 1.0, 1.0, 2.0, 2.0, 3.0, 3.0, 1.0, 1.0, 3.0, 1.0, 1.0, 0.0, 5.0, 0.0, 0.0, 3.0, 0.0, 1.0, 0.0, 0.0, 1.0, 3.0, 0.0, 0.0, 1.0, 0.0, 3.0, 1.0, 3.0, 3.0, 1.0, 0.0, 4.0, 3.0, 0.0, 0.0, 1.0, 5.0, 0.0, 0.0, 1.0, 6.0, 4.0, 1.0, 1.0, 2.0, 0.0, 0.0, 3.0, 1.0, 3.0, 1.0, 1.0, 1.0, 0.0, 5.0, 0.0, 1.0, 3.0, 3.0, 0.0, 2.0, 1.0, 0.0, 2.0, 1.0, 3.0, 4.0, 1.0, 1.0, 3.0, 4.0, 3.0, 3.0, 3.0, 1.0, 1.0, 0.0, 1.0, 2.0, 0.0, 2.0, 0.0, 3.0, 1.0, 0.0, 0.0, 1.0, 0.0, 3.0, 0.0, 1.0, 0.0, 1.0, 0.0, 5.0, 3.0, 0.0, 1.0, 3.0, 4.0, 5.0, 3.0, 0.0, 2.0, 4.0, 1.0, 0.0, 1.0, 1.0, 2.0, 3.0, 2.0, 3.0, 0.0, 3.0, 0.0, 0.0, 0.0, 4.0, 3.0, 4.0, 4.0, 1.0, 3.0, 1.0, 1.0, 0.0, 0.0, 4.0, 0.0, 2.0, 1.0, 3.0, 3.0, 1.0, 0.0, 2.0, 3.0, 3.0, 0.0, 4.0, 0.0, 3.0, 1.0, 3.0, 0.0, 3.0, 1.0, 4.0, 0.0, 0.0, 1.0, 0.0, 1.0, 1.0, 0.0, 0.0, 0.0, 2.0, 2.0, 0.0, 0.0, 2.0, 2.0, 2.0, 0.0, 2.0, 5.0, 2.0, 1.0, 0.0, 1.0, 2.0, 1.0, 3.0, 1.0, 6.0, 6.0, 0.0, 0.0, 1.0, 0.0, 4.0, 0.0, 4.0, 2.0, 0.0, 0.0, 2.0, 4.0, 2.0, 2.0, 2.0, 0.0, 0.0, 0.0, 4.0, 1.0, 0.0, 2.0, 3.0, 0.0, 0.0, 3.0, 3.0, 0.0, 0.0, 1.0, 0.0, 0.0, 1.0, 0.0, 3.0, 3.0, 0.0, 4.0, 1.0, 1.0, 0.0, 2.0, 0.0, 3.0, 2.0, 2.0, 3.0, 2.0, 4.0, 4.0, 1.0, 1.0, 3.0, 1.0, 5.0, 1.0, 0.0, 6.0, 2.0, 4.0, 1.0, 2.0, 3.0, 2.0, 0.0, 4.0, 3.0, 1.0, 2.0, 3.0, 4.0, 0.0, 3.0, 4.0, 2.0, 1.0, 0.0, 1.0, 0.0, 0.0, 2.0, 1.0, 2.0, 4.0, 0.0, 1.0, 3.0, 1.0, 0.0, 3.0, 1.0, 1.0, 2.0, 3.0, 3.0, 1.0, 2.0, 0.0, 2.0, 1.0, 0.0, 1.0, 2.0, 1.0, 4.0, 1.0, 1.0, 4.0, 3.0, 0.0, 2.0, 3.0, 0.0, 1.0, 3.0, 6.0, 2.0, 1.0, 1.0, 1.0, 0.0, 1.0, 3.0, 0.0, 4.0, 0.0, 2.0, 1.0, 1.0, 0.0, 4.0, 5.0, 1.0, 1.0, 3.0, 2.0, 0.0, 1.0, 1.0, 4.0, 2.0, 0.0, 3.0, 0.0, 5.0, 2.0, 0.0, 1.0, 0.0, 1.0, 4.0, 4.0, 1.0, 2.0, 2.0, 0.0, 2.0, 0.0, 0.0, 1.0, 0.0, 0.0, 1.0, 0.0, 1.0, 1.0, 0.0, 0.0, 0.0, 2.0, 0.0, 0.0, 3.0, 3.0, 3.0, 4.0, 3.0, 2.0, 3.0, 0.0, 1.0, 2.0, 2.0, 0.0, 2.0, 3.0, 2.0, 2.0, 1.0, 0.0, 0.0, 0.0, 1.0, 2.0, 0.0, 1.0, 4.0, 3.0, 0.0, 4.0, 2.0, 2.0, 4.0, 3.0, 1.0, 0.0, 3.0, 1.0, 1.0, 3.0, 0.0, 0.0, 2.0, 2.0, 0.0, 0.0, 0.0, 0.0, 5.0, 2.0, 0.0, 0.0, 0.0, 0.0, 1.0, 1.0, 2.0, 0.0, 3.0, 0.0, 1.0, 0.0, 1.0, 2.0, 4.0, 0.0, 1.0, 2.0, 2.0, 3.0, 0.0, 4.0, 0.0, 1.0, 3.0, 1.0, 0.0, 1.0, 0.0, 0.0, 1.0, 0.0, 3.0, 0.0, 2.0, 0.0, 1.0, 5.0, 2.0, 1.0, 1.0, 4.0, 0.0, 1.0, 6.0, 1.0, 0.0, 1.0, 0.0, 0.0, 2.0, 0.0, 0.0, 0.0, 0.0, 2.0, 1.0, 3.0, 3.0, 3.0, 1.0, 3.0, 0.0, 0.0, 0.0, 4.0, 0.0, 3.0, 1.0, 2.0, 0.0, 0.0, 3.0, 2.0, 3.0, 1.0, 0.0, 2.0, 1.0, 2.0, 4.0, 1.0, 1.0, 0.0, 1.0, 2.0, 3.0, 0.0, 2.0, 0.0, 1.0, 0.0, 0.0, 2.0, 4.0, 0.0, 1.0, 1.0, 3.0, 1.0, 6.0, 3.0, 0.0, 1.0, 0.0, 3.0, 2.0, 1.0, 5.0, 3.0, 0.0, 1.0, 4.0, 3.0, 0.0, 0.0, 3.0, 1.0, 4.0, 1.0, 0.0, 3.0, 3.0, 2.0, 2.0, 1.0, 0.0, 0.0, 0.0, 0.0, 2.0, 3.0, 3.0, 3.0, 2.0, 1.0, 0.0, 1.0, 3.0, 4.0, 3.0, 0.0, 2.0, 0.0, 0.0, 5.0, 1.0, 0.0, 3.0, 3.0, 0.0, 2.0, 3.0, 0.0, 0.0, 3.0, 2.0, 0.0, 0.0, 2.0, 2.0, 2.0, 3.0, 3.0, 0.0, 2.0, 4.0, 1.0, 1.0, 2.0, 3.0, 1.0, 1.0, 2.0, 5.0, 3.0, 0.0, 0.0, 3.0, 1.0, 5.0, 0.0, 0.0, 2.0, 3.0, 1.0, 4.0, 3.0, 0.0, 3.0, 2.0, 1.0, 1.0, 3.0, 0.0, 0.0, 0.0, 2.0, 0.0, 4.0, 2.0, 0.0, 2.0, 0.0, 1.0, 3.0, 0.0, 0.0, 2.0, 0.0, 2.0, 3.0, 1.0, 3.0, 2.0, 3.0, 1.0, 0.0, 1.0, 2.0, 1.0, 0.0, 1.0, 1.0, 0.0, 2.0, 0.0, 4.0, 2.0, 0.0, 4.0, 4.0, 2.0, 1.0, 1.0, 3.0, 1.0, 0.0, 3.0, 3.0, 0.0, 0.0, 3.0, 4.0, 0.0, 1.0, 0.0, 4.0, 0.0, 0.0, 1.0, 2.0, 4.0, 2.0, 2.0, 0.0, 4.0, 4.0, 0.0, 1.0, 0.0, 0.0, 2.0, 1.0, 1.0, 2.0, 1.0, 1.0, 0.0, 0.0, 2.0, 1.0, 0.0, 0.0, 4.0, 2.0, 1.0, 0.0, 0.0, 4.0, 3.0, 3.0, 3.0, 0.0, 3.0, 2.0, 3.0, 3.0, 3.0, 0.0, 0.0, 0.0, 3.0, 2.0, 1.0, 2.0, 1.0, 0.0, 0.0, 0.0, 5.0, 2.0, 2.0, 2.0, 0.0, 1.0, 3.0, 2.0, 2.0, 3.0, 1.0, 0.0, 2.0, 1.0, 3.0, 2.0, 0.0, 1.0, 2.0, 1.0, 0.0, 4.0, 0.0, 5.0, 0.0, 1.0, 2.0, 3.0, 0.0, 5.0, 3.0, 1.0, 3.0, 1.0, 0.0, 0.0, 1.0, 2.0, 2.0, 3.0, 0.0, 3.0, 3.0, 0.0, 3.0, 2.0, 4.0, 0.0, 1.0, 3.0, 3.0, 3.0, 3.0, 3.0, 0.0, 1.0, 0.0, 2.0, 1.0, 2.0, 4.0, 1.0, 3.0 ]),(60,Array S Seq (Sz1 1000)
  [ 0.3333333333333333, Infinity, 0.5, 0.25, 0.5, Infinity, Infinity, Infinity, Infinity, 0.5, Infinity, 1.0, Infinity, 0.5, Infinity, Infinity, Infinity, Infinity, 0.5, 0.3333333333333333, Infinity, Infinity, Infinity, 0.3333333333333333, Infinity, 0.25, Infinity, Infinity, 0.5, Infinity, 0.5, 0.5, 0.5, Infinity, 0.5, Infinity, Infinity, 0.5, Infinity, Infinity, Infinity, 0.3333333333333333, Infinity, 0.3333333333333333, Infinity, Infinity, Infinity, 0.5, Infinity, 0.3333333333333333, Infinity, 0.3333333333333333, Infinity, Infinity, Infinity, Infinity, 0.3333333333333333, 0.3333333333333333, 0.5, Infinity, 0.5, 0.3333333333333333, Infinity, 0.5, 0.3333333333333333, Infinity, 0.5, 0.3333333333333333, 0.5, Infinity, Infinity, Infinity, 1.0, Infinity, Infinity, 1.0, Infinity, 0.5, Infinity, Infinity, 0.5, Infinity, 0.3333333333333333, 0.5, Infinity, Infinity, Infinity, Infinity, Infinity, Infinity, 1.0, Infinity, Infinity, 0.3333333333333333, 0.3333333333333333, 0.3333333333333333, 0.5, 0.2, 0.3333333333333333, Infinity, 0.5, Infinity, 0.5, Infinity, Infinity, 0.5, 0.5, 1.0, Infinity, Infinity, 0.25, Infinity, Infinity, Infinity, 0.3333333333333333, 0.5, Infinity, Infinity, 1.0, Infinity, 0.5, Infinity, Infinity, 1.0, Infinity, Infinity, Infinity, Infinity, 0.5, 0.3333333333333333, 1.0, Infinity, Infinity, Infinity, Infinity, 0.2, Infinity, Infinity, Infinity, Infinity, 0.5, 1.0, 1.0, Infinity, 0.2, Infinity, 0.5, Infinity, 0.5, 0.5, 1.0, Infinity, Infinity, 0.3333333333333333, Infinity, Infinity, Infinity, Infinity, Infinity, Infinity, 0.25, Infinity, Infinity, Infinity, Infinity, 1.0, 1.0, 0.3333333333333333, Infinity, 0.3333333333333333, Infinity, 0.3333333333333333, Infinity, 0.3333333333333333, Infinity, Infinity, Infinity, Infinity, Infinity, Infinity, Infinity, Infinity, 0.3333333333333333, Infinity, 0.5, 0.5, Infinity, 0.5, 0.5, Infinity, Infinity, 0.5, 0.3333333333333333, Infinity, Infinity, 0.5, Infinity, Infinity, Infinity, 0.5, 0.5, 0.5, 0.5, 0.3333333333333333, 0.5, Infinity, Infinity, Infinity, Infinity, 0.5, Infinity, 0.3333333333333333, 0.5, Infinity, Infinity, Infinity, 0.3333333333333333, 0.5, Infinity, 0.3333333333333333, Infinity, Infinity, Infinity, Infinity, Infinity, 0.5, Infinity, Infinity, 0.3333333333333333, Infinity, 0.5, Infinity, Infinity, Infinity, 0.3333333333333333, 0.5, Infinity, 1.0, Infinity, Infinity, 0.5, 0.5, 0.5, 0.3333333333333333, Infinity, Infinity, 0.5, Infinity, Infinity, Infinity, 0.2, Infinity, Infinity, 0.3333333333333333, Infinity, Infinity, Infinity, Infinity, 1.0, 0.5, Infinity, Infinity, Infinity, Infinity, 0.3333333333333333, Infinity, 0.5, 0.3333333333333333, Infinity, Infinity, 0.3333333333333333, 0.3333333333333333, Infinity, Infinity, Infinity, 0.2, Infinity, Infinity, Infinity, 0.2, 0.3333333333333333, Infinity, Infinity, 0.5, Infinity, Infinity, 0.5, Infinity, 0.3333333333333333, Infinity, Infinity, Infinity, Infinity, 0.25, Infinity, 1.0, 0.5, 0.3333333333333333, Infinity, 0.5, Infinity, Infinity, 0.5, Infinity, 0.5, 0.3333333333333333, Infinity, Infinity, 0.5, 0.25, 0.5, 0.5, 0.3333333333333333, Infinity, Infinity, Infinity, Infinity, 0.5, Infinity, 1.0, Infinity, 0.3333333333333333, Infinity, Infinity, Infinity, Infinity, Infinity, 0.3333333333333333, Infinity, 1.0, Infinity, Infinity, Infinity, 0.2, 0.5, Infinity, Infinity, 0.3333333333333333, 0.25, 0.2, 0.3333333333333333, Infinity, 0.5, 0.25, Infinity, Infinity, Infinity, Infinity, 0.5, 0.3333333333333333, 0.5, 0.3333333333333333, Infinity, 0.5, Infinity, Infinity, Infinity, 0.3333333333333333, 0.5, 0.3333333333333333, 0.3333333333333333, Infinity, 0.5, Infinity, Infinity, Infinity, Infinity, 0.25, Infinity, 0.5, Infinity, 0.3333333333333333, 0.3333333333333333, Infinity, Infinity, 0.5, 0.5, 0.5, Infinity, 0.25, Infinity, 0.3333333333333333, Infinity, 0.3333333333333333, Infinity, 0.5, Infinity, 0.3333333333333333, Infinity, Infinity, Infinity, Infinity, Infinity, Infinity, Infinity, Infinity, Infinity, 0.5, 0.5, Infinity, Infinity, 0.5, 0.5, 0.5, Infinity, 0.5, 0.25, 0.5, Infinity, Infinity, Infinity, 0.5, Infinity, 0.5, Infinity, 0.2, 0.2, Infinity, Infinity, 1.0, Infinity, 0.3333333333333333, Infinity, 0.3333333333333333, 0.5, Infinity, Infinity, 0.5, 0.3333333333333333, 0.5, 0.5, 0.5, Infinity, Infinity, Infinity, 0.3333333333333333, Infinity, Infinity, 0.5, 0.3333333333333333, Infinity, Infinity, 0.3333333333333333, 0.3333333333333333, Infinity, Infinity, Infinity, Infinity, Infinity, Infinity, Infinity, 0.5, 0.3333333333333333, Infinity, 0.3333333333333333, Infinity, Infinity, Infinity, 0.5, Infinity, 0.5, 0.5, 0.5, 0.3333333333333333, 0.5, 0.3333333333333333, 0.3333333333333333, Infinity, Infinity, 0.3333333333333333, Infinity, 0.2, Infinity, Infinity, 0.2, 0.5, 0.3333333333333333, Infinity, 1.0, 0.5, 0.5, Infinity, 0.3333333333333333, 0.3333333333333333, Infinity, 0.5, 0.3333333333333333, 0.3333333333333333, Infinity, 0.3333333333333333, 0.25, 0.5, Infinity, Infinity, Infinity, Infinity, Infinity, 0.5, Infinity, 0.5, 0.3333333333333333, Infinity, Infinity, 0.3333333333333333, Infinity, Infinity, 0.3333333333333333, 1.0, Infinity, 1.0, 0.5, 0.3333333333333333, Infinity, 0.5, Infinity, 0.5, Infinity, Infinity, Infinity, 0.5, Infinity, 0.3333333333333333, Infinity, Infinity, 0.3333333333333333, 0.5, Infinity, 0.5, 0.3333333333333333, Infinity, Infinity, 0.3333333333333333, 0.2, 0.5, Infinity, Infinity, Infinity, Infinity, 1.0, 0.5, Infinity, 0.25, Infinity, 0.5, Infinity, Infinity, Infinity, 0.25, 0.2, Infinity, Infinity, 0.3333333333333333, 0.5, Infinity, Infinity, 1.0, 0.25, 0.5, Infinity, 0.5, Infinity, 0.25, 0.5, Infinity, 1.0, Infinity, Infinity, 0.3333333333333333, 0.3333333333333333, Infinity, 0.5, 1.0, Infinity, 0.5, Infinity, Infinity, Infinity, Infinity, Infinity, Infinity, Infinity, Infinity, Infinity, Infinity, Infinity, Infinity, 1.0, Infinity, Infinity, 0.5, 0.3333333333333333, 0.3333333333333333, 0.3333333333333333, 0.5, 0.5, 0.3333333333333333, Infinity, Infinity, 0.5, 0.5, Infinity, 0.5, 0.5, 0.5, 0.5, Infinity, Infinity, Infinity, Infinity, Infinity, 0.5, Infinity, 1.0, 0.3333333333333333, 0.5, Infinity, 0.3333333333333333, 0.5, 0.5, 0.3333333333333333, 0.3333333333333333, Infinity, Infinity, 0.5, Infinity, Infinity, 0.3333333333333333, Infinity, Infinity, 0.5, 0.5, Infinity, Infinity, Infinity, Infinity, 0.2, 0.5, Infinity, Infinity, Infinity, Infinity, Infinity, Infinity, 0.5, Infinity, 0.5, Infinity, Infinity, Infinity, Infinity, 0.5, 0.3333333333333333, Infinity, Infinity, 0.5, 0.5, 0.5, Infinity, 0.3333333333333333, Infinity, Infinity, 0.5, Infinity, Infinity, Infinity, Infinity, Infinity, 1.0, Infinity, 0.3333333333333333, Infinity, 0.5, Infinity, Infinity, 0.2, 0.5, Infinity, Infinity, 0.25, Infinity, Infinity, 0.2, Infinity, Infinity, Infinity, Infinity, Infinity, 1.0, Infinity, Infinity, Infinity, Infinity, 0.5, 1.0, 0.3333333333333333, 0.5, 0.3333333333333333, Infinity, 0.3333333333333333, Infinity, Infinity, Infinity, 0.3333333333333333, Infinity, 0.5, Infinity, 0.5, Infinity, Infinity, 0.5, 0.5, 0.3333333333333333, Infinity, Infinity, 0.5, Infinity, 0.5, 0.3333333333333333, Infinity, Infinity, Infinity, Infinity, 0.5, 0.3333333333333333, Infinity, 0.5, Infinity, Infinity, Infinity, Infinity, 0.5, 0.3333333333333333, Infinity, Infinity, Infinity, 0.3333333333333333, Infinity, 0.2, 0.3333333333333333, Infinity, Infinity, Infinity, 0.3333333333333333, 0.5, Infinity, 0.25, 0.5, Infinity, Infinity, 0.3333333333333333, 0.3333333333333333, Infinity, Infinity, 0.5, Infinity, 0.3333333333333333, Infinity, Infinity, 0.3333333333333333, 0.5, 0.5, 1.0, Infinity, Infinity, Infinity, Infinity, Infinity, 0.5, 0.5, 0.3333333333333333, 0.3333333333333333, 1.0, Infinity, Infinity, Infinity, 0.3333333333333333, 0.3333333333333333, 0.5, Infinity, 0.5, Infinity, Infinity, 0.25, Infinity, Infinity, 0.3333333333333333, 0.5, Infinity, 0.5, 0.3333333333333333, Infinity, Infinity, 0.3333333333333333, 0.5, Infinity, Infinity, 0.5, 0.5, 0.5, 0.3333333333333333, 0.3333333333333333, Infinity, 0.5, 0.3333333333333333, Infinity, Infinity, 1.0, 0.5, Infinity, Infinity, 0.5, 0.25, 0.3333333333333333, Infinity, Infinity, 0.3333333333333333, Infinity, 0.2, Infinity, Infinity, 1.0, 0.3333333333333333, Infinity, 0.3333333333333333, 0.5, Infinity, 0.3333333333333333, 0.5, Infinity, Infinity, 0.3333333333333333, Infinity, Infinity, Infinity, 0.5, Infinity, 0.3333333333333333, 0.5, Infinity, 0.5, Infinity, Infinity, 0.5, Infinity, Infinity, 0.5, Infinity, 0.5, 0.3333333333333333, 1.0, 0.3333333333333333, 0.5, 0.3333333333333333, Infinity, Infinity, Infinity, 0.5, 1.0, Infinity, Infinity, Infinity, Infinity, 0.5, Infinity, 0.3333333333333333, 0.5, Infinity, 0.3333333333333333, 0.3333333333333333, 0.5, Infinity, 1.0, 0.5, Infinity, Infinity, 0.5, 0.5, Infinity, Infinity, 0.5, 0.3333333333333333, Infinity, Infinity, Infinity, 0.3333333333333333, Infinity, Infinity, Infinity, 0.5, 0.25, 0.5, 0.5, Infinity, 0.3333333333333333, 0.3333333333333333, Infinity, Infinity, Infinity, Infinity, 0.5, Infinity, Infinity, 0.5, Infinity, Infinity, Infinity, Infinity, 0.5, Infinity, Infinity, Infinity, 0.3333333333333333, 0.5, Infinity, Infinity, Infinity, 0.3333333333333333, 0.5, 0.5, 0.3333333333333333, Infinity, 0.3333333333333333, 0.5, 0.5, 0.5, 0.3333333333333333, Infinity, Infinity, Infinity, 0.5, 0.5, Infinity, 0.5, Infinity, Infinity, Infinity, Infinity, 0.25, 0.5, 0.5, 0.5, Infinity, Infinity, 0.3333333333333333, 0.5, 0.5, 0.3333333333333333, Infinity, Infinity, 0.5, 1.0, 0.3333333333333333, 0.5, Infinity, 1.0, 0.5, Infinity, Infinity, 0.3333333333333333, Infinity, 0.25, Infinity, Infinity, 0.5, 0.5, Infinity, 0.25, 0.3333333333333333, Infinity, 0.3333333333333333, Infinity, Infinity, Infinity, Infinity, 0.5, 0.5, 0.5, Infinity, 0.5, 0.5, Infinity, 0.3333333333333333, 0.5, 0.3333333333333333, Infinity, Infinity, 0.5, 0.3333333333333333, 0.5, 0.3333333333333333, 0.3333333333333333, Infinity, Infinity, Infinity, 0.5, Infinity, 0.5, 0.3333333333333333, Infinity, 0.5 ]),(70,Array S Seq (Sz1 1000)
  [ 1.0, 1.0, 1.0, 1.0, 1.0, 1.0, 1.0, 1.0, 1.0, 1.0, 1.0, 1.0, 1.0, 1.0, 0.0, 1.0, 1.0, 0.0, 1.0, 1.0, 0.0, 1.0, 1.0, 1.0, 1.0, 1.0, 1.0, 1.0, 1.0, 1.0, 1.0, 1.0, 0.0, 1.0, 1.0, 1.0, 1.0, 1.0, 1.0, 1.0, 0.0, 0.0, 1.0, 1.0, 1.0, 1.0, 1.0, 1.0, 1.0, 1.0, 1.0, 1.0, 1.0, 1.0, 1.0, 1.0, 1.0, 1.0, 1.0, 1.0, 1.0, 1.0, 1.0, 1.0, 1.0, 1.0, 1.0, 1.0, 1.0, 1.0, 1.0, 1.0, 1.0, 1.0, 1.0, 1.0, 1.0, 1.0, 0.0, 1.0, 1.0, 1.0, 1.0, 0.0, 1.0, 1.0, 1.0, 1.0, 1.0, 1.0, 1.0, 1.0, 1.0, 1.0, 1.0, 0.0, 1.0, 1.0, 1.0, 1.0, 1.0, 0.0, 1.0, 1.0, 1.0, 0.0, 1.0, 0.0, 0.0, 1.0, 1.0, 1.0, 1.0, 1.0, 1.0, 0.0, 1.0, 1.0, 1.0, 1.0, 1.0, 0.0, 1.0, 1.0, 1.0, 1.0, 1.0, 1.0, 1.0, 1.0, 1.0, 0.0, 0.0, 1.0, 1.0, 1.0, 1.0, 1.0, 1.0, 1.0, 1.0, 1.0, 1.0, 1.0, 0.0, 1.0, 0.0, 1.0, 1.0, 1.0, 1.0, 1.0, 1.0, 1.0, 0.0, 1.0, 1.0, 0.0, 0.0, 1.0, 1.0, 1.0, 1.0, 1.0, 1.0, 1.0, 0.0, 1.0, 1.0, 1.0, 1.0, 1.0, 0.0, 1.0, 1.0, 1.0, 1.0, 1.0, 1.0, 1.0, 1.0, 1.0, 1.0, 1.0, 1.0, 1.0, 1.0, 1.0, 0.0, 1.0, 0.0, 1.0, 1.0, 1.0, 1.0, 1.0, 1.0, 1.0, 1.0, 0.0, 1.0, 1.0, 1.0, 1.0, 0.0, 1.0, 0.0, 1.0, 0.0, 1.0, 0.0, 1.0, 0.0, 1.0, 0.0, 1.0, 1.0, 1.0, 1.0, 1.0, 1.0, 1.0, 1.0, 1.0, 1.0, 1.0, 1.0, 1.0, 1.0, 1.0, 1.0, 1.0, 1.0, 0.0, 1.0, 1.0, 1.0, 1.0, 1.0, 1.0, 1.0, 1.0, 1.0, 1.0, 1.0, 0.0, 1.0, 1.0, 1.0, 1.0, 1.0, 1.0, 1.0, 1.0, 1.0, 1.0, 1.0, 1.0, 1.0, 1.0, 1.0, 1.0, 1.0, 1.0, 1.0, 1.0, 0.0, 1.0, 1.0, 0.0, 1.0, 1.0, 0.0, 1.0, 1.0, 1.0, 1.0, 1.0, 1.0, 1.0, 1.0, 1.0, 1.0, 1.0, 1.0, 1.0, 1.0, 0.0, 1.0, 0.0, 1.0, 1.0, 1.0, 1.0, 0.0, 1.0, 1.0, 1.0, 1.0, 1.0, 0.0, 1.0, 1.0, 1.0, 1.0, 1.0, 1.0, 1.0, 1.0, 1.0, 1.0, 1.0, 1.0, 1.0, 0.0, 1.0, 0.0, 1.0, 1.0, 1.0, 1.0, 1.0, 1.0, 1.0, 1.0, 1.0, 0.0, 1.0, 1.0, 1.0, 1.0, 1.0, 1.0, 1.0, 0.0, 1.0, 1.0, 1.0, 0.0, 1.0, 1.0, 1.0, 1.0, 1.0, 1.0, 0.0, 1.0, 1.0, 1.0, 1.0, 1.0, 1.0, 1.0, 0.0, 0.0, 1.0, 0.0, 1.0, 1.0, 1.0, 1.0, 1.0, 1.0, 1.0, 1.0, 1.0, 1.0, 0.0, 1.0, 1.0, 0.0, 1.0, 1.0, 1.0, 1.0, 0.0, 1.0, 1.0, 1.0, 0.0, 0.0, 1.0, 0.0, 1.0, 1.0, 1.0, 1.0, 1.0, 0.0, 1.0, 1.0, 1.0, 1.0, 0.0, 1.0, 1.0, 1.0, 1.0, 1.0, 1.0, 0.0, 1.0, 1.0, 1.0, 1.0, 1.0, 1.0, 1.0, 1.0, 1.0, 1.0, 1.0, 1.0, 1.0, 1.0, 1.0, 1.0, 1.0, 0.0, 1.0, 1.0, 1.0, 1.0, 1.0, 1.0, 1.0, 0.0, 1.0, 0.0, 1.0, 1.0, 0.0, 1.0, 1.0, 1.0, 1.0, 1.0, 1.0, 1.0, 0.0, 1.0, 1.0, 1.0, 1.0, 1.0, 1.0, 1.0, 1.0, 0.0, 1.0, 1.0, 1.0, 1.0, 1.0, 1.0, 1.0, 1.0, 1.0, 1.0, 1.0, 1.0, 1.0, 1.0, 1.0, 1.0, 1.0, 1.0, 1.0, 1.0, 0.0, 1.0, 1.0, 1.0, 0.0, 1.0, 0.0, 1.0, 1.0, 1.0, 1.0, 1.0, 1.0, 0.0, 1.0, 1.0, 0.0, 1.0, 1.0, 0.0, 1.0, 1.0, 1.0, 0.0, 0.0, 1.0, 1.0, 1.0, 1.0, 1.0, 1.0, 1.0, 1.0, 0.0, 0.0, 1.0, 1.0, 1.0, 1.0, 1.0, 1.0, 1.0, 1.0, 0.0, 1.0, 0.0, 1.0, 1.0, 1.0, 1.0, 1.0, 1.0, 1.0, 1.0, 1.0, 1.0, 1.0, 1.0, 1.0, 1.0, 1.0, 1.0, 1.0, 1.0, 1.0, 1.0, 1.0, 1.0, 1.0, 1.0, 1.0, 1.0, 0.0, 1.0, 1.0, 1.0, 1.0, 1.0, 1.0, 1.0, 1.0, 1.0, 1.0, 1.0, 1.0, 1.0, 1.0, 1.0, 1.0, 1.0, 1.0, 1.0, 1.0, 1.0, 1.0, 0.0, 1.0, 1.0, 1.0, 1.0, 1.0, 1.0, 1.0, 1.0, 1.0, 1.0, 0.0, 1.0, 1.0, 1.0, 0.0, 1.0, 0.0, 1.0, 1.0, 1.0, 1.0, 1.0, 1.0, 1.0, 1.0, 1.0, 1.0, 1.0, 1.0, 1.0, 1.0, 1.0, 0.0, 1.0, 1.0, 0.0, 1.0, 1.0, 1.0, 1.0, 1.0, 1.0, 1.0, 0.0, 0.0, 1.0, 1.0, 1.0, 1.0, 1.0, 1.0, 1.0, 1.0, 1.0, 1.0, 0.0, 1.0, 1.0, 1.0, 1.0, 0.0, 1.0, 0.0, 1.0, 0.0, 1.0, 1.0, 1.0, 1.0, 1.0, 1.0, 1.0, 0.0, 0.0, 1.0, 1.0, 1.0, 1.0, 1.0, 1.0, 1.0, 1.0, 0.0, 1.0, 0.0, 1.0, 1.0, 1.0, 1.0, 1.0, 0.0, 1.0, 0.0, 1.0, 1.0, 0.0, 1.0, 1.0, 0.0, 1.0, 1.0, 1.0, 1.0, 1.0, 1.0, 1.0, 1.0, 0.0, 1.0, 1.0, 1.0, 1.0, 1.0, 1.0, 0.0, 1.0, 1.0, 1.0, 1.0, 1.0, 1.0, 1.0, 0.0, 0.0, 1.0, 1.0, 0.0, 1.0, 1.0, 1.0, 0.0, 0.0, 1.0, 1.0, 1.0, 1.0, 1.0, 0.0, 1.0, 1.0, 1.0, 0.0, 1.0, 0.0, 0.0, 0.0, 1.0, 1.0, 1.0, 1.0, 0.0, 1.0, 1.0, 1.0, 1.0, 1.0, 1.0, 1.0, 1.0, 1.0, 1.0, 1.0, 0.0, 1.0, 1.0, 1.0, 1.0, 0.0, 0.0, 1.0, 1.0, 1.0, 1.0, 1.0, 1.0, 1.0, 1.0, 1.0, 1.0, 1.0, 1.0, 0.0, 1.0, 1.0, 1.0, 1.0, 1.0, 1.0, 1.0, 1.0, 1.0, 1.0, 1.0, 1.0, 1.0, 1.0, 1.0, 1.0, 1.0, 1.0, 1.0, 1.0, 1.0, 1.0, 1.0, 1.0, 0.0, 1.0, 1.0, 1.0, 1.0, 1.0, 1.0, 1.0, 1.0, 1.0, 1.0, 1.0, 1.0, 1.0, 1.0, 1.0, 1.0, 1.0, 1.0, 1.0, 1.0, 1.0, 1.0, 1.0, 1.0, 0.0, 1.0, 1.0, 1.0, 1.0, 1.0, 1.0, 1.0, 1.0, 1.0, 1.0, 1.0, 1.0, 1.0, 1.0, 1.0, 1.0, 1.0, 1.0, 0.0, 0.0, 1.0, 0.0, 1.0, 1.0, 0.0, 1.0, 1.0, 1.0, 1.0, 1.0, 1.0, 1.0, 0.0, 1.0, 0.0, 1.0, 1.0, 1.0, 1.0, 1.0, 0.0, 1.0, 1.0, 1.0, 1.0, 1.0, 1.0, 1.0, 1.0, 1.0, 1.0, 0.0, 1.0, 1.0, 1.0, 1.0, 1.0, 1.0, 1.0, 1.0, 1.0, 0.0, 1.0, 0.0, 1.0, 1.0, 0.0, 0.0, 1.0, 1.0, 1.0, 1.0, 1.0, 1.0, 1.0, 1.0, 0.0, 1.0, 0.0, 1.0, 1.0, 1.0, 1.0, 0.0, 1.0, 1.0, 1.0, 0.0, 1.0, 1.0, 1.0, 1.0, 1.0, 1.0, 1.0, 1.0, 1.0, 1.0, 1.0, 0.0, 0.0, 1.0, 1.0, 0.0, 1.0, 0.0, 1.0, 1.0, 1.0, 1.0, 0.0, 1.0, 1.0, 0.0, 1.0, 1.0, 0.0, 1.0, 1.0, 1.0, 1.0, 0.0, 1.0, 0.0, 1.0, 1.0, 1.0, 1.0, 1.0, 1.0, 0.0, 1.0, 0.0, 0.0, 1.0, 1.0, 0.0, 1.0, 1.0, 1.0, 1.0, 1.0, 1.0, 1.0, 1.0, 1.0, 1.0, 1.0, 1.0, 1.0, 1.0, 1.0, 1.0, 1.0, 1.0, 1.0, 1.0, 0.0, 1.0, 1.0, 1.0, 0.0, 1.0, 1.0, 1.0, 1.0, 1.0, 0.0, 1.0, 1.0, 1.0, 1.0, 1.0, 1.0, 1.0, 1.0, 1.0, 1.0, 1.0, 1.0, 1.0, 1.0, 1.0, 1.0, 1.0, 1.0, 1.0, 1.0, 1.0, 0.0, 1.0, 1.0, 1.0, 1.0, 1.0, 1.0, 1.0, 1.0, 1.0, 1.0, 1.0, 1.0, 1.0 ]),(78,Array S Seq (Sz1 1000)
  [ Infinity, Infinity, 1.0, Infinity, Infinity, Infinity, Infinity, Infinity, Infinity, 1.0, Infinity, Infinity, Infinity, Infinity, 1.0, Infinity, 1.0, Infinity, Infinity, Infinity, Infinity, 1.0, Infinity, Infinity, 1.0, Infinity, Infinity, Infinity, Infinity, Infinity, Infinity, Infinity, Infinity, Infinity, Infinity, Infinity, 1.0, Infinity, Infinity, Infinity, Infinity, Infinity, Infinity, Infinity, 1.0, Infinity, Infinity, Infinity, Infinity, Infinity, 1.0, Infinity, Infinity, Infinity, Infinity, Infinity, 1.0, 1.0, Infinity, Infinity, Infinity, 1.0, Infinity, Infinity, Infinity, Infinity, Infinity, Infinity, Infinity, Infinity, Infinity, 1.0, 1.0, Infinity, Infinity, Infinity, Infinity, Infinity, Infinity, Infinity, Infinity, Infinity, Infinity, Infinity, Infinity, Infinity, Infinity, Infinity, 0.3333333333333333, Infinity, Infinity, 1.0, Infinity, Infinity, 0.3333333333333333, Infinity, Infinity, Infinity, Infinity, Infinity, Infinity, Infinity, Infinity, Infinity, 1.0, Infinity, 0.5, Infinity, Infinity, Infinity, Infinity, Infinity, Infinity, Infinity, Infinity, Infinity, Infinity, 1.0, Infinity, Infinity, 1.0, 1.0, Infinity, Infinity, Infinity, Infinity, 1.0, Infinity, Infinity, Infinity, Infinity, 1.0, Infinity, Infinity, Infinity, Infinity, Infinity, Infinity, Infinity, Infinity, Infinity, Infinity, Infinity, Infinity, 0.3333333333333333, Infinity, 1.0, Infinity, Infinity, Infinity, Infinity, 0.5, Infinity, Infinity, Infinity, Infinity, Infinity, Infinity, Infinity, Infinity, 1.0, Infinity, 1.0, 1.0, Infinity, Infinity, Infinity, Infinity, Infinity, 1.0, Infinity, Infinity, Infinity, Infinity, Infinity, Infinity, 1.0, Infinity, Infinity, Infinity, Infinity, Infinity, Infinity, 0.5, Infinity, Infinity, Infinity, Infinity, Infinity, Infinity, 1.0, Infinity, Infinity, Infinity, Infinity, Infinity, Infinity, Infinity, 1.0, Infinity, 1.0, Infinity, Infinity, Infinity, 0.3333333333333333, 1.0, Infinity, Infinity, Infinity, Infinity, Infinity, Infinity, Infinity, 1.0, Infinity, Infinity, 1.0, Infinity, Infinity, Infinity, Infinity, Infinity, 1.0, Infinity, Infinity, 1.0, Infinity, Infinity, Infinity, 0.5, Infinity, Infinity, Infinity, Infinity, Infinity, Infinity, Infinity, 1.0, Infinity, Infinity, Infinity, Infinity, Infinity, Infinity, Infinity, 0.3333333333333333, Infinity, 1.0, Infinity, Infinity, Infinity, Infinity, Infinity, 1.0, 1.0, Infinity, Infinity, 0.5, Infinity, Infinity, Infinity, Infinity, Infinity, Infinity, Infinity, Infinity, 0.5, Infinity, 1.0, 0.5, Infinity, Infinity, Infinity, Infinity, 1.0, 1.0, Infinity, Infinity, Infinity, Infinity, Infinity, Infinity, Infinity, Infinity, Infinity, Infinity, Infinity, 0.5, Infinity, Infinity, Infinity, Infinity, Infinity, Infinity, 1.0, Infinity, Infinity, Infinity, Infinity, Infinity, Infinity, 1.0, Infinity, 0.3333333333333333, Infinity, Infinity, Infinity, 1.0, Infinity, Infinity, 1.0, Infinity, Infinity, Infinity, Infinity, Infinity, Infinity, Infinity, Infinity, Infinity, Infinity, Infinity, Infinity, 1.0, Infinity, Infinity, Infinity, Infinity, Infinity, 1.0, Infinity, 1.0, Infinity, Infinity, Infinity, 0.5, Infinity, Infinity, Infinity, Infinity, Infinity, Infinity, 0.5, Infinity, Infinity, 1.0, Infinity, Infinity, 1.0, 1.0, Infinity, 1.0, Infinity, 1.0, Infinity, Infinity, Infinity, Infinity, Infinity, 0.3333333333333333, Infinity, Infinity, Infinity, Infinity, Infinity, 1.0, 1.0, Infinity, Infinity, Infinity, Infinity, Infinity, 1.0, Infinity, Infinity, Infinity, Infinity, Infinity, Infinity, Infinity, Infinity, 1.0, Infinity, Infinity, Infinity, 0.5, Infinity, Infinity, Infinity, Infinity, 1.0, Infinity, Infinity, Infinity, Infinity, 0.5, Infinity, Infinity, Infinity, Infinity, Infinity, 0.3333333333333333, Infinity, Infinity, Infinity, Infinity, Infinity, Infinity, Infinity, Infinity, Infinity, Infinity, Infinity, Infinity, Infinity, Infinity, Infinity, Infinity, 1.0, 1.0, Infinity, Infinity, Infinity, Infinity, Infinity, Infinity, Infinity, Infinity, Infinity, Infinity, Infinity, Infinity, 1.0, Infinity, 1.0, Infinity, 1.0, Infinity, Infinity, Infinity, Infinity, Infinity, Infinity, 1.0, Infinity, 1.0, 1.0, Infinity, Infinity, 1.0, Infinity, Infinity, Infinity, Infinity, Infinity, Infinity, Infinity, Infinity, Infinity, 0.5, Infinity, Infinity, 0.3333333333333333, Infinity, Infinity, Infinity, 1.0, Infinity, Infinity, Infinity, Infinity, Infinity, Infinity, 1.0, Infinity, 1.0, Infinity, Infinity, Infinity, Infinity, Infinity, Infinity, Infinity, Infinity, 1.0, Infinity, Infinity, Infinity, Infinity, Infinity, 1.0, Infinity, Infinity, Infinity, Infinity, 1.0, Infinity, Infinity, Infinity, 1.0, 1.0, 1.0, Infinity, Infinity, Infinity, Infinity, Infinity, Infinity, Infinity, Infinity, Infinity, Infinity, Infinity, Infinity, Infinity, Infinity, Infinity, Infinity, Infinity, Infinity, Infinity, Infinity, Infinity, Infinity, Infinity, Infinity, Infinity, Infinity, Infinity, Infinity, 1.0, 1.0, Infinity, Infinity, Infinity, 1.0, 1.0, Infinity, Infinity, Infinity, Infinity, 1.0, 1.0, Infinity, Infinity, Infinity, Infinity, Infinity, Infinity, Infinity, 1.0, Infinity, 0.3333333333333333, 1.0, Infinity, Infinity, 0.5, Infinity, 0.5, Infinity, Infinity, Infinity, Infinity, Infinity, Infinity, 1.0, Infinity, 0.3333333333333333, 1.0, Infinity, Infinity, Infinity, Infinity, Infinity, Infinity, Infinity, 1.0, Infinity, Infinity, Infinity, Infinity, Infinity, 1.0, Infinity, Infinity, 1.0, Infinity, Infinity, Infinity, Infinity, Infinity, Infinity, Infinity, Infinity, Infinity, Infinity, Infinity, Infinity, Infinity, Infinity, 1.0, Infinity, 0.5, Infinity, 1.0, Infinity, Infinity, Infinity, Infinity, Infinity, 0.3333333333333333, Infinity, Infinity, 1.0, 1.0, Infinity, Infinity, Infinity, Infinity, Infinity, Infinity, Infinity, Infinity, Infinity, Infinity, 1.0, Infinity, Infinity, Infinity, Infinity, 1.0, Infinity, Infinity, Infinity, Infinity, Infinity, Infinity, 1.0, 1.0, Infinity, 1.0, 1.0, Infinity, 1.0, Infinity, Infinity, Infinity, Infinity, Infinity, 0.5, Infinity, Infinity, Infinity, Infinity, Infinity, Infinity, 0.3333333333333333, Infinity, 1.0, Infinity, Infinity, Infinity, Infinity, 0.5, Infinity, Infinity, Infinity, 1.0, Infinity, Infinity, Infinity, Infinity, Infinity, Infinity, Infinity, Infinity, Infinity, Infinity, 0.5, 1.0, Infinity, Infinity, Infinity, Infinity, 1.0, Infinity, Infinity, Infinity, Infinity, 1.0, Infinity, Infinity, Infinity, Infinity, Infinity, Infinity, Infinity, Infinity, Infinity, Infinity, Infinity, 1.0, 0.3333333333333333, 1.0, Infinity, 1.0, Infinity, Infinity, 1.0, Infinity, 1.0, Infinity, 1.0, Infinity, 0.3333333333333333, Infinity, Infinity, 1.0, Infinity, Infinity, Infinity, Infinity, Infinity, Infinity, 1.0, Infinity, Infinity, Infinity, Infinity, 1.0, Infinity, Infinity, Infinity, 0.5, Infinity, Infinity, 0.5, Infinity, Infinity, Infinity, Infinity, 1.0, Infinity, Infinity, Infinity, Infinity, Infinity, Infinity, 0.5, Infinity, Infinity, Infinity, Infinity, Infinity, Infinity, Infinity, 1.0, Infinity, Infinity, Infinity, Infinity, Infinity, Infinity, Infinity, Infinity, Infinity, 0.3333333333333333, Infinity, Infinity, Infinity, Infinity, Infinity, Infinity, 1.0, Infinity, Infinity, Infinity, Infinity, Infinity, Infinity, Infinity, Infinity, Infinity, Infinity, Infinity, Infinity, Infinity, Infinity, Infinity, Infinity, Infinity, Infinity, Infinity, Infinity, Infinity, Infinity, Infinity, Infinity, Infinity, Infinity, Infinity, 1.0, Infinity, 1.0, Infinity, Infinity, Infinity, 1.0, Infinity, 0.5, Infinity, Infinity, Infinity, 1.0, Infinity, 1.0, Infinity, 0.5, 1.0, Infinity, Infinity, Infinity, Infinity, Infinity, Infinity, Infinity, Infinity, Infinity, 1.0, 0.5, Infinity, 1.0, Infinity, Infinity, Infinity, 1.0, Infinity, 1.0, Infinity, Infinity, Infinity, Infinity, Infinity, 1.0, Infinity, Infinity, Infinity, Infinity, Infinity, Infinity, Infinity, Infinity, Infinity, Infinity, Infinity, Infinity, 1.0, Infinity, Infinity, Infinity, Infinity, Infinity, 1.0, Infinity, Infinity, Infinity, Infinity, Infinity, Infinity, Infinity, Infinity, Infinity, Infinity, Infinity, 0.5, Infinity, Infinity, Infinity, Infinity, Infinity, Infinity, Infinity, 0.5, Infinity, Infinity, Infinity, Infinity, Infinity, Infinity, Infinity, Infinity, Infinity, Infinity, Infinity, 1.0, Infinity, 1.0, Infinity, Infinity, Infinity, Infinity, 1.0, Infinity, 0.5, Infinity, Infinity, 1.0, Infinity, Infinity, Infinity, Infinity, Infinity, Infinity, Infinity, Infinity, Infinity, Infinity, Infinity, Infinity, Infinity, 1.0, Infinity, Infinity, Infinity, Infinity, Infinity, Infinity, 0.5, Infinity, Infinity, Infinity, Infinity, Infinity, Infinity, Infinity, 1.0, Infinity, Infinity, Infinity, Infinity, Infinity, Infinity, 1.0, 1.0, Infinity, Infinity, Infinity, Infinity, Infinity, Infinity, Infinity, Infinity, 1.0, Infinity, 1.0, Infinity, Infinity, Infinity, Infinity, 1.0, 0.3333333333333333, Infinity, Infinity, Infinity, Infinity, Infinity, 1.0, Infinity, Infinity, Infinity, Infinity, Infinity, Infinity, Infinity, Infinity, Infinity, 1.0, Infinity, Infinity, Infinity, Infinity, Infinity, Infinity, Infinity, 1.0, Infinity, Infinity, Infinity, 1.0, Infinity, Infinity, 1.0, 1.0, 1.0, Infinity, Infinity, Infinity, Infinity, 1.0, Infinity ]),(80,Array S Seq (Sz1 1000)
  [ 0.0, 0.0, 1.0, 0.0, 0.0, 0.0, 0.0, 0.0, 0.0, 1.0, 0.0, 0.0, 0.0, 0.0, 1.0, 0.0, 1.0, 0.0, 1.0, 0.0, 0.0, 1.0, 1.0, 0.0, 1.0, 0.0, 0.0, 0.0, 0.0, 0.0, 0.0, 0.0, 0.0, 0.0, 0.0, 0.0, 1.0, 0.0, 0.0, 0.0, 0.0, 0.0, 0.0, 0.0, 1.0, 0.0, 0.0, 0.0, 0.0, 0.0, 1.0, 0.0, 0.0, 0.0, 0.0, 0.0, 1.0, 1.0, 0.0, 0.0, 0.0, 1.0, 0.0, 0.0, 1.0, 0.0, 0.0, 0.0, 0.0, 0.0, 0.0, 1.0, 1.0, 0.0, 0.0, 0.0, 0.0, 0.0, 0.0, 0.0, 0.0, 0.0, 0.0, 0.0, 0.0, 0.0, 1.0, 0.0, 3.0, 0.0, 0.0, 1.0, 0.0, 0.0, 3.0, 0.0, 0.0, 0.0, 0.0, 0.0, 0.0, 0.0, 0.0, 0.0, 1.0, 0.0, 2.0, 0.0, 0.0, 0.0, 0.0, 0.0, 0.0, 0.0, 0.0, 0.0, 0.0, 1.0, 0.0, 0.0, 1.0, 2.0, 0.0, 0.0, 0.0, 0.0, 1.0, 0.0, 0.0, 0.0, 0.0, 1.0, 0.0, 0.0, 0.0, 0.0, 0.0, 0.0, 0.0, 0.0, 0.0, 0.0, 0.0, 0.0, 3.0, 0.0, 1.0, 0.0, 0.0, 0.0, 0.0, 2.0, 0.0, 0.0, 0.0, 0.0, 0.0, 0.0, 0.0, 0.0, 1.0, 0.0, 1.0, 1.0, 0.0, 0.0, 0.0, 0.0, 0.0, 1.0, 0.0, 0.0, 0.0, 0.0, 0.0, 0.0, 1.0, 0.0, 0.0, 0.0, 0.0, 0.0, 0.0, 2.0, 0.0, 0.0, 0.0, 0.0, 0.0, 0.0, 1.0, 0.0, 0.0, 0.0, 0.0, 0.0, 0.0, 0.0, 1.0, 0.0, 1.0, 0.0, 0.0, 0.0, 3.0, 1.0, 0.0, 0.0, 0.0, 0.0, 0.0, 0.0, 0.0, 1.0, 0.0, 0.0, 1.0, 0.0, 0.0, 0.0, 0.0, 0.0, 1.0, 0.0, 0.0, 1.0, 0.0, 0.0, 0.0, 2.0, 0.0, 0.0, 0.0, 0.0, 0.0, 0.0, 0.0, 1.0, 0.0, 1.0, 1.0, 0.0, 0.0, 0.0, 0.0, 3.0, 0.0, 1.0, 0.0, 0.0, 0.0, 0.0, 0.0, 1.0, 1.0, 0.0, 0.0, 2.0, 0.0, 0.0, 0.0, 0.0, 0.0, 1.0, 0.0, 0.0, 2.0, 0.0, 1.0, 2.0, 0.0, 0.0, 0.0, 0.0, 1.0, 1.0, 0.0, 0.0, 0.0, 0.0, 0.0, 0.0, 0.0, 0.0, 0.0, 0.0, 0.0, 2.0, 0.0, 0.0, 0.0, 0.0, 0.0, 0.0, 1.0, 0.0, 0.0, 0.0, 0.0, 0.0, 0.0, 1.0, 0.0, 3.0, 0.0, 0.0, 0.0, 1.0, 0.0, 0.0, 1.0, 0.0, 0.0, 0.0, 0.0, 0.0, 0.0, 0.0, 0.0, 0.0, 0.0, 0.0, 0.0, 1.0, 0.0, 0.0, 0.0, 0.0, 0.0, 1.0, 0.0, 1.0, 0.0, 0.0, 0.0, 2.0, 0.0, 0.0, 0.0, 0.0, 0.0, 0.0, 2.0, 0.0, 0.0, 1.0, 0.0, 0.0, 1.0, 1.0, 0.0, 1.0, 0.0, 1.0, 0.0, 0.0, 0.0, 0.0, 0.0, 3.0, 0.0, 0.0, 0.0, 0.0, 1.0, 1.0, 1.0, 0.0, 0.0, 0.0, 0.0, 0.0, 1.0, 1.0, 0.0, 0.0, 0.0, 0.0, 1.0, 0.0, 1.0, 1.0, 0.0, 0.0, 0.0, 2.0, 0.0, 0.0, 0.0, 0.0, 1.0, 0.0, 0.0, 0.0, 0.0, 2.0, 0.0, 0.0, 0.0, 0.0, 0.0, 3.0, 0.0, 0.0, 0.0, 0.0, 0.0, 0.0, 0.0, 0.0, 0.0, 0.0, 0.0, 0.0, 0.0, 0.0, 0.0, 0.0, 1.0, 1.0, 0.0, 0.0, 0.0, 0.0, 0.0, 0.0, 0.0, 0.0, 0.0, 0.0, 0.0, 0.0, 1.0, 0.0, 1.0, 0.0, 1.0, 0.0, 0.0, 0.0, 0.0, 0.0, 0.0, 1.0, 0.0, 1.0, 1.0, 0.0, 1.0, 2.0, 0.0, 1.0, 1.0, 0.0, 0.0, 0.0, 0.0, 0.0, 0.0, 2.0, 0.0, 0.0, 3.0, 0.0, 0.0, 1.0, 1.0, 0.0, 0.0, 0.0, 0.0, 0.0, 0.0, 1.0, 0.0, 1.0, 0.0, 0.0, 0.0, 0.0, 0.0, 0.0, 0.0, 0.0, 2.0, 0.0, 1.0, 0.0, 0.0, 0.0, 1.0, 0.0, 0.0, 0.0, 0.0, 1.0, 0.0, 0.0, 0.0, 1.0, 1.0, 1.0, 0.0, 0.0, 0.0, 0.0, 0.0, 0.0, 0.0, 0.0, 0.0, 0.0, 0.0, 0.0, 0.0, 0.0, 0.0, 0.0, 0.0, 0.0, 0.0, 0.0, 0.0, 0.0, 0.0, 0.0, 0.0, 0.0, 0.0, 0.0, 2.0, 1.0, 0.0, 0.0, 0.0, 1.0, 1.0, 0.0, 0.0, 0.0, 0.0, 1.0, 1.0, 0.0, 0.0, 0.0, 0.0, 1.0, 0.0, 0.0, 1.0, 0.0, 3.0, 1.0, 0.0, 0.0, 2.0, 1.0, 2.0, 0.0, 0.0, 0.0, 0.0, 0.0, 0.0, 1.0, 0.0, 3.0, 1.0, 0.0, 1.0, 0.0, 0.0, 0.0, 0.0, 0.0, 1.0, 0.0, 0.0, 0.0, 0.0, 0.0, 1.0, 0.0, 0.0, 1.0, 0.0, 0.0, 0.0, 0.0, 0.0, 0.0, 0.0, 0.0, 0.0, 0.0, 0.0, 0.0, 0.0, 0.0, 1.0, 0.0, 2.0, 0.0, 1.0, 1.0, 0.0, 0.0, 0.0, 0.0, 3.0, 1.0, 0.0, 1.0, 1.0, 0.0, 0.0, 0.0, 0.0, 0.0, 0.0, 1.0, 0.0, 0.0, 0.0, 2.0, 0.0, 0.0, 0.0, 0.0, 1.0, 0.0, 1.0, 0.0, 0.0, 0.0, 0.0, 2.0, 1.0, 0.0, 1.0, 1.0, 0.0, 1.0, 0.0, 0.0, 0.0, 0.0, 0.0, 2.0, 0.0, 0.0, 0.0, 0.0, 0.0, 0.0, 3.0, 0.0, 1.0, 0.0, 0.0, 0.0, 0.0, 2.0, 0.0, 1.0, 0.0, 1.0, 0.0, 0.0, 0.0, 0.0, 0.0, 0.0, 0.0, 0.0, 0.0, 0.0, 2.0, 1.0, 0.0, 0.0, 0.0, 0.0, 1.0, 0.0, 0.0, 0.0, 0.0, 1.0, 0.0, 0.0, 0.0, 0.0, 0.0, 0.0, 0.0, 0.0, 0.0, 0.0, 0.0, 1.0, 3.0, 2.0, 0.0, 1.0, 0.0, 0.0, 1.0, 0.0, 1.0, 0.0, 1.0, 0.0, 3.0, 0.0, 0.0, 1.0, 1.0, 0.0, 0.0, 1.0, 0.0, 0.0, 1.0, 0.0, 0.0, 1.0, 0.0, 1.0, 0.0, 0.0, 1.0, 2.0, 0.0, 0.0, 2.0, 0.0, 0.0, 0.0, 0.0, 1.0, 0.0, 0.0, 0.0, 0.0, 0.0, 0.0, 2.0, 0.0, 0.0, 1.0, 0.0, 0.0, 0.0, 0.0, 1.0, 0.0, 0.0, 0.0, 0.0, 0.0, 1.0, 0.0, 0.0, 0.0, 3.0, 0.0, 0.0, 0.0, 0.0, 0.0, 0.0, 1.0, 0.0, 0.0, 0.0, 0.0, 0.0, 0.0, 0.0, 0.0, 0.0, 0.0, 0.0, 0.0, 0.0, 0.0, 1.0, 0.0, 0.0, 0.0, 0.0, 0.0, 0.0, 0.0, 0.0, 0.0, 0.0, 0.0, 0.0, 1.0, 0.0, 1.0, 0.0, 0.0, 0.0, 1.0, 0.0, 2.0, 0.0, 0.0, 0.0, 1.0, 0.0, 1.0, 0.0, 2.0, 1.0, 0.0, 0.0, 0.0, 0.0, 0.0, 1.0, 0.0, 0.0, 0.0, 1.0, 2.0, 1.0, 1.0, 0.0, 0.0, 0.0, 1.0, 0.0, 1.0, 0.0, 0.0, 0.0, 1.0, 1.0, 1.0, 0.0, 0.0, 0.0, 0.0, 0.0, 0.0, 0.0, 0.0, 0.0, 0.0, 0.0, 1.0, 1.0, 0.0, 0.0, 0.0, 1.0, 0.0, 1.0, 0.0, 0.0, 1.0, 0.0, 0.0, 0.0, 0.0, 0.0, 1.0, 0.0, 0.0, 2.0, 0.0, 1.0, 0.0, 0.0, 0.0, 0.0, 0.0, 2.0, 0.0, 0.0, 0.0, 0.0, 0.0, 0.0, 0.0, 0.0, 0.0, 0.0, 0.0, 1.0, 0.0, 1.0, 0.0, 0.0, 0.0, 0.0, 1.0, 0.0, 2.0, 0.0, 0.0, 1.0, 0.0, 0.0, 0.0, 0.0, 0.0, 0.0, 0.0, 0.0, 0.0, 0.0, 0.0, 0.0, 0.0, 1.0, 0.0, 0.0, 0.0, 0.0, 0.0, 0.0, 2.0, 0.0, 1.0, 1.0, 0.0, 0.0, 0.0, 0.0, 1.0, 0.0, 0.0, 0.0, 0.0, 0.0, 0.0, 1.0, 1.0, 0.0, 0.0, 0.0, 0.0, 0.0, 0.0, 0.0, 0.0, 1.0, 0.0, 1.0, 0.0, 0.0, 0.0, 0.0, 1.0, 3.0, 0.0, 0.0, 0.0, 0.0, 0.0, 1.0, 0.0, 0.0, 0.0, 0.0, 0.0, 0.0, 0.0, 0.0, 0.0, 2.0, 1.0, 0.0, 0.0, 0.0, 0.0, 0.0, 1.0, 1.0, 0.0, 1.0, 0.0, 2.0, 0.0, 0.0, 1.0, 2.0, 1.0, 0.0, 0.0, 0.0, 0.0, 1.0, 0.0 ]),(81,Array S Seq (Sz1 1000)
  [ 0.0, 0.0, 0.0, 0.0, 0.0, 0.0, 0.0, 0.0, 0.0, 0.0, 0.0, 0.0, 0.0, 0.0, 0.0, 0.0, 0.0, 0.0, -1.0, 0.0, 0.0, 0.0, -1.0, 0.0, 0.0, 0.0, 0.0, 0.0, 0.0, 0.0, 0.0, 0.0, 0.0, 0.0, 0.0, 0.0, 0.0, 0.0, 0.0, 0.0, 0.0, 0.0, 0.0, 0.0, 0.0, 0.0, 0.0, 0.0, 0.0, 0.0, 0.0, 0.0, 0.0, 0.0, 0.0, 0.0, 0.0, 0.0, 0.0, 0.0, 0.0, 0.0, 0.0, 0.0, -1.0, 0.0, 0.0, 0.0, 0.0, 0.0, 0.0, 0.0, 0.0, 0.0, 0.0, 0.0, 0.0, 0.0, 0.0, 0.0, 0.0, 0.0, 0.0, 0.0, 0.0, 0.0, -1.0, 0.0, 0.0, 0.0, 0.0, 0.0, 0.0, 0.0, 0.0, 0.0, 0.0, 0.0, 0.0, 0.0, 0.0, 0.0, 0.0, 0.0, 0.0, 0.0, 0.0, 0.0, 0.0, 0.0, 0.0, 0.0, 0.0, 0.0, 0.0, 0.0, 0.0, 0.0, 0.0, 0.0, 0.0, -1.0, 0.0, 0.0, 0.0, 0.0, 0.0, 0.0, 0.0, 0.0, 0.0, 0.0, 0.0, 0.0, 0.0, 0.0, 0.0, 0.0, 0.0, 0.0, 0.0, 0.0, 0.0, 0.0, 0.0, 0.0, 0.0, 0.0, 0.0, 0.0, 0.0, 0.0, 0.0, 0.0, 0.0, 0.0, 0.0, 0.0, 0.0, 0.0, 0.0, 0.0, 0.0, 0.0, 0.0, 0.0, 0.0, 0.0, 0.0, 0.0, 0.0, 0.0, 0.0, 0.0, 0.0, 0.0, 0.0, 0.0, 0.0, 0.0, 0.0, 0.0, 0.0, 0.0, 0.0, 0.0, 0.0, 0.0, 0.0, 0.0, 0.0, 0.0, 0.0, 0.0, 0.0, 0.0, 0.0, 0.0, 0.0, 0.0, 0.0, 0.0, 0.0, 0.0, 0.0, 0.0, 0.0, 0.0, 0.0, 0.0, 0.0, 0.0, 0.0, 0.0, 0.0, 0.0, 0.0, 0.0, 0.0, 0.0, 0.0, 0.0, 0.0, 0.0, 0.0, 0.0, 0.0, 0.0, 0.0, 0.0, 0.0, 0.0, 0.0, 0.0, 0.0, 0.0, 0.0, 0.0, 0.0, -1.0, -1.0, 0.0, 0.0, 0.0, 0.0, 0.0, 0.0, 0.0, 0.0, 0.0, 0.0, 0.0, 0.0, 0.0, 0.0, 0.0, 0.0, 0.0, 0.0, 0.0, 0.0, 0.0, 0.0, -1.0, 0.0, 0.0, 0.0, 0.0, 0.0, 0.0, 0.0, 0.0, 0.0, 0.0, 0.0, 0.0, 0.0, 0.0, 0.0, 0.0, 0.0, 0.0, 0.0, 0.0, 0.0, 0.0, 0.0, 0.0, 0.0, 0.0, 0.0, 0.0, 0.0, 0.0, 0.0, 0.0, 0.0, 0.0, 0.0, 0.0, 0.0, 0.0, 0.0, 0.0, 0.0, 0.0, 0.0, 0.0, 0.0, 0.0, 0.0, 0.0, 0.0, 0.0, 0.0, 0.0, 0.0, 0.0, 0.0, 0.0, 0.0, 0.0, 0.0, 0.0, 0.0, 0.0, 0.0, 0.0, 0.0, 0.0, 0.0, 0.0, 0.0, 0.0, 0.0, 0.0, 0.0, 0.0, 0.0, 0.0, 0.0, 0.0, 0.0, 0.0, 0.0, 0.0, 0.0, 0.0, 0.0, 0.0, 0.0, 0.0, 0.0, 0.0, 0.0, 0.0, 0.0, 0.0, 0.0, 0.0, 0.0, 0.0, 0.0, 0.0, -1.0, 0.0, 0.0, 0.0, 0.0, 0.0, 0.0, 0.0, 0.0, -1.0, 0.0, 0.0, 0.0, 0.0, -1.0, 0.0, -1.0, 0.0, 0.0, 0.0, 0.0, 0.0, 0.0, 0.0, 0.0, 0.0, 0.0, 0.0, 0.0, 0.0, 0.0, 0.0, 0.0, 0.0, 0.0, 0.0, 0.0, 0.0, 0.0, 0.0, 0.0, 0.0, 0.0, 0.0, 0.0, 0.0, 0.0, 0.0, 0.0, 0.0, 0.0, 0.0, 0.0, 0.0, 0.0, 0.0, 0.0, 0.0, 0.0, 0.0, 0.0, 0.0, 0.0, 0.0, 0.0, 0.0, 0.0, 0.0, 0.0, 0.0, 0.0, 0.0, 0.0, 0.0, 0.0, 0.0, 0.0, 0.0, 0.0, 0.0, 0.0, 0.0, 0.0, 0.0, -1.0, -1.0, 0.0, -1.0, -1.0, 0.0, 0.0, 0.0, 0.0, 0.0, 0.0, 0.0, 0.0, 0.0, 0.0, 0.0, 0.0, -1.0, 0.0, 0.0, 0.0, 0.0, 0.0, 0.0, 0.0, 0.0, 0.0, 0.0, 0.0, 0.0, 0.0, 0.0, 0.0, 0.0, 0.0, 0.0, -1.0, 0.0, -1.0, 0.0, 0.0, 0.0, 0.0, 0.0, 0.0, 0.0, 0.0, 0.0, 0.0, 0.0, 0.0, 0.0, 0.0, 0.0, 0.0, 0.0, 0.0, 0.0, 0.0, 0.0, 0.0, 0.0, 0.0, 0.0, 0.0, 0.0, 0.0, 0.0, 0.0, 0.0, 0.0, 0.0, 0.0, 0.0, 0.0, 0.0, 0.0, 0.0, 0.0, 0.0, 0.0, 0.0, -1.0, 0.0, 0.0, 0.0, 0.0, 0.0, 0.0, 0.0, 0.0, 0.0, 0.0, 0.0, 0.0, 0.0, 0.0, 0.0, 0.0, -1.0, 0.0, 0.0, 0.0, 0.0, 0.0, 0.0, 0.0, 0.0, 0.0, -1.0, 0.0, 0.0, 0.0, 0.0, 0.0, 0.0, 0.0, 0.0, 0.0, 0.0, 0.0, 0.0, -1.0, 0.0, 0.0, 0.0, 0.0, 0.0, 0.0, 0.0, 0.0, 0.0, 0.0, 0.0, 0.0, 0.0, 0.0, 0.0, 0.0, 0.0, 0.0, 0.0, 0.0, 0.0, 0.0, 0.0, 0.0, 0.0, 0.0, 0.0, 0.0, 0.0, 0.0, 0.0, 0.0, 0.0, 0.0, -1.0, 0.0, 0.0, 0.0, 0.0, 0.0, -1.0, 0.0, 0.0, 0.0, 0.0, 0.0, 0.0, 0.0, 0.0, 0.0, -1.0, 0.0, 0.0, 0.0, -1.0, 0.0, 0.0, 0.0, 0.0, 0.0, 0.0, -1.0, 0.0, 0.0, 0.0, 0.0, -1.0, 0.0, 0.0, 0.0, 0.0, 0.0, 0.0, 0.0, 0.0, 0.0, 0.0, 0.0, 0.0, 0.0, 0.0, 0.0, 0.0, 0.0, 0.0, 0.0, 0.0, 0.0, 0.0, 0.0, 0.0, 0.0, 0.0, 0.0, -1.0, 0.0, 0.0, 0.0, 0.0, 0.0, 0.0, 0.0, 0.0, 0.0, 0.0, 0.0, 0.0, 0.0, 0.0, 0.0, 0.0, 0.0, 0.0, 0.0, 0.0, 0.0, 0.0, 0.0, 0.0, 0.0, 0.0, 0.0, 0.0, 0.0, 0.0, 0.0, 0.0, 0.0, 0.0, 0.0, 0.0, 0.0, -1.0, 0.0, 0.0, 0.0, 0.0, 0.0, 0.0, 0.0, 0.0, 0.0, 0.0, 0.0, 0.0, 0.0, 0.0, -1.0, 0.0, 0.0, -1.0, 0.0, 0.0, 0.0, 0.0, 0.0, -1.0, 0.0, 0.0, 0.0, 0.0, -1.0, 0.0, 0.0, 0.0, 0.0, 0.0, 0.0, 0.0, 0.0, 0.0, 0.0, 0.0, 0.0, 0.0, 0.0, 0.0, 0.0, 0.0, 0.0, -1.0, 0.0, 0.0, 0.0, 0.0, 0.0, 0.0, 0.0, 0.0, 0.0, 0.0, -1.0, 0.0, 0.0, 0.0, 0.0, 0.0, 0.0, 0.0, 0.0, 0.0, 0.0, 0.0, 0.0, 0.0, 0.0, 0.0, 0.0, 0.0, 0.0, 0.0, 0.0, 0.0, 0.0, 0.0, 0.0, 0.0, -1.0, 0.0, 0.0, 0.0, 0.0, 0.0, 0.0, 0.0, 0.0, 0.0, 0.0, 0.0, 0.0, 0.0, 0.0, 0.0, 0.0, 0.0, 0.0, 0.0, 0.0, 0.0, 0.0, 0.0, 0.0, 0.0, 0.0, 0.0, 0.0, 0.0, 0.0, 0.0, 0.0, 0.0, 0.0, 0.0, -1.0, 0.0, 0.0, 0.0, 0.0, 0.0, -1.0, 0.0, 0.0, 0.0, 0.0, 0.0, 0.0, 0.0, 0.0, 0.0, 0.0, -1.0, -1.0, 0.0, 0.0, 0.0, 0.0, 0.0, 0.0, 0.0, 0.0, 0.0, 0.0, 0.0, 0.0, -1.0, 0.0, 0.0, 0.0, 0.0, -1.0, 0.0, 0.0, 0.0, 0.0, -1.0, 0.0, 0.0, 0.0, 0.0, 0.0, -1.0, 0.0, 0.0, 0.0, 0.0, -1.0, 0.0, 0.0, 0.0, 0.0, 0.0, 0.0, 0.0, 0.0, 0.0, 0.0, 0.0, 0.0, 0.0, 0.0, 0.0, 0.0, 0.0, 0.0, 0.0, 0.0, 0.0, 0.0, 0.0, 0.0, 0.0, 0.0, 0.0, 0.0, 0.0, 0.0, 0.0, 0.0, 0.0, 0.0, 0.0, 0.0, 0.0, 0.0, 0.0, 0.0, 0.0, 0.0, 0.0, 0.0, 0.0, 0.0, 0.0, 0.0, 0.0, 0.0, 0.0, 0.0, -1.0, -1.0, 0.0, 0.0, 0.0, 0.0, 0.0, 0.0, 0.0, 0.0, 0.0, 0.0, 0.0, 0.0, 0.0, 0.0, 0.0, 0.0, 0.0, 0.0, 0.0, 0.0, 0.0, 0.0, 0.0, 0.0, 0.0, 0.0, 0.0, 0.0, 0.0, 0.0, 0.0, 0.0, 0.0, 0.0, 0.0, 0.0, 0.0, 0.0, 0.0, 0.0, 0.0, 0.0, 0.0, 0.0, 0.0, -1.0, -1.0, 0.0, 0.0, 0.0, 0.0, 0.0, -1.0, 0.0, 0.0, -1.0, 0.0, -1.0, 0.0, 0.0, 0.0, -1.0, 0.0, 0.0, 0.0, 0.0, 0.0, 0.0, 0.0 ]),(82,Array S Seq (Sz1 1000)
  [ Infinity, Infinity, Infinity, Infinity, Infinity, Infinity, Infinity, Infinity, Infinity, Infinity, Infinity, Infinity, Infinity, Infinity, Infinity, Infinity, Infinity, Infinity, -1.0, Infinity, Infinity, Infinity, -1.0, Infinity, Infinity, Infinity, Infinity, Infinity, Infinity, Infinity, Infinity, Infinity, Infinity, Infinity, Infinity, Infinity, Infinity, Infinity, Infinity, Infinity, Infinity, Infinity, Infinity, Infinity, Infinity, Infinity, Infinity, Infinity, Infinity, Infinity, Infinity, Infinity, Infinity, Infinity, Infinity, Infinity, Infinity, Infinity, Infinity, Infinity, Infinity, Infinity, Infinity, Infinity, -1.0, Infinity, Infinity, Infinity, Infinity, Infinity, Infinity, Infinity, Infinity, Infinity, Infinity, Infinity, Infinity, Infinity, Infinity, Infinity, Infinity, Infinity, Infinity, Infinity, Infinity, Infinity, -1.0, Infinity, Infinity, Infinity, Infinity, Infinity, Infinity, Infinity, Infinity, Infinity, Infinity, Infinity, Infinity, Infinity, Infinity, Infinity, Infinity, Infinity, Infinity, Infinity, Infinity, Infinity, Infinity, Infinity, Infinity, Infinity, Infinity, Infinity, Infinity, Infinity, Infinity, Infinity, Infinity, Infinity, Infinity, -1.0, Infinity, Infinity, Infinity, Infinity, Infinity, Infinity, Infinity, Infinity, Infinity, Infinity, Infinity, Infinity, Infinity, Infinity, Infinity, Infinity, Infinity, Infinity, Infinity, Infinity, Infinity, Infinity, Infinity, Infinity, Infinity, Infinity, Infinity, Infinity, Infinity, Infinity, Infinity, Infinity, Infinity, Infinity, Infinity, Infinity, Infinity, Infinity, Infinity, Infinity, Infinity, Infinity, Infinity, Infinity, Infinity, Infinity, Infinity, Infinity, Infinity, Infinity, Infinity, Infinity, Infinity, Infinity, Infinity, Infinity, Infinity, Infinity, Infinity, Infinity, Infinity, Infinity, Infinity, Infinity, Infinity, Infinity, Infinity, Infinity, Infinity, Infinity, Infinity, Infinity, Infinity, Infinity, Infinity, Infinity, Infinity, Infinity, Infinity, Infinity, Infinity, Infinity, Infinity, Infinity, Infinity, Infinity, Infinity, Infinity, Infinity, Infinity, Infinity, Infinity, Infinity, Infinity, Infinity, Infinity, Infinity, Infinity, Infinity, Infinity, Infinity, Infinity, Infinity, Infinity, Infinity, Infinity, Infinity, Infinity, Infinity, Infinity, Infinity, Infinity, Infinity, Infinity, Infinity, Infinity, Infinity, -1.0, -1.0, Infinity, Infinity, Infinity, Infinity, Infinity, Infinity, Infinity, Infinity, Infinity, Infinity, Infinity, Infinity, Infinity, Infinity, Infinity, Infinity, Infinity, Infinity, Infinity, Infinity, Infinity, Infinity, -1.0, Infinity, Infinity, Infinity, Infinity, Infinity, Infinity, Infinity, Infinity, Infinity, Infinity, Infinity, Infinity, Infinity, Infinity, Infinity, Infinity, Infinity, Infinity, Infinity, Infinity, Infinity, Infinity, Infinity, Infinity, Infinity, Infinity, Infinity, Infinity, Infinity, Infinity, Infinity, Infinity, Infinity, Infinity, Infinity, Infinity, Infinity, Infinity, Infinity, Infinity, Infinity, Infinity, Infinity, Infinity, Infinity, Infinity, Infinity, Infinity, Infinity, Infinity, Infinity, Infinity, Infinity, Infinity, Infinity, Infinity, Infinity, Infinity, Infinity, Infinity, Infinity, Infinity, Infinity, Infinity, Infinity, Infinity, Infinity, Infinity, Infinity, Infinity, Infinity, Infinity, Infinity, Infinity, Infinity, Infinity, Infinity, Infinity, Infinity, Infinity, Infinity, Infinity, Infinity, Infinity, Infinity, Infinity, Infinity, Infinity, Infinity, Infinity, Infinity, Infinity, Infinity, Infinity, Infinity, Infinity, Infinity, Infinity, Infinity, Infinity, -1.0, Infinity, Infinity, Infinity, Infinity, Infinity, Infinity, Infinity, Infinity, -1.0, Infinity, Infinity, Infinity, Infinity, -1.0, Infinity, -1.0, Infinity, Infinity, Infinity, Infinity, Infinity, Infinity, Infinity, Infinity, Infinity, Infinity, Infinity, Infinity, Infinity, Infinity, Infinity, Infinity, Infinity, Infinity, Infinity, Infinity, Infinity, Infinity, Infinity, Infinity, Infinity, Infinity, Infinity, Infinity, Infinity, Infinity, Infinity, Infinity, Infinity, Infinity, Infinity, Infinity, Infinity, Infinity, Infinity, Infinity, Infinity, Infinity, Infinity, Infinity, Infinity, Infinity, Infinity, Infinity, Infinity, Infinity, Infinity, Infinity, Infinity, Infinity, Infinity, Infinity, Infinity, Infinity, Infinity, Infinity, Infinity, Infinity, Infinity, Infinity, Infinity, Infinity, Infinity, -1.0, -1.0, Infinity, -1.0, -1.0, Infinity, Infinity, Infinity, Infinity, Infinity, Infinity, Infinity, Infinity, Infinity, Infinity, Infinity, Infinity, -1.0, Infinity, Infinity, Infinity, Infinity, Infinity, Infinity, Infinity, Infinity, Infinity, Infinity, Infinity, Infinity, Infinity, Infinity, Infinity, Infinity, Infinity, Infinity, -1.0, Infinity, -1.0, Infinity, Infinity, Infinity, Infinity, Infinity, Infinity, Infinity, Infinity, Infinity, Infinity, Infinity, Infinity, Infinity, Infinity, Infinity, Infinity, Infinity, Infinity, Infinity, Infinity, Infinity, Infinity, Infinity, Infinity, Infinity, Infinity, Infinity, Infinity, Infinity, Infinity, Infinity, Infinity, Infinity, Infinity, Infinity, Infinity, Infinity, Infinity, Infinity, Infinity, Infinity, Infinity, Infinity, -1.0, Infinity, Infinity, Infinity, Infinity, Infinity, Infinity, Infinity, Infinity, Infinity, Infinity, Infinity, Infinity, Infinity, Infinity, Infinity, Infinity, -1.0, Infinity, Infinity, Infinity, Infinity, Infinity, Infinity, Infinity, Infinity, Infinity, -1.0, Infinity, Infinity, Infinity, Infinity, Infinity, Infinity, Infinity, Infinity, Infinity, Infinity, Infinity, Infinity, -1.0, Infinity, Infinity, Infinity, Infinity, Infinity, Infinity, Infinity, Infinity, Infinity, Infinity, Infinity, Infinity, Infinity, Infinity, Infinity, Infinity, Infinity, Infinity, Infinity, Infinity, Infinity, Infinity, Infinity, Infinity, Infinity, Infinity, Infinity, Infinity, Infinity, Infinity, Infinity, Infinity, Infinity, Infinity, -1.0, Infinity, Infinity, Infinity, Infinity, Infinity, -1.0, Infinity, Infinity, Infinity, Infinity, Infinity, Infinity, Infinity, Infinity, Infinity, -1.0, Infinity, Infinity, Infinity, -1.0, Infinity, Infinity, Infinity, Infinity, Infinity, Infinity, -1.0, Infinity, Infinity, Infinity, Infinity, -1.0, Infinity, Infinity, Infinity, Infinity, Infinity, Infinity, Infinity, Infinity, Infinity, Infinity, Infinity, Infinity, Infinity, Infinity, Infinity, Infinity, Infinity, Infinity, Infinity, Infinity, Infinity, Infinity, Infinity, Infinity, Infinity, Infinity, Infinity, -1.0, Infinity, Infinity, Infinity, Infinity, Infinity, Infinity, Infinity, Infinity, Infinity, Infinity, Infinity, Infinity, Infinity, Infinity, Infinity, Infinity, Infinity, Infinity, Infinity, Infinity, Infinity, Infinity, Infinity, Infinity, Infinity, Infinity, Infinity, Infinity, Infinity, Infinity, Infinity, Infinity, Infinity, Infinity, Infinity, Infinity, Infinity, -1.0, Infinity, Infinity, Infinity, Infinity, Infinity, Infinity, Infinity, Infinity, Infinity, Infinity, Infinity, Infinity, Infinity, Infinity, -1.0, Infinity, Infinity, -1.0, Infinity, Infinity, Infinity, Infinity, Infinity, -1.0, Infinity, Infinity, Infinity, Infinity, -1.0, Infinity, Infinity, Infinity, Infinity, Infinity, Infinity, Infinity, Infinity, Infinity, Infinity, Infinity, Infinity, Infinity, Infinity, Infinity, Infinity, Infinity, Infinity, -1.0, Infinity, Infinity, Infinity, Infinity, Infinity, Infinity, Infinity, Infinity, Infinity, Infinity, -1.0, Infinity, Infinity, Infinity, Infinity, Infinity, Infinity, Infinity, Infinity, Infinity, Infinity, Infinity, Infinity, Infinity, Infinity, Infinity, Infinity, Infinity, Infinity, Infinity, Infinity, Infinity, Infinity, Infinity, Infinity, Infinity, -1.0, Infinity, Infinity, Infinity, Infinity, Infinity, Infinity, Infinity, Infinity, Infinity, Infinity, Infinity, Infinity, Infinity, Infinity, Infinity, Infinity, Infinity, Infinity, Infinity, Infinity, Infinity, Infinity, Infinity, Infinity, Infinity, Infinity, Infinity, Infinity, Infinity, Infinity, Infinity, Infinity, Infinity, Infinity, Infinity, -1.0, Infinity, Infinity, Infinity, Infinity, Infinity, -1.0, Infinity, Infinity, Infinity, Infinity, Infinity, Infinity, Infinity, Infinity, Infinity, Infinity, -1.0, -1.0, Infinity, Infinity, Infinity, Infinity, Infinity, Infinity, Infinity, Infinity, Infinity, Infinity, Infinity, Infinity, -1.0, Infinity, Infinity, Infinity, Infinity, -1.0, Infinity, Infinity, Infinity, Infinity, -1.0, Infinity, Infinity, Infinity, Infinity, Infinity, -1.0, Infinity, Infinity, Infinity, Infinity, -1.0, Infinity, Infinity, Infinity, Infinity, Infinity, Infinity, Infinity, Infinity, Infinity, Infinity, Infinity, Infinity, Infinity, Infinity, Infinity, Infinity, Infinity, Infinity, Infinity, Infinity, Infinity, Infinity, Infinity, Infinity, Infinity, Infinity, Infinity, Infinity, Infinity, Infinity, Infinity, Infinity, Infinity, Infinity, Infinity, Infinity, Infinity, Infinity, Infinity, Infinity, Infinity, Infinity, Infinity, Infinity, Infinity, Infinity, Infinity, Infinity, Infinity, Infinity, Infinity, Infinity, -1.0, -1.0, Infinity, Infinity, Infinity, Infinity, Infinity, Infinity, Infinity, Infinity, Infinity, Infinity, Infinity, Infinity, Infinity, Infinity, Infinity, Infinity, Infinity, Infinity, Infinity, Infinity, Infinity, Infinity, Infinity, Infinity, Infinity, Infinity, Infinity, Infinity, Infinity, Infinity, Infinity, Infinity, Infinity, Infinity, Infinity, Infinity, Infinity, Infinity, Infinity, Infinity, Infinity, Infinity, Infinity, Infinity, Infinity, -1.0, -1.0, Infinity, Infinity, Infinity, Infinity, Infinity, -1.0, Infinity, Infinity, -1.0, Infinity, -1.0, Infinity, Infinity, Infinity, -1.0, Infinity, Infinity, Infinity, Infinity, Infinity, Infinity, Infinity ])]
([21,43,44,51,60,70,78,80,81,82],[Param 0,Param 1,Param 2],3)
9438741.71179011
finish f
(Recip(((t0 / x0) / x3)) * ((x0 + t1) * t2))
([21,43,44,51,60,70,78,80,81,82],[Param 0,Param 1,Param 2],3)
(9438741.71179011,Array S Seq (Sz1 3)
  [ 0.25584718226740966, 0.21281623703029573, 0.9324639366666675 ],9438741.711790103)
(Array S Seq (Sz1 3)
  [ 0.25584718226740966, 0.21281623703029573, 0.9324639366666675 ],3)
((t0 * (x6 + t1)) * (Abs(x4) ^ (Abs(t2) ^ x7)))
minmized
("recurse to ",92,92)
theta 
(3,0)
("recurse to ",91,91)
theta 
(3,1)
(Bin Add 6 12,True,True)
(Bin Mul 9 91,True,True)
("recurse to ",94,94)
("recurse to ",93,93)
theta 
(3,2)
(Bin PowerAbs 16 7,True,True)
(Bin PowerAbs 4 93,True,True)
(Bin Mul 92 94,True,True)
fromList [(21,Array S Seq (Sz1 1000)
  [ 0.0, NaN, 0.0, 0.0, 0.5, NaN, Infinity, NaN, NaN, 0.0, NaN, 0.0, NaN, 0.0, NaN, NaN, NaN, Infinity, 0.0, 0.0, Infinity, Infinity, NaN, 0.3333333333333333, Infinity, 0.25, NaN, NaN, 0.5, Infinity, 0.5, 0.5, 0.0, NaN, 0.0, Infinity, NaN, 0.0, Infinity, NaN, NaN, 0.3333333333333333, NaN, 0.0, Infinity, NaN, NaN, 0.0, NaN, 0.0, Infinity, 0.0, NaN, NaN, Infinity, NaN, 0.3333333333333333, 0.0, 0.0, NaN, 0.0, 0.0, NaN, 0.0, 0.0, Infinity, 0.0, 0.0, 0.0, NaN, NaN, Infinity, 0.0, Infinity, Infinity, 0.0, NaN, 0.0, NaN, NaN, 0.5, NaN, 0.0, 0.5, Infinity, Infinity, NaN, Infinity, NaN, NaN, 1.0, NaN, NaN, 0.0, 0.0, 0.0, 0.0, 0.2, 0.0, NaN, 0.0, NaN, 0.0, NaN, NaN, 0.0, 0.0, 0.0, Infinity, NaN, 0.0, NaN, NaN, NaN, 0.3333333333333333, 0.5, NaN, Infinity, 0.0, NaN, 0.0, Infinity, NaN, 0.0, NaN, NaN, Infinity, NaN, 0.5, 0.0, 0.0, Infinity, NaN, NaN, Infinity, 0.2, NaN, Infinity, NaN, Infinity, 0.0, 1.0, 1.0, NaN, 0.2, NaN, 0.5, NaN, 0.5, 0.0, 0.0, NaN, NaN, 0.0, NaN, Infinity, NaN, NaN, NaN, NaN, 0.25, NaN, NaN, NaN, NaN, 0.0, 0.0, 0.0, NaN, 0.3333333333333333, NaN, 0.0, NaN, 0.3333333333333333, NaN, NaN, NaN, NaN, NaN, NaN, NaN, Infinity, 0.0, NaN, 0.0, 0.0, NaN, 0.0, 0.5, NaN, NaN, 0.0, 0.0, NaN, NaN, 0.0, NaN, NaN, NaN, 0.0, 0.0, 0.0, 0.5, 0.0, 0.0, NaN, NaN, Infinity, NaN, 0.0, NaN, 0.0, 0.5, Infinity, NaN, NaN, 0.0, 0.5, Infinity, 0.0, Infinity, NaN, NaN, NaN, Infinity, 0.0, NaN, NaN, 0.0, NaN, 0.0, NaN, NaN, NaN, 0.0, 0.0, Infinity, 1.0, NaN, NaN, 0.0, 0.0, 0.0, 0.0, NaN, NaN, 0.0, NaN, Infinity, NaN, 0.0, NaN, NaN, 0.0, Infinity, NaN, NaN, NaN, 0.0, 0.5, NaN, NaN, NaN, Infinity, 0.0, NaN, 0.0, 0.0, Infinity, NaN, 0.0, 0.0, Infinity, NaN, NaN, 0.0, NaN, NaN, Infinity, 0.0, 0.0, NaN, Infinity, 0.5, NaN, NaN, 0.0, Infinity, 0.0, NaN, NaN, NaN, NaN, 0.25, Infinity, 1.0, 0.0, 0.0, Infinity, 0.0, NaN, NaN, 0.5, NaN, 0.5, 0.0, Infinity, Infinity, 0.0, 0.0, 0.0, 0.5, 0.0, Infinity, Infinity, NaN, Infinity, 0.0, Infinity, 0.0, NaN, 0.0, NaN, Infinity, NaN, Infinity, Infinity, 0.0, Infinity, 1.0, NaN, NaN, Infinity, 0.0, 0.5, NaN, NaN, 0.0, 0.0, 0.2, 0.0, Infinity, 0.0, 0.0, Infinity, Infinity, Infinity, NaN, 0.0, 0.0, 0.0, 0.3333333333333333, NaN, 0.5, NaN, NaN, NaN, 0.0, 0.0, 0.3333333333333333, 0.0, NaN, 0.0, NaN, Infinity, NaN, NaN, 0.25, Infinity, 0.0, Infinity, 0.0, 0.0, NaN, Infinity, 0.5, 0.0, 0.0, NaN, 0.0, Infinity, 0.3333333333333333, NaN, 0.0, NaN, 0.5, NaN, 0.3333333333333333, NaN, NaN, Infinity, NaN, NaN, NaN, NaN, NaN, NaN, 0.5, 0.0, NaN, Infinity, 0.0, 0.5, 0.0, NaN, 0.5, 0.0, 0.0, NaN, NaN, Infinity, 0.0, NaN, 0.0, NaN, 0.0, 0.0, NaN, Infinity, 1.0, NaN, 0.0, NaN, 0.0, 0.0, NaN, Infinity, 0.0, 0.3333333333333333, 0.0, 0.0, 0.5, Infinity, NaN, Infinity, 0.3333333333333333, NaN, NaN, 0.0, 0.0, NaN, NaN, 0.0, 0.3333333333333333, NaN, NaN, Infinity, NaN, NaN, Infinity, NaN, 0.0, 0.3333333333333333, Infinity, 0.0, Infinity, NaN, NaN, 0.0, NaN, 0.0, 0.0, 0.0, 0.0, 0.0, 0.3333333333333333, 0.0, NaN, Infinity, 0.3333333333333333, NaN, 0.0, NaN, NaN, 0.0, 0.0, 0.0, NaN, 0.0, 0.0, 0.0, NaN, 0.3333333333333333, 0.0, NaN, 0.0, 0.0, 0.3333333333333333, NaN, 0.3333333333333333, 0.0, 0.0, Infinity, Infinity, NaN, Infinity, Infinity, 0.0, Infinity, 0.0, 0.3333333333333333, NaN, Infinity, 0.0, Infinity, NaN, 0.0, 0.0, NaN, 1.0, 0.0, 0.0, NaN, 0.0, NaN, 0.0, NaN, NaN, Infinity, 0.0, NaN, 0.3333333333333333, Infinity, NaN, 0.0, 0.0, NaN, 0.0, 0.0, NaN, Infinity, 0.0, 0.0, 0.5, Infinity, Infinity, Infinity, NaN, 0.0, 0.0, NaN, 0.25, Infinity, 0.0, NaN, NaN, Infinity, 0.0, 0.2, NaN, NaN, 0.0, 0.0, NaN, Infinity, 0.0, 0.0, 0.0, NaN, 0.5, NaN, 0.0, 0.0, NaN, 0.0, NaN, NaN, 0.0, 0.3333333333333333, NaN, 0.0, 0.0, NaN, 0.0, NaN, Infinity, Infinity, Infinity, NaN, Infinity, NaN, NaN, Infinity, NaN, NaN, Infinity, 0.0, NaN, NaN, 0.5, 0.3333333333333333, 0.3333333333333333, 0.0, 0.0, 0.0, 0.0, Infinity, Infinity, 0.0, 0.0, NaN, 0.0, 0.5, 0.0, 0.0, NaN, NaN, NaN, NaN, NaN, 0.0, NaN, 1.0, 0.3333333333333333, 0.0, NaN, 0.0, 0.0, 0.0, 0.3333333333333333, 0.0, NaN, Infinity, 0.0, NaN, Infinity, 0.0, NaN, Infinity, 0.0, 0.5, NaN, NaN, NaN, NaN, 0.2, 0.0, Infinity, Infinity, NaN, NaN, NaN, NaN, 0.0, Infinity, 0.0, NaN, NaN, NaN, NaN, 0.0, 0.3333333333333333, Infinity, Infinity, 0.0, 0.0, 0.0, Infinity, 0.0, NaN, NaN, 0.0, Infinity, Infinity, NaN, NaN, NaN, 1.0, NaN, 0.3333333333333333, NaN, 0.0, NaN, NaN, 0.0, 0.0, NaN, NaN, 0.0, NaN, NaN, 0.0, NaN, NaN, NaN, NaN, Infinity, 1.0, Infinity, Infinity, NaN, Infinity, 0.5, 0.0, 0.0, 0.5, 0.0, NaN, 0.3333333333333333, NaN, NaN, Infinity, 0.0, Infinity, 0.0, NaN, 0.0, Infinity, Infinity, 0.0, 0.5, 0.0, Infinity, Infinity, 0.5, NaN, 0.0, 0.0, Infinity, NaN, NaN, Infinity, 0.5, 0.0, NaN, 0.0, NaN, NaN, Infinity, Infinity, 0.0, 0.0, Infinity, Infinity, NaN, 0.0, NaN, 0.0, 0.0, NaN, Infinity, Infinity, 0.0, 0.0, NaN, 0.0, 0.5, NaN, NaN, 0.0, 0.0, Infinity, NaN, 0.0, NaN, 0.3333333333333333, Infinity, NaN, 0.0, 0.0, 0.0, 0.0, NaN, Infinity, NaN, NaN, NaN, 0.0, 0.0, 0.0, 0.0, 1.0, Infinity, NaN, Infinity, 0.0, 0.3333333333333333, 0.0, Infinity, 0.0, NaN, NaN, 0.0, NaN, Infinity, 0.0, 0.0, NaN, 0.5, 0.0, NaN, NaN, 0.3333333333333333, 0.0, NaN, Infinity, 0.5, 0.0, 0.0, 0.0, 0.0, Infinity, 0.5, 0.0, NaN, Infinity, 1.0, 0.0, Infinity, Infinity, 0.0, 0.0, 0.0, NaN, NaN, 0.3333333333333333, NaN, 0.0, Infinity, NaN, 0.0, 0.0, NaN, 0.0, 0.0, NaN, 0.0, 0.0, Infinity, NaN, 0.0, NaN, NaN, NaN, 0.0, Infinity, 0.0, 0.5, NaN, 0.5, Infinity, NaN, 0.5, NaN, NaN, 0.0, Infinity, 0.0, 0.0, 0.0, 0.0, 0.0, 0.0, NaN, NaN, NaN, 0.5, 1.0, NaN, NaN, Infinity, NaN, 0.0, NaN, 0.0, 0.0, NaN, 0.0, 0.0, 0.0, Infinity, 0.0, 0.5, NaN, NaN, 0.0, 0.0, NaN, NaN, 0.0, 0.0, NaN, Infinity, NaN, 0.3333333333333333, NaN, Infinity, Infinity, 0.0, 0.0, 0.0, 0.0, NaN, 0.0, 0.3333333333333333, Infinity, Infinity, NaN, NaN, 0.0, NaN, NaN, 0.5, Infinity, NaN, Infinity, NaN, 0.5, NaN, Infinity, NaN, 0.3333333333333333, 0.0, Infinity, NaN, NaN, 0.3333333333333333, 0.0, 0.0, 0.0, Infinity, 0.0, 0.0, 0.0, 0.0, 0.3333333333333333, Infinity, NaN, NaN, 0.0, 0.0, NaN, 0.0, NaN, Infinity, NaN, Infinity, 0.0, 0.0, 0.0, 0.0, Infinity, NaN, 0.0, 0.0, 0.0, 0.0, Infinity, NaN, 0.0, 1.0, 0.3333333333333333, 0.5, NaN, 1.0, 0.0, Infinity, NaN, 0.0, NaN, 0.25, NaN, NaN, 0.0, 0.0, NaN, 0.25, 0.0, Infinity, 0.0, NaN, Infinity, NaN, Infinity, 0.0, 0.0, 0.0, NaN, 0.5, 0.0, Infinity, 0.0, 0.0, 0.0, NaN, NaN, 0.5, 0.0, 0.0, 0.0, 0.0, Infinity, NaN, Infinity, 0.5, NaN, 0.0, 0.0, NaN, 0.0 ]),(43,Array S Seq (Sz1 1000)
  [ 1.0, 1.0, 1.0, 1.0, 136.01341247558594, 1.0, 132.46034240722656, 1.0, 1.0, 1.0, 1.0, 1.0, 1.0, 1.0, 1.0, 1.0, 1.0, 195.7398681640625, 1.0, 1.0, 125.3662109375, 100.45612335205078, 1.0, 227.5116424560547, 181.67588806152344, 143.7611083984375, 1.0, 1.0, 116.65486145019533, 131.63455200195313, 121.69271850585938, 123.9864273071289, 1.0, 1.0, 1.0, 98.12364959716795, 1.0, 1.0, 125.39635467529295, 1.0, 1.0, 95.56956481933594, 1.0, 1.0, 188.5592803955078, 1.0, 1.0, 1.0, 1.0, 1.0, 142.63609313964844, 1.0, 1.0, 1.0, 111.1320571899414, 1.0, 106.53964233398438, 1.0, 1.0, 1.0, 1.0, 1.0, 1.0, 1.0, 1.0, 111.14727783203124, 1.0, 1.0, 1.0, 1.0, 1.0, 117.57294464111328, 1.0, 145.8654022216797, 164.04278564453125, 1.0, 1.0, 1.0, 1.0, 1.0, 133.8019256591797, 1.0, 1.0, 115.20513153076172, 121.85877990722656, 113.01095581054688, 1.0, 130.25531005859375, 1.0, 1.0, 94.25062561035156, 1.0, 1.0, 1.0, 1.0, 1.0, 1.0, 96.33263397216795, 1.0, 1.0, 1.0, 1.0, 1.0, 1.0, 1.0, 1.0, 1.0, 1.0, 220.2862243652344, 1.0, 1.0, 1.0, 1.0, 1.0, 102.52779388427734, 97.68030548095705, 1.0, 180.83546447753903, 1.0, 1.0, 1.0, 131.17535400390625, 1.0, 1.0, 1.0, 1.0, 94.65105438232422, 1.0, 139.61727905273438, 1.0, 1.0, 145.06817626953125, 1.0, 1.0, 107.42437744140624, 95.64950561523438, 1.0, 134.4632110595703, 1.0, 93.6827163696289, 1.0, 97.78213500976563, 124.27935028076172, 1.0, 164.24832153320313, 1.0, 137.6710205078125, 1.0, 178.83338928222656, 1.0, 1.0, 1.0, 1.0, 1.0, 1.0, 169.51242065429688, 1.0, 1.0, 1.0, 1.0, 95.2139663696289, 1.0, 1.0, 1.0, 1.0, 1.0, 1.0, 1.0, 1.0, 141.16954040527344, 1.0, 1.0, 1.0, 112.09339141845705, 1.0, 1.0, 1.0, 1.0, 1.0, 1.0, 1.0, 119.0601577758789, 1.0, 1.0, 1.0, 1.0, 1.0, 1.0, 99.06946563720705, 1.0, 1.0, 1.0, 1.0, 1.0, 1.0, 1.0, 1.0, 1.0, 1.0, 1.0, 1.0, 1.0, 112.79476928710938, 1.0, 1.0, 1.0, 1.0, 196.0348358154297, 1.0, 1.0, 1.0, 1.0, 113.68338012695313, 118.33258819580078, 1.0, 1.0, 1.0, 136.78173828125, 139.28744506835938, 1.0, 117.33659362792967, 1.0, 1.0, 1.0, 178.14915466308594, 1.0, 1.0, 1.0, 1.0, 1.0, 1.0, 1.0, 1.0, 1.0, 1.0, 1.0, 135.50515747070313, 159.59939575195313, 1.0, 1.0, 1.0, 1.0, 1.0, 1.0, 1.0, 1.0, 1.0, 1.0, 97.01697540283205, 1.0, 1.0, 1.0, 1.0, 1.0, 133.14422607421875, 1.0, 1.0, 1.0, 1.0, 114.9203643798828, 1.0, 1.0, 1.0, 110.6036148071289, 1.0, 1.0, 1.0, 1.0, 176.58807373046875, 1.0, 1.0, 1.0, 123.84322357177734, 1.0, 1.0, 1.0, 1.0, 1.0, 119.71439361572266, 1.0, 1.0, 1.0, 106.53526306152344, 94.0523452758789, 1.0, 1.0, 1.0, 126.93397521972656, 1.0, 1.0, 1.0, 1.0, 1.0, 117.0088348388672, 119.5029754638672, 125.56053161621094, 1.0, 1.0, 132.14598083496094, 1.0, 1.0, 1.0, 87.41312408447266, 1.0, 95.02692413330078, 1.0, 119.26365661621094, 134.45970153808594, 1.0, 1.0, 1.0, 99.28182983398438, 1.0, 94.6075439453125, 94.46876525878906, 1.0, 137.4488525390625, 1.0, 211.2836761474609, 1.0, 1.0, 1.0, 1.0, 114.7640380859375, 1.0, 135.9503936767578, 130.70127868652344, 1.0, 137.80044555664063, 88.28662872314453, 1.0, 1.0, 130.83872985839844, 1.0, 111.05498504638672, 1.0, 1.0, 1.0, 1.0, 100.09678649902344, 1.0, 122.81951141357422, 1.0, 1.0, 110.52544403076172, 115.51080322265624, 122.59165954589844, 1.0, 1.0, 1.0, 1.0, 101.6290283203125, 1.0, 94.34821319580078, 1.0, 1.0, 1.0, 1.0, 1.0, 114.70557403564452, 1.0, 1.0, 1.0, 1.0, 95.76242065429688, 1.0, 1.0, 112.5141372680664, 88.15782165527344, 1.0, 120.7089614868164, 1.0, 1.0, 1.0, 105.655517578125, 135.57460021972656, 1.0, 1.0, 1.0, 1.0, 193.0663604736328, 117.15084075927734, 1.0, 1.0, 1.0, 122.7280502319336, 1.0, 208.4979553222656, 1.0, 1.0, 166.6735076904297, 1.0, 1.0, 1.0, 1.0, 1.0, 1.0, 86.81338500976563, 1.0, 1.0, 95.30038452148438, 1.0, 142.10365295410156, 1.0, 1.0, 173.66940307617188, 1.0, 1.0, 1.0, 1.0, 118.42745208740234, 1.0, 1.0, 1.0, 1.0, 1.0, 1.0, 1.0, 96.7544937133789, 112.22957611083984, 1.0, 1.0, 1.0, 1.0, 1.0, 1.0, 99.88421630859376, 1.0, 125.21788787841795, 1.0, 1.0, 92.98644256591795, 132.99009704589844, 1.0, 89.97750854492188, 120.1999282836914, 1.0, 1.0, 1.0, 1.0, 1.0, 1.0, 1.0, 115.55187225341795, 1.0, 1.0, 125.03704833984376, 1.0, 1.0, 97.14032745361328, 1.0, 1.0, 116.3814926147461, 109.56224060058594, 1.0, 159.73794555664063, 1.0, 1.0, 1.0, 1.0, 1.0, 1.0, 1.0, 1.0, 1.0, 102.50216674804688, 1.0, 1.0, 99.54903411865234, 127.79768371582033, 1.0, 1.0, 1.0, 1.0, 1.0, 1.0, 1.0, 1.0, 1.0, 1.0, 1.0, 1.0, 138.177490234375, 1.0, 1.0, 1.0, 1.0, 124.6482391357422, 1.0, 154.5901336669922, 1.0, 1.0, 113.44416809082033, 214.61415100097656, 1.0, 128.01129150390625, 110.81842803955078, 1.0, 119.41241455078124, 1.0, 127.96310424804688, 1.0, 93.6087417602539, 1.0, 132.87777709960938, 1.0, 1.0, 1.0, 1.0, 104.17752075195313, 1.0, 1.0, 1.0, 1.0, 1.0, 1.0, 1.0, 1.0, 98.71143341064452, 1.0, 1.0, 95.66000366210938, 82.81594848632813, 1.0, 1.0, 1.0, 1.0, 1.0, 1.0, 1.0, 94.98185729980467, 1.0, 1.0, 122.54882049560548, 110.1447296142578, 125.89794921875, 110.60667419433594, 1.0, 1.0, 1.0, 1.0, 122.43759155273438, 176.41217041015625, 1.0, 1.0, 1.0, 104.21048736572266, 1.0, 124.56581115722656, 1.0, 1.0, 1.0, 1.0, 1.0, 109.88538360595705, 1.0, 1.0, 1.0, 1.0, 195.908920288086, 1.0, 1.0, 1.0, 1.0, 1.0, 1.0, 1.0, 1.0, 95.1094741821289, 1.0, 1.0, 1.0, 1.0, 1.0, 1.0, 114.64632415771484, 106.94384765625, 113.65746307373048, 1.0, 110.3374252319336, 1.0, 1.0, 108.91471099853516, 1.0, 1.0, 115.75985717773438, 1.0, 1.0, 1.0, 115.35077667236328, 86.42877960205078, 103.85904693603516, 1.0, 1.0, 1.0, 1.0, 157.17108154296875, 184.26934814453125, 1.0, 1.0, 1.0, 1.0, 78.71513366699219, 1.0, 1.0, 1.0, 1.0, 1.0, 1.0, 1.0, 1.0, 1.0, 102.94474029541016, 108.03286743164063, 1.0, 1.0, 1.0, 1.0, 1.0, 209.7331085205078, 1.0, 1.0, 101.8200912475586, 1.0, 1.0, 120.1257781982422, 1.0, 1.0, 108.91339874267578, 1.0, 120.2540512084961, 1.0, 1.0, 1.0, 1.0, 111.05274200439452, 1.0, 137.75344848632813, 110.5718231201172, 1.0, 1.0, 1.0, 1.0, 1.0, 113.15443420410156, 1.0, 1.0, 1.0, 1.0, 1.0, 1.0, 124.5980453491211, 142.53700256347656, 100.27295684814452, 1.0, 1.0, 1.0, 96.29581451416016, 1.0, 1.0, 1.0, 1.0, 210.9147491455078, 112.43791961669922, 1.0, 1.0, 1.0, 102.27661895751952, 1.0, 158.00369262695313, 1.0, 1.0, 1.0, 1.0, 1.0, 1.0, 1.0, 1.0, 1.0, 1.0, 1.0, 1.0, 1.0, 1.0, 1.0, 1.0, 118.8065948486328, 90.81153869628906, 133.96786499023438, 123.07068634033205, 1.0, 127.35945129394533, 107.52288055419922, 1.0, 1.0, 113.804931640625, 1.0, 1.0, 109.20843505859376, 1.0, 1.0, 90.13827514648438, 1.0, 125.06075286865234, 1.0, 1.0, 1.0, 111.260986328125, 128.94735717773438, 1.0, 126.4247055053711, 1.0, 121.1880340576172, 92.16293334960938, 95.39696502685548, 1.0, 1.0, 1.0, 123.01937103271484, 1.0, 1.0, 93.52633666992188, 137.6227264404297, 1.0, 1.0, 1.0, 1.0, 1.0, 97.92525482177734, 122.70101165771484, 1.0, 1.0, 141.82980346679688, 121.66460418701172, 1.0, 1.0, 1.0, 1.0, 1.0, 1.0, 134.35581970214844, 124.31578063964844, 1.0, 1.0, 1.0, 1.0, 213.21923828125, 1.0, 1.0, 1.0, 1.0, 93.49762725830078, 1.0, 1.0, 1.0, 101.03815460205078, 111.4580078125, 1.0, 1.0, 1.0, 1.0, 1.0, 1.0, 191.4119415283203, 1.0, 1.0, 1.0, 1.0, 1.0, 1.0, 1.0, 119.91690826416016, 117.36027526855467, 1.0, 100.55362701416016, 1.0, 133.1939697265625, 1.0, 109.63882446289063, 1.0, 1.0, 1.0, 1.0, 1.0, 108.5556411743164, 1.0, 1.0, 1.0, 112.54126739501952, 1.0, 1.0, 1.0, 93.88091278076172, 1.0, 1.0, 180.0272674560547, 132.2572021484375, 1.0, 1.0, 1.0, 1.0, 130.3162841796875, 122.96540069580078, 1.0, 1.0, 198.93917846679688, 123.3795394897461, 1.0, 201.30909729003903, 105.96451568603516, 1.0, 1.0, 1.0, 1.0, 1.0, 131.46376037597656, 1.0, 1.0, 120.38939666748048, 1.0, 1.0, 1.0, 1.0, 1.0, 1.0, 1.0, 1.0, 1.0, 108.23681640625, 1.0, 1.0, 1.0, 1.0, 1.0, 1.0, 86.50275421142578, 1.0, 122.35628509521484, 1.0, 111.6075439453125, 188.20957946777344, 1.0, 101.7471923828125, 1.0, 1.0, 1.0, 82.9847183227539, 1.0, 1.0, 1.0, 1.0, 1.0, 1.0, 1.0, 1.0, 1.0, 88.28398132324219, 115.1414566040039, 1.0, 1.0, 95.97608184814452, 1.0, 1.0, 1.0, 1.0, 1.0, 1.0, 1.0, 1.0, 1.0, 102.81180572509766, 1.0, 164.551025390625, 1.0, 1.0, 1.0, 1.0, 1.0, 1.0, 1.0, 1.0, 1.0, 167.08934020996094, 1.0, 138.1129608154297, 1.0, 200.2909240722656, 182.18942260742188, 1.0, 1.0, 1.0, 1.0, 1.0, 1.0, 176.19436645507813, 84.4425277709961, 175.30105590820313, 1.0, 1.0, 1.0, 1.0, 1.0, 186.5384826660156, 163.12045288085938, 1.0, 135.02955627441406, 1.0, 98.9612274169922, 1.0, 136.63552856445313, 1.0, 92.15441131591795, 1.0, 85.46287536621094, 1.0, 1.0, 105.56327056884766, 1.0, 1.0, 1.0, 93.44153594970705, 1.0, 1.0, 1.0, 1.0, 118.16268157958984, 198.2670440673828, 1.0, 1.0, 1.0, 1.0, 1.0, 1.0, 1.0, 112.34520721435548, 1.0, 90.25405883789063, 1.0, 1.0, 1.0, 1.0, 109.6977767944336, 1.0, 1.0, 1.0, 1.0, 1.0, 103.0973129272461, 1.0, 1.0, 114.24532318115234, 111.91062927246094, 178.84811401367188, 1.0, 187.9645233154297, 1.0, 107.05181121826172, 1.0, 1.0, 1.0, 119.16615295410156, 1.0, 1.0, 1.0, 1.0, 1.0, 117.20548248291016, 1.0, 116.38352966308594, 1.0, 1.0, 100.95030975341795, 1.0, 138.2363739013672, 1.0, 1.0, 1.0, 1.0, 124.95571899414063, 1.0, 141.69619750976563, 1.0, 1.0, 1.0, 1.0, 1.0, 99.37890625, 1.0, 1.0, 1.0, 1.0, 97.0040512084961, 1.0, 137.1707763671875, 89.20085144042969, 1.0, 1.0, 1.0, 1.0, 1.0 ]),(44,Array S Seq (Sz1 1000)
  [ 4.0, 1.0, 3.0, 5.0, 138.01341247558594, 1.0, 132.46034240722656, 1.0, 1.0, 3.0, 1.0, 2.0, 1.0, 3.0, 1.0, 1.0, 1.0, 195.7398681640625, 3.0, 4.0, 125.3662109375, 100.45612335205078, 1.0, 230.5116424560547, 181.67588806152344, 147.7611083984375, 1.0, 1.0, 118.65486145019533, 131.63455200195313, 123.69271850585938, 125.9864273071289, 3.0, 1.0, 3.0, 98.12364959716795, 1.0, 3.0, 125.39635467529295, 1.0, 1.0, 98.56956481933594, 1.0, 4.0, 188.5592803955078, 1.0, 1.0, 3.0, 1.0, 4.0, 142.63609313964844, 4.0, 1.0, 1.0, 111.1320571899414, 1.0, 109.53964233398438, 4.0, 3.0, 1.0, 3.0, 4.0, 1.0, 3.0, 4.0, 111.14727783203124, 3.0, 4.0, 3.0, 1.0, 1.0, 117.57294464111328, 2.0, 145.8654022216797, 164.04278564453125, 2.0, 1.0, 3.0, 1.0, 1.0, 135.8019256591797, 1.0, 4.0, 117.20513153076172, 121.85877990722656, 113.01095581054688, 1.0, 130.25531005859375, 1.0, 1.0, 95.25062561035156, 1.0, 1.0, 4.0, 4.0, 4.0, 3.0, 101.33263397216795, 4.0, 1.0, 3.0, 1.0, 3.0, 1.0, 1.0, 3.0, 3.0, 2.0, 220.2862243652344, 1.0, 5.0, 1.0, 1.0, 1.0, 105.52779388427734, 99.68030548095705, 1.0, 180.83546447753903, 2.0, 1.0, 3.0, 131.17535400390625, 1.0, 2.0, 1.0, 1.0, 94.65105438232422, 1.0, 141.61727905273438, 4.0, 2.0, 145.06817626953125, 1.0, 1.0, 107.42437744140624, 100.64950561523438, 1.0, 134.4632110595703, 1.0, 93.6827163696289, 3.0, 98.78213500976563, 125.27935028076172, 1.0, 169.24832153320313, 1.0, 139.6710205078125, 1.0, 180.83338928222656, 3.0, 2.0, 1.0, 1.0, 4.0, 1.0, 169.51242065429688, 1.0, 1.0, 1.0, 1.0, 99.2139663696289, 1.0, 1.0, 1.0, 1.0, 2.0, 2.0, 4.0, 1.0, 144.16954040527344, 1.0, 4.0, 1.0, 115.09339141845705, 1.0, 1.0, 1.0, 1.0, 1.0, 1.0, 1.0, 119.0601577758789, 4.0, 1.0, 3.0, 3.0, 1.0, 3.0, 101.06946563720705, 1.0, 1.0, 3.0, 4.0, 1.0, 1.0, 3.0, 1.0, 1.0, 1.0, 3.0, 3.0, 3.0, 114.79476928710938, 4.0, 3.0, 1.0, 1.0, 196.0348358154297, 1.0, 3.0, 1.0, 4.0, 115.68338012695313, 118.33258819580078, 1.0, 1.0, 4.0, 138.78173828125, 139.28744506835938, 4.0, 117.33659362792967, 1.0, 1.0, 1.0, 178.14915466308594, 3.0, 1.0, 1.0, 4.0, 1.0, 3.0, 1.0, 1.0, 1.0, 4.0, 3.0, 135.50515747070313, 160.59939575195313, 1.0, 1.0, 3.0, 3.0, 3.0, 4.0, 1.0, 1.0, 3.0, 1.0, 97.01697540283205, 1.0, 6.0, 1.0, 1.0, 4.0, 133.14422607421875, 1.0, 1.0, 1.0, 2.0, 116.9203643798828, 1.0, 1.0, 1.0, 110.6036148071289, 4.0, 1.0, 3.0, 4.0, 176.58807373046875, 1.0, 4.0, 4.0, 123.84322357177734, 1.0, 1.0, 6.0, 1.0, 1.0, 119.71439361572266, 6.0, 4.0, 1.0, 106.53526306152344, 96.0523452758789, 1.0, 1.0, 3.0, 126.93397521972656, 4.0, 1.0, 1.0, 1.0, 1.0, 121.0088348388672, 119.5029754638672, 126.56053161621094, 3.0, 4.0, 132.14598083496094, 3.0, 1.0, 1.0, 89.41312408447266, 1.0, 97.02692413330078, 4.0, 119.26365661621094, 134.45970153808594, 3.0, 5.0, 3.0, 101.28182983398438, 4.0, 94.6075439453125, 94.46876525878906, 1.0, 137.4488525390625, 3.0, 211.2836761474609, 2.0, 1.0, 4.0, 1.0, 114.7640380859375, 1.0, 135.9503936767578, 130.70127868652344, 4.0, 137.80044555664063, 89.28662872314453, 1.0, 1.0, 130.83872985839844, 6.0, 113.05498504638672, 1.0, 1.0, 4.0, 5.0, 105.09678649902344, 4.0, 122.81951141357422, 3.0, 5.0, 110.52544403076172, 115.51080322265624, 122.59165954589844, 1.0, 3.0, 4.0, 3.0, 104.6290283203125, 1.0, 96.34821319580078, 1.0, 1.0, 1.0, 4.0, 3.0, 117.70557403564452, 4.0, 1.0, 3.0, 1.0, 95.76242065429688, 1.0, 1.0, 116.5141372680664, 88.15782165527344, 3.0, 120.7089614868164, 4.0, 4.0, 1.0, 105.655517578125, 137.57460021972656, 3.0, 3.0, 1.0, 5.0, 193.0663604736328, 120.15084075927734, 1.0, 4.0, 1.0, 124.7280502319336, 1.0, 211.4979553222656, 1.0, 1.0, 166.6735076904297, 1.0, 1.0, 1.0, 1.0, 1.0, 1.0, 88.81338500976563, 3.0, 1.0, 95.30038452148438, 3.0, 144.10365295410156, 3.0, 1.0, 175.66940307617188, 5.0, 3.0, 1.0, 1.0, 118.42745208740234, 3.0, 1.0, 3.0, 1.0, 6.0, 6.0, 1.0, 96.7544937133789, 113.22957611083984, 1.0, 4.0, 1.0, 4.0, 3.0, 1.0, 99.88421630859376, 3.0, 128.21788787841797, 3.0, 3.0, 94.98644256591795, 132.99009704589844, 1.0, 89.97750854492188, 123.1999282836914, 1.0, 1.0, 3.0, 4.0, 1.0, 1.0, 4.0, 118.55187225341795, 1.0, 1.0, 125.03704833984376, 1.0, 1.0, 97.14032745361328, 1.0, 3.0, 119.3814926147461, 109.56224060058594, 4.0, 159.73794555664063, 1.0, 1.0, 3.0, 1.0, 3.0, 3.0, 3.0, 4.0, 3.0, 105.50216674804688, 4.0, 1.0, 99.54903411865234, 130.7976837158203, 1.0, 6.0, 1.0, 1.0, 6.0, 3.0, 4.0, 1.0, 2.0, 3.0, 3.0, 1.0, 141.177490234375, 4.0, 1.0, 3.0, 4.0, 127.6482391357422, 1.0, 157.5901336669922, 5.0, 3.0, 113.44416809082033, 214.61415100097656, 1.0, 128.01129150390625, 110.81842803955078, 3.0, 119.41241455078124, 3.0, 130.96310424804688, 1.0, 93.6087417602539, 4.0, 132.87777709960938, 1.0, 4.0, 2.0, 1.0, 105.17752075195313, 3.0, 4.0, 1.0, 3.0, 1.0, 3.0, 1.0, 1.0, 98.71143341064452, 3.0, 1.0, 98.66000366210938, 82.81594848632813, 1.0, 4.0, 3.0, 1.0, 3.0, 4.0, 1.0, 94.98185729980467, 4.0, 6.0, 124.54882049560548, 110.1447296142578, 125.89794921875, 110.60667419433594, 1.0, 2.0, 3.0, 1.0, 126.43759155273438, 176.41217041015625, 3.0, 1.0, 1.0, 104.21048736572266, 5.0, 129.56581115722656, 1.0, 1.0, 4.0, 3.0, 1.0, 109.88538360595705, 2.0, 5.0, 3.0, 1.0, 197.908920288086, 1.0, 5.0, 3.0, 1.0, 2.0, 1.0, 1.0, 4.0, 98.1094741821289, 1.0, 3.0, 2.0, 1.0, 3.0, 1.0, 114.64632415771484, 106.94384765625, 113.65746307373048, 1.0, 110.3374252319336, 1.0, 1.0, 108.91471099853516, 1.0, 1.0, 115.75985717773438, 2.0, 1.0, 1.0, 117.35077667236328, 89.42877960205078, 106.85904693603516, 4.0, 3.0, 3.0, 4.0, 157.17108154296875, 184.26934814453125, 3.0, 3.0, 1.0, 3.0, 80.71513366699219, 3.0, 3.0, 1.0, 1.0, 1.0, 1.0, 1.0, 3.0, 1.0, 103.94474029541016, 111.03286743164063, 3.0, 1.0, 4.0, 3.0, 3.0, 212.7331085205078, 4.0, 1.0, 101.8200912475586, 3.0, 1.0, 120.1257781982422, 4.0, 1.0, 108.91339874267578, 3.0, 122.2540512084961, 1.0, 1.0, 1.0, 1.0, 116.05274200439452, 3.0, 137.75344848632813, 110.5718231201172, 1.0, 1.0, 1.0, 1.0, 3.0, 113.15443420410156, 3.0, 1.0, 1.0, 1.0, 1.0, 3.0, 127.5980453491211, 142.53700256347656, 100.27295684814452, 3.0, 3.0, 3.0, 96.29581451416016, 4.0, 1.0, 1.0, 3.0, 210.9147491455078, 112.43791961669922, 1.0, 1.0, 1.0, 103.27661895751952, 1.0, 161.00369262695313, 1.0, 3.0, 1.0, 1.0, 6.0, 3.0, 1.0, 1.0, 5.0, 1.0, 1.0, 6.0, 1.0, 1.0, 1.0, 1.0, 118.8065948486328, 91.81153869628906, 133.96786499023438, 123.07068634033205, 1.0, 127.35945129394533, 109.52288055419922, 2.0, 4.0, 115.804931640625, 4.0, 1.0, 112.20843505859376, 1.0, 1.0, 90.13827514648438, 4.0, 125.06075286865234, 3.0, 1.0, 3.0, 111.260986328125, 128.94735717773438, 3.0, 128.4247055053711, 4.0, 121.1880340576172, 92.16293334960938, 97.39696502685548, 1.0, 3.0, 4.0, 123.01937103271484, 1.0, 1.0, 93.52633666992188, 139.6227264404297, 4.0, 1.0, 3.0, 1.0, 1.0, 97.92525482177734, 122.70101165771484, 3.0, 4.0, 141.82980346679688, 121.66460418701172, 1.0, 4.0, 1.0, 6.0, 4.0, 1.0, 134.35581970214844, 124.31578063964844, 4.0, 3.0, 1.0, 5.0, 215.21923828125, 1.0, 1.0, 4.0, 4.0, 93.49762725830078, 1.0, 3.0, 1.0, 104.03815460205078, 111.4580078125, 1.0, 4.0, 3.0, 3.0, 2.0, 1.0, 191.4119415283203, 1.0, 1.0, 1.0, 3.0, 3.0, 4.0, 4.0, 120.91690826416016, 117.36027526855467, 1.0, 100.55362701416016, 4.0, 136.1939697265625, 3.0, 109.63882446289063, 3.0, 1.0, 1.0, 5.0, 1.0, 108.5556411743164, 4.0, 3.0, 1.0, 114.54126739501952, 4.0, 1.0, 1.0, 96.88091278076172, 3.0, 1.0, 180.0272674560547, 134.2572021484375, 3.0, 3.0, 4.0, 4.0, 130.3162841796875, 124.96540069580078, 4.0, 1.0, 198.93917846679688, 124.3795394897461, 3.0, 201.30909729003903, 105.96451568603516, 3.0, 5.0, 4.0, 1.0, 1.0, 134.46376037597656, 1.0, 6.0, 120.38939666748048, 1.0, 2.0, 4.0, 1.0, 4.0, 3.0, 1.0, 4.0, 3.0, 108.23681640625, 1.0, 4.0, 1.0, 1.0, 1.0, 3.0, 86.50275421142578, 4.0, 124.35628509521484, 1.0, 113.6075439453125, 188.20957946777344, 1.0, 103.7471923828125, 1.0, 1.0, 3.0, 82.9847183227539, 3.0, 4.0, 2.0, 4.0, 3.0, 4.0, 1.0, 1.0, 1.0, 90.28398132324219, 116.1414566040039, 1.0, 1.0, 95.97608184814452, 1.0, 3.0, 1.0, 4.0, 3.0, 1.0, 4.0, 4.0, 3.0, 102.81180572509766, 2.0, 166.551025390625, 1.0, 1.0, 3.0, 3.0, 1.0, 1.0, 3.0, 4.0, 1.0, 167.08934020996094, 1.0, 141.1129608154297, 1.0, 200.2909240722656, 182.18942260742188, 3.0, 5.0, 3.0, 3.0, 1.0, 4.0, 179.19436645507813, 84.4425277709961, 175.30105590820313, 1.0, 1.0, 3.0, 1.0, 1.0, 188.5384826660156, 163.12045288085938, 1.0, 135.02955627441406, 1.0, 100.9612274169922, 1.0, 136.63552856445313, 1.0, 95.15441131591795, 3.0, 85.46287536621094, 1.0, 1.0, 108.56327056884766, 3.0, 3.0, 4.0, 93.44153594970705, 4.0, 3.0, 3.0, 3.0, 121.16268157958984, 198.2670440673828, 1.0, 1.0, 3.0, 3.0, 1.0, 3.0, 1.0, 112.34520721435548, 1.0, 90.25405883789063, 5.0, 3.0, 3.0, 3.0, 109.6977767944336, 1.0, 4.0, 3.0, 3.0, 4.0, 103.0973129272461, 1.0, 3.0, 115.24532318115234, 114.91062927246094, 180.84811401367188, 1.0, 188.9645233154297, 3.0, 107.05181121826172, 1.0, 4.0, 1.0, 123.16615295410156, 1.0, 1.0, 3.0, 3.0, 1.0, 121.20548248291016, 4.0, 116.38352966308594, 4.0, 1.0, 100.95030975341795, 1.0, 138.2363739013672, 3.0, 3.0, 3.0, 1.0, 126.95571899414063, 3.0, 141.69619750976563, 4.0, 3.0, 4.0, 1.0, 1.0, 101.37890625, 4.0, 3.0, 4.0, 4.0, 97.0040512084961, 1.0, 137.1707763671875, 91.20085144042969, 1.0, 3.0, 4.0, 1.0, 3.0 ]),(51,Array S Seq (Sz1 1000)
  [ 3.0, 0.0, 2.0, 4.0, 2.0, 1.0, 0.0, 0.0, 1.0, 3.0, 0.0, 1.0, 0.0, 3.0, 0.0, 0.0, 0.0, 1.0, 2.0, 4.0, 0.0, 0.0, 0.0, 4.0, 0.0, 4.0, 0.0, 0.0, 3.0, 0.0, 3.0, 2.0, 2.0, 0.0, 2.0, 0.0, 0.0, 3.0, 0.0, 0.0, 1.0, 3.0, 0.0, 3.0, 0.0, 1.0, 0.0, 2.0, 0.0, 3.0, 1.0, 3.0, 1.0, 0.0, 0.0, 0.0, 3.0, 3.0, 2.0, 1.0, 2.0, 4.0, 0.0, 2.0, 3.0, 0.0, 2.0, 3.0, 2.0, 0.0, 0.0, 0.0, 2.0, 1.0, 1.0, 2.0, 0.0, 2.0, 1.0, 0.0, 2.0, 0.0, 4.0, 2.0, 0.0, 0.0, 0.0, 1.0, 0.0, 0.0, 2.0, 1.0, 1.0, 3.0, 4.0, 4.0, 2.0, 6.0, 3.0, 0.0, 3.0, 0.0, 3.0, 0.0, 0.0, 3.0, 3.0, 1.0, 1.0, 0.0, 5.0, 1.0, 1.0, 1.0, 3.0, 3.0, 0.0, 0.0, 1.0, 0.0, 2.0, 0.0, 1.0, 1.0, 0.0, 1.0, 1.0, 0.0, 2.0, 4.0, 2.0, 0.0, 1.0, 0.0, 1.0, 5.0, 0.0, 1.0, 0.0, 1.0, 2.0, 1.0, 1.0, 0.0, 5.0, 1.0, 2.0, 1.0, 2.0, 2.0, 2.0, 1.0, 1.0, 3.0, 1.0, 0.0, 1.0, 0.0, 1.0, 1.0, 4.0, 0.0, 1.0, 1.0, 0.0, 2.0, 2.0, 3.0, 0.0, 4.0, 0.0, 3.0, 0.0, 3.0, 0.0, 0.0, 0.0, 1.0, 0.0, 0.0, 1.0, 1.0, 3.0, 0.0, 3.0, 2.0, 0.0, 2.0, 3.0, 0.0, 0.0, 2.0, 3.0, 0.0, 0.0, 3.0, 0.0, 1.0, 1.0, 3.0, 3.0, 2.0, 2.0, 3.0, 2.0, 0.0, 0.0, 0.0, 1.0, 2.0, 0.0, 3.0, 2.0, 0.0, 0.0, 0.0, 4.0, 3.0, 1.0, 3.0, 0.0, 0.0, 0.0, 0.0, 1.0, 3.0, 1.0, 1.0, 3.0, 1.0, 2.0, 1.0, 0.0, 1.0, 4.0, 3.0, 0.0, 1.0, 1.0, 1.0, 2.0, 2.0, 3.0, 3.0, 1.0, 1.0, 3.0, 1.0, 1.0, 0.0, 5.0, 0.0, 0.0, 3.0, 0.0, 1.0, 0.0, 0.0, 1.0, 3.0, 0.0, 0.0, 1.0, 0.0, 3.0, 1.0, 3.0, 3.0, 1.0, 0.0, 4.0, 3.0, 0.0, 0.0, 1.0, 5.0, 0.0, 0.0, 1.0, 6.0, 4.0, 1.0, 1.0, 2.0, 0.0, 0.0, 3.0, 1.0, 3.0, 1.0, 1.0, 1.0, 0.0, 5.0, 0.0, 1.0, 3.0, 3.0, 0.0, 2.0, 1.0, 0.0, 2.0, 1.0, 3.0, 4.0, 1.0, 1.0, 3.0, 4.0, 3.0, 3.0, 3.0, 1.0, 1.0, 0.0, 1.0, 2.0, 0.0, 2.0, 0.0, 3.0, 1.0, 0.0, 0.0, 1.0, 0.0, 3.0, 0.0, 1.0, 0.0, 1.0, 0.0, 5.0, 3.0, 0.0, 1.0, 3.0, 4.0, 5.0, 3.0, 0.0, 2.0, 4.0, 1.0, 0.0, 1.0, 1.0, 2.0, 3.0, 2.0, 3.0, 0.0, 3.0, 0.0, 0.0, 0.0, 4.0, 3.0, 4.0, 4.0, 1.0, 3.0, 1.0, 1.0, 0.0, 0.0, 4.0, 0.0, 2.0, 1.0, 3.0, 3.0, 1.0, 0.0, 2.0, 3.0, 3.0, 0.0, 4.0, 0.0, 3.0, 1.0, 3.0, 0.0, 3.0, 1.0, 4.0, 0.0, 0.0, 1.0, 0.0, 1.0, 1.0, 0.0, 0.0, 0.0, 2.0, 2.0, 0.0, 0.0, 2.0, 2.0, 2.0, 0.0, 2.0, 5.0, 2.0, 1.0, 0.0, 1.0, 2.0, 1.0, 3.0, 1.0, 6.0, 6.0, 0.0, 0.0, 1.0, 0.0, 4.0, 0.0, 4.0, 2.0, 0.0, 0.0, 2.0, 4.0, 2.0, 2.0, 2.0, 0.0, 0.0, 0.0, 4.0, 1.0, 0.0, 2.0, 3.0, 0.0, 0.0, 3.0, 3.0, 0.0, 0.0, 1.0, 0.0, 0.0, 1.0, 0.0, 3.0, 3.0, 0.0, 4.0, 1.0, 1.0, 0.0, 2.0, 0.0, 3.0, 2.0, 2.0, 3.0, 2.0, 4.0, 4.0, 1.0, 1.0, 3.0, 1.0, 5.0, 1.0, 0.0, 6.0, 2.0, 4.0, 1.0, 2.0, 3.0, 2.0, 0.0, 4.0, 3.0, 1.0, 2.0, 3.0, 4.0, 0.0, 3.0, 4.0, 2.0, 1.0, 0.0, 1.0, 0.0, 0.0, 2.0, 1.0, 2.0, 4.0, 0.0, 1.0, 3.0, 1.0, 0.0, 3.0, 1.0, 1.0, 2.0, 3.0, 3.0, 1.0, 2.0, 0.0, 2.0, 1.0, 0.0, 1.0, 2.0, 1.0, 4.0, 1.0, 1.0, 4.0, 3.0, 0.0, 2.0, 3.0, 0.0, 1.0, 3.0, 6.0, 2.0, 1.0, 1.0, 1.0, 0.0, 1.0, 3.0, 0.0, 4.0, 0.0, 2.0, 1.0, 1.0, 0.0, 4.0, 5.0, 1.0, 1.0, 3.0, 2.0, 0.0, 1.0, 1.0, 4.0, 2.0, 0.0, 3.0, 0.0, 5.0, 2.0, 0.0, 1.0, 0.0, 1.0, 4.0, 4.0, 1.0, 2.0, 2.0, 0.0, 2.0, 0.0, 0.0, 1.0, 0.0, 0.0, 1.0, 0.0, 1.0, 1.0, 0.0, 0.0, 0.0, 2.0, 0.0, 0.0, 3.0, 3.0, 3.0, 4.0, 3.0, 2.0, 3.0, 0.0, 1.0, 2.0, 2.0, 0.0, 2.0, 3.0, 2.0, 2.0, 1.0, 0.0, 0.0, 0.0, 1.0, 2.0, 0.0, 1.0, 4.0, 3.0, 0.0, 4.0, 2.0, 2.0, 4.0, 3.0, 1.0, 0.0, 3.0, 1.0, 1.0, 3.0, 0.0, 0.0, 2.0, 2.0, 0.0, 0.0, 0.0, 0.0, 5.0, 2.0, 0.0, 0.0, 0.0, 0.0, 1.0, 1.0, 2.0, 0.0, 3.0, 0.0, 1.0, 0.0, 1.0, 2.0, 4.0, 0.0, 1.0, 2.0, 2.0, 3.0, 0.0, 4.0, 0.0, 1.0, 3.0, 1.0, 0.0, 1.0, 0.0, 0.0, 1.0, 0.0, 3.0, 0.0, 2.0, 0.0, 1.0, 5.0, 2.0, 1.0, 1.0, 4.0, 0.0, 1.0, 6.0, 1.0, 0.0, 1.0, 0.0, 0.0, 2.0, 0.0, 0.0, 0.0, 0.0, 2.0, 1.0, 3.0, 3.0, 3.0, 1.0, 3.0, 0.0, 0.0, 0.0, 4.0, 0.0, 3.0, 1.0, 2.0, 0.0, 0.0, 3.0, 2.0, 3.0, 1.0, 0.0, 2.0, 1.0, 2.0, 4.0, 1.0, 1.0, 0.0, 1.0, 2.0, 3.0, 0.0, 2.0, 0.0, 1.0, 0.0, 0.0, 2.0, 4.0, 0.0, 1.0, 1.0, 3.0, 1.0, 6.0, 3.0, 0.0, 1.0, 0.0, 3.0, 2.0, 1.0, 5.0, 3.0, 0.0, 1.0, 4.0, 3.0, 0.0, 0.0, 3.0, 1.0, 4.0, 1.0, 0.0, 3.0, 3.0, 2.0, 2.0, 1.0, 0.0, 0.0, 0.0, 0.0, 2.0, 3.0, 3.0, 3.0, 2.0, 1.0, 0.0, 1.0, 3.0, 4.0, 3.0, 0.0, 2.0, 0.0, 0.0, 5.0, 1.0, 0.0, 3.0, 3.0, 0.0, 2.0, 3.0, 0.0, 0.0, 3.0, 2.0, 0.0, 0.0, 2.0, 2.0, 2.0, 3.0, 3.0, 0.0, 2.0, 4.0, 1.0, 1.0, 2.0, 3.0, 1.0, 1.0, 2.0, 5.0, 3.0, 0.0, 0.0, 3.0, 1.0, 5.0, 0.0, 0.0, 2.0, 3.0, 1.0, 4.0, 3.0, 0.0, 3.0, 2.0, 1.0, 1.0, 3.0, 0.0, 0.0, 0.0, 2.0, 0.0, 4.0, 2.0, 0.0, 2.0, 0.0, 1.0, 3.0, 0.0, 0.0, 2.0, 0.0, 2.0, 3.0, 1.0, 3.0, 2.0, 3.0, 1.0, 0.0, 1.0, 2.0, 1.0, 0.0, 1.0, 1.0, 0.0, 2.0, 0.0, 4.0, 2.0, 0.0, 4.0, 4.0, 2.0, 1.0, 1.0, 3.0, 1.0, 0.0, 3.0, 3.0, 0.0, 0.0, 3.0, 4.0, 0.0, 1.0, 0.0, 4.0, 0.0, 0.0, 1.0, 2.0, 4.0, 2.0, 2.0, 0.0, 4.0, 4.0, 0.0, 1.0, 0.0, 0.0, 2.0, 1.0, 1.0, 2.0, 1.0, 1.0, 0.0, 0.0, 2.0, 1.0, 0.0, 0.0, 4.0, 2.0, 1.0, 0.0, 0.0, 4.0, 3.0, 3.0, 3.0, 0.0, 3.0, 2.0, 3.0, 3.0, 3.0, 0.0, 0.0, 0.0, 3.0, 2.0, 1.0, 2.0, 1.0, 0.0, 0.0, 0.0, 5.0, 2.0, 2.0, 2.0, 0.0, 1.0, 3.0, 2.0, 2.0, 3.0, 1.0, 0.0, 2.0, 1.0, 3.0, 2.0, 0.0, 1.0, 2.0, 1.0, 0.0, 4.0, 0.0, 5.0, 0.0, 1.0, 2.0, 3.0, 0.0, 5.0, 3.0, 1.0, 3.0, 1.0, 0.0, 0.0, 1.0, 2.0, 2.0, 3.0, 0.0, 3.0, 3.0, 0.0, 3.0, 2.0, 4.0, 0.0, 1.0, 3.0, 3.0, 3.0, 3.0, 3.0, 0.0, 1.0, 0.0, 2.0, 1.0, 2.0, 4.0, 1.0, 3.0 ]),(60,Array S Seq (Sz1 1000)
  [ 0.3333333333333333, Infinity, 0.5, 0.25, 0.5, Infinity, Infinity, Infinity, Infinity, 0.5, Infinity, 1.0, Infinity, 0.5, Infinity, Infinity, Infinity, Infinity, 0.5, 0.3333333333333333, Infinity, Infinity, Infinity, 0.3333333333333333, Infinity, 0.25, Infinity, Infinity, 0.5, Infinity, 0.5, 0.5, 0.5, Infinity, 0.5, Infinity, Infinity, 0.5, Infinity, Infinity, Infinity, 0.3333333333333333, Infinity, 0.3333333333333333, Infinity, Infinity, Infinity, 0.5, Infinity, 0.3333333333333333, Infinity, 0.3333333333333333, Infinity, Infinity, Infinity, Infinity, 0.3333333333333333, 0.3333333333333333, 0.5, Infinity, 0.5, 0.3333333333333333, Infinity, 0.5, 0.3333333333333333, Infinity, 0.5, 0.3333333333333333, 0.5, Infinity, Infinity, Infinity, 1.0, Infinity, Infinity, 1.0, Infinity, 0.5, Infinity, Infinity, 0.5, Infinity, 0.3333333333333333, 0.5, Infinity, Infinity, Infinity, Infinity, Infinity, Infinity, 1.0, Infinity, Infinity, 0.3333333333333333, 0.3333333333333333, 0.3333333333333333, 0.5, 0.2, 0.3333333333333333, Infinity, 0.5, Infinity, 0.5, Infinity, Infinity, 0.5, 0.5, 1.0, Infinity, Infinity, 0.25, Infinity, Infinity, Infinity, 0.3333333333333333, 0.5, Infinity, Infinity, 1.0, Infinity, 0.5, Infinity, Infinity, 1.0, Infinity, Infinity, Infinity, Infinity, 0.5, 0.3333333333333333, 1.0, Infinity, Infinity, Infinity, Infinity, 0.2, Infinity, Infinity, Infinity, Infinity, 0.5, 1.0, 1.0, Infinity, 0.2, Infinity, 0.5, Infinity, 0.5, 0.5, 1.0, Infinity, Infinity, 0.3333333333333333, Infinity, Infinity, Infinity, Infinity, Infinity, Infinity, 0.25, Infinity, Infinity, Infinity, Infinity, 1.0, 1.0, 0.3333333333333333, Infinity, 0.3333333333333333, Infinity, 0.3333333333333333, Infinity, 0.3333333333333333, Infinity, Infinity, Infinity, Infinity, Infinity, Infinity, Infinity, Infinity, 0.3333333333333333, Infinity, 0.5, 0.5, Infinity, 0.5, 0.5, Infinity, Infinity, 0.5, 0.3333333333333333, Infinity, Infinity, 0.5, Infinity, Infinity, Infinity, 0.5, 0.5, 0.5, 0.5, 0.3333333333333333, 0.5, Infinity, Infinity, Infinity, Infinity, 0.5, Infinity, 0.3333333333333333, 0.5, Infinity, Infinity, Infinity, 0.3333333333333333, 0.5, Infinity, 0.3333333333333333, Infinity, Infinity, Infinity, Infinity, Infinity, 0.5, Infinity, Infinity, 0.3333333333333333, Infinity, 0.5, Infinity, Infinity, Infinity, 0.3333333333333333, 0.5, Infinity, 1.0, Infinity, Infinity, 0.5, 0.5, 0.5, 0.3333333333333333, Infinity, Infinity, 0.5, Infinity, Infinity, Infinity, 0.2, Infinity, Infinity, 0.3333333333333333, Infinity, Infinity, Infinity, Infinity, 1.0, 0.5, Infinity, Infinity, Infinity, Infinity, 0.3333333333333333, Infinity, 0.5, 0.3333333333333333, Infinity, Infinity, 0.3333333333333333, 0.3333333333333333, Infinity, Infinity, Infinity, 0.2, Infinity, Infinity, Infinity, 0.2, 0.3333333333333333, Infinity, Infinity, 0.5, Infinity, Infinity, 0.5, Infinity, 0.3333333333333333, Infinity, Infinity, Infinity, Infinity, 0.25, Infinity, 1.0, 0.5, 0.3333333333333333, Infinity, 0.5, Infinity, Infinity, 0.5, Infinity, 0.5, 0.3333333333333333, Infinity, Infinity, 0.5, 0.25, 0.5, 0.5, 0.3333333333333333, Infinity, Infinity, Infinity, Infinity, 0.5, Infinity, 1.0, Infinity, 0.3333333333333333, Infinity, Infinity, Infinity, Infinity, Infinity, 0.3333333333333333, Infinity, 1.0, Infinity, Infinity, Infinity, 0.2, 0.5, Infinity, Infinity, 0.3333333333333333, 0.25, 0.2, 0.3333333333333333, Infinity, 0.5, 0.25, Infinity, Infinity, Infinity, Infinity, 0.5, 0.3333333333333333, 0.5, 0.3333333333333333, Infinity, 0.5, Infinity, Infinity, Infinity, 0.3333333333333333, 0.5, 0.3333333333333333, 0.3333333333333333, Infinity, 0.5, Infinity, Infinity, Infinity, Infinity, 0.25, Infinity, 0.5, Infinity, 0.3333333333333333, 0.3333333333333333, Infinity, Infinity, 0.5, 0.5, 0.5, Infinity, 0.25, Infinity, 0.3333333333333333, Infinity, 0.3333333333333333, Infinity, 0.5, Infinity, 0.3333333333333333, Infinity, Infinity, Infinity, Infinity, Infinity, Infinity, Infinity, Infinity, Infinity, 0.5, 0.5, Infinity, Infinity, 0.5, 0.5, 0.5, Infinity, 0.5, 0.25, 0.5, Infinity, Infinity, Infinity, 0.5, Infinity, 0.5, Infinity, 0.2, 0.2, Infinity, Infinity, 1.0, Infinity, 0.3333333333333333, Infinity, 0.3333333333333333, 0.5, Infinity, Infinity, 0.5, 0.3333333333333333, 0.5, 0.5, 0.5, Infinity, Infinity, Infinity, 0.3333333333333333, Infinity, Infinity, 0.5, 0.3333333333333333, Infinity, Infinity, 0.3333333333333333, 0.3333333333333333, Infinity, Infinity, Infinity, Infinity, Infinity, Infinity, Infinity, 0.5, 0.3333333333333333, Infinity, 0.3333333333333333, Infinity, Infinity, Infinity, 0.5, Infinity, 0.5, 0.5, 0.5, 0.3333333333333333, 0.5, 0.3333333333333333, 0.3333333333333333, Infinity, Infinity, 0.3333333333333333, Infinity, 0.2, Infinity, Infinity, 0.2, 0.5, 0.3333333333333333, Infinity, 1.0, 0.5, 0.5, Infinity, 0.3333333333333333, 0.3333333333333333, Infinity, 0.5, 0.3333333333333333, 0.3333333333333333, Infinity, 0.3333333333333333, 0.25, 0.5, Infinity, Infinity, Infinity, Infinity, Infinity, 0.5, Infinity, 0.5, 0.3333333333333333, Infinity, Infinity, 0.3333333333333333, Infinity, Infinity, 0.3333333333333333, 1.0, Infinity, 1.0, 0.5, 0.3333333333333333, Infinity, 0.5, Infinity, 0.5, Infinity, Infinity, Infinity, 0.5, Infinity, 0.3333333333333333, Infinity, Infinity, 0.3333333333333333, 0.5, Infinity, 0.5, 0.3333333333333333, Infinity, Infinity, 0.3333333333333333, 0.2, 0.5, Infinity, Infinity, Infinity, Infinity, 1.0, 0.5, Infinity, 0.25, Infinity, 0.5, Infinity, Infinity, Infinity, 0.25, 0.2, Infinity, Infinity, 0.3333333333333333, 0.5, Infinity, Infinity, 1.0, 0.25, 0.5, Infinity, 0.5, Infinity, 0.25, 0.5, Infinity, 1.0, Infinity, Infinity, 0.3333333333333333, 0.3333333333333333, Infinity, 0.5, 1.0, Infinity, 0.5, Infinity, Infinity, Infinity, Infinity, Infinity, Infinity, Infinity, Infinity, Infinity, Infinity, Infinity, Infinity, 1.0, Infinity, Infinity, 0.5, 0.3333333333333333, 0.3333333333333333, 0.3333333333333333, 0.5, 0.5, 0.3333333333333333, Infinity, Infinity, 0.5, 0.5, Infinity, 0.5, 0.5, 0.5, 0.5, Infinity, Infinity, Infinity, Infinity, Infinity, 0.5, Infinity, 1.0, 0.3333333333333333, 0.5, Infinity, 0.3333333333333333, 0.5, 0.5, 0.3333333333333333, 0.3333333333333333, Infinity, Infinity, 0.5, Infinity, Infinity, 0.3333333333333333, Infinity, Infinity, 0.5, 0.5, Infinity, Infinity, Infinity, Infinity, 0.2, 0.5, Infinity, Infinity, Infinity, Infinity, Infinity, Infinity, 0.5, Infinity, 0.5, Infinity, Infinity, Infinity, Infinity, 0.5, 0.3333333333333333, Infinity, Infinity, 0.5, 0.5, 0.5, Infinity, 0.3333333333333333, Infinity, Infinity, 0.5, Infinity, Infinity, Infinity, Infinity, Infinity, 1.0, Infinity, 0.3333333333333333, Infinity, 0.5, Infinity, Infinity, 0.2, 0.5, Infinity, Infinity, 0.25, Infinity, Infinity, 0.2, Infinity, Infinity, Infinity, Infinity, Infinity, 1.0, Infinity, Infinity, Infinity, Infinity, 0.5, 1.0, 0.3333333333333333, 0.5, 0.3333333333333333, Infinity, 0.3333333333333333, Infinity, Infinity, Infinity, 0.3333333333333333, Infinity, 0.5, Infinity, 0.5, Infinity, Infinity, 0.5, 0.5, 0.3333333333333333, Infinity, Infinity, 0.5, Infinity, 0.5, 0.3333333333333333, Infinity, Infinity, Infinity, Infinity, 0.5, 0.3333333333333333, Infinity, 0.5, Infinity, Infinity, Infinity, Infinity, 0.5, 0.3333333333333333, Infinity, Infinity, Infinity, 0.3333333333333333, Infinity, 0.2, 0.3333333333333333, Infinity, Infinity, Infinity, 0.3333333333333333, 0.5, Infinity, 0.25, 0.5, Infinity, Infinity, 0.3333333333333333, 0.3333333333333333, Infinity, Infinity, 0.5, Infinity, 0.3333333333333333, Infinity, Infinity, 0.3333333333333333, 0.5, 0.5, 1.0, Infinity, Infinity, Infinity, Infinity, Infinity, 0.5, 0.5, 0.3333333333333333, 0.3333333333333333, 1.0, Infinity, Infinity, Infinity, 0.3333333333333333, 0.3333333333333333, 0.5, Infinity, 0.5, Infinity, Infinity, 0.25, Infinity, Infinity, 0.3333333333333333, 0.5, Infinity, 0.5, 0.3333333333333333, Infinity, Infinity, 0.3333333333333333, 0.5, Infinity, Infinity, 0.5, 0.5, 0.5, 0.3333333333333333, 0.3333333333333333, Infinity, 0.5, 0.3333333333333333, Infinity, Infinity, 1.0, 0.5, Infinity, Infinity, 0.5, 0.25, 0.3333333333333333, Infinity, Infinity, 0.3333333333333333, Infinity, 0.2, Infinity, Infinity, 1.0, 0.3333333333333333, Infinity, 0.3333333333333333, 0.5, Infinity, 0.3333333333333333, 0.5, Infinity, Infinity, 0.3333333333333333, Infinity, Infinity, Infinity, 0.5, Infinity, 0.3333333333333333, 0.5, Infinity, 0.5, Infinity, Infinity, 0.5, Infinity, Infinity, 0.5, Infinity, 0.5, 0.3333333333333333, 1.0, 0.3333333333333333, 0.5, 0.3333333333333333, Infinity, Infinity, Infinity, 0.5, 1.0, Infinity, Infinity, Infinity, Infinity, 0.5, Infinity, 0.3333333333333333, 0.5, Infinity, 0.3333333333333333, 0.3333333333333333, 0.5, Infinity, 1.0, 0.5, Infinity, Infinity, 0.5, 0.5, Infinity, Infinity, 0.5, 0.3333333333333333, Infinity, Infinity, Infinity, 0.3333333333333333, Infinity, Infinity, Infinity, 0.5, 0.25, 0.5, 0.5, Infinity, 0.3333333333333333, 0.3333333333333333, Infinity, Infinity, Infinity, Infinity, 0.5, Infinity, Infinity, 0.5, Infinity, Infinity, Infinity, Infinity, 0.5, Infinity, Infinity, Infinity, 0.3333333333333333, 0.5, Infinity, Infinity, Infinity, 0.3333333333333333, 0.5, 0.5, 0.3333333333333333, Infinity, 0.3333333333333333, 0.5, 0.5, 0.5, 0.3333333333333333, Infinity, Infinity, Infinity, 0.5, 0.5, Infinity, 0.5, Infinity, Infinity, Infinity, Infinity, 0.25, 0.5, 0.5, 0.5, Infinity, Infinity, 0.3333333333333333, 0.5, 0.5, 0.3333333333333333, Infinity, Infinity, 0.5, 1.0, 0.3333333333333333, 0.5, Infinity, 1.0, 0.5, Infinity, Infinity, 0.3333333333333333, Infinity, 0.25, Infinity, Infinity, 0.5, 0.5, Infinity, 0.25, 0.3333333333333333, Infinity, 0.3333333333333333, Infinity, Infinity, Infinity, Infinity, 0.5, 0.5, 0.5, Infinity, 0.5, 0.5, Infinity, 0.3333333333333333, 0.5, 0.3333333333333333, Infinity, Infinity, 0.5, 0.3333333333333333, 0.5, 0.3333333333333333, 0.3333333333333333, Infinity, Infinity, Infinity, 0.5, Infinity, 0.5, 0.3333333333333333, Infinity, 0.5 ]),(70,Array S Seq (Sz1 1000)
  [ 1.0, 1.0, 1.0, 1.0, 1.0, 1.0, 1.0, 1.0, 1.0, 1.0, 1.0, 1.0, 1.0, 1.0, 0.0, 1.0, 1.0, 0.0, 1.0, 1.0, 0.0, 1.0, 1.0, 1.0, 1.0, 1.0, 1.0, 1.0, 1.0, 1.0, 1.0, 1.0, 0.0, 1.0, 1.0, 1.0, 1.0, 1.0, 1.0, 1.0, 0.0, 0.0, 1.0, 1.0, 1.0, 1.0, 1.0, 1.0, 1.0, 1.0, 1.0, 1.0, 1.0, 1.0, 1.0, 1.0, 1.0, 1.0, 1.0, 1.0, 1.0, 1.0, 1.0, 1.0, 1.0, 1.0, 1.0, 1.0, 1.0, 1.0, 1.0, 1.0, 1.0, 1.0, 1.0, 1.0, 1.0, 1.0, 0.0, 1.0, 1.0, 1.0, 1.0, 0.0, 1.0, 1.0, 1.0, 1.0, 1.0, 1.0, 1.0, 1.0, 1.0, 1.0, 1.0, 0.0, 1.0, 1.0, 1.0, 1.0, 1.0, 0.0, 1.0, 1.0, 1.0, 0.0, 1.0, 0.0, 0.0, 1.0, 1.0, 1.0, 1.0, 1.0, 1.0, 0.0, 1.0, 1.0, 1.0, 1.0, 1.0, 0.0, 1.0, 1.0, 1.0, 1.0, 1.0, 1.0, 1.0, 1.0, 1.0, 0.0, 0.0, 1.0, 1.0, 1.0, 1.0, 1.0, 1.0, 1.0, 1.0, 1.0, 1.0, 1.0, 0.0, 1.0, 0.0, 1.0, 1.0, 1.0, 1.0, 1.0, 1.0, 1.0, 0.0, 1.0, 1.0, 0.0, 0.0, 1.0, 1.0, 1.0, 1.0, 1.0, 1.0, 1.0, 0.0, 1.0, 1.0, 1.0, 1.0, 1.0, 0.0, 1.0, 1.0, 1.0, 1.0, 1.0, 1.0, 1.0, 1.0, 1.0, 1.0, 1.0, 1.0, 1.0, 1.0, 1.0, 0.0, 1.0, 0.0, 1.0, 1.0, 1.0, 1.0, 1.0, 1.0, 1.0, 1.0, 0.0, 1.0, 1.0, 1.0, 1.0, 0.0, 1.0, 0.0, 1.0, 0.0, 1.0, 0.0, 1.0, 0.0, 1.0, 0.0, 1.0, 1.0, 1.0, 1.0, 1.0, 1.0, 1.0, 1.0, 1.0, 1.0, 1.0, 1.0, 1.0, 1.0, 1.0, 1.0, 1.0, 1.0, 0.0, 1.0, 1.0, 1.0, 1.0, 1.0, 1.0, 1.0, 1.0, 1.0, 1.0, 1.0, 0.0, 1.0, 1.0, 1.0, 1.0, 1.0, 1.0, 1.0, 1.0, 1.0, 1.0, 1.0, 1.0, 1.0, 1.0, 1.0, 1.0, 1.0, 1.0, 1.0, 1.0, 0.0, 1.0, 1.0, 0.0, 1.0, 1.0, 0.0, 1.0, 1.0, 1.0, 1.0, 1.0, 1.0, 1.0, 1.0, 1.0, 1.0, 1.0, 1.0, 1.0, 1.0, 0.0, 1.0, 0.0, 1.0, 1.0, 1.0, 1.0, 0.0, 1.0, 1.0, 1.0, 1.0, 1.0, 0.0, 1.0, 1.0, 1.0, 1.0, 1.0, 1.0, 1.0, 1.0, 1.0, 1.0, 1.0, 1.0, 1.0, 0.0, 1.0, 0.0, 1.0, 1.0, 1.0, 1.0, 1.0, 1.0, 1.0, 1.0, 1.0, 0.0, 1.0, 1.0, 1.0, 1.0, 1.0, 1.0, 1.0, 0.0, 1.0, 1.0, 1.0, 0.0, 1.0, 1.0, 1.0, 1.0, 1.0, 1.0, 0.0, 1.0, 1.0, 1.0, 1.0, 1.0, 1.0, 1.0, 0.0, 0.0, 1.0, 0.0, 1.0, 1.0, 1.0, 1.0, 1.0, 1.0, 1.0, 1.0, 1.0, 1.0, 0.0, 1.0, 1.0, 0.0, 1.0, 1.0, 1.0, 1.0, 0.0, 1.0, 1.0, 1.0, 0.0, 0.0, 1.0, 0.0, 1.0, 1.0, 1.0, 1.0, 1.0, 0.0, 1.0, 1.0, 1.0, 1.0, 0.0, 1.0, 1.0, 1.0, 1.0, 1.0, 1.0, 0.0, 1.0, 1.0, 1.0, 1.0, 1.0, 1.0, 1.0, 1.0, 1.0, 1.0, 1.0, 1.0, 1.0, 1.0, 1.0, 1.0, 1.0, 0.0, 1.0, 1.0, 1.0, 1.0, 1.0, 1.0, 1.0, 0.0, 1.0, 0.0, 1.0, 1.0, 0.0, 1.0, 1.0, 1.0, 1.0, 1.0, 1.0, 1.0, 0.0, 1.0, 1.0, 1.0, 1.0, 1.0, 1.0, 1.0, 1.0, 0.0, 1.0, 1.0, 1.0, 1.0, 1.0, 1.0, 1.0, 1.0, 1.0, 1.0, 1.0, 1.0, 1.0, 1.0, 1.0, 1.0, 1.0, 1.0, 1.0, 1.0, 0.0, 1.0, 1.0, 1.0, 0.0, 1.0, 0.0, 1.0, 1.0, 1.0, 1.0, 1.0, 1.0, 0.0, 1.0, 1.0, 0.0, 1.0, 1.0, 0.0, 1.0, 1.0, 1.0, 0.0, 0.0, 1.0, 1.0, 1.0, 1.0, 1.0, 1.0, 1.0, 1.0, 0.0, 0.0, 1.0, 1.0, 1.0, 1.0, 1.0, 1.0, 1.0, 1.0, 0.0, 1.0, 0.0, 1.0, 1.0, 1.0, 1.0, 1.0, 1.0, 1.0, 1.0, 1.0, 1.0, 1.0, 1.0, 1.0, 1.0, 1.0, 1.0, 1.0, 1.0, 1.0, 1.0, 1.0, 1.0, 1.0, 1.0, 1.0, 1.0, 0.0, 1.0, 1.0, 1.0, 1.0, 1.0, 1.0, 1.0, 1.0, 1.0, 1.0, 1.0, 1.0, 1.0, 1.0, 1.0, 1.0, 1.0, 1.0, 1.0, 1.0, 1.0, 1.0, 0.0, 1.0, 1.0, 1.0, 1.0, 1.0, 1.0, 1.0, 1.0, 1.0, 1.0, 0.0, 1.0, 1.0, 1.0, 0.0, 1.0, 0.0, 1.0, 1.0, 1.0, 1.0, 1.0, 1.0, 1.0, 1.0, 1.0, 1.0, 1.0, 1.0, 1.0, 1.0, 1.0, 0.0, 1.0, 1.0, 0.0, 1.0, 1.0, 1.0, 1.0, 1.0, 1.0, 1.0, 0.0, 0.0, 1.0, 1.0, 1.0, 1.0, 1.0, 1.0, 1.0, 1.0, 1.0, 1.0, 0.0, 1.0, 1.0, 1.0, 1.0, 0.0, 1.0, 0.0, 1.0, 0.0, 1.0, 1.0, 1.0, 1.0, 1.0, 1.0, 1.0, 0.0, 0.0, 1.0, 1.0, 1.0, 1.0, 1.0, 1.0, 1.0, 1.0, 0.0, 1.0, 0.0, 1.0, 1.0, 1.0, 1.0, 1.0, 0.0, 1.0, 0.0, 1.0, 1.0, 0.0, 1.0, 1.0, 0.0, 1.0, 1.0, 1.0, 1.0, 1.0, 1.0, 1.0, 1.0, 0.0, 1.0, 1.0, 1.0, 1.0, 1.0, 1.0, 0.0, 1.0, 1.0, 1.0, 1.0, 1.0, 1.0, 1.0, 0.0, 0.0, 1.0, 1.0, 0.0, 1.0, 1.0, 1.0, 0.0, 0.0, 1.0, 1.0, 1.0, 1.0, 1.0, 0.0, 1.0, 1.0, 1.0, 0.0, 1.0, 0.0, 0.0, 0.0, 1.0, 1.0, 1.0, 1.0, 0.0, 1.0, 1.0, 1.0, 1.0, 1.0, 1.0, 1.0, 1.0, 1.0, 1.0, 1.0, 0.0, 1.0, 1.0, 1.0, 1.0, 0.0, 0.0, 1.0, 1.0, 1.0, 1.0, 1.0, 1.0, 1.0, 1.0, 1.0, 1.0, 1.0, 1.0, 0.0, 1.0, 1.0, 1.0, 1.0, 1.0, 1.0, 1.0, 1.0, 1.0, 1.0, 1.0, 1.0, 1.0, 1.0, 1.0, 1.0, 1.0, 1.0, 1.0, 1.0, 1.0, 1.0, 1.0, 1.0, 0.0, 1.0, 1.0, 1.0, 1.0, 1.0, 1.0, 1.0, 1.0, 1.0, 1.0, 1.0, 1.0, 1.0, 1.0, 1.0, 1.0, 1.0, 1.0, 1.0, 1.0, 1.0, 1.0, 1.0, 1.0, 0.0, 1.0, 1.0, 1.0, 1.0, 1.0, 1.0, 1.0, 1.0, 1.0, 1.0, 1.0, 1.0, 1.0, 1.0, 1.0, 1.0, 1.0, 1.0, 0.0, 0.0, 1.0, 0.0, 1.0, 1.0, 0.0, 1.0, 1.0, 1.0, 1.0, 1.0, 1.0, 1.0, 0.0, 1.0, 0.0, 1.0, 1.0, 1.0, 1.0, 1.0, 0.0, 1.0, 1.0, 1.0, 1.0, 1.0, 1.0, 1.0, 1.0, 1.0, 1.0, 0.0, 1.0, 1.0, 1.0, 1.0, 1.0, 1.0, 1.0, 1.0, 1.0, 0.0, 1.0, 0.0, 1.0, 1.0, 0.0, 0.0, 1.0, 1.0, 1.0, 1.0, 1.0, 1.0, 1.0, 1.0, 0.0, 1.0, 0.0, 1.0, 1.0, 1.0, 1.0, 0.0, 1.0, 1.0, 1.0, 0.0, 1.0, 1.0, 1.0, 1.0, 1.0, 1.0, 1.0, 1.0, 1.0, 1.0, 1.0, 0.0, 0.0, 1.0, 1.0, 0.0, 1.0, 0.0, 1.0, 1.0, 1.0, 1.0, 0.0, 1.0, 1.0, 0.0, 1.0, 1.0, 0.0, 1.0, 1.0, 1.0, 1.0, 0.0, 1.0, 0.0, 1.0, 1.0, 1.0, 1.0, 1.0, 1.0, 0.0, 1.0, 0.0, 0.0, 1.0, 1.0, 0.0, 1.0, 1.0, 1.0, 1.0, 1.0, 1.0, 1.0, 1.0, 1.0, 1.0, 1.0, 1.0, 1.0, 1.0, 1.0, 1.0, 1.0, 1.0, 1.0, 1.0, 0.0, 1.0, 1.0, 1.0, 0.0, 1.0, 1.0, 1.0, 1.0, 1.0, 0.0, 1.0, 1.0, 1.0, 1.0, 1.0, 1.0, 1.0, 1.0, 1.0, 1.0, 1.0, 1.0, 1.0, 1.0, 1.0, 1.0, 1.0, 1.0, 1.0, 1.0, 1.0, 0.0, 1.0, 1.0, 1.0, 1.0, 1.0, 1.0, 1.0, 1.0, 1.0, 1.0, 1.0, 1.0, 1.0 ]),(78,Array S Seq (Sz1 1000)
  [ Infinity, Infinity, 1.0, Infinity, Infinity, Infinity, Infinity, Infinity, Infinity, 1.0, Infinity, Infinity, Infinity, Infinity, 1.0, Infinity, 1.0, Infinity, Infinity, Infinity, Infinity, 1.0, Infinity, Infinity, 1.0, Infinity, Infinity, Infinity, Infinity, Infinity, Infinity, Infinity, Infinity, Infinity, Infinity, Infinity, 1.0, Infinity, Infinity, Infinity, Infinity, Infinity, Infinity, Infinity, 1.0, Infinity, Infinity, Infinity, Infinity, Infinity, 1.0, Infinity, Infinity, Infinity, Infinity, Infinity, 1.0, 1.0, Infinity, Infinity, Infinity, 1.0, Infinity, Infinity, Infinity, Infinity, Infinity, Infinity, Infinity, Infinity, Infinity, 1.0, 1.0, Infinity, Infinity, Infinity, Infinity, Infinity, Infinity, Infinity, Infinity, Infinity, Infinity, Infinity, Infinity, Infinity, Infinity, Infinity, 0.3333333333333333, Infinity, Infinity, 1.0, Infinity, Infinity, 0.3333333333333333, Infinity, Infinity, Infinity, Infinity, Infinity, Infinity, Infinity, Infinity, Infinity, 1.0, Infinity, 0.5, Infinity, Infinity, Infinity, Infinity, Infinity, Infinity, Infinity, Infinity, Infinity, Infinity, 1.0, Infinity, Infinity, 1.0, 1.0, Infinity, Infinity, Infinity, Infinity, 1.0, Infinity, Infinity, Infinity, Infinity, 1.0, Infinity, Infinity, Infinity, Infinity, Infinity, Infinity, Infinity, Infinity, Infinity, Infinity, Infinity, Infinity, 0.3333333333333333, Infinity, 1.0, Infinity, Infinity, Infinity, Infinity, 0.5, Infinity, Infinity, Infinity, Infinity, Infinity, Infinity, Infinity, Infinity, 1.0, Infinity, 1.0, 1.0, Infinity, Infinity, Infinity, Infinity, Infinity, 1.0, Infinity, Infinity, Infinity, Infinity, Infinity, Infinity, 1.0, Infinity, Infinity, Infinity, Infinity, Infinity, Infinity, 0.5, Infinity, Infinity, Infinity, Infinity, Infinity, Infinity, 1.0, Infinity, Infinity, Infinity, Infinity, Infinity, Infinity, Infinity, 1.0, Infinity, 1.0, Infinity, Infinity, Infinity, 0.3333333333333333, 1.0, Infinity, Infinity, Infinity, Infinity, Infinity, Infinity, Infinity, 1.0, Infinity, Infinity, 1.0, Infinity, Infinity, Infinity, Infinity, Infinity, 1.0, Infinity, Infinity, 1.0, Infinity, Infinity, Infinity, 0.5, Infinity, Infinity, Infinity, Infinity, Infinity, Infinity, Infinity, 1.0, Infinity, Infinity, Infinity, Infinity, Infinity, Infinity, Infinity, 0.3333333333333333, Infinity, 1.0, Infinity, Infinity, Infinity, Infinity, Infinity, 1.0, 1.0, Infinity, Infinity, 0.5, Infinity, Infinity, Infinity, Infinity, Infinity, Infinity, Infinity, Infinity, 0.5, Infinity, 1.0, 0.5, Infinity, Infinity, Infinity, Infinity, 1.0, 1.0, Infinity, Infinity, Infinity, Infinity, Infinity, Infinity, Infinity, Infinity, Infinity, Infinity, Infinity, 0.5, Infinity, Infinity, Infinity, Infinity, Infinity, Infinity, 1.0, Infinity, Infinity, Infinity, Infinity, Infinity, Infinity, 1.0, Infinity, 0.3333333333333333, Infinity, Infinity, Infinity, 1.0, Infinity, Infinity, 1.0, Infinity, Infinity, Infinity, Infinity, Infinity, Infinity, Infinity, Infinity, Infinity, Infinity, Infinity, Infinity, 1.0, Infinity, Infinity, Infinity, Infinity, Infinity, 1.0, Infinity, 1.0, Infinity, Infinity, Infinity, 0.5, Infinity, Infinity, Infinity, Infinity, Infinity, Infinity, 0.5, Infinity, Infinity, 1.0, Infinity, Infinity, 1.0, 1.0, Infinity, 1.0, Infinity, 1.0, Infinity, Infinity, Infinity, Infinity, Infinity, 0.3333333333333333, Infinity, Infinity, Infinity, Infinity, Infinity, 1.0, 1.0, Infinity, Infinity, Infinity, Infinity, Infinity, 1.0, Infinity, Infinity, Infinity, Infinity, Infinity, Infinity, Infinity, Infinity, 1.0, Infinity, Infinity, Infinity, 0.5, Infinity, Infinity, Infinity, Infinity, 1.0, Infinity, Infinity, Infinity, Infinity, 0.5, Infinity, Infinity, Infinity, Infinity, Infinity, 0.3333333333333333, Infinity, Infinity, Infinity, Infinity, Infinity, Infinity, Infinity, Infinity, Infinity, Infinity, Infinity, Infinity, Infinity, Infinity, Infinity, Infinity, 1.0, 1.0, Infinity, Infinity, Infinity, Infinity, Infinity, Infinity, Infinity, Infinity, Infinity, Infinity, Infinity, Infinity, 1.0, Infinity, 1.0, Infinity, 1.0, Infinity, Infinity, Infinity, Infinity, Infinity, Infinity, 1.0, Infinity, 1.0, 1.0, Infinity, Infinity, 1.0, Infinity, Infinity, Infinity, Infinity, Infinity, Infinity, Infinity, Infinity, Infinity, 0.5, Infinity, Infinity, 0.3333333333333333, Infinity, Infinity, Infinity, 1.0, Infinity, Infinity, Infinity, Infinity, Infinity, Infinity, 1.0, Infinity, 1.0, Infinity, Infinity, Infinity, Infinity, Infinity, Infinity, Infinity, Infinity, 1.0, Infinity, Infinity, Infinity, Infinity, Infinity, 1.0, Infinity, Infinity, Infinity, Infinity, 1.0, Infinity, Infinity, Infinity, 1.0, 1.0, 1.0, Infinity, Infinity, Infinity, Infinity, Infinity, Infinity, Infinity, Infinity, Infinity, Infinity, Infinity, Infinity, Infinity, Infinity, Infinity, Infinity, Infinity, Infinity, Infinity, Infinity, Infinity, Infinity, Infinity, Infinity, Infinity, Infinity, Infinity, Infinity, 1.0, 1.0, Infinity, Infinity, Infinity, 1.0, 1.0, Infinity, Infinity, Infinity, Infinity, 1.0, 1.0, Infinity, Infinity, Infinity, Infinity, Infinity, Infinity, Infinity, 1.0, Infinity, 0.3333333333333333, 1.0, Infinity, Infinity, 0.5, Infinity, 0.5, Infinity, Infinity, Infinity, Infinity, Infinity, Infinity, 1.0, Infinity, 0.3333333333333333, 1.0, Infinity, Infinity, Infinity, Infinity, Infinity, Infinity, Infinity, 1.0, Infinity, Infinity, Infinity, Infinity, Infinity, 1.0, Infinity, Infinity, 1.0, Infinity, Infinity, Infinity, Infinity, Infinity, Infinity, Infinity, Infinity, Infinity, Infinity, Infinity, Infinity, Infinity, Infinity, 1.0, Infinity, 0.5, Infinity, 1.0, Infinity, Infinity, Infinity, Infinity, Infinity, 0.3333333333333333, Infinity, Infinity, 1.0, 1.0, Infinity, Infinity, Infinity, Infinity, Infinity, Infinity, Infinity, Infinity, Infinity, Infinity, 1.0, Infinity, Infinity, Infinity, Infinity, 1.0, Infinity, Infinity, Infinity, Infinity, Infinity, Infinity, 1.0, 1.0, Infinity, 1.0, 1.0, Infinity, 1.0, Infinity, Infinity, Infinity, Infinity, Infinity, 0.5, Infinity, Infinity, Infinity, Infinity, Infinity, Infinity, 0.3333333333333333, Infinity, 1.0, Infinity, Infinity, Infinity, Infinity, 0.5, Infinity, Infinity, Infinity, 1.0, Infinity, Infinity, Infinity, Infinity, Infinity, Infinity, Infinity, Infinity, Infinity, Infinity, 0.5, 1.0, Infinity, Infinity, Infinity, Infinity, 1.0, Infinity, Infinity, Infinity, Infinity, 1.0, Infinity, Infinity, Infinity, Infinity, Infinity, Infinity, Infinity, Infinity, Infinity, Infinity, Infinity, 1.0, 0.3333333333333333, 1.0, Infinity, 1.0, Infinity, Infinity, 1.0, Infinity, 1.0, Infinity, 1.0, Infinity, 0.3333333333333333, Infinity, Infinity, 1.0, Infinity, Infinity, Infinity, Infinity, Infinity, Infinity, 1.0, Infinity, Infinity, Infinity, Infinity, 1.0, Infinity, Infinity, Infinity, 0.5, Infinity, Infinity, 0.5, Infinity, Infinity, Infinity, Infinity, 1.0, Infinity, Infinity, Infinity, Infinity, Infinity, Infinity, 0.5, Infinity, Infinity, Infinity, Infinity, Infinity, Infinity, Infinity, 1.0, Infinity, Infinity, Infinity, Infinity, Infinity, Infinity, Infinity, Infinity, Infinity, 0.3333333333333333, Infinity, Infinity, Infinity, Infinity, Infinity, Infinity, 1.0, Infinity, Infinity, Infinity, Infinity, Infinity, Infinity, Infinity, Infinity, Infinity, Infinity, Infinity, Infinity, Infinity, Infinity, Infinity, Infinity, Infinity, Infinity, Infinity, Infinity, Infinity, Infinity, Infinity, Infinity, Infinity, Infinity, Infinity, 1.0, Infinity, 1.0, Infinity, Infinity, Infinity, 1.0, Infinity, 0.5, Infinity, Infinity, Infinity, 1.0, Infinity, 1.0, Infinity, 0.5, 1.0, Infinity, Infinity, Infinity, Infinity, Infinity, Infinity, Infinity, Infinity, Infinity, 1.0, 0.5, Infinity, 1.0, Infinity, Infinity, Infinity, 1.0, Infinity, 1.0, Infinity, Infinity, Infinity, Infinity, Infinity, 1.0, Infinity, Infinity, Infinity, Infinity, Infinity, Infinity, Infinity, Infinity, Infinity, Infinity, Infinity, Infinity, 1.0, Infinity, Infinity, Infinity, Infinity, Infinity, 1.0, Infinity, Infinity, Infinity, Infinity, Infinity, Infinity, Infinity, Infinity, Infinity, Infinity, Infinity, 0.5, Infinity, Infinity, Infinity, Infinity, Infinity, Infinity, Infinity, 0.5, Infinity, Infinity, Infinity, Infinity, Infinity, Infinity, Infinity, Infinity, Infinity, Infinity, Infinity, 1.0, Infinity, 1.0, Infinity, Infinity, Infinity, Infinity, 1.0, Infinity, 0.5, Infinity, Infinity, 1.0, Infinity, Infinity, Infinity, Infinity, Infinity, Infinity, Infinity, Infinity, Infinity, Infinity, Infinity, Infinity, Infinity, 1.0, Infinity, Infinity, Infinity, Infinity, Infinity, Infinity, 0.5, Infinity, Infinity, Infinity, Infinity, Infinity, Infinity, Infinity, 1.0, Infinity, Infinity, Infinity, Infinity, Infinity, Infinity, 1.0, 1.0, Infinity, Infinity, Infinity, Infinity, Infinity, Infinity, Infinity, Infinity, 1.0, Infinity, 1.0, Infinity, Infinity, Infinity, Infinity, 1.0, 0.3333333333333333, Infinity, Infinity, Infinity, Infinity, Infinity, 1.0, Infinity, Infinity, Infinity, Infinity, Infinity, Infinity, Infinity, Infinity, Infinity, 1.0, Infinity, Infinity, Infinity, Infinity, Infinity, Infinity, Infinity, 1.0, Infinity, Infinity, Infinity, 1.0, Infinity, Infinity, 1.0, 1.0, 1.0, Infinity, Infinity, Infinity, Infinity, 1.0, Infinity ]),(80,Array S Seq (Sz1 1000)
  [ 0.0, 0.0, 1.0, 0.0, 0.0, 0.0, 0.0, 0.0, 0.0, 1.0, 0.0, 0.0, 0.0, 0.0, 1.0, 0.0, 1.0, 0.0, 1.0, 0.0, 0.0, 1.0, 1.0, 0.0, 1.0, 0.0, 0.0, 0.0, 0.0, 0.0, 0.0, 0.0, 0.0, 0.0, 0.0, 0.0, 1.0, 0.0, 0.0, 0.0, 0.0, 0.0, 0.0, 0.0, 1.0, 0.0, 0.0, 0.0, 0.0, 0.0, 1.0, 0.0, 0.0, 0.0, 0.0, 0.0, 1.0, 1.0, 0.0, 0.0, 0.0, 1.0, 0.0, 0.0, 1.0, 0.0, 0.0, 0.0, 0.0, 0.0, 0.0, 1.0, 1.0, 0.0, 0.0, 0.0, 0.0, 0.0, 0.0, 0.0, 0.0, 0.0, 0.0, 0.0, 0.0, 0.0, 1.0, 0.0, 3.0, 0.0, 0.0, 1.0, 0.0, 0.0, 3.0, 0.0, 0.0, 0.0, 0.0, 0.0, 0.0, 0.0, 0.0, 0.0, 1.0, 0.0, 2.0, 0.0, 0.0, 0.0, 0.0, 0.0, 0.0, 0.0, 0.0, 0.0, 0.0, 1.0, 0.0, 0.0, 1.0, 2.0, 0.0, 0.0, 0.0, 0.0, 1.0, 0.0, 0.0, 0.0, 0.0, 1.0, 0.0, 0.0, 0.0, 0.0, 0.0, 0.0, 0.0, 0.0, 0.0, 0.0, 0.0, 0.0, 3.0, 0.0, 1.0, 0.0, 0.0, 0.0, 0.0, 2.0, 0.0, 0.0, 0.0, 0.0, 0.0, 0.0, 0.0, 0.0, 1.0, 0.0, 1.0, 1.0, 0.0, 0.0, 0.0, 0.0, 0.0, 1.0, 0.0, 0.0, 0.0, 0.0, 0.0, 0.0, 1.0, 0.0, 0.0, 0.0, 0.0, 0.0, 0.0, 2.0, 0.0, 0.0, 0.0, 0.0, 0.0, 0.0, 1.0, 0.0, 0.0, 0.0, 0.0, 0.0, 0.0, 0.0, 1.0, 0.0, 1.0, 0.0, 0.0, 0.0, 3.0, 1.0, 0.0, 0.0, 0.0, 0.0, 0.0, 0.0, 0.0, 1.0, 0.0, 0.0, 1.0, 0.0, 0.0, 0.0, 0.0, 0.0, 1.0, 0.0, 0.0, 1.0, 0.0, 0.0, 0.0, 2.0, 0.0, 0.0, 0.0, 0.0, 0.0, 0.0, 0.0, 1.0, 0.0, 1.0, 1.0, 0.0, 0.0, 0.0, 0.0, 3.0, 0.0, 1.0, 0.0, 0.0, 0.0, 0.0, 0.0, 1.0, 1.0, 0.0, 0.0, 2.0, 0.0, 0.0, 0.0, 0.0, 0.0, 1.0, 0.0, 0.0, 2.0, 0.0, 1.0, 2.0, 0.0, 0.0, 0.0, 0.0, 1.0, 1.0, 0.0, 0.0, 0.0, 0.0, 0.0, 0.0, 0.0, 0.0, 0.0, 0.0, 0.0, 2.0, 0.0, 0.0, 0.0, 0.0, 0.0, 0.0, 1.0, 0.0, 0.0, 0.0, 0.0, 0.0, 0.0, 1.0, 0.0, 3.0, 0.0, 0.0, 0.0, 1.0, 0.0, 0.0, 1.0, 0.0, 0.0, 0.0, 0.0, 0.0, 0.0, 0.0, 0.0, 0.0, 0.0, 0.0, 0.0, 1.0, 0.0, 0.0, 0.0, 0.0, 0.0, 1.0, 0.0, 1.0, 0.0, 0.0, 0.0, 2.0, 0.0, 0.0, 0.0, 0.0, 0.0, 0.0, 2.0, 0.0, 0.0, 1.0, 0.0, 0.0, 1.0, 1.0, 0.0, 1.0, 0.0, 1.0, 0.0, 0.0, 0.0, 0.0, 0.0, 3.0, 0.0, 0.0, 0.0, 0.0, 1.0, 1.0, 1.0, 0.0, 0.0, 0.0, 0.0, 0.0, 1.0, 1.0, 0.0, 0.0, 0.0, 0.0, 1.0, 0.0, 1.0, 1.0, 0.0, 0.0, 0.0, 2.0, 0.0, 0.0, 0.0, 0.0, 1.0, 0.0, 0.0, 0.0, 0.0, 2.0, 0.0, 0.0, 0.0, 0.0, 0.0, 3.0, 0.0, 0.0, 0.0, 0.0, 0.0, 0.0, 0.0, 0.0, 0.0, 0.0, 0.0, 0.0, 0.0, 0.0, 0.0, 0.0, 1.0, 1.0, 0.0, 0.0, 0.0, 0.0, 0.0, 0.0, 0.0, 0.0, 0.0, 0.0, 0.0, 0.0, 1.0, 0.0, 1.0, 0.0, 1.0, 0.0, 0.0, 0.0, 0.0, 0.0, 0.0, 1.0, 0.0, 1.0, 1.0, 0.0, 1.0, 2.0, 0.0, 1.0, 1.0, 0.0, 0.0, 0.0, 0.0, 0.0, 0.0, 2.0, 0.0, 0.0, 3.0, 0.0, 0.0, 1.0, 1.0, 0.0, 0.0, 0.0, 0.0, 0.0, 0.0, 1.0, 0.0, 1.0, 0.0, 0.0, 0.0, 0.0, 0.0, 0.0, 0.0, 0.0, 2.0, 0.0, 1.0, 0.0, 0.0, 0.0, 1.0, 0.0, 0.0, 0.0, 0.0, 1.0, 0.0, 0.0, 0.0, 1.0, 1.0, 1.0, 0.0, 0.0, 0.0, 0.0, 0.0, 0.0, 0.0, 0.0, 0.0, 0.0, 0.0, 0.0, 0.0, 0.0, 0.0, 0.0, 0.0, 0.0, 0.0, 0.0, 0.0, 0.0, 0.0, 0.0, 0.0, 0.0, 0.0, 0.0, 2.0, 1.0, 0.0, 0.0, 0.0, 1.0, 1.0, 0.0, 0.0, 0.0, 0.0, 1.0, 1.0, 0.0, 0.0, 0.0, 0.0, 1.0, 0.0, 0.0, 1.0, 0.0, 3.0, 1.0, 0.0, 0.0, 2.0, 1.0, 2.0, 0.0, 0.0, 0.0, 0.0, 0.0, 0.0, 1.0, 0.0, 3.0, 1.0, 0.0, 1.0, 0.0, 0.0, 0.0, 0.0, 0.0, 1.0, 0.0, 0.0, 0.0, 0.0, 0.0, 1.0, 0.0, 0.0, 1.0, 0.0, 0.0, 0.0, 0.0, 0.0, 0.0, 0.0, 0.0, 0.0, 0.0, 0.0, 0.0, 0.0, 0.0, 1.0, 0.0, 2.0, 0.0, 1.0, 1.0, 0.0, 0.0, 0.0, 0.0, 3.0, 1.0, 0.0, 1.0, 1.0, 0.0, 0.0, 0.0, 0.0, 0.0, 0.0, 1.0, 0.0, 0.0, 0.0, 2.0, 0.0, 0.0, 0.0, 0.0, 1.0, 0.0, 1.0, 0.0, 0.0, 0.0, 0.0, 2.0, 1.0, 0.0, 1.0, 1.0, 0.0, 1.0, 0.0, 0.0, 0.0, 0.0, 0.0, 2.0, 0.0, 0.0, 0.0, 0.0, 0.0, 0.0, 3.0, 0.0, 1.0, 0.0, 0.0, 0.0, 0.0, 2.0, 0.0, 1.0, 0.0, 1.0, 0.0, 0.0, 0.0, 0.0, 0.0, 0.0, 0.0, 0.0, 0.0, 0.0, 2.0, 1.0, 0.0, 0.0, 0.0, 0.0, 1.0, 0.0, 0.0, 0.0, 0.0, 1.0, 0.0, 0.0, 0.0, 0.0, 0.0, 0.0, 0.0, 0.0, 0.0, 0.0, 0.0, 1.0, 3.0, 2.0, 0.0, 1.0, 0.0, 0.0, 1.0, 0.0, 1.0, 0.0, 1.0, 0.0, 3.0, 0.0, 0.0, 1.0, 1.0, 0.0, 0.0, 1.0, 0.0, 0.0, 1.0, 0.0, 0.0, 1.0, 0.0, 1.0, 0.0, 0.0, 1.0, 2.0, 0.0, 0.0, 2.0, 0.0, 0.0, 0.0, 0.0, 1.0, 0.0, 0.0, 0.0, 0.0, 0.0, 0.0, 2.0, 0.0, 0.0, 1.0, 0.0, 0.0, 0.0, 0.0, 1.0, 0.0, 0.0, 0.0, 0.0, 0.0, 1.0, 0.0, 0.0, 0.0, 3.0, 0.0, 0.0, 0.0, 0.0, 0.0, 0.0, 1.0, 0.0, 0.0, 0.0, 0.0, 0.0, 0.0, 0.0, 0.0, 0.0, 0.0, 0.0, 0.0, 0.0, 0.0, 1.0, 0.0, 0.0, 0.0, 0.0, 0.0, 0.0, 0.0, 0.0, 0.0, 0.0, 0.0, 0.0, 1.0, 0.0, 1.0, 0.0, 0.0, 0.0, 1.0, 0.0, 2.0, 0.0, 0.0, 0.0, 1.0, 0.0, 1.0, 0.0, 2.0, 1.0, 0.0, 0.0, 0.0, 0.0, 0.0, 1.0, 0.0, 0.0, 0.0, 1.0, 2.0, 1.0, 1.0, 0.0, 0.0, 0.0, 1.0, 0.0, 1.0, 0.0, 0.0, 0.0, 1.0, 1.0, 1.0, 0.0, 0.0, 0.0, 0.0, 0.0, 0.0, 0.0, 0.0, 0.0, 0.0, 0.0, 1.0, 1.0, 0.0, 0.0, 0.0, 1.0, 0.0, 1.0, 0.0, 0.0, 1.0, 0.0, 0.0, 0.0, 0.0, 0.0, 1.0, 0.0, 0.0, 2.0, 0.0, 1.0, 0.0, 0.0, 0.0, 0.0, 0.0, 2.0, 0.0, 0.0, 0.0, 0.0, 0.0, 0.0, 0.0, 0.0, 0.0, 0.0, 0.0, 1.0, 0.0, 1.0, 0.0, 0.0, 0.0, 0.0, 1.0, 0.0, 2.0, 0.0, 0.0, 1.0, 0.0, 0.0, 0.0, 0.0, 0.0, 0.0, 0.0, 0.0, 0.0, 0.0, 0.0, 0.0, 0.0, 1.0, 0.0, 0.0, 0.0, 0.0, 0.0, 0.0, 2.0, 0.0, 1.0, 1.0, 0.0, 0.0, 0.0, 0.0, 1.0, 0.0, 0.0, 0.0, 0.0, 0.0, 0.0, 1.0, 1.0, 0.0, 0.0, 0.0, 0.0, 0.0, 0.0, 0.0, 0.0, 1.0, 0.0, 1.0, 0.0, 0.0, 0.0, 0.0, 1.0, 3.0, 0.0, 0.0, 0.0, 0.0, 0.0, 1.0, 0.0, 0.0, 0.0, 0.0, 0.0, 0.0, 0.0, 0.0, 0.0, 2.0, 1.0, 0.0, 0.0, 0.0, 0.0, 0.0, 1.0, 1.0, 0.0, 1.0, 0.0, 2.0, 0.0, 0.0, 1.0, 2.0, 1.0, 0.0, 0.0, 0.0, 0.0, 1.0, 0.0 ]),(81,Array S Seq (Sz1 1000)
  [ 0.0, 0.0, 0.0, 0.0, 0.0, 0.0, 0.0, 0.0, 0.0, 0.0, 0.0, 0.0, 0.0, 0.0, 0.0, 0.0, 0.0, 0.0, -1.0, 0.0, 0.0, 0.0, -1.0, 0.0, 0.0, 0.0, 0.0, 0.0, 0.0, 0.0, 0.0, 0.0, 0.0, 0.0, 0.0, 0.0, 0.0, 0.0, 0.0, 0.0, 0.0, 0.0, 0.0, 0.0, 0.0, 0.0, 0.0, 0.0, 0.0, 0.0, 0.0, 0.0, 0.0, 0.0, 0.0, 0.0, 0.0, 0.0, 0.0, 0.0, 0.0, 0.0, 0.0, 0.0, -1.0, 0.0, 0.0, 0.0, 0.0, 0.0, 0.0, 0.0, 0.0, 0.0, 0.0, 0.0, 0.0, 0.0, 0.0, 0.0, 0.0, 0.0, 0.0, 0.0, 0.0, 0.0, -1.0, 0.0, 0.0, 0.0, 0.0, 0.0, 0.0, 0.0, 0.0, 0.0, 0.0, 0.0, 0.0, 0.0, 0.0, 0.0, 0.0, 0.0, 0.0, 0.0, 0.0, 0.0, 0.0, 0.0, 0.0, 0.0, 0.0, 0.0, 0.0, 0.0, 0.0, 0.0, 0.0, 0.0, 0.0, -1.0, 0.0, 0.0, 0.0, 0.0, 0.0, 0.0, 0.0, 0.0, 0.0, 0.0, 0.0, 0.0, 0.0, 0.0, 0.0, 0.0, 0.0, 0.0, 0.0, 0.0, 0.0, 0.0, 0.0, 0.0, 0.0, 0.0, 0.0, 0.0, 0.0, 0.0, 0.0, 0.0, 0.0, 0.0, 0.0, 0.0, 0.0, 0.0, 0.0, 0.0, 0.0, 0.0, 0.0, 0.0, 0.0, 0.0, 0.0, 0.0, 0.0, 0.0, 0.0, 0.0, 0.0, 0.0, 0.0, 0.0, 0.0, 0.0, 0.0, 0.0, 0.0, 0.0, 0.0, 0.0, 0.0, 0.0, 0.0, 0.0, 0.0, 0.0, 0.0, 0.0, 0.0, 0.0, 0.0, 0.0, 0.0, 0.0, 0.0, 0.0, 0.0, 0.0, 0.0, 0.0, 0.0, 0.0, 0.0, 0.0, 0.0, 0.0, 0.0, 0.0, 0.0, 0.0, 0.0, 0.0, 0.0, 0.0, 0.0, 0.0, 0.0, 0.0, 0.0, 0.0, 0.0, 0.0, 0.0, 0.0, 0.0, 0.0, 0.0, 0.0, 0.0, 0.0, 0.0, 0.0, 0.0, -1.0, -1.0, 0.0, 0.0, 0.0, 0.0, 0.0, 0.0, 0.0, 0.0, 0.0, 0.0, 0.0, 0.0, 0.0, 0.0, 0.0, 0.0, 0.0, 0.0, 0.0, 0.0, 0.0, 0.0, -1.0, 0.0, 0.0, 0.0, 0.0, 0.0, 0.0, 0.0, 0.0, 0.0, 0.0, 0.0, 0.0, 0.0, 0.0, 0.0, 0.0, 0.0, 0.0, 0.0, 0.0, 0.0, 0.0, 0.0, 0.0, 0.0, 0.0, 0.0, 0.0, 0.0, 0.0, 0.0, 0.0, 0.0, 0.0, 0.0, 0.0, 0.0, 0.0, 0.0, 0.0, 0.0, 0.0, 0.0, 0.0, 0.0, 0.0, 0.0, 0.0, 0.0, 0.0, 0.0, 0.0, 0.0, 0.0, 0.0, 0.0, 0.0, 0.0, 0.0, 0.0, 0.0, 0.0, 0.0, 0.0, 0.0, 0.0, 0.0, 0.0, 0.0, 0.0, 0.0, 0.0, 0.0, 0.0, 0.0, 0.0, 0.0, 0.0, 0.0, 0.0, 0.0, 0.0, 0.0, 0.0, 0.0, 0.0, 0.0, 0.0, 0.0, 0.0, 0.0, 0.0, 0.0, 0.0, 0.0, 0.0, 0.0, 0.0, 0.0, 0.0, -1.0, 0.0, 0.0, 0.0, 0.0, 0.0, 0.0, 0.0, 0.0, -1.0, 0.0, 0.0, 0.0, 0.0, -1.0, 0.0, -1.0, 0.0, 0.0, 0.0, 0.0, 0.0, 0.0, 0.0, 0.0, 0.0, 0.0, 0.0, 0.0, 0.0, 0.0, 0.0, 0.0, 0.0, 0.0, 0.0, 0.0, 0.0, 0.0, 0.0, 0.0, 0.0, 0.0, 0.0, 0.0, 0.0, 0.0, 0.0, 0.0, 0.0, 0.0, 0.0, 0.0, 0.0, 0.0, 0.0, 0.0, 0.0, 0.0, 0.0, 0.0, 0.0, 0.0, 0.0, 0.0, 0.0, 0.0, 0.0, 0.0, 0.0, 0.0, 0.0, 0.0, 0.0, 0.0, 0.0, 0.0, 0.0, 0.0, 0.0, 0.0, 0.0, 0.0, 0.0, -1.0, -1.0, 0.0, -1.0, -1.0, 0.0, 0.0, 0.0, 0.0, 0.0, 0.0, 0.0, 0.0, 0.0, 0.0, 0.0, 0.0, -1.0, 0.0, 0.0, 0.0, 0.0, 0.0, 0.0, 0.0, 0.0, 0.0, 0.0, 0.0, 0.0, 0.0, 0.0, 0.0, 0.0, 0.0, 0.0, -1.0, 0.0, -1.0, 0.0, 0.0, 0.0, 0.0, 0.0, 0.0, 0.0, 0.0, 0.0, 0.0, 0.0, 0.0, 0.0, 0.0, 0.0, 0.0, 0.0, 0.0, 0.0, 0.0, 0.0, 0.0, 0.0, 0.0, 0.0, 0.0, 0.0, 0.0, 0.0, 0.0, 0.0, 0.0, 0.0, 0.0, 0.0, 0.0, 0.0, 0.0, 0.0, 0.0, 0.0, 0.0, 0.0, -1.0, 0.0, 0.0, 0.0, 0.0, 0.0, 0.0, 0.0, 0.0, 0.0, 0.0, 0.0, 0.0, 0.0, 0.0, 0.0, 0.0, -1.0, 0.0, 0.0, 0.0, 0.0, 0.0, 0.0, 0.0, 0.0, 0.0, -1.0, 0.0, 0.0, 0.0, 0.0, 0.0, 0.0, 0.0, 0.0, 0.0, 0.0, 0.0, 0.0, -1.0, 0.0, 0.0, 0.0, 0.0, 0.0, 0.0, 0.0, 0.0, 0.0, 0.0, 0.0, 0.0, 0.0, 0.0, 0.0, 0.0, 0.0, 0.0, 0.0, 0.0, 0.0, 0.0, 0.0, 0.0, 0.0, 0.0, 0.0, 0.0, 0.0, 0.0, 0.0, 0.0, 0.0, 0.0, -1.0, 0.0, 0.0, 0.0, 0.0, 0.0, -1.0, 0.0, 0.0, 0.0, 0.0, 0.0, 0.0, 0.0, 0.0, 0.0, -1.0, 0.0, 0.0, 0.0, -1.0, 0.0, 0.0, 0.0, 0.0, 0.0, 0.0, -1.0, 0.0, 0.0, 0.0, 0.0, -1.0, 0.0, 0.0, 0.0, 0.0, 0.0, 0.0, 0.0, 0.0, 0.0, 0.0, 0.0, 0.0, 0.0, 0.0, 0.0, 0.0, 0.0, 0.0, 0.0, 0.0, 0.0, 0.0, 0.0, 0.0, 0.0, 0.0, 0.0, -1.0, 0.0, 0.0, 0.0, 0.0, 0.0, 0.0, 0.0, 0.0, 0.0, 0.0, 0.0, 0.0, 0.0, 0.0, 0.0, 0.0, 0.0, 0.0, 0.0, 0.0, 0.0, 0.0, 0.0, 0.0, 0.0, 0.0, 0.0, 0.0, 0.0, 0.0, 0.0, 0.0, 0.0, 0.0, 0.0, 0.0, 0.0, -1.0, 0.0, 0.0, 0.0, 0.0, 0.0, 0.0, 0.0, 0.0, 0.0, 0.0, 0.0, 0.0, 0.0, 0.0, -1.0, 0.0, 0.0, -1.0, 0.0, 0.0, 0.0, 0.0, 0.0, -1.0, 0.0, 0.0, 0.0, 0.0, -1.0, 0.0, 0.0, 0.0, 0.0, 0.0, 0.0, 0.0, 0.0, 0.0, 0.0, 0.0, 0.0, 0.0, 0.0, 0.0, 0.0, 0.0, 0.0, -1.0, 0.0, 0.0, 0.0, 0.0, 0.0, 0.0, 0.0, 0.0, 0.0, 0.0, -1.0, 0.0, 0.0, 0.0, 0.0, 0.0, 0.0, 0.0, 0.0, 0.0, 0.0, 0.0, 0.0, 0.0, 0.0, 0.0, 0.0, 0.0, 0.0, 0.0, 0.0, 0.0, 0.0, 0.0, 0.0, 0.0, -1.0, 0.0, 0.0, 0.0, 0.0, 0.0, 0.0, 0.0, 0.0, 0.0, 0.0, 0.0, 0.0, 0.0, 0.0, 0.0, 0.0, 0.0, 0.0, 0.0, 0.0, 0.0, 0.0, 0.0, 0.0, 0.0, 0.0, 0.0, 0.0, 0.0, 0.0, 0.0, 0.0, 0.0, 0.0, 0.0, -1.0, 0.0, 0.0, 0.0, 0.0, 0.0, -1.0, 0.0, 0.0, 0.0, 0.0, 0.0, 0.0, 0.0, 0.0, 0.0, 0.0, -1.0, -1.0, 0.0, 0.0, 0.0, 0.0, 0.0, 0.0, 0.0, 0.0, 0.0, 0.0, 0.0, 0.0, -1.0, 0.0, 0.0, 0.0, 0.0, -1.0, 0.0, 0.0, 0.0, 0.0, -1.0, 0.0, 0.0, 0.0, 0.0, 0.0, -1.0, 0.0, 0.0, 0.0, 0.0, -1.0, 0.0, 0.0, 0.0, 0.0, 0.0, 0.0, 0.0, 0.0, 0.0, 0.0, 0.0, 0.0, 0.0, 0.0, 0.0, 0.0, 0.0, 0.0, 0.0, 0.0, 0.0, 0.0, 0.0, 0.0, 0.0, 0.0, 0.0, 0.0, 0.0, 0.0, 0.0, 0.0, 0.0, 0.0, 0.0, 0.0, 0.0, 0.0, 0.0, 0.0, 0.0, 0.0, 0.0, 0.0, 0.0, 0.0, 0.0, 0.0, 0.0, 0.0, 0.0, 0.0, -1.0, -1.0, 0.0, 0.0, 0.0, 0.0, 0.0, 0.0, 0.0, 0.0, 0.0, 0.0, 0.0, 0.0, 0.0, 0.0, 0.0, 0.0, 0.0, 0.0, 0.0, 0.0, 0.0, 0.0, 0.0, 0.0, 0.0, 0.0, 0.0, 0.0, 0.0, 0.0, 0.0, 0.0, 0.0, 0.0, 0.0, 0.0, 0.0, 0.0, 0.0, 0.0, 0.0, 0.0, 0.0, 0.0, 0.0, -1.0, -1.0, 0.0, 0.0, 0.0, 0.0, 0.0, -1.0, 0.0, 0.0, -1.0, 0.0, -1.0, 0.0, 0.0, 0.0, -1.0, 0.0, 0.0, 0.0, 0.0, 0.0, 0.0, 0.0 ]),(82,Array S Seq (Sz1 1000)
  [ Infinity, Infinity, Infinity, Infinity, Infinity, Infinity, Infinity, Infinity, Infinity, Infinity, Infinity, Infinity, Infinity, Infinity, Infinity, Infinity, Infinity, Infinity, -1.0, Infinity, Infinity, Infinity, -1.0, Infinity, Infinity, Infinity, Infinity, Infinity, Infinity, Infinity, Infinity, Infinity, Infinity, Infinity, Infinity, Infinity, Infinity, Infinity, Infinity, Infinity, Infinity, Infinity, Infinity, Infinity, Infinity, Infinity, Infinity, Infinity, Infinity, Infinity, Infinity, Infinity, Infinity, Infinity, Infinity, Infinity, Infinity, Infinity, Infinity, Infinity, Infinity, Infinity, Infinity, Infinity, -1.0, Infinity, Infinity, Infinity, Infinity, Infinity, Infinity, Infinity, Infinity, Infinity, Infinity, Infinity, Infinity, Infinity, Infinity, Infinity, Infinity, Infinity, Infinity, Infinity, Infinity, Infinity, -1.0, Infinity, Infinity, Infinity, Infinity, Infinity, Infinity, Infinity, Infinity, Infinity, Infinity, Infinity, Infinity, Infinity, Infinity, Infinity, Infinity, Infinity, Infinity, Infinity, Infinity, Infinity, Infinity, Infinity, Infinity, Infinity, Infinity, Infinity, Infinity, Infinity, Infinity, Infinity, Infinity, Infinity, Infinity, -1.0, Infinity, Infinity, Infinity, Infinity, Infinity, Infinity, Infinity, Infinity, Infinity, Infinity, Infinity, Infinity, Infinity, Infinity, Infinity, Infinity, Infinity, Infinity, Infinity, Infinity, Infinity, Infinity, Infinity, Infinity, Infinity, Infinity, Infinity, Infinity, Infinity, Infinity, Infinity, Infinity, Infinity, Infinity, Infinity, Infinity, Infinity, Infinity, Infinity, Infinity, Infinity, Infinity, Infinity, Infinity, Infinity, Infinity, Infinity, Infinity, Infinity, Infinity, Infinity, Infinity, Infinity, Infinity, Infinity, Infinity, Infinity, Infinity, Infinity, Infinity, Infinity, Infinity, Infinity, Infinity, Infinity, Infinity, Infinity, Infinity, Infinity, Infinity, Infinity, Infinity, Infinity, Infinity, Infinity, Infinity, Infinity, Infinity, Infinity, Infinity, Infinity, Infinity, Infinity, Infinity, Infinity, Infinity, Infinity, Infinity, Infinity, Infinity, Infinity, Infinity, Infinity, Infinity, Infinity, Infinity, Infinity, Infinity, Infinity, Infinity, Infinity, Infinity, Infinity, Infinity, Infinity, Infinity, Infinity, Infinity, Infinity, Infinity, Infinity, Infinity, Infinity, Infinity, Infinity, Infinity, Infinity, -1.0, -1.0, Infinity, Infinity, Infinity, Infinity, Infinity, Infinity, Infinity, Infinity, Infinity, Infinity, Infinity, Infinity, Infinity, Infinity, Infinity, Infinity, Infinity, Infinity, Infinity, Infinity, Infinity, Infinity, -1.0, Infinity, Infinity, Infinity, Infinity, Infinity, Infinity, Infinity, Infinity, Infinity, Infinity, Infinity, Infinity, Infinity, Infinity, Infinity, Infinity, Infinity, Infinity, Infinity, Infinity, Infinity, Infinity, Infinity, Infinity, Infinity, Infinity, Infinity, Infinity, Infinity, Infinity, Infinity, Infinity, Infinity, Infinity, Infinity, Infinity, Infinity, Infinity, Infinity, Infinity, Infinity, Infinity, Infinity, Infinity, Infinity, Infinity, Infinity, Infinity, Infinity, Infinity, Infinity, Infinity, Infinity, Infinity, Infinity, Infinity, Infinity, Infinity, Infinity, Infinity, Infinity, Infinity, Infinity, Infinity, Infinity, Infinity, Infinity, Infinity, Infinity, Infinity, Infinity, Infinity, Infinity, Infinity, Infinity, Infinity, Infinity, Infinity, Infinity, Infinity, Infinity, Infinity, Infinity, Infinity, Infinity, Infinity, Infinity, Infinity, Infinity, Infinity, Infinity, Infinity, Infinity, Infinity, Infinity, Infinity, Infinity, Infinity, Infinity, Infinity, -1.0, Infinity, Infinity, Infinity, Infinity, Infinity, Infinity, Infinity, Infinity, -1.0, Infinity, Infinity, Infinity, Infinity, -1.0, Infinity, -1.0, Infinity, Infinity, Infinity, Infinity, Infinity, Infinity, Infinity, Infinity, Infinity, Infinity, Infinity, Infinity, Infinity, Infinity, Infinity, Infinity, Infinity, Infinity, Infinity, Infinity, Infinity, Infinity, Infinity, Infinity, Infinity, Infinity, Infinity, Infinity, Infinity, Infinity, Infinity, Infinity, Infinity, Infinity, Infinity, Infinity, Infinity, Infinity, Infinity, Infinity, Infinity, Infinity, Infinity, Infinity, Infinity, Infinity, Infinity, Infinity, Infinity, Infinity, Infinity, Infinity, Infinity, Infinity, Infinity, Infinity, Infinity, Infinity, Infinity, Infinity, Infinity, Infinity, Infinity, Infinity, Infinity, Infinity, Infinity, -1.0, -1.0, Infinity, -1.0, -1.0, Infinity, Infinity, Infinity, Infinity, Infinity, Infinity, Infinity, Infinity, Infinity, Infinity, Infinity, Infinity, -1.0, Infinity, Infinity, Infinity, Infinity, Infinity, Infinity, Infinity, Infinity, Infinity, Infinity, Infinity, Infinity, Infinity, Infinity, Infinity, Infinity, Infinity, Infinity, -1.0, Infinity, -1.0, Infinity, Infinity, Infinity, Infinity, Infinity, Infinity, Infinity, Infinity, Infinity, Infinity, Infinity, Infinity, Infinity, Infinity, Infinity, Infinity, Infinity, Infinity, Infinity, Infinity, Infinity, Infinity, Infinity, Infinity, Infinity, Infinity, Infinity, Infinity, Infinity, Infinity, Infinity, Infinity, Infinity, Infinity, Infinity, Infinity, Infinity, Infinity, Infinity, Infinity, Infinity, Infinity, Infinity, -1.0, Infinity, Infinity, Infinity, Infinity, Infinity, Infinity, Infinity, Infinity, Infinity, Infinity, Infinity, Infinity, Infinity, Infinity, Infinity, Infinity, -1.0, Infinity, Infinity, Infinity, Infinity, Infinity, Infinity, Infinity, Infinity, Infinity, -1.0, Infinity, Infinity, Infinity, Infinity, Infinity, Infinity, Infinity, Infinity, Infinity, Infinity, Infinity, Infinity, -1.0, Infinity, Infinity, Infinity, Infinity, Infinity, Infinity, Infinity, Infinity, Infinity, Infinity, Infinity, Infinity, Infinity, Infinity, Infinity, Infinity, Infinity, Infinity, Infinity, Infinity, Infinity, Infinity, Infinity, Infinity, Infinity, Infinity, Infinity, Infinity, Infinity, Infinity, Infinity, Infinity, Infinity, Infinity, -1.0, Infinity, Infinity, Infinity, Infinity, Infinity, -1.0, Infinity, Infinity, Infinity, Infinity, Infinity, Infinity, Infinity, Infinity, Infinity, -1.0, Infinity, Infinity, Infinity, -1.0, Infinity, Infinity, Infinity, Infinity, Infinity, Infinity, -1.0, Infinity, Infinity, Infinity, Infinity, -1.0, Infinity, Infinity, Infinity, Infinity, Infinity, Infinity, Infinity, Infinity, Infinity, Infinity, Infinity, Infinity, Infinity, Infinity, Infinity, Infinity, Infinity, Infinity, Infinity, Infinity, Infinity, Infinity, Infinity, Infinity, Infinity, Infinity, Infinity, -1.0, Infinity, Infinity, Infinity, Infinity, Infinity, Infinity, Infinity, Infinity, Infinity, Infinity, Infinity, Infinity, Infinity, Infinity, Infinity, Infinity, Infinity, Infinity, Infinity, Infinity, Infinity, Infinity, Infinity, Infinity, Infinity, Infinity, Infinity, Infinity, Infinity, Infinity, Infinity, Infinity, Infinity, Infinity, Infinity, Infinity, Infinity, -1.0, Infinity, Infinity, Infinity, Infinity, Infinity, Infinity, Infinity, Infinity, Infinity, Infinity, Infinity, Infinity, Infinity, Infinity, -1.0, Infinity, Infinity, -1.0, Infinity, Infinity, Infinity, Infinity, Infinity, -1.0, Infinity, Infinity, Infinity, Infinity, -1.0, Infinity, Infinity, Infinity, Infinity, Infinity, Infinity, Infinity, Infinity, Infinity, Infinity, Infinity, Infinity, Infinity, Infinity, Infinity, Infinity, Infinity, Infinity, -1.0, Infinity, Infinity, Infinity, Infinity, Infinity, Infinity, Infinity, Infinity, Infinity, Infinity, -1.0, Infinity, Infinity, Infinity, Infinity, Infinity, Infinity, Infinity, Infinity, Infinity, Infinity, Infinity, Infinity, Infinity, Infinity, Infinity, Infinity, Infinity, Infinity, Infinity, Infinity, Infinity, Infinity, Infinity, Infinity, Infinity, -1.0, Infinity, Infinity, Infinity, Infinity, Infinity, Infinity, Infinity, Infinity, Infinity, Infinity, Infinity, Infinity, Infinity, Infinity, Infinity, Infinity, Infinity, Infinity, Infinity, Infinity, Infinity, Infinity, Infinity, Infinity, Infinity, Infinity, Infinity, Infinity, Infinity, Infinity, Infinity, Infinity, Infinity, Infinity, Infinity, -1.0, Infinity, Infinity, Infinity, Infinity, Infinity, -1.0, Infinity, Infinity, Infinity, Infinity, Infinity, Infinity, Infinity, Infinity, Infinity, Infinity, -1.0, -1.0, Infinity, Infinity, Infinity, Infinity, Infinity, Infinity, Infinity, Infinity, Infinity, Infinity, Infinity, Infinity, -1.0, Infinity, Infinity, Infinity, Infinity, -1.0, Infinity, Infinity, Infinity, Infinity, -1.0, Infinity, Infinity, Infinity, Infinity, Infinity, -1.0, Infinity, Infinity, Infinity, Infinity, -1.0, Infinity, Infinity, Infinity, Infinity, Infinity, Infinity, Infinity, Infinity, Infinity, Infinity, Infinity, Infinity, Infinity, Infinity, Infinity, Infinity, Infinity, Infinity, Infinity, Infinity, Infinity, Infinity, Infinity, Infinity, Infinity, Infinity, Infinity, Infinity, Infinity, Infinity, Infinity, Infinity, Infinity, Infinity, Infinity, Infinity, Infinity, Infinity, Infinity, Infinity, Infinity, Infinity, Infinity, Infinity, Infinity, Infinity, Infinity, Infinity, Infinity, Infinity, Infinity, Infinity, -1.0, -1.0, Infinity, Infinity, Infinity, Infinity, Infinity, Infinity, Infinity, Infinity, Infinity, Infinity, Infinity, Infinity, Infinity, Infinity, Infinity, Infinity, Infinity, Infinity, Infinity, Infinity, Infinity, Infinity, Infinity, Infinity, Infinity, Infinity, Infinity, Infinity, Infinity, Infinity, Infinity, Infinity, Infinity, Infinity, Infinity, Infinity, Infinity, Infinity, Infinity, Infinity, Infinity, Infinity, Infinity, Infinity, Infinity, -1.0, -1.0, Infinity, Infinity, Infinity, Infinity, Infinity, -1.0, Infinity, Infinity, -1.0, Infinity, -1.0, Infinity, Infinity, Infinity, -1.0, Infinity, Infinity, Infinity, Infinity, Infinity, Infinity, Infinity ])]
([21,43,44,51,60,70,78,80,81,82],[Param 0,Param 1,Param 2],3)
9445805.473302467
finish f
((t0 * (x6 + t1)) * (Abs(x4) ^ (Abs(t2) ^ x7)))
([21,43,44,51,60,70,78,80,81,82],[Param 0,Param 1,Param 2],3)
([21,43,44,51,60,70,78,80,81,82],[Param 0,Param 1,Param 2],3)
([21,43,44,51,60,70,78,80,81,82],[Param 0,Param 1,Param 2],3)
([21,43,44,51,60,70,78,80,81,82],[Param 0,Param 1,Param 2],3)
([21,43,44,51,60,70,78,80,81,82],[Param 0,Param 1,Param 2],3)
([21,43,44,51,60,70,78,80,81,82],[Param 0,Param 1,Param 2],3)
([21,43,44,51,60,70,78,80,81,82],[Param 0,Param 1,Param 2],3)
([21,43,44,51,60,70,78,80,81,82],[Param 0,Param 1,Param 2],3)
([21,43,44,51,60,70,78,80,81,82],[Param 0,Param 1,Param 2],3)
([21,43,44,51,60,70,78,80,81,82],[Param 0,Param 1,Param 2],3)
([21,43,44,51,60,70,78,80,81,82],[Param 0,Param 1,Param 2],3)
([21,43,44,51,60,70,78,80,81,82],[Param 0,Param 1,Param 2],3)
([21,43,44,51,60,70,78,80,81,82],[Param 0,Param 1,Param 2],3)
([21,43,44,51,60,70,78,80,81,82],[Param 0,Param 1,Param 2],3)
([21,43,44,51,60,70,78,80,81,82],[Param 0,Param 1,Param 2],3)
([21,43,44,51,60,70,78,80,81,82],[Param 0,Param 1,Param 2],3)
([21,43,44,51,60,70,78,80,81,82],[Param 0,Param 1,Param 2],3)
(9445805.473302467,Array S Seq (Sz1 3)
  [ -0.773652829274565, 0.20022996548831096, -0.7065778305600867 ],6312180.935225324)
(Array S Seq (Sz1 3)
  [ -33.80279429338808, -84.79268115350864, -0.7065778305600867 ],3)
Recip((Recip((t0 / x0)) * (((x8 * x5) + t1) - (Abs(x7) ^ x3))))
minmized
("recurse to ",101,101)
("recurse to ",96,96)
("recurse to ",85,85)
theta 
(2,0)
(Bin Div 9 0,True,True)
(Uni Recip 85,True,True)
("recurse to ",100,100)
("recurse to ",98,98)
("recurse to ",97,97)
(Bin Mul 8 5,True,True)
theta 
(2,1)
(Bin Add 97 12,True,True)
("recurse to ",99,99)
(Bin PowerAbs 7 3,True,True)
(Bin Sub 98 99,True,True)
(Bin Mul 96 100,True,True)
(Uni Recip 101,True,True)
fromList [(21,Array S Seq (Sz1 1000)
  [ 0.0, NaN, 0.0, 0.0, 0.5, NaN, Infinity, NaN, NaN, 0.0, NaN, 0.0, NaN, 0.0, NaN, NaN, NaN, Infinity, 0.0, 0.0, Infinity, Infinity, NaN, 0.3333333333333333, Infinity, 0.25, NaN, NaN, 0.5, Infinity, 0.5, 0.5, 0.0, NaN, 0.0, Infinity, NaN, 0.0, Infinity, NaN, NaN, 0.3333333333333333, NaN, 0.0, Infinity, NaN, NaN, 0.0, NaN, 0.0, Infinity, 0.0, NaN, NaN, Infinity, NaN, 0.3333333333333333, 0.0, 0.0, NaN, 0.0, 0.0, NaN, 0.0, 0.0, Infinity, 0.0, 0.0, 0.0, NaN, NaN, Infinity, 0.0, Infinity, Infinity, 0.0, NaN, 0.0, NaN, NaN, 0.5, NaN, 0.0, 0.5, Infinity, Infinity, NaN, Infinity, NaN, NaN, 1.0, NaN, NaN, 0.0, 0.0, 0.0, 0.0, 0.2, 0.0, NaN, 0.0, NaN, 0.0, NaN, NaN, 0.0, 0.0, 0.0, Infinity, NaN, 0.0, NaN, NaN, NaN, 0.3333333333333333, 0.5, NaN, Infinity, 0.0, NaN, 0.0, Infinity, NaN, 0.0, NaN, NaN, Infinity, NaN, 0.5, 0.0, 0.0, Infinity, NaN, NaN, Infinity, 0.2, NaN, Infinity, NaN, Infinity, 0.0, 1.0, 1.0, NaN, 0.2, NaN, 0.5, NaN, 0.5, 0.0, 0.0, NaN, NaN, 0.0, NaN, Infinity, NaN, NaN, NaN, NaN, 0.25, NaN, NaN, NaN, NaN, 0.0, 0.0, 0.0, NaN, 0.3333333333333333, NaN, 0.0, NaN, 0.3333333333333333, NaN, NaN, NaN, NaN, NaN, NaN, NaN, Infinity, 0.0, NaN, 0.0, 0.0, NaN, 0.0, 0.5, NaN, NaN, 0.0, 0.0, NaN, NaN, 0.0, NaN, NaN, NaN, 0.0, 0.0, 0.0, 0.5, 0.0, 0.0, NaN, NaN, Infinity, NaN, 0.0, NaN, 0.0, 0.5, Infinity, NaN, NaN, 0.0, 0.5, Infinity, 0.0, Infinity, NaN, NaN, NaN, Infinity, 0.0, NaN, NaN, 0.0, NaN, 0.0, NaN, NaN, NaN, 0.0, 0.0, Infinity, 1.0, NaN, NaN, 0.0, 0.0, 0.0, 0.0, NaN, NaN, 0.0, NaN, Infinity, NaN, 0.0, NaN, NaN, 0.0, Infinity, NaN, NaN, NaN, 0.0, 0.5, NaN, NaN, NaN, Infinity, 0.0, NaN, 0.0, 0.0, Infinity, NaN, 0.0, 0.0, Infinity, NaN, NaN, 0.0, NaN, NaN, Infinity, 0.0, 0.0, NaN, Infinity, 0.5, NaN, NaN, 0.0, Infinity, 0.0, NaN, NaN, NaN, NaN, 0.25, Infinity, 1.0, 0.0, 0.0, Infinity, 0.0, NaN, NaN, 0.5, NaN, 0.5, 0.0, Infinity, Infinity, 0.0, 0.0, 0.0, 0.5, 0.0, Infinity, Infinity, NaN, Infinity, 0.0, Infinity, 0.0, NaN, 0.0, NaN, Infinity, NaN, Infinity, Infinity, 0.0, Infinity, 1.0, NaN, NaN, Infinity, 0.0, 0.5, NaN, NaN, 0.0, 0.0, 0.2, 0.0, Infinity, 0.0, 0.0, Infinity, Infinity, Infinity, NaN, 0.0, 0.0, 0.0, 0.3333333333333333, NaN, 0.5, NaN, NaN, NaN, 0.0, 0.0, 0.3333333333333333, 0.0, NaN, 0.0, NaN, Infinity, NaN, NaN, 0.25, Infinity, 0.0, Infinity, 0.0, 0.0, NaN, Infinity, 0.5, 0.0, 0.0, NaN, 0.0, Infinity, 0.3333333333333333, NaN, 0.0, NaN, 0.5, NaN, 0.3333333333333333, NaN, NaN, Infinity, NaN, NaN, NaN, NaN, NaN, NaN, 0.5, 0.0, NaN, Infinity, 0.0, 0.5, 0.0, NaN, 0.5, 0.0, 0.0, NaN, NaN, Infinity, 0.0, NaN, 0.0, NaN, 0.0, 0.0, NaN, Infinity, 1.0, NaN, 0.0, NaN, 0.0, 0.0, NaN, Infinity, 0.0, 0.3333333333333333, 0.0, 0.0, 0.5, Infinity, NaN, Infinity, 0.3333333333333333, NaN, NaN, 0.0, 0.0, NaN, NaN, 0.0, 0.3333333333333333, NaN, NaN, Infinity, NaN, NaN, Infinity, NaN, 0.0, 0.3333333333333333, Infinity, 0.0, Infinity, NaN, NaN, 0.0, NaN, 0.0, 0.0, 0.0, 0.0, 0.0, 0.3333333333333333, 0.0, NaN, Infinity, 0.3333333333333333, NaN, 0.0, NaN, NaN, 0.0, 0.0, 0.0, NaN, 0.0, 0.0, 0.0, NaN, 0.3333333333333333, 0.0, NaN, 0.0, 0.0, 0.3333333333333333, NaN, 0.3333333333333333, 0.0, 0.0, Infinity, Infinity, NaN, Infinity, Infinity, 0.0, Infinity, 0.0, 0.3333333333333333, NaN, Infinity, 0.0, Infinity, NaN, 0.0, 0.0, NaN, 1.0, 0.0, 0.0, NaN, 0.0, NaN, 0.0, NaN, NaN, Infinity, 0.0, NaN, 0.3333333333333333, Infinity, NaN, 0.0, 0.0, NaN, 0.0, 0.0, NaN, Infinity, 0.0, 0.0, 0.5, Infinity, Infinity, Infinity, NaN, 0.0, 0.0, NaN, 0.25, Infinity, 0.0, NaN, NaN, Infinity, 0.0, 0.2, NaN, NaN, 0.0, 0.0, NaN, Infinity, 0.0, 0.0, 0.0, NaN, 0.5, NaN, 0.0, 0.0, NaN, 0.0, NaN, NaN, 0.0, 0.3333333333333333, NaN, 0.0, 0.0, NaN, 0.0, NaN, Infinity, Infinity, Infinity, NaN, Infinity, NaN, NaN, Infinity, NaN, NaN, Infinity, 0.0, NaN, NaN, 0.5, 0.3333333333333333, 0.3333333333333333, 0.0, 0.0, 0.0, 0.0, Infinity, Infinity, 0.0, 0.0, NaN, 0.0, 0.5, 0.0, 0.0, NaN, NaN, NaN, NaN, NaN, 0.0, NaN, 1.0, 0.3333333333333333, 0.0, NaN, 0.0, 0.0, 0.0, 0.3333333333333333, 0.0, NaN, Infinity, 0.0, NaN, Infinity, 0.0, NaN, Infinity, 0.0, 0.5, NaN, NaN, NaN, NaN, 0.2, 0.0, Infinity, Infinity, NaN, NaN, NaN, NaN, 0.0, Infinity, 0.0, NaN, NaN, NaN, NaN, 0.0, 0.3333333333333333, Infinity, Infinity, 0.0, 0.0, 0.0, Infinity, 0.0, NaN, NaN, 0.0, Infinity, Infinity, NaN, NaN, NaN, 1.0, NaN, 0.3333333333333333, NaN, 0.0, NaN, NaN, 0.0, 0.0, NaN, NaN, 0.0, NaN, NaN, 0.0, NaN, NaN, NaN, NaN, Infinity, 1.0, Infinity, Infinity, NaN, Infinity, 0.5, 0.0, 0.0, 0.5, 0.0, NaN, 0.3333333333333333, NaN, NaN, Infinity, 0.0, Infinity, 0.0, NaN, 0.0, Infinity, Infinity, 0.0, 0.5, 0.0, Infinity, Infinity, 0.5, NaN, 0.0, 0.0, Infinity, NaN, NaN, Infinity, 0.5, 0.0, NaN, 0.0, NaN, NaN, Infinity, Infinity, 0.0, 0.0, Infinity, Infinity, NaN, 0.0, NaN, 0.0, 0.0, NaN, Infinity, Infinity, 0.0, 0.0, NaN, 0.0, 0.5, NaN, NaN, 0.0, 0.0, Infinity, NaN, 0.0, NaN, 0.3333333333333333, Infinity, NaN, 0.0, 0.0, 0.0, 0.0, NaN, Infinity, NaN, NaN, NaN, 0.0, 0.0, 0.0, 0.0, 1.0, Infinity, NaN, Infinity, 0.0, 0.3333333333333333, 0.0, Infinity, 0.0, NaN, NaN, 0.0, NaN, Infinity, 0.0, 0.0, NaN, 0.5, 0.0, NaN, NaN, 0.3333333333333333, 0.0, NaN, Infinity, 0.5, 0.0, 0.0, 0.0, 0.0, Infinity, 0.5, 0.0, NaN, Infinity, 1.0, 0.0, Infinity, Infinity, 0.0, 0.0, 0.0, NaN, NaN, 0.3333333333333333, NaN, 0.0, Infinity, NaN, 0.0, 0.0, NaN, 0.0, 0.0, NaN, 0.0, 0.0, Infinity, NaN, 0.0, NaN, NaN, NaN, 0.0, Infinity, 0.0, 0.5, NaN, 0.5, Infinity, NaN, 0.5, NaN, NaN, 0.0, Infinity, 0.0, 0.0, 0.0, 0.0, 0.0, 0.0, NaN, NaN, NaN, 0.5, 1.0, NaN, NaN, Infinity, NaN, 0.0, NaN, 0.0, 0.0, NaN, 0.0, 0.0, 0.0, Infinity, 0.0, 0.5, NaN, NaN, 0.0, 0.0, NaN, NaN, 0.0, 0.0, NaN, Infinity, NaN, 0.3333333333333333, NaN, Infinity, Infinity, 0.0, 0.0, 0.0, 0.0, NaN, 0.0, 0.3333333333333333, Infinity, Infinity, NaN, NaN, 0.0, NaN, NaN, 0.5, Infinity, NaN, Infinity, NaN, 0.5, NaN, Infinity, NaN, 0.3333333333333333, 0.0, Infinity, NaN, NaN, 0.3333333333333333, 0.0, 0.0, 0.0, Infinity, 0.0, 0.0, 0.0, 0.0, 0.3333333333333333, Infinity, NaN, NaN, 0.0, 0.0, NaN, 0.0, NaN, Infinity, NaN, Infinity, 0.0, 0.0, 0.0, 0.0, Infinity, NaN, 0.0, 0.0, 0.0, 0.0, Infinity, NaN, 0.0, 1.0, 0.3333333333333333, 0.5, NaN, 1.0, 0.0, Infinity, NaN, 0.0, NaN, 0.25, NaN, NaN, 0.0, 0.0, NaN, 0.25, 0.0, Infinity, 0.0, NaN, Infinity, NaN, Infinity, 0.0, 0.0, 0.0, NaN, 0.5, 0.0, Infinity, 0.0, 0.0, 0.0, NaN, NaN, 0.5, 0.0, 0.0, 0.0, 0.0, Infinity, NaN, Infinity, 0.5, NaN, 0.0, 0.0, NaN, 0.0 ]),(43,Array S Seq (Sz1 1000)
  [ 1.0, 1.0, 1.0, 1.0, 136.01341247558594, 1.0, 132.46034240722656, 1.0, 1.0, 1.0, 1.0, 1.0, 1.0, 1.0, 1.0, 1.0, 1.0, 195.7398681640625, 1.0, 1.0, 125.3662109375, 100.45612335205078, 1.0, 227.5116424560547, 181.67588806152344, 143.7611083984375, 1.0, 1.0, 116.65486145019533, 131.63455200195313, 121.69271850585938, 123.9864273071289, 1.0, 1.0, 1.0, 98.12364959716795, 1.0, 1.0, 125.39635467529295, 1.0, 1.0, 95.56956481933594, 1.0, 1.0, 188.5592803955078, 1.0, 1.0, 1.0, 1.0, 1.0, 142.63609313964844, 1.0, 1.0, 1.0, 111.1320571899414, 1.0, 106.53964233398438, 1.0, 1.0, 1.0, 1.0, 1.0, 1.0, 1.0, 1.0, 111.14727783203124, 1.0, 1.0, 1.0, 1.0, 1.0, 117.57294464111328, 1.0, 145.8654022216797, 164.04278564453125, 1.0, 1.0, 1.0, 1.0, 1.0, 133.8019256591797, 1.0, 1.0, 115.20513153076172, 121.85877990722656, 113.01095581054688, 1.0, 130.25531005859375, 1.0, 1.0, 94.25062561035156, 1.0, 1.0, 1.0, 1.0, 1.0, 1.0, 96.33263397216795, 1.0, 1.0, 1.0, 1.0, 1.0, 1.0, 1.0, 1.0, 1.0, 1.0, 220.2862243652344, 1.0, 1.0, 1.0, 1.0, 1.0, 102.52779388427734, 97.68030548095705, 1.0, 180.83546447753903, 1.0, 1.0, 1.0, 131.17535400390625, 1.0, 1.0, 1.0, 1.0, 94.65105438232422, 1.0, 139.61727905273438, 1.0, 1.0, 145.06817626953125, 1.0, 1.0, 107.42437744140624, 95.64950561523438, 1.0, 134.4632110595703, 1.0, 93.6827163696289, 1.0, 97.78213500976563, 124.27935028076172, 1.0, 164.24832153320313, 1.0, 137.6710205078125, 1.0, 178.83338928222656, 1.0, 1.0, 1.0, 1.0, 1.0, 1.0, 169.51242065429688, 1.0, 1.0, 1.0, 1.0, 95.2139663696289, 1.0, 1.0, 1.0, 1.0, 1.0, 1.0, 1.0, 1.0, 141.16954040527344, 1.0, 1.0, 1.0, 112.09339141845705, 1.0, 1.0, 1.0, 1.0, 1.0, 1.0, 1.0, 119.0601577758789, 1.0, 1.0, 1.0, 1.0, 1.0, 1.0, 99.06946563720705, 1.0, 1.0, 1.0, 1.0, 1.0, 1.0, 1.0, 1.0, 1.0, 1.0, 1.0, 1.0, 1.0, 112.79476928710938, 1.0, 1.0, 1.0, 1.0, 196.0348358154297, 1.0, 1.0, 1.0, 1.0, 113.68338012695313, 118.33258819580078, 1.0, 1.0, 1.0, 136.78173828125, 139.28744506835938, 1.0, 117.33659362792967, 1.0, 1.0, 1.0, 178.14915466308594, 1.0, 1.0, 1.0, 1.0, 1.0, 1.0, 1.0, 1.0, 1.0, 1.0, 1.0, 135.50515747070313, 159.59939575195313, 1.0, 1.0, 1.0, 1.0, 1.0, 1.0, 1.0, 1.0, 1.0, 1.0, 97.01697540283205, 1.0, 1.0, 1.0, 1.0, 1.0, 133.14422607421875, 1.0, 1.0, 1.0, 1.0, 114.9203643798828, 1.0, 1.0, 1.0, 110.6036148071289, 1.0, 1.0, 1.0, 1.0, 176.58807373046875, 1.0, 1.0, 1.0, 123.84322357177734, 1.0, 1.0, 1.0, 1.0, 1.0, 119.71439361572266, 1.0, 1.0, 1.0, 106.53526306152344, 94.0523452758789, 1.0, 1.0, 1.0, 126.93397521972656, 1.0, 1.0, 1.0, 1.0, 1.0, 117.0088348388672, 119.5029754638672, 125.56053161621094, 1.0, 1.0, 132.14598083496094, 1.0, 1.0, 1.0, 87.41312408447266, 1.0, 95.02692413330078, 1.0, 119.26365661621094, 134.45970153808594, 1.0, 1.0, 1.0, 99.28182983398438, 1.0, 94.6075439453125, 94.46876525878906, 1.0, 137.4488525390625, 1.0, 211.2836761474609, 1.0, 1.0, 1.0, 1.0, 114.7640380859375, 1.0, 135.9503936767578, 130.70127868652344, 1.0, 137.80044555664063, 88.28662872314453, 1.0, 1.0, 130.83872985839844, 1.0, 111.05498504638672, 1.0, 1.0, 1.0, 1.0, 100.09678649902344, 1.0, 122.81951141357422, 1.0, 1.0, 110.52544403076172, 115.51080322265624, 122.59165954589844, 1.0, 1.0, 1.0, 1.0, 101.6290283203125, 1.0, 94.34821319580078, 1.0, 1.0, 1.0, 1.0, 1.0, 114.70557403564452, 1.0, 1.0, 1.0, 1.0, 95.76242065429688, 1.0, 1.0, 112.5141372680664, 88.15782165527344, 1.0, 120.7089614868164, 1.0, 1.0, 1.0, 105.655517578125, 135.57460021972656, 1.0, 1.0, 1.0, 1.0, 193.0663604736328, 117.15084075927734, 1.0, 1.0, 1.0, 122.7280502319336, 1.0, 208.4979553222656, 1.0, 1.0, 166.6735076904297, 1.0, 1.0, 1.0, 1.0, 1.0, 1.0, 86.81338500976563, 1.0, 1.0, 95.30038452148438, 1.0, 142.10365295410156, 1.0, 1.0, 173.66940307617188, 1.0, 1.0, 1.0, 1.0, 118.42745208740234, 1.0, 1.0, 1.0, 1.0, 1.0, 1.0, 1.0, 96.7544937133789, 112.22957611083984, 1.0, 1.0, 1.0, 1.0, 1.0, 1.0, 99.88421630859376, 1.0, 125.21788787841795, 1.0, 1.0, 92.98644256591795, 132.99009704589844, 1.0, 89.97750854492188, 120.1999282836914, 1.0, 1.0, 1.0, 1.0, 1.0, 1.0, 1.0, 115.55187225341795, 1.0, 1.0, 125.03704833984376, 1.0, 1.0, 97.14032745361328, 1.0, 1.0, 116.3814926147461, 109.56224060058594, 1.0, 159.73794555664063, 1.0, 1.0, 1.0, 1.0, 1.0, 1.0, 1.0, 1.0, 1.0, 102.50216674804688, 1.0, 1.0, 99.54903411865234, 127.79768371582033, 1.0, 1.0, 1.0, 1.0, 1.0, 1.0, 1.0, 1.0, 1.0, 1.0, 1.0, 1.0, 138.177490234375, 1.0, 1.0, 1.0, 1.0, 124.6482391357422, 1.0, 154.5901336669922, 1.0, 1.0, 113.44416809082033, 214.61415100097656, 1.0, 128.01129150390625, 110.81842803955078, 1.0, 119.41241455078124, 1.0, 127.96310424804688, 1.0, 93.6087417602539, 1.0, 132.87777709960938, 1.0, 1.0, 1.0, 1.0, 104.17752075195313, 1.0, 1.0, 1.0, 1.0, 1.0, 1.0, 1.0, 1.0, 98.71143341064452, 1.0, 1.0, 95.66000366210938, 82.81594848632813, 1.0, 1.0, 1.0, 1.0, 1.0, 1.0, 1.0, 94.98185729980467, 1.0, 1.0, 122.54882049560548, 110.1447296142578, 125.89794921875, 110.60667419433594, 1.0, 1.0, 1.0, 1.0, 122.43759155273438, 176.41217041015625, 1.0, 1.0, 1.0, 104.21048736572266, 1.0, 124.56581115722656, 1.0, 1.0, 1.0, 1.0, 1.0, 109.88538360595705, 1.0, 1.0, 1.0, 1.0, 195.908920288086, 1.0, 1.0, 1.0, 1.0, 1.0, 1.0, 1.0, 1.0, 95.1094741821289, 1.0, 1.0, 1.0, 1.0, 1.0, 1.0, 114.64632415771484, 106.94384765625, 113.65746307373048, 1.0, 110.3374252319336, 1.0, 1.0, 108.91471099853516, 1.0, 1.0, 115.75985717773438, 1.0, 1.0, 1.0, 115.35077667236328, 86.42877960205078, 103.85904693603516, 1.0, 1.0, 1.0, 1.0, 157.17108154296875, 184.26934814453125, 1.0, 1.0, 1.0, 1.0, 78.71513366699219, 1.0, 1.0, 1.0, 1.0, 1.0, 1.0, 1.0, 1.0, 1.0, 102.94474029541016, 108.03286743164063, 1.0, 1.0, 1.0, 1.0, 1.0, 209.7331085205078, 1.0, 1.0, 101.8200912475586, 1.0, 1.0, 120.1257781982422, 1.0, 1.0, 108.91339874267578, 1.0, 120.2540512084961, 1.0, 1.0, 1.0, 1.0, 111.05274200439452, 1.0, 137.75344848632813, 110.5718231201172, 1.0, 1.0, 1.0, 1.0, 1.0, 113.15443420410156, 1.0, 1.0, 1.0, 1.0, 1.0, 1.0, 124.5980453491211, 142.53700256347656, 100.27295684814452, 1.0, 1.0, 1.0, 96.29581451416016, 1.0, 1.0, 1.0, 1.0, 210.9147491455078, 112.43791961669922, 1.0, 1.0, 1.0, 102.27661895751952, 1.0, 158.00369262695313, 1.0, 1.0, 1.0, 1.0, 1.0, 1.0, 1.0, 1.0, 1.0, 1.0, 1.0, 1.0, 1.0, 1.0, 1.0, 1.0, 118.8065948486328, 90.81153869628906, 133.96786499023438, 123.07068634033205, 1.0, 127.35945129394533, 107.52288055419922, 1.0, 1.0, 113.804931640625, 1.0, 1.0, 109.20843505859376, 1.0, 1.0, 90.13827514648438, 1.0, 125.06075286865234, 1.0, 1.0, 1.0, 111.260986328125, 128.94735717773438, 1.0, 126.4247055053711, 1.0, 121.1880340576172, 92.16293334960938, 95.39696502685548, 1.0, 1.0, 1.0, 123.01937103271484, 1.0, 1.0, 93.52633666992188, 137.6227264404297, 1.0, 1.0, 1.0, 1.0, 1.0, 97.92525482177734, 122.70101165771484, 1.0, 1.0, 141.82980346679688, 121.66460418701172, 1.0, 1.0, 1.0, 1.0, 1.0, 1.0, 134.35581970214844, 124.31578063964844, 1.0, 1.0, 1.0, 1.0, 213.21923828125, 1.0, 1.0, 1.0, 1.0, 93.49762725830078, 1.0, 1.0, 1.0, 101.03815460205078, 111.4580078125, 1.0, 1.0, 1.0, 1.0, 1.0, 1.0, 191.4119415283203, 1.0, 1.0, 1.0, 1.0, 1.0, 1.0, 1.0, 119.91690826416016, 117.36027526855467, 1.0, 100.55362701416016, 1.0, 133.1939697265625, 1.0, 109.63882446289063, 1.0, 1.0, 1.0, 1.0, 1.0, 108.5556411743164, 1.0, 1.0, 1.0, 112.54126739501952, 1.0, 1.0, 1.0, 93.88091278076172, 1.0, 1.0, 180.0272674560547, 132.2572021484375, 1.0, 1.0, 1.0, 1.0, 130.3162841796875, 122.96540069580078, 1.0, 1.0, 198.93917846679688, 123.3795394897461, 1.0, 201.30909729003903, 105.96451568603516, 1.0, 1.0, 1.0, 1.0, 1.0, 131.46376037597656, 1.0, 1.0, 120.38939666748048, 1.0, 1.0, 1.0, 1.0, 1.0, 1.0, 1.0, 1.0, 1.0, 108.23681640625, 1.0, 1.0, 1.0, 1.0, 1.0, 1.0, 86.50275421142578, 1.0, 122.35628509521484, 1.0, 111.6075439453125, 188.20957946777344, 1.0, 101.7471923828125, 1.0, 1.0, 1.0, 82.9847183227539, 1.0, 1.0, 1.0, 1.0, 1.0, 1.0, 1.0, 1.0, 1.0, 88.28398132324219, 115.1414566040039, 1.0, 1.0, 95.97608184814452, 1.0, 1.0, 1.0, 1.0, 1.0, 1.0, 1.0, 1.0, 1.0, 102.81180572509766, 1.0, 164.551025390625, 1.0, 1.0, 1.0, 1.0, 1.0, 1.0, 1.0, 1.0, 1.0, 167.08934020996094, 1.0, 138.1129608154297, 1.0, 200.2909240722656, 182.18942260742188, 1.0, 1.0, 1.0, 1.0, 1.0, 1.0, 176.19436645507813, 84.4425277709961, 175.30105590820313, 1.0, 1.0, 1.0, 1.0, 1.0, 186.5384826660156, 163.12045288085938, 1.0, 135.02955627441406, 1.0, 98.9612274169922, 1.0, 136.63552856445313, 1.0, 92.15441131591795, 1.0, 85.46287536621094, 1.0, 1.0, 105.56327056884766, 1.0, 1.0, 1.0, 93.44153594970705, 1.0, 1.0, 1.0, 1.0, 118.16268157958984, 198.2670440673828, 1.0, 1.0, 1.0, 1.0, 1.0, 1.0, 1.0, 112.34520721435548, 1.0, 90.25405883789063, 1.0, 1.0, 1.0, 1.0, 109.6977767944336, 1.0, 1.0, 1.0, 1.0, 1.0, 103.0973129272461, 1.0, 1.0, 114.24532318115234, 111.91062927246094, 178.84811401367188, 1.0, 187.9645233154297, 1.0, 107.05181121826172, 1.0, 1.0, 1.0, 119.16615295410156, 1.0, 1.0, 1.0, 1.0, 1.0, 117.20548248291016, 1.0, 116.38352966308594, 1.0, 1.0, 100.95030975341795, 1.0, 138.2363739013672, 1.0, 1.0, 1.0, 1.0, 124.95571899414063, 1.0, 141.69619750976563, 1.0, 1.0, 1.0, 1.0, 1.0, 99.37890625, 1.0, 1.0, 1.0, 1.0, 97.0040512084961, 1.0, 137.1707763671875, 89.20085144042969, 1.0, 1.0, 1.0, 1.0, 1.0 ]),(44,Array S Seq (Sz1 1000)
  [ 4.0, 1.0, 3.0, 5.0, 138.01341247558594, 1.0, 132.46034240722656, 1.0, 1.0, 3.0, 1.0, 2.0, 1.0, 3.0, 1.0, 1.0, 1.0, 195.7398681640625, 3.0, 4.0, 125.3662109375, 100.45612335205078, 1.0, 230.5116424560547, 181.67588806152344, 147.7611083984375, 1.0, 1.0, 118.65486145019533, 131.63455200195313, 123.69271850585938, 125.9864273071289, 3.0, 1.0, 3.0, 98.12364959716795, 1.0, 3.0, 125.39635467529295, 1.0, 1.0, 98.56956481933594, 1.0, 4.0, 188.5592803955078, 1.0, 1.0, 3.0, 1.0, 4.0, 142.63609313964844, 4.0, 1.0, 1.0, 111.1320571899414, 1.0, 109.53964233398438, 4.0, 3.0, 1.0, 3.0, 4.0, 1.0, 3.0, 4.0, 111.14727783203124, 3.0, 4.0, 3.0, 1.0, 1.0, 117.57294464111328, 2.0, 145.8654022216797, 164.04278564453125, 2.0, 1.0, 3.0, 1.0, 1.0, 135.8019256591797, 1.0, 4.0, 117.20513153076172, 121.85877990722656, 113.01095581054688, 1.0, 130.25531005859375, 1.0, 1.0, 95.25062561035156, 1.0, 1.0, 4.0, 4.0, 4.0, 3.0, 101.33263397216795, 4.0, 1.0, 3.0, 1.0, 3.0, 1.0, 1.0, 3.0, 3.0, 2.0, 220.2862243652344, 1.0, 5.0, 1.0, 1.0, 1.0, 105.52779388427734, 99.68030548095705, 1.0, 180.83546447753903, 2.0, 1.0, 3.0, 131.17535400390625, 1.0, 2.0, 1.0, 1.0, 94.65105438232422, 1.0, 141.61727905273438, 4.0, 2.0, 145.06817626953125, 1.0, 1.0, 107.42437744140624, 100.64950561523438, 1.0, 134.4632110595703, 1.0, 93.6827163696289, 3.0, 98.78213500976563, 125.27935028076172, 1.0, 169.24832153320313, 1.0, 139.6710205078125, 1.0, 180.83338928222656, 3.0, 2.0, 1.0, 1.0, 4.0, 1.0, 169.51242065429688, 1.0, 1.0, 1.0, 1.0, 99.2139663696289, 1.0, 1.0, 1.0, 1.0, 2.0, 2.0, 4.0, 1.0, 144.16954040527344, 1.0, 4.0, 1.0, 115.09339141845705, 1.0, 1.0, 1.0, 1.0, 1.0, 1.0, 1.0, 119.0601577758789, 4.0, 1.0, 3.0, 3.0, 1.0, 3.0, 101.06946563720705, 1.0, 1.0, 3.0, 4.0, 1.0, 1.0, 3.0, 1.0, 1.0, 1.0, 3.0, 3.0, 3.0, 114.79476928710938, 4.0, 3.0, 1.0, 1.0, 196.0348358154297, 1.0, 3.0, 1.0, 4.0, 115.68338012695313, 118.33258819580078, 1.0, 1.0, 4.0, 138.78173828125, 139.28744506835938, 4.0, 117.33659362792967, 1.0, 1.0, 1.0, 178.14915466308594, 3.0, 1.0, 1.0, 4.0, 1.0, 3.0, 1.0, 1.0, 1.0, 4.0, 3.0, 135.50515747070313, 160.59939575195313, 1.0, 1.0, 3.0, 3.0, 3.0, 4.0, 1.0, 1.0, 3.0, 1.0, 97.01697540283205, 1.0, 6.0, 1.0, 1.0, 4.0, 133.14422607421875, 1.0, 1.0, 1.0, 2.0, 116.9203643798828, 1.0, 1.0, 1.0, 110.6036148071289, 4.0, 1.0, 3.0, 4.0, 176.58807373046875, 1.0, 4.0, 4.0, 123.84322357177734, 1.0, 1.0, 6.0, 1.0, 1.0, 119.71439361572266, 6.0, 4.0, 1.0, 106.53526306152344, 96.0523452758789, 1.0, 1.0, 3.0, 126.93397521972656, 4.0, 1.0, 1.0, 1.0, 1.0, 121.0088348388672, 119.5029754638672, 126.56053161621094, 3.0, 4.0, 132.14598083496094, 3.0, 1.0, 1.0, 89.41312408447266, 1.0, 97.02692413330078, 4.0, 119.26365661621094, 134.45970153808594, 3.0, 5.0, 3.0, 101.28182983398438, 4.0, 94.6075439453125, 94.46876525878906, 1.0, 137.4488525390625, 3.0, 211.2836761474609, 2.0, 1.0, 4.0, 1.0, 114.7640380859375, 1.0, 135.9503936767578, 130.70127868652344, 4.0, 137.80044555664063, 89.28662872314453, 1.0, 1.0, 130.83872985839844, 6.0, 113.05498504638672, 1.0, 1.0, 4.0, 5.0, 105.09678649902344, 4.0, 122.81951141357422, 3.0, 5.0, 110.52544403076172, 115.51080322265624, 122.59165954589844, 1.0, 3.0, 4.0, 3.0, 104.6290283203125, 1.0, 96.34821319580078, 1.0, 1.0, 1.0, 4.0, 3.0, 117.70557403564452, 4.0, 1.0, 3.0, 1.0, 95.76242065429688, 1.0, 1.0, 116.5141372680664, 88.15782165527344, 3.0, 120.7089614868164, 4.0, 4.0, 1.0, 105.655517578125, 137.57460021972656, 3.0, 3.0, 1.0, 5.0, 193.0663604736328, 120.15084075927734, 1.0, 4.0, 1.0, 124.7280502319336, 1.0, 211.4979553222656, 1.0, 1.0, 166.6735076904297, 1.0, 1.0, 1.0, 1.0, 1.0, 1.0, 88.81338500976563, 3.0, 1.0, 95.30038452148438, 3.0, 144.10365295410156, 3.0, 1.0, 175.66940307617188, 5.0, 3.0, 1.0, 1.0, 118.42745208740234, 3.0, 1.0, 3.0, 1.0, 6.0, 6.0, 1.0, 96.7544937133789, 113.22957611083984, 1.0, 4.0, 1.0, 4.0, 3.0, 1.0, 99.88421630859376, 3.0, 128.21788787841797, 3.0, 3.0, 94.98644256591795, 132.99009704589844, 1.0, 89.97750854492188, 123.1999282836914, 1.0, 1.0, 3.0, 4.0, 1.0, 1.0, 4.0, 118.55187225341795, 1.0, 1.0, 125.03704833984376, 1.0, 1.0, 97.14032745361328, 1.0, 3.0, 119.3814926147461, 109.56224060058594, 4.0, 159.73794555664063, 1.0, 1.0, 3.0, 1.0, 3.0, 3.0, 3.0, 4.0, 3.0, 105.50216674804688, 4.0, 1.0, 99.54903411865234, 130.7976837158203, 1.0, 6.0, 1.0, 1.0, 6.0, 3.0, 4.0, 1.0, 2.0, 3.0, 3.0, 1.0, 141.177490234375, 4.0, 1.0, 3.0, 4.0, 127.6482391357422, 1.0, 157.5901336669922, 5.0, 3.0, 113.44416809082033, 214.61415100097656, 1.0, 128.01129150390625, 110.81842803955078, 3.0, 119.41241455078124, 3.0, 130.96310424804688, 1.0, 93.6087417602539, 4.0, 132.87777709960938, 1.0, 4.0, 2.0, 1.0, 105.17752075195313, 3.0, 4.0, 1.0, 3.0, 1.0, 3.0, 1.0, 1.0, 98.71143341064452, 3.0, 1.0, 98.66000366210938, 82.81594848632813, 1.0, 4.0, 3.0, 1.0, 3.0, 4.0, 1.0, 94.98185729980467, 4.0, 6.0, 124.54882049560548, 110.1447296142578, 125.89794921875, 110.60667419433594, 1.0, 2.0, 3.0, 1.0, 126.43759155273438, 176.41217041015625, 3.0, 1.0, 1.0, 104.21048736572266, 5.0, 129.56581115722656, 1.0, 1.0, 4.0, 3.0, 1.0, 109.88538360595705, 2.0, 5.0, 3.0, 1.0, 197.908920288086, 1.0, 5.0, 3.0, 1.0, 2.0, 1.0, 1.0, 4.0, 98.1094741821289, 1.0, 3.0, 2.0, 1.0, 3.0, 1.0, 114.64632415771484, 106.94384765625, 113.65746307373048, 1.0, 110.3374252319336, 1.0, 1.0, 108.91471099853516, 1.0, 1.0, 115.75985717773438, 2.0, 1.0, 1.0, 117.35077667236328, 89.42877960205078, 106.85904693603516, 4.0, 3.0, 3.0, 4.0, 157.17108154296875, 184.26934814453125, 3.0, 3.0, 1.0, 3.0, 80.71513366699219, 3.0, 3.0, 1.0, 1.0, 1.0, 1.0, 1.0, 3.0, 1.0, 103.94474029541016, 111.03286743164063, 3.0, 1.0, 4.0, 3.0, 3.0, 212.7331085205078, 4.0, 1.0, 101.8200912475586, 3.0, 1.0, 120.1257781982422, 4.0, 1.0, 108.91339874267578, 3.0, 122.2540512084961, 1.0, 1.0, 1.0, 1.0, 116.05274200439452, 3.0, 137.75344848632813, 110.5718231201172, 1.0, 1.0, 1.0, 1.0, 3.0, 113.15443420410156, 3.0, 1.0, 1.0, 1.0, 1.0, 3.0, 127.5980453491211, 142.53700256347656, 100.27295684814452, 3.0, 3.0, 3.0, 96.29581451416016, 4.0, 1.0, 1.0, 3.0, 210.9147491455078, 112.43791961669922, 1.0, 1.0, 1.0, 103.27661895751952, 1.0, 161.00369262695313, 1.0, 3.0, 1.0, 1.0, 6.0, 3.0, 1.0, 1.0, 5.0, 1.0, 1.0, 6.0, 1.0, 1.0, 1.0, 1.0, 118.8065948486328, 91.81153869628906, 133.96786499023438, 123.07068634033205, 1.0, 127.35945129394533, 109.52288055419922, 2.0, 4.0, 115.804931640625, 4.0, 1.0, 112.20843505859376, 1.0, 1.0, 90.13827514648438, 4.0, 125.06075286865234, 3.0, 1.0, 3.0, 111.260986328125, 128.94735717773438, 3.0, 128.4247055053711, 4.0, 121.1880340576172, 92.16293334960938, 97.39696502685548, 1.0, 3.0, 4.0, 123.01937103271484, 1.0, 1.0, 93.52633666992188, 139.6227264404297, 4.0, 1.0, 3.0, 1.0, 1.0, 97.92525482177734, 122.70101165771484, 3.0, 4.0, 141.82980346679688, 121.66460418701172, 1.0, 4.0, 1.0, 6.0, 4.0, 1.0, 134.35581970214844, 124.31578063964844, 4.0, 3.0, 1.0, 5.0, 215.21923828125, 1.0, 1.0, 4.0, 4.0, 93.49762725830078, 1.0, 3.0, 1.0, 104.03815460205078, 111.4580078125, 1.0, 4.0, 3.0, 3.0, 2.0, 1.0, 191.4119415283203, 1.0, 1.0, 1.0, 3.0, 3.0, 4.0, 4.0, 120.91690826416016, 117.36027526855467, 1.0, 100.55362701416016, 4.0, 136.1939697265625, 3.0, 109.63882446289063, 3.0, 1.0, 1.0, 5.0, 1.0, 108.5556411743164, 4.0, 3.0, 1.0, 114.54126739501952, 4.0, 1.0, 1.0, 96.88091278076172, 3.0, 1.0, 180.0272674560547, 134.2572021484375, 3.0, 3.0, 4.0, 4.0, 130.3162841796875, 124.96540069580078, 4.0, 1.0, 198.93917846679688, 124.3795394897461, 3.0, 201.30909729003903, 105.96451568603516, 3.0, 5.0, 4.0, 1.0, 1.0, 134.46376037597656, 1.0, 6.0, 120.38939666748048, 1.0, 2.0, 4.0, 1.0, 4.0, 3.0, 1.0, 4.0, 3.0, 108.23681640625, 1.0, 4.0, 1.0, 1.0, 1.0, 3.0, 86.50275421142578, 4.0, 124.35628509521484, 1.0, 113.6075439453125, 188.20957946777344, 1.0, 103.7471923828125, 1.0, 1.0, 3.0, 82.9847183227539, 3.0, 4.0, 2.0, 4.0, 3.0, 4.0, 1.0, 1.0, 1.0, 90.28398132324219, 116.1414566040039, 1.0, 1.0, 95.97608184814452, 1.0, 3.0, 1.0, 4.0, 3.0, 1.0, 4.0, 4.0, 3.0, 102.81180572509766, 2.0, 166.551025390625, 1.0, 1.0, 3.0, 3.0, 1.0, 1.0, 3.0, 4.0, 1.0, 167.08934020996094, 1.0, 141.1129608154297, 1.0, 200.2909240722656, 182.18942260742188, 3.0, 5.0, 3.0, 3.0, 1.0, 4.0, 179.19436645507813, 84.4425277709961, 175.30105590820313, 1.0, 1.0, 3.0, 1.0, 1.0, 188.5384826660156, 163.12045288085938, 1.0, 135.02955627441406, 1.0, 100.9612274169922, 1.0, 136.63552856445313, 1.0, 95.15441131591795, 3.0, 85.46287536621094, 1.0, 1.0, 108.56327056884766, 3.0, 3.0, 4.0, 93.44153594970705, 4.0, 3.0, 3.0, 3.0, 121.16268157958984, 198.2670440673828, 1.0, 1.0, 3.0, 3.0, 1.0, 3.0, 1.0, 112.34520721435548, 1.0, 90.25405883789063, 5.0, 3.0, 3.0, 3.0, 109.6977767944336, 1.0, 4.0, 3.0, 3.0, 4.0, 103.0973129272461, 1.0, 3.0, 115.24532318115234, 114.91062927246094, 180.84811401367188, 1.0, 188.9645233154297, 3.0, 107.05181121826172, 1.0, 4.0, 1.0, 123.16615295410156, 1.0, 1.0, 3.0, 3.0, 1.0, 121.20548248291016, 4.0, 116.38352966308594, 4.0, 1.0, 100.95030975341795, 1.0, 138.2363739013672, 3.0, 3.0, 3.0, 1.0, 126.95571899414063, 3.0, 141.69619750976563, 4.0, 3.0, 4.0, 1.0, 1.0, 101.37890625, 4.0, 3.0, 4.0, 4.0, 97.0040512084961, 1.0, 137.1707763671875, 91.20085144042969, 1.0, 3.0, 4.0, 1.0, 3.0 ]),(51,Array S Seq (Sz1 1000)
  [ 3.0, 0.0, 2.0, 4.0, 2.0, 1.0, 0.0, 0.0, 1.0, 3.0, 0.0, 1.0, 0.0, 3.0, 0.0, 0.0, 0.0, 1.0, 2.0, 4.0, 0.0, 0.0, 0.0, 4.0, 0.0, 4.0, 0.0, 0.0, 3.0, 0.0, 3.0, 2.0, 2.0, 0.0, 2.0, 0.0, 0.0, 3.0, 0.0, 0.0, 1.0, 3.0, 0.0, 3.0, 0.0, 1.0, 0.0, 2.0, 0.0, 3.0, 1.0, 3.0, 1.0, 0.0, 0.0, 0.0, 3.0, 3.0, 2.0, 1.0, 2.0, 4.0, 0.0, 2.0, 3.0, 0.0, 2.0, 3.0, 2.0, 0.0, 0.0, 0.0, 2.0, 1.0, 1.0, 2.0, 0.0, 2.0, 1.0, 0.0, 2.0, 0.0, 4.0, 2.0, 0.0, 0.0, 0.0, 1.0, 0.0, 0.0, 2.0, 1.0, 1.0, 3.0, 4.0, 4.0, 2.0, 6.0, 3.0, 0.0, 3.0, 0.0, 3.0, 0.0, 0.0, 3.0, 3.0, 1.0, 1.0, 0.0, 5.0, 1.0, 1.0, 1.0, 3.0, 3.0, 0.0, 0.0, 1.0, 0.0, 2.0, 0.0, 1.0, 1.0, 0.0, 1.0, 1.0, 0.0, 2.0, 4.0, 2.0, 0.0, 1.0, 0.0, 1.0, 5.0, 0.0, 1.0, 0.0, 1.0, 2.0, 1.0, 1.0, 0.0, 5.0, 1.0, 2.0, 1.0, 2.0, 2.0, 2.0, 1.0, 1.0, 3.0, 1.0, 0.0, 1.0, 0.0, 1.0, 1.0, 4.0, 0.0, 1.0, 1.0, 0.0, 2.0, 2.0, 3.0, 0.0, 4.0, 0.0, 3.0, 0.0, 3.0, 0.0, 0.0, 0.0, 1.0, 0.0, 0.0, 1.0, 1.0, 3.0, 0.0, 3.0, 2.0, 0.0, 2.0, 3.0, 0.0, 0.0, 2.0, 3.0, 0.0, 0.0, 3.0, 0.0, 1.0, 1.0, 3.0, 3.0, 2.0, 2.0, 3.0, 2.0, 0.0, 0.0, 0.0, 1.0, 2.0, 0.0, 3.0, 2.0, 0.0, 0.0, 0.0, 4.0, 3.0, 1.0, 3.0, 0.0, 0.0, 0.0, 0.0, 1.0, 3.0, 1.0, 1.0, 3.0, 1.0, 2.0, 1.0, 0.0, 1.0, 4.0, 3.0, 0.0, 1.0, 1.0, 1.0, 2.0, 2.0, 3.0, 3.0, 1.0, 1.0, 3.0, 1.0, 1.0, 0.0, 5.0, 0.0, 0.0, 3.0, 0.0, 1.0, 0.0, 0.0, 1.0, 3.0, 0.0, 0.0, 1.0, 0.0, 3.0, 1.0, 3.0, 3.0, 1.0, 0.0, 4.0, 3.0, 0.0, 0.0, 1.0, 5.0, 0.0, 0.0, 1.0, 6.0, 4.0, 1.0, 1.0, 2.0, 0.0, 0.0, 3.0, 1.0, 3.0, 1.0, 1.0, 1.0, 0.0, 5.0, 0.0, 1.0, 3.0, 3.0, 0.0, 2.0, 1.0, 0.0, 2.0, 1.0, 3.0, 4.0, 1.0, 1.0, 3.0, 4.0, 3.0, 3.0, 3.0, 1.0, 1.0, 0.0, 1.0, 2.0, 0.0, 2.0, 0.0, 3.0, 1.0, 0.0, 0.0, 1.0, 0.0, 3.0, 0.0, 1.0, 0.0, 1.0, 0.0, 5.0, 3.0, 0.0, 1.0, 3.0, 4.0, 5.0, 3.0, 0.0, 2.0, 4.0, 1.0, 0.0, 1.0, 1.0, 2.0, 3.0, 2.0, 3.0, 0.0, 3.0, 0.0, 0.0, 0.0, 4.0, 3.0, 4.0, 4.0, 1.0, 3.0, 1.0, 1.0, 0.0, 0.0, 4.0, 0.0, 2.0, 1.0, 3.0, 3.0, 1.0, 0.0, 2.0, 3.0, 3.0, 0.0, 4.0, 0.0, 3.0, 1.0, 3.0, 0.0, 3.0, 1.0, 4.0, 0.0, 0.0, 1.0, 0.0, 1.0, 1.0, 0.0, 0.0, 0.0, 2.0, 2.0, 0.0, 0.0, 2.0, 2.0, 2.0, 0.0, 2.0, 5.0, 2.0, 1.0, 0.0, 1.0, 2.0, 1.0, 3.0, 1.0, 6.0, 6.0, 0.0, 0.0, 1.0, 0.0, 4.0, 0.0, 4.0, 2.0, 0.0, 0.0, 2.0, 4.0, 2.0, 2.0, 2.0, 0.0, 0.0, 0.0, 4.0, 1.0, 0.0, 2.0, 3.0, 0.0, 0.0, 3.0, 3.0, 0.0, 0.0, 1.0, 0.0, 0.0, 1.0, 0.0, 3.0, 3.0, 0.0, 4.0, 1.0, 1.0, 0.0, 2.0, 0.0, 3.0, 2.0, 2.0, 3.0, 2.0, 4.0, 4.0, 1.0, 1.0, 3.0, 1.0, 5.0, 1.0, 0.0, 6.0, 2.0, 4.0, 1.0, 2.0, 3.0, 2.0, 0.0, 4.0, 3.0, 1.0, 2.0, 3.0, 4.0, 0.0, 3.0, 4.0, 2.0, 1.0, 0.0, 1.0, 0.0, 0.0, 2.0, 1.0, 2.0, 4.0, 0.0, 1.0, 3.0, 1.0, 0.0, 3.0, 1.0, 1.0, 2.0, 3.0, 3.0, 1.0, 2.0, 0.0, 2.0, 1.0, 0.0, 1.0, 2.0, 1.0, 4.0, 1.0, 1.0, 4.0, 3.0, 0.0, 2.0, 3.0, 0.0, 1.0, 3.0, 6.0, 2.0, 1.0, 1.0, 1.0, 0.0, 1.0, 3.0, 0.0, 4.0, 0.0, 2.0, 1.0, 1.0, 0.0, 4.0, 5.0, 1.0, 1.0, 3.0, 2.0, 0.0, 1.0, 1.0, 4.0, 2.0, 0.0, 3.0, 0.0, 5.0, 2.0, 0.0, 1.0, 0.0, 1.0, 4.0, 4.0, 1.0, 2.0, 2.0, 0.0, 2.0, 0.0, 0.0, 1.0, 0.0, 0.0, 1.0, 0.0, 1.0, 1.0, 0.0, 0.0, 0.0, 2.0, 0.0, 0.0, 3.0, 3.0, 3.0, 4.0, 3.0, 2.0, 3.0, 0.0, 1.0, 2.0, 2.0, 0.0, 2.0, 3.0, 2.0, 2.0, 1.0, 0.0, 0.0, 0.0, 1.0, 2.0, 0.0, 1.0, 4.0, 3.0, 0.0, 4.0, 2.0, 2.0, 4.0, 3.0, 1.0, 0.0, 3.0, 1.0, 1.0, 3.0, 0.0, 0.0, 2.0, 2.0, 0.0, 0.0, 0.0, 0.0, 5.0, 2.0, 0.0, 0.0, 0.0, 0.0, 1.0, 1.0, 2.0, 0.0, 3.0, 0.0, 1.0, 0.0, 1.0, 2.0, 4.0, 0.0, 1.0, 2.0, 2.0, 3.0, 0.0, 4.0, 0.0, 1.0, 3.0, 1.0, 0.0, 1.0, 0.0, 0.0, 1.0, 0.0, 3.0, 0.0, 2.0, 0.0, 1.0, 5.0, 2.0, 1.0, 1.0, 4.0, 0.0, 1.0, 6.0, 1.0, 0.0, 1.0, 0.0, 0.0, 2.0, 0.0, 0.0, 0.0, 0.0, 2.0, 1.0, 3.0, 3.0, 3.0, 1.0, 3.0, 0.0, 0.0, 0.0, 4.0, 0.0, 3.0, 1.0, 2.0, 0.0, 0.0, 3.0, 2.0, 3.0, 1.0, 0.0, 2.0, 1.0, 2.0, 4.0, 1.0, 1.0, 0.0, 1.0, 2.0, 3.0, 0.0, 2.0, 0.0, 1.0, 0.0, 0.0, 2.0, 4.0, 0.0, 1.0, 1.0, 3.0, 1.0, 6.0, 3.0, 0.0, 1.0, 0.0, 3.0, 2.0, 1.0, 5.0, 3.0, 0.0, 1.0, 4.0, 3.0, 0.0, 0.0, 3.0, 1.0, 4.0, 1.0, 0.0, 3.0, 3.0, 2.0, 2.0, 1.0, 0.0, 0.0, 0.0, 0.0, 2.0, 3.0, 3.0, 3.0, 2.0, 1.0, 0.0, 1.0, 3.0, 4.0, 3.0, 0.0, 2.0, 0.0, 0.0, 5.0, 1.0, 0.0, 3.0, 3.0, 0.0, 2.0, 3.0, 0.0, 0.0, 3.0, 2.0, 0.0, 0.0, 2.0, 2.0, 2.0, 3.0, 3.0, 0.0, 2.0, 4.0, 1.0, 1.0, 2.0, 3.0, 1.0, 1.0, 2.0, 5.0, 3.0, 0.0, 0.0, 3.0, 1.0, 5.0, 0.0, 0.0, 2.0, 3.0, 1.0, 4.0, 3.0, 0.0, 3.0, 2.0, 1.0, 1.0, 3.0, 0.0, 0.0, 0.0, 2.0, 0.0, 4.0, 2.0, 0.0, 2.0, 0.0, 1.0, 3.0, 0.0, 0.0, 2.0, 0.0, 2.0, 3.0, 1.0, 3.0, 2.0, 3.0, 1.0, 0.0, 1.0, 2.0, 1.0, 0.0, 1.0, 1.0, 0.0, 2.0, 0.0, 4.0, 2.0, 0.0, 4.0, 4.0, 2.0, 1.0, 1.0, 3.0, 1.0, 0.0, 3.0, 3.0, 0.0, 0.0, 3.0, 4.0, 0.0, 1.0, 0.0, 4.0, 0.0, 0.0, 1.0, 2.0, 4.0, 2.0, 2.0, 0.0, 4.0, 4.0, 0.0, 1.0, 0.0, 0.0, 2.0, 1.0, 1.0, 2.0, 1.0, 1.0, 0.0, 0.0, 2.0, 1.0, 0.0, 0.0, 4.0, 2.0, 1.0, 0.0, 0.0, 4.0, 3.0, 3.0, 3.0, 0.0, 3.0, 2.0, 3.0, 3.0, 3.0, 0.0, 0.0, 0.0, 3.0, 2.0, 1.0, 2.0, 1.0, 0.0, 0.0, 0.0, 5.0, 2.0, 2.0, 2.0, 0.0, 1.0, 3.0, 2.0, 2.0, 3.0, 1.0, 0.0, 2.0, 1.0, 3.0, 2.0, 0.0, 1.0, 2.0, 1.0, 0.0, 4.0, 0.0, 5.0, 0.0, 1.0, 2.0, 3.0, 0.0, 5.0, 3.0, 1.0, 3.0, 1.0, 0.0, 0.0, 1.0, 2.0, 2.0, 3.0, 0.0, 3.0, 3.0, 0.0, 3.0, 2.0, 4.0, 0.0, 1.0, 3.0, 3.0, 3.0, 3.0, 3.0, 0.0, 1.0, 0.0, 2.0, 1.0, 2.0, 4.0, 1.0, 3.0 ]),(60,Array S Seq (Sz1 1000)
  [ 0.3333333333333333, Infinity, 0.5, 0.25, 0.5, Infinity, Infinity, Infinity, Infinity, 0.5, Infinity, 1.0, Infinity, 0.5, Infinity, Infinity, Infinity, Infinity, 0.5, 0.3333333333333333, Infinity, Infinity, Infinity, 0.3333333333333333, Infinity, 0.25, Infinity, Infinity, 0.5, Infinity, 0.5, 0.5, 0.5, Infinity, 0.5, Infinity, Infinity, 0.5, Infinity, Infinity, Infinity, 0.3333333333333333, Infinity, 0.3333333333333333, Infinity, Infinity, Infinity, 0.5, Infinity, 0.3333333333333333, Infinity, 0.3333333333333333, Infinity, Infinity, Infinity, Infinity, 0.3333333333333333, 0.3333333333333333, 0.5, Infinity, 0.5, 0.3333333333333333, Infinity, 0.5, 0.3333333333333333, Infinity, 0.5, 0.3333333333333333, 0.5, Infinity, Infinity, Infinity, 1.0, Infinity, Infinity, 1.0, Infinity, 0.5, Infinity, Infinity, 0.5, Infinity, 0.3333333333333333, 0.5, Infinity, Infinity, Infinity, Infinity, Infinity, Infinity, 1.0, Infinity, Infinity, 0.3333333333333333, 0.3333333333333333, 0.3333333333333333, 0.5, 0.2, 0.3333333333333333, Infinity, 0.5, Infinity, 0.5, Infinity, Infinity, 0.5, 0.5, 1.0, Infinity, Infinity, 0.25, Infinity, Infinity, Infinity, 0.3333333333333333, 0.5, Infinity, Infinity, 1.0, Infinity, 0.5, Infinity, Infinity, 1.0, Infinity, Infinity, Infinity, Infinity, 0.5, 0.3333333333333333, 1.0, Infinity, Infinity, Infinity, Infinity, 0.2, Infinity, Infinity, Infinity, Infinity, 0.5, 1.0, 1.0, Infinity, 0.2, Infinity, 0.5, Infinity, 0.5, 0.5, 1.0, Infinity, Infinity, 0.3333333333333333, Infinity, Infinity, Infinity, Infinity, Infinity, Infinity, 0.25, Infinity, Infinity, Infinity, Infinity, 1.0, 1.0, 0.3333333333333333, Infinity, 0.3333333333333333, Infinity, 0.3333333333333333, Infinity, 0.3333333333333333, Infinity, Infinity, Infinity, Infinity, Infinity, Infinity, Infinity, Infinity, 0.3333333333333333, Infinity, 0.5, 0.5, Infinity, 0.5, 0.5, Infinity, Infinity, 0.5, 0.3333333333333333, Infinity, Infinity, 0.5, Infinity, Infinity, Infinity, 0.5, 0.5, 0.5, 0.5, 0.3333333333333333, 0.5, Infinity, Infinity, Infinity, Infinity, 0.5, Infinity, 0.3333333333333333, 0.5, Infinity, Infinity, Infinity, 0.3333333333333333, 0.5, Infinity, 0.3333333333333333, Infinity, Infinity, Infinity, Infinity, Infinity, 0.5, Infinity, Infinity, 0.3333333333333333, Infinity, 0.5, Infinity, Infinity, Infinity, 0.3333333333333333, 0.5, Infinity, 1.0, Infinity, Infinity, 0.5, 0.5, 0.5, 0.3333333333333333, Infinity, Infinity, 0.5, Infinity, Infinity, Infinity, 0.2, Infinity, Infinity, 0.3333333333333333, Infinity, Infinity, Infinity, Infinity, 1.0, 0.5, Infinity, Infinity, Infinity, Infinity, 0.3333333333333333, Infinity, 0.5, 0.3333333333333333, Infinity, Infinity, 0.3333333333333333, 0.3333333333333333, Infinity, Infinity, Infinity, 0.2, Infinity, Infinity, Infinity, 0.2, 0.3333333333333333, Infinity, Infinity, 0.5, Infinity, Infinity, 0.5, Infinity, 0.3333333333333333, Infinity, Infinity, Infinity, Infinity, 0.25, Infinity, 1.0, 0.5, 0.3333333333333333, Infinity, 0.5, Infinity, Infinity, 0.5, Infinity, 0.5, 0.3333333333333333, Infinity, Infinity, 0.5, 0.25, 0.5, 0.5, 0.3333333333333333, Infinity, Infinity, Infinity, Infinity, 0.5, Infinity, 1.0, Infinity, 0.3333333333333333, Infinity, Infinity, Infinity, Infinity, Infinity, 0.3333333333333333, Infinity, 1.0, Infinity, Infinity, Infinity, 0.2, 0.5, Infinity, Infinity, 0.3333333333333333, 0.25, 0.2, 0.3333333333333333, Infinity, 0.5, 0.25, Infinity, Infinity, Infinity, Infinity, 0.5, 0.3333333333333333, 0.5, 0.3333333333333333, Infinity, 0.5, Infinity, Infinity, Infinity, 0.3333333333333333, 0.5, 0.3333333333333333, 0.3333333333333333, Infinity, 0.5, Infinity, Infinity, Infinity, Infinity, 0.25, Infinity, 0.5, Infinity, 0.3333333333333333, 0.3333333333333333, Infinity, Infinity, 0.5, 0.5, 0.5, Infinity, 0.25, Infinity, 0.3333333333333333, Infinity, 0.3333333333333333, Infinity, 0.5, Infinity, 0.3333333333333333, Infinity, Infinity, Infinity, Infinity, Infinity, Infinity, Infinity, Infinity, Infinity, 0.5, 0.5, Infinity, Infinity, 0.5, 0.5, 0.5, Infinity, 0.5, 0.25, 0.5, Infinity, Infinity, Infinity, 0.5, Infinity, 0.5, Infinity, 0.2, 0.2, Infinity, Infinity, 1.0, Infinity, 0.3333333333333333, Infinity, 0.3333333333333333, 0.5, Infinity, Infinity, 0.5, 0.3333333333333333, 0.5, 0.5, 0.5, Infinity, Infinity, Infinity, 0.3333333333333333, Infinity, Infinity, 0.5, 0.3333333333333333, Infinity, Infinity, 0.3333333333333333, 0.3333333333333333, Infinity, Infinity, Infinity, Infinity, Infinity, Infinity, Infinity, 0.5, 0.3333333333333333, Infinity, 0.3333333333333333, Infinity, Infinity, Infinity, 0.5, Infinity, 0.5, 0.5, 0.5, 0.3333333333333333, 0.5, 0.3333333333333333, 0.3333333333333333, Infinity, Infinity, 0.3333333333333333, Infinity, 0.2, Infinity, Infinity, 0.2, 0.5, 0.3333333333333333, Infinity, 1.0, 0.5, 0.5, Infinity, 0.3333333333333333, 0.3333333333333333, Infinity, 0.5, 0.3333333333333333, 0.3333333333333333, Infinity, 0.3333333333333333, 0.25, 0.5, Infinity, Infinity, Infinity, Infinity, Infinity, 0.5, Infinity, 0.5, 0.3333333333333333, Infinity, Infinity, 0.3333333333333333, Infinity, Infinity, 0.3333333333333333, 1.0, Infinity, 1.0, 0.5, 0.3333333333333333, Infinity, 0.5, Infinity, 0.5, Infinity, Infinity, Infinity, 0.5, Infinity, 0.3333333333333333, Infinity, Infinity, 0.3333333333333333, 0.5, Infinity, 0.5, 0.3333333333333333, Infinity, Infinity, 0.3333333333333333, 0.2, 0.5, Infinity, Infinity, Infinity, Infinity, 1.0, 0.5, Infinity, 0.25, Infinity, 0.5, Infinity, Infinity, Infinity, 0.25, 0.2, Infinity, Infinity, 0.3333333333333333, 0.5, Infinity, Infinity, 1.0, 0.25, 0.5, Infinity, 0.5, Infinity, 0.25, 0.5, Infinity, 1.0, Infinity, Infinity, 0.3333333333333333, 0.3333333333333333, Infinity, 0.5, 1.0, Infinity, 0.5, Infinity, Infinity, Infinity, Infinity, Infinity, Infinity, Infinity, Infinity, Infinity, Infinity, Infinity, Infinity, 1.0, Infinity, Infinity, 0.5, 0.3333333333333333, 0.3333333333333333, 0.3333333333333333, 0.5, 0.5, 0.3333333333333333, Infinity, Infinity, 0.5, 0.5, Infinity, 0.5, 0.5, 0.5, 0.5, Infinity, Infinity, Infinity, Infinity, Infinity, 0.5, Infinity, 1.0, 0.3333333333333333, 0.5, Infinity, 0.3333333333333333, 0.5, 0.5, 0.3333333333333333, 0.3333333333333333, Infinity, Infinity, 0.5, Infinity, Infinity, 0.3333333333333333, Infinity, Infinity, 0.5, 0.5, Infinity, Infinity, Infinity, Infinity, 0.2, 0.5, Infinity, Infinity, Infinity, Infinity, Infinity, Infinity, 0.5, Infinity, 0.5, Infinity, Infinity, Infinity, Infinity, 0.5, 0.3333333333333333, Infinity, Infinity, 0.5, 0.5, 0.5, Infinity, 0.3333333333333333, Infinity, Infinity, 0.5, Infinity, Infinity, Infinity, Infinity, Infinity, 1.0, Infinity, 0.3333333333333333, Infinity, 0.5, Infinity, Infinity, 0.2, 0.5, Infinity, Infinity, 0.25, Infinity, Infinity, 0.2, Infinity, Infinity, Infinity, Infinity, Infinity, 1.0, Infinity, Infinity, Infinity, Infinity, 0.5, 1.0, 0.3333333333333333, 0.5, 0.3333333333333333, Infinity, 0.3333333333333333, Infinity, Infinity, Infinity, 0.3333333333333333, Infinity, 0.5, Infinity, 0.5, Infinity, Infinity, 0.5, 0.5, 0.3333333333333333, Infinity, Infinity, 0.5, Infinity, 0.5, 0.3333333333333333, Infinity, Infinity, Infinity, Infinity, 0.5, 0.3333333333333333, Infinity, 0.5, Infinity, Infinity, Infinity, Infinity, 0.5, 0.3333333333333333, Infinity, Infinity, Infinity, 0.3333333333333333, Infinity, 0.2, 0.3333333333333333, Infinity, Infinity, Infinity, 0.3333333333333333, 0.5, Infinity, 0.25, 0.5, Infinity, Infinity, 0.3333333333333333, 0.3333333333333333, Infinity, Infinity, 0.5, Infinity, 0.3333333333333333, Infinity, Infinity, 0.3333333333333333, 0.5, 0.5, 1.0, Infinity, Infinity, Infinity, Infinity, Infinity, 0.5, 0.5, 0.3333333333333333, 0.3333333333333333, 1.0, Infinity, Infinity, Infinity, 0.3333333333333333, 0.3333333333333333, 0.5, Infinity, 0.5, Infinity, Infinity, 0.25, Infinity, Infinity, 0.3333333333333333, 0.5, Infinity, 0.5, 0.3333333333333333, Infinity, Infinity, 0.3333333333333333, 0.5, Infinity, Infinity, 0.5, 0.5, 0.5, 0.3333333333333333, 0.3333333333333333, Infinity, 0.5, 0.3333333333333333, Infinity, Infinity, 1.0, 0.5, Infinity, Infinity, 0.5, 0.25, 0.3333333333333333, Infinity, Infinity, 0.3333333333333333, Infinity, 0.2, Infinity, Infinity, 1.0, 0.3333333333333333, Infinity, 0.3333333333333333, 0.5, Infinity, 0.3333333333333333, 0.5, Infinity, Infinity, 0.3333333333333333, Infinity, Infinity, Infinity, 0.5, Infinity, 0.3333333333333333, 0.5, Infinity, 0.5, Infinity, Infinity, 0.5, Infinity, Infinity, 0.5, Infinity, 0.5, 0.3333333333333333, 1.0, 0.3333333333333333, 0.5, 0.3333333333333333, Infinity, Infinity, Infinity, 0.5, 1.0, Infinity, Infinity, Infinity, Infinity, 0.5, Infinity, 0.3333333333333333, 0.5, Infinity, 0.3333333333333333, 0.3333333333333333, 0.5, Infinity, 1.0, 0.5, Infinity, Infinity, 0.5, 0.5, Infinity, Infinity, 0.5, 0.3333333333333333, Infinity, Infinity, Infinity, 0.3333333333333333, Infinity, Infinity, Infinity, 0.5, 0.25, 0.5, 0.5, Infinity, 0.3333333333333333, 0.3333333333333333, Infinity, Infinity, Infinity, Infinity, 0.5, Infinity, Infinity, 0.5, Infinity, Infinity, Infinity, Infinity, 0.5, Infinity, Infinity, Infinity, 0.3333333333333333, 0.5, Infinity, Infinity, Infinity, 0.3333333333333333, 0.5, 0.5, 0.3333333333333333, Infinity, 0.3333333333333333, 0.5, 0.5, 0.5, 0.3333333333333333, Infinity, Infinity, Infinity, 0.5, 0.5, Infinity, 0.5, Infinity, Infinity, Infinity, Infinity, 0.25, 0.5, 0.5, 0.5, Infinity, Infinity, 0.3333333333333333, 0.5, 0.5, 0.3333333333333333, Infinity, Infinity, 0.5, 1.0, 0.3333333333333333, 0.5, Infinity, 1.0, 0.5, Infinity, Infinity, 0.3333333333333333, Infinity, 0.25, Infinity, Infinity, 0.5, 0.5, Infinity, 0.25, 0.3333333333333333, Infinity, 0.3333333333333333, Infinity, Infinity, Infinity, Infinity, 0.5, 0.5, 0.5, Infinity, 0.5, 0.5, Infinity, 0.3333333333333333, 0.5, 0.3333333333333333, Infinity, Infinity, 0.5, 0.3333333333333333, 0.5, 0.3333333333333333, 0.3333333333333333, Infinity, Infinity, Infinity, 0.5, Infinity, 0.5, 0.3333333333333333, Infinity, 0.5 ]),(70,Array S Seq (Sz1 1000)
  [ 1.0, 1.0, 1.0, 1.0, 1.0, 1.0, 1.0, 1.0, 1.0, 1.0, 1.0, 1.0, 1.0, 1.0, 0.0, 1.0, 1.0, 0.0, 1.0, 1.0, 0.0, 1.0, 1.0, 1.0, 1.0, 1.0, 1.0, 1.0, 1.0, 1.0, 1.0, 1.0, 0.0, 1.0, 1.0, 1.0, 1.0, 1.0, 1.0, 1.0, 0.0, 0.0, 1.0, 1.0, 1.0, 1.0, 1.0, 1.0, 1.0, 1.0, 1.0, 1.0, 1.0, 1.0, 1.0, 1.0, 1.0, 1.0, 1.0, 1.0, 1.0, 1.0, 1.0, 1.0, 1.0, 1.0, 1.0, 1.0, 1.0, 1.0, 1.0, 1.0, 1.0, 1.0, 1.0, 1.0, 1.0, 1.0, 0.0, 1.0, 1.0, 1.0, 1.0, 0.0, 1.0, 1.0, 1.0, 1.0, 1.0, 1.0, 1.0, 1.0, 1.0, 1.0, 1.0, 0.0, 1.0, 1.0, 1.0, 1.0, 1.0, 0.0, 1.0, 1.0, 1.0, 0.0, 1.0, 0.0, 0.0, 1.0, 1.0, 1.0, 1.0, 1.0, 1.0, 0.0, 1.0, 1.0, 1.0, 1.0, 1.0, 0.0, 1.0, 1.0, 1.0, 1.0, 1.0, 1.0, 1.0, 1.0, 1.0, 0.0, 0.0, 1.0, 1.0, 1.0, 1.0, 1.0, 1.0, 1.0, 1.0, 1.0, 1.0, 1.0, 0.0, 1.0, 0.0, 1.0, 1.0, 1.0, 1.0, 1.0, 1.0, 1.0, 0.0, 1.0, 1.0, 0.0, 0.0, 1.0, 1.0, 1.0, 1.0, 1.0, 1.0, 1.0, 0.0, 1.0, 1.0, 1.0, 1.0, 1.0, 0.0, 1.0, 1.0, 1.0, 1.0, 1.0, 1.0, 1.0, 1.0, 1.0, 1.0, 1.0, 1.0, 1.0, 1.0, 1.0, 0.0, 1.0, 0.0, 1.0, 1.0, 1.0, 1.0, 1.0, 1.0, 1.0, 1.0, 0.0, 1.0, 1.0, 1.0, 1.0, 0.0, 1.0, 0.0, 1.0, 0.0, 1.0, 0.0, 1.0, 0.0, 1.0, 0.0, 1.0, 1.0, 1.0, 1.0, 1.0, 1.0, 1.0, 1.0, 1.0, 1.0, 1.0, 1.0, 1.0, 1.0, 1.0, 1.0, 1.0, 1.0, 0.0, 1.0, 1.0, 1.0, 1.0, 1.0, 1.0, 1.0, 1.0, 1.0, 1.0, 1.0, 0.0, 1.0, 1.0, 1.0, 1.0, 1.0, 1.0, 1.0, 1.0, 1.0, 1.0, 1.0, 1.0, 1.0, 1.0, 1.0, 1.0, 1.0, 1.0, 1.0, 1.0, 0.0, 1.0, 1.0, 0.0, 1.0, 1.0, 0.0, 1.0, 1.0, 1.0, 1.0, 1.0, 1.0, 1.0, 1.0, 1.0, 1.0, 1.0, 1.0, 1.0, 1.0, 0.0, 1.0, 0.0, 1.0, 1.0, 1.0, 1.0, 0.0, 1.0, 1.0, 1.0, 1.0, 1.0, 0.0, 1.0, 1.0, 1.0, 1.0, 1.0, 1.0, 1.0, 1.0, 1.0, 1.0, 1.0, 1.0, 1.0, 0.0, 1.0, 0.0, 1.0, 1.0, 1.0, 1.0, 1.0, 1.0, 1.0, 1.0, 1.0, 0.0, 1.0, 1.0, 1.0, 1.0, 1.0, 1.0, 1.0, 0.0, 1.0, 1.0, 1.0, 0.0, 1.0, 1.0, 1.0, 1.0, 1.0, 1.0, 0.0, 1.0, 1.0, 1.0, 1.0, 1.0, 1.0, 1.0, 0.0, 0.0, 1.0, 0.0, 1.0, 1.0, 1.0, 1.0, 1.0, 1.0, 1.0, 1.0, 1.0, 1.0, 0.0, 1.0, 1.0, 0.0, 1.0, 1.0, 1.0, 1.0, 0.0, 1.0, 1.0, 1.0, 0.0, 0.0, 1.0, 0.0, 1.0, 1.0, 1.0, 1.0, 1.0, 0.0, 1.0, 1.0, 1.0, 1.0, 0.0, 1.0, 1.0, 1.0, 1.0, 1.0, 1.0, 0.0, 1.0, 1.0, 1.0, 1.0, 1.0, 1.0, 1.0, 1.0, 1.0, 1.0, 1.0, 1.0, 1.0, 1.0, 1.0, 1.0, 1.0, 0.0, 1.0, 1.0, 1.0, 1.0, 1.0, 1.0, 1.0, 0.0, 1.0, 0.0, 1.0, 1.0, 0.0, 1.0, 1.0, 1.0, 1.0, 1.0, 1.0, 1.0, 0.0, 1.0, 1.0, 1.0, 1.0, 1.0, 1.0, 1.0, 1.0, 0.0, 1.0, 1.0, 1.0, 1.0, 1.0, 1.0, 1.0, 1.0, 1.0, 1.0, 1.0, 1.0, 1.0, 1.0, 1.0, 1.0, 1.0, 1.0, 1.0, 1.0, 0.0, 1.0, 1.0, 1.0, 0.0, 1.0, 0.0, 1.0, 1.0, 1.0, 1.0, 1.0, 1.0, 0.0, 1.0, 1.0, 0.0, 1.0, 1.0, 0.0, 1.0, 1.0, 1.0, 0.0, 0.0, 1.0, 1.0, 1.0, 1.0, 1.0, 1.0, 1.0, 1.0, 0.0, 0.0, 1.0, 1.0, 1.0, 1.0, 1.0, 1.0, 1.0, 1.0, 0.0, 1.0, 0.0, 1.0, 1.0, 1.0, 1.0, 1.0, 1.0, 1.0, 1.0, 1.0, 1.0, 1.0, 1.0, 1.0, 1.0, 1.0, 1.0, 1.0, 1.0, 1.0, 1.0, 1.0, 1.0, 1.0, 1.0, 1.0, 1.0, 0.0, 1.0, 1.0, 1.0, 1.0, 1.0, 1.0, 1.0, 1.0, 1.0, 1.0, 1.0, 1.0, 1.0, 1.0, 1.0, 1.0, 1.0, 1.0, 1.0, 1.0, 1.0, 1.0, 0.0, 1.0, 1.0, 1.0, 1.0, 1.0, 1.0, 1.0, 1.0, 1.0, 1.0, 0.0, 1.0, 1.0, 1.0, 0.0, 1.0, 0.0, 1.0, 1.0, 1.0, 1.0, 1.0, 1.0, 1.0, 1.0, 1.0, 1.0, 1.0, 1.0, 1.0, 1.0, 1.0, 0.0, 1.0, 1.0, 0.0, 1.0, 1.0, 1.0, 1.0, 1.0, 1.0, 1.0, 0.0, 0.0, 1.0, 1.0, 1.0, 1.0, 1.0, 1.0, 1.0, 1.0, 1.0, 1.0, 0.0, 1.0, 1.0, 1.0, 1.0, 0.0, 1.0, 0.0, 1.0, 0.0, 1.0, 1.0, 1.0, 1.0, 1.0, 1.0, 1.0, 0.0, 0.0, 1.0, 1.0, 1.0, 1.0, 1.0, 1.0, 1.0, 1.0, 0.0, 1.0, 0.0, 1.0, 1.0, 1.0, 1.0, 1.0, 0.0, 1.0, 0.0, 1.0, 1.0, 0.0, 1.0, 1.0, 0.0, 1.0, 1.0, 1.0, 1.0, 1.0, 1.0, 1.0, 1.0, 0.0, 1.0, 1.0, 1.0, 1.0, 1.0, 1.0, 0.0, 1.0, 1.0, 1.0, 1.0, 1.0, 1.0, 1.0, 0.0, 0.0, 1.0, 1.0, 0.0, 1.0, 1.0, 1.0, 0.0, 0.0, 1.0, 1.0, 1.0, 1.0, 1.0, 0.0, 1.0, 1.0, 1.0, 0.0, 1.0, 0.0, 0.0, 0.0, 1.0, 1.0, 1.0, 1.0, 0.0, 1.0, 1.0, 1.0, 1.0, 1.0, 1.0, 1.0, 1.0, 1.0, 1.0, 1.0, 0.0, 1.0, 1.0, 1.0, 1.0, 0.0, 0.0, 1.0, 1.0, 1.0, 1.0, 1.0, 1.0, 1.0, 1.0, 1.0, 1.0, 1.0, 1.0, 0.0, 1.0, 1.0, 1.0, 1.0, 1.0, 1.0, 1.0, 1.0, 1.0, 1.0, 1.0, 1.0, 1.0, 1.0, 1.0, 1.0, 1.0, 1.0, 1.0, 1.0, 1.0, 1.0, 1.0, 1.0, 0.0, 1.0, 1.0, 1.0, 1.0, 1.0, 1.0, 1.0, 1.0, 1.0, 1.0, 1.0, 1.0, 1.0, 1.0, 1.0, 1.0, 1.0, 1.0, 1.0, 1.0, 1.0, 1.0, 1.0, 1.0, 0.0, 1.0, 1.0, 1.0, 1.0, 1.0, 1.0, 1.0, 1.0, 1.0, 1.0, 1.0, 1.0, 1.0, 1.0, 1.0, 1.0, 1.0, 1.0, 0.0, 0.0, 1.0, 0.0, 1.0, 1.0, 0.0, 1.0, 1.0, 1.0, 1.0, 1.0, 1.0, 1.0, 0.0, 1.0, 0.0, 1.0, 1.0, 1.0, 1.0, 1.0, 0.0, 1.0, 1.0, 1.0, 1.0, 1.0, 1.0, 1.0, 1.0, 1.0, 1.0, 0.0, 1.0, 1.0, 1.0, 1.0, 1.0, 1.0, 1.0, 1.0, 1.0, 0.0, 1.0, 0.0, 1.0, 1.0, 0.0, 0.0, 1.0, 1.0, 1.0, 1.0, 1.0, 1.0, 1.0, 1.0, 0.0, 1.0, 0.0, 1.0, 1.0, 1.0, 1.0, 0.0, 1.0, 1.0, 1.0, 0.0, 1.0, 1.0, 1.0, 1.0, 1.0, 1.0, 1.0, 1.0, 1.0, 1.0, 1.0, 0.0, 0.0, 1.0, 1.0, 0.0, 1.0, 0.0, 1.0, 1.0, 1.0, 1.0, 0.0, 1.0, 1.0, 0.0, 1.0, 1.0, 0.0, 1.0, 1.0, 1.0, 1.0, 0.0, 1.0, 0.0, 1.0, 1.0, 1.0, 1.0, 1.0, 1.0, 0.0, 1.0, 0.0, 0.0, 1.0, 1.0, 0.0, 1.0, 1.0, 1.0, 1.0, 1.0, 1.0, 1.0, 1.0, 1.0, 1.0, 1.0, 1.0, 1.0, 1.0, 1.0, 1.0, 1.0, 1.0, 1.0, 1.0, 0.0, 1.0, 1.0, 1.0, 0.0, 1.0, 1.0, 1.0, 1.0, 1.0, 0.0, 1.0, 1.0, 1.0, 1.0, 1.0, 1.0, 1.0, 1.0, 1.0, 1.0, 1.0, 1.0, 1.0, 1.0, 1.0, 1.0, 1.0, 1.0, 1.0, 1.0, 1.0, 0.0, 1.0, 1.0, 1.0, 1.0, 1.0, 1.0, 1.0, 1.0, 1.0, 1.0, 1.0, 1.0, 1.0 ]),(78,Array S Seq (Sz1 1000)
  [ Infinity, Infinity, 1.0, Infinity, Infinity, Infinity, Infinity, Infinity, Infinity, 1.0, Infinity, Infinity, Infinity, Infinity, 1.0, Infinity, 1.0, Infinity, Infinity, Infinity, Infinity, 1.0, Infinity, Infinity, 1.0, Infinity, Infinity, Infinity, Infinity, Infinity, Infinity, Infinity, Infinity, Infinity, Infinity, Infinity, 1.0, Infinity, Infinity, Infinity, Infinity, Infinity, Infinity, Infinity, 1.0, Infinity, Infinity, Infinity, Infinity, Infinity, 1.0, Infinity, Infinity, Infinity, Infinity, Infinity, 1.0, 1.0, Infinity, Infinity, Infinity, 1.0, Infinity, Infinity, Infinity, Infinity, Infinity, Infinity, Infinity, Infinity, Infinity, 1.0, 1.0, Infinity, Infinity, Infinity, Infinity, Infinity, Infinity, Infinity, Infinity, Infinity, Infinity, Infinity, Infinity, Infinity, Infinity, Infinity, 0.3333333333333333, Infinity, Infinity, 1.0, Infinity, Infinity, 0.3333333333333333, Infinity, Infinity, Infinity, Infinity, Infinity, Infinity, Infinity, Infinity, Infinity, 1.0, Infinity, 0.5, Infinity, Infinity, Infinity, Infinity, Infinity, Infinity, Infinity, Infinity, Infinity, Infinity, 1.0, Infinity, Infinity, 1.0, 1.0, Infinity, Infinity, Infinity, Infinity, 1.0, Infinity, Infinity, Infinity, Infinity, 1.0, Infinity, Infinity, Infinity, Infinity, Infinity, Infinity, Infinity, Infinity, Infinity, Infinity, Infinity, Infinity, 0.3333333333333333, Infinity, 1.0, Infinity, Infinity, Infinity, Infinity, 0.5, Infinity, Infinity, Infinity, Infinity, Infinity, Infinity, Infinity, Infinity, 1.0, Infinity, 1.0, 1.0, Infinity, Infinity, Infinity, Infinity, Infinity, 1.0, Infinity, Infinity, Infinity, Infinity, Infinity, Infinity, 1.0, Infinity, Infinity, Infinity, Infinity, Infinity, Infinity, 0.5, Infinity, Infinity, Infinity, Infinity, Infinity, Infinity, 1.0, Infinity, Infinity, Infinity, Infinity, Infinity, Infinity, Infinity, 1.0, Infinity, 1.0, Infinity, Infinity, Infinity, 0.3333333333333333, 1.0, Infinity, Infinity, Infinity, Infinity, Infinity, Infinity, Infinity, 1.0, Infinity, Infinity, 1.0, Infinity, Infinity, Infinity, Infinity, Infinity, 1.0, Infinity, Infinity, 1.0, Infinity, Infinity, Infinity, 0.5, Infinity, Infinity, Infinity, Infinity, Infinity, Infinity, Infinity, 1.0, Infinity, Infinity, Infinity, Infinity, Infinity, Infinity, Infinity, 0.3333333333333333, Infinity, 1.0, Infinity, Infinity, Infinity, Infinity, Infinity, 1.0, 1.0, Infinity, Infinity, 0.5, Infinity, Infinity, Infinity, Infinity, Infinity, Infinity, Infinity, Infinity, 0.5, Infinity, 1.0, 0.5, Infinity, Infinity, Infinity, Infinity, 1.0, 1.0, Infinity, Infinity, Infinity, Infinity, Infinity, Infinity, Infinity, Infinity, Infinity, Infinity, Infinity, 0.5, Infinity, Infinity, Infinity, Infinity, Infinity, Infinity, 1.0, Infinity, Infinity, Infinity, Infinity, Infinity, Infinity, 1.0, Infinity, 0.3333333333333333, Infinity, Infinity, Infinity, 1.0, Infinity, Infinity, 1.0, Infinity, Infinity, Infinity, Infinity, Infinity, Infinity, Infinity, Infinity, Infinity, Infinity, Infinity, Infinity, 1.0, Infinity, Infinity, Infinity, Infinity, Infinity, 1.0, Infinity, 1.0, Infinity, Infinity, Infinity, 0.5, Infinity, Infinity, Infinity, Infinity, Infinity, Infinity, 0.5, Infinity, Infinity, 1.0, Infinity, Infinity, 1.0, 1.0, Infinity, 1.0, Infinity, 1.0, Infinity, Infinity, Infinity, Infinity, Infinity, 0.3333333333333333, Infinity, Infinity, Infinity, Infinity, Infinity, 1.0, 1.0, Infinity, Infinity, Infinity, Infinity, Infinity, 1.0, Infinity, Infinity, Infinity, Infinity, Infinity, Infinity, Infinity, Infinity, 1.0, Infinity, Infinity, Infinity, 0.5, Infinity, Infinity, Infinity, Infinity, 1.0, Infinity, Infinity, Infinity, Infinity, 0.5, Infinity, Infinity, Infinity, Infinity, Infinity, 0.3333333333333333, Infinity, Infinity, Infinity, Infinity, Infinity, Infinity, Infinity, Infinity, Infinity, Infinity, Infinity, Infinity, Infinity, Infinity, Infinity, Infinity, 1.0, 1.0, Infinity, Infinity, Infinity, Infinity, Infinity, Infinity, Infinity, Infinity, Infinity, Infinity, Infinity, Infinity, 1.0, Infinity, 1.0, Infinity, 1.0, Infinity, Infinity, Infinity, Infinity, Infinity, Infinity, 1.0, Infinity, 1.0, 1.0, Infinity, Infinity, 1.0, Infinity, Infinity, Infinity, Infinity, Infinity, Infinity, Infinity, Infinity, Infinity, 0.5, Infinity, Infinity, 0.3333333333333333, Infinity, Infinity, Infinity, 1.0, Infinity, Infinity, Infinity, Infinity, Infinity, Infinity, 1.0, Infinity, 1.0, Infinity, Infinity, Infinity, Infinity, Infinity, Infinity, Infinity, Infinity, 1.0, Infinity, Infinity, Infinity, Infinity, Infinity, 1.0, Infinity, Infinity, Infinity, Infinity, 1.0, Infinity, Infinity, Infinity, 1.0, 1.0, 1.0, Infinity, Infinity, Infinity, Infinity, Infinity, Infinity, Infinity, Infinity, Infinity, Infinity, Infinity, Infinity, Infinity, Infinity, Infinity, Infinity, Infinity, Infinity, Infinity, Infinity, Infinity, Infinity, Infinity, Infinity, Infinity, Infinity, Infinity, Infinity, 1.0, 1.0, Infinity, Infinity, Infinity, 1.0, 1.0, Infinity, Infinity, Infinity, Infinity, 1.0, 1.0, Infinity, Infinity, Infinity, Infinity, Infinity, Infinity, Infinity, 1.0, Infinity, 0.3333333333333333, 1.0, Infinity, Infinity, 0.5, Infinity, 0.5, Infinity, Infinity, Infinity, Infinity, Infinity, Infinity, 1.0, Infinity, 0.3333333333333333, 1.0, Infinity, Infinity, Infinity, Infinity, Infinity, Infinity, Infinity, 1.0, Infinity, Infinity, Infinity, Infinity, Infinity, 1.0, Infinity, Infinity, 1.0, Infinity, Infinity, Infinity, Infinity, Infinity, Infinity, Infinity, Infinity, Infinity, Infinity, Infinity, Infinity, Infinity, Infinity, 1.0, Infinity, 0.5, Infinity, 1.0, Infinity, Infinity, Infinity, Infinity, Infinity, 0.3333333333333333, Infinity, Infinity, 1.0, 1.0, Infinity, Infinity, Infinity, Infinity, Infinity, Infinity, Infinity, Infinity, Infinity, Infinity, 1.0, Infinity, Infinity, Infinity, Infinity, 1.0, Infinity, Infinity, Infinity, Infinity, Infinity, Infinity, 1.0, 1.0, Infinity, 1.0, 1.0, Infinity, 1.0, Infinity, Infinity, Infinity, Infinity, Infinity, 0.5, Infinity, Infinity, Infinity, Infinity, Infinity, Infinity, 0.3333333333333333, Infinity, 1.0, Infinity, Infinity, Infinity, Infinity, 0.5, Infinity, Infinity, Infinity, 1.0, Infinity, Infinity, Infinity, Infinity, Infinity, Infinity, Infinity, Infinity, Infinity, Infinity, 0.5, 1.0, Infinity, Infinity, Infinity, Infinity, 1.0, Infinity, Infinity, Infinity, Infinity, 1.0, Infinity, Infinity, Infinity, Infinity, Infinity, Infinity, Infinity, Infinity, Infinity, Infinity, Infinity, 1.0, 0.3333333333333333, 1.0, Infinity, 1.0, Infinity, Infinity, 1.0, Infinity, 1.0, Infinity, 1.0, Infinity, 0.3333333333333333, Infinity, Infinity, 1.0, Infinity, Infinity, Infinity, Infinity, Infinity, Infinity, 1.0, Infinity, Infinity, Infinity, Infinity, 1.0, Infinity, Infinity, Infinity, 0.5, Infinity, Infinity, 0.5, Infinity, Infinity, Infinity, Infinity, 1.0, Infinity, Infinity, Infinity, Infinity, Infinity, Infinity, 0.5, Infinity, Infinity, Infinity, Infinity, Infinity, Infinity, Infinity, 1.0, Infinity, Infinity, Infinity, Infinity, Infinity, Infinity, Infinity, Infinity, Infinity, 0.3333333333333333, Infinity, Infinity, Infinity, Infinity, Infinity, Infinity, 1.0, Infinity, Infinity, Infinity, Infinity, Infinity, Infinity, Infinity, Infinity, Infinity, Infinity, Infinity, Infinity, Infinity, Infinity, Infinity, Infinity, Infinity, Infinity, Infinity, Infinity, Infinity, Infinity, Infinity, Infinity, Infinity, Infinity, Infinity, 1.0, Infinity, 1.0, Infinity, Infinity, Infinity, 1.0, Infinity, 0.5, Infinity, Infinity, Infinity, 1.0, Infinity, 1.0, Infinity, 0.5, 1.0, Infinity, Infinity, Infinity, Infinity, Infinity, Infinity, Infinity, Infinity, Infinity, 1.0, 0.5, Infinity, 1.0, Infinity, Infinity, Infinity, 1.0, Infinity, 1.0, Infinity, Infinity, Infinity, Infinity, Infinity, 1.0, Infinity, Infinity, Infinity, Infinity, Infinity, Infinity, Infinity, Infinity, Infinity, Infinity, Infinity, Infinity, 1.0, Infinity, Infinity, Infinity, Infinity, Infinity, 1.0, Infinity, Infinity, Infinity, Infinity, Infinity, Infinity, Infinity, Infinity, Infinity, Infinity, Infinity, 0.5, Infinity, Infinity, Infinity, Infinity, Infinity, Infinity, Infinity, 0.5, Infinity, Infinity, Infinity, Infinity, Infinity, Infinity, Infinity, Infinity, Infinity, Infinity, Infinity, 1.0, Infinity, 1.0, Infinity, Infinity, Infinity, Infinity, 1.0, Infinity, 0.5, Infinity, Infinity, 1.0, Infinity, Infinity, Infinity, Infinity, Infinity, Infinity, Infinity, Infinity, Infinity, Infinity, Infinity, Infinity, Infinity, 1.0, Infinity, Infinity, Infinity, Infinity, Infinity, Infinity, 0.5, Infinity, Infinity, Infinity, Infinity, Infinity, Infinity, Infinity, 1.0, Infinity, Infinity, Infinity, Infinity, Infinity, Infinity, 1.0, 1.0, Infinity, Infinity, Infinity, Infinity, Infinity, Infinity, Infinity, Infinity, 1.0, Infinity, 1.0, Infinity, Infinity, Infinity, Infinity, 1.0, 0.3333333333333333, Infinity, Infinity, Infinity, Infinity, Infinity, 1.0, Infinity, Infinity, Infinity, Infinity, Infinity, Infinity, Infinity, Infinity, Infinity, 1.0, Infinity, Infinity, Infinity, Infinity, Infinity, Infinity, Infinity, 1.0, Infinity, Infinity, Infinity, 1.0, Infinity, Infinity, 1.0, 1.0, 1.0, Infinity, Infinity, Infinity, Infinity, 1.0, Infinity ]),(80,Array S Seq (Sz1 1000)
  [ 0.0, 0.0, 1.0, 0.0, 0.0, 0.0, 0.0, 0.0, 0.0, 1.0, 0.0, 0.0, 0.0, 0.0, 1.0, 0.0, 1.0, 0.0, 1.0, 0.0, 0.0, 1.0, 1.0, 0.0, 1.0, 0.0, 0.0, 0.0, 0.0, 0.0, 0.0, 0.0, 0.0, 0.0, 0.0, 0.0, 1.0, 0.0, 0.0, 0.0, 0.0, 0.0, 0.0, 0.0, 1.0, 0.0, 0.0, 0.0, 0.0, 0.0, 1.0, 0.0, 0.0, 0.0, 0.0, 0.0, 1.0, 1.0, 0.0, 0.0, 0.0, 1.0, 0.0, 0.0, 1.0, 0.0, 0.0, 0.0, 0.0, 0.0, 0.0, 1.0, 1.0, 0.0, 0.0, 0.0, 0.0, 0.0, 0.0, 0.0, 0.0, 0.0, 0.0, 0.0, 0.0, 0.0, 1.0, 0.0, 3.0, 0.0, 0.0, 1.0, 0.0, 0.0, 3.0, 0.0, 0.0, 0.0, 0.0, 0.0, 0.0, 0.0, 0.0, 0.0, 1.0, 0.0, 2.0, 0.0, 0.0, 0.0, 0.0, 0.0, 0.0, 0.0, 0.0, 0.0, 0.0, 1.0, 0.0, 0.0, 1.0, 2.0, 0.0, 0.0, 0.0, 0.0, 1.0, 0.0, 0.0, 0.0, 0.0, 1.0, 0.0, 0.0, 0.0, 0.0, 0.0, 0.0, 0.0, 0.0, 0.0, 0.0, 0.0, 0.0, 3.0, 0.0, 1.0, 0.0, 0.0, 0.0, 0.0, 2.0, 0.0, 0.0, 0.0, 0.0, 0.0, 0.0, 0.0, 0.0, 1.0, 0.0, 1.0, 1.0, 0.0, 0.0, 0.0, 0.0, 0.0, 1.0, 0.0, 0.0, 0.0, 0.0, 0.0, 0.0, 1.0, 0.0, 0.0, 0.0, 0.0, 0.0, 0.0, 2.0, 0.0, 0.0, 0.0, 0.0, 0.0, 0.0, 1.0, 0.0, 0.0, 0.0, 0.0, 0.0, 0.0, 0.0, 1.0, 0.0, 1.0, 0.0, 0.0, 0.0, 3.0, 1.0, 0.0, 0.0, 0.0, 0.0, 0.0, 0.0, 0.0, 1.0, 0.0, 0.0, 1.0, 0.0, 0.0, 0.0, 0.0, 0.0, 1.0, 0.0, 0.0, 1.0, 0.0, 0.0, 0.0, 2.0, 0.0, 0.0, 0.0, 0.0, 0.0, 0.0, 0.0, 1.0, 0.0, 1.0, 1.0, 0.0, 0.0, 0.0, 0.0, 3.0, 0.0, 1.0, 0.0, 0.0, 0.0, 0.0, 0.0, 1.0, 1.0, 0.0, 0.0, 2.0, 0.0, 0.0, 0.0, 0.0, 0.0, 1.0, 0.0, 0.0, 2.0, 0.0, 1.0, 2.0, 0.0, 0.0, 0.0, 0.0, 1.0, 1.0, 0.0, 0.0, 0.0, 0.0, 0.0, 0.0, 0.0, 0.0, 0.0, 0.0, 0.0, 2.0, 0.0, 0.0, 0.0, 0.0, 0.0, 0.0, 1.0, 0.0, 0.0, 0.0, 0.0, 0.0, 0.0, 1.0, 0.0, 3.0, 0.0, 0.0, 0.0, 1.0, 0.0, 0.0, 1.0, 0.0, 0.0, 0.0, 0.0, 0.0, 0.0, 0.0, 0.0, 0.0, 0.0, 0.0, 0.0, 1.0, 0.0, 0.0, 0.0, 0.0, 0.0, 1.0, 0.0, 1.0, 0.0, 0.0, 0.0, 2.0, 0.0, 0.0, 0.0, 0.0, 0.0, 0.0, 2.0, 0.0, 0.0, 1.0, 0.0, 0.0, 1.0, 1.0, 0.0, 1.0, 0.0, 1.0, 0.0, 0.0, 0.0, 0.0, 0.0, 3.0, 0.0, 0.0, 0.0, 0.0, 1.0, 1.0, 1.0, 0.0, 0.0, 0.0, 0.0, 0.0, 1.0, 1.0, 0.0, 0.0, 0.0, 0.0, 1.0, 0.0, 1.0, 1.0, 0.0, 0.0, 0.0, 2.0, 0.0, 0.0, 0.0, 0.0, 1.0, 0.0, 0.0, 0.0, 0.0, 2.0, 0.0, 0.0, 0.0, 0.0, 0.0, 3.0, 0.0, 0.0, 0.0, 0.0, 0.0, 0.0, 0.0, 0.0, 0.0, 0.0, 0.0, 0.0, 0.0, 0.0, 0.0, 0.0, 1.0, 1.0, 0.0, 0.0, 0.0, 0.0, 0.0, 0.0, 0.0, 0.0, 0.0, 0.0, 0.0, 0.0, 1.0, 0.0, 1.0, 0.0, 1.0, 0.0, 0.0, 0.0, 0.0, 0.0, 0.0, 1.0, 0.0, 1.0, 1.0, 0.0, 1.0, 2.0, 0.0, 1.0, 1.0, 0.0, 0.0, 0.0, 0.0, 0.0, 0.0, 2.0, 0.0, 0.0, 3.0, 0.0, 0.0, 1.0, 1.0, 0.0, 0.0, 0.0, 0.0, 0.0, 0.0, 1.0, 0.0, 1.0, 0.0, 0.0, 0.0, 0.0, 0.0, 0.0, 0.0, 0.0, 2.0, 0.0, 1.0, 0.0, 0.0, 0.0, 1.0, 0.0, 0.0, 0.0, 0.0, 1.0, 0.0, 0.0, 0.0, 1.0, 1.0, 1.0, 0.0, 0.0, 0.0, 0.0, 0.0, 0.0, 0.0, 0.0, 0.0, 0.0, 0.0, 0.0, 0.0, 0.0, 0.0, 0.0, 0.0, 0.0, 0.0, 0.0, 0.0, 0.0, 0.0, 0.0, 0.0, 0.0, 0.0, 0.0, 2.0, 1.0, 0.0, 0.0, 0.0, 1.0, 1.0, 0.0, 0.0, 0.0, 0.0, 1.0, 1.0, 0.0, 0.0, 0.0, 0.0, 1.0, 0.0, 0.0, 1.0, 0.0, 3.0, 1.0, 0.0, 0.0, 2.0, 1.0, 2.0, 0.0, 0.0, 0.0, 0.0, 0.0, 0.0, 1.0, 0.0, 3.0, 1.0, 0.0, 1.0, 0.0, 0.0, 0.0, 0.0, 0.0, 1.0, 0.0, 0.0, 0.0, 0.0, 0.0, 1.0, 0.0, 0.0, 1.0, 0.0, 0.0, 0.0, 0.0, 0.0, 0.0, 0.0, 0.0, 0.0, 0.0, 0.0, 0.0, 0.0, 0.0, 1.0, 0.0, 2.0, 0.0, 1.0, 1.0, 0.0, 0.0, 0.0, 0.0, 3.0, 1.0, 0.0, 1.0, 1.0, 0.0, 0.0, 0.0, 0.0, 0.0, 0.0, 1.0, 0.0, 0.0, 0.0, 2.0, 0.0, 0.0, 0.0, 0.0, 1.0, 0.0, 1.0, 0.0, 0.0, 0.0, 0.0, 2.0, 1.0, 0.0, 1.0, 1.0, 0.0, 1.0, 0.0, 0.0, 0.0, 0.0, 0.0, 2.0, 0.0, 0.0, 0.0, 0.0, 0.0, 0.0, 3.0, 0.0, 1.0, 0.0, 0.0, 0.0, 0.0, 2.0, 0.0, 1.0, 0.0, 1.0, 0.0, 0.0, 0.0, 0.0, 0.0, 0.0, 0.0, 0.0, 0.0, 0.0, 2.0, 1.0, 0.0, 0.0, 0.0, 0.0, 1.0, 0.0, 0.0, 0.0, 0.0, 1.0, 0.0, 0.0, 0.0, 0.0, 0.0, 0.0, 0.0, 0.0, 0.0, 0.0, 0.0, 1.0, 3.0, 2.0, 0.0, 1.0, 0.0, 0.0, 1.0, 0.0, 1.0, 0.0, 1.0, 0.0, 3.0, 0.0, 0.0, 1.0, 1.0, 0.0, 0.0, 1.0, 0.0, 0.0, 1.0, 0.0, 0.0, 1.0, 0.0, 1.0, 0.0, 0.0, 1.0, 2.0, 0.0, 0.0, 2.0, 0.0, 0.0, 0.0, 0.0, 1.0, 0.0, 0.0, 0.0, 0.0, 0.0, 0.0, 2.0, 0.0, 0.0, 1.0, 0.0, 0.0, 0.0, 0.0, 1.0, 0.0, 0.0, 0.0, 0.0, 0.0, 1.0, 0.0, 0.0, 0.0, 3.0, 0.0, 0.0, 0.0, 0.0, 0.0, 0.0, 1.0, 0.0, 0.0, 0.0, 0.0, 0.0, 0.0, 0.0, 0.0, 0.0, 0.0, 0.0, 0.0, 0.0, 0.0, 1.0, 0.0, 0.0, 0.0, 0.0, 0.0, 0.0, 0.0, 0.0, 0.0, 0.0, 0.0, 0.0, 1.0, 0.0, 1.0, 0.0, 0.0, 0.0, 1.0, 0.0, 2.0, 0.0, 0.0, 0.0, 1.0, 0.0, 1.0, 0.0, 2.0, 1.0, 0.0, 0.0, 0.0, 0.0, 0.0, 1.0, 0.0, 0.0, 0.0, 1.0, 2.0, 1.0, 1.0, 0.0, 0.0, 0.0, 1.0, 0.0, 1.0, 0.0, 0.0, 0.0, 1.0, 1.0, 1.0, 0.0, 0.0, 0.0, 0.0, 0.0, 0.0, 0.0, 0.0, 0.0, 0.0, 0.0, 1.0, 1.0, 0.0, 0.0, 0.0, 1.0, 0.0, 1.0, 0.0, 0.0, 1.0, 0.0, 0.0, 0.0, 0.0, 0.0, 1.0, 0.0, 0.0, 2.0, 0.0, 1.0, 0.0, 0.0, 0.0, 0.0, 0.0, 2.0, 0.0, 0.0, 0.0, 0.0, 0.0, 0.0, 0.0, 0.0, 0.0, 0.0, 0.0, 1.0, 0.0, 1.0, 0.0, 0.0, 0.0, 0.0, 1.0, 0.0, 2.0, 0.0, 0.0, 1.0, 0.0, 0.0, 0.0, 0.0, 0.0, 0.0, 0.0, 0.0, 0.0, 0.0, 0.0, 0.0, 0.0, 1.0, 0.0, 0.0, 0.0, 0.0, 0.0, 0.0, 2.0, 0.0, 1.0, 1.0, 0.0, 0.0, 0.0, 0.0, 1.0, 0.0, 0.0, 0.0, 0.0, 0.0, 0.0, 1.0, 1.0, 0.0, 0.0, 0.0, 0.0, 0.0, 0.0, 0.0, 0.0, 1.0, 0.0, 1.0, 0.0, 0.0, 0.0, 0.0, 1.0, 3.0, 0.0, 0.0, 0.0, 0.0, 0.0, 1.0, 0.0, 0.0, 0.0, 0.0, 0.0, 0.0, 0.0, 0.0, 0.0, 2.0, 1.0, 0.0, 0.0, 0.0, 0.0, 0.0, 1.0, 1.0, 0.0, 1.0, 0.0, 2.0, 0.0, 0.0, 1.0, 2.0, 1.0, 0.0, 0.0, 0.0, 0.0, 1.0, 0.0 ]),(81,Array S Seq (Sz1 1000)
  [ 0.0, 0.0, 0.0, 0.0, 0.0, 0.0, 0.0, 0.0, 0.0, 0.0, 0.0, 0.0, 0.0, 0.0, 0.0, 0.0, 0.0, 0.0, -1.0, 0.0, 0.0, 0.0, -1.0, 0.0, 0.0, 0.0, 0.0, 0.0, 0.0, 0.0, 0.0, 0.0, 0.0, 0.0, 0.0, 0.0, 0.0, 0.0, 0.0, 0.0, 0.0, 0.0, 0.0, 0.0, 0.0, 0.0, 0.0, 0.0, 0.0, 0.0, 0.0, 0.0, 0.0, 0.0, 0.0, 0.0, 0.0, 0.0, 0.0, 0.0, 0.0, 0.0, 0.0, 0.0, -1.0, 0.0, 0.0, 0.0, 0.0, 0.0, 0.0, 0.0, 0.0, 0.0, 0.0, 0.0, 0.0, 0.0, 0.0, 0.0, 0.0, 0.0, 0.0, 0.0, 0.0, 0.0, -1.0, 0.0, 0.0, 0.0, 0.0, 0.0, 0.0, 0.0, 0.0, 0.0, 0.0, 0.0, 0.0, 0.0, 0.0, 0.0, 0.0, 0.0, 0.0, 0.0, 0.0, 0.0, 0.0, 0.0, 0.0, 0.0, 0.0, 0.0, 0.0, 0.0, 0.0, 0.0, 0.0, 0.0, 0.0, -1.0, 0.0, 0.0, 0.0, 0.0, 0.0, 0.0, 0.0, 0.0, 0.0, 0.0, 0.0, 0.0, 0.0, 0.0, 0.0, 0.0, 0.0, 0.0, 0.0, 0.0, 0.0, 0.0, 0.0, 0.0, 0.0, 0.0, 0.0, 0.0, 0.0, 0.0, 0.0, 0.0, 0.0, 0.0, 0.0, 0.0, 0.0, 0.0, 0.0, 0.0, 0.0, 0.0, 0.0, 0.0, 0.0, 0.0, 0.0, 0.0, 0.0, 0.0, 0.0, 0.0, 0.0, 0.0, 0.0, 0.0, 0.0, 0.0, 0.0, 0.0, 0.0, 0.0, 0.0, 0.0, 0.0, 0.0, 0.0, 0.0, 0.0, 0.0, 0.0, 0.0, 0.0, 0.0, 0.0, 0.0, 0.0, 0.0, 0.0, 0.0, 0.0, 0.0, 0.0, 0.0, 0.0, 0.0, 0.0, 0.0, 0.0, 0.0, 0.0, 0.0, 0.0, 0.0, 0.0, 0.0, 0.0, 0.0, 0.0, 0.0, 0.0, 0.0, 0.0, 0.0, 0.0, 0.0, 0.0, 0.0, 0.0, 0.0, 0.0, 0.0, 0.0, 0.0, 0.0, 0.0, 0.0, -1.0, -1.0, 0.0, 0.0, 0.0, 0.0, 0.0, 0.0, 0.0, 0.0, 0.0, 0.0, 0.0, 0.0, 0.0, 0.0, 0.0, 0.0, 0.0, 0.0, 0.0, 0.0, 0.0, 0.0, -1.0, 0.0, 0.0, 0.0, 0.0, 0.0, 0.0, 0.0, 0.0, 0.0, 0.0, 0.0, 0.0, 0.0, 0.0, 0.0, 0.0, 0.0, 0.0, 0.0, 0.0, 0.0, 0.0, 0.0, 0.0, 0.0, 0.0, 0.0, 0.0, 0.0, 0.0, 0.0, 0.0, 0.0, 0.0, 0.0, 0.0, 0.0, 0.0, 0.0, 0.0, 0.0, 0.0, 0.0, 0.0, 0.0, 0.0, 0.0, 0.0, 0.0, 0.0, 0.0, 0.0, 0.0, 0.0, 0.0, 0.0, 0.0, 0.0, 0.0, 0.0, 0.0, 0.0, 0.0, 0.0, 0.0, 0.0, 0.0, 0.0, 0.0, 0.0, 0.0, 0.0, 0.0, 0.0, 0.0, 0.0, 0.0, 0.0, 0.0, 0.0, 0.0, 0.0, 0.0, 0.0, 0.0, 0.0, 0.0, 0.0, 0.0, 0.0, 0.0, 0.0, 0.0, 0.0, 0.0, 0.0, 0.0, 0.0, 0.0, 0.0, -1.0, 0.0, 0.0, 0.0, 0.0, 0.0, 0.0, 0.0, 0.0, -1.0, 0.0, 0.0, 0.0, 0.0, -1.0, 0.0, -1.0, 0.0, 0.0, 0.0, 0.0, 0.0, 0.0, 0.0, 0.0, 0.0, 0.0, 0.0, 0.0, 0.0, 0.0, 0.0, 0.0, 0.0, 0.0, 0.0, 0.0, 0.0, 0.0, 0.0, 0.0, 0.0, 0.0, 0.0, 0.0, 0.0, 0.0, 0.0, 0.0, 0.0, 0.0, 0.0, 0.0, 0.0, 0.0, 0.0, 0.0, 0.0, 0.0, 0.0, 0.0, 0.0, 0.0, 0.0, 0.0, 0.0, 0.0, 0.0, 0.0, 0.0, 0.0, 0.0, 0.0, 0.0, 0.0, 0.0, 0.0, 0.0, 0.0, 0.0, 0.0, 0.0, 0.0, 0.0, -1.0, -1.0, 0.0, -1.0, -1.0, 0.0, 0.0, 0.0, 0.0, 0.0, 0.0, 0.0, 0.0, 0.0, 0.0, 0.0, 0.0, -1.0, 0.0, 0.0, 0.0, 0.0, 0.0, 0.0, 0.0, 0.0, 0.0, 0.0, 0.0, 0.0, 0.0, 0.0, 0.0, 0.0, 0.0, 0.0, -1.0, 0.0, -1.0, 0.0, 0.0, 0.0, 0.0, 0.0, 0.0, 0.0, 0.0, 0.0, 0.0, 0.0, 0.0, 0.0, 0.0, 0.0, 0.0, 0.0, 0.0, 0.0, 0.0, 0.0, 0.0, 0.0, 0.0, 0.0, 0.0, 0.0, 0.0, 0.0, 0.0, 0.0, 0.0, 0.0, 0.0, 0.0, 0.0, 0.0, 0.0, 0.0, 0.0, 0.0, 0.0, 0.0, -1.0, 0.0, 0.0, 0.0, 0.0, 0.0, 0.0, 0.0, 0.0, 0.0, 0.0, 0.0, 0.0, 0.0, 0.0, 0.0, 0.0, -1.0, 0.0, 0.0, 0.0, 0.0, 0.0, 0.0, 0.0, 0.0, 0.0, -1.0, 0.0, 0.0, 0.0, 0.0, 0.0, 0.0, 0.0, 0.0, 0.0, 0.0, 0.0, 0.0, -1.0, 0.0, 0.0, 0.0, 0.0, 0.0, 0.0, 0.0, 0.0, 0.0, 0.0, 0.0, 0.0, 0.0, 0.0, 0.0, 0.0, 0.0, 0.0, 0.0, 0.0, 0.0, 0.0, 0.0, 0.0, 0.0, 0.0, 0.0, 0.0, 0.0, 0.0, 0.0, 0.0, 0.0, 0.0, -1.0, 0.0, 0.0, 0.0, 0.0, 0.0, -1.0, 0.0, 0.0, 0.0, 0.0, 0.0, 0.0, 0.0, 0.0, 0.0, -1.0, 0.0, 0.0, 0.0, -1.0, 0.0, 0.0, 0.0, 0.0, 0.0, 0.0, -1.0, 0.0, 0.0, 0.0, 0.0, -1.0, 0.0, 0.0, 0.0, 0.0, 0.0, 0.0, 0.0, 0.0, 0.0, 0.0, 0.0, 0.0, 0.0, 0.0, 0.0, 0.0, 0.0, 0.0, 0.0, 0.0, 0.0, 0.0, 0.0, 0.0, 0.0, 0.0, 0.0, -1.0, 0.0, 0.0, 0.0, 0.0, 0.0, 0.0, 0.0, 0.0, 0.0, 0.0, 0.0, 0.0, 0.0, 0.0, 0.0, 0.0, 0.0, 0.0, 0.0, 0.0, 0.0, 0.0, 0.0, 0.0, 0.0, 0.0, 0.0, 0.0, 0.0, 0.0, 0.0, 0.0, 0.0, 0.0, 0.0, 0.0, 0.0, -1.0, 0.0, 0.0, 0.0, 0.0, 0.0, 0.0, 0.0, 0.0, 0.0, 0.0, 0.0, 0.0, 0.0, 0.0, -1.0, 0.0, 0.0, -1.0, 0.0, 0.0, 0.0, 0.0, 0.0, -1.0, 0.0, 0.0, 0.0, 0.0, -1.0, 0.0, 0.0, 0.0, 0.0, 0.0, 0.0, 0.0, 0.0, 0.0, 0.0, 0.0, 0.0, 0.0, 0.0, 0.0, 0.0, 0.0, 0.0, -1.0, 0.0, 0.0, 0.0, 0.0, 0.0, 0.0, 0.0, 0.0, 0.0, 0.0, -1.0, 0.0, 0.0, 0.0, 0.0, 0.0, 0.0, 0.0, 0.0, 0.0, 0.0, 0.0, 0.0, 0.0, 0.0, 0.0, 0.0, 0.0, 0.0, 0.0, 0.0, 0.0, 0.0, 0.0, 0.0, 0.0, -1.0, 0.0, 0.0, 0.0, 0.0, 0.0, 0.0, 0.0, 0.0, 0.0, 0.0, 0.0, 0.0, 0.0, 0.0, 0.0, 0.0, 0.0, 0.0, 0.0, 0.0, 0.0, 0.0, 0.0, 0.0, 0.0, 0.0, 0.0, 0.0, 0.0, 0.0, 0.0, 0.0, 0.0, 0.0, 0.0, -1.0, 0.0, 0.0, 0.0, 0.0, 0.0, -1.0, 0.0, 0.0, 0.0, 0.0, 0.0, 0.0, 0.0, 0.0, 0.0, 0.0, -1.0, -1.0, 0.0, 0.0, 0.0, 0.0, 0.0, 0.0, 0.0, 0.0, 0.0, 0.0, 0.0, 0.0, -1.0, 0.0, 0.0, 0.0, 0.0, -1.0, 0.0, 0.0, 0.0, 0.0, -1.0, 0.0, 0.0, 0.0, 0.0, 0.0, -1.0, 0.0, 0.0, 0.0, 0.0, -1.0, 0.0, 0.0, 0.0, 0.0, 0.0, 0.0, 0.0, 0.0, 0.0, 0.0, 0.0, 0.0, 0.0, 0.0, 0.0, 0.0, 0.0, 0.0, 0.0, 0.0, 0.0, 0.0, 0.0, 0.0, 0.0, 0.0, 0.0, 0.0, 0.0, 0.0, 0.0, 0.0, 0.0, 0.0, 0.0, 0.0, 0.0, 0.0, 0.0, 0.0, 0.0, 0.0, 0.0, 0.0, 0.0, 0.0, 0.0, 0.0, 0.0, 0.0, 0.0, 0.0, -1.0, -1.0, 0.0, 0.0, 0.0, 0.0, 0.0, 0.0, 0.0, 0.0, 0.0, 0.0, 0.0, 0.0, 0.0, 0.0, 0.0, 0.0, 0.0, 0.0, 0.0, 0.0, 0.0, 0.0, 0.0, 0.0, 0.0, 0.0, 0.0, 0.0, 0.0, 0.0, 0.0, 0.0, 0.0, 0.0, 0.0, 0.0, 0.0, 0.0, 0.0, 0.0, 0.0, 0.0, 0.0, 0.0, 0.0, -1.0, -1.0, 0.0, 0.0, 0.0, 0.0, 0.0, -1.0, 0.0, 0.0, -1.0, 0.0, -1.0, 0.0, 0.0, 0.0, -1.0, 0.0, 0.0, 0.0, 0.0, 0.0, 0.0, 0.0 ]),(82,Array S Seq (Sz1 1000)
  [ Infinity, Infinity, Infinity, Infinity, Infinity, Infinity, Infinity, Infinity, Infinity, Infinity, Infinity, Infinity, Infinity, Infinity, Infinity, Infinity, Infinity, Infinity, -1.0, Infinity, Infinity, Infinity, -1.0, Infinity, Infinity, Infinity, Infinity, Infinity, Infinity, Infinity, Infinity, Infinity, Infinity, Infinity, Infinity, Infinity, Infinity, Infinity, Infinity, Infinity, Infinity, Infinity, Infinity, Infinity, Infinity, Infinity, Infinity, Infinity, Infinity, Infinity, Infinity, Infinity, Infinity, Infinity, Infinity, Infinity, Infinity, Infinity, Infinity, Infinity, Infinity, Infinity, Infinity, Infinity, -1.0, Infinity, Infinity, Infinity, Infinity, Infinity, Infinity, Infinity, Infinity, Infinity, Infinity, Infinity, Infinity, Infinity, Infinity, Infinity, Infinity, Infinity, Infinity, Infinity, Infinity, Infinity, -1.0, Infinity, Infinity, Infinity, Infinity, Infinity, Infinity, Infinity, Infinity, Infinity, Infinity, Infinity, Infinity, Infinity, Infinity, Infinity, Infinity, Infinity, Infinity, Infinity, Infinity, Infinity, Infinity, Infinity, Infinity, Infinity, Infinity, Infinity, Infinity, Infinity, Infinity, Infinity, Infinity, Infinity, Infinity, -1.0, Infinity, Infinity, Infinity, Infinity, Infinity, Infinity, Infinity, Infinity, Infinity, Infinity, Infinity, Infinity, Infinity, Infinity, Infinity, Infinity, Infinity, Infinity, Infinity, Infinity, Infinity, Infinity, Infinity, Infinity, Infinity, Infinity, Infinity, Infinity, Infinity, Infinity, Infinity, Infinity, Infinity, Infinity, Infinity, Infinity, Infinity, Infinity, Infinity, Infinity, Infinity, Infinity, Infinity, Infinity, Infinity, Infinity, Infinity, Infinity, Infinity, Infinity, Infinity, Infinity, Infinity, Infinity, Infinity, Infinity, Infinity, Infinity, Infinity, Infinity, Infinity, Infinity, Infinity, Infinity, Infinity, Infinity, Infinity, Infinity, Infinity, Infinity, Infinity, Infinity, Infinity, Infinity, Infinity, Infinity, Infinity, Infinity, Infinity, Infinity, Infinity, Infinity, Infinity, Infinity, Infinity, Infinity, Infinity, Infinity, Infinity, Infinity, Infinity, Infinity, Infinity, Infinity, Infinity, Infinity, Infinity, Infinity, Infinity, Infinity, Infinity, Infinity, Infinity, Infinity, Infinity, Infinity, Infinity, Infinity, Infinity, Infinity, Infinity, Infinity, Infinity, Infinity, Infinity, Infinity, Infinity, -1.0, -1.0, Infinity, Infinity, Infinity, Infinity, Infinity, Infinity, Infinity, Infinity, Infinity, Infinity, Infinity, Infinity, Infinity, Infinity, Infinity, Infinity, Infinity, Infinity, Infinity, Infinity, Infinity, Infinity, -1.0, Infinity, Infinity, Infinity, Infinity, Infinity, Infinity, Infinity, Infinity, Infinity, Infinity, Infinity, Infinity, Infinity, Infinity, Infinity, Infinity, Infinity, Infinity, Infinity, Infinity, Infinity, Infinity, Infinity, Infinity, Infinity, Infinity, Infinity, Infinity, Infinity, Infinity, Infinity, Infinity, Infinity, Infinity, Infinity, Infinity, Infinity, Infinity, Infinity, Infinity, Infinity, Infinity, Infinity, Infinity, Infinity, Infinity, Infinity, Infinity, Infinity, Infinity, Infinity, Infinity, Infinity, Infinity, Infinity, Infinity, Infinity, Infinity, Infinity, Infinity, Infinity, Infinity, Infinity, Infinity, Infinity, Infinity, Infinity, Infinity, Infinity, Infinity, Infinity, Infinity, Infinity, Infinity, Infinity, Infinity, Infinity, Infinity, Infinity, Infinity, Infinity, Infinity, Infinity, Infinity, Infinity, Infinity, Infinity, Infinity, Infinity, Infinity, Infinity, Infinity, Infinity, Infinity, Infinity, Infinity, Infinity, Infinity, Infinity, Infinity, -1.0, Infinity, Infinity, Infinity, Infinity, Infinity, Infinity, Infinity, Infinity, -1.0, Infinity, Infinity, Infinity, Infinity, -1.0, Infinity, -1.0, Infinity, Infinity, Infinity, Infinity, Infinity, Infinity, Infinity, Infinity, Infinity, Infinity, Infinity, Infinity, Infinity, Infinity, Infinity, Infinity, Infinity, Infinity, Infinity, Infinity, Infinity, Infinity, Infinity, Infinity, Infinity, Infinity, Infinity, Infinity, Infinity, Infinity, Infinity, Infinity, Infinity, Infinity, Infinity, Infinity, Infinity, Infinity, Infinity, Infinity, Infinity, Infinity, Infinity, Infinity, Infinity, Infinity, Infinity, Infinity, Infinity, Infinity, Infinity, Infinity, Infinity, Infinity, Infinity, Infinity, Infinity, Infinity, Infinity, Infinity, Infinity, Infinity, Infinity, Infinity, Infinity, Infinity, Infinity, -1.0, -1.0, Infinity, -1.0, -1.0, Infinity, Infinity, Infinity, Infinity, Infinity, Infinity, Infinity, Infinity, Infinity, Infinity, Infinity, Infinity, -1.0, Infinity, Infinity, Infinity, Infinity, Infinity, Infinity, Infinity, Infinity, Infinity, Infinity, Infinity, Infinity, Infinity, Infinity, Infinity, Infinity, Infinity, Infinity, -1.0, Infinity, -1.0, Infinity, Infinity, Infinity, Infinity, Infinity, Infinity, Infinity, Infinity, Infinity, Infinity, Infinity, Infinity, Infinity, Infinity, Infinity, Infinity, Infinity, Infinity, Infinity, Infinity, Infinity, Infinity, Infinity, Infinity, Infinity, Infinity, Infinity, Infinity, Infinity, Infinity, Infinity, Infinity, Infinity, Infinity, Infinity, Infinity, Infinity, Infinity, Infinity, Infinity, Infinity, Infinity, Infinity, -1.0, Infinity, Infinity, Infinity, Infinity, Infinity, Infinity, Infinity, Infinity, Infinity, Infinity, Infinity, Infinity, Infinity, Infinity, Infinity, Infinity, -1.0, Infinity, Infinity, Infinity, Infinity, Infinity, Infinity, Infinity, Infinity, Infinity, -1.0, Infinity, Infinity, Infinity, Infinity, Infinity, Infinity, Infinity, Infinity, Infinity, Infinity, Infinity, Infinity, -1.0, Infinity, Infinity, Infinity, Infinity, Infinity, Infinity, Infinity, Infinity, Infinity, Infinity, Infinity, Infinity, Infinity, Infinity, Infinity, Infinity, Infinity, Infinity, Infinity, Infinity, Infinity, Infinity, Infinity, Infinity, Infinity, Infinity, Infinity, Infinity, Infinity, Infinity, Infinity, Infinity, Infinity, Infinity, -1.0, Infinity, Infinity, Infinity, Infinity, Infinity, -1.0, Infinity, Infinity, Infinity, Infinity, Infinity, Infinity, Infinity, Infinity, Infinity, -1.0, Infinity, Infinity, Infinity, -1.0, Infinity, Infinity, Infinity, Infinity, Infinity, Infinity, -1.0, Infinity, Infinity, Infinity, Infinity, -1.0, Infinity, Infinity, Infinity, Infinity, Infinity, Infinity, Infinity, Infinity, Infinity, Infinity, Infinity, Infinity, Infinity, Infinity, Infinity, Infinity, Infinity, Infinity, Infinity, Infinity, Infinity, Infinity, Infinity, Infinity, Infinity, Infinity, Infinity, -1.0, Infinity, Infinity, Infinity, Infinity, Infinity, Infinity, Infinity, Infinity, Infinity, Infinity, Infinity, Infinity, Infinity, Infinity, Infinity, Infinity, Infinity, Infinity, Infinity, Infinity, Infinity, Infinity, Infinity, Infinity, Infinity, Infinity, Infinity, Infinity, Infinity, Infinity, Infinity, Infinity, Infinity, Infinity, Infinity, Infinity, Infinity, -1.0, Infinity, Infinity, Infinity, Infinity, Infinity, Infinity, Infinity, Infinity, Infinity, Infinity, Infinity, Infinity, Infinity, Infinity, -1.0, Infinity, Infinity, -1.0, Infinity, Infinity, Infinity, Infinity, Infinity, -1.0, Infinity, Infinity, Infinity, Infinity, -1.0, Infinity, Infinity, Infinity, Infinity, Infinity, Infinity, Infinity, Infinity, Infinity, Infinity, Infinity, Infinity, Infinity, Infinity, Infinity, Infinity, Infinity, Infinity, -1.0, Infinity, Infinity, Infinity, Infinity, Infinity, Infinity, Infinity, Infinity, Infinity, Infinity, -1.0, Infinity, Infinity, Infinity, Infinity, Infinity, Infinity, Infinity, Infinity, Infinity, Infinity, Infinity, Infinity, Infinity, Infinity, Infinity, Infinity, Infinity, Infinity, Infinity, Infinity, Infinity, Infinity, Infinity, Infinity, Infinity, -1.0, Infinity, Infinity, Infinity, Infinity, Infinity, Infinity, Infinity, Infinity, Infinity, Infinity, Infinity, Infinity, Infinity, Infinity, Infinity, Infinity, Infinity, Infinity, Infinity, Infinity, Infinity, Infinity, Infinity, Infinity, Infinity, Infinity, Infinity, Infinity, Infinity, Infinity, Infinity, Infinity, Infinity, Infinity, Infinity, -1.0, Infinity, Infinity, Infinity, Infinity, Infinity, -1.0, Infinity, Infinity, Infinity, Infinity, Infinity, Infinity, Infinity, Infinity, Infinity, Infinity, -1.0, -1.0, Infinity, Infinity, Infinity, Infinity, Infinity, Infinity, Infinity, Infinity, Infinity, Infinity, Infinity, Infinity, -1.0, Infinity, Infinity, Infinity, Infinity, -1.0, Infinity, Infinity, Infinity, Infinity, -1.0, Infinity, Infinity, Infinity, Infinity, Infinity, -1.0, Infinity, Infinity, Infinity, Infinity, -1.0, Infinity, Infinity, Infinity, Infinity, Infinity, Infinity, Infinity, Infinity, Infinity, Infinity, Infinity, Infinity, Infinity, Infinity, Infinity, Infinity, Infinity, Infinity, Infinity, Infinity, Infinity, Infinity, Infinity, Infinity, Infinity, Infinity, Infinity, Infinity, Infinity, Infinity, Infinity, Infinity, Infinity, Infinity, Infinity, Infinity, Infinity, Infinity, Infinity, Infinity, Infinity, Infinity, Infinity, Infinity, Infinity, Infinity, Infinity, Infinity, Infinity, Infinity, Infinity, Infinity, -1.0, -1.0, Infinity, Infinity, Infinity, Infinity, Infinity, Infinity, Infinity, Infinity, Infinity, Infinity, Infinity, Infinity, Infinity, Infinity, Infinity, Infinity, Infinity, Infinity, Infinity, Infinity, Infinity, Infinity, Infinity, Infinity, Infinity, Infinity, Infinity, Infinity, Infinity, Infinity, Infinity, Infinity, Infinity, Infinity, Infinity, Infinity, Infinity, Infinity, Infinity, Infinity, Infinity, Infinity, Infinity, Infinity, Infinity, -1.0, -1.0, Infinity, Infinity, Infinity, Infinity, Infinity, -1.0, Infinity, Infinity, -1.0, Infinity, -1.0, Infinity, Infinity, Infinity, -1.0, Infinity, Infinity, Infinity, Infinity, Infinity, Infinity, Infinity ]),(97,Array S Seq (Sz1 1000)
  [ 0.0, 0.0, 2.0, 0.0, 0.0, 0.0, 0.0, 0.0, 0.0, 2.0, 0.0, 0.0, 0.0, 0.0, 0.0, 0.0, 0.0, 0.0, 0.0, 0.0, 0.0, 0.0, 0.0, 0.0, 0.0, 0.0, 0.0, 0.0, 0.0, 0.0, 0.0, 0.0, 0.0, 0.0, 0.0, 0.0, 0.0, 0.0, 0.0, 0.0, 0.0, 0.0, 0.0, 0.0, 0.0, 0.0, 0.0, 0.0, 0.0, 0.0, 0.0, 0.0, 0.0, 0.0, 0.0, 0.0, 3.0, 3.0, 0.0, 0.0, 0.0, 3.0, 0.0, 0.0, 0.0, 0.0, 0.0, 0.0, 0.0, 0.0, 0.0, 0.0, 1.0, 0.0, 0.0, 0.0, 0.0, 0.0, 0.0, 0.0, 0.0, 0.0, 0.0, 0.0, 0.0, 0.0, 0.0, 0.0, 0.0, 0.0, 0.0, 0.0, 0.0, 0.0, 9.0, 0.0, 0.0, 0.0, 0.0, 0.0, 0.0, 0.0, 0.0, 0.0, 0.0, 0.0, 4.0, 0.0, 0.0, 0.0, 0.0, 0.0, 0.0, 0.0, 0.0, 0.0, 0.0, 0.0, 0.0, 0.0, 2.0, 0.0, 0.0, 0.0, 0.0, 0.0, 0.0, 0.0, 0.0, 0.0, 0.0, 0.0, 0.0, 0.0, 0.0, 0.0, 0.0, 0.0, 0.0, 0.0, 0.0, 0.0, 0.0, 0.0, 15.0, 0.0, 2.0, 0.0, 0.0, 0.0, 0.0, 0.0, 0.0, 0.0, 0.0, 0.0, 0.0, 0.0, 0.0, 0.0, 4.0, 0.0, 0.0, 0.0, 0.0, 0.0, 0.0, 0.0, 0.0, 3.0, 0.0, 0.0, 0.0, 0.0, 0.0, 0.0, 0.0, 0.0, 0.0, 0.0, 0.0, 0.0, 0.0, 0.0, 0.0, 0.0, 0.0, 0.0, 0.0, 0.0, 0.0, 0.0, 0.0, 0.0, 0.0, 0.0, 0.0, 0.0, 0.0, 0.0, 2.0, 0.0, 0.0, 0.0, 6.0, 0.0, 0.0, 0.0, 0.0, 0.0, 0.0, 0.0, 0.0, 0.0, 0.0, 0.0, 3.0, 0.0, 0.0, 0.0, 0.0, 0.0, 0.0, 0.0, 0.0, 2.0, 0.0, 0.0, 0.0, 0.0, 0.0, 0.0, 0.0, 0.0, 0.0, 0.0, 0.0, 1.0, 0.0, 0.0, 0.0, 0.0, 0.0, 0.0, 0.0, 0.0, 0.0, 0.0, 0.0, 0.0, 0.0, 0.0, 0.0, 3.0, 0.0, 0.0, 0.0, 0.0, 0.0, 0.0, 0.0, 0.0, 0.0, 0.0, 0.0, 0.0, 4.0, 0.0, 0.0, 0.0, 0.0, 0.0, 0.0, 0.0, 0.0, 5.0, 0.0, 0.0, 0.0, 0.0, 0.0, 0.0, 0.0, 0.0, 0.0, 0.0, 0.0, 0.0, 0.0, 0.0, 0.0, 0.0, 0.0, 0.0, 0.0, 0.0, 0.0, 0.0, 0.0, 0.0, 0.0, 0.0, 0.0, 0.0, 0.0, 0.0, 0.0, 0.0, 0.0, 0.0, 2.0, 0.0, 0.0, 0.0, 0.0, 0.0, 0.0, 0.0, 0.0, 0.0, 0.0, 0.0, 0.0, 0.0, 0.0, 0.0, 0.0, 0.0, 0.0, 1.0, 0.0, 0.0, 0.0, 0.0, 0.0, 0.0, 0.0, 0.0, 0.0, 0.0, 0.0, 0.0, 4.0, 0.0, 0.0, 0.0, 0.0, 0.0, 2.0, 3.0, 0.0, 3.0, 0.0, 2.0, 0.0, 0.0, 0.0, 0.0, 0.0, 9.0, 0.0, 0.0, 0.0, 0.0, 0.0, 0.0, 0.0, 0.0, 0.0, 0.0, 0.0, 0.0, 3.0, 0.0, 0.0, 0.0, 0.0, 0.0, 0.0, 0.0, 0.0, 3.0, 0.0, 0.0, 0.0, 4.0, 0.0, 0.0, 0.0, 0.0, 0.0, 0.0, 0.0, 0.0, 0.0, 0.0, 0.0, 0.0, 0.0, 0.0, 0.0, 6.0, 0.0, 0.0, 0.0, 0.0, 0.0, 0.0, 0.0, 0.0, 0.0, 0.0, 0.0, 0.0, 0.0, 0.0, 0.0, 0.0, 0.0, 1.0, 0.0, 0.0, 0.0, 0.0, 0.0, 0.0, 0.0, 0.0, 0.0, 0.0, 0.0, 0.0, 0.0, 0.0, 0.0, 0.0, 0.0, 0.0, 0.0, 0.0, 0.0, 0.0, 0.0, 3.0, 0.0, 0.0, 0.0, 0.0, 0.0, 0.0, 0.0, 0.0, 0.0, 0.0, 0.0, 0.0, 0.0, 0.0, 0.0, 0.0, 0.0, 0.0, 6.0, 0.0, 0.0, 0.0, 3.0, 0.0, 0.0, 0.0, 0.0, 0.0, 0.0, 0.0, 0.0, 2.0, 0.0, 0.0, 0.0, 0.0, 0.0, 0.0, 0.0, 0.0, 0.0, 0.0, 0.0, 0.0, 0.0, 0.0, 4.0, 0.0, 0.0, 0.0, 0.0, 0.0, 0.0, 0.0, 0.0, 2.0, 3.0, 0.0, 0.0, 0.0, 0.0, 0.0, 0.0, 0.0, 0.0, 0.0, 0.0, 0.0, 0.0, 0.0, 0.0, 0.0, 0.0, 0.0, 0.0, 0.0, 0.0, 0.0, 0.0, 0.0, 0.0, 0.0, 0.0, 0.0, 0.0, 0.0, 0.0, 3.0, 0.0, 0.0, 0.0, 0.0, 0.0, 0.0, 0.0, 0.0, 0.0, 4.0, 0.0, 0.0, 0.0, 0.0, 0.0, 0.0, 0.0, 0.0, 0.0, 0.0, 6.0, 0.0, 0.0, 0.0, 8.0, 0.0, 0.0, 0.0, 0.0, 0.0, 0.0, 0.0, 0.0, 0.0, 0.0, 9.0, 3.0, 0.0, 0.0, 0.0, 0.0, 0.0, 0.0, 0.0, 0.0, 0.0, 0.0, 0.0, 0.0, 0.0, 0.0, 0.0, 0.0, 0.0, 0.0, 0.0, 0.0, 0.0, 0.0, 0.0, 0.0, 0.0, 0.0, 0.0, 0.0, 0.0, 0.0, 0.0, 0.0, 0.0, 4.0, 0.0, 2.0, 0.0, 0.0, 0.0, 0.0, 0.0, 6.0, 0.0, 0.0, 3.0, 2.0, 0.0, 0.0, 0.0, 0.0, 0.0, 0.0, 0.0, 0.0, 0.0, 0.0, 0.0, 0.0, 0.0, 0.0, 0.0, 2.0, 0.0, 0.0, 0.0, 0.0, 0.0, 0.0, 0.0, 0.0, 0.0, 0.0, 0.0, 0.0, 2.0, 0.0, 0.0, 0.0, 0.0, 0.0, 0.0, 0.0, 0.0, 0.0, 0.0, 0.0, 0.0, 6.0, 0.0, 3.0, 0.0, 0.0, 0.0, 0.0, 0.0, 0.0, 0.0, 0.0, 1.0, 0.0, 0.0, 0.0, 0.0, 0.0, 0.0, 0.0, 0.0, 0.0, 0.0, 8.0, 0.0, 0.0, 0.0, 0.0, 0.0, 0.0, 0.0, 0.0, 0.0, 0.0, 0.0, 0.0, 0.0, 0.0, 0.0, 0.0, 0.0, 0.0, 0.0, 0.0, 0.0, 0.0, 0.0, 9.0, 0.0, 0.0, 0.0, 0.0, 0.0, 0.0, 0.0, 2.0, 0.0, 0.0, 0.0, 6.0, 0.0, 0.0, 3.0, 0.0, 0.0, 0.0, 0.0, 0.0, 0.0, 0.0, 0.0, 0.0, 0.0, 0.0, 0.0, 0.0, 0.0, 0.0, 0.0, 0.0, 0.0, 0.0, 0.0, 0.0, 0.0, 0.0, 0.0, 0.0, 0.0, 0.0, 0.0, 0.0, 0.0, 0.0, 0.0, 0.0, 0.0, 0.0, 0.0, 0.0, 0.0, 0.0, 0.0, 0.0, 0.0, 0.0, 0.0, 0.0, 0.0, 0.0, 0.0, 0.0, 0.0, 0.0, 0.0, 0.0, 0.0, 0.0, 0.0, 0.0, 0.0, 0.0, 0.0, 0.0, 0.0, 0.0, 0.0, 0.0, 0.0, 0.0, 0.0, 0.0, 0.0, 0.0, 0.0, 0.0, 0.0, 0.0, 0.0, 0.0, 0.0, 0.0, 0.0, 0.0, 0.0, 0.0, 0.0, 0.0, 3.0, 0.0, 0.0, 0.0, 2.0, 0.0, 0.0, 0.0, 0.0, 0.0, 0.0, 0.0, 3.0, 0.0, 10.0, 0.0, 0.0, 0.0, 0.0, 0.0, 0.0, 0.0, 0.0, 0.0, 0.0, 0.0, 0.0, 0.0, 0.0, 0.0, 0.0, 0.0, 0.0, 0.0, 2.0, 0.0, 0.0, 0.0, 0.0, 0.0, 0.0, 0.0, 0.0, 0.0, 0.0, 0.0, 0.0, 0.0, 0.0, 0.0, 0.0, 0.0, 0.0, 2.0, 0.0, 0.0, 0.0, 0.0, 0.0, 2.0, 0.0, 0.0, 0.0, 0.0, 0.0, 0.0, 0.0, 0.0, 0.0, 0.0, 0.0, 0.0, 0.0, 0.0, 0.0, 0.0, 0.0, 0.0, 0.0, 0.0, 0.0, 0.0, 0.0, 0.0, 0.0, 0.0, 0.0, 0.0, 0.0, 0.0, 0.0, 3.0, 0.0, 0.0, 0.0, 0.0, 0.0, 0.0, 0.0, 0.0, 0.0, 0.0, 0.0, 0.0, 0.0, 0.0, 0.0, 0.0, 0.0, 0.0, 0.0, 0.0, 0.0, 0.0, 0.0, 0.0, 0.0, 0.0, 0.0, 0.0, 0.0, 0.0, 0.0, 0.0, 0.0, 0.0, 0.0, 0.0, 0.0, 0.0, 0.0, 0.0, 0.0, 0.0, 0.0, 0.0, 0.0, 0.0, 0.0, 0.0, 3.0, 0.0, 0.0, 0.0, 0.0, 0.0, 0.0, 0.0, 0.0, 2.0, 0.0, 1.0, 0.0, 0.0, 0.0, 0.0, 0.0, 12.0, 0.0, 0.0, 0.0, 0.0, 0.0, 4.0, 0.0, 0.0, 0.0, 0.0, 0.0, 0.0, 0.0, 0.0, 0.0, 2.0, 0.0, 0.0, 0.0, 0.0, 0.0, 0.0, 0.0, 0.0, 0.0, 0.0, 0.0, 2.0, 0.0, 0.0, 0.0, 0.0, 0.0, 0.0, 0.0, 0.0, 0.0, 0.0, 0.0 ]),(99,Array S Seq (Sz1 1000)
  [ 1.0, 1.0, 1.0, 1.0, 1.0, 1.0, 1.0, 1.0, 1.0, 1.0, 1.0, 1.0, 1.0, 1.0, 1.0, 1.0, 1.0, 0.0, 1.0, 1.0, 0.0, 1.0, 1.0, 1.0, 1.0, 1.0, 1.0, 1.0, 1.0, 1.0, 1.0, 1.0, 0.0, 1.0, 1.0, 1.0, 1.0, 1.0, 1.0, 1.0, 0.0, 1.0, 1.0, 1.0, 1.0, 1.0, 1.0, 1.0, 1.0, 1.0, 1.0, 1.0, 1.0, 1.0, 1.0, 1.0, 1.0, 1.0, 1.0, 1.0, 1.0, 1.0, 1.0, 1.0, 1.0, 1.0, 1.0, 1.0, 1.0, 1.0, 1.0, 1.0, 1.0, 1.0, 1.0, 1.0, 1.0, 1.0, 0.0, 1.0, 1.0, 1.0, 1.0, 0.0, 1.0, 1.0, 1.0, 1.0, 1.0, 1.0, 1.0, 1.0, 1.0, 1.0, 1.0, 0.0, 1.0, 1.0, 1.0, 1.0, 1.0, 0.0, 1.0, 1.0, 1.0, 1.0, 1.0, 0.0, 0.0, 1.0, 1.0, 1.0, 1.0, 1.0, 1.0, 1.0, 1.0, 1.0, 1.0, 1.0, 1.0, 0.0, 1.0, 1.0, 1.0, 1.0, 1.0, 1.0, 1.0, 1.0, 1.0, 0.0, 0.0, 1.0, 1.0, 1.0, 1.0, 1.0, 1.0, 1.0, 1.0, 1.0, 1.0, 1.0, 0.0, 1.0, 0.0, 1.0, 1.0, 1.0, 1.0, 1.0, 1.0, 1.0, 0.0, 1.0, 1.0, 0.0, 0.0, 1.0, 1.0, 1.0, 1.0, 1.0, 1.0, 1.0, 1.0, 1.0, 1.0, 1.0, 1.0, 1.0, 0.0, 1.0, 1.0, 1.0, 1.0, 1.0, 1.0, 1.0, 1.0, 1.0, 1.0, 1.0, 1.0, 1.0, 1.0, 1.0, 0.0, 1.0, 1.0, 1.0, 1.0, 1.0, 1.0, 1.0, 1.0, 1.0, 1.0, 1.0, 1.0, 1.0, 1.0, 1.0, 0.0, 1.0, 0.0, 1.0, 1.0, 1.0, 0.0, 1.0, 0.0, 1.0, 0.0, 1.0, 1.0, 1.0, 1.0, 1.0, 1.0, 1.0, 1.0, 1.0, 1.0, 1.0, 1.0, 1.0, 1.0, 1.0, 1.0, 1.0, 1.0, 0.0, 1.0, 1.0, 1.0, 1.0, 1.0, 1.0, 1.0, 1.0, 1.0, 1.0, 1.0, 0.0, 1.0, 1.0, 1.0, 1.0, 1.0, 1.0, 1.0, 1.0, 1.0, 1.0, 1.0, 1.0, 1.0, 1.0, 1.0, 1.0, 1.0, 1.0, 1.0, 1.0, 0.0, 1.0, 1.0, 0.0, 1.0, 1.0, 1.0, 1.0, 1.0, 1.0, 1.0, 1.0, 1.0, 1.0, 1.0, 1.0, 1.0, 1.0, 1.0, 1.0, 1.0, 0.0, 1.0, 0.0, 1.0, 1.0, 1.0, 1.0, 0.0, 1.0, 1.0, 1.0, 1.0, 1.0, 0.0, 1.0, 1.0, 1.0, 1.0, 1.0, 1.0, 1.0, 1.0, 1.0, 1.0, 1.0, 1.0, 1.0, 0.0, 1.0, 0.0, 1.0, 1.0, 1.0, 1.0, 1.0, 1.0, 1.0, 1.0, 1.0, 0.0, 1.0, 1.0, 1.0, 1.0, 1.0, 1.0, 1.0, 0.0, 1.0, 1.0, 1.0, 1.0, 1.0, 1.0, 1.0, 1.0, 1.0, 1.0, 0.0, 1.0, 1.0, 1.0, 1.0, 1.0, 1.0, 1.0, 0.0, 0.0, 1.0, 0.0, 1.0, 1.0, 1.0, 1.0, 1.0, 1.0, 1.0, 1.0, 1.0, 1.0, 1.0, 1.0, 1.0, 0.0, 1.0, 1.0, 1.0, 1.0, 0.0, 1.0, 1.0, 1.0, 1.0, 1.0, 1.0, 0.0, 1.0, 1.0, 1.0, 1.0, 1.0, 1.0, 1.0, 1.0, 1.0, 1.0, 1.0, 1.0, 1.0, 1.0, 1.0, 1.0, 1.0, 0.0, 1.0, 1.0, 1.0, 1.0, 1.0, 1.0, 1.0, 1.0, 1.0, 1.0, 1.0, 1.0, 1.0, 1.0, 1.0, 1.0, 1.0, 0.0, 1.0, 1.0, 1.0, 1.0, 1.0, 1.0, 1.0, 0.0, 1.0, 0.0, 1.0, 1.0, 0.0, 1.0, 1.0, 1.0, 1.0, 1.0, 1.0, 1.0, 0.0, 1.0, 1.0, 1.0, 1.0, 1.0, 1.0, 1.0, 1.0, 0.0, 1.0, 1.0, 1.0, 1.0, 1.0, 1.0, 1.0, 1.0, 1.0, 1.0, 1.0, 1.0, 1.0, 1.0, 1.0, 1.0, 1.0, 1.0, 1.0, 1.0, 0.0, 1.0, 1.0, 1.0, 0.0, 1.0, 0.0, 1.0, 1.0, 1.0, 1.0, 1.0, 1.0, 1.0, 1.0, 1.0, 0.0, 1.0, 1.0, 0.0, 1.0, 1.0, 1.0, 0.0, 0.0, 1.0, 1.0, 1.0, 1.0, 1.0, 1.0, 1.0, 1.0, 0.0, 0.0, 1.0, 1.0, 1.0, 1.0, 1.0, 1.0, 1.0, 1.0, 1.0, 1.0, 1.0, 1.0, 1.0, 1.0, 1.0, 1.0, 1.0, 1.0, 1.0, 1.0, 1.0, 1.0, 1.0, 1.0, 1.0, 1.0, 1.0, 1.0, 1.0, 1.0, 1.0, 1.0, 1.0, 1.0, 1.0, 1.0, 1.0, 0.0, 1.0, 1.0, 1.0, 1.0, 1.0, 1.0, 1.0, 1.0, 1.0, 1.0, 1.0, 1.0, 1.0, 1.0, 1.0, 1.0, 1.0, 1.0, 1.0, 1.0, 1.0, 1.0, 0.0, 1.0, 1.0, 1.0, 1.0, 1.0, 1.0, 1.0, 1.0, 1.0, 1.0, 0.0, 1.0, 1.0, 1.0, 0.0, 1.0, 0.0, 1.0, 1.0, 1.0, 1.0, 1.0, 1.0, 1.0, 1.0, 1.0, 1.0, 1.0, 1.0, 1.0, 1.0, 1.0, 0.0, 1.0, 1.0, 0.0, 1.0, 1.0, 1.0, 1.0, 1.0, 1.0, 1.0, 0.0, 0.0, 1.0, 1.0, 1.0, 1.0, 1.0, 1.0, 1.0, 1.0, 1.0, 1.0, 0.0, 1.0, 1.0, 1.0, 1.0, 0.0, 1.0, 0.0, 1.0, 1.0, 1.0, 1.0, 1.0, 1.0, 1.0, 1.0, 1.0, 0.0, 0.0, 1.0, 1.0, 1.0, 1.0, 1.0, 1.0, 1.0, 1.0, 0.0, 1.0, 0.0, 1.0, 1.0, 1.0, 1.0, 1.0, 0.0, 1.0, 0.0, 1.0, 1.0, 0.0, 1.0, 1.0, 1.0, 1.0, 1.0, 1.0, 1.0, 1.0, 1.0, 1.0, 1.0, 0.0, 1.0, 1.0, 1.0, 1.0, 1.0, 1.0, 0.0, 1.0, 1.0, 1.0, 1.0, 1.0, 1.0, 1.0, 1.0, 0.0, 1.0, 1.0, 0.0, 1.0, 1.0, 1.0, 0.0, 1.0, 1.0, 1.0, 1.0, 1.0, 1.0, 0.0, 1.0, 1.0, 1.0, 0.0, 1.0, 0.0, 0.0, 0.0, 1.0, 1.0, 1.0, 1.0, 0.0, 1.0, 1.0, 1.0, 1.0, 1.0, 1.0, 1.0, 1.0, 1.0, 1.0, 1.0, 0.0, 1.0, 1.0, 1.0, 1.0, 0.0, 0.0, 1.0, 1.0, 1.0, 1.0, 1.0, 1.0, 1.0, 1.0, 1.0, 1.0, 1.0, 1.0, 0.0, 1.0, 1.0, 1.0, 1.0, 1.0, 1.0, 1.0, 1.0, 1.0, 1.0, 1.0, 1.0, 1.0, 1.0, 1.0, 1.0, 1.0, 1.0, 1.0, 1.0, 1.0, 1.0, 1.0, 1.0, 0.0, 1.0, 1.0, 1.0, 1.0, 1.0, 1.0, 1.0, 1.0, 1.0, 1.0, 1.0, 1.0, 1.0, 1.0, 1.0, 1.0, 1.0, 1.0, 1.0, 1.0, 1.0, 1.0, 1.0, 1.0, 0.0, 1.0, 1.0, 1.0, 1.0, 1.0, 1.0, 1.0, 1.0, 1.0, 1.0, 1.0, 1.0, 1.0, 1.0, 1.0, 1.0, 1.0, 1.0, 1.0, 1.0, 1.0, 1.0, 1.0, 1.0, 0.0, 1.0, 1.0, 1.0, 1.0, 1.0, 1.0, 1.0, 0.0, 1.0, 0.0, 1.0, 1.0, 1.0, 1.0, 1.0, 0.0, 1.0, 1.0, 1.0, 1.0, 1.0, 1.0, 1.0, 1.0, 1.0, 1.0, 0.0, 1.0, 1.0, 1.0, 1.0, 1.0, 1.0, 1.0, 1.0, 1.0, 1.0, 1.0, 0.0, 1.0, 1.0, 0.0, 0.0, 1.0, 1.0, 1.0, 1.0, 1.0, 1.0, 1.0, 1.0, 0.0, 1.0, 0.0, 1.0, 1.0, 1.0, 1.0, 0.0, 1.0, 1.0, 1.0, 1.0, 1.0, 1.0, 1.0, 1.0, 1.0, 1.0, 1.0, 1.0, 1.0, 1.0, 1.0, 0.0, 1.0, 1.0, 1.0, 0.0, 1.0, 0.0, 1.0, 1.0, 1.0, 1.0, 0.0, 1.0, 1.0, 0.0, 1.0, 1.0, 1.0, 1.0, 1.0, 1.0, 1.0, 0.0, 1.0, 0.0, 1.0, 1.0, 1.0, 1.0, 1.0, 1.0, 0.0, 1.0, 0.0, 0.0, 1.0, 1.0, 1.0, 1.0, 1.0, 1.0, 1.0, 1.0, 1.0, 1.0, 1.0, 1.0, 1.0, 1.0, 1.0, 1.0, 1.0, 1.0, 1.0, 1.0, 1.0, 1.0, 1.0, 0.0, 1.0, 1.0, 1.0, 0.0, 1.0, 1.0, 1.0, 1.0, 1.0, 0.0, 1.0, 1.0, 1.0, 1.0, 1.0, 1.0, 1.0, 1.0, 1.0, 1.0, 1.0, 1.0, 1.0, 1.0, 1.0, 1.0, 1.0, 1.0, 1.0, 1.0, 1.0, 0.0, 1.0, 1.0, 1.0, 1.0, 1.0, 1.0, 1.0, 1.0, 1.0, 1.0, 1.0, 1.0, 1.0 ])]
([21,43,44,51,60,70,78,80,81,82,97,99],[Param 0,Param 1],2)
Infinity
finish f
Recip((Recip((t0 / x0)) * (((x8 * x5) + t1) - (Abs(x7) ^ x3))))
([21,43,44,51,60,70,78,80,81,82,97,99],[Param 0,Param 1],2)
(Infinity,Array S Seq (Sz1 2)
  [ 0.8060384512006665, 4.455562861143236e-3 ],Infinity)
(Array S Seq (Sz1 2)
  [ 0.8060384512006665, 4.455562861143236e-3 ],2)
Recip((Recip((Abs((Abs(x4) ^ x3)) ^ (t0 * x7))) * t1))
minmized
("recurse to ",107,107)
("recurse to ",106,106)
("recurse to ",105,105)
("recurse to ",103,103)
(Bin PowerAbs 4 3,True,True)
("recurse to ",104,104)
theta 
(2,0)
(Bin Mul 9 7,True,True)
(Bin PowerAbs 103 104,True,True)
(Uni Recip 105,True,True)
theta 
(2,1)
(Bin Mul 106 12,True,True)
(Uni Recip 107,True,True)
fromList [(21,Array S Seq (Sz1 1000)
  [ 0.0, NaN, 0.0, 0.0, 0.5, NaN, Infinity, NaN, NaN, 0.0, NaN, 0.0, NaN, 0.0, NaN, NaN, NaN, Infinity, 0.0, 0.0, Infinity, Infinity, NaN, 0.3333333333333333, Infinity, 0.25, NaN, NaN, 0.5, Infinity, 0.5, 0.5, 0.0, NaN, 0.0, Infinity, NaN, 0.0, Infinity, NaN, NaN, 0.3333333333333333, NaN, 0.0, Infinity, NaN, NaN, 0.0, NaN, 0.0, Infinity, 0.0, NaN, NaN, Infinity, NaN, 0.3333333333333333, 0.0, 0.0, NaN, 0.0, 0.0, NaN, 0.0, 0.0, Infinity, 0.0, 0.0, 0.0, NaN, NaN, Infinity, 0.0, Infinity, Infinity, 0.0, NaN, 0.0, NaN, NaN, 0.5, NaN, 0.0, 0.5, Infinity, Infinity, NaN, Infinity, NaN, NaN, 1.0, NaN, NaN, 0.0, 0.0, 0.0, 0.0, 0.2, 0.0, NaN, 0.0, NaN, 0.0, NaN, NaN, 0.0, 0.0, 0.0, Infinity, NaN, 0.0, NaN, NaN, NaN, 0.3333333333333333, 0.5, NaN, Infinity, 0.0, NaN, 0.0, Infinity, NaN, 0.0, NaN, NaN, Infinity, NaN, 0.5, 0.0, 0.0, Infinity, NaN, NaN, Infinity, 0.2, NaN, Infinity, NaN, Infinity, 0.0, 1.0, 1.0, NaN, 0.2, NaN, 0.5, NaN, 0.5, 0.0, 0.0, NaN, NaN, 0.0, NaN, Infinity, NaN, NaN, NaN, NaN, 0.25, NaN, NaN, NaN, NaN, 0.0, 0.0, 0.0, NaN, 0.3333333333333333, NaN, 0.0, NaN, 0.3333333333333333, NaN, NaN, NaN, NaN, NaN, NaN, NaN, Infinity, 0.0, NaN, 0.0, 0.0, NaN, 0.0, 0.5, NaN, NaN, 0.0, 0.0, NaN, NaN, 0.0, NaN, NaN, NaN, 0.0, 0.0, 0.0, 0.5, 0.0, 0.0, NaN, NaN, Infinity, NaN, 0.0, NaN, 0.0, 0.5, Infinity, NaN, NaN, 0.0, 0.5, Infinity, 0.0, Infinity, NaN, NaN, NaN, Infinity, 0.0, NaN, NaN, 0.0, NaN, 0.0, NaN, NaN, NaN, 0.0, 0.0, Infinity, 1.0, NaN, NaN, 0.0, 0.0, 0.0, 0.0, NaN, NaN, 0.0, NaN, Infinity, NaN, 0.0, NaN, NaN, 0.0, Infinity, NaN, NaN, NaN, 0.0, 0.5, NaN, NaN, NaN, Infinity, 0.0, NaN, 0.0, 0.0, Infinity, NaN, 0.0, 0.0, Infinity, NaN, NaN, 0.0, NaN, NaN, Infinity, 0.0, 0.0, NaN, Infinity, 0.5, NaN, NaN, 0.0, Infinity, 0.0, NaN, NaN, NaN, NaN, 0.25, Infinity, 1.0, 0.0, 0.0, Infinity, 0.0, NaN, NaN, 0.5, NaN, 0.5, 0.0, Infinity, Infinity, 0.0, 0.0, 0.0, 0.5, 0.0, Infinity, Infinity, NaN, Infinity, 0.0, Infinity, 0.0, NaN, 0.0, NaN, Infinity, NaN, Infinity, Infinity, 0.0, Infinity, 1.0, NaN, NaN, Infinity, 0.0, 0.5, NaN, NaN, 0.0, 0.0, 0.2, 0.0, Infinity, 0.0, 0.0, Infinity, Infinity, Infinity, NaN, 0.0, 0.0, 0.0, 0.3333333333333333, NaN, 0.5, NaN, NaN, NaN, 0.0, 0.0, 0.3333333333333333, 0.0, NaN, 0.0, NaN, Infinity, NaN, NaN, 0.25, Infinity, 0.0, Infinity, 0.0, 0.0, NaN, Infinity, 0.5, 0.0, 0.0, NaN, 0.0, Infinity, 0.3333333333333333, NaN, 0.0, NaN, 0.5, NaN, 0.3333333333333333, NaN, NaN, Infinity, NaN, NaN, NaN, NaN, NaN, NaN, 0.5, 0.0, NaN, Infinity, 0.0, 0.5, 0.0, NaN, 0.5, 0.0, 0.0, NaN, NaN, Infinity, 0.0, NaN, 0.0, NaN, 0.0, 0.0, NaN, Infinity, 1.0, NaN, 0.0, NaN, 0.0, 0.0, NaN, Infinity, 0.0, 0.3333333333333333, 0.0, 0.0, 0.5, Infinity, NaN, Infinity, 0.3333333333333333, NaN, NaN, 0.0, 0.0, NaN, NaN, 0.0, 0.3333333333333333, NaN, NaN, Infinity, NaN, NaN, Infinity, NaN, 0.0, 0.3333333333333333, Infinity, 0.0, Infinity, NaN, NaN, 0.0, NaN, 0.0, 0.0, 0.0, 0.0, 0.0, 0.3333333333333333, 0.0, NaN, Infinity, 0.3333333333333333, NaN, 0.0, NaN, NaN, 0.0, 0.0, 0.0, NaN, 0.0, 0.0, 0.0, NaN, 0.3333333333333333, 0.0, NaN, 0.0, 0.0, 0.3333333333333333, NaN, 0.3333333333333333, 0.0, 0.0, Infinity, Infinity, NaN, Infinity, Infinity, 0.0, Infinity, 0.0, 0.3333333333333333, NaN, Infinity, 0.0, Infinity, NaN, 0.0, 0.0, NaN, 1.0, 0.0, 0.0, NaN, 0.0, NaN, 0.0, NaN, NaN, Infinity, 0.0, NaN, 0.3333333333333333, Infinity, NaN, 0.0, 0.0, NaN, 0.0, 0.0, NaN, Infinity, 0.0, 0.0, 0.5, Infinity, Infinity, Infinity, NaN, 0.0, 0.0, NaN, 0.25, Infinity, 0.0, NaN, NaN, Infinity, 0.0, 0.2, NaN, NaN, 0.0, 0.0, NaN, Infinity, 0.0, 0.0, 0.0, NaN, 0.5, NaN, 0.0, 0.0, NaN, 0.0, NaN, NaN, 0.0, 0.3333333333333333, NaN, 0.0, 0.0, NaN, 0.0, NaN, Infinity, Infinity, Infinity, NaN, Infinity, NaN, NaN, Infinity, NaN, NaN, Infinity, 0.0, NaN, NaN, 0.5, 0.3333333333333333, 0.3333333333333333, 0.0, 0.0, 0.0, 0.0, Infinity, Infinity, 0.0, 0.0, NaN, 0.0, 0.5, 0.0, 0.0, NaN, NaN, NaN, NaN, NaN, 0.0, NaN, 1.0, 0.3333333333333333, 0.0, NaN, 0.0, 0.0, 0.0, 0.3333333333333333, 0.0, NaN, Infinity, 0.0, NaN, Infinity, 0.0, NaN, Infinity, 0.0, 0.5, NaN, NaN, NaN, NaN, 0.2, 0.0, Infinity, Infinity, NaN, NaN, NaN, NaN, 0.0, Infinity, 0.0, NaN, NaN, NaN, NaN, 0.0, 0.3333333333333333, Infinity, Infinity, 0.0, 0.0, 0.0, Infinity, 0.0, NaN, NaN, 0.0, Infinity, Infinity, NaN, NaN, NaN, 1.0, NaN, 0.3333333333333333, NaN, 0.0, NaN, NaN, 0.0, 0.0, NaN, NaN, 0.0, NaN, NaN, 0.0, NaN, NaN, NaN, NaN, Infinity, 1.0, Infinity, Infinity, NaN, Infinity, 0.5, 0.0, 0.0, 0.5, 0.0, NaN, 0.3333333333333333, NaN, NaN, Infinity, 0.0, Infinity, 0.0, NaN, 0.0, Infinity, Infinity, 0.0, 0.5, 0.0, Infinity, Infinity, 0.5, NaN, 0.0, 0.0, Infinity, NaN, NaN, Infinity, 0.5, 0.0, NaN, 0.0, NaN, NaN, Infinity, Infinity, 0.0, 0.0, Infinity, Infinity, NaN, 0.0, NaN, 0.0, 0.0, NaN, Infinity, Infinity, 0.0, 0.0, NaN, 0.0, 0.5, NaN, NaN, 0.0, 0.0, Infinity, NaN, 0.0, NaN, 0.3333333333333333, Infinity, NaN, 0.0, 0.0, 0.0, 0.0, NaN, Infinity, NaN, NaN, NaN, 0.0, 0.0, 0.0, 0.0, 1.0, Infinity, NaN, Infinity, 0.0, 0.3333333333333333, 0.0, Infinity, 0.0, NaN, NaN, 0.0, NaN, Infinity, 0.0, 0.0, NaN, 0.5, 0.0, NaN, NaN, 0.3333333333333333, 0.0, NaN, Infinity, 0.5, 0.0, 0.0, 0.0, 0.0, Infinity, 0.5, 0.0, NaN, Infinity, 1.0, 0.0, Infinity, Infinity, 0.0, 0.0, 0.0, NaN, NaN, 0.3333333333333333, NaN, 0.0, Infinity, NaN, 0.0, 0.0, NaN, 0.0, 0.0, NaN, 0.0, 0.0, Infinity, NaN, 0.0, NaN, NaN, NaN, 0.0, Infinity, 0.0, 0.5, NaN, 0.5, Infinity, NaN, 0.5, NaN, NaN, 0.0, Infinity, 0.0, 0.0, 0.0, 0.0, 0.0, 0.0, NaN, NaN, NaN, 0.5, 1.0, NaN, NaN, Infinity, NaN, 0.0, NaN, 0.0, 0.0, NaN, 0.0, 0.0, 0.0, Infinity, 0.0, 0.5, NaN, NaN, 0.0, 0.0, NaN, NaN, 0.0, 0.0, NaN, Infinity, NaN, 0.3333333333333333, NaN, Infinity, Infinity, 0.0, 0.0, 0.0, 0.0, NaN, 0.0, 0.3333333333333333, Infinity, Infinity, NaN, NaN, 0.0, NaN, NaN, 0.5, Infinity, NaN, Infinity, NaN, 0.5, NaN, Infinity, NaN, 0.3333333333333333, 0.0, Infinity, NaN, NaN, 0.3333333333333333, 0.0, 0.0, 0.0, Infinity, 0.0, 0.0, 0.0, 0.0, 0.3333333333333333, Infinity, NaN, NaN, 0.0, 0.0, NaN, 0.0, NaN, Infinity, NaN, Infinity, 0.0, 0.0, 0.0, 0.0, Infinity, NaN, 0.0, 0.0, 0.0, 0.0, Infinity, NaN, 0.0, 1.0, 0.3333333333333333, 0.5, NaN, 1.0, 0.0, Infinity, NaN, 0.0, NaN, 0.25, NaN, NaN, 0.0, 0.0, NaN, 0.25, 0.0, Infinity, 0.0, NaN, Infinity, NaN, Infinity, 0.0, 0.0, 0.0, NaN, 0.5, 0.0, Infinity, 0.0, 0.0, 0.0, NaN, NaN, 0.5, 0.0, 0.0, 0.0, 0.0, Infinity, NaN, Infinity, 0.5, NaN, 0.0, 0.0, NaN, 0.0 ]),(43,Array S Seq (Sz1 1000)
  [ 1.0, 1.0, 1.0, 1.0, 136.01341247558594, 1.0, 132.46034240722656, 1.0, 1.0, 1.0, 1.0, 1.0, 1.0, 1.0, 1.0, 1.0, 1.0, 195.7398681640625, 1.0, 1.0, 125.3662109375, 100.45612335205078, 1.0, 227.5116424560547, 181.67588806152344, 143.7611083984375, 1.0, 1.0, 116.65486145019533, 131.63455200195313, 121.69271850585938, 123.9864273071289, 1.0, 1.0, 1.0, 98.12364959716795, 1.0, 1.0, 125.39635467529295, 1.0, 1.0, 95.56956481933594, 1.0, 1.0, 188.5592803955078, 1.0, 1.0, 1.0, 1.0, 1.0, 142.63609313964844, 1.0, 1.0, 1.0, 111.1320571899414, 1.0, 106.53964233398438, 1.0, 1.0, 1.0, 1.0, 1.0, 1.0, 1.0, 1.0, 111.14727783203124, 1.0, 1.0, 1.0, 1.0, 1.0, 117.57294464111328, 1.0, 145.8654022216797, 164.04278564453125, 1.0, 1.0, 1.0, 1.0, 1.0, 133.8019256591797, 1.0, 1.0, 115.20513153076172, 121.85877990722656, 113.01095581054688, 1.0, 130.25531005859375, 1.0, 1.0, 94.25062561035156, 1.0, 1.0, 1.0, 1.0, 1.0, 1.0, 96.33263397216795, 1.0, 1.0, 1.0, 1.0, 1.0, 1.0, 1.0, 1.0, 1.0, 1.0, 220.2862243652344, 1.0, 1.0, 1.0, 1.0, 1.0, 102.52779388427734, 97.68030548095705, 1.0, 180.83546447753903, 1.0, 1.0, 1.0, 131.17535400390625, 1.0, 1.0, 1.0, 1.0, 94.65105438232422, 1.0, 139.61727905273438, 1.0, 1.0, 145.06817626953125, 1.0, 1.0, 107.42437744140624, 95.64950561523438, 1.0, 134.4632110595703, 1.0, 93.6827163696289, 1.0, 97.78213500976563, 124.27935028076172, 1.0, 164.24832153320313, 1.0, 137.6710205078125, 1.0, 178.83338928222656, 1.0, 1.0, 1.0, 1.0, 1.0, 1.0, 169.51242065429688, 1.0, 1.0, 1.0, 1.0, 95.2139663696289, 1.0, 1.0, 1.0, 1.0, 1.0, 1.0, 1.0, 1.0, 141.16954040527344, 1.0, 1.0, 1.0, 112.09339141845705, 1.0, 1.0, 1.0, 1.0, 1.0, 1.0, 1.0, 119.0601577758789, 1.0, 1.0, 1.0, 1.0, 1.0, 1.0, 99.06946563720705, 1.0, 1.0, 1.0, 1.0, 1.0, 1.0, 1.0, 1.0, 1.0, 1.0, 1.0, 1.0, 1.0, 112.79476928710938, 1.0, 1.0, 1.0, 1.0, 196.0348358154297, 1.0, 1.0, 1.0, 1.0, 113.68338012695313, 118.33258819580078, 1.0, 1.0, 1.0, 136.78173828125, 139.28744506835938, 1.0, 117.33659362792967, 1.0, 1.0, 1.0, 178.14915466308594, 1.0, 1.0, 1.0, 1.0, 1.0, 1.0, 1.0, 1.0, 1.0, 1.0, 1.0, 135.50515747070313, 159.59939575195313, 1.0, 1.0, 1.0, 1.0, 1.0, 1.0, 1.0, 1.0, 1.0, 1.0, 97.01697540283205, 1.0, 1.0, 1.0, 1.0, 1.0, 133.14422607421875, 1.0, 1.0, 1.0, 1.0, 114.9203643798828, 1.0, 1.0, 1.0, 110.6036148071289, 1.0, 1.0, 1.0, 1.0, 176.58807373046875, 1.0, 1.0, 1.0, 123.84322357177734, 1.0, 1.0, 1.0, 1.0, 1.0, 119.71439361572266, 1.0, 1.0, 1.0, 106.53526306152344, 94.0523452758789, 1.0, 1.0, 1.0, 126.93397521972656, 1.0, 1.0, 1.0, 1.0, 1.0, 117.0088348388672, 119.5029754638672, 125.56053161621094, 1.0, 1.0, 132.14598083496094, 1.0, 1.0, 1.0, 87.41312408447266, 1.0, 95.02692413330078, 1.0, 119.26365661621094, 134.45970153808594, 1.0, 1.0, 1.0, 99.28182983398438, 1.0, 94.6075439453125, 94.46876525878906, 1.0, 137.4488525390625, 1.0, 211.2836761474609, 1.0, 1.0, 1.0, 1.0, 114.7640380859375, 1.0, 135.9503936767578, 130.70127868652344, 1.0, 137.80044555664063, 88.28662872314453, 1.0, 1.0, 130.83872985839844, 1.0, 111.05498504638672, 1.0, 1.0, 1.0, 1.0, 100.09678649902344, 1.0, 122.81951141357422, 1.0, 1.0, 110.52544403076172, 115.51080322265624, 122.59165954589844, 1.0, 1.0, 1.0, 1.0, 101.6290283203125, 1.0, 94.34821319580078, 1.0, 1.0, 1.0, 1.0, 1.0, 114.70557403564452, 1.0, 1.0, 1.0, 1.0, 95.76242065429688, 1.0, 1.0, 112.5141372680664, 88.15782165527344, 1.0, 120.7089614868164, 1.0, 1.0, 1.0, 105.655517578125, 135.57460021972656, 1.0, 1.0, 1.0, 1.0, 193.0663604736328, 117.15084075927734, 1.0, 1.0, 1.0, 122.7280502319336, 1.0, 208.4979553222656, 1.0, 1.0, 166.6735076904297, 1.0, 1.0, 1.0, 1.0, 1.0, 1.0, 86.81338500976563, 1.0, 1.0, 95.30038452148438, 1.0, 142.10365295410156, 1.0, 1.0, 173.66940307617188, 1.0, 1.0, 1.0, 1.0, 118.42745208740234, 1.0, 1.0, 1.0, 1.0, 1.0, 1.0, 1.0, 96.7544937133789, 112.22957611083984, 1.0, 1.0, 1.0, 1.0, 1.0, 1.0, 99.88421630859376, 1.0, 125.21788787841795, 1.0, 1.0, 92.98644256591795, 132.99009704589844, 1.0, 89.97750854492188, 120.1999282836914, 1.0, 1.0, 1.0, 1.0, 1.0, 1.0, 1.0, 115.55187225341795, 1.0, 1.0, 125.03704833984376, 1.0, 1.0, 97.14032745361328, 1.0, 1.0, 116.3814926147461, 109.56224060058594, 1.0, 159.73794555664063, 1.0, 1.0, 1.0, 1.0, 1.0, 1.0, 1.0, 1.0, 1.0, 102.50216674804688, 1.0, 1.0, 99.54903411865234, 127.79768371582033, 1.0, 1.0, 1.0, 1.0, 1.0, 1.0, 1.0, 1.0, 1.0, 1.0, 1.0, 1.0, 138.177490234375, 1.0, 1.0, 1.0, 1.0, 124.6482391357422, 1.0, 154.5901336669922, 1.0, 1.0, 113.44416809082033, 214.61415100097656, 1.0, 128.01129150390625, 110.81842803955078, 1.0, 119.41241455078124, 1.0, 127.96310424804688, 1.0, 93.6087417602539, 1.0, 132.87777709960938, 1.0, 1.0, 1.0, 1.0, 104.17752075195313, 1.0, 1.0, 1.0, 1.0, 1.0, 1.0, 1.0, 1.0, 98.71143341064452, 1.0, 1.0, 95.66000366210938, 82.81594848632813, 1.0, 1.0, 1.0, 1.0, 1.0, 1.0, 1.0, 94.98185729980467, 1.0, 1.0, 122.54882049560548, 110.1447296142578, 125.89794921875, 110.60667419433594, 1.0, 1.0, 1.0, 1.0, 122.43759155273438, 176.41217041015625, 1.0, 1.0, 1.0, 104.21048736572266, 1.0, 124.56581115722656, 1.0, 1.0, 1.0, 1.0, 1.0, 109.88538360595705, 1.0, 1.0, 1.0, 1.0, 195.908920288086, 1.0, 1.0, 1.0, 1.0, 1.0, 1.0, 1.0, 1.0, 95.1094741821289, 1.0, 1.0, 1.0, 1.0, 1.0, 1.0, 114.64632415771484, 106.94384765625, 113.65746307373048, 1.0, 110.3374252319336, 1.0, 1.0, 108.91471099853516, 1.0, 1.0, 115.75985717773438, 1.0, 1.0, 1.0, 115.35077667236328, 86.42877960205078, 103.85904693603516, 1.0, 1.0, 1.0, 1.0, 157.17108154296875, 184.26934814453125, 1.0, 1.0, 1.0, 1.0, 78.71513366699219, 1.0, 1.0, 1.0, 1.0, 1.0, 1.0, 1.0, 1.0, 1.0, 102.94474029541016, 108.03286743164063, 1.0, 1.0, 1.0, 1.0, 1.0, 209.7331085205078, 1.0, 1.0, 101.8200912475586, 1.0, 1.0, 120.1257781982422, 1.0, 1.0, 108.91339874267578, 1.0, 120.2540512084961, 1.0, 1.0, 1.0, 1.0, 111.05274200439452, 1.0, 137.75344848632813, 110.5718231201172, 1.0, 1.0, 1.0, 1.0, 1.0, 113.15443420410156, 1.0, 1.0, 1.0, 1.0, 1.0, 1.0, 124.5980453491211, 142.53700256347656, 100.27295684814452, 1.0, 1.0, 1.0, 96.29581451416016, 1.0, 1.0, 1.0, 1.0, 210.9147491455078, 112.43791961669922, 1.0, 1.0, 1.0, 102.27661895751952, 1.0, 158.00369262695313, 1.0, 1.0, 1.0, 1.0, 1.0, 1.0, 1.0, 1.0, 1.0, 1.0, 1.0, 1.0, 1.0, 1.0, 1.0, 1.0, 118.8065948486328, 90.81153869628906, 133.96786499023438, 123.07068634033205, 1.0, 127.35945129394533, 107.52288055419922, 1.0, 1.0, 113.804931640625, 1.0, 1.0, 109.20843505859376, 1.0, 1.0, 90.13827514648438, 1.0, 125.06075286865234, 1.0, 1.0, 1.0, 111.260986328125, 128.94735717773438, 1.0, 126.4247055053711, 1.0, 121.1880340576172, 92.16293334960938, 95.39696502685548, 1.0, 1.0, 1.0, 123.01937103271484, 1.0, 1.0, 93.52633666992188, 137.6227264404297, 1.0, 1.0, 1.0, 1.0, 1.0, 97.92525482177734, 122.70101165771484, 1.0, 1.0, 141.82980346679688, 121.66460418701172, 1.0, 1.0, 1.0, 1.0, 1.0, 1.0, 134.35581970214844, 124.31578063964844, 1.0, 1.0, 1.0, 1.0, 213.21923828125, 1.0, 1.0, 1.0, 1.0, 93.49762725830078, 1.0, 1.0, 1.0, 101.03815460205078, 111.4580078125, 1.0, 1.0, 1.0, 1.0, 1.0, 1.0, 191.4119415283203, 1.0, 1.0, 1.0, 1.0, 1.0, 1.0, 1.0, 119.91690826416016, 117.36027526855467, 1.0, 100.55362701416016, 1.0, 133.1939697265625, 1.0, 109.63882446289063, 1.0, 1.0, 1.0, 1.0, 1.0, 108.5556411743164, 1.0, 1.0, 1.0, 112.54126739501952, 1.0, 1.0, 1.0, 93.88091278076172, 1.0, 1.0, 180.0272674560547, 132.2572021484375, 1.0, 1.0, 1.0, 1.0, 130.3162841796875, 122.96540069580078, 1.0, 1.0, 198.93917846679688, 123.3795394897461, 1.0, 201.30909729003903, 105.96451568603516, 1.0, 1.0, 1.0, 1.0, 1.0, 131.46376037597656, 1.0, 1.0, 120.38939666748048, 1.0, 1.0, 1.0, 1.0, 1.0, 1.0, 1.0, 1.0, 1.0, 108.23681640625, 1.0, 1.0, 1.0, 1.0, 1.0, 1.0, 86.50275421142578, 1.0, 122.35628509521484, 1.0, 111.6075439453125, 188.20957946777344, 1.0, 101.7471923828125, 1.0, 1.0, 1.0, 82.9847183227539, 1.0, 1.0, 1.0, 1.0, 1.0, 1.0, 1.0, 1.0, 1.0, 88.28398132324219, 115.1414566040039, 1.0, 1.0, 95.97608184814452, 1.0, 1.0, 1.0, 1.0, 1.0, 1.0, 1.0, 1.0, 1.0, 102.81180572509766, 1.0, 164.551025390625, 1.0, 1.0, 1.0, 1.0, 1.0, 1.0, 1.0, 1.0, 1.0, 167.08934020996094, 1.0, 138.1129608154297, 1.0, 200.2909240722656, 182.18942260742188, 1.0, 1.0, 1.0, 1.0, 1.0, 1.0, 176.19436645507813, 84.4425277709961, 175.30105590820313, 1.0, 1.0, 1.0, 1.0, 1.0, 186.5384826660156, 163.12045288085938, 1.0, 135.02955627441406, 1.0, 98.9612274169922, 1.0, 136.63552856445313, 1.0, 92.15441131591795, 1.0, 85.46287536621094, 1.0, 1.0, 105.56327056884766, 1.0, 1.0, 1.0, 93.44153594970705, 1.0, 1.0, 1.0, 1.0, 118.16268157958984, 198.2670440673828, 1.0, 1.0, 1.0, 1.0, 1.0, 1.0, 1.0, 112.34520721435548, 1.0, 90.25405883789063, 1.0, 1.0, 1.0, 1.0, 109.6977767944336, 1.0, 1.0, 1.0, 1.0, 1.0, 103.0973129272461, 1.0, 1.0, 114.24532318115234, 111.91062927246094, 178.84811401367188, 1.0, 187.9645233154297, 1.0, 107.05181121826172, 1.0, 1.0, 1.0, 119.16615295410156, 1.0, 1.0, 1.0, 1.0, 1.0, 117.20548248291016, 1.0, 116.38352966308594, 1.0, 1.0, 100.95030975341795, 1.0, 138.2363739013672, 1.0, 1.0, 1.0, 1.0, 124.95571899414063, 1.0, 141.69619750976563, 1.0, 1.0, 1.0, 1.0, 1.0, 99.37890625, 1.0, 1.0, 1.0, 1.0, 97.0040512084961, 1.0, 137.1707763671875, 89.20085144042969, 1.0, 1.0, 1.0, 1.0, 1.0 ]),(44,Array S Seq (Sz1 1000)
  [ 4.0, 1.0, 3.0, 5.0, 138.01341247558594, 1.0, 132.46034240722656, 1.0, 1.0, 3.0, 1.0, 2.0, 1.0, 3.0, 1.0, 1.0, 1.0, 195.7398681640625, 3.0, 4.0, 125.3662109375, 100.45612335205078, 1.0, 230.5116424560547, 181.67588806152344, 147.7611083984375, 1.0, 1.0, 118.65486145019533, 131.63455200195313, 123.69271850585938, 125.9864273071289, 3.0, 1.0, 3.0, 98.12364959716795, 1.0, 3.0, 125.39635467529295, 1.0, 1.0, 98.56956481933594, 1.0, 4.0, 188.5592803955078, 1.0, 1.0, 3.0, 1.0, 4.0, 142.63609313964844, 4.0, 1.0, 1.0, 111.1320571899414, 1.0, 109.53964233398438, 4.0, 3.0, 1.0, 3.0, 4.0, 1.0, 3.0, 4.0, 111.14727783203124, 3.0, 4.0, 3.0, 1.0, 1.0, 117.57294464111328, 2.0, 145.8654022216797, 164.04278564453125, 2.0, 1.0, 3.0, 1.0, 1.0, 135.8019256591797, 1.0, 4.0, 117.20513153076172, 121.85877990722656, 113.01095581054688, 1.0, 130.25531005859375, 1.0, 1.0, 95.25062561035156, 1.0, 1.0, 4.0, 4.0, 4.0, 3.0, 101.33263397216795, 4.0, 1.0, 3.0, 1.0, 3.0, 1.0, 1.0, 3.0, 3.0, 2.0, 220.2862243652344, 1.0, 5.0, 1.0, 1.0, 1.0, 105.52779388427734, 99.68030548095705, 1.0, 180.83546447753903, 2.0, 1.0, 3.0, 131.17535400390625, 1.0, 2.0, 1.0, 1.0, 94.65105438232422, 1.0, 141.61727905273438, 4.0, 2.0, 145.06817626953125, 1.0, 1.0, 107.42437744140624, 100.64950561523438, 1.0, 134.4632110595703, 1.0, 93.6827163696289, 3.0, 98.78213500976563, 125.27935028076172, 1.0, 169.24832153320313, 1.0, 139.6710205078125, 1.0, 180.83338928222656, 3.0, 2.0, 1.0, 1.0, 4.0, 1.0, 169.51242065429688, 1.0, 1.0, 1.0, 1.0, 99.2139663696289, 1.0, 1.0, 1.0, 1.0, 2.0, 2.0, 4.0, 1.0, 144.16954040527344, 1.0, 4.0, 1.0, 115.09339141845705, 1.0, 1.0, 1.0, 1.0, 1.0, 1.0, 1.0, 119.0601577758789, 4.0, 1.0, 3.0, 3.0, 1.0, 3.0, 101.06946563720705, 1.0, 1.0, 3.0, 4.0, 1.0, 1.0, 3.0, 1.0, 1.0, 1.0, 3.0, 3.0, 3.0, 114.79476928710938, 4.0, 3.0, 1.0, 1.0, 196.0348358154297, 1.0, 3.0, 1.0, 4.0, 115.68338012695313, 118.33258819580078, 1.0, 1.0, 4.0, 138.78173828125, 139.28744506835938, 4.0, 117.33659362792967, 1.0, 1.0, 1.0, 178.14915466308594, 3.0, 1.0, 1.0, 4.0, 1.0, 3.0, 1.0, 1.0, 1.0, 4.0, 3.0, 135.50515747070313, 160.59939575195313, 1.0, 1.0, 3.0, 3.0, 3.0, 4.0, 1.0, 1.0, 3.0, 1.0, 97.01697540283205, 1.0, 6.0, 1.0, 1.0, 4.0, 133.14422607421875, 1.0, 1.0, 1.0, 2.0, 116.9203643798828, 1.0, 1.0, 1.0, 110.6036148071289, 4.0, 1.0, 3.0, 4.0, 176.58807373046875, 1.0, 4.0, 4.0, 123.84322357177734, 1.0, 1.0, 6.0, 1.0, 1.0, 119.71439361572266, 6.0, 4.0, 1.0, 106.53526306152344, 96.0523452758789, 1.0, 1.0, 3.0, 126.93397521972656, 4.0, 1.0, 1.0, 1.0, 1.0, 121.0088348388672, 119.5029754638672, 126.56053161621094, 3.0, 4.0, 132.14598083496094, 3.0, 1.0, 1.0, 89.41312408447266, 1.0, 97.02692413330078, 4.0, 119.26365661621094, 134.45970153808594, 3.0, 5.0, 3.0, 101.28182983398438, 4.0, 94.6075439453125, 94.46876525878906, 1.0, 137.4488525390625, 3.0, 211.2836761474609, 2.0, 1.0, 4.0, 1.0, 114.7640380859375, 1.0, 135.9503936767578, 130.70127868652344, 4.0, 137.80044555664063, 89.28662872314453, 1.0, 1.0, 130.83872985839844, 6.0, 113.05498504638672, 1.0, 1.0, 4.0, 5.0, 105.09678649902344, 4.0, 122.81951141357422, 3.0, 5.0, 110.52544403076172, 115.51080322265624, 122.59165954589844, 1.0, 3.0, 4.0, 3.0, 104.6290283203125, 1.0, 96.34821319580078, 1.0, 1.0, 1.0, 4.0, 3.0, 117.70557403564452, 4.0, 1.0, 3.0, 1.0, 95.76242065429688, 1.0, 1.0, 116.5141372680664, 88.15782165527344, 3.0, 120.7089614868164, 4.0, 4.0, 1.0, 105.655517578125, 137.57460021972656, 3.0, 3.0, 1.0, 5.0, 193.0663604736328, 120.15084075927734, 1.0, 4.0, 1.0, 124.7280502319336, 1.0, 211.4979553222656, 1.0, 1.0, 166.6735076904297, 1.0, 1.0, 1.0, 1.0, 1.0, 1.0, 88.81338500976563, 3.0, 1.0, 95.30038452148438, 3.0, 144.10365295410156, 3.0, 1.0, 175.66940307617188, 5.0, 3.0, 1.0, 1.0, 118.42745208740234, 3.0, 1.0, 3.0, 1.0, 6.0, 6.0, 1.0, 96.7544937133789, 113.22957611083984, 1.0, 4.0, 1.0, 4.0, 3.0, 1.0, 99.88421630859376, 3.0, 128.21788787841797, 3.0, 3.0, 94.98644256591795, 132.99009704589844, 1.0, 89.97750854492188, 123.1999282836914, 1.0, 1.0, 3.0, 4.0, 1.0, 1.0, 4.0, 118.55187225341795, 1.0, 1.0, 125.03704833984376, 1.0, 1.0, 97.14032745361328, 1.0, 3.0, 119.3814926147461, 109.56224060058594, 4.0, 159.73794555664063, 1.0, 1.0, 3.0, 1.0, 3.0, 3.0, 3.0, 4.0, 3.0, 105.50216674804688, 4.0, 1.0, 99.54903411865234, 130.7976837158203, 1.0, 6.0, 1.0, 1.0, 6.0, 3.0, 4.0, 1.0, 2.0, 3.0, 3.0, 1.0, 141.177490234375, 4.0, 1.0, 3.0, 4.0, 127.6482391357422, 1.0, 157.5901336669922, 5.0, 3.0, 113.44416809082033, 214.61415100097656, 1.0, 128.01129150390625, 110.81842803955078, 3.0, 119.41241455078124, 3.0, 130.96310424804688, 1.0, 93.6087417602539, 4.0, 132.87777709960938, 1.0, 4.0, 2.0, 1.0, 105.17752075195313, 3.0, 4.0, 1.0, 3.0, 1.0, 3.0, 1.0, 1.0, 98.71143341064452, 3.0, 1.0, 98.66000366210938, 82.81594848632813, 1.0, 4.0, 3.0, 1.0, 3.0, 4.0, 1.0, 94.98185729980467, 4.0, 6.0, 124.54882049560548, 110.1447296142578, 125.89794921875, 110.60667419433594, 1.0, 2.0, 3.0, 1.0, 126.43759155273438, 176.41217041015625, 3.0, 1.0, 1.0, 104.21048736572266, 5.0, 129.56581115722656, 1.0, 1.0, 4.0, 3.0, 1.0, 109.88538360595705, 2.0, 5.0, 3.0, 1.0, 197.908920288086, 1.0, 5.0, 3.0, 1.0, 2.0, 1.0, 1.0, 4.0, 98.1094741821289, 1.0, 3.0, 2.0, 1.0, 3.0, 1.0, 114.64632415771484, 106.94384765625, 113.65746307373048, 1.0, 110.3374252319336, 1.0, 1.0, 108.91471099853516, 1.0, 1.0, 115.75985717773438, 2.0, 1.0, 1.0, 117.35077667236328, 89.42877960205078, 106.85904693603516, 4.0, 3.0, 3.0, 4.0, 157.17108154296875, 184.26934814453125, 3.0, 3.0, 1.0, 3.0, 80.71513366699219, 3.0, 3.0, 1.0, 1.0, 1.0, 1.0, 1.0, 3.0, 1.0, 103.94474029541016, 111.03286743164063, 3.0, 1.0, 4.0, 3.0, 3.0, 212.7331085205078, 4.0, 1.0, 101.8200912475586, 3.0, 1.0, 120.1257781982422, 4.0, 1.0, 108.91339874267578, 3.0, 122.2540512084961, 1.0, 1.0, 1.0, 1.0, 116.05274200439452, 3.0, 137.75344848632813, 110.5718231201172, 1.0, 1.0, 1.0, 1.0, 3.0, 113.15443420410156, 3.0, 1.0, 1.0, 1.0, 1.0, 3.0, 127.5980453491211, 142.53700256347656, 100.27295684814452, 3.0, 3.0, 3.0, 96.29581451416016, 4.0, 1.0, 1.0, 3.0, 210.9147491455078, 112.43791961669922, 1.0, 1.0, 1.0, 103.27661895751952, 1.0, 161.00369262695313, 1.0, 3.0, 1.0, 1.0, 6.0, 3.0, 1.0, 1.0, 5.0, 1.0, 1.0, 6.0, 1.0, 1.0, 1.0, 1.0, 118.8065948486328, 91.81153869628906, 133.96786499023438, 123.07068634033205, 1.0, 127.35945129394533, 109.52288055419922, 2.0, 4.0, 115.804931640625, 4.0, 1.0, 112.20843505859376, 1.0, 1.0, 90.13827514648438, 4.0, 125.06075286865234, 3.0, 1.0, 3.0, 111.260986328125, 128.94735717773438, 3.0, 128.4247055053711, 4.0, 121.1880340576172, 92.16293334960938, 97.39696502685548, 1.0, 3.0, 4.0, 123.01937103271484, 1.0, 1.0, 93.52633666992188, 139.6227264404297, 4.0, 1.0, 3.0, 1.0, 1.0, 97.92525482177734, 122.70101165771484, 3.0, 4.0, 141.82980346679688, 121.66460418701172, 1.0, 4.0, 1.0, 6.0, 4.0, 1.0, 134.35581970214844, 124.31578063964844, 4.0, 3.0, 1.0, 5.0, 215.21923828125, 1.0, 1.0, 4.0, 4.0, 93.49762725830078, 1.0, 3.0, 1.0, 104.03815460205078, 111.4580078125, 1.0, 4.0, 3.0, 3.0, 2.0, 1.0, 191.4119415283203, 1.0, 1.0, 1.0, 3.0, 3.0, 4.0, 4.0, 120.91690826416016, 117.36027526855467, 1.0, 100.55362701416016, 4.0, 136.1939697265625, 3.0, 109.63882446289063, 3.0, 1.0, 1.0, 5.0, 1.0, 108.5556411743164, 4.0, 3.0, 1.0, 114.54126739501952, 4.0, 1.0, 1.0, 96.88091278076172, 3.0, 1.0, 180.0272674560547, 134.2572021484375, 3.0, 3.0, 4.0, 4.0, 130.3162841796875, 124.96540069580078, 4.0, 1.0, 198.93917846679688, 124.3795394897461, 3.0, 201.30909729003903, 105.96451568603516, 3.0, 5.0, 4.0, 1.0, 1.0, 134.46376037597656, 1.0, 6.0, 120.38939666748048, 1.0, 2.0, 4.0, 1.0, 4.0, 3.0, 1.0, 4.0, 3.0, 108.23681640625, 1.0, 4.0, 1.0, 1.0, 1.0, 3.0, 86.50275421142578, 4.0, 124.35628509521484, 1.0, 113.6075439453125, 188.20957946777344, 1.0, 103.7471923828125, 1.0, 1.0, 3.0, 82.9847183227539, 3.0, 4.0, 2.0, 4.0, 3.0, 4.0, 1.0, 1.0, 1.0, 90.28398132324219, 116.1414566040039, 1.0, 1.0, 95.97608184814452, 1.0, 3.0, 1.0, 4.0, 3.0, 1.0, 4.0, 4.0, 3.0, 102.81180572509766, 2.0, 166.551025390625, 1.0, 1.0, 3.0, 3.0, 1.0, 1.0, 3.0, 4.0, 1.0, 167.08934020996094, 1.0, 141.1129608154297, 1.0, 200.2909240722656, 182.18942260742188, 3.0, 5.0, 3.0, 3.0, 1.0, 4.0, 179.19436645507813, 84.4425277709961, 175.30105590820313, 1.0, 1.0, 3.0, 1.0, 1.0, 188.5384826660156, 163.12045288085938, 1.0, 135.02955627441406, 1.0, 100.9612274169922, 1.0, 136.63552856445313, 1.0, 95.15441131591795, 3.0, 85.46287536621094, 1.0, 1.0, 108.56327056884766, 3.0, 3.0, 4.0, 93.44153594970705, 4.0, 3.0, 3.0, 3.0, 121.16268157958984, 198.2670440673828, 1.0, 1.0, 3.0, 3.0, 1.0, 3.0, 1.0, 112.34520721435548, 1.0, 90.25405883789063, 5.0, 3.0, 3.0, 3.0, 109.6977767944336, 1.0, 4.0, 3.0, 3.0, 4.0, 103.0973129272461, 1.0, 3.0, 115.24532318115234, 114.91062927246094, 180.84811401367188, 1.0, 188.9645233154297, 3.0, 107.05181121826172, 1.0, 4.0, 1.0, 123.16615295410156, 1.0, 1.0, 3.0, 3.0, 1.0, 121.20548248291016, 4.0, 116.38352966308594, 4.0, 1.0, 100.95030975341795, 1.0, 138.2363739013672, 3.0, 3.0, 3.0, 1.0, 126.95571899414063, 3.0, 141.69619750976563, 4.0, 3.0, 4.0, 1.0, 1.0, 101.37890625, 4.0, 3.0, 4.0, 4.0, 97.0040512084961, 1.0, 137.1707763671875, 91.20085144042969, 1.0, 3.0, 4.0, 1.0, 3.0 ]),(51,Array S Seq (Sz1 1000)
  [ 3.0, 0.0, 2.0, 4.0, 2.0, 1.0, 0.0, 0.0, 1.0, 3.0, 0.0, 1.0, 0.0, 3.0, 0.0, 0.0, 0.0, 1.0, 2.0, 4.0, 0.0, 0.0, 0.0, 4.0, 0.0, 4.0, 0.0, 0.0, 3.0, 0.0, 3.0, 2.0, 2.0, 0.0, 2.0, 0.0, 0.0, 3.0, 0.0, 0.0, 1.0, 3.0, 0.0, 3.0, 0.0, 1.0, 0.0, 2.0, 0.0, 3.0, 1.0, 3.0, 1.0, 0.0, 0.0, 0.0, 3.0, 3.0, 2.0, 1.0, 2.0, 4.0, 0.0, 2.0, 3.0, 0.0, 2.0, 3.0, 2.0, 0.0, 0.0, 0.0, 2.0, 1.0, 1.0, 2.0, 0.0, 2.0, 1.0, 0.0, 2.0, 0.0, 4.0, 2.0, 0.0, 0.0, 0.0, 1.0, 0.0, 0.0, 2.0, 1.0, 1.0, 3.0, 4.0, 4.0, 2.0, 6.0, 3.0, 0.0, 3.0, 0.0, 3.0, 0.0, 0.0, 3.0, 3.0, 1.0, 1.0, 0.0, 5.0, 1.0, 1.0, 1.0, 3.0, 3.0, 0.0, 0.0, 1.0, 0.0, 2.0, 0.0, 1.0, 1.0, 0.0, 1.0, 1.0, 0.0, 2.0, 4.0, 2.0, 0.0, 1.0, 0.0, 1.0, 5.0, 0.0, 1.0, 0.0, 1.0, 2.0, 1.0, 1.0, 0.0, 5.0, 1.0, 2.0, 1.0, 2.0, 2.0, 2.0, 1.0, 1.0, 3.0, 1.0, 0.0, 1.0, 0.0, 1.0, 1.0, 4.0, 0.0, 1.0, 1.0, 0.0, 2.0, 2.0, 3.0, 0.0, 4.0, 0.0, 3.0, 0.0, 3.0, 0.0, 0.0, 0.0, 1.0, 0.0, 0.0, 1.0, 1.0, 3.0, 0.0, 3.0, 2.0, 0.0, 2.0, 3.0, 0.0, 0.0, 2.0, 3.0, 0.0, 0.0, 3.0, 0.0, 1.0, 1.0, 3.0, 3.0, 2.0, 2.0, 3.0, 2.0, 0.0, 0.0, 0.0, 1.0, 2.0, 0.0, 3.0, 2.0, 0.0, 0.0, 0.0, 4.0, 3.0, 1.0, 3.0, 0.0, 0.0, 0.0, 0.0, 1.0, 3.0, 1.0, 1.0, 3.0, 1.0, 2.0, 1.0, 0.0, 1.0, 4.0, 3.0, 0.0, 1.0, 1.0, 1.0, 2.0, 2.0, 3.0, 3.0, 1.0, 1.0, 3.0, 1.0, 1.0, 0.0, 5.0, 0.0, 0.0, 3.0, 0.0, 1.0, 0.0, 0.0, 1.0, 3.0, 0.0, 0.0, 1.0, 0.0, 3.0, 1.0, 3.0, 3.0, 1.0, 0.0, 4.0, 3.0, 0.0, 0.0, 1.0, 5.0, 0.0, 0.0, 1.0, 6.0, 4.0, 1.0, 1.0, 2.0, 0.0, 0.0, 3.0, 1.0, 3.0, 1.0, 1.0, 1.0, 0.0, 5.0, 0.0, 1.0, 3.0, 3.0, 0.0, 2.0, 1.0, 0.0, 2.0, 1.0, 3.0, 4.0, 1.0, 1.0, 3.0, 4.0, 3.0, 3.0, 3.0, 1.0, 1.0, 0.0, 1.0, 2.0, 0.0, 2.0, 0.0, 3.0, 1.0, 0.0, 0.0, 1.0, 0.0, 3.0, 0.0, 1.0, 0.0, 1.0, 0.0, 5.0, 3.0, 0.0, 1.0, 3.0, 4.0, 5.0, 3.0, 0.0, 2.0, 4.0, 1.0, 0.0, 1.0, 1.0, 2.0, 3.0, 2.0, 3.0, 0.0, 3.0, 0.0, 0.0, 0.0, 4.0, 3.0, 4.0, 4.0, 1.0, 3.0, 1.0, 1.0, 0.0, 0.0, 4.0, 0.0, 2.0, 1.0, 3.0, 3.0, 1.0, 0.0, 2.0, 3.0, 3.0, 0.0, 4.0, 0.0, 3.0, 1.0, 3.0, 0.0, 3.0, 1.0, 4.0, 0.0, 0.0, 1.0, 0.0, 1.0, 1.0, 0.0, 0.0, 0.0, 2.0, 2.0, 0.0, 0.0, 2.0, 2.0, 2.0, 0.0, 2.0, 5.0, 2.0, 1.0, 0.0, 1.0, 2.0, 1.0, 3.0, 1.0, 6.0, 6.0, 0.0, 0.0, 1.0, 0.0, 4.0, 0.0, 4.0, 2.0, 0.0, 0.0, 2.0, 4.0, 2.0, 2.0, 2.0, 0.0, 0.0, 0.0, 4.0, 1.0, 0.0, 2.0, 3.0, 0.0, 0.0, 3.0, 3.0, 0.0, 0.0, 1.0, 0.0, 0.0, 1.0, 0.0, 3.0, 3.0, 0.0, 4.0, 1.0, 1.0, 0.0, 2.0, 0.0, 3.0, 2.0, 2.0, 3.0, 2.0, 4.0, 4.0, 1.0, 1.0, 3.0, 1.0, 5.0, 1.0, 0.0, 6.0, 2.0, 4.0, 1.0, 2.0, 3.0, 2.0, 0.0, 4.0, 3.0, 1.0, 2.0, 3.0, 4.0, 0.0, 3.0, 4.0, 2.0, 1.0, 0.0, 1.0, 0.0, 0.0, 2.0, 1.0, 2.0, 4.0, 0.0, 1.0, 3.0, 1.0, 0.0, 3.0, 1.0, 1.0, 2.0, 3.0, 3.0, 1.0, 2.0, 0.0, 2.0, 1.0, 0.0, 1.0, 2.0, 1.0, 4.0, 1.0, 1.0, 4.0, 3.0, 0.0, 2.0, 3.0, 0.0, 1.0, 3.0, 6.0, 2.0, 1.0, 1.0, 1.0, 0.0, 1.0, 3.0, 0.0, 4.0, 0.0, 2.0, 1.0, 1.0, 0.0, 4.0, 5.0, 1.0, 1.0, 3.0, 2.0, 0.0, 1.0, 1.0, 4.0, 2.0, 0.0, 3.0, 0.0, 5.0, 2.0, 0.0, 1.0, 0.0, 1.0, 4.0, 4.0, 1.0, 2.0, 2.0, 0.0, 2.0, 0.0, 0.0, 1.0, 0.0, 0.0, 1.0, 0.0, 1.0, 1.0, 0.0, 0.0, 0.0, 2.0, 0.0, 0.0, 3.0, 3.0, 3.0, 4.0, 3.0, 2.0, 3.0, 0.0, 1.0, 2.0, 2.0, 0.0, 2.0, 3.0, 2.0, 2.0, 1.0, 0.0, 0.0, 0.0, 1.0, 2.0, 0.0, 1.0, 4.0, 3.0, 0.0, 4.0, 2.0, 2.0, 4.0, 3.0, 1.0, 0.0, 3.0, 1.0, 1.0, 3.0, 0.0, 0.0, 2.0, 2.0, 0.0, 0.0, 0.0, 0.0, 5.0, 2.0, 0.0, 0.0, 0.0, 0.0, 1.0, 1.0, 2.0, 0.0, 3.0, 0.0, 1.0, 0.0, 1.0, 2.0, 4.0, 0.0, 1.0, 2.0, 2.0, 3.0, 0.0, 4.0, 0.0, 1.0, 3.0, 1.0, 0.0, 1.0, 0.0, 0.0, 1.0, 0.0, 3.0, 0.0, 2.0, 0.0, 1.0, 5.0, 2.0, 1.0, 1.0, 4.0, 0.0, 1.0, 6.0, 1.0, 0.0, 1.0, 0.0, 0.0, 2.0, 0.0, 0.0, 0.0, 0.0, 2.0, 1.0, 3.0, 3.0, 3.0, 1.0, 3.0, 0.0, 0.0, 0.0, 4.0, 0.0, 3.0, 1.0, 2.0, 0.0, 0.0, 3.0, 2.0, 3.0, 1.0, 0.0, 2.0, 1.0, 2.0, 4.0, 1.0, 1.0, 0.0, 1.0, 2.0, 3.0, 0.0, 2.0, 0.0, 1.0, 0.0, 0.0, 2.0, 4.0, 0.0, 1.0, 1.0, 3.0, 1.0, 6.0, 3.0, 0.0, 1.0, 0.0, 3.0, 2.0, 1.0, 5.0, 3.0, 0.0, 1.0, 4.0, 3.0, 0.0, 0.0, 3.0, 1.0, 4.0, 1.0, 0.0, 3.0, 3.0, 2.0, 2.0, 1.0, 0.0, 0.0, 0.0, 0.0, 2.0, 3.0, 3.0, 3.0, 2.0, 1.0, 0.0, 1.0, 3.0, 4.0, 3.0, 0.0, 2.0, 0.0, 0.0, 5.0, 1.0, 0.0, 3.0, 3.0, 0.0, 2.0, 3.0, 0.0, 0.0, 3.0, 2.0, 0.0, 0.0, 2.0, 2.0, 2.0, 3.0, 3.0, 0.0, 2.0, 4.0, 1.0, 1.0, 2.0, 3.0, 1.0, 1.0, 2.0, 5.0, 3.0, 0.0, 0.0, 3.0, 1.0, 5.0, 0.0, 0.0, 2.0, 3.0, 1.0, 4.0, 3.0, 0.0, 3.0, 2.0, 1.0, 1.0, 3.0, 0.0, 0.0, 0.0, 2.0, 0.0, 4.0, 2.0, 0.0, 2.0, 0.0, 1.0, 3.0, 0.0, 0.0, 2.0, 0.0, 2.0, 3.0, 1.0, 3.0, 2.0, 3.0, 1.0, 0.0, 1.0, 2.0, 1.0, 0.0, 1.0, 1.0, 0.0, 2.0, 0.0, 4.0, 2.0, 0.0, 4.0, 4.0, 2.0, 1.0, 1.0, 3.0, 1.0, 0.0, 3.0, 3.0, 0.0, 0.0, 3.0, 4.0, 0.0, 1.0, 0.0, 4.0, 0.0, 0.0, 1.0, 2.0, 4.0, 2.0, 2.0, 0.0, 4.0, 4.0, 0.0, 1.0, 0.0, 0.0, 2.0, 1.0, 1.0, 2.0, 1.0, 1.0, 0.0, 0.0, 2.0, 1.0, 0.0, 0.0, 4.0, 2.0, 1.0, 0.0, 0.0, 4.0, 3.0, 3.0, 3.0, 0.0, 3.0, 2.0, 3.0, 3.0, 3.0, 0.0, 0.0, 0.0, 3.0, 2.0, 1.0, 2.0, 1.0, 0.0, 0.0, 0.0, 5.0, 2.0, 2.0, 2.0, 0.0, 1.0, 3.0, 2.0, 2.0, 3.0, 1.0, 0.0, 2.0, 1.0, 3.0, 2.0, 0.0, 1.0, 2.0, 1.0, 0.0, 4.0, 0.0, 5.0, 0.0, 1.0, 2.0, 3.0, 0.0, 5.0, 3.0, 1.0, 3.0, 1.0, 0.0, 0.0, 1.0, 2.0, 2.0, 3.0, 0.0, 3.0, 3.0, 0.0, 3.0, 2.0, 4.0, 0.0, 1.0, 3.0, 3.0, 3.0, 3.0, 3.0, 0.0, 1.0, 0.0, 2.0, 1.0, 2.0, 4.0, 1.0, 3.0 ]),(60,Array S Seq (Sz1 1000)
  [ 0.3333333333333333, Infinity, 0.5, 0.25, 0.5, Infinity, Infinity, Infinity, Infinity, 0.5, Infinity, 1.0, Infinity, 0.5, Infinity, Infinity, Infinity, Infinity, 0.5, 0.3333333333333333, Infinity, Infinity, Infinity, 0.3333333333333333, Infinity, 0.25, Infinity, Infinity, 0.5, Infinity, 0.5, 0.5, 0.5, Infinity, 0.5, Infinity, Infinity, 0.5, Infinity, Infinity, Infinity, 0.3333333333333333, Infinity, 0.3333333333333333, Infinity, Infinity, Infinity, 0.5, Infinity, 0.3333333333333333, Infinity, 0.3333333333333333, Infinity, Infinity, Infinity, Infinity, 0.3333333333333333, 0.3333333333333333, 0.5, Infinity, 0.5, 0.3333333333333333, Infinity, 0.5, 0.3333333333333333, Infinity, 0.5, 0.3333333333333333, 0.5, Infinity, Infinity, Infinity, 1.0, Infinity, Infinity, 1.0, Infinity, 0.5, Infinity, Infinity, 0.5, Infinity, 0.3333333333333333, 0.5, Infinity, Infinity, Infinity, Infinity, Infinity, Infinity, 1.0, Infinity, Infinity, 0.3333333333333333, 0.3333333333333333, 0.3333333333333333, 0.5, 0.2, 0.3333333333333333, Infinity, 0.5, Infinity, 0.5, Infinity, Infinity, 0.5, 0.5, 1.0, Infinity, Infinity, 0.25, Infinity, Infinity, Infinity, 0.3333333333333333, 0.5, Infinity, Infinity, 1.0, Infinity, 0.5, Infinity, Infinity, 1.0, Infinity, Infinity, Infinity, Infinity, 0.5, 0.3333333333333333, 1.0, Infinity, Infinity, Infinity, Infinity, 0.2, Infinity, Infinity, Infinity, Infinity, 0.5, 1.0, 1.0, Infinity, 0.2, Infinity, 0.5, Infinity, 0.5, 0.5, 1.0, Infinity, Infinity, 0.3333333333333333, Infinity, Infinity, Infinity, Infinity, Infinity, Infinity, 0.25, Infinity, Infinity, Infinity, Infinity, 1.0, 1.0, 0.3333333333333333, Infinity, 0.3333333333333333, Infinity, 0.3333333333333333, Infinity, 0.3333333333333333, Infinity, Infinity, Infinity, Infinity, Infinity, Infinity, Infinity, Infinity, 0.3333333333333333, Infinity, 0.5, 0.5, Infinity, 0.5, 0.5, Infinity, Infinity, 0.5, 0.3333333333333333, Infinity, Infinity, 0.5, Infinity, Infinity, Infinity, 0.5, 0.5, 0.5, 0.5, 0.3333333333333333, 0.5, Infinity, Infinity, Infinity, Infinity, 0.5, Infinity, 0.3333333333333333, 0.5, Infinity, Infinity, Infinity, 0.3333333333333333, 0.5, Infinity, 0.3333333333333333, Infinity, Infinity, Infinity, Infinity, Infinity, 0.5, Infinity, Infinity, 0.3333333333333333, Infinity, 0.5, Infinity, Infinity, Infinity, 0.3333333333333333, 0.5, Infinity, 1.0, Infinity, Infinity, 0.5, 0.5, 0.5, 0.3333333333333333, Infinity, Infinity, 0.5, Infinity, Infinity, Infinity, 0.2, Infinity, Infinity, 0.3333333333333333, Infinity, Infinity, Infinity, Infinity, 1.0, 0.5, Infinity, Infinity, Infinity, Infinity, 0.3333333333333333, Infinity, 0.5, 0.3333333333333333, Infinity, Infinity, 0.3333333333333333, 0.3333333333333333, Infinity, Infinity, Infinity, 0.2, Infinity, Infinity, Infinity, 0.2, 0.3333333333333333, Infinity, Infinity, 0.5, Infinity, Infinity, 0.5, Infinity, 0.3333333333333333, Infinity, Infinity, Infinity, Infinity, 0.25, Infinity, 1.0, 0.5, 0.3333333333333333, Infinity, 0.5, Infinity, Infinity, 0.5, Infinity, 0.5, 0.3333333333333333, Infinity, Infinity, 0.5, 0.25, 0.5, 0.5, 0.3333333333333333, Infinity, Infinity, Infinity, Infinity, 0.5, Infinity, 1.0, Infinity, 0.3333333333333333, Infinity, Infinity, Infinity, Infinity, Infinity, 0.3333333333333333, Infinity, 1.0, Infinity, Infinity, Infinity, 0.2, 0.5, Infinity, Infinity, 0.3333333333333333, 0.25, 0.2, 0.3333333333333333, Infinity, 0.5, 0.25, Infinity, Infinity, Infinity, Infinity, 0.5, 0.3333333333333333, 0.5, 0.3333333333333333, Infinity, 0.5, Infinity, Infinity, Infinity, 0.3333333333333333, 0.5, 0.3333333333333333, 0.3333333333333333, Infinity, 0.5, Infinity, Infinity, Infinity, Infinity, 0.25, Infinity, 0.5, Infinity, 0.3333333333333333, 0.3333333333333333, Infinity, Infinity, 0.5, 0.5, 0.5, Infinity, 0.25, Infinity, 0.3333333333333333, Infinity, 0.3333333333333333, Infinity, 0.5, Infinity, 0.3333333333333333, Infinity, Infinity, Infinity, Infinity, Infinity, Infinity, Infinity, Infinity, Infinity, 0.5, 0.5, Infinity, Infinity, 0.5, 0.5, 0.5, Infinity, 0.5, 0.25, 0.5, Infinity, Infinity, Infinity, 0.5, Infinity, 0.5, Infinity, 0.2, 0.2, Infinity, Infinity, 1.0, Infinity, 0.3333333333333333, Infinity, 0.3333333333333333, 0.5, Infinity, Infinity, 0.5, 0.3333333333333333, 0.5, 0.5, 0.5, Infinity, Infinity, Infinity, 0.3333333333333333, Infinity, Infinity, 0.5, 0.3333333333333333, Infinity, Infinity, 0.3333333333333333, 0.3333333333333333, Infinity, Infinity, Infinity, Infinity, Infinity, Infinity, Infinity, 0.5, 0.3333333333333333, Infinity, 0.3333333333333333, Infinity, Infinity, Infinity, 0.5, Infinity, 0.5, 0.5, 0.5, 0.3333333333333333, 0.5, 0.3333333333333333, 0.3333333333333333, Infinity, Infinity, 0.3333333333333333, Infinity, 0.2, Infinity, Infinity, 0.2, 0.5, 0.3333333333333333, Infinity, 1.0, 0.5, 0.5, Infinity, 0.3333333333333333, 0.3333333333333333, Infinity, 0.5, 0.3333333333333333, 0.3333333333333333, Infinity, 0.3333333333333333, 0.25, 0.5, Infinity, Infinity, Infinity, Infinity, Infinity, 0.5, Infinity, 0.5, 0.3333333333333333, Infinity, Infinity, 0.3333333333333333, Infinity, Infinity, 0.3333333333333333, 1.0, Infinity, 1.0, 0.5, 0.3333333333333333, Infinity, 0.5, Infinity, 0.5, Infinity, Infinity, Infinity, 0.5, Infinity, 0.3333333333333333, Infinity, Infinity, 0.3333333333333333, 0.5, Infinity, 0.5, 0.3333333333333333, Infinity, Infinity, 0.3333333333333333, 0.2, 0.5, Infinity, Infinity, Infinity, Infinity, 1.0, 0.5, Infinity, 0.25, Infinity, 0.5, Infinity, Infinity, Infinity, 0.25, 0.2, Infinity, Infinity, 0.3333333333333333, 0.5, Infinity, Infinity, 1.0, 0.25, 0.5, Infinity, 0.5, Infinity, 0.25, 0.5, Infinity, 1.0, Infinity, Infinity, 0.3333333333333333, 0.3333333333333333, Infinity, 0.5, 1.0, Infinity, 0.5, Infinity, Infinity, Infinity, Infinity, Infinity, Infinity, Infinity, Infinity, Infinity, Infinity, Infinity, Infinity, 1.0, Infinity, Infinity, 0.5, 0.3333333333333333, 0.3333333333333333, 0.3333333333333333, 0.5, 0.5, 0.3333333333333333, Infinity, Infinity, 0.5, 0.5, Infinity, 0.5, 0.5, 0.5, 0.5, Infinity, Infinity, Infinity, Infinity, Infinity, 0.5, Infinity, 1.0, 0.3333333333333333, 0.5, Infinity, 0.3333333333333333, 0.5, 0.5, 0.3333333333333333, 0.3333333333333333, Infinity, Infinity, 0.5, Infinity, Infinity, 0.3333333333333333, Infinity, Infinity, 0.5, 0.5, Infinity, Infinity, Infinity, Infinity, 0.2, 0.5, Infinity, Infinity, Infinity, Infinity, Infinity, Infinity, 0.5, Infinity, 0.5, Infinity, Infinity, Infinity, Infinity, 0.5, 0.3333333333333333, Infinity, Infinity, 0.5, 0.5, 0.5, Infinity, 0.3333333333333333, Infinity, Infinity, 0.5, Infinity, Infinity, Infinity, Infinity, Infinity, 1.0, Infinity, 0.3333333333333333, Infinity, 0.5, Infinity, Infinity, 0.2, 0.5, Infinity, Infinity, 0.25, Infinity, Infinity, 0.2, Infinity, Infinity, Infinity, Infinity, Infinity, 1.0, Infinity, Infinity, Infinity, Infinity, 0.5, 1.0, 0.3333333333333333, 0.5, 0.3333333333333333, Infinity, 0.3333333333333333, Infinity, Infinity, Infinity, 0.3333333333333333, Infinity, 0.5, Infinity, 0.5, Infinity, Infinity, 0.5, 0.5, 0.3333333333333333, Infinity, Infinity, 0.5, Infinity, 0.5, 0.3333333333333333, Infinity, Infinity, Infinity, Infinity, 0.5, 0.3333333333333333, Infinity, 0.5, Infinity, Infinity, Infinity, Infinity, 0.5, 0.3333333333333333, Infinity, Infinity, Infinity, 0.3333333333333333, Infinity, 0.2, 0.3333333333333333, Infinity, Infinity, Infinity, 0.3333333333333333, 0.5, Infinity, 0.25, 0.5, Infinity, Infinity, 0.3333333333333333, 0.3333333333333333, Infinity, Infinity, 0.5, Infinity, 0.3333333333333333, Infinity, Infinity, 0.3333333333333333, 0.5, 0.5, 1.0, Infinity, Infinity, Infinity, Infinity, Infinity, 0.5, 0.5, 0.3333333333333333, 0.3333333333333333, 1.0, Infinity, Infinity, Infinity, 0.3333333333333333, 0.3333333333333333, 0.5, Infinity, 0.5, Infinity, Infinity, 0.25, Infinity, Infinity, 0.3333333333333333, 0.5, Infinity, 0.5, 0.3333333333333333, Infinity, Infinity, 0.3333333333333333, 0.5, Infinity, Infinity, 0.5, 0.5, 0.5, 0.3333333333333333, 0.3333333333333333, Infinity, 0.5, 0.3333333333333333, Infinity, Infinity, 1.0, 0.5, Infinity, Infinity, 0.5, 0.25, 0.3333333333333333, Infinity, Infinity, 0.3333333333333333, Infinity, 0.2, Infinity, Infinity, 1.0, 0.3333333333333333, Infinity, 0.3333333333333333, 0.5, Infinity, 0.3333333333333333, 0.5, Infinity, Infinity, 0.3333333333333333, Infinity, Infinity, Infinity, 0.5, Infinity, 0.3333333333333333, 0.5, Infinity, 0.5, Infinity, Infinity, 0.5, Infinity, Infinity, 0.5, Infinity, 0.5, 0.3333333333333333, 1.0, 0.3333333333333333, 0.5, 0.3333333333333333, Infinity, Infinity, Infinity, 0.5, 1.0, Infinity, Infinity, Infinity, Infinity, 0.5, Infinity, 0.3333333333333333, 0.5, Infinity, 0.3333333333333333, 0.3333333333333333, 0.5, Infinity, 1.0, 0.5, Infinity, Infinity, 0.5, 0.5, Infinity, Infinity, 0.5, 0.3333333333333333, Infinity, Infinity, Infinity, 0.3333333333333333, Infinity, Infinity, Infinity, 0.5, 0.25, 0.5, 0.5, Infinity, 0.3333333333333333, 0.3333333333333333, Infinity, Infinity, Infinity, Infinity, 0.5, Infinity, Infinity, 0.5, Infinity, Infinity, Infinity, Infinity, 0.5, Infinity, Infinity, Infinity, 0.3333333333333333, 0.5, Infinity, Infinity, Infinity, 0.3333333333333333, 0.5, 0.5, 0.3333333333333333, Infinity, 0.3333333333333333, 0.5, 0.5, 0.5, 0.3333333333333333, Infinity, Infinity, Infinity, 0.5, 0.5, Infinity, 0.5, Infinity, Infinity, Infinity, Infinity, 0.25, 0.5, 0.5, 0.5, Infinity, Infinity, 0.3333333333333333, 0.5, 0.5, 0.3333333333333333, Infinity, Infinity, 0.5, 1.0, 0.3333333333333333, 0.5, Infinity, 1.0, 0.5, Infinity, Infinity, 0.3333333333333333, Infinity, 0.25, Infinity, Infinity, 0.5, 0.5, Infinity, 0.25, 0.3333333333333333, Infinity, 0.3333333333333333, Infinity, Infinity, Infinity, Infinity, 0.5, 0.5, 0.5, Infinity, 0.5, 0.5, Infinity, 0.3333333333333333, 0.5, 0.3333333333333333, Infinity, Infinity, 0.5, 0.3333333333333333, 0.5, 0.3333333333333333, 0.3333333333333333, Infinity, Infinity, Infinity, 0.5, Infinity, 0.5, 0.3333333333333333, Infinity, 0.5 ]),(70,Array S Seq (Sz1 1000)
  [ 1.0, 1.0, 1.0, 1.0, 1.0, 1.0, 1.0, 1.0, 1.0, 1.0, 1.0, 1.0, 1.0, 1.0, 0.0, 1.0, 1.0, 0.0, 1.0, 1.0, 0.0, 1.0, 1.0, 1.0, 1.0, 1.0, 1.0, 1.0, 1.0, 1.0, 1.0, 1.0, 0.0, 1.0, 1.0, 1.0, 1.0, 1.0, 1.0, 1.0, 0.0, 0.0, 1.0, 1.0, 1.0, 1.0, 1.0, 1.0, 1.0, 1.0, 1.0, 1.0, 1.0, 1.0, 1.0, 1.0, 1.0, 1.0, 1.0, 1.0, 1.0, 1.0, 1.0, 1.0, 1.0, 1.0, 1.0, 1.0, 1.0, 1.0, 1.0, 1.0, 1.0, 1.0, 1.0, 1.0, 1.0, 1.0, 0.0, 1.0, 1.0, 1.0, 1.0, 0.0, 1.0, 1.0, 1.0, 1.0, 1.0, 1.0, 1.0, 1.0, 1.0, 1.0, 1.0, 0.0, 1.0, 1.0, 1.0, 1.0, 1.0, 0.0, 1.0, 1.0, 1.0, 0.0, 1.0, 0.0, 0.0, 1.0, 1.0, 1.0, 1.0, 1.0, 1.0, 0.0, 1.0, 1.0, 1.0, 1.0, 1.0, 0.0, 1.0, 1.0, 1.0, 1.0, 1.0, 1.0, 1.0, 1.0, 1.0, 0.0, 0.0, 1.0, 1.0, 1.0, 1.0, 1.0, 1.0, 1.0, 1.0, 1.0, 1.0, 1.0, 0.0, 1.0, 0.0, 1.0, 1.0, 1.0, 1.0, 1.0, 1.0, 1.0, 0.0, 1.0, 1.0, 0.0, 0.0, 1.0, 1.0, 1.0, 1.0, 1.0, 1.0, 1.0, 0.0, 1.0, 1.0, 1.0, 1.0, 1.0, 0.0, 1.0, 1.0, 1.0, 1.0, 1.0, 1.0, 1.0, 1.0, 1.0, 1.0, 1.0, 1.0, 1.0, 1.0, 1.0, 0.0, 1.0, 0.0, 1.0, 1.0, 1.0, 1.0, 1.0, 1.0, 1.0, 1.0, 0.0, 1.0, 1.0, 1.0, 1.0, 0.0, 1.0, 0.0, 1.0, 0.0, 1.0, 0.0, 1.0, 0.0, 1.0, 0.0, 1.0, 1.0, 1.0, 1.0, 1.0, 1.0, 1.0, 1.0, 1.0, 1.0, 1.0, 1.0, 1.0, 1.0, 1.0, 1.0, 1.0, 1.0, 0.0, 1.0, 1.0, 1.0, 1.0, 1.0, 1.0, 1.0, 1.0, 1.0, 1.0, 1.0, 0.0, 1.0, 1.0, 1.0, 1.0, 1.0, 1.0, 1.0, 1.0, 1.0, 1.0, 1.0, 1.0, 1.0, 1.0, 1.0, 1.0, 1.0, 1.0, 1.0, 1.0, 0.0, 1.0, 1.0, 0.0, 1.0, 1.0, 0.0, 1.0, 1.0, 1.0, 1.0, 1.0, 1.0, 1.0, 1.0, 1.0, 1.0, 1.0, 1.0, 1.0, 1.0, 0.0, 1.0, 0.0, 1.0, 1.0, 1.0, 1.0, 0.0, 1.0, 1.0, 1.0, 1.0, 1.0, 0.0, 1.0, 1.0, 1.0, 1.0, 1.0, 1.0, 1.0, 1.0, 1.0, 1.0, 1.0, 1.0, 1.0, 0.0, 1.0, 0.0, 1.0, 1.0, 1.0, 1.0, 1.0, 1.0, 1.0, 1.0, 1.0, 0.0, 1.0, 1.0, 1.0, 1.0, 1.0, 1.0, 1.0, 0.0, 1.0, 1.0, 1.0, 0.0, 1.0, 1.0, 1.0, 1.0, 1.0, 1.0, 0.0, 1.0, 1.0, 1.0, 1.0, 1.0, 1.0, 1.0, 0.0, 0.0, 1.0, 0.0, 1.0, 1.0, 1.0, 1.0, 1.0, 1.0, 1.0, 1.0, 1.0, 1.0, 0.0, 1.0, 1.0, 0.0, 1.0, 1.0, 1.0, 1.0, 0.0, 1.0, 1.0, 1.0, 0.0, 0.0, 1.0, 0.0, 1.0, 1.0, 1.0, 1.0, 1.0, 0.0, 1.0, 1.0, 1.0, 1.0, 0.0, 1.0, 1.0, 1.0, 1.0, 1.0, 1.0, 0.0, 1.0, 1.0, 1.0, 1.0, 1.0, 1.0, 1.0, 1.0, 1.0, 1.0, 1.0, 1.0, 1.0, 1.0, 1.0, 1.0, 1.0, 0.0, 1.0, 1.0, 1.0, 1.0, 1.0, 1.0, 1.0, 0.0, 1.0, 0.0, 1.0, 1.0, 0.0, 1.0, 1.0, 1.0, 1.0, 1.0, 1.0, 1.0, 0.0, 1.0, 1.0, 1.0, 1.0, 1.0, 1.0, 1.0, 1.0, 0.0, 1.0, 1.0, 1.0, 1.0, 1.0, 1.0, 1.0, 1.0, 1.0, 1.0, 1.0, 1.0, 1.0, 1.0, 1.0, 1.0, 1.0, 1.0, 1.0, 1.0, 0.0, 1.0, 1.0, 1.0, 0.0, 1.0, 0.0, 1.0, 1.0, 1.0, 1.0, 1.0, 1.0, 0.0, 1.0, 1.0, 0.0, 1.0, 1.0, 0.0, 1.0, 1.0, 1.0, 0.0, 0.0, 1.0, 1.0, 1.0, 1.0, 1.0, 1.0, 1.0, 1.0, 0.0, 0.0, 1.0, 1.0, 1.0, 1.0, 1.0, 1.0, 1.0, 1.0, 0.0, 1.0, 0.0, 1.0, 1.0, 1.0, 1.0, 1.0, 1.0, 1.0, 1.0, 1.0, 1.0, 1.0, 1.0, 1.0, 1.0, 1.0, 1.0, 1.0, 1.0, 1.0, 1.0, 1.0, 1.0, 1.0, 1.0, 1.0, 1.0, 0.0, 1.0, 1.0, 1.0, 1.0, 1.0, 1.0, 1.0, 1.0, 1.0, 1.0, 1.0, 1.0, 1.0, 1.0, 1.0, 1.0, 1.0, 1.0, 1.0, 1.0, 1.0, 1.0, 0.0, 1.0, 1.0, 1.0, 1.0, 1.0, 1.0, 1.0, 1.0, 1.0, 1.0, 0.0, 1.0, 1.0, 1.0, 0.0, 1.0, 0.0, 1.0, 1.0, 1.0, 1.0, 1.0, 1.0, 1.0, 1.0, 1.0, 1.0, 1.0, 1.0, 1.0, 1.0, 1.0, 0.0, 1.0, 1.0, 0.0, 1.0, 1.0, 1.0, 1.0, 1.0, 1.0, 1.0, 0.0, 0.0, 1.0, 1.0, 1.0, 1.0, 1.0, 1.0, 1.0, 1.0, 1.0, 1.0, 0.0, 1.0, 1.0, 1.0, 1.0, 0.0, 1.0, 0.0, 1.0, 0.0, 1.0, 1.0, 1.0, 1.0, 1.0, 1.0, 1.0, 0.0, 0.0, 1.0, 1.0, 1.0, 1.0, 1.0, 1.0, 1.0, 1.0, 0.0, 1.0, 0.0, 1.0, 1.0, 1.0, 1.0, 1.0, 0.0, 1.0, 0.0, 1.0, 1.0, 0.0, 1.0, 1.0, 0.0, 1.0, 1.0, 1.0, 1.0, 1.0, 1.0, 1.0, 1.0, 0.0, 1.0, 1.0, 1.0, 1.0, 1.0, 1.0, 0.0, 1.0, 1.0, 1.0, 1.0, 1.0, 1.0, 1.0, 0.0, 0.0, 1.0, 1.0, 0.0, 1.0, 1.0, 1.0, 0.0, 0.0, 1.0, 1.0, 1.0, 1.0, 1.0, 0.0, 1.0, 1.0, 1.0, 0.0, 1.0, 0.0, 0.0, 0.0, 1.0, 1.0, 1.0, 1.0, 0.0, 1.0, 1.0, 1.0, 1.0, 1.0, 1.0, 1.0, 1.0, 1.0, 1.0, 1.0, 0.0, 1.0, 1.0, 1.0, 1.0, 0.0, 0.0, 1.0, 1.0, 1.0, 1.0, 1.0, 1.0, 1.0, 1.0, 1.0, 1.0, 1.0, 1.0, 0.0, 1.0, 1.0, 1.0, 1.0, 1.0, 1.0, 1.0, 1.0, 1.0, 1.0, 1.0, 1.0, 1.0, 1.0, 1.0, 1.0, 1.0, 1.0, 1.0, 1.0, 1.0, 1.0, 1.0, 1.0, 0.0, 1.0, 1.0, 1.0, 1.0, 1.0, 1.0, 1.0, 1.0, 1.0, 1.0, 1.0, 1.0, 1.0, 1.0, 1.0, 1.0, 1.0, 1.0, 1.0, 1.0, 1.0, 1.0, 1.0, 1.0, 0.0, 1.0, 1.0, 1.0, 1.0, 1.0, 1.0, 1.0, 1.0, 1.0, 1.0, 1.0, 1.0, 1.0, 1.0, 1.0, 1.0, 1.0, 1.0, 0.0, 0.0, 1.0, 0.0, 1.0, 1.0, 0.0, 1.0, 1.0, 1.0, 1.0, 1.0, 1.0, 1.0, 0.0, 1.0, 0.0, 1.0, 1.0, 1.0, 1.0, 1.0, 0.0, 1.0, 1.0, 1.0, 1.0, 1.0, 1.0, 1.0, 1.0, 1.0, 1.0, 0.0, 1.0, 1.0, 1.0, 1.0, 1.0, 1.0, 1.0, 1.0, 1.0, 0.0, 1.0, 0.0, 1.0, 1.0, 0.0, 0.0, 1.0, 1.0, 1.0, 1.0, 1.0, 1.0, 1.0, 1.0, 0.0, 1.0, 0.0, 1.0, 1.0, 1.0, 1.0, 0.0, 1.0, 1.0, 1.0, 0.0, 1.0, 1.0, 1.0, 1.0, 1.0, 1.0, 1.0, 1.0, 1.0, 1.0, 1.0, 0.0, 0.0, 1.0, 1.0, 0.0, 1.0, 0.0, 1.0, 1.0, 1.0, 1.0, 0.0, 1.0, 1.0, 0.0, 1.0, 1.0, 0.0, 1.0, 1.0, 1.0, 1.0, 0.0, 1.0, 0.0, 1.0, 1.0, 1.0, 1.0, 1.0, 1.0, 0.0, 1.0, 0.0, 0.0, 1.0, 1.0, 0.0, 1.0, 1.0, 1.0, 1.0, 1.0, 1.0, 1.0, 1.0, 1.0, 1.0, 1.0, 1.0, 1.0, 1.0, 1.0, 1.0, 1.0, 1.0, 1.0, 1.0, 0.0, 1.0, 1.0, 1.0, 0.0, 1.0, 1.0, 1.0, 1.0, 1.0, 0.0, 1.0, 1.0, 1.0, 1.0, 1.0, 1.0, 1.0, 1.0, 1.0, 1.0, 1.0, 1.0, 1.0, 1.0, 1.0, 1.0, 1.0, 1.0, 1.0, 1.0, 1.0, 0.0, 1.0, 1.0, 1.0, 1.0, 1.0, 1.0, 1.0, 1.0, 1.0, 1.0, 1.0, 1.0, 1.0 ]),(78,Array S Seq (Sz1 1000)
  [ Infinity, Infinity, 1.0, Infinity, Infinity, Infinity, Infinity, Infinity, Infinity, 1.0, Infinity, Infinity, Infinity, Infinity, 1.0, Infinity, 1.0, Infinity, Infinity, Infinity, Infinity, 1.0, Infinity, Infinity, 1.0, Infinity, Infinity, Infinity, Infinity, Infinity, Infinity, Infinity, Infinity, Infinity, Infinity, Infinity, 1.0, Infinity, Infinity, Infinity, Infinity, Infinity, Infinity, Infinity, 1.0, Infinity, Infinity, Infinity, Infinity, Infinity, 1.0, Infinity, Infinity, Infinity, Infinity, Infinity, 1.0, 1.0, Infinity, Infinity, Infinity, 1.0, Infinity, Infinity, Infinity, Infinity, Infinity, Infinity, Infinity, Infinity, Infinity, 1.0, 1.0, Infinity, Infinity, Infinity, Infinity, Infinity, Infinity, Infinity, Infinity, Infinity, Infinity, Infinity, Infinity, Infinity, Infinity, Infinity, 0.3333333333333333, Infinity, Infinity, 1.0, Infinity, Infinity, 0.3333333333333333, Infinity, Infinity, Infinity, Infinity, Infinity, Infinity, Infinity, Infinity, Infinity, 1.0, Infinity, 0.5, Infinity, Infinity, Infinity, Infinity, Infinity, Infinity, Infinity, Infinity, Infinity, Infinity, 1.0, Infinity, Infinity, 1.0, 1.0, Infinity, Infinity, Infinity, Infinity, 1.0, Infinity, Infinity, Infinity, Infinity, 1.0, Infinity, Infinity, Infinity, Infinity, Infinity, Infinity, Infinity, Infinity, Infinity, Infinity, Infinity, Infinity, 0.3333333333333333, Infinity, 1.0, Infinity, Infinity, Infinity, Infinity, 0.5, Infinity, Infinity, Infinity, Infinity, Infinity, Infinity, Infinity, Infinity, 1.0, Infinity, 1.0, 1.0, Infinity, Infinity, Infinity, Infinity, Infinity, 1.0, Infinity, Infinity, Infinity, Infinity, Infinity, Infinity, 1.0, Infinity, Infinity, Infinity, Infinity, Infinity, Infinity, 0.5, Infinity, Infinity, Infinity, Infinity, Infinity, Infinity, 1.0, Infinity, Infinity, Infinity, Infinity, Infinity, Infinity, Infinity, 1.0, Infinity, 1.0, Infinity, Infinity, Infinity, 0.3333333333333333, 1.0, Infinity, Infinity, Infinity, Infinity, Infinity, Infinity, Infinity, 1.0, Infinity, Infinity, 1.0, Infinity, Infinity, Infinity, Infinity, Infinity, 1.0, Infinity, Infinity, 1.0, Infinity, Infinity, Infinity, 0.5, Infinity, Infinity, Infinity, Infinity, Infinity, Infinity, Infinity, 1.0, Infinity, Infinity, Infinity, Infinity, Infinity, Infinity, Infinity, 0.3333333333333333, Infinity, 1.0, Infinity, Infinity, Infinity, Infinity, Infinity, 1.0, 1.0, Infinity, Infinity, 0.5, Infinity, Infinity, Infinity, Infinity, Infinity, Infinity, Infinity, Infinity, 0.5, Infinity, 1.0, 0.5, Infinity, Infinity, Infinity, Infinity, 1.0, 1.0, Infinity, Infinity, Infinity, Infinity, Infinity, Infinity, Infinity, Infinity, Infinity, Infinity, Infinity, 0.5, Infinity, Infinity, Infinity, Infinity, Infinity, Infinity, 1.0, Infinity, Infinity, Infinity, Infinity, Infinity, Infinity, 1.0, Infinity, 0.3333333333333333, Infinity, Infinity, Infinity, 1.0, Infinity, Infinity, 1.0, Infinity, Infinity, Infinity, Infinity, Infinity, Infinity, Infinity, Infinity, Infinity, Infinity, Infinity, Infinity, 1.0, Infinity, Infinity, Infinity, Infinity, Infinity, 1.0, Infinity, 1.0, Infinity, Infinity, Infinity, 0.5, Infinity, Infinity, Infinity, Infinity, Infinity, Infinity, 0.5, Infinity, Infinity, 1.0, Infinity, Infinity, 1.0, 1.0, Infinity, 1.0, Infinity, 1.0, Infinity, Infinity, Infinity, Infinity, Infinity, 0.3333333333333333, Infinity, Infinity, Infinity, Infinity, Infinity, 1.0, 1.0, Infinity, Infinity, Infinity, Infinity, Infinity, 1.0, Infinity, Infinity, Infinity, Infinity, Infinity, Infinity, Infinity, Infinity, 1.0, Infinity, Infinity, Infinity, 0.5, Infinity, Infinity, Infinity, Infinity, 1.0, Infinity, Infinity, Infinity, Infinity, 0.5, Infinity, Infinity, Infinity, Infinity, Infinity, 0.3333333333333333, Infinity, Infinity, Infinity, Infinity, Infinity, Infinity, Infinity, Infinity, Infinity, Infinity, Infinity, Infinity, Infinity, Infinity, Infinity, Infinity, 1.0, 1.0, Infinity, Infinity, Infinity, Infinity, Infinity, Infinity, Infinity, Infinity, Infinity, Infinity, Infinity, Infinity, 1.0, Infinity, 1.0, Infinity, 1.0, Infinity, Infinity, Infinity, Infinity, Infinity, Infinity, 1.0, Infinity, 1.0, 1.0, Infinity, Infinity, 1.0, Infinity, Infinity, Infinity, Infinity, Infinity, Infinity, Infinity, Infinity, Infinity, 0.5, Infinity, Infinity, 0.3333333333333333, Infinity, Infinity, Infinity, 1.0, Infinity, Infinity, Infinity, Infinity, Infinity, Infinity, 1.0, Infinity, 1.0, Infinity, Infinity, Infinity, Infinity, Infinity, Infinity, Infinity, Infinity, 1.0, Infinity, Infinity, Infinity, Infinity, Infinity, 1.0, Infinity, Infinity, Infinity, Infinity, 1.0, Infinity, Infinity, Infinity, 1.0, 1.0, 1.0, Infinity, Infinity, Infinity, Infinity, Infinity, Infinity, Infinity, Infinity, Infinity, Infinity, Infinity, Infinity, Infinity, Infinity, Infinity, Infinity, Infinity, Infinity, Infinity, Infinity, Infinity, Infinity, Infinity, Infinity, Infinity, Infinity, Infinity, Infinity, 1.0, 1.0, Infinity, Infinity, Infinity, 1.0, 1.0, Infinity, Infinity, Infinity, Infinity, 1.0, 1.0, Infinity, Infinity, Infinity, Infinity, Infinity, Infinity, Infinity, 1.0, Infinity, 0.3333333333333333, 1.0, Infinity, Infinity, 0.5, Infinity, 0.5, Infinity, Infinity, Infinity, Infinity, Infinity, Infinity, 1.0, Infinity, 0.3333333333333333, 1.0, Infinity, Infinity, Infinity, Infinity, Infinity, Infinity, Infinity, 1.0, Infinity, Infinity, Infinity, Infinity, Infinity, 1.0, Infinity, Infinity, 1.0, Infinity, Infinity, Infinity, Infinity, Infinity, Infinity, Infinity, Infinity, Infinity, Infinity, Infinity, Infinity, Infinity, Infinity, 1.0, Infinity, 0.5, Infinity, 1.0, Infinity, Infinity, Infinity, Infinity, Infinity, 0.3333333333333333, Infinity, Infinity, 1.0, 1.0, Infinity, Infinity, Infinity, Infinity, Infinity, Infinity, Infinity, Infinity, Infinity, Infinity, 1.0, Infinity, Infinity, Infinity, Infinity, 1.0, Infinity, Infinity, Infinity, Infinity, Infinity, Infinity, 1.0, 1.0, Infinity, 1.0, 1.0, Infinity, 1.0, Infinity, Infinity, Infinity, Infinity, Infinity, 0.5, Infinity, Infinity, Infinity, Infinity, Infinity, Infinity, 0.3333333333333333, Infinity, 1.0, Infinity, Infinity, Infinity, Infinity, 0.5, Infinity, Infinity, Infinity, 1.0, Infinity, Infinity, Infinity, Infinity, Infinity, Infinity, Infinity, Infinity, Infinity, Infinity, 0.5, 1.0, Infinity, Infinity, Infinity, Infinity, 1.0, Infinity, Infinity, Infinity, Infinity, 1.0, Infinity, Infinity, Infinity, Infinity, Infinity, Infinity, Infinity, Infinity, Infinity, Infinity, Infinity, 1.0, 0.3333333333333333, 1.0, Infinity, 1.0, Infinity, Infinity, 1.0, Infinity, 1.0, Infinity, 1.0, Infinity, 0.3333333333333333, Infinity, Infinity, 1.0, Infinity, Infinity, Infinity, Infinity, Infinity, Infinity, 1.0, Infinity, Infinity, Infinity, Infinity, 1.0, Infinity, Infinity, Infinity, 0.5, Infinity, Infinity, 0.5, Infinity, Infinity, Infinity, Infinity, 1.0, Infinity, Infinity, Infinity, Infinity, Infinity, Infinity, 0.5, Infinity, Infinity, Infinity, Infinity, Infinity, Infinity, Infinity, 1.0, Infinity, Infinity, Infinity, Infinity, Infinity, Infinity, Infinity, Infinity, Infinity, 0.3333333333333333, Infinity, Infinity, Infinity, Infinity, Infinity, Infinity, 1.0, Infinity, Infinity, Infinity, Infinity, Infinity, Infinity, Infinity, Infinity, Infinity, Infinity, Infinity, Infinity, Infinity, Infinity, Infinity, Infinity, Infinity, Infinity, Infinity, Infinity, Infinity, Infinity, Infinity, Infinity, Infinity, Infinity, Infinity, 1.0, Infinity, 1.0, Infinity, Infinity, Infinity, 1.0, Infinity, 0.5, Infinity, Infinity, Infinity, 1.0, Infinity, 1.0, Infinity, 0.5, 1.0, Infinity, Infinity, Infinity, Infinity, Infinity, Infinity, Infinity, Infinity, Infinity, 1.0, 0.5, Infinity, 1.0, Infinity, Infinity, Infinity, 1.0, Infinity, 1.0, Infinity, Infinity, Infinity, Infinity, Infinity, 1.0, Infinity, Infinity, Infinity, Infinity, Infinity, Infinity, Infinity, Infinity, Infinity, Infinity, Infinity, Infinity, 1.0, Infinity, Infinity, Infinity, Infinity, Infinity, 1.0, Infinity, Infinity, Infinity, Infinity, Infinity, Infinity, Infinity, Infinity, Infinity, Infinity, Infinity, 0.5, Infinity, Infinity, Infinity, Infinity, Infinity, Infinity, Infinity, 0.5, Infinity, Infinity, Infinity, Infinity, Infinity, Infinity, Infinity, Infinity, Infinity, Infinity, Infinity, 1.0, Infinity, 1.0, Infinity, Infinity, Infinity, Infinity, 1.0, Infinity, 0.5, Infinity, Infinity, 1.0, Infinity, Infinity, Infinity, Infinity, Infinity, Infinity, Infinity, Infinity, Infinity, Infinity, Infinity, Infinity, Infinity, 1.0, Infinity, Infinity, Infinity, Infinity, Infinity, Infinity, 0.5, Infinity, Infinity, Infinity, Infinity, Infinity, Infinity, Infinity, 1.0, Infinity, Infinity, Infinity, Infinity, Infinity, Infinity, 1.0, 1.0, Infinity, Infinity, Infinity, Infinity, Infinity, Infinity, Infinity, Infinity, 1.0, Infinity, 1.0, Infinity, Infinity, Infinity, Infinity, 1.0, 0.3333333333333333, Infinity, Infinity, Infinity, Infinity, Infinity, 1.0, Infinity, Infinity, Infinity, Infinity, Infinity, Infinity, Infinity, Infinity, Infinity, 1.0, Infinity, Infinity, Infinity, Infinity, Infinity, Infinity, Infinity, 1.0, Infinity, Infinity, Infinity, 1.0, Infinity, Infinity, 1.0, 1.0, 1.0, Infinity, Infinity, Infinity, Infinity, 1.0, Infinity ]),(80,Array S Seq (Sz1 1000)
  [ 0.0, 0.0, 1.0, 0.0, 0.0, 0.0, 0.0, 0.0, 0.0, 1.0, 0.0, 0.0, 0.0, 0.0, 1.0, 0.0, 1.0, 0.0, 1.0, 0.0, 0.0, 1.0, 1.0, 0.0, 1.0, 0.0, 0.0, 0.0, 0.0, 0.0, 0.0, 0.0, 0.0, 0.0, 0.0, 0.0, 1.0, 0.0, 0.0, 0.0, 0.0, 0.0, 0.0, 0.0, 1.0, 0.0, 0.0, 0.0, 0.0, 0.0, 1.0, 0.0, 0.0, 0.0, 0.0, 0.0, 1.0, 1.0, 0.0, 0.0, 0.0, 1.0, 0.0, 0.0, 1.0, 0.0, 0.0, 0.0, 0.0, 0.0, 0.0, 1.0, 1.0, 0.0, 0.0, 0.0, 0.0, 0.0, 0.0, 0.0, 0.0, 0.0, 0.0, 0.0, 0.0, 0.0, 1.0, 0.0, 3.0, 0.0, 0.0, 1.0, 0.0, 0.0, 3.0, 0.0, 0.0, 0.0, 0.0, 0.0, 0.0, 0.0, 0.0, 0.0, 1.0, 0.0, 2.0, 0.0, 0.0, 0.0, 0.0, 0.0, 0.0, 0.0, 0.0, 0.0, 0.0, 1.0, 0.0, 0.0, 1.0, 2.0, 0.0, 0.0, 0.0, 0.0, 1.0, 0.0, 0.0, 0.0, 0.0, 1.0, 0.0, 0.0, 0.0, 0.0, 0.0, 0.0, 0.0, 0.0, 0.0, 0.0, 0.0, 0.0, 3.0, 0.0, 1.0, 0.0, 0.0, 0.0, 0.0, 2.0, 0.0, 0.0, 0.0, 0.0, 0.0, 0.0, 0.0, 0.0, 1.0, 0.0, 1.0, 1.0, 0.0, 0.0, 0.0, 0.0, 0.0, 1.0, 0.0, 0.0, 0.0, 0.0, 0.0, 0.0, 1.0, 0.0, 0.0, 0.0, 0.0, 0.0, 0.0, 2.0, 0.0, 0.0, 0.0, 0.0, 0.0, 0.0, 1.0, 0.0, 0.0, 0.0, 0.0, 0.0, 0.0, 0.0, 1.0, 0.0, 1.0, 0.0, 0.0, 0.0, 3.0, 1.0, 0.0, 0.0, 0.0, 0.0, 0.0, 0.0, 0.0, 1.0, 0.0, 0.0, 1.0, 0.0, 0.0, 0.0, 0.0, 0.0, 1.0, 0.0, 0.0, 1.0, 0.0, 0.0, 0.0, 2.0, 0.0, 0.0, 0.0, 0.0, 0.0, 0.0, 0.0, 1.0, 0.0, 1.0, 1.0, 0.0, 0.0, 0.0, 0.0, 3.0, 0.0, 1.0, 0.0, 0.0, 0.0, 0.0, 0.0, 1.0, 1.0, 0.0, 0.0, 2.0, 0.0, 0.0, 0.0, 0.0, 0.0, 1.0, 0.0, 0.0, 2.0, 0.0, 1.0, 2.0, 0.0, 0.0, 0.0, 0.0, 1.0, 1.0, 0.0, 0.0, 0.0, 0.0, 0.0, 0.0, 0.0, 0.0, 0.0, 0.0, 0.0, 2.0, 0.0, 0.0, 0.0, 0.0, 0.0, 0.0, 1.0, 0.0, 0.0, 0.0, 0.0, 0.0, 0.0, 1.0, 0.0, 3.0, 0.0, 0.0, 0.0, 1.0, 0.0, 0.0, 1.0, 0.0, 0.0, 0.0, 0.0, 0.0, 0.0, 0.0, 0.0, 0.0, 0.0, 0.0, 0.0, 1.0, 0.0, 0.0, 0.0, 0.0, 0.0, 1.0, 0.0, 1.0, 0.0, 0.0, 0.0, 2.0, 0.0, 0.0, 0.0, 0.0, 0.0, 0.0, 2.0, 0.0, 0.0, 1.0, 0.0, 0.0, 1.0, 1.0, 0.0, 1.0, 0.0, 1.0, 0.0, 0.0, 0.0, 0.0, 0.0, 3.0, 0.0, 0.0, 0.0, 0.0, 1.0, 1.0, 1.0, 0.0, 0.0, 0.0, 0.0, 0.0, 1.0, 1.0, 0.0, 0.0, 0.0, 0.0, 1.0, 0.0, 1.0, 1.0, 0.0, 0.0, 0.0, 2.0, 0.0, 0.0, 0.0, 0.0, 1.0, 0.0, 0.0, 0.0, 0.0, 2.0, 0.0, 0.0, 0.0, 0.0, 0.0, 3.0, 0.0, 0.0, 0.0, 0.0, 0.0, 0.0, 0.0, 0.0, 0.0, 0.0, 0.0, 0.0, 0.0, 0.0, 0.0, 0.0, 1.0, 1.0, 0.0, 0.0, 0.0, 0.0, 0.0, 0.0, 0.0, 0.0, 0.0, 0.0, 0.0, 0.0, 1.0, 0.0, 1.0, 0.0, 1.0, 0.0, 0.0, 0.0, 0.0, 0.0, 0.0, 1.0, 0.0, 1.0, 1.0, 0.0, 1.0, 2.0, 0.0, 1.0, 1.0, 0.0, 0.0, 0.0, 0.0, 0.0, 0.0, 2.0, 0.0, 0.0, 3.0, 0.0, 0.0, 1.0, 1.0, 0.0, 0.0, 0.0, 0.0, 0.0, 0.0, 1.0, 0.0, 1.0, 0.0, 0.0, 0.0, 0.0, 0.0, 0.0, 0.0, 0.0, 2.0, 0.0, 1.0, 0.0, 0.0, 0.0, 1.0, 0.0, 0.0, 0.0, 0.0, 1.0, 0.0, 0.0, 0.0, 1.0, 1.0, 1.0, 0.0, 0.0, 0.0, 0.0, 0.0, 0.0, 0.0, 0.0, 0.0, 0.0, 0.0, 0.0, 0.0, 0.0, 0.0, 0.0, 0.0, 0.0, 0.0, 0.0, 0.0, 0.0, 0.0, 0.0, 0.0, 0.0, 0.0, 0.0, 2.0, 1.0, 0.0, 0.0, 0.0, 1.0, 1.0, 0.0, 0.0, 0.0, 0.0, 1.0, 1.0, 0.0, 0.0, 0.0, 0.0, 1.0, 0.0, 0.0, 1.0, 0.0, 3.0, 1.0, 0.0, 0.0, 2.0, 1.0, 2.0, 0.0, 0.0, 0.0, 0.0, 0.0, 0.0, 1.0, 0.0, 3.0, 1.0, 0.0, 1.0, 0.0, 0.0, 0.0, 0.0, 0.0, 1.0, 0.0, 0.0, 0.0, 0.0, 0.0, 1.0, 0.0, 0.0, 1.0, 0.0, 0.0, 0.0, 0.0, 0.0, 0.0, 0.0, 0.0, 0.0, 0.0, 0.0, 0.0, 0.0, 0.0, 1.0, 0.0, 2.0, 0.0, 1.0, 1.0, 0.0, 0.0, 0.0, 0.0, 3.0, 1.0, 0.0, 1.0, 1.0, 0.0, 0.0, 0.0, 0.0, 0.0, 0.0, 1.0, 0.0, 0.0, 0.0, 2.0, 0.0, 0.0, 0.0, 0.0, 1.0, 0.0, 1.0, 0.0, 0.0, 0.0, 0.0, 2.0, 1.0, 0.0, 1.0, 1.0, 0.0, 1.0, 0.0, 0.0, 0.0, 0.0, 0.0, 2.0, 0.0, 0.0, 0.0, 0.0, 0.0, 0.0, 3.0, 0.0, 1.0, 0.0, 0.0, 0.0, 0.0, 2.0, 0.0, 1.0, 0.0, 1.0, 0.0, 0.0, 0.0, 0.0, 0.0, 0.0, 0.0, 0.0, 0.0, 0.0, 2.0, 1.0, 0.0, 0.0, 0.0, 0.0, 1.0, 0.0, 0.0, 0.0, 0.0, 1.0, 0.0, 0.0, 0.0, 0.0, 0.0, 0.0, 0.0, 0.0, 0.0, 0.0, 0.0, 1.0, 3.0, 2.0, 0.0, 1.0, 0.0, 0.0, 1.0, 0.0, 1.0, 0.0, 1.0, 0.0, 3.0, 0.0, 0.0, 1.0, 1.0, 0.0, 0.0, 1.0, 0.0, 0.0, 1.0, 0.0, 0.0, 1.0, 0.0, 1.0, 0.0, 0.0, 1.0, 2.0, 0.0, 0.0, 2.0, 0.0, 0.0, 0.0, 0.0, 1.0, 0.0, 0.0, 0.0, 0.0, 0.0, 0.0, 2.0, 0.0, 0.0, 1.0, 0.0, 0.0, 0.0, 0.0, 1.0, 0.0, 0.0, 0.0, 0.0, 0.0, 1.0, 0.0, 0.0, 0.0, 3.0, 0.0, 0.0, 0.0, 0.0, 0.0, 0.0, 1.0, 0.0, 0.0, 0.0, 0.0, 0.0, 0.0, 0.0, 0.0, 0.0, 0.0, 0.0, 0.0, 0.0, 0.0, 1.0, 0.0, 0.0, 0.0, 0.0, 0.0, 0.0, 0.0, 0.0, 0.0, 0.0, 0.0, 0.0, 1.0, 0.0, 1.0, 0.0, 0.0, 0.0, 1.0, 0.0, 2.0, 0.0, 0.0, 0.0, 1.0, 0.0, 1.0, 0.0, 2.0, 1.0, 0.0, 0.0, 0.0, 0.0, 0.0, 1.0, 0.0, 0.0, 0.0, 1.0, 2.0, 1.0, 1.0, 0.0, 0.0, 0.0, 1.0, 0.0, 1.0, 0.0, 0.0, 0.0, 1.0, 1.0, 1.0, 0.0, 0.0, 0.0, 0.0, 0.0, 0.0, 0.0, 0.0, 0.0, 0.0, 0.0, 1.0, 1.0, 0.0, 0.0, 0.0, 1.0, 0.0, 1.0, 0.0, 0.0, 1.0, 0.0, 0.0, 0.0, 0.0, 0.0, 1.0, 0.0, 0.0, 2.0, 0.0, 1.0, 0.0, 0.0, 0.0, 0.0, 0.0, 2.0, 0.0, 0.0, 0.0, 0.0, 0.0, 0.0, 0.0, 0.0, 0.0, 0.0, 0.0, 1.0, 0.0, 1.0, 0.0, 0.0, 0.0, 0.0, 1.0, 0.0, 2.0, 0.0, 0.0, 1.0, 0.0, 0.0, 0.0, 0.0, 0.0, 0.0, 0.0, 0.0, 0.0, 0.0, 0.0, 0.0, 0.0, 1.0, 0.0, 0.0, 0.0, 0.0, 0.0, 0.0, 2.0, 0.0, 1.0, 1.0, 0.0, 0.0, 0.0, 0.0, 1.0, 0.0, 0.0, 0.0, 0.0, 0.0, 0.0, 1.0, 1.0, 0.0, 0.0, 0.0, 0.0, 0.0, 0.0, 0.0, 0.0, 1.0, 0.0, 1.0, 0.0, 0.0, 0.0, 0.0, 1.0, 3.0, 0.0, 0.0, 0.0, 0.0, 0.0, 1.0, 0.0, 0.0, 0.0, 0.0, 0.0, 0.0, 0.0, 0.0, 0.0, 2.0, 1.0, 0.0, 0.0, 0.0, 0.0, 0.0, 1.0, 1.0, 0.0, 1.0, 0.0, 2.0, 0.0, 0.0, 1.0, 2.0, 1.0, 0.0, 0.0, 0.0, 0.0, 1.0, 0.0 ]),(81,Array S Seq (Sz1 1000)
  [ 0.0, 0.0, 0.0, 0.0, 0.0, 0.0, 0.0, 0.0, 0.0, 0.0, 0.0, 0.0, 0.0, 0.0, 0.0, 0.0, 0.0, 0.0, -1.0, 0.0, 0.0, 0.0, -1.0, 0.0, 0.0, 0.0, 0.0, 0.0, 0.0, 0.0, 0.0, 0.0, 0.0, 0.0, 0.0, 0.0, 0.0, 0.0, 0.0, 0.0, 0.0, 0.0, 0.0, 0.0, 0.0, 0.0, 0.0, 0.0, 0.0, 0.0, 0.0, 0.0, 0.0, 0.0, 0.0, 0.0, 0.0, 0.0, 0.0, 0.0, 0.0, 0.0, 0.0, 0.0, -1.0, 0.0, 0.0, 0.0, 0.0, 0.0, 0.0, 0.0, 0.0, 0.0, 0.0, 0.0, 0.0, 0.0, 0.0, 0.0, 0.0, 0.0, 0.0, 0.0, 0.0, 0.0, -1.0, 0.0, 0.0, 0.0, 0.0, 0.0, 0.0, 0.0, 0.0, 0.0, 0.0, 0.0, 0.0, 0.0, 0.0, 0.0, 0.0, 0.0, 0.0, 0.0, 0.0, 0.0, 0.0, 0.0, 0.0, 0.0, 0.0, 0.0, 0.0, 0.0, 0.0, 0.0, 0.0, 0.0, 0.0, -1.0, 0.0, 0.0, 0.0, 0.0, 0.0, 0.0, 0.0, 0.0, 0.0, 0.0, 0.0, 0.0, 0.0, 0.0, 0.0, 0.0, 0.0, 0.0, 0.0, 0.0, 0.0, 0.0, 0.0, 0.0, 0.0, 0.0, 0.0, 0.0, 0.0, 0.0, 0.0, 0.0, 0.0, 0.0, 0.0, 0.0, 0.0, 0.0, 0.0, 0.0, 0.0, 0.0, 0.0, 0.0, 0.0, 0.0, 0.0, 0.0, 0.0, 0.0, 0.0, 0.0, 0.0, 0.0, 0.0, 0.0, 0.0, 0.0, 0.0, 0.0, 0.0, 0.0, 0.0, 0.0, 0.0, 0.0, 0.0, 0.0, 0.0, 0.0, 0.0, 0.0, 0.0, 0.0, 0.0, 0.0, 0.0, 0.0, 0.0, 0.0, 0.0, 0.0, 0.0, 0.0, 0.0, 0.0, 0.0, 0.0, 0.0, 0.0, 0.0, 0.0, 0.0, 0.0, 0.0, 0.0, 0.0, 0.0, 0.0, 0.0, 0.0, 0.0, 0.0, 0.0, 0.0, 0.0, 0.0, 0.0, 0.0, 0.0, 0.0, 0.0, 0.0, 0.0, 0.0, 0.0, 0.0, -1.0, -1.0, 0.0, 0.0, 0.0, 0.0, 0.0, 0.0, 0.0, 0.0, 0.0, 0.0, 0.0, 0.0, 0.0, 0.0, 0.0, 0.0, 0.0, 0.0, 0.0, 0.0, 0.0, 0.0, -1.0, 0.0, 0.0, 0.0, 0.0, 0.0, 0.0, 0.0, 0.0, 0.0, 0.0, 0.0, 0.0, 0.0, 0.0, 0.0, 0.0, 0.0, 0.0, 0.0, 0.0, 0.0, 0.0, 0.0, 0.0, 0.0, 0.0, 0.0, 0.0, 0.0, 0.0, 0.0, 0.0, 0.0, 0.0, 0.0, 0.0, 0.0, 0.0, 0.0, 0.0, 0.0, 0.0, 0.0, 0.0, 0.0, 0.0, 0.0, 0.0, 0.0, 0.0, 0.0, 0.0, 0.0, 0.0, 0.0, 0.0, 0.0, 0.0, 0.0, 0.0, 0.0, 0.0, 0.0, 0.0, 0.0, 0.0, 0.0, 0.0, 0.0, 0.0, 0.0, 0.0, 0.0, 0.0, 0.0, 0.0, 0.0, 0.0, 0.0, 0.0, 0.0, 0.0, 0.0, 0.0, 0.0, 0.0, 0.0, 0.0, 0.0, 0.0, 0.0, 0.0, 0.0, 0.0, 0.0, 0.0, 0.0, 0.0, 0.0, 0.0, -1.0, 0.0, 0.0, 0.0, 0.0, 0.0, 0.0, 0.0, 0.0, -1.0, 0.0, 0.0, 0.0, 0.0, -1.0, 0.0, -1.0, 0.0, 0.0, 0.0, 0.0, 0.0, 0.0, 0.0, 0.0, 0.0, 0.0, 0.0, 0.0, 0.0, 0.0, 0.0, 0.0, 0.0, 0.0, 0.0, 0.0, 0.0, 0.0, 0.0, 0.0, 0.0, 0.0, 0.0, 0.0, 0.0, 0.0, 0.0, 0.0, 0.0, 0.0, 0.0, 0.0, 0.0, 0.0, 0.0, 0.0, 0.0, 0.0, 0.0, 0.0, 0.0, 0.0, 0.0, 0.0, 0.0, 0.0, 0.0, 0.0, 0.0, 0.0, 0.0, 0.0, 0.0, 0.0, 0.0, 0.0, 0.0, 0.0, 0.0, 0.0, 0.0, 0.0, 0.0, -1.0, -1.0, 0.0, -1.0, -1.0, 0.0, 0.0, 0.0, 0.0, 0.0, 0.0, 0.0, 0.0, 0.0, 0.0, 0.0, 0.0, -1.0, 0.0, 0.0, 0.0, 0.0, 0.0, 0.0, 0.0, 0.0, 0.0, 0.0, 0.0, 0.0, 0.0, 0.0, 0.0, 0.0, 0.0, 0.0, -1.0, 0.0, -1.0, 0.0, 0.0, 0.0, 0.0, 0.0, 0.0, 0.0, 0.0, 0.0, 0.0, 0.0, 0.0, 0.0, 0.0, 0.0, 0.0, 0.0, 0.0, 0.0, 0.0, 0.0, 0.0, 0.0, 0.0, 0.0, 0.0, 0.0, 0.0, 0.0, 0.0, 0.0, 0.0, 0.0, 0.0, 0.0, 0.0, 0.0, 0.0, 0.0, 0.0, 0.0, 0.0, 0.0, -1.0, 0.0, 0.0, 0.0, 0.0, 0.0, 0.0, 0.0, 0.0, 0.0, 0.0, 0.0, 0.0, 0.0, 0.0, 0.0, 0.0, -1.0, 0.0, 0.0, 0.0, 0.0, 0.0, 0.0, 0.0, 0.0, 0.0, -1.0, 0.0, 0.0, 0.0, 0.0, 0.0, 0.0, 0.0, 0.0, 0.0, 0.0, 0.0, 0.0, -1.0, 0.0, 0.0, 0.0, 0.0, 0.0, 0.0, 0.0, 0.0, 0.0, 0.0, 0.0, 0.0, 0.0, 0.0, 0.0, 0.0, 0.0, 0.0, 0.0, 0.0, 0.0, 0.0, 0.0, 0.0, 0.0, 0.0, 0.0, 0.0, 0.0, 0.0, 0.0, 0.0, 0.0, 0.0, -1.0, 0.0, 0.0, 0.0, 0.0, 0.0, -1.0, 0.0, 0.0, 0.0, 0.0, 0.0, 0.0, 0.0, 0.0, 0.0, -1.0, 0.0, 0.0, 0.0, -1.0, 0.0, 0.0, 0.0, 0.0, 0.0, 0.0, -1.0, 0.0, 0.0, 0.0, 0.0, -1.0, 0.0, 0.0, 0.0, 0.0, 0.0, 0.0, 0.0, 0.0, 0.0, 0.0, 0.0, 0.0, 0.0, 0.0, 0.0, 0.0, 0.0, 0.0, 0.0, 0.0, 0.0, 0.0, 0.0, 0.0, 0.0, 0.0, 0.0, -1.0, 0.0, 0.0, 0.0, 0.0, 0.0, 0.0, 0.0, 0.0, 0.0, 0.0, 0.0, 0.0, 0.0, 0.0, 0.0, 0.0, 0.0, 0.0, 0.0, 0.0, 0.0, 0.0, 0.0, 0.0, 0.0, 0.0, 0.0, 0.0, 0.0, 0.0, 0.0, 0.0, 0.0, 0.0, 0.0, 0.0, 0.0, -1.0, 0.0, 0.0, 0.0, 0.0, 0.0, 0.0, 0.0, 0.0, 0.0, 0.0, 0.0, 0.0, 0.0, 0.0, -1.0, 0.0, 0.0, -1.0, 0.0, 0.0, 0.0, 0.0, 0.0, -1.0, 0.0, 0.0, 0.0, 0.0, -1.0, 0.0, 0.0, 0.0, 0.0, 0.0, 0.0, 0.0, 0.0, 0.0, 0.0, 0.0, 0.0, 0.0, 0.0, 0.0, 0.0, 0.0, 0.0, -1.0, 0.0, 0.0, 0.0, 0.0, 0.0, 0.0, 0.0, 0.0, 0.0, 0.0, -1.0, 0.0, 0.0, 0.0, 0.0, 0.0, 0.0, 0.0, 0.0, 0.0, 0.0, 0.0, 0.0, 0.0, 0.0, 0.0, 0.0, 0.0, 0.0, 0.0, 0.0, 0.0, 0.0, 0.0, 0.0, 0.0, -1.0, 0.0, 0.0, 0.0, 0.0, 0.0, 0.0, 0.0, 0.0, 0.0, 0.0, 0.0, 0.0, 0.0, 0.0, 0.0, 0.0, 0.0, 0.0, 0.0, 0.0, 0.0, 0.0, 0.0, 0.0, 0.0, 0.0, 0.0, 0.0, 0.0, 0.0, 0.0, 0.0, 0.0, 0.0, 0.0, -1.0, 0.0, 0.0, 0.0, 0.0, 0.0, -1.0, 0.0, 0.0, 0.0, 0.0, 0.0, 0.0, 0.0, 0.0, 0.0, 0.0, -1.0, -1.0, 0.0, 0.0, 0.0, 0.0, 0.0, 0.0, 0.0, 0.0, 0.0, 0.0, 0.0, 0.0, -1.0, 0.0, 0.0, 0.0, 0.0, -1.0, 0.0, 0.0, 0.0, 0.0, -1.0, 0.0, 0.0, 0.0, 0.0, 0.0, -1.0, 0.0, 0.0, 0.0, 0.0, -1.0, 0.0, 0.0, 0.0, 0.0, 0.0, 0.0, 0.0, 0.0, 0.0, 0.0, 0.0, 0.0, 0.0, 0.0, 0.0, 0.0, 0.0, 0.0, 0.0, 0.0, 0.0, 0.0, 0.0, 0.0, 0.0, 0.0, 0.0, 0.0, 0.0, 0.0, 0.0, 0.0, 0.0, 0.0, 0.0, 0.0, 0.0, 0.0, 0.0, 0.0, 0.0, 0.0, 0.0, 0.0, 0.0, 0.0, 0.0, 0.0, 0.0, 0.0, 0.0, 0.0, -1.0, -1.0, 0.0, 0.0, 0.0, 0.0, 0.0, 0.0, 0.0, 0.0, 0.0, 0.0, 0.0, 0.0, 0.0, 0.0, 0.0, 0.0, 0.0, 0.0, 0.0, 0.0, 0.0, 0.0, 0.0, 0.0, 0.0, 0.0, 0.0, 0.0, 0.0, 0.0, 0.0, 0.0, 0.0, 0.0, 0.0, 0.0, 0.0, 0.0, 0.0, 0.0, 0.0, 0.0, 0.0, 0.0, 0.0, -1.0, -1.0, 0.0, 0.0, 0.0, 0.0, 0.0, -1.0, 0.0, 0.0, -1.0, 0.0, -1.0, 0.0, 0.0, 0.0, -1.0, 0.0, 0.0, 0.0, 0.0, 0.0, 0.0, 0.0 ]),(82,Array S Seq (Sz1 1000)
  [ Infinity, Infinity, Infinity, Infinity, Infinity, Infinity, Infinity, Infinity, Infinity, Infinity, Infinity, Infinity, Infinity, Infinity, Infinity, Infinity, Infinity, Infinity, -1.0, Infinity, Infinity, Infinity, -1.0, Infinity, Infinity, Infinity, Infinity, Infinity, Infinity, Infinity, Infinity, Infinity, Infinity, Infinity, Infinity, Infinity, Infinity, Infinity, Infinity, Infinity, Infinity, Infinity, Infinity, Infinity, Infinity, Infinity, Infinity, Infinity, Infinity, Infinity, Infinity, Infinity, Infinity, Infinity, Infinity, Infinity, Infinity, Infinity, Infinity, Infinity, Infinity, Infinity, Infinity, Infinity, -1.0, Infinity, Infinity, Infinity, Infinity, Infinity, Infinity, Infinity, Infinity, Infinity, Infinity, Infinity, Infinity, Infinity, Infinity, Infinity, Infinity, Infinity, Infinity, Infinity, Infinity, Infinity, -1.0, Infinity, Infinity, Infinity, Infinity, Infinity, Infinity, Infinity, Infinity, Infinity, Infinity, Infinity, Infinity, Infinity, Infinity, Infinity, Infinity, Infinity, Infinity, Infinity, Infinity, Infinity, Infinity, Infinity, Infinity, Infinity, Infinity, Infinity, Infinity, Infinity, Infinity, Infinity, Infinity, Infinity, Infinity, -1.0, Infinity, Infinity, Infinity, Infinity, Infinity, Infinity, Infinity, Infinity, Infinity, Infinity, Infinity, Infinity, Infinity, Infinity, Infinity, Infinity, Infinity, Infinity, Infinity, Infinity, Infinity, Infinity, Infinity, Infinity, Infinity, Infinity, Infinity, Infinity, Infinity, Infinity, Infinity, Infinity, Infinity, Infinity, Infinity, Infinity, Infinity, Infinity, Infinity, Infinity, Infinity, Infinity, Infinity, Infinity, Infinity, Infinity, Infinity, Infinity, Infinity, Infinity, Infinity, Infinity, Infinity, Infinity, Infinity, Infinity, Infinity, Infinity, Infinity, Infinity, Infinity, Infinity, Infinity, Infinity, Infinity, Infinity, Infinity, Infinity, Infinity, Infinity, Infinity, Infinity, Infinity, Infinity, Infinity, Infinity, Infinity, Infinity, Infinity, Infinity, Infinity, Infinity, Infinity, Infinity, Infinity, Infinity, Infinity, Infinity, Infinity, Infinity, Infinity, Infinity, Infinity, Infinity, Infinity, Infinity, Infinity, Infinity, Infinity, Infinity, Infinity, Infinity, Infinity, Infinity, Infinity, Infinity, Infinity, Infinity, Infinity, Infinity, Infinity, Infinity, Infinity, Infinity, Infinity, Infinity, Infinity, -1.0, -1.0, Infinity, Infinity, Infinity, Infinity, Infinity, Infinity, Infinity, Infinity, Infinity, Infinity, Infinity, Infinity, Infinity, Infinity, Infinity, Infinity, Infinity, Infinity, Infinity, Infinity, Infinity, Infinity, -1.0, Infinity, Infinity, Infinity, Infinity, Infinity, Infinity, Infinity, Infinity, Infinity, Infinity, Infinity, Infinity, Infinity, Infinity, Infinity, Infinity, Infinity, Infinity, Infinity, Infinity, Infinity, Infinity, Infinity, Infinity, Infinity, Infinity, Infinity, Infinity, Infinity, Infinity, Infinity, Infinity, Infinity, Infinity, Infinity, Infinity, Infinity, Infinity, Infinity, Infinity, Infinity, Infinity, Infinity, Infinity, Infinity, Infinity, Infinity, Infinity, Infinity, Infinity, Infinity, Infinity, Infinity, Infinity, Infinity, Infinity, Infinity, Infinity, Infinity, Infinity, Infinity, Infinity, Infinity, Infinity, Infinity, Infinity, Infinity, Infinity, Infinity, Infinity, Infinity, Infinity, Infinity, Infinity, Infinity, Infinity, Infinity, Infinity, Infinity, Infinity, Infinity, Infinity, Infinity, Infinity, Infinity, Infinity, Infinity, Infinity, Infinity, Infinity, Infinity, Infinity, Infinity, Infinity, Infinity, Infinity, Infinity, Infinity, Infinity, Infinity, -1.0, Infinity, Infinity, Infinity, Infinity, Infinity, Infinity, Infinity, Infinity, -1.0, Infinity, Infinity, Infinity, Infinity, -1.0, Infinity, -1.0, Infinity, Infinity, Infinity, Infinity, Infinity, Infinity, Infinity, Infinity, Infinity, Infinity, Infinity, Infinity, Infinity, Infinity, Infinity, Infinity, Infinity, Infinity, Infinity, Infinity, Infinity, Infinity, Infinity, Infinity, Infinity, Infinity, Infinity, Infinity, Infinity, Infinity, Infinity, Infinity, Infinity, Infinity, Infinity, Infinity, Infinity, Infinity, Infinity, Infinity, Infinity, Infinity, Infinity, Infinity, Infinity, Infinity, Infinity, Infinity, Infinity, Infinity, Infinity, Infinity, Infinity, Infinity, Infinity, Infinity, Infinity, Infinity, Infinity, Infinity, Infinity, Infinity, Infinity, Infinity, Infinity, Infinity, Infinity, -1.0, -1.0, Infinity, -1.0, -1.0, Infinity, Infinity, Infinity, Infinity, Infinity, Infinity, Infinity, Infinity, Infinity, Infinity, Infinity, Infinity, -1.0, Infinity, Infinity, Infinity, Infinity, Infinity, Infinity, Infinity, Infinity, Infinity, Infinity, Infinity, Infinity, Infinity, Infinity, Infinity, Infinity, Infinity, Infinity, -1.0, Infinity, -1.0, Infinity, Infinity, Infinity, Infinity, Infinity, Infinity, Infinity, Infinity, Infinity, Infinity, Infinity, Infinity, Infinity, Infinity, Infinity, Infinity, Infinity, Infinity, Infinity, Infinity, Infinity, Infinity, Infinity, Infinity, Infinity, Infinity, Infinity, Infinity, Infinity, Infinity, Infinity, Infinity, Infinity, Infinity, Infinity, Infinity, Infinity, Infinity, Infinity, Infinity, Infinity, Infinity, Infinity, -1.0, Infinity, Infinity, Infinity, Infinity, Infinity, Infinity, Infinity, Infinity, Infinity, Infinity, Infinity, Infinity, Infinity, Infinity, Infinity, Infinity, -1.0, Infinity, Infinity, Infinity, Infinity, Infinity, Infinity, Infinity, Infinity, Infinity, -1.0, Infinity, Infinity, Infinity, Infinity, Infinity, Infinity, Infinity, Infinity, Infinity, Infinity, Infinity, Infinity, -1.0, Infinity, Infinity, Infinity, Infinity, Infinity, Infinity, Infinity, Infinity, Infinity, Infinity, Infinity, Infinity, Infinity, Infinity, Infinity, Infinity, Infinity, Infinity, Infinity, Infinity, Infinity, Infinity, Infinity, Infinity, Infinity, Infinity, Infinity, Infinity, Infinity, Infinity, Infinity, Infinity, Infinity, Infinity, -1.0, Infinity, Infinity, Infinity, Infinity, Infinity, -1.0, Infinity, Infinity, Infinity, Infinity, Infinity, Infinity, Infinity, Infinity, Infinity, -1.0, Infinity, Infinity, Infinity, -1.0, Infinity, Infinity, Infinity, Infinity, Infinity, Infinity, -1.0, Infinity, Infinity, Infinity, Infinity, -1.0, Infinity, Infinity, Infinity, Infinity, Infinity, Infinity, Infinity, Infinity, Infinity, Infinity, Infinity, Infinity, Infinity, Infinity, Infinity, Infinity, Infinity, Infinity, Infinity, Infinity, Infinity, Infinity, Infinity, Infinity, Infinity, Infinity, Infinity, -1.0, Infinity, Infinity, Infinity, Infinity, Infinity, Infinity, Infinity, Infinity, Infinity, Infinity, Infinity, Infinity, Infinity, Infinity, Infinity, Infinity, Infinity, Infinity, Infinity, Infinity, Infinity, Infinity, Infinity, Infinity, Infinity, Infinity, Infinity, Infinity, Infinity, Infinity, Infinity, Infinity, Infinity, Infinity, Infinity, Infinity, Infinity, -1.0, Infinity, Infinity, Infinity, Infinity, Infinity, Infinity, Infinity, Infinity, Infinity, Infinity, Infinity, Infinity, Infinity, Infinity, -1.0, Infinity, Infinity, -1.0, Infinity, Infinity, Infinity, Infinity, Infinity, -1.0, Infinity, Infinity, Infinity, Infinity, -1.0, Infinity, Infinity, Infinity, Infinity, Infinity, Infinity, Infinity, Infinity, Infinity, Infinity, Infinity, Infinity, Infinity, Infinity, Infinity, Infinity, Infinity, Infinity, -1.0, Infinity, Infinity, Infinity, Infinity, Infinity, Infinity, Infinity, Infinity, Infinity, Infinity, -1.0, Infinity, Infinity, Infinity, Infinity, Infinity, Infinity, Infinity, Infinity, Infinity, Infinity, Infinity, Infinity, Infinity, Infinity, Infinity, Infinity, Infinity, Infinity, Infinity, Infinity, Infinity, Infinity, Infinity, Infinity, Infinity, -1.0, Infinity, Infinity, Infinity, Infinity, Infinity, Infinity, Infinity, Infinity, Infinity, Infinity, Infinity, Infinity, Infinity, Infinity, Infinity, Infinity, Infinity, Infinity, Infinity, Infinity, Infinity, Infinity, Infinity, Infinity, Infinity, Infinity, Infinity, Infinity, Infinity, Infinity, Infinity, Infinity, Infinity, Infinity, Infinity, -1.0, Infinity, Infinity, Infinity, Infinity, Infinity, -1.0, Infinity, Infinity, Infinity, Infinity, Infinity, Infinity, Infinity, Infinity, Infinity, Infinity, -1.0, -1.0, Infinity, Infinity, Infinity, Infinity, Infinity, Infinity, Infinity, Infinity, Infinity, Infinity, Infinity, Infinity, -1.0, Infinity, Infinity, Infinity, Infinity, -1.0, Infinity, Infinity, Infinity, Infinity, -1.0, Infinity, Infinity, Infinity, Infinity, Infinity, -1.0, Infinity, Infinity, Infinity, Infinity, -1.0, Infinity, Infinity, Infinity, Infinity, Infinity, Infinity, Infinity, Infinity, Infinity, Infinity, Infinity, Infinity, Infinity, Infinity, Infinity, Infinity, Infinity, Infinity, Infinity, Infinity, Infinity, Infinity, Infinity, Infinity, Infinity, Infinity, Infinity, Infinity, Infinity, Infinity, Infinity, Infinity, Infinity, Infinity, Infinity, Infinity, Infinity, Infinity, Infinity, Infinity, Infinity, Infinity, Infinity, Infinity, Infinity, Infinity, Infinity, Infinity, Infinity, Infinity, Infinity, Infinity, -1.0, -1.0, Infinity, Infinity, Infinity, Infinity, Infinity, Infinity, Infinity, Infinity, Infinity, Infinity, Infinity, Infinity, Infinity, Infinity, Infinity, Infinity, Infinity, Infinity, Infinity, Infinity, Infinity, Infinity, Infinity, Infinity, Infinity, Infinity, Infinity, Infinity, Infinity, Infinity, Infinity, Infinity, Infinity, Infinity, Infinity, Infinity, Infinity, Infinity, Infinity, Infinity, Infinity, Infinity, Infinity, Infinity, Infinity, -1.0, -1.0, Infinity, Infinity, Infinity, Infinity, Infinity, -1.0, Infinity, Infinity, -1.0, Infinity, -1.0, Infinity, Infinity, Infinity, -1.0, Infinity, Infinity, Infinity, Infinity, Infinity, Infinity, Infinity ]),(97,Array S Seq (Sz1 1000)
  [ 0.0, 0.0, 2.0, 0.0, 0.0, 0.0, 0.0, 0.0, 0.0, 2.0, 0.0, 0.0, 0.0, 0.0, 0.0, 0.0, 0.0, 0.0, 0.0, 0.0, 0.0, 0.0, 0.0, 0.0, 0.0, 0.0, 0.0, 0.0, 0.0, 0.0, 0.0, 0.0, 0.0, 0.0, 0.0, 0.0, 0.0, 0.0, 0.0, 0.0, 0.0, 0.0, 0.0, 0.0, 0.0, 0.0, 0.0, 0.0, 0.0, 0.0, 0.0, 0.0, 0.0, 0.0, 0.0, 0.0, 3.0, 3.0, 0.0, 0.0, 0.0, 3.0, 0.0, 0.0, 0.0, 0.0, 0.0, 0.0, 0.0, 0.0, 0.0, 0.0, 1.0, 0.0, 0.0, 0.0, 0.0, 0.0, 0.0, 0.0, 0.0, 0.0, 0.0, 0.0, 0.0, 0.0, 0.0, 0.0, 0.0, 0.0, 0.0, 0.0, 0.0, 0.0, 9.0, 0.0, 0.0, 0.0, 0.0, 0.0, 0.0, 0.0, 0.0, 0.0, 0.0, 0.0, 4.0, 0.0, 0.0, 0.0, 0.0, 0.0, 0.0, 0.0, 0.0, 0.0, 0.0, 0.0, 0.0, 0.0, 2.0, 0.0, 0.0, 0.0, 0.0, 0.0, 0.0, 0.0, 0.0, 0.0, 0.0, 0.0, 0.0, 0.0, 0.0, 0.0, 0.0, 0.0, 0.0, 0.0, 0.0, 0.0, 0.0, 0.0, 15.0, 0.0, 2.0, 0.0, 0.0, 0.0, 0.0, 0.0, 0.0, 0.0, 0.0, 0.0, 0.0, 0.0, 0.0, 0.0, 4.0, 0.0, 0.0, 0.0, 0.0, 0.0, 0.0, 0.0, 0.0, 3.0, 0.0, 0.0, 0.0, 0.0, 0.0, 0.0, 0.0, 0.0, 0.0, 0.0, 0.0, 0.0, 0.0, 0.0, 0.0, 0.0, 0.0, 0.0, 0.0, 0.0, 0.0, 0.0, 0.0, 0.0, 0.0, 0.0, 0.0, 0.0, 0.0, 0.0, 2.0, 0.0, 0.0, 0.0, 6.0, 0.0, 0.0, 0.0, 0.0, 0.0, 0.0, 0.0, 0.0, 0.0, 0.0, 0.0, 3.0, 0.0, 0.0, 0.0, 0.0, 0.0, 0.0, 0.0, 0.0, 2.0, 0.0, 0.0, 0.0, 0.0, 0.0, 0.0, 0.0, 0.0, 0.0, 0.0, 0.0, 1.0, 0.0, 0.0, 0.0, 0.0, 0.0, 0.0, 0.0, 0.0, 0.0, 0.0, 0.0, 0.0, 0.0, 0.0, 0.0, 3.0, 0.0, 0.0, 0.0, 0.0, 0.0, 0.0, 0.0, 0.0, 0.0, 0.0, 0.0, 0.0, 4.0, 0.0, 0.0, 0.0, 0.0, 0.0, 0.0, 0.0, 0.0, 5.0, 0.0, 0.0, 0.0, 0.0, 0.0, 0.0, 0.0, 0.0, 0.0, 0.0, 0.0, 0.0, 0.0, 0.0, 0.0, 0.0, 0.0, 0.0, 0.0, 0.0, 0.0, 0.0, 0.0, 0.0, 0.0, 0.0, 0.0, 0.0, 0.0, 0.0, 0.0, 0.0, 0.0, 0.0, 2.0, 0.0, 0.0, 0.0, 0.0, 0.0, 0.0, 0.0, 0.0, 0.0, 0.0, 0.0, 0.0, 0.0, 0.0, 0.0, 0.0, 0.0, 0.0, 1.0, 0.0, 0.0, 0.0, 0.0, 0.0, 0.0, 0.0, 0.0, 0.0, 0.0, 0.0, 0.0, 4.0, 0.0, 0.0, 0.0, 0.0, 0.0, 2.0, 3.0, 0.0, 3.0, 0.0, 2.0, 0.0, 0.0, 0.0, 0.0, 0.0, 9.0, 0.0, 0.0, 0.0, 0.0, 0.0, 0.0, 0.0, 0.0, 0.0, 0.0, 0.0, 0.0, 3.0, 0.0, 0.0, 0.0, 0.0, 0.0, 0.0, 0.0, 0.0, 3.0, 0.0, 0.0, 0.0, 4.0, 0.0, 0.0, 0.0, 0.0, 0.0, 0.0, 0.0, 0.0, 0.0, 0.0, 0.0, 0.0, 0.0, 0.0, 0.0, 6.0, 0.0, 0.0, 0.0, 0.0, 0.0, 0.0, 0.0, 0.0, 0.0, 0.0, 0.0, 0.0, 0.0, 0.0, 0.0, 0.0, 0.0, 1.0, 0.0, 0.0, 0.0, 0.0, 0.0, 0.0, 0.0, 0.0, 0.0, 0.0, 0.0, 0.0, 0.0, 0.0, 0.0, 0.0, 0.0, 0.0, 0.0, 0.0, 0.0, 0.0, 0.0, 3.0, 0.0, 0.0, 0.0, 0.0, 0.0, 0.0, 0.0, 0.0, 0.0, 0.0, 0.0, 0.0, 0.0, 0.0, 0.0, 0.0, 0.0, 0.0, 6.0, 0.0, 0.0, 0.0, 3.0, 0.0, 0.0, 0.0, 0.0, 0.0, 0.0, 0.0, 0.0, 2.0, 0.0, 0.0, 0.0, 0.0, 0.0, 0.0, 0.0, 0.0, 0.0, 0.0, 0.0, 0.0, 0.0, 0.0, 4.0, 0.0, 0.0, 0.0, 0.0, 0.0, 0.0, 0.0, 0.0, 2.0, 3.0, 0.0, 0.0, 0.0, 0.0, 0.0, 0.0, 0.0, 0.0, 0.0, 0.0, 0.0, 0.0, 0.0, 0.0, 0.0, 0.0, 0.0, 0.0, 0.0, 0.0, 0.0, 0.0, 0.0, 0.0, 0.0, 0.0, 0.0, 0.0, 0.0, 0.0, 3.0, 0.0, 0.0, 0.0, 0.0, 0.0, 0.0, 0.0, 0.0, 0.0, 4.0, 0.0, 0.0, 0.0, 0.0, 0.0, 0.0, 0.0, 0.0, 0.0, 0.0, 6.0, 0.0, 0.0, 0.0, 8.0, 0.0, 0.0, 0.0, 0.0, 0.0, 0.0, 0.0, 0.0, 0.0, 0.0, 9.0, 3.0, 0.0, 0.0, 0.0, 0.0, 0.0, 0.0, 0.0, 0.0, 0.0, 0.0, 0.0, 0.0, 0.0, 0.0, 0.0, 0.0, 0.0, 0.0, 0.0, 0.0, 0.0, 0.0, 0.0, 0.0, 0.0, 0.0, 0.0, 0.0, 0.0, 0.0, 0.0, 0.0, 0.0, 4.0, 0.0, 2.0, 0.0, 0.0, 0.0, 0.0, 0.0, 6.0, 0.0, 0.0, 3.0, 2.0, 0.0, 0.0, 0.0, 0.0, 0.0, 0.0, 0.0, 0.0, 0.0, 0.0, 0.0, 0.0, 0.0, 0.0, 0.0, 2.0, 0.0, 0.0, 0.0, 0.0, 0.0, 0.0, 0.0, 0.0, 0.0, 0.0, 0.0, 0.0, 2.0, 0.0, 0.0, 0.0, 0.0, 0.0, 0.0, 0.0, 0.0, 0.0, 0.0, 0.0, 0.0, 6.0, 0.0, 3.0, 0.0, 0.0, 0.0, 0.0, 0.0, 0.0, 0.0, 0.0, 1.0, 0.0, 0.0, 0.0, 0.0, 0.0, 0.0, 0.0, 0.0, 0.0, 0.0, 8.0, 0.0, 0.0, 0.0, 0.0, 0.0, 0.0, 0.0, 0.0, 0.0, 0.0, 0.0, 0.0, 0.0, 0.0, 0.0, 0.0, 0.0, 0.0, 0.0, 0.0, 0.0, 0.0, 0.0, 9.0, 0.0, 0.0, 0.0, 0.0, 0.0, 0.0, 0.0, 2.0, 0.0, 0.0, 0.0, 6.0, 0.0, 0.0, 3.0, 0.0, 0.0, 0.0, 0.0, 0.0, 0.0, 0.0, 0.0, 0.0, 0.0, 0.0, 0.0, 0.0, 0.0, 0.0, 0.0, 0.0, 0.0, 0.0, 0.0, 0.0, 0.0, 0.0, 0.0, 0.0, 0.0, 0.0, 0.0, 0.0, 0.0, 0.0, 0.0, 0.0, 0.0, 0.0, 0.0, 0.0, 0.0, 0.0, 0.0, 0.0, 0.0, 0.0, 0.0, 0.0, 0.0, 0.0, 0.0, 0.0, 0.0, 0.0, 0.0, 0.0, 0.0, 0.0, 0.0, 0.0, 0.0, 0.0, 0.0, 0.0, 0.0, 0.0, 0.0, 0.0, 0.0, 0.0, 0.0, 0.0, 0.0, 0.0, 0.0, 0.0, 0.0, 0.0, 0.0, 0.0, 0.0, 0.0, 0.0, 0.0, 0.0, 0.0, 0.0, 0.0, 3.0, 0.0, 0.0, 0.0, 2.0, 0.0, 0.0, 0.0, 0.0, 0.0, 0.0, 0.0, 3.0, 0.0, 10.0, 0.0, 0.0, 0.0, 0.0, 0.0, 0.0, 0.0, 0.0, 0.0, 0.0, 0.0, 0.0, 0.0, 0.0, 0.0, 0.0, 0.0, 0.0, 0.0, 2.0, 0.0, 0.0, 0.0, 0.0, 0.0, 0.0, 0.0, 0.0, 0.0, 0.0, 0.0, 0.0, 0.0, 0.0, 0.0, 0.0, 0.0, 0.0, 2.0, 0.0, 0.0, 0.0, 0.0, 0.0, 2.0, 0.0, 0.0, 0.0, 0.0, 0.0, 0.0, 0.0, 0.0, 0.0, 0.0, 0.0, 0.0, 0.0, 0.0, 0.0, 0.0, 0.0, 0.0, 0.0, 0.0, 0.0, 0.0, 0.0, 0.0, 0.0, 0.0, 0.0, 0.0, 0.0, 0.0, 0.0, 3.0, 0.0, 0.0, 0.0, 0.0, 0.0, 0.0, 0.0, 0.0, 0.0, 0.0, 0.0, 0.0, 0.0, 0.0, 0.0, 0.0, 0.0, 0.0, 0.0, 0.0, 0.0, 0.0, 0.0, 0.0, 0.0, 0.0, 0.0, 0.0, 0.0, 0.0, 0.0, 0.0, 0.0, 0.0, 0.0, 0.0, 0.0, 0.0, 0.0, 0.0, 0.0, 0.0, 0.0, 0.0, 0.0, 0.0, 0.0, 0.0, 3.0, 0.0, 0.0, 0.0, 0.0, 0.0, 0.0, 0.0, 0.0, 2.0, 0.0, 1.0, 0.0, 0.0, 0.0, 0.0, 0.0, 12.0, 0.0, 0.0, 0.0, 0.0, 0.0, 4.0, 0.0, 0.0, 0.0, 0.0, 0.0, 0.0, 0.0, 0.0, 0.0, 2.0, 0.0, 0.0, 0.0, 0.0, 0.0, 0.0, 0.0, 0.0, 0.0, 0.0, 0.0, 2.0, 0.0, 0.0, 0.0, 0.0, 0.0, 0.0, 0.0, 0.0, 0.0, 0.0, 0.0 ]),(99,Array S Seq (Sz1 1000)
  [ 1.0, 1.0, 1.0, 1.0, 1.0, 1.0, 1.0, 1.0, 1.0, 1.0, 1.0, 1.0, 1.0, 1.0, 1.0, 1.0, 1.0, 0.0, 1.0, 1.0, 0.0, 1.0, 1.0, 1.0, 1.0, 1.0, 1.0, 1.0, 1.0, 1.0, 1.0, 1.0, 0.0, 1.0, 1.0, 1.0, 1.0, 1.0, 1.0, 1.0, 0.0, 1.0, 1.0, 1.0, 1.0, 1.0, 1.0, 1.0, 1.0, 1.0, 1.0, 1.0, 1.0, 1.0, 1.0, 1.0, 1.0, 1.0, 1.0, 1.0, 1.0, 1.0, 1.0, 1.0, 1.0, 1.0, 1.0, 1.0, 1.0, 1.0, 1.0, 1.0, 1.0, 1.0, 1.0, 1.0, 1.0, 1.0, 0.0, 1.0, 1.0, 1.0, 1.0, 0.0, 1.0, 1.0, 1.0, 1.0, 1.0, 1.0, 1.0, 1.0, 1.0, 1.0, 1.0, 0.0, 1.0, 1.0, 1.0, 1.0, 1.0, 0.0, 1.0, 1.0, 1.0, 1.0, 1.0, 0.0, 0.0, 1.0, 1.0, 1.0, 1.0, 1.0, 1.0, 1.0, 1.0, 1.0, 1.0, 1.0, 1.0, 0.0, 1.0, 1.0, 1.0, 1.0, 1.0, 1.0, 1.0, 1.0, 1.0, 0.0, 0.0, 1.0, 1.0, 1.0, 1.0, 1.0, 1.0, 1.0, 1.0, 1.0, 1.0, 1.0, 0.0, 1.0, 0.0, 1.0, 1.0, 1.0, 1.0, 1.0, 1.0, 1.0, 0.0, 1.0, 1.0, 0.0, 0.0, 1.0, 1.0, 1.0, 1.0, 1.0, 1.0, 1.0, 1.0, 1.0, 1.0, 1.0, 1.0, 1.0, 0.0, 1.0, 1.0, 1.0, 1.0, 1.0, 1.0, 1.0, 1.0, 1.0, 1.0, 1.0, 1.0, 1.0, 1.0, 1.0, 0.0, 1.0, 1.0, 1.0, 1.0, 1.0, 1.0, 1.0, 1.0, 1.0, 1.0, 1.0, 1.0, 1.0, 1.0, 1.0, 0.0, 1.0, 0.0, 1.0, 1.0, 1.0, 0.0, 1.0, 0.0, 1.0, 0.0, 1.0, 1.0, 1.0, 1.0, 1.0, 1.0, 1.0, 1.0, 1.0, 1.0, 1.0, 1.0, 1.0, 1.0, 1.0, 1.0, 1.0, 1.0, 0.0, 1.0, 1.0, 1.0, 1.0, 1.0, 1.0, 1.0, 1.0, 1.0, 1.0, 1.0, 0.0, 1.0, 1.0, 1.0, 1.0, 1.0, 1.0, 1.0, 1.0, 1.0, 1.0, 1.0, 1.0, 1.0, 1.0, 1.0, 1.0, 1.0, 1.0, 1.0, 1.0, 0.0, 1.0, 1.0, 0.0, 1.0, 1.0, 1.0, 1.0, 1.0, 1.0, 1.0, 1.0, 1.0, 1.0, 1.0, 1.0, 1.0, 1.0, 1.0, 1.0, 1.0, 0.0, 1.0, 0.0, 1.0, 1.0, 1.0, 1.0, 0.0, 1.0, 1.0, 1.0, 1.0, 1.0, 0.0, 1.0, 1.0, 1.0, 1.0, 1.0, 1.0, 1.0, 1.0, 1.0, 1.0, 1.0, 1.0, 1.0, 0.0, 1.0, 0.0, 1.0, 1.0, 1.0, 1.0, 1.0, 1.0, 1.0, 1.0, 1.0, 0.0, 1.0, 1.0, 1.0, 1.0, 1.0, 1.0, 1.0, 0.0, 1.0, 1.0, 1.0, 1.0, 1.0, 1.0, 1.0, 1.0, 1.0, 1.0, 0.0, 1.0, 1.0, 1.0, 1.0, 1.0, 1.0, 1.0, 0.0, 0.0, 1.0, 0.0, 1.0, 1.0, 1.0, 1.0, 1.0, 1.0, 1.0, 1.0, 1.0, 1.0, 1.0, 1.0, 1.0, 0.0, 1.0, 1.0, 1.0, 1.0, 0.0, 1.0, 1.0, 1.0, 1.0, 1.0, 1.0, 0.0, 1.0, 1.0, 1.0, 1.0, 1.0, 1.0, 1.0, 1.0, 1.0, 1.0, 1.0, 1.0, 1.0, 1.0, 1.0, 1.0, 1.0, 0.0, 1.0, 1.0, 1.0, 1.0, 1.0, 1.0, 1.0, 1.0, 1.0, 1.0, 1.0, 1.0, 1.0, 1.0, 1.0, 1.0, 1.0, 0.0, 1.0, 1.0, 1.0, 1.0, 1.0, 1.0, 1.0, 0.0, 1.0, 0.0, 1.0, 1.0, 0.0, 1.0, 1.0, 1.0, 1.0, 1.0, 1.0, 1.0, 0.0, 1.0, 1.0, 1.0, 1.0, 1.0, 1.0, 1.0, 1.0, 0.0, 1.0, 1.0, 1.0, 1.0, 1.0, 1.0, 1.0, 1.0, 1.0, 1.0, 1.0, 1.0, 1.0, 1.0, 1.0, 1.0, 1.0, 1.0, 1.0, 1.0, 0.0, 1.0, 1.0, 1.0, 0.0, 1.0, 0.0, 1.0, 1.0, 1.0, 1.0, 1.0, 1.0, 1.0, 1.0, 1.0, 0.0, 1.0, 1.0, 0.0, 1.0, 1.0, 1.0, 0.0, 0.0, 1.0, 1.0, 1.0, 1.0, 1.0, 1.0, 1.0, 1.0, 0.0, 0.0, 1.0, 1.0, 1.0, 1.0, 1.0, 1.0, 1.0, 1.0, 1.0, 1.0, 1.0, 1.0, 1.0, 1.0, 1.0, 1.0, 1.0, 1.0, 1.0, 1.0, 1.0, 1.0, 1.0, 1.0, 1.0, 1.0, 1.0, 1.0, 1.0, 1.0, 1.0, 1.0, 1.0, 1.0, 1.0, 1.0, 1.0, 0.0, 1.0, 1.0, 1.0, 1.0, 1.0, 1.0, 1.0, 1.0, 1.0, 1.0, 1.0, 1.0, 1.0, 1.0, 1.0, 1.0, 1.0, 1.0, 1.0, 1.0, 1.0, 1.0, 0.0, 1.0, 1.0, 1.0, 1.0, 1.0, 1.0, 1.0, 1.0, 1.0, 1.0, 0.0, 1.0, 1.0, 1.0, 0.0, 1.0, 0.0, 1.0, 1.0, 1.0, 1.0, 1.0, 1.0, 1.0, 1.0, 1.0, 1.0, 1.0, 1.0, 1.0, 1.0, 1.0, 0.0, 1.0, 1.0, 0.0, 1.0, 1.0, 1.0, 1.0, 1.0, 1.0, 1.0, 0.0, 0.0, 1.0, 1.0, 1.0, 1.0, 1.0, 1.0, 1.0, 1.0, 1.0, 1.0, 0.0, 1.0, 1.0, 1.0, 1.0, 0.0, 1.0, 0.0, 1.0, 1.0, 1.0, 1.0, 1.0, 1.0, 1.0, 1.0, 1.0, 0.0, 0.0, 1.0, 1.0, 1.0, 1.0, 1.0, 1.0, 1.0, 1.0, 0.0, 1.0, 0.0, 1.0, 1.0, 1.0, 1.0, 1.0, 0.0, 1.0, 0.0, 1.0, 1.0, 0.0, 1.0, 1.0, 1.0, 1.0, 1.0, 1.0, 1.0, 1.0, 1.0, 1.0, 1.0, 0.0, 1.0, 1.0, 1.0, 1.0, 1.0, 1.0, 0.0, 1.0, 1.0, 1.0, 1.0, 1.0, 1.0, 1.0, 1.0, 0.0, 1.0, 1.0, 0.0, 1.0, 1.0, 1.0, 0.0, 1.0, 1.0, 1.0, 1.0, 1.0, 1.0, 0.0, 1.0, 1.0, 1.0, 0.0, 1.0, 0.0, 0.0, 0.0, 1.0, 1.0, 1.0, 1.0, 0.0, 1.0, 1.0, 1.0, 1.0, 1.0, 1.0, 1.0, 1.0, 1.0, 1.0, 1.0, 0.0, 1.0, 1.0, 1.0, 1.0, 0.0, 0.0, 1.0, 1.0, 1.0, 1.0, 1.0, 1.0, 1.0, 1.0, 1.0, 1.0, 1.0, 1.0, 0.0, 1.0, 1.0, 1.0, 1.0, 1.0, 1.0, 1.0, 1.0, 1.0, 1.0, 1.0, 1.0, 1.0, 1.0, 1.0, 1.0, 1.0, 1.0, 1.0, 1.0, 1.0, 1.0, 1.0, 1.0, 0.0, 1.0, 1.0, 1.0, 1.0, 1.0, 1.0, 1.0, 1.0, 1.0, 1.0, 1.0, 1.0, 1.0, 1.0, 1.0, 1.0, 1.0, 1.0, 1.0, 1.0, 1.0, 1.0, 1.0, 1.0, 0.0, 1.0, 1.0, 1.0, 1.0, 1.0, 1.0, 1.0, 1.0, 1.0, 1.0, 1.0, 1.0, 1.0, 1.0, 1.0, 1.0, 1.0, 1.0, 1.0, 1.0, 1.0, 1.0, 1.0, 1.0, 0.0, 1.0, 1.0, 1.0, 1.0, 1.0, 1.0, 1.0, 0.0, 1.0, 0.0, 1.0, 1.0, 1.0, 1.0, 1.0, 0.0, 1.0, 1.0, 1.0, 1.0, 1.0, 1.0, 1.0, 1.0, 1.0, 1.0, 0.0, 1.0, 1.0, 1.0, 1.0, 1.0, 1.0, 1.0, 1.0, 1.0, 1.0, 1.0, 0.0, 1.0, 1.0, 0.0, 0.0, 1.0, 1.0, 1.0, 1.0, 1.0, 1.0, 1.0, 1.0, 0.0, 1.0, 0.0, 1.0, 1.0, 1.0, 1.0, 0.0, 1.0, 1.0, 1.0, 1.0, 1.0, 1.0, 1.0, 1.0, 1.0, 1.0, 1.0, 1.0, 1.0, 1.0, 1.0, 0.0, 1.0, 1.0, 1.0, 0.0, 1.0, 0.0, 1.0, 1.0, 1.0, 1.0, 0.0, 1.0, 1.0, 0.0, 1.0, 1.0, 1.0, 1.0, 1.0, 1.0, 1.0, 0.0, 1.0, 0.0, 1.0, 1.0, 1.0, 1.0, 1.0, 1.0, 0.0, 1.0, 0.0, 0.0, 1.0, 1.0, 1.0, 1.0, 1.0, 1.0, 1.0, 1.0, 1.0, 1.0, 1.0, 1.0, 1.0, 1.0, 1.0, 1.0, 1.0, 1.0, 1.0, 1.0, 1.0, 1.0, 1.0, 0.0, 1.0, 1.0, 1.0, 0.0, 1.0, 1.0, 1.0, 1.0, 1.0, 0.0, 1.0, 1.0, 1.0, 1.0, 1.0, 1.0, 1.0, 1.0, 1.0, 1.0, 1.0, 1.0, 1.0, 1.0, 1.0, 1.0, 1.0, 1.0, 1.0, 1.0, 1.0, 0.0, 1.0, 1.0, 1.0, 1.0, 1.0, 1.0, 1.0, 1.0, 1.0, 1.0, 1.0, 1.0, 1.0 ]),(103,Array S Seq (Sz1 1000)
  [ 0.0, 0.0, 0.0, 0.0, 0.0, 1.0, 1.0, 1.0, 1.0, 1.0, 0.0, 0.0, 0.0, 1.0, 1.0, 0.0, 0.0, 1.0, 0.0, 1.0, 0.0, 0.0, 0.0, 1.0, 0.0, 0.0, 0.0, 0.0, 1.0, 0.0, 1.0, 1.0, 0.0, 0.0, 1.0, 0.0, 1.0, 1.0, 1.0, 0.0, 1.0, 1.0, 0.0, 0.0, 0.0, 1.0, 0.0, 0.0, 0.0, 0.0, 1.0, 1.0, 1.0, 1.0, 0.0, 0.0, 0.0, 0.0, 0.0, 1.0, 0.0, 1.0, 0.0, 0.0, 1.0, 0.0, 0.0, 0.0, 1.0, 0.0, 0.0, 0.0, 1.0, 1.0, 1.0, 1.0, 0.0, 0.0, 1.0, 0.0, 1.0, 0.0, 1.0, 0.0, 0.0, 0.0, 0.0, 1.0, 0.0, 0.0, 1.0, 1.0, 1.0, 0.0, 1.0, 1.0, 0.0, 1.0, 0.0, 0.0, 1.0, 0.0, 1.0, 0.0, 0.0, 1.0, 1.0, 0.0, 1.0, 0.0, 1.0, 1.0, 1.0, 1.0, 1.0, 1.0, 0.0, 0.0, 0.0, 0.0, 0.0, 0.0, 1.0, 0.0, 0.0, 1.0, 1.0, 0.0, 0.0, 1.0, 1.0, 0.0, 1.0, 0.0, 1.0, 0.0, 0.0, 1.0, 0.0, 1.0, 0.0, 0.0, 1.0, 0.0, 0.0, 1.0, 0.0, 1.0, 0.0, 0.0, 1.0, 1.0, 1.0, 0.0, 1.0, 0.0, 1.0, 0.0, 1.0, 1.0, 1.0, 1.0, 1.0, 1.0, 0.0, 1.0, 1.0, 0.0, 0.0, 1.0, 0.0, 0.0, 0.0, 0.0, 0.0, 0.0, 0.0, 1.0, 0.0, 1.0, 1.0, 1.0, 0.0, 0.0, 1.0, 0.0, 0.0, 0.0, 1.0, 0.0, 1.0, 1.0, 0.0, 0.0, 0.0, 1.0, 0.0, 1.0, 1.0, 1.0, 1.0, 0.0, 0.0, 0.0, 0.0, 0.0, 0.0, 0.0, 1.0, 0.0, 0.0, 0.0, 0.0, 0.0, 0.0, 0.0, 1.0, 1.0, 1.0, 0.0, 0.0, 0.0, 0.0, 0.0, 1.0, 1.0, 1.0, 1.0, 0.0, 1.0, 0.0, 1.0, 0.0, 1.0, 1.0, 1.0, 0.0, 0.0, 1.0, 1.0, 0.0, 0.0, 1.0, 0.0, 1.0, 1.0, 1.0, 1.0, 1.0, 0.0, 0.0, 1.0, 0.0, 0.0, 1.0, 1.0, 0.0, 0.0, 0.0, 1.0, 0.0, 0.0, 1.0, 0.0, 1.0, 1.0, 1.0, 0.0, 1.0, 0.0, 1.0, 1.0, 1.0, 1.0, 1.0, 0.0, 0.0, 0.0, 1.0, 1.0, 1.0, 1.0, 1.0, 0.0, 0.0, 0.0, 1.0, 1.0, 0.0, 1.0, 1.0, 1.0, 0.0, 1.0, 0.0, 0.0, 1.0, 1.0, 0.0, 0.0, 1.0, 1.0, 1.0, 1.0, 1.0, 1.0, 1.0, 1.0, 1.0, 0.0, 1.0, 1.0, 0.0, 1.0, 1.0, 0.0, 1.0, 0.0, 0.0, 1.0, 0.0, 0.0, 1.0, 0.0, 0.0, 1.0, 0.0, 0.0, 0.0, 0.0, 0.0, 1.0, 0.0, 0.0, 1.0, 1.0, 1.0, 0.0, 1.0, 0.0, 0.0, 0.0, 0.0, 0.0, 1.0, 0.0, 1.0, 1.0, 0.0, 0.0, 0.0, 0.0, 0.0, 1.0, 0.0, 1.0, 0.0, 1.0, 1.0, 1.0, 1.0, 1.0, 1.0, 1.0, 1.0, 1.0, 0.0, 1.0, 0.0, 0.0, 1.0, 0.0, 0.0, 1.0, 0.0, 0.0, 1.0, 1.0, 0.0, 1.0, 1.0, 0.0, 1.0, 0.0, 0.0, 1.0, 1.0, 1.0, 1.0, 0.0, 1.0, 0.0, 1.0, 1.0, 0.0, 0.0, 1.0, 0.0, 0.0, 0.0, 0.0, 0.0, 0.0, 1.0, 0.0, 0.0, 1.0, 0.0, 1.0, 1.0, 1.0, 0.0, 1.0, 1.0, 1.0, 1.0, 1.0, 0.0, 0.0, 0.0, 0.0, 1.0, 0.0, 1.0, 0.0, 0.0, 0.0, 0.0, 1.0, 0.0, 0.0, 0.0, 0.0, 0.0, 0.0, 1.0, 1.0, 0.0, 0.0, 0.0, 0.0, 1.0, 0.0, 1.0, 0.0, 1.0, 1.0, 0.0, 0.0, 1.0, 0.0, 1.0, 1.0, 0.0, 1.0, 1.0, 1.0, 0.0, 0.0, 0.0, 1.0, 0.0, 0.0, 0.0, 0.0, 1.0, 1.0, 1.0, 1.0, 0.0, 1.0, 0.0, 1.0, 0.0, 1.0, 0.0, 1.0, 1.0, 1.0, 1.0, 0.0, 0.0, 1.0, 0.0, 1.0, 0.0, 0.0, 1.0, 0.0, 0.0, 0.0, 0.0, 1.0, 0.0, 1.0, 0.0, 0.0, 0.0, 1.0, 0.0, 1.0, 0.0, 1.0, 0.0, 1.0, 0.0, 0.0, 1.0, 1.0, 1.0, 1.0, 0.0, 1.0, 0.0, 1.0, 0.0, 1.0, 0.0, 1.0, 0.0, 1.0, 1.0, 1.0, 1.0, 1.0, 1.0, 0.0, 0.0, 0.0, 0.0, 1.0, 0.0, 1.0, 0.0, 1.0, 1.0, 1.0, 0.0, 0.0, 1.0, 0.0, 0.0, 0.0, 0.0, 1.0, 1.0, 0.0, 0.0, 1.0, 1.0, 1.0, 0.0, 0.0, 0.0, 1.0, 0.0, 0.0, 0.0, 1.0, 1.0, 0.0, 1.0, 0.0, 0.0, 0.0, 0.0, 1.0, 1.0, 1.0, 1.0, 0.0, 1.0, 0.0, 0.0, 0.0, 0.0, 1.0, 0.0, 0.0, 1.0, 0.0, 1.0, 1.0, 1.0, 0.0, 0.0, 1.0, 0.0, 0.0, 1.0, 0.0, 0.0, 1.0, 1.0, 0.0, 0.0, 0.0, 1.0, 0.0, 0.0, 0.0, 0.0, 1.0, 0.0, 0.0, 1.0, 0.0, 0.0, 0.0, 1.0, 0.0, 0.0, 1.0, 1.0, 1.0, 0.0, 1.0, 1.0, 0.0, 1.0, 0.0, 1.0, 0.0, 1.0, 1.0, 1.0, 1.0, 0.0, 0.0, 1.0, 0.0, 1.0, 0.0, 0.0, 1.0, 0.0, 1.0, 0.0, 0.0, 0.0, 0.0, 1.0, 1.0, 1.0, 0.0, 1.0, 0.0, 1.0, 1.0, 1.0, 0.0, 1.0, 0.0, 1.0, 0.0, 0.0, 1.0, 0.0, 1.0, 0.0, 1.0, 1.0, 1.0, 1.0, 1.0, 0.0, 0.0, 0.0, 1.0, 0.0, 1.0, 0.0, 0.0, 1.0, 0.0, 0.0, 1.0, 1.0, 0.0, 0.0, 1.0, 1.0, 1.0, 0.0, 1.0, 0.0, 0.0, 1.0, 0.0, 0.0, 0.0, 0.0, 0.0, 1.0, 0.0, 1.0, 1.0, 1.0, 0.0, 0.0, 0.0, 0.0, 1.0, 0.0, 1.0, 1.0, 0.0, 0.0, 0.0, 1.0, 0.0, 1.0, 1.0, 0.0, 0.0, 1.0, 0.0, 1.0, 1.0, 1.0, 0.0, 1.0, 0.0, 0.0, 0.0, 0.0, 0.0, 1.0, 1.0, 0.0, 0.0, 1.0, 0.0, 1.0, 1.0, 0.0, 1.0, 1.0, 0.0, 0.0, 1.0, 0.0, 0.0, 0.0, 1.0, 1.0, 1.0, 0.0, 1.0, 1.0, 0.0, 1.0, 1.0, 1.0, 1.0, 1.0, 1.0, 0.0, 0.0, 1.0, 1.0, 1.0, 1.0, 0.0, 0.0, 0.0, 0.0, 0.0, 1.0, 0.0, 0.0, 1.0, 1.0, 0.0, 1.0, 0.0, 1.0, 1.0, 0.0, 0.0, 0.0, 0.0, 1.0, 1.0, 1.0, 0.0, 1.0, 0.0, 1.0, 0.0, 0.0, 0.0, 1.0, 0.0, 0.0, 0.0, 0.0, 1.0, 0.0, 0.0, 0.0, 0.0, 1.0, 1.0, 1.0, 1.0, 1.0, 1.0, 1.0, 1.0, 0.0, 1.0, 0.0, 0.0, 0.0, 1.0, 1.0, 0.0, 1.0, 0.0, 1.0, 0.0, 1.0, 1.0, 1.0, 0.0, 0.0, 0.0, 1.0, 1.0, 1.0, 0.0, 0.0, 0.0, 0.0, 0.0, 1.0, 0.0, 0.0, 0.0, 1.0, 1.0, 1.0, 0.0, 0.0, 0.0, 0.0, 0.0, 0.0, 0.0, 1.0, 0.0, 0.0, 1.0, 0.0, 1.0, 0.0, 0.0, 1.0, 1.0, 1.0, 0.0, 0.0, 0.0, 1.0, 0.0, 0.0, 1.0, 1.0, 0.0, 1.0, 0.0, 1.0, 1.0, 0.0, 1.0, 1.0, 0.0, 0.0, 1.0, 1.0, 0.0, 1.0, 0.0, 1.0, 0.0, 0.0, 1.0, 0.0, 0.0, 0.0, 0.0, 0.0, 1.0, 1.0, 0.0, 1.0, 1.0, 0.0, 0.0, 1.0, 1.0, 0.0, 1.0, 1.0, 0.0, 0.0, 0.0, 1.0, 0.0, 0.0, 1.0, 0.0, 1.0, 1.0, 0.0, 1.0, 1.0, 1.0, 0.0, 0.0, 0.0, 1.0, 1.0, 1.0, 0.0, 0.0, 0.0, 0.0, 1.0, 0.0, 1.0, 1.0, 1.0, 0.0, 0.0, 0.0, 1.0, 1.0, 0.0, 0.0, 0.0, 1.0, 0.0, 0.0, 1.0, 0.0, 1.0, 0.0, 0.0, 0.0, 0.0, 0.0, 1.0, 0.0, 1.0, 1.0, 0.0, 1.0, 0.0, 1.0, 0.0, 1.0, 1.0, 1.0, 1.0, 1.0, 0.0, 1.0, 1.0, 1.0, 0.0, 0.0, 1.0, 0.0, 0.0, 1.0, 0.0, 1.0, 1.0, 0.0, 0.0, 0.0, 1.0, 0.0, 1.0, 1.0, 0.0, 1.0, 0.0, 0.0, 0.0, 1.0, 0.0, 1.0, 1.0, 0.0, 1.0, 1.0, 1.0 ])]
([21,43,44,51,60,70,78,80,81,82,97,99,103],[Param 0,Param 1],2)
9441138.723009244
finish f
Recip((Recip((Abs((Abs(x4) ^ x3)) ^ (t0 * x7))) * t1))
([21,43,44,51,60,70,78,80,81,82,97,99,103],[Param 0,Param 1],2)
(9441138.723009244,Array S Seq (Sz1 2)
  [ 0.4598678880820162, 0.725729598513652 ],9441138.723009253)
(Array S Seq (Sz1 2)
  [ 0.4598678880820162, 0.725729598513652 ],2)
Recip(((Abs((Abs((x0 - ((t0 * x4) * (x1 * t1)))) ^ Recip(((t2 + x8) * x7)))) ^ (x3 + (((t3 - x5) - x5) - Recip(x8)))) * ((x1 * t4) - x7)))
minmized
("recurse to ",124,124)
("recurse to ",121,121)
("recurse to ",116,116)
("recurse to ",112,112)
("recurse to ",111,111)
("recurse to ",109,109)
theta 
(5,0)
(Bin Mul 9 4,True,True)
("recurse to ",110,110)
theta 
(5,1)
(Bin Mul 1 12,True,True)
(Bin Mul 109 110,True,True)
(Bin Sub 0 111,True,True)
("recurse to ",115,115)
("recurse to ",114,114)
("recurse to ",113,113)
theta 
(5,2)
(Bin Add 16 8,True,True)
(Bin Mul 113 7,True,True)
(Uni Recip 114,True,True)
(Bin PowerAbs 112 115,True,True)
("recurse to ",120,120)
("recurse to ",119,119)
("recurse to ",118,118)
("recurse to ",117,117)
theta 
(5,3)
(Bin Sub 19 5,True,True)
(Bin Sub 117 5,True,True)
(Bin Sub 118 60,True,True)
(Bin Add 3 119,True,True)
(Bin PowerAbs 116 120,True,True)
("recurse to ",123,123)
("recurse to ",122,122)
theta 
(5,4)
(Bin Mul 1 27,True,True)
(Bin Sub 122 7,True,True)
(Bin Mul 121 123,True,True)
(Uni Recip 124,True,True)
fromList [(21,Array S Seq (Sz1 1000)
  [ 0.0, NaN, 0.0, 0.0, 0.5, NaN, Infinity, NaN, NaN, 0.0, NaN, 0.0, NaN, 0.0, NaN, NaN, NaN, Infinity, 0.0, 0.0, Infinity, Infinity, NaN, 0.3333333333333333, Infinity, 0.25, NaN, NaN, 0.5, Infinity, 0.5, 0.5, 0.0, NaN, 0.0, Infinity, NaN, 0.0, Infinity, NaN, NaN, 0.3333333333333333, NaN, 0.0, Infinity, NaN, NaN, 0.0, NaN, 0.0, Infinity, 0.0, NaN, NaN, Infinity, NaN, 0.3333333333333333, 0.0, 0.0, NaN, 0.0, 0.0, NaN, 0.0, 0.0, Infinity, 0.0, 0.0, 0.0, NaN, NaN, Infinity, 0.0, Infinity, Infinity, 0.0, NaN, 0.0, NaN, NaN, 0.5, NaN, 0.0, 0.5, Infinity, Infinity, NaN, Infinity, NaN, NaN, 1.0, NaN, NaN, 0.0, 0.0, 0.0, 0.0, 0.2, 0.0, NaN, 0.0, NaN, 0.0, NaN, NaN, 0.0, 0.0, 0.0, Infinity, NaN, 0.0, NaN, NaN, NaN, 0.3333333333333333, 0.5, NaN, Infinity, 0.0, NaN, 0.0, Infinity, NaN, 0.0, NaN, NaN, Infinity, NaN, 0.5, 0.0, 0.0, Infinity, NaN, NaN, Infinity, 0.2, NaN, Infinity, NaN, Infinity, 0.0, 1.0, 1.0, NaN, 0.2, NaN, 0.5, NaN, 0.5, 0.0, 0.0, NaN, NaN, 0.0, NaN, Infinity, NaN, NaN, NaN, NaN, 0.25, NaN, NaN, NaN, NaN, 0.0, 0.0, 0.0, NaN, 0.3333333333333333, NaN, 0.0, NaN, 0.3333333333333333, NaN, NaN, NaN, NaN, NaN, NaN, NaN, Infinity, 0.0, NaN, 0.0, 0.0, NaN, 0.0, 0.5, NaN, NaN, 0.0, 0.0, NaN, NaN, 0.0, NaN, NaN, NaN, 0.0, 0.0, 0.0, 0.5, 0.0, 0.0, NaN, NaN, Infinity, NaN, 0.0, NaN, 0.0, 0.5, Infinity, NaN, NaN, 0.0, 0.5, Infinity, 0.0, Infinity, NaN, NaN, NaN, Infinity, 0.0, NaN, NaN, 0.0, NaN, 0.0, NaN, NaN, NaN, 0.0, 0.0, Infinity, 1.0, NaN, NaN, 0.0, 0.0, 0.0, 0.0, NaN, NaN, 0.0, NaN, Infinity, NaN, 0.0, NaN, NaN, 0.0, Infinity, NaN, NaN, NaN, 0.0, 0.5, NaN, NaN, NaN, Infinity, 0.0, NaN, 0.0, 0.0, Infinity, NaN, 0.0, 0.0, Infinity, NaN, NaN, 0.0, NaN, NaN, Infinity, 0.0, 0.0, NaN, Infinity, 0.5, NaN, NaN, 0.0, Infinity, 0.0, NaN, NaN, NaN, NaN, 0.25, Infinity, 1.0, 0.0, 0.0, Infinity, 0.0, NaN, NaN, 0.5, NaN, 0.5, 0.0, Infinity, Infinity, 0.0, 0.0, 0.0, 0.5, 0.0, Infinity, Infinity, NaN, Infinity, 0.0, Infinity, 0.0, NaN, 0.0, NaN, Infinity, NaN, Infinity, Infinity, 0.0, Infinity, 1.0, NaN, NaN, Infinity, 0.0, 0.5, NaN, NaN, 0.0, 0.0, 0.2, 0.0, Infinity, 0.0, 0.0, Infinity, Infinity, Infinity, NaN, 0.0, 0.0, 0.0, 0.3333333333333333, NaN, 0.5, NaN, NaN, NaN, 0.0, 0.0, 0.3333333333333333, 0.0, NaN, 0.0, NaN, Infinity, NaN, NaN, 0.25, Infinity, 0.0, Infinity, 0.0, 0.0, NaN, Infinity, 0.5, 0.0, 0.0, NaN, 0.0, Infinity, 0.3333333333333333, NaN, 0.0, NaN, 0.5, NaN, 0.3333333333333333, NaN, NaN, Infinity, NaN, NaN, NaN, NaN, NaN, NaN, 0.5, 0.0, NaN, Infinity, 0.0, 0.5, 0.0, NaN, 0.5, 0.0, 0.0, NaN, NaN, Infinity, 0.0, NaN, 0.0, NaN, 0.0, 0.0, NaN, Infinity, 1.0, NaN, 0.0, NaN, 0.0, 0.0, NaN, Infinity, 0.0, 0.3333333333333333, 0.0, 0.0, 0.5, Infinity, NaN, Infinity, 0.3333333333333333, NaN, NaN, 0.0, 0.0, NaN, NaN, 0.0, 0.3333333333333333, NaN, NaN, Infinity, NaN, NaN, Infinity, NaN, 0.0, 0.3333333333333333, Infinity, 0.0, Infinity, NaN, NaN, 0.0, NaN, 0.0, 0.0, 0.0, 0.0, 0.0, 0.3333333333333333, 0.0, NaN, Infinity, 0.3333333333333333, NaN, 0.0, NaN, NaN, 0.0, 0.0, 0.0, NaN, 0.0, 0.0, 0.0, NaN, 0.3333333333333333, 0.0, NaN, 0.0, 0.0, 0.3333333333333333, NaN, 0.3333333333333333, 0.0, 0.0, Infinity, Infinity, NaN, Infinity, Infinity, 0.0, Infinity, 0.0, 0.3333333333333333, NaN, Infinity, 0.0, Infinity, NaN, 0.0, 0.0, NaN, 1.0, 0.0, 0.0, NaN, 0.0, NaN, 0.0, NaN, NaN, Infinity, 0.0, NaN, 0.3333333333333333, Infinity, NaN, 0.0, 0.0, NaN, 0.0, 0.0, NaN, Infinity, 0.0, 0.0, 0.5, Infinity, Infinity, Infinity, NaN, 0.0, 0.0, NaN, 0.25, Infinity, 0.0, NaN, NaN, Infinity, 0.0, 0.2, NaN, NaN, 0.0, 0.0, NaN, Infinity, 0.0, 0.0, 0.0, NaN, 0.5, NaN, 0.0, 0.0, NaN, 0.0, NaN, NaN, 0.0, 0.3333333333333333, NaN, 0.0, 0.0, NaN, 0.0, NaN, Infinity, Infinity, Infinity, NaN, Infinity, NaN, NaN, Infinity, NaN, NaN, Infinity, 0.0, NaN, NaN, 0.5, 0.3333333333333333, 0.3333333333333333, 0.0, 0.0, 0.0, 0.0, Infinity, Infinity, 0.0, 0.0, NaN, 0.0, 0.5, 0.0, 0.0, NaN, NaN, NaN, NaN, NaN, 0.0, NaN, 1.0, 0.3333333333333333, 0.0, NaN, 0.0, 0.0, 0.0, 0.3333333333333333, 0.0, NaN, Infinity, 0.0, NaN, Infinity, 0.0, NaN, Infinity, 0.0, 0.5, NaN, NaN, NaN, NaN, 0.2, 0.0, Infinity, Infinity, NaN, NaN, NaN, NaN, 0.0, Infinity, 0.0, NaN, NaN, NaN, NaN, 0.0, 0.3333333333333333, Infinity, Infinity, 0.0, 0.0, 0.0, Infinity, 0.0, NaN, NaN, 0.0, Infinity, Infinity, NaN, NaN, NaN, 1.0, NaN, 0.3333333333333333, NaN, 0.0, NaN, NaN, 0.0, 0.0, NaN, NaN, 0.0, NaN, NaN, 0.0, NaN, NaN, NaN, NaN, Infinity, 1.0, Infinity, Infinity, NaN, Infinity, 0.5, 0.0, 0.0, 0.5, 0.0, NaN, 0.3333333333333333, NaN, NaN, Infinity, 0.0, Infinity, 0.0, NaN, 0.0, Infinity, Infinity, 0.0, 0.5, 0.0, Infinity, Infinity, 0.5, NaN, 0.0, 0.0, Infinity, NaN, NaN, Infinity, 0.5, 0.0, NaN, 0.0, NaN, NaN, Infinity, Infinity, 0.0, 0.0, Infinity, Infinity, NaN, 0.0, NaN, 0.0, 0.0, NaN, Infinity, Infinity, 0.0, 0.0, NaN, 0.0, 0.5, NaN, NaN, 0.0, 0.0, Infinity, NaN, 0.0, NaN, 0.3333333333333333, Infinity, NaN, 0.0, 0.0, 0.0, 0.0, NaN, Infinity, NaN, NaN, NaN, 0.0, 0.0, 0.0, 0.0, 1.0, Infinity, NaN, Infinity, 0.0, 0.3333333333333333, 0.0, Infinity, 0.0, NaN, NaN, 0.0, NaN, Infinity, 0.0, 0.0, NaN, 0.5, 0.0, NaN, NaN, 0.3333333333333333, 0.0, NaN, Infinity, 0.5, 0.0, 0.0, 0.0, 0.0, Infinity, 0.5, 0.0, NaN, Infinity, 1.0, 0.0, Infinity, Infinity, 0.0, 0.0, 0.0, NaN, NaN, 0.3333333333333333, NaN, 0.0, Infinity, NaN, 0.0, 0.0, NaN, 0.0, 0.0, NaN, 0.0, 0.0, Infinity, NaN, 0.0, NaN, NaN, NaN, 0.0, Infinity, 0.0, 0.5, NaN, 0.5, Infinity, NaN, 0.5, NaN, NaN, 0.0, Infinity, 0.0, 0.0, 0.0, 0.0, 0.0, 0.0, NaN, NaN, NaN, 0.5, 1.0, NaN, NaN, Infinity, NaN, 0.0, NaN, 0.0, 0.0, NaN, 0.0, 0.0, 0.0, Infinity, 0.0, 0.5, NaN, NaN, 0.0, 0.0, NaN, NaN, 0.0, 0.0, NaN, Infinity, NaN, 0.3333333333333333, NaN, Infinity, Infinity, 0.0, 0.0, 0.0, 0.0, NaN, 0.0, 0.3333333333333333, Infinity, Infinity, NaN, NaN, 0.0, NaN, NaN, 0.5, Infinity, NaN, Infinity, NaN, 0.5, NaN, Infinity, NaN, 0.3333333333333333, 0.0, Infinity, NaN, NaN, 0.3333333333333333, 0.0, 0.0, 0.0, Infinity, 0.0, 0.0, 0.0, 0.0, 0.3333333333333333, Infinity, NaN, NaN, 0.0, 0.0, NaN, 0.0, NaN, Infinity, NaN, Infinity, 0.0, 0.0, 0.0, 0.0, Infinity, NaN, 0.0, 0.0, 0.0, 0.0, Infinity, NaN, 0.0, 1.0, 0.3333333333333333, 0.5, NaN, 1.0, 0.0, Infinity, NaN, 0.0, NaN, 0.25, NaN, NaN, 0.0, 0.0, NaN, 0.25, 0.0, Infinity, 0.0, NaN, Infinity, NaN, Infinity, 0.0, 0.0, 0.0, NaN, 0.5, 0.0, Infinity, 0.0, 0.0, 0.0, NaN, NaN, 0.5, 0.0, 0.0, 0.0, 0.0, Infinity, NaN, Infinity, 0.5, NaN, 0.0, 0.0, NaN, 0.0 ]),(43,Array S Seq (Sz1 1000)
  [ 1.0, 1.0, 1.0, 1.0, 136.01341247558594, 1.0, 132.46034240722656, 1.0, 1.0, 1.0, 1.0, 1.0, 1.0, 1.0, 1.0, 1.0, 1.0, 195.7398681640625, 1.0, 1.0, 125.3662109375, 100.45612335205078, 1.0, 227.5116424560547, 181.67588806152344, 143.7611083984375, 1.0, 1.0, 116.65486145019533, 131.63455200195313, 121.69271850585938, 123.9864273071289, 1.0, 1.0, 1.0, 98.12364959716795, 1.0, 1.0, 125.39635467529295, 1.0, 1.0, 95.56956481933594, 1.0, 1.0, 188.5592803955078, 1.0, 1.0, 1.0, 1.0, 1.0, 142.63609313964844, 1.0, 1.0, 1.0, 111.1320571899414, 1.0, 106.53964233398438, 1.0, 1.0, 1.0, 1.0, 1.0, 1.0, 1.0, 1.0, 111.14727783203124, 1.0, 1.0, 1.0, 1.0, 1.0, 117.57294464111328, 1.0, 145.8654022216797, 164.04278564453125, 1.0, 1.0, 1.0, 1.0, 1.0, 133.8019256591797, 1.0, 1.0, 115.20513153076172, 121.85877990722656, 113.01095581054688, 1.0, 130.25531005859375, 1.0, 1.0, 94.25062561035156, 1.0, 1.0, 1.0, 1.0, 1.0, 1.0, 96.33263397216795, 1.0, 1.0, 1.0, 1.0, 1.0, 1.0, 1.0, 1.0, 1.0, 1.0, 220.2862243652344, 1.0, 1.0, 1.0, 1.0, 1.0, 102.52779388427734, 97.68030548095705, 1.0, 180.83546447753903, 1.0, 1.0, 1.0, 131.17535400390625, 1.0, 1.0, 1.0, 1.0, 94.65105438232422, 1.0, 139.61727905273438, 1.0, 1.0, 145.06817626953125, 1.0, 1.0, 107.42437744140624, 95.64950561523438, 1.0, 134.4632110595703, 1.0, 93.6827163696289, 1.0, 97.78213500976563, 124.27935028076172, 1.0, 164.24832153320313, 1.0, 137.6710205078125, 1.0, 178.83338928222656, 1.0, 1.0, 1.0, 1.0, 1.0, 1.0, 169.51242065429688, 1.0, 1.0, 1.0, 1.0, 95.2139663696289, 1.0, 1.0, 1.0, 1.0, 1.0, 1.0, 1.0, 1.0, 141.16954040527344, 1.0, 1.0, 1.0, 112.09339141845705, 1.0, 1.0, 1.0, 1.0, 1.0, 1.0, 1.0, 119.0601577758789, 1.0, 1.0, 1.0, 1.0, 1.0, 1.0, 99.06946563720705, 1.0, 1.0, 1.0, 1.0, 1.0, 1.0, 1.0, 1.0, 1.0, 1.0, 1.0, 1.0, 1.0, 112.79476928710938, 1.0, 1.0, 1.0, 1.0, 196.0348358154297, 1.0, 1.0, 1.0, 1.0, 113.68338012695313, 118.33258819580078, 1.0, 1.0, 1.0, 136.78173828125, 139.28744506835938, 1.0, 117.33659362792967, 1.0, 1.0, 1.0, 178.14915466308594, 1.0, 1.0, 1.0, 1.0, 1.0, 1.0, 1.0, 1.0, 1.0, 1.0, 1.0, 135.50515747070313, 159.59939575195313, 1.0, 1.0, 1.0, 1.0, 1.0, 1.0, 1.0, 1.0, 1.0, 1.0, 97.01697540283205, 1.0, 1.0, 1.0, 1.0, 1.0, 133.14422607421875, 1.0, 1.0, 1.0, 1.0, 114.9203643798828, 1.0, 1.0, 1.0, 110.6036148071289, 1.0, 1.0, 1.0, 1.0, 176.58807373046875, 1.0, 1.0, 1.0, 123.84322357177734, 1.0, 1.0, 1.0, 1.0, 1.0, 119.71439361572266, 1.0, 1.0, 1.0, 106.53526306152344, 94.0523452758789, 1.0, 1.0, 1.0, 126.93397521972656, 1.0, 1.0, 1.0, 1.0, 1.0, 117.0088348388672, 119.5029754638672, 125.56053161621094, 1.0, 1.0, 132.14598083496094, 1.0, 1.0, 1.0, 87.41312408447266, 1.0, 95.02692413330078, 1.0, 119.26365661621094, 134.45970153808594, 1.0, 1.0, 1.0, 99.28182983398438, 1.0, 94.6075439453125, 94.46876525878906, 1.0, 137.4488525390625, 1.0, 211.2836761474609, 1.0, 1.0, 1.0, 1.0, 114.7640380859375, 1.0, 135.9503936767578, 130.70127868652344, 1.0, 137.80044555664063, 88.28662872314453, 1.0, 1.0, 130.83872985839844, 1.0, 111.05498504638672, 1.0, 1.0, 1.0, 1.0, 100.09678649902344, 1.0, 122.81951141357422, 1.0, 1.0, 110.52544403076172, 115.51080322265624, 122.59165954589844, 1.0, 1.0, 1.0, 1.0, 101.6290283203125, 1.0, 94.34821319580078, 1.0, 1.0, 1.0, 1.0, 1.0, 114.70557403564452, 1.0, 1.0, 1.0, 1.0, 95.76242065429688, 1.0, 1.0, 112.5141372680664, 88.15782165527344, 1.0, 120.7089614868164, 1.0, 1.0, 1.0, 105.655517578125, 135.57460021972656, 1.0, 1.0, 1.0, 1.0, 193.0663604736328, 117.15084075927734, 1.0, 1.0, 1.0, 122.7280502319336, 1.0, 208.4979553222656, 1.0, 1.0, 166.6735076904297, 1.0, 1.0, 1.0, 1.0, 1.0, 1.0, 86.81338500976563, 1.0, 1.0, 95.30038452148438, 1.0, 142.10365295410156, 1.0, 1.0, 173.66940307617188, 1.0, 1.0, 1.0, 1.0, 118.42745208740234, 1.0, 1.0, 1.0, 1.0, 1.0, 1.0, 1.0, 96.7544937133789, 112.22957611083984, 1.0, 1.0, 1.0, 1.0, 1.0, 1.0, 99.88421630859376, 1.0, 125.21788787841795, 1.0, 1.0, 92.98644256591795, 132.99009704589844, 1.0, 89.97750854492188, 120.1999282836914, 1.0, 1.0, 1.0, 1.0, 1.0, 1.0, 1.0, 115.55187225341795, 1.0, 1.0, 125.03704833984376, 1.0, 1.0, 97.14032745361328, 1.0, 1.0, 116.3814926147461, 109.56224060058594, 1.0, 159.73794555664063, 1.0, 1.0, 1.0, 1.0, 1.0, 1.0, 1.0, 1.0, 1.0, 102.50216674804688, 1.0, 1.0, 99.54903411865234, 127.79768371582033, 1.0, 1.0, 1.0, 1.0, 1.0, 1.0, 1.0, 1.0, 1.0, 1.0, 1.0, 1.0, 138.177490234375, 1.0, 1.0, 1.0, 1.0, 124.6482391357422, 1.0, 154.5901336669922, 1.0, 1.0, 113.44416809082033, 214.61415100097656, 1.0, 128.01129150390625, 110.81842803955078, 1.0, 119.41241455078124, 1.0, 127.96310424804688, 1.0, 93.6087417602539, 1.0, 132.87777709960938, 1.0, 1.0, 1.0, 1.0, 104.17752075195313, 1.0, 1.0, 1.0, 1.0, 1.0, 1.0, 1.0, 1.0, 98.71143341064452, 1.0, 1.0, 95.66000366210938, 82.81594848632813, 1.0, 1.0, 1.0, 1.0, 1.0, 1.0, 1.0, 94.98185729980467, 1.0, 1.0, 122.54882049560548, 110.1447296142578, 125.89794921875, 110.60667419433594, 1.0, 1.0, 1.0, 1.0, 122.43759155273438, 176.41217041015625, 1.0, 1.0, 1.0, 104.21048736572266, 1.0, 124.56581115722656, 1.0, 1.0, 1.0, 1.0, 1.0, 109.88538360595705, 1.0, 1.0, 1.0, 1.0, 195.908920288086, 1.0, 1.0, 1.0, 1.0, 1.0, 1.0, 1.0, 1.0, 95.1094741821289, 1.0, 1.0, 1.0, 1.0, 1.0, 1.0, 114.64632415771484, 106.94384765625, 113.65746307373048, 1.0, 110.3374252319336, 1.0, 1.0, 108.91471099853516, 1.0, 1.0, 115.75985717773438, 1.0, 1.0, 1.0, 115.35077667236328, 86.42877960205078, 103.85904693603516, 1.0, 1.0, 1.0, 1.0, 157.17108154296875, 184.26934814453125, 1.0, 1.0, 1.0, 1.0, 78.71513366699219, 1.0, 1.0, 1.0, 1.0, 1.0, 1.0, 1.0, 1.0, 1.0, 102.94474029541016, 108.03286743164063, 1.0, 1.0, 1.0, 1.0, 1.0, 209.7331085205078, 1.0, 1.0, 101.8200912475586, 1.0, 1.0, 120.1257781982422, 1.0, 1.0, 108.91339874267578, 1.0, 120.2540512084961, 1.0, 1.0, 1.0, 1.0, 111.05274200439452, 1.0, 137.75344848632813, 110.5718231201172, 1.0, 1.0, 1.0, 1.0, 1.0, 113.15443420410156, 1.0, 1.0, 1.0, 1.0, 1.0, 1.0, 124.5980453491211, 142.53700256347656, 100.27295684814452, 1.0, 1.0, 1.0, 96.29581451416016, 1.0, 1.0, 1.0, 1.0, 210.9147491455078, 112.43791961669922, 1.0, 1.0, 1.0, 102.27661895751952, 1.0, 158.00369262695313, 1.0, 1.0, 1.0, 1.0, 1.0, 1.0, 1.0, 1.0, 1.0, 1.0, 1.0, 1.0, 1.0, 1.0, 1.0, 1.0, 118.8065948486328, 90.81153869628906, 133.96786499023438, 123.07068634033205, 1.0, 127.35945129394533, 107.52288055419922, 1.0, 1.0, 113.804931640625, 1.0, 1.0, 109.20843505859376, 1.0, 1.0, 90.13827514648438, 1.0, 125.06075286865234, 1.0, 1.0, 1.0, 111.260986328125, 128.94735717773438, 1.0, 126.4247055053711, 1.0, 121.1880340576172, 92.16293334960938, 95.39696502685548, 1.0, 1.0, 1.0, 123.01937103271484, 1.0, 1.0, 93.52633666992188, 137.6227264404297, 1.0, 1.0, 1.0, 1.0, 1.0, 97.92525482177734, 122.70101165771484, 1.0, 1.0, 141.82980346679688, 121.66460418701172, 1.0, 1.0, 1.0, 1.0, 1.0, 1.0, 134.35581970214844, 124.31578063964844, 1.0, 1.0, 1.0, 1.0, 213.21923828125, 1.0, 1.0, 1.0, 1.0, 93.49762725830078, 1.0, 1.0, 1.0, 101.03815460205078, 111.4580078125, 1.0, 1.0, 1.0, 1.0, 1.0, 1.0, 191.4119415283203, 1.0, 1.0, 1.0, 1.0, 1.0, 1.0, 1.0, 119.91690826416016, 117.36027526855467, 1.0, 100.55362701416016, 1.0, 133.1939697265625, 1.0, 109.63882446289063, 1.0, 1.0, 1.0, 1.0, 1.0, 108.5556411743164, 1.0, 1.0, 1.0, 112.54126739501952, 1.0, 1.0, 1.0, 93.88091278076172, 1.0, 1.0, 180.0272674560547, 132.2572021484375, 1.0, 1.0, 1.0, 1.0, 130.3162841796875, 122.96540069580078, 1.0, 1.0, 198.93917846679688, 123.3795394897461, 1.0, 201.30909729003903, 105.96451568603516, 1.0, 1.0, 1.0, 1.0, 1.0, 131.46376037597656, 1.0, 1.0, 120.38939666748048, 1.0, 1.0, 1.0, 1.0, 1.0, 1.0, 1.0, 1.0, 1.0, 108.23681640625, 1.0, 1.0, 1.0, 1.0, 1.0, 1.0, 86.50275421142578, 1.0, 122.35628509521484, 1.0, 111.6075439453125, 188.20957946777344, 1.0, 101.7471923828125, 1.0, 1.0, 1.0, 82.9847183227539, 1.0, 1.0, 1.0, 1.0, 1.0, 1.0, 1.0, 1.0, 1.0, 88.28398132324219, 115.1414566040039, 1.0, 1.0, 95.97608184814452, 1.0, 1.0, 1.0, 1.0, 1.0, 1.0, 1.0, 1.0, 1.0, 102.81180572509766, 1.0, 164.551025390625, 1.0, 1.0, 1.0, 1.0, 1.0, 1.0, 1.0, 1.0, 1.0, 167.08934020996094, 1.0, 138.1129608154297, 1.0, 200.2909240722656, 182.18942260742188, 1.0, 1.0, 1.0, 1.0, 1.0, 1.0, 176.19436645507813, 84.4425277709961, 175.30105590820313, 1.0, 1.0, 1.0, 1.0, 1.0, 186.5384826660156, 163.12045288085938, 1.0, 135.02955627441406, 1.0, 98.9612274169922, 1.0, 136.63552856445313, 1.0, 92.15441131591795, 1.0, 85.46287536621094, 1.0, 1.0, 105.56327056884766, 1.0, 1.0, 1.0, 93.44153594970705, 1.0, 1.0, 1.0, 1.0, 118.16268157958984, 198.2670440673828, 1.0, 1.0, 1.0, 1.0, 1.0, 1.0, 1.0, 112.34520721435548, 1.0, 90.25405883789063, 1.0, 1.0, 1.0, 1.0, 109.6977767944336, 1.0, 1.0, 1.0, 1.0, 1.0, 103.0973129272461, 1.0, 1.0, 114.24532318115234, 111.91062927246094, 178.84811401367188, 1.0, 187.9645233154297, 1.0, 107.05181121826172, 1.0, 1.0, 1.0, 119.16615295410156, 1.0, 1.0, 1.0, 1.0, 1.0, 117.20548248291016, 1.0, 116.38352966308594, 1.0, 1.0, 100.95030975341795, 1.0, 138.2363739013672, 1.0, 1.0, 1.0, 1.0, 124.95571899414063, 1.0, 141.69619750976563, 1.0, 1.0, 1.0, 1.0, 1.0, 99.37890625, 1.0, 1.0, 1.0, 1.0, 97.0040512084961, 1.0, 137.1707763671875, 89.20085144042969, 1.0, 1.0, 1.0, 1.0, 1.0 ]),(44,Array S Seq (Sz1 1000)
  [ 4.0, 1.0, 3.0, 5.0, 138.01341247558594, 1.0, 132.46034240722656, 1.0, 1.0, 3.0, 1.0, 2.0, 1.0, 3.0, 1.0, 1.0, 1.0, 195.7398681640625, 3.0, 4.0, 125.3662109375, 100.45612335205078, 1.0, 230.5116424560547, 181.67588806152344, 147.7611083984375, 1.0, 1.0, 118.65486145019533, 131.63455200195313, 123.69271850585938, 125.9864273071289, 3.0, 1.0, 3.0, 98.12364959716795, 1.0, 3.0, 125.39635467529295, 1.0, 1.0, 98.56956481933594, 1.0, 4.0, 188.5592803955078, 1.0, 1.0, 3.0, 1.0, 4.0, 142.63609313964844, 4.0, 1.0, 1.0, 111.1320571899414, 1.0, 109.53964233398438, 4.0, 3.0, 1.0, 3.0, 4.0, 1.0, 3.0, 4.0, 111.14727783203124, 3.0, 4.0, 3.0, 1.0, 1.0, 117.57294464111328, 2.0, 145.8654022216797, 164.04278564453125, 2.0, 1.0, 3.0, 1.0, 1.0, 135.8019256591797, 1.0, 4.0, 117.20513153076172, 121.85877990722656, 113.01095581054688, 1.0, 130.25531005859375, 1.0, 1.0, 95.25062561035156, 1.0, 1.0, 4.0, 4.0, 4.0, 3.0, 101.33263397216795, 4.0, 1.0, 3.0, 1.0, 3.0, 1.0, 1.0, 3.0, 3.0, 2.0, 220.2862243652344, 1.0, 5.0, 1.0, 1.0, 1.0, 105.52779388427734, 99.68030548095705, 1.0, 180.83546447753903, 2.0, 1.0, 3.0, 131.17535400390625, 1.0, 2.0, 1.0, 1.0, 94.65105438232422, 1.0, 141.61727905273438, 4.0, 2.0, 145.06817626953125, 1.0, 1.0, 107.42437744140624, 100.64950561523438, 1.0, 134.4632110595703, 1.0, 93.6827163696289, 3.0, 98.78213500976563, 125.27935028076172, 1.0, 169.24832153320313, 1.0, 139.6710205078125, 1.0, 180.83338928222656, 3.0, 2.0, 1.0, 1.0, 4.0, 1.0, 169.51242065429688, 1.0, 1.0, 1.0, 1.0, 99.2139663696289, 1.0, 1.0, 1.0, 1.0, 2.0, 2.0, 4.0, 1.0, 144.16954040527344, 1.0, 4.0, 1.0, 115.09339141845705, 1.0, 1.0, 1.0, 1.0, 1.0, 1.0, 1.0, 119.0601577758789, 4.0, 1.0, 3.0, 3.0, 1.0, 3.0, 101.06946563720705, 1.0, 1.0, 3.0, 4.0, 1.0, 1.0, 3.0, 1.0, 1.0, 1.0, 3.0, 3.0, 3.0, 114.79476928710938, 4.0, 3.0, 1.0, 1.0, 196.0348358154297, 1.0, 3.0, 1.0, 4.0, 115.68338012695313, 118.33258819580078, 1.0, 1.0, 4.0, 138.78173828125, 139.28744506835938, 4.0, 117.33659362792967, 1.0, 1.0, 1.0, 178.14915466308594, 3.0, 1.0, 1.0, 4.0, 1.0, 3.0, 1.0, 1.0, 1.0, 4.0, 3.0, 135.50515747070313, 160.59939575195313, 1.0, 1.0, 3.0, 3.0, 3.0, 4.0, 1.0, 1.0, 3.0, 1.0, 97.01697540283205, 1.0, 6.0, 1.0, 1.0, 4.0, 133.14422607421875, 1.0, 1.0, 1.0, 2.0, 116.9203643798828, 1.0, 1.0, 1.0, 110.6036148071289, 4.0, 1.0, 3.0, 4.0, 176.58807373046875, 1.0, 4.0, 4.0, 123.84322357177734, 1.0, 1.0, 6.0, 1.0, 1.0, 119.71439361572266, 6.0, 4.0, 1.0, 106.53526306152344, 96.0523452758789, 1.0, 1.0, 3.0, 126.93397521972656, 4.0, 1.0, 1.0, 1.0, 1.0, 121.0088348388672, 119.5029754638672, 126.56053161621094, 3.0, 4.0, 132.14598083496094, 3.0, 1.0, 1.0, 89.41312408447266, 1.0, 97.02692413330078, 4.0, 119.26365661621094, 134.45970153808594, 3.0, 5.0, 3.0, 101.28182983398438, 4.0, 94.6075439453125, 94.46876525878906, 1.0, 137.4488525390625, 3.0, 211.2836761474609, 2.0, 1.0, 4.0, 1.0, 114.7640380859375, 1.0, 135.9503936767578, 130.70127868652344, 4.0, 137.80044555664063, 89.28662872314453, 1.0, 1.0, 130.83872985839844, 6.0, 113.05498504638672, 1.0, 1.0, 4.0, 5.0, 105.09678649902344, 4.0, 122.81951141357422, 3.0, 5.0, 110.52544403076172, 115.51080322265624, 122.59165954589844, 1.0, 3.0, 4.0, 3.0, 104.6290283203125, 1.0, 96.34821319580078, 1.0, 1.0, 1.0, 4.0, 3.0, 117.70557403564452, 4.0, 1.0, 3.0, 1.0, 95.76242065429688, 1.0, 1.0, 116.5141372680664, 88.15782165527344, 3.0, 120.7089614868164, 4.0, 4.0, 1.0, 105.655517578125, 137.57460021972656, 3.0, 3.0, 1.0, 5.0, 193.0663604736328, 120.15084075927734, 1.0, 4.0, 1.0, 124.7280502319336, 1.0, 211.4979553222656, 1.0, 1.0, 166.6735076904297, 1.0, 1.0, 1.0, 1.0, 1.0, 1.0, 88.81338500976563, 3.0, 1.0, 95.30038452148438, 3.0, 144.10365295410156, 3.0, 1.0, 175.66940307617188, 5.0, 3.0, 1.0, 1.0, 118.42745208740234, 3.0, 1.0, 3.0, 1.0, 6.0, 6.0, 1.0, 96.7544937133789, 113.22957611083984, 1.0, 4.0, 1.0, 4.0, 3.0, 1.0, 99.88421630859376, 3.0, 128.21788787841797, 3.0, 3.0, 94.98644256591795, 132.99009704589844, 1.0, 89.97750854492188, 123.1999282836914, 1.0, 1.0, 3.0, 4.0, 1.0, 1.0, 4.0, 118.55187225341795, 1.0, 1.0, 125.03704833984376, 1.0, 1.0, 97.14032745361328, 1.0, 3.0, 119.3814926147461, 109.56224060058594, 4.0, 159.73794555664063, 1.0, 1.0, 3.0, 1.0, 3.0, 3.0, 3.0, 4.0, 3.0, 105.50216674804688, 4.0, 1.0, 99.54903411865234, 130.7976837158203, 1.0, 6.0, 1.0, 1.0, 6.0, 3.0, 4.0, 1.0, 2.0, 3.0, 3.0, 1.0, 141.177490234375, 4.0, 1.0, 3.0, 4.0, 127.6482391357422, 1.0, 157.5901336669922, 5.0, 3.0, 113.44416809082033, 214.61415100097656, 1.0, 128.01129150390625, 110.81842803955078, 3.0, 119.41241455078124, 3.0, 130.96310424804688, 1.0, 93.6087417602539, 4.0, 132.87777709960938, 1.0, 4.0, 2.0, 1.0, 105.17752075195313, 3.0, 4.0, 1.0, 3.0, 1.0, 3.0, 1.0, 1.0, 98.71143341064452, 3.0, 1.0, 98.66000366210938, 82.81594848632813, 1.0, 4.0, 3.0, 1.0, 3.0, 4.0, 1.0, 94.98185729980467, 4.0, 6.0, 124.54882049560548, 110.1447296142578, 125.89794921875, 110.60667419433594, 1.0, 2.0, 3.0, 1.0, 126.43759155273438, 176.41217041015625, 3.0, 1.0, 1.0, 104.21048736572266, 5.0, 129.56581115722656, 1.0, 1.0, 4.0, 3.0, 1.0, 109.88538360595705, 2.0, 5.0, 3.0, 1.0, 197.908920288086, 1.0, 5.0, 3.0, 1.0, 2.0, 1.0, 1.0, 4.0, 98.1094741821289, 1.0, 3.0, 2.0, 1.0, 3.0, 1.0, 114.64632415771484, 106.94384765625, 113.65746307373048, 1.0, 110.3374252319336, 1.0, 1.0, 108.91471099853516, 1.0, 1.0, 115.75985717773438, 2.0, 1.0, 1.0, 117.35077667236328, 89.42877960205078, 106.85904693603516, 4.0, 3.0, 3.0, 4.0, 157.17108154296875, 184.26934814453125, 3.0, 3.0, 1.0, 3.0, 80.71513366699219, 3.0, 3.0, 1.0, 1.0, 1.0, 1.0, 1.0, 3.0, 1.0, 103.94474029541016, 111.03286743164063, 3.0, 1.0, 4.0, 3.0, 3.0, 212.7331085205078, 4.0, 1.0, 101.8200912475586, 3.0, 1.0, 120.1257781982422, 4.0, 1.0, 108.91339874267578, 3.0, 122.2540512084961, 1.0, 1.0, 1.0, 1.0, 116.05274200439452, 3.0, 137.75344848632813, 110.5718231201172, 1.0, 1.0, 1.0, 1.0, 3.0, 113.15443420410156, 3.0, 1.0, 1.0, 1.0, 1.0, 3.0, 127.5980453491211, 142.53700256347656, 100.27295684814452, 3.0, 3.0, 3.0, 96.29581451416016, 4.0, 1.0, 1.0, 3.0, 210.9147491455078, 112.43791961669922, 1.0, 1.0, 1.0, 103.27661895751952, 1.0, 161.00369262695313, 1.0, 3.0, 1.0, 1.0, 6.0, 3.0, 1.0, 1.0, 5.0, 1.0, 1.0, 6.0, 1.0, 1.0, 1.0, 1.0, 118.8065948486328, 91.81153869628906, 133.96786499023438, 123.07068634033205, 1.0, 127.35945129394533, 109.52288055419922, 2.0, 4.0, 115.804931640625, 4.0, 1.0, 112.20843505859376, 1.0, 1.0, 90.13827514648438, 4.0, 125.06075286865234, 3.0, 1.0, 3.0, 111.260986328125, 128.94735717773438, 3.0, 128.4247055053711, 4.0, 121.1880340576172, 92.16293334960938, 97.39696502685548, 1.0, 3.0, 4.0, 123.01937103271484, 1.0, 1.0, 93.52633666992188, 139.6227264404297, 4.0, 1.0, 3.0, 1.0, 1.0, 97.92525482177734, 122.70101165771484, 3.0, 4.0, 141.82980346679688, 121.66460418701172, 1.0, 4.0, 1.0, 6.0, 4.0, 1.0, 134.35581970214844, 124.31578063964844, 4.0, 3.0, 1.0, 5.0, 215.21923828125, 1.0, 1.0, 4.0, 4.0, 93.49762725830078, 1.0, 3.0, 1.0, 104.03815460205078, 111.4580078125, 1.0, 4.0, 3.0, 3.0, 2.0, 1.0, 191.4119415283203, 1.0, 1.0, 1.0, 3.0, 3.0, 4.0, 4.0, 120.91690826416016, 117.36027526855467, 1.0, 100.55362701416016, 4.0, 136.1939697265625, 3.0, 109.63882446289063, 3.0, 1.0, 1.0, 5.0, 1.0, 108.5556411743164, 4.0, 3.0, 1.0, 114.54126739501952, 4.0, 1.0, 1.0, 96.88091278076172, 3.0, 1.0, 180.0272674560547, 134.2572021484375, 3.0, 3.0, 4.0, 4.0, 130.3162841796875, 124.96540069580078, 4.0, 1.0, 198.93917846679688, 124.3795394897461, 3.0, 201.30909729003903, 105.96451568603516, 3.0, 5.0, 4.0, 1.0, 1.0, 134.46376037597656, 1.0, 6.0, 120.38939666748048, 1.0, 2.0, 4.0, 1.0, 4.0, 3.0, 1.0, 4.0, 3.0, 108.23681640625, 1.0, 4.0, 1.0, 1.0, 1.0, 3.0, 86.50275421142578, 4.0, 124.35628509521484, 1.0, 113.6075439453125, 188.20957946777344, 1.0, 103.7471923828125, 1.0, 1.0, 3.0, 82.9847183227539, 3.0, 4.0, 2.0, 4.0, 3.0, 4.0, 1.0, 1.0, 1.0, 90.28398132324219, 116.1414566040039, 1.0, 1.0, 95.97608184814452, 1.0, 3.0, 1.0, 4.0, 3.0, 1.0, 4.0, 4.0, 3.0, 102.81180572509766, 2.0, 166.551025390625, 1.0, 1.0, 3.0, 3.0, 1.0, 1.0, 3.0, 4.0, 1.0, 167.08934020996094, 1.0, 141.1129608154297, 1.0, 200.2909240722656, 182.18942260742188, 3.0, 5.0, 3.0, 3.0, 1.0, 4.0, 179.19436645507813, 84.4425277709961, 175.30105590820313, 1.0, 1.0, 3.0, 1.0, 1.0, 188.5384826660156, 163.12045288085938, 1.0, 135.02955627441406, 1.0, 100.9612274169922, 1.0, 136.63552856445313, 1.0, 95.15441131591795, 3.0, 85.46287536621094, 1.0, 1.0, 108.56327056884766, 3.0, 3.0, 4.0, 93.44153594970705, 4.0, 3.0, 3.0, 3.0, 121.16268157958984, 198.2670440673828, 1.0, 1.0, 3.0, 3.0, 1.0, 3.0, 1.0, 112.34520721435548, 1.0, 90.25405883789063, 5.0, 3.0, 3.0, 3.0, 109.6977767944336, 1.0, 4.0, 3.0, 3.0, 4.0, 103.0973129272461, 1.0, 3.0, 115.24532318115234, 114.91062927246094, 180.84811401367188, 1.0, 188.9645233154297, 3.0, 107.05181121826172, 1.0, 4.0, 1.0, 123.16615295410156, 1.0, 1.0, 3.0, 3.0, 1.0, 121.20548248291016, 4.0, 116.38352966308594, 4.0, 1.0, 100.95030975341795, 1.0, 138.2363739013672, 3.0, 3.0, 3.0, 1.0, 126.95571899414063, 3.0, 141.69619750976563, 4.0, 3.0, 4.0, 1.0, 1.0, 101.37890625, 4.0, 3.0, 4.0, 4.0, 97.0040512084961, 1.0, 137.1707763671875, 91.20085144042969, 1.0, 3.0, 4.0, 1.0, 3.0 ]),(51,Array S Seq (Sz1 1000)
  [ 3.0, 0.0, 2.0, 4.0, 2.0, 1.0, 0.0, 0.0, 1.0, 3.0, 0.0, 1.0, 0.0, 3.0, 0.0, 0.0, 0.0, 1.0, 2.0, 4.0, 0.0, 0.0, 0.0, 4.0, 0.0, 4.0, 0.0, 0.0, 3.0, 0.0, 3.0, 2.0, 2.0, 0.0, 2.0, 0.0, 0.0, 3.0, 0.0, 0.0, 1.0, 3.0, 0.0, 3.0, 0.0, 1.0, 0.0, 2.0, 0.0, 3.0, 1.0, 3.0, 1.0, 0.0, 0.0, 0.0, 3.0, 3.0, 2.0, 1.0, 2.0, 4.0, 0.0, 2.0, 3.0, 0.0, 2.0, 3.0, 2.0, 0.0, 0.0, 0.0, 2.0, 1.0, 1.0, 2.0, 0.0, 2.0, 1.0, 0.0, 2.0, 0.0, 4.0, 2.0, 0.0, 0.0, 0.0, 1.0, 0.0, 0.0, 2.0, 1.0, 1.0, 3.0, 4.0, 4.0, 2.0, 6.0, 3.0, 0.0, 3.0, 0.0, 3.0, 0.0, 0.0, 3.0, 3.0, 1.0, 1.0, 0.0, 5.0, 1.0, 1.0, 1.0, 3.0, 3.0, 0.0, 0.0, 1.0, 0.0, 2.0, 0.0, 1.0, 1.0, 0.0, 1.0, 1.0, 0.0, 2.0, 4.0, 2.0, 0.0, 1.0, 0.0, 1.0, 5.0, 0.0, 1.0, 0.0, 1.0, 2.0, 1.0, 1.0, 0.0, 5.0, 1.0, 2.0, 1.0, 2.0, 2.0, 2.0, 1.0, 1.0, 3.0, 1.0, 0.0, 1.0, 0.0, 1.0, 1.0, 4.0, 0.0, 1.0, 1.0, 0.0, 2.0, 2.0, 3.0, 0.0, 4.0, 0.0, 3.0, 0.0, 3.0, 0.0, 0.0, 0.0, 1.0, 0.0, 0.0, 1.0, 1.0, 3.0, 0.0, 3.0, 2.0, 0.0, 2.0, 3.0, 0.0, 0.0, 2.0, 3.0, 0.0, 0.0, 3.0, 0.0, 1.0, 1.0, 3.0, 3.0, 2.0, 2.0, 3.0, 2.0, 0.0, 0.0, 0.0, 1.0, 2.0, 0.0, 3.0, 2.0, 0.0, 0.0, 0.0, 4.0, 3.0, 1.0, 3.0, 0.0, 0.0, 0.0, 0.0, 1.0, 3.0, 1.0, 1.0, 3.0, 1.0, 2.0, 1.0, 0.0, 1.0, 4.0, 3.0, 0.0, 1.0, 1.0, 1.0, 2.0, 2.0, 3.0, 3.0, 1.0, 1.0, 3.0, 1.0, 1.0, 0.0, 5.0, 0.0, 0.0, 3.0, 0.0, 1.0, 0.0, 0.0, 1.0, 3.0, 0.0, 0.0, 1.0, 0.0, 3.0, 1.0, 3.0, 3.0, 1.0, 0.0, 4.0, 3.0, 0.0, 0.0, 1.0, 5.0, 0.0, 0.0, 1.0, 6.0, 4.0, 1.0, 1.0, 2.0, 0.0, 0.0, 3.0, 1.0, 3.0, 1.0, 1.0, 1.0, 0.0, 5.0, 0.0, 1.0, 3.0, 3.0, 0.0, 2.0, 1.0, 0.0, 2.0, 1.0, 3.0, 4.0, 1.0, 1.0, 3.0, 4.0, 3.0, 3.0, 3.0, 1.0, 1.0, 0.0, 1.0, 2.0, 0.0, 2.0, 0.0, 3.0, 1.0, 0.0, 0.0, 1.0, 0.0, 3.0, 0.0, 1.0, 0.0, 1.0, 0.0, 5.0, 3.0, 0.0, 1.0, 3.0, 4.0, 5.0, 3.0, 0.0, 2.0, 4.0, 1.0, 0.0, 1.0, 1.0, 2.0, 3.0, 2.0, 3.0, 0.0, 3.0, 0.0, 0.0, 0.0, 4.0, 3.0, 4.0, 4.0, 1.0, 3.0, 1.0, 1.0, 0.0, 0.0, 4.0, 0.0, 2.0, 1.0, 3.0, 3.0, 1.0, 0.0, 2.0, 3.0, 3.0, 0.0, 4.0, 0.0, 3.0, 1.0, 3.0, 0.0, 3.0, 1.0, 4.0, 0.0, 0.0, 1.0, 0.0, 1.0, 1.0, 0.0, 0.0, 0.0, 2.0, 2.0, 0.0, 0.0, 2.0, 2.0, 2.0, 0.0, 2.0, 5.0, 2.0, 1.0, 0.0, 1.0, 2.0, 1.0, 3.0, 1.0, 6.0, 6.0, 0.0, 0.0, 1.0, 0.0, 4.0, 0.0, 4.0, 2.0, 0.0, 0.0, 2.0, 4.0, 2.0, 2.0, 2.0, 0.0, 0.0, 0.0, 4.0, 1.0, 0.0, 2.0, 3.0, 0.0, 0.0, 3.0, 3.0, 0.0, 0.0, 1.0, 0.0, 0.0, 1.0, 0.0, 3.0, 3.0, 0.0, 4.0, 1.0, 1.0, 0.0, 2.0, 0.0, 3.0, 2.0, 2.0, 3.0, 2.0, 4.0, 4.0, 1.0, 1.0, 3.0, 1.0, 5.0, 1.0, 0.0, 6.0, 2.0, 4.0, 1.0, 2.0, 3.0, 2.0, 0.0, 4.0, 3.0, 1.0, 2.0, 3.0, 4.0, 0.0, 3.0, 4.0, 2.0, 1.0, 0.0, 1.0, 0.0, 0.0, 2.0, 1.0, 2.0, 4.0, 0.0, 1.0, 3.0, 1.0, 0.0, 3.0, 1.0, 1.0, 2.0, 3.0, 3.0, 1.0, 2.0, 0.0, 2.0, 1.0, 0.0, 1.0, 2.0, 1.0, 4.0, 1.0, 1.0, 4.0, 3.0, 0.0, 2.0, 3.0, 0.0, 1.0, 3.0, 6.0, 2.0, 1.0, 1.0, 1.0, 0.0, 1.0, 3.0, 0.0, 4.0, 0.0, 2.0, 1.0, 1.0, 0.0, 4.0, 5.0, 1.0, 1.0, 3.0, 2.0, 0.0, 1.0, 1.0, 4.0, 2.0, 0.0, 3.0, 0.0, 5.0, 2.0, 0.0, 1.0, 0.0, 1.0, 4.0, 4.0, 1.0, 2.0, 2.0, 0.0, 2.0, 0.0, 0.0, 1.0, 0.0, 0.0, 1.0, 0.0, 1.0, 1.0, 0.0, 0.0, 0.0, 2.0, 0.0, 0.0, 3.0, 3.0, 3.0, 4.0, 3.0, 2.0, 3.0, 0.0, 1.0, 2.0, 2.0, 0.0, 2.0, 3.0, 2.0, 2.0, 1.0, 0.0, 0.0, 0.0, 1.0, 2.0, 0.0, 1.0, 4.0, 3.0, 0.0, 4.0, 2.0, 2.0, 4.0, 3.0, 1.0, 0.0, 3.0, 1.0, 1.0, 3.0, 0.0, 0.0, 2.0, 2.0, 0.0, 0.0, 0.0, 0.0, 5.0, 2.0, 0.0, 0.0, 0.0, 0.0, 1.0, 1.0, 2.0, 0.0, 3.0, 0.0, 1.0, 0.0, 1.0, 2.0, 4.0, 0.0, 1.0, 2.0, 2.0, 3.0, 0.0, 4.0, 0.0, 1.0, 3.0, 1.0, 0.0, 1.0, 0.0, 0.0, 1.0, 0.0, 3.0, 0.0, 2.0, 0.0, 1.0, 5.0, 2.0, 1.0, 1.0, 4.0, 0.0, 1.0, 6.0, 1.0, 0.0, 1.0, 0.0, 0.0, 2.0, 0.0, 0.0, 0.0, 0.0, 2.0, 1.0, 3.0, 3.0, 3.0, 1.0, 3.0, 0.0, 0.0, 0.0, 4.0, 0.0, 3.0, 1.0, 2.0, 0.0, 0.0, 3.0, 2.0, 3.0, 1.0, 0.0, 2.0, 1.0, 2.0, 4.0, 1.0, 1.0, 0.0, 1.0, 2.0, 3.0, 0.0, 2.0, 0.0, 1.0, 0.0, 0.0, 2.0, 4.0, 0.0, 1.0, 1.0, 3.0, 1.0, 6.0, 3.0, 0.0, 1.0, 0.0, 3.0, 2.0, 1.0, 5.0, 3.0, 0.0, 1.0, 4.0, 3.0, 0.0, 0.0, 3.0, 1.0, 4.0, 1.0, 0.0, 3.0, 3.0, 2.0, 2.0, 1.0, 0.0, 0.0, 0.0, 0.0, 2.0, 3.0, 3.0, 3.0, 2.0, 1.0, 0.0, 1.0, 3.0, 4.0, 3.0, 0.0, 2.0, 0.0, 0.0, 5.0, 1.0, 0.0, 3.0, 3.0, 0.0, 2.0, 3.0, 0.0, 0.0, 3.0, 2.0, 0.0, 0.0, 2.0, 2.0, 2.0, 3.0, 3.0, 0.0, 2.0, 4.0, 1.0, 1.0, 2.0, 3.0, 1.0, 1.0, 2.0, 5.0, 3.0, 0.0, 0.0, 3.0, 1.0, 5.0, 0.0, 0.0, 2.0, 3.0, 1.0, 4.0, 3.0, 0.0, 3.0, 2.0, 1.0, 1.0, 3.0, 0.0, 0.0, 0.0, 2.0, 0.0, 4.0, 2.0, 0.0, 2.0, 0.0, 1.0, 3.0, 0.0, 0.0, 2.0, 0.0, 2.0, 3.0, 1.0, 3.0, 2.0, 3.0, 1.0, 0.0, 1.0, 2.0, 1.0, 0.0, 1.0, 1.0, 0.0, 2.0, 0.0, 4.0, 2.0, 0.0, 4.0, 4.0, 2.0, 1.0, 1.0, 3.0, 1.0, 0.0, 3.0, 3.0, 0.0, 0.0, 3.0, 4.0, 0.0, 1.0, 0.0, 4.0, 0.0, 0.0, 1.0, 2.0, 4.0, 2.0, 2.0, 0.0, 4.0, 4.0, 0.0, 1.0, 0.0, 0.0, 2.0, 1.0, 1.0, 2.0, 1.0, 1.0, 0.0, 0.0, 2.0, 1.0, 0.0, 0.0, 4.0, 2.0, 1.0, 0.0, 0.0, 4.0, 3.0, 3.0, 3.0, 0.0, 3.0, 2.0, 3.0, 3.0, 3.0, 0.0, 0.0, 0.0, 3.0, 2.0, 1.0, 2.0, 1.0, 0.0, 0.0, 0.0, 5.0, 2.0, 2.0, 2.0, 0.0, 1.0, 3.0, 2.0, 2.0, 3.0, 1.0, 0.0, 2.0, 1.0, 3.0, 2.0, 0.0, 1.0, 2.0, 1.0, 0.0, 4.0, 0.0, 5.0, 0.0, 1.0, 2.0, 3.0, 0.0, 5.0, 3.0, 1.0, 3.0, 1.0, 0.0, 0.0, 1.0, 2.0, 2.0, 3.0, 0.0, 3.0, 3.0, 0.0, 3.0, 2.0, 4.0, 0.0, 1.0, 3.0, 3.0, 3.0, 3.0, 3.0, 0.0, 1.0, 0.0, 2.0, 1.0, 2.0, 4.0, 1.0, 3.0 ]),(60,Array S Seq (Sz1 1000)
  [ 0.3333333333333333, Infinity, 0.5, 0.25, 0.5, Infinity, Infinity, Infinity, Infinity, 0.5, Infinity, 1.0, Infinity, 0.5, Infinity, Infinity, Infinity, Infinity, 0.5, 0.3333333333333333, Infinity, Infinity, Infinity, 0.3333333333333333, Infinity, 0.25, Infinity, Infinity, 0.5, Infinity, 0.5, 0.5, 0.5, Infinity, 0.5, Infinity, Infinity, 0.5, Infinity, Infinity, Infinity, 0.3333333333333333, Infinity, 0.3333333333333333, Infinity, Infinity, Infinity, 0.5, Infinity, 0.3333333333333333, Infinity, 0.3333333333333333, Infinity, Infinity, Infinity, Infinity, 0.3333333333333333, 0.3333333333333333, 0.5, Infinity, 0.5, 0.3333333333333333, Infinity, 0.5, 0.3333333333333333, Infinity, 0.5, 0.3333333333333333, 0.5, Infinity, Infinity, Infinity, 1.0, Infinity, Infinity, 1.0, Infinity, 0.5, Infinity, Infinity, 0.5, Infinity, 0.3333333333333333, 0.5, Infinity, Infinity, Infinity, Infinity, Infinity, Infinity, 1.0, Infinity, Infinity, 0.3333333333333333, 0.3333333333333333, 0.3333333333333333, 0.5, 0.2, 0.3333333333333333, Infinity, 0.5, Infinity, 0.5, Infinity, Infinity, 0.5, 0.5, 1.0, Infinity, Infinity, 0.25, Infinity, Infinity, Infinity, 0.3333333333333333, 0.5, Infinity, Infinity, 1.0, Infinity, 0.5, Infinity, Infinity, 1.0, Infinity, Infinity, Infinity, Infinity, 0.5, 0.3333333333333333, 1.0, Infinity, Infinity, Infinity, Infinity, 0.2, Infinity, Infinity, Infinity, Infinity, 0.5, 1.0, 1.0, Infinity, 0.2, Infinity, 0.5, Infinity, 0.5, 0.5, 1.0, Infinity, Infinity, 0.3333333333333333, Infinity, Infinity, Infinity, Infinity, Infinity, Infinity, 0.25, Infinity, Infinity, Infinity, Infinity, 1.0, 1.0, 0.3333333333333333, Infinity, 0.3333333333333333, Infinity, 0.3333333333333333, Infinity, 0.3333333333333333, Infinity, Infinity, Infinity, Infinity, Infinity, Infinity, Infinity, Infinity, 0.3333333333333333, Infinity, 0.5, 0.5, Infinity, 0.5, 0.5, Infinity, Infinity, 0.5, 0.3333333333333333, Infinity, Infinity, 0.5, Infinity, Infinity, Infinity, 0.5, 0.5, 0.5, 0.5, 0.3333333333333333, 0.5, Infinity, Infinity, Infinity, Infinity, 0.5, Infinity, 0.3333333333333333, 0.5, Infinity, Infinity, Infinity, 0.3333333333333333, 0.5, Infinity, 0.3333333333333333, Infinity, Infinity, Infinity, Infinity, Infinity, 0.5, Infinity, Infinity, 0.3333333333333333, Infinity, 0.5, Infinity, Infinity, Infinity, 0.3333333333333333, 0.5, Infinity, 1.0, Infinity, Infinity, 0.5, 0.5, 0.5, 0.3333333333333333, Infinity, Infinity, 0.5, Infinity, Infinity, Infinity, 0.2, Infinity, Infinity, 0.3333333333333333, Infinity, Infinity, Infinity, Infinity, 1.0, 0.5, Infinity, Infinity, Infinity, Infinity, 0.3333333333333333, Infinity, 0.5, 0.3333333333333333, Infinity, Infinity, 0.3333333333333333, 0.3333333333333333, Infinity, Infinity, Infinity, 0.2, Infinity, Infinity, Infinity, 0.2, 0.3333333333333333, Infinity, Infinity, 0.5, Infinity, Infinity, 0.5, Infinity, 0.3333333333333333, Infinity, Infinity, Infinity, Infinity, 0.25, Infinity, 1.0, 0.5, 0.3333333333333333, Infinity, 0.5, Infinity, Infinity, 0.5, Infinity, 0.5, 0.3333333333333333, Infinity, Infinity, 0.5, 0.25, 0.5, 0.5, 0.3333333333333333, Infinity, Infinity, Infinity, Infinity, 0.5, Infinity, 1.0, Infinity, 0.3333333333333333, Infinity, Infinity, Infinity, Infinity, Infinity, 0.3333333333333333, Infinity, 1.0, Infinity, Infinity, Infinity, 0.2, 0.5, Infinity, Infinity, 0.3333333333333333, 0.25, 0.2, 0.3333333333333333, Infinity, 0.5, 0.25, Infinity, Infinity, Infinity, Infinity, 0.5, 0.3333333333333333, 0.5, 0.3333333333333333, Infinity, 0.5, Infinity, Infinity, Infinity, 0.3333333333333333, 0.5, 0.3333333333333333, 0.3333333333333333, Infinity, 0.5, Infinity, Infinity, Infinity, Infinity, 0.25, Infinity, 0.5, Infinity, 0.3333333333333333, 0.3333333333333333, Infinity, Infinity, 0.5, 0.5, 0.5, Infinity, 0.25, Infinity, 0.3333333333333333, Infinity, 0.3333333333333333, Infinity, 0.5, Infinity, 0.3333333333333333, Infinity, Infinity, Infinity, Infinity, Infinity, Infinity, Infinity, Infinity, Infinity, 0.5, 0.5, Infinity, Infinity, 0.5, 0.5, 0.5, Infinity, 0.5, 0.25, 0.5, Infinity, Infinity, Infinity, 0.5, Infinity, 0.5, Infinity, 0.2, 0.2, Infinity, Infinity, 1.0, Infinity, 0.3333333333333333, Infinity, 0.3333333333333333, 0.5, Infinity, Infinity, 0.5, 0.3333333333333333, 0.5, 0.5, 0.5, Infinity, Infinity, Infinity, 0.3333333333333333, Infinity, Infinity, 0.5, 0.3333333333333333, Infinity, Infinity, 0.3333333333333333, 0.3333333333333333, Infinity, Infinity, Infinity, Infinity, Infinity, Infinity, Infinity, 0.5, 0.3333333333333333, Infinity, 0.3333333333333333, Infinity, Infinity, Infinity, 0.5, Infinity, 0.5, 0.5, 0.5, 0.3333333333333333, 0.5, 0.3333333333333333, 0.3333333333333333, Infinity, Infinity, 0.3333333333333333, Infinity, 0.2, Infinity, Infinity, 0.2, 0.5, 0.3333333333333333, Infinity, 1.0, 0.5, 0.5, Infinity, 0.3333333333333333, 0.3333333333333333, Infinity, 0.5, 0.3333333333333333, 0.3333333333333333, Infinity, 0.3333333333333333, 0.25, 0.5, Infinity, Infinity, Infinity, Infinity, Infinity, 0.5, Infinity, 0.5, 0.3333333333333333, Infinity, Infinity, 0.3333333333333333, Infinity, Infinity, 0.3333333333333333, 1.0, Infinity, 1.0, 0.5, 0.3333333333333333, Infinity, 0.5, Infinity, 0.5, Infinity, Infinity, Infinity, 0.5, Infinity, 0.3333333333333333, Infinity, Infinity, 0.3333333333333333, 0.5, Infinity, 0.5, 0.3333333333333333, Infinity, Infinity, 0.3333333333333333, 0.2, 0.5, Infinity, Infinity, Infinity, Infinity, 1.0, 0.5, Infinity, 0.25, Infinity, 0.5, Infinity, Infinity, Infinity, 0.25, 0.2, Infinity, Infinity, 0.3333333333333333, 0.5, Infinity, Infinity, 1.0, 0.25, 0.5, Infinity, 0.5, Infinity, 0.25, 0.5, Infinity, 1.0, Infinity, Infinity, 0.3333333333333333, 0.3333333333333333, Infinity, 0.5, 1.0, Infinity, 0.5, Infinity, Infinity, Infinity, Infinity, Infinity, Infinity, Infinity, Infinity, Infinity, Infinity, Infinity, Infinity, 1.0, Infinity, Infinity, 0.5, 0.3333333333333333, 0.3333333333333333, 0.3333333333333333, 0.5, 0.5, 0.3333333333333333, Infinity, Infinity, 0.5, 0.5, Infinity, 0.5, 0.5, 0.5, 0.5, Infinity, Infinity, Infinity, Infinity, Infinity, 0.5, Infinity, 1.0, 0.3333333333333333, 0.5, Infinity, 0.3333333333333333, 0.5, 0.5, 0.3333333333333333, 0.3333333333333333, Infinity, Infinity, 0.5, Infinity, Infinity, 0.3333333333333333, Infinity, Infinity, 0.5, 0.5, Infinity, Infinity, Infinity, Infinity, 0.2, 0.5, Infinity, Infinity, Infinity, Infinity, Infinity, Infinity, 0.5, Infinity, 0.5, Infinity, Infinity, Infinity, Infinity, 0.5, 0.3333333333333333, Infinity, Infinity, 0.5, 0.5, 0.5, Infinity, 0.3333333333333333, Infinity, Infinity, 0.5, Infinity, Infinity, Infinity, Infinity, Infinity, 1.0, Infinity, 0.3333333333333333, Infinity, 0.5, Infinity, Infinity, 0.2, 0.5, Infinity, Infinity, 0.25, Infinity, Infinity, 0.2, Infinity, Infinity, Infinity, Infinity, Infinity, 1.0, Infinity, Infinity, Infinity, Infinity, 0.5, 1.0, 0.3333333333333333, 0.5, 0.3333333333333333, Infinity, 0.3333333333333333, Infinity, Infinity, Infinity, 0.3333333333333333, Infinity, 0.5, Infinity, 0.5, Infinity, Infinity, 0.5, 0.5, 0.3333333333333333, Infinity, Infinity, 0.5, Infinity, 0.5, 0.3333333333333333, Infinity, Infinity, Infinity, Infinity, 0.5, 0.3333333333333333, Infinity, 0.5, Infinity, Infinity, Infinity, Infinity, 0.5, 0.3333333333333333, Infinity, Infinity, Infinity, 0.3333333333333333, Infinity, 0.2, 0.3333333333333333, Infinity, Infinity, Infinity, 0.3333333333333333, 0.5, Infinity, 0.25, 0.5, Infinity, Infinity, 0.3333333333333333, 0.3333333333333333, Infinity, Infinity, 0.5, Infinity, 0.3333333333333333, Infinity, Infinity, 0.3333333333333333, 0.5, 0.5, 1.0, Infinity, Infinity, Infinity, Infinity, Infinity, 0.5, 0.5, 0.3333333333333333, 0.3333333333333333, 1.0, Infinity, Infinity, Infinity, 0.3333333333333333, 0.3333333333333333, 0.5, Infinity, 0.5, Infinity, Infinity, 0.25, Infinity, Infinity, 0.3333333333333333, 0.5, Infinity, 0.5, 0.3333333333333333, Infinity, Infinity, 0.3333333333333333, 0.5, Infinity, Infinity, 0.5, 0.5, 0.5, 0.3333333333333333, 0.3333333333333333, Infinity, 0.5, 0.3333333333333333, Infinity, Infinity, 1.0, 0.5, Infinity, Infinity, 0.5, 0.25, 0.3333333333333333, Infinity, Infinity, 0.3333333333333333, Infinity, 0.2, Infinity, Infinity, 1.0, 0.3333333333333333, Infinity, 0.3333333333333333, 0.5, Infinity, 0.3333333333333333, 0.5, Infinity, Infinity, 0.3333333333333333, Infinity, Infinity, Infinity, 0.5, Infinity, 0.3333333333333333, 0.5, Infinity, 0.5, Infinity, Infinity, 0.5, Infinity, Infinity, 0.5, Infinity, 0.5, 0.3333333333333333, 1.0, 0.3333333333333333, 0.5, 0.3333333333333333, Infinity, Infinity, Infinity, 0.5, 1.0, Infinity, Infinity, Infinity, Infinity, 0.5, Infinity, 0.3333333333333333, 0.5, Infinity, 0.3333333333333333, 0.3333333333333333, 0.5, Infinity, 1.0, 0.5, Infinity, Infinity, 0.5, 0.5, Infinity, Infinity, 0.5, 0.3333333333333333, Infinity, Infinity, Infinity, 0.3333333333333333, Infinity, Infinity, Infinity, 0.5, 0.25, 0.5, 0.5, Infinity, 0.3333333333333333, 0.3333333333333333, Infinity, Infinity, Infinity, Infinity, 0.5, Infinity, Infinity, 0.5, Infinity, Infinity, Infinity, Infinity, 0.5, Infinity, Infinity, Infinity, 0.3333333333333333, 0.5, Infinity, Infinity, Infinity, 0.3333333333333333, 0.5, 0.5, 0.3333333333333333, Infinity, 0.3333333333333333, 0.5, 0.5, 0.5, 0.3333333333333333, Infinity, Infinity, Infinity, 0.5, 0.5, Infinity, 0.5, Infinity, Infinity, Infinity, Infinity, 0.25, 0.5, 0.5, 0.5, Infinity, Infinity, 0.3333333333333333, 0.5, 0.5, 0.3333333333333333, Infinity, Infinity, 0.5, 1.0, 0.3333333333333333, 0.5, Infinity, 1.0, 0.5, Infinity, Infinity, 0.3333333333333333, Infinity, 0.25, Infinity, Infinity, 0.5, 0.5, Infinity, 0.25, 0.3333333333333333, Infinity, 0.3333333333333333, Infinity, Infinity, Infinity, Infinity, 0.5, 0.5, 0.5, Infinity, 0.5, 0.5, Infinity, 0.3333333333333333, 0.5, 0.3333333333333333, Infinity, Infinity, 0.5, 0.3333333333333333, 0.5, 0.3333333333333333, 0.3333333333333333, Infinity, Infinity, Infinity, 0.5, Infinity, 0.5, 0.3333333333333333, Infinity, 0.5 ]),(70,Array S Seq (Sz1 1000)
  [ 1.0, 1.0, 1.0, 1.0, 1.0, 1.0, 1.0, 1.0, 1.0, 1.0, 1.0, 1.0, 1.0, 1.0, 0.0, 1.0, 1.0, 0.0, 1.0, 1.0, 0.0, 1.0, 1.0, 1.0, 1.0, 1.0, 1.0, 1.0, 1.0, 1.0, 1.0, 1.0, 0.0, 1.0, 1.0, 1.0, 1.0, 1.0, 1.0, 1.0, 0.0, 0.0, 1.0, 1.0, 1.0, 1.0, 1.0, 1.0, 1.0, 1.0, 1.0, 1.0, 1.0, 1.0, 1.0, 1.0, 1.0, 1.0, 1.0, 1.0, 1.0, 1.0, 1.0, 1.0, 1.0, 1.0, 1.0, 1.0, 1.0, 1.0, 1.0, 1.0, 1.0, 1.0, 1.0, 1.0, 1.0, 1.0, 0.0, 1.0, 1.0, 1.0, 1.0, 0.0, 1.0, 1.0, 1.0, 1.0, 1.0, 1.0, 1.0, 1.0, 1.0, 1.0, 1.0, 0.0, 1.0, 1.0, 1.0, 1.0, 1.0, 0.0, 1.0, 1.0, 1.0, 0.0, 1.0, 0.0, 0.0, 1.0, 1.0, 1.0, 1.0, 1.0, 1.0, 0.0, 1.0, 1.0, 1.0, 1.0, 1.0, 0.0, 1.0, 1.0, 1.0, 1.0, 1.0, 1.0, 1.0, 1.0, 1.0, 0.0, 0.0, 1.0, 1.0, 1.0, 1.0, 1.0, 1.0, 1.0, 1.0, 1.0, 1.0, 1.0, 0.0, 1.0, 0.0, 1.0, 1.0, 1.0, 1.0, 1.0, 1.0, 1.0, 0.0, 1.0, 1.0, 0.0, 0.0, 1.0, 1.0, 1.0, 1.0, 1.0, 1.0, 1.0, 0.0, 1.0, 1.0, 1.0, 1.0, 1.0, 0.0, 1.0, 1.0, 1.0, 1.0, 1.0, 1.0, 1.0, 1.0, 1.0, 1.0, 1.0, 1.0, 1.0, 1.0, 1.0, 0.0, 1.0, 0.0, 1.0, 1.0, 1.0, 1.0, 1.0, 1.0, 1.0, 1.0, 0.0, 1.0, 1.0, 1.0, 1.0, 0.0, 1.0, 0.0, 1.0, 0.0, 1.0, 0.0, 1.0, 0.0, 1.0, 0.0, 1.0, 1.0, 1.0, 1.0, 1.0, 1.0, 1.0, 1.0, 1.0, 1.0, 1.0, 1.0, 1.0, 1.0, 1.0, 1.0, 1.0, 1.0, 0.0, 1.0, 1.0, 1.0, 1.0, 1.0, 1.0, 1.0, 1.0, 1.0, 1.0, 1.0, 0.0, 1.0, 1.0, 1.0, 1.0, 1.0, 1.0, 1.0, 1.0, 1.0, 1.0, 1.0, 1.0, 1.0, 1.0, 1.0, 1.0, 1.0, 1.0, 1.0, 1.0, 0.0, 1.0, 1.0, 0.0, 1.0, 1.0, 0.0, 1.0, 1.0, 1.0, 1.0, 1.0, 1.0, 1.0, 1.0, 1.0, 1.0, 1.0, 1.0, 1.0, 1.0, 0.0, 1.0, 0.0, 1.0, 1.0, 1.0, 1.0, 0.0, 1.0, 1.0, 1.0, 1.0, 1.0, 0.0, 1.0, 1.0, 1.0, 1.0, 1.0, 1.0, 1.0, 1.0, 1.0, 1.0, 1.0, 1.0, 1.0, 0.0, 1.0, 0.0, 1.0, 1.0, 1.0, 1.0, 1.0, 1.0, 1.0, 1.0, 1.0, 0.0, 1.0, 1.0, 1.0, 1.0, 1.0, 1.0, 1.0, 0.0, 1.0, 1.0, 1.0, 0.0, 1.0, 1.0, 1.0, 1.0, 1.0, 1.0, 0.0, 1.0, 1.0, 1.0, 1.0, 1.0, 1.0, 1.0, 0.0, 0.0, 1.0, 0.0, 1.0, 1.0, 1.0, 1.0, 1.0, 1.0, 1.0, 1.0, 1.0, 1.0, 0.0, 1.0, 1.0, 0.0, 1.0, 1.0, 1.0, 1.0, 0.0, 1.0, 1.0, 1.0, 0.0, 0.0, 1.0, 0.0, 1.0, 1.0, 1.0, 1.0, 1.0, 0.0, 1.0, 1.0, 1.0, 1.0, 0.0, 1.0, 1.0, 1.0, 1.0, 1.0, 1.0, 0.0, 1.0, 1.0, 1.0, 1.0, 1.0, 1.0, 1.0, 1.0, 1.0, 1.0, 1.0, 1.0, 1.0, 1.0, 1.0, 1.0, 1.0, 0.0, 1.0, 1.0, 1.0, 1.0, 1.0, 1.0, 1.0, 0.0, 1.0, 0.0, 1.0, 1.0, 0.0, 1.0, 1.0, 1.0, 1.0, 1.0, 1.0, 1.0, 0.0, 1.0, 1.0, 1.0, 1.0, 1.0, 1.0, 1.0, 1.0, 0.0, 1.0, 1.0, 1.0, 1.0, 1.0, 1.0, 1.0, 1.0, 1.0, 1.0, 1.0, 1.0, 1.0, 1.0, 1.0, 1.0, 1.0, 1.0, 1.0, 1.0, 0.0, 1.0, 1.0, 1.0, 0.0, 1.0, 0.0, 1.0, 1.0, 1.0, 1.0, 1.0, 1.0, 0.0, 1.0, 1.0, 0.0, 1.0, 1.0, 0.0, 1.0, 1.0, 1.0, 0.0, 0.0, 1.0, 1.0, 1.0, 1.0, 1.0, 1.0, 1.0, 1.0, 0.0, 0.0, 1.0, 1.0, 1.0, 1.0, 1.0, 1.0, 1.0, 1.0, 0.0, 1.0, 0.0, 1.0, 1.0, 1.0, 1.0, 1.0, 1.0, 1.0, 1.0, 1.0, 1.0, 1.0, 1.0, 1.0, 1.0, 1.0, 1.0, 1.0, 1.0, 1.0, 1.0, 1.0, 1.0, 1.0, 1.0, 1.0, 1.0, 0.0, 1.0, 1.0, 1.0, 1.0, 1.0, 1.0, 1.0, 1.0, 1.0, 1.0, 1.0, 1.0, 1.0, 1.0, 1.0, 1.0, 1.0, 1.0, 1.0, 1.0, 1.0, 1.0, 0.0, 1.0, 1.0, 1.0, 1.0, 1.0, 1.0, 1.0, 1.0, 1.0, 1.0, 0.0, 1.0, 1.0, 1.0, 0.0, 1.0, 0.0, 1.0, 1.0, 1.0, 1.0, 1.0, 1.0, 1.0, 1.0, 1.0, 1.0, 1.0, 1.0, 1.0, 1.0, 1.0, 0.0, 1.0, 1.0, 0.0, 1.0, 1.0, 1.0, 1.0, 1.0, 1.0, 1.0, 0.0, 0.0, 1.0, 1.0, 1.0, 1.0, 1.0, 1.0, 1.0, 1.0, 1.0, 1.0, 0.0, 1.0, 1.0, 1.0, 1.0, 0.0, 1.0, 0.0, 1.0, 0.0, 1.0, 1.0, 1.0, 1.0, 1.0, 1.0, 1.0, 0.0, 0.0, 1.0, 1.0, 1.0, 1.0, 1.0, 1.0, 1.0, 1.0, 0.0, 1.0, 0.0, 1.0, 1.0, 1.0, 1.0, 1.0, 0.0, 1.0, 0.0, 1.0, 1.0, 0.0, 1.0, 1.0, 0.0, 1.0, 1.0, 1.0, 1.0, 1.0, 1.0, 1.0, 1.0, 0.0, 1.0, 1.0, 1.0, 1.0, 1.0, 1.0, 0.0, 1.0, 1.0, 1.0, 1.0, 1.0, 1.0, 1.0, 0.0, 0.0, 1.0, 1.0, 0.0, 1.0, 1.0, 1.0, 0.0, 0.0, 1.0, 1.0, 1.0, 1.0, 1.0, 0.0, 1.0, 1.0, 1.0, 0.0, 1.0, 0.0, 0.0, 0.0, 1.0, 1.0, 1.0, 1.0, 0.0, 1.0, 1.0, 1.0, 1.0, 1.0, 1.0, 1.0, 1.0, 1.0, 1.0, 1.0, 0.0, 1.0, 1.0, 1.0, 1.0, 0.0, 0.0, 1.0, 1.0, 1.0, 1.0, 1.0, 1.0, 1.0, 1.0, 1.0, 1.0, 1.0, 1.0, 0.0, 1.0, 1.0, 1.0, 1.0, 1.0, 1.0, 1.0, 1.0, 1.0, 1.0, 1.0, 1.0, 1.0, 1.0, 1.0, 1.0, 1.0, 1.0, 1.0, 1.0, 1.0, 1.0, 1.0, 1.0, 0.0, 1.0, 1.0, 1.0, 1.0, 1.0, 1.0, 1.0, 1.0, 1.0, 1.0, 1.0, 1.0, 1.0, 1.0, 1.0, 1.0, 1.0, 1.0, 1.0, 1.0, 1.0, 1.0, 1.0, 1.0, 0.0, 1.0, 1.0, 1.0, 1.0, 1.0, 1.0, 1.0, 1.0, 1.0, 1.0, 1.0, 1.0, 1.0, 1.0, 1.0, 1.0, 1.0, 1.0, 0.0, 0.0, 1.0, 0.0, 1.0, 1.0, 0.0, 1.0, 1.0, 1.0, 1.0, 1.0, 1.0, 1.0, 0.0, 1.0, 0.0, 1.0, 1.0, 1.0, 1.0, 1.0, 0.0, 1.0, 1.0, 1.0, 1.0, 1.0, 1.0, 1.0, 1.0, 1.0, 1.0, 0.0, 1.0, 1.0, 1.0, 1.0, 1.0, 1.0, 1.0, 1.0, 1.0, 0.0, 1.0, 0.0, 1.0, 1.0, 0.0, 0.0, 1.0, 1.0, 1.0, 1.0, 1.0, 1.0, 1.0, 1.0, 0.0, 1.0, 0.0, 1.0, 1.0, 1.0, 1.0, 0.0, 1.0, 1.0, 1.0, 0.0, 1.0, 1.0, 1.0, 1.0, 1.0, 1.0, 1.0, 1.0, 1.0, 1.0, 1.0, 0.0, 0.0, 1.0, 1.0, 0.0, 1.0, 0.0, 1.0, 1.0, 1.0, 1.0, 0.0, 1.0, 1.0, 0.0, 1.0, 1.0, 0.0, 1.0, 1.0, 1.0, 1.0, 0.0, 1.0, 0.0, 1.0, 1.0, 1.0, 1.0, 1.0, 1.0, 0.0, 1.0, 0.0, 0.0, 1.0, 1.0, 0.0, 1.0, 1.0, 1.0, 1.0, 1.0, 1.0, 1.0, 1.0, 1.0, 1.0, 1.0, 1.0, 1.0, 1.0, 1.0, 1.0, 1.0, 1.0, 1.0, 1.0, 0.0, 1.0, 1.0, 1.0, 0.0, 1.0, 1.0, 1.0, 1.0, 1.0, 0.0, 1.0, 1.0, 1.0, 1.0, 1.0, 1.0, 1.0, 1.0, 1.0, 1.0, 1.0, 1.0, 1.0, 1.0, 1.0, 1.0, 1.0, 1.0, 1.0, 1.0, 1.0, 0.0, 1.0, 1.0, 1.0, 1.0, 1.0, 1.0, 1.0, 1.0, 1.0, 1.0, 1.0, 1.0, 1.0 ]),(78,Array S Seq (Sz1 1000)
  [ Infinity, Infinity, 1.0, Infinity, Infinity, Infinity, Infinity, Infinity, Infinity, 1.0, Infinity, Infinity, Infinity, Infinity, 1.0, Infinity, 1.0, Infinity, Infinity, Infinity, Infinity, 1.0, Infinity, Infinity, 1.0, Infinity, Infinity, Infinity, Infinity, Infinity, Infinity, Infinity, Infinity, Infinity, Infinity, Infinity, 1.0, Infinity, Infinity, Infinity, Infinity, Infinity, Infinity, Infinity, 1.0, Infinity, Infinity, Infinity, Infinity, Infinity, 1.0, Infinity, Infinity, Infinity, Infinity, Infinity, 1.0, 1.0, Infinity, Infinity, Infinity, 1.0, Infinity, Infinity, Infinity, Infinity, Infinity, Infinity, Infinity, Infinity, Infinity, 1.0, 1.0, Infinity, Infinity, Infinity, Infinity, Infinity, Infinity, Infinity, Infinity, Infinity, Infinity, Infinity, Infinity, Infinity, Infinity, Infinity, 0.3333333333333333, Infinity, Infinity, 1.0, Infinity, Infinity, 0.3333333333333333, Infinity, Infinity, Infinity, Infinity, Infinity, Infinity, Infinity, Infinity, Infinity, 1.0, Infinity, 0.5, Infinity, Infinity, Infinity, Infinity, Infinity, Infinity, Infinity, Infinity, Infinity, Infinity, 1.0, Infinity, Infinity, 1.0, 1.0, Infinity, Infinity, Infinity, Infinity, 1.0, Infinity, Infinity, Infinity, Infinity, 1.0, Infinity, Infinity, Infinity, Infinity, Infinity, Infinity, Infinity, Infinity, Infinity, Infinity, Infinity, Infinity, 0.3333333333333333, Infinity, 1.0, Infinity, Infinity, Infinity, Infinity, 0.5, Infinity, Infinity, Infinity, Infinity, Infinity, Infinity, Infinity, Infinity, 1.0, Infinity, 1.0, 1.0, Infinity, Infinity, Infinity, Infinity, Infinity, 1.0, Infinity, Infinity, Infinity, Infinity, Infinity, Infinity, 1.0, Infinity, Infinity, Infinity, Infinity, Infinity, Infinity, 0.5, Infinity, Infinity, Infinity, Infinity, Infinity, Infinity, 1.0, Infinity, Infinity, Infinity, Infinity, Infinity, Infinity, Infinity, 1.0, Infinity, 1.0, Infinity, Infinity, Infinity, 0.3333333333333333, 1.0, Infinity, Infinity, Infinity, Infinity, Infinity, Infinity, Infinity, 1.0, Infinity, Infinity, 1.0, Infinity, Infinity, Infinity, Infinity, Infinity, 1.0, Infinity, Infinity, 1.0, Infinity, Infinity, Infinity, 0.5, Infinity, Infinity, Infinity, Infinity, Infinity, Infinity, Infinity, 1.0, Infinity, Infinity, Infinity, Infinity, Infinity, Infinity, Infinity, 0.3333333333333333, Infinity, 1.0, Infinity, Infinity, Infinity, Infinity, Infinity, 1.0, 1.0, Infinity, Infinity, 0.5, Infinity, Infinity, Infinity, Infinity, Infinity, Infinity, Infinity, Infinity, 0.5, Infinity, 1.0, 0.5, Infinity, Infinity, Infinity, Infinity, 1.0, 1.0, Infinity, Infinity, Infinity, Infinity, Infinity, Infinity, Infinity, Infinity, Infinity, Infinity, Infinity, 0.5, Infinity, Infinity, Infinity, Infinity, Infinity, Infinity, 1.0, Infinity, Infinity, Infinity, Infinity, Infinity, Infinity, 1.0, Infinity, 0.3333333333333333, Infinity, Infinity, Infinity, 1.0, Infinity, Infinity, 1.0, Infinity, Infinity, Infinity, Infinity, Infinity, Infinity, Infinity, Infinity, Infinity, Infinity, Infinity, Infinity, 1.0, Infinity, Infinity, Infinity, Infinity, Infinity, 1.0, Infinity, 1.0, Infinity, Infinity, Infinity, 0.5, Infinity, Infinity, Infinity, Infinity, Infinity, Infinity, 0.5, Infinity, Infinity, 1.0, Infinity, Infinity, 1.0, 1.0, Infinity, 1.0, Infinity, 1.0, Infinity, Infinity, Infinity, Infinity, Infinity, 0.3333333333333333, Infinity, Infinity, Infinity, Infinity, Infinity, 1.0, 1.0, Infinity, Infinity, Infinity, Infinity, Infinity, 1.0, Infinity, Infinity, Infinity, Infinity, Infinity, Infinity, Infinity, Infinity, 1.0, Infinity, Infinity, Infinity, 0.5, Infinity, Infinity, Infinity, Infinity, 1.0, Infinity, Infinity, Infinity, Infinity, 0.5, Infinity, Infinity, Infinity, Infinity, Infinity, 0.3333333333333333, Infinity, Infinity, Infinity, Infinity, Infinity, Infinity, Infinity, Infinity, Infinity, Infinity, Infinity, Infinity, Infinity, Infinity, Infinity, Infinity, 1.0, 1.0, Infinity, Infinity, Infinity, Infinity, Infinity, Infinity, Infinity, Infinity, Infinity, Infinity, Infinity, Infinity, 1.0, Infinity, 1.0, Infinity, 1.0, Infinity, Infinity, Infinity, Infinity, Infinity, Infinity, 1.0, Infinity, 1.0, 1.0, Infinity, Infinity, 1.0, Infinity, Infinity, Infinity, Infinity, Infinity, Infinity, Infinity, Infinity, Infinity, 0.5, Infinity, Infinity, 0.3333333333333333, Infinity, Infinity, Infinity, 1.0, Infinity, Infinity, Infinity, Infinity, Infinity, Infinity, 1.0, Infinity, 1.0, Infinity, Infinity, Infinity, Infinity, Infinity, Infinity, Infinity, Infinity, 1.0, Infinity, Infinity, Infinity, Infinity, Infinity, 1.0, Infinity, Infinity, Infinity, Infinity, 1.0, Infinity, Infinity, Infinity, 1.0, 1.0, 1.0, Infinity, Infinity, Infinity, Infinity, Infinity, Infinity, Infinity, Infinity, Infinity, Infinity, Infinity, Infinity, Infinity, Infinity, Infinity, Infinity, Infinity, Infinity, Infinity, Infinity, Infinity, Infinity, Infinity, Infinity, Infinity, Infinity, Infinity, Infinity, 1.0, 1.0, Infinity, Infinity, Infinity, 1.0, 1.0, Infinity, Infinity, Infinity, Infinity, 1.0, 1.0, Infinity, Infinity, Infinity, Infinity, Infinity, Infinity, Infinity, 1.0, Infinity, 0.3333333333333333, 1.0, Infinity, Infinity, 0.5, Infinity, 0.5, Infinity, Infinity, Infinity, Infinity, Infinity, Infinity, 1.0, Infinity, 0.3333333333333333, 1.0, Infinity, Infinity, Infinity, Infinity, Infinity, Infinity, Infinity, 1.0, Infinity, Infinity, Infinity, Infinity, Infinity, 1.0, Infinity, Infinity, 1.0, Infinity, Infinity, Infinity, Infinity, Infinity, Infinity, Infinity, Infinity, Infinity, Infinity, Infinity, Infinity, Infinity, Infinity, 1.0, Infinity, 0.5, Infinity, 1.0, Infinity, Infinity, Infinity, Infinity, Infinity, 0.3333333333333333, Infinity, Infinity, 1.0, 1.0, Infinity, Infinity, Infinity, Infinity, Infinity, Infinity, Infinity, Infinity, Infinity, Infinity, 1.0, Infinity, Infinity, Infinity, Infinity, 1.0, Infinity, Infinity, Infinity, Infinity, Infinity, Infinity, 1.0, 1.0, Infinity, 1.0, 1.0, Infinity, 1.0, Infinity, Infinity, Infinity, Infinity, Infinity, 0.5, Infinity, Infinity, Infinity, Infinity, Infinity, Infinity, 0.3333333333333333, Infinity, 1.0, Infinity, Infinity, Infinity, Infinity, 0.5, Infinity, Infinity, Infinity, 1.0, Infinity, Infinity, Infinity, Infinity, Infinity, Infinity, Infinity, Infinity, Infinity, Infinity, 0.5, 1.0, Infinity, Infinity, Infinity, Infinity, 1.0, Infinity, Infinity, Infinity, Infinity, 1.0, Infinity, Infinity, Infinity, Infinity, Infinity, Infinity, Infinity, Infinity, Infinity, Infinity, Infinity, 1.0, 0.3333333333333333, 1.0, Infinity, 1.0, Infinity, Infinity, 1.0, Infinity, 1.0, Infinity, 1.0, Infinity, 0.3333333333333333, Infinity, Infinity, 1.0, Infinity, Infinity, Infinity, Infinity, Infinity, Infinity, 1.0, Infinity, Infinity, Infinity, Infinity, 1.0, Infinity, Infinity, Infinity, 0.5, Infinity, Infinity, 0.5, Infinity, Infinity, Infinity, Infinity, 1.0, Infinity, Infinity, Infinity, Infinity, Infinity, Infinity, 0.5, Infinity, Infinity, Infinity, Infinity, Infinity, Infinity, Infinity, 1.0, Infinity, Infinity, Infinity, Infinity, Infinity, Infinity, Infinity, Infinity, Infinity, 0.3333333333333333, Infinity, Infinity, Infinity, Infinity, Infinity, Infinity, 1.0, Infinity, Infinity, Infinity, Infinity, Infinity, Infinity, Infinity, Infinity, Infinity, Infinity, Infinity, Infinity, Infinity, Infinity, Infinity, Infinity, Infinity, Infinity, Infinity, Infinity, Infinity, Infinity, Infinity, Infinity, Infinity, Infinity, Infinity, 1.0, Infinity, 1.0, Infinity, Infinity, Infinity, 1.0, Infinity, 0.5, Infinity, Infinity, Infinity, 1.0, Infinity, 1.0, Infinity, 0.5, 1.0, Infinity, Infinity, Infinity, Infinity, Infinity, Infinity, Infinity, Infinity, Infinity, 1.0, 0.5, Infinity, 1.0, Infinity, Infinity, Infinity, 1.0, Infinity, 1.0, Infinity, Infinity, Infinity, Infinity, Infinity, 1.0, Infinity, Infinity, Infinity, Infinity, Infinity, Infinity, Infinity, Infinity, Infinity, Infinity, Infinity, Infinity, 1.0, Infinity, Infinity, Infinity, Infinity, Infinity, 1.0, Infinity, Infinity, Infinity, Infinity, Infinity, Infinity, Infinity, Infinity, Infinity, Infinity, Infinity, 0.5, Infinity, Infinity, Infinity, Infinity, Infinity, Infinity, Infinity, 0.5, Infinity, Infinity, Infinity, Infinity, Infinity, Infinity, Infinity, Infinity, Infinity, Infinity, Infinity, 1.0, Infinity, 1.0, Infinity, Infinity, Infinity, Infinity, 1.0, Infinity, 0.5, Infinity, Infinity, 1.0, Infinity, Infinity, Infinity, Infinity, Infinity, Infinity, Infinity, Infinity, Infinity, Infinity, Infinity, Infinity, Infinity, 1.0, Infinity, Infinity, Infinity, Infinity, Infinity, Infinity, 0.5, Infinity, Infinity, Infinity, Infinity, Infinity, Infinity, Infinity, 1.0, Infinity, Infinity, Infinity, Infinity, Infinity, Infinity, 1.0, 1.0, Infinity, Infinity, Infinity, Infinity, Infinity, Infinity, Infinity, Infinity, 1.0, Infinity, 1.0, Infinity, Infinity, Infinity, Infinity, 1.0, 0.3333333333333333, Infinity, Infinity, Infinity, Infinity, Infinity, 1.0, Infinity, Infinity, Infinity, Infinity, Infinity, Infinity, Infinity, Infinity, Infinity, 1.0, Infinity, Infinity, Infinity, Infinity, Infinity, Infinity, Infinity, 1.0, Infinity, Infinity, Infinity, 1.0, Infinity, Infinity, 1.0, 1.0, 1.0, Infinity, Infinity, Infinity, Infinity, 1.0, Infinity ]),(80,Array S Seq (Sz1 1000)
  [ 0.0, 0.0, 1.0, 0.0, 0.0, 0.0, 0.0, 0.0, 0.0, 1.0, 0.0, 0.0, 0.0, 0.0, 1.0, 0.0, 1.0, 0.0, 1.0, 0.0, 0.0, 1.0, 1.0, 0.0, 1.0, 0.0, 0.0, 0.0, 0.0, 0.0, 0.0, 0.0, 0.0, 0.0, 0.0, 0.0, 1.0, 0.0, 0.0, 0.0, 0.0, 0.0, 0.0, 0.0, 1.0, 0.0, 0.0, 0.0, 0.0, 0.0, 1.0, 0.0, 0.0, 0.0, 0.0, 0.0, 1.0, 1.0, 0.0, 0.0, 0.0, 1.0, 0.0, 0.0, 1.0, 0.0, 0.0, 0.0, 0.0, 0.0, 0.0, 1.0, 1.0, 0.0, 0.0, 0.0, 0.0, 0.0, 0.0, 0.0, 0.0, 0.0, 0.0, 0.0, 0.0, 0.0, 1.0, 0.0, 3.0, 0.0, 0.0, 1.0, 0.0, 0.0, 3.0, 0.0, 0.0, 0.0, 0.0, 0.0, 0.0, 0.0, 0.0, 0.0, 1.0, 0.0, 2.0, 0.0, 0.0, 0.0, 0.0, 0.0, 0.0, 0.0, 0.0, 0.0, 0.0, 1.0, 0.0, 0.0, 1.0, 2.0, 0.0, 0.0, 0.0, 0.0, 1.0, 0.0, 0.0, 0.0, 0.0, 1.0, 0.0, 0.0, 0.0, 0.0, 0.0, 0.0, 0.0, 0.0, 0.0, 0.0, 0.0, 0.0, 3.0, 0.0, 1.0, 0.0, 0.0, 0.0, 0.0, 2.0, 0.0, 0.0, 0.0, 0.0, 0.0, 0.0, 0.0, 0.0, 1.0, 0.0, 1.0, 1.0, 0.0, 0.0, 0.0, 0.0, 0.0, 1.0, 0.0, 0.0, 0.0, 0.0, 0.0, 0.0, 1.0, 0.0, 0.0, 0.0, 0.0, 0.0, 0.0, 2.0, 0.0, 0.0, 0.0, 0.0, 0.0, 0.0, 1.0, 0.0, 0.0, 0.0, 0.0, 0.0, 0.0, 0.0, 1.0, 0.0, 1.0, 0.0, 0.0, 0.0, 3.0, 1.0, 0.0, 0.0, 0.0, 0.0, 0.0, 0.0, 0.0, 1.0, 0.0, 0.0, 1.0, 0.0, 0.0, 0.0, 0.0, 0.0, 1.0, 0.0, 0.0, 1.0, 0.0, 0.0, 0.0, 2.0, 0.0, 0.0, 0.0, 0.0, 0.0, 0.0, 0.0, 1.0, 0.0, 1.0, 1.0, 0.0, 0.0, 0.0, 0.0, 3.0, 0.0, 1.0, 0.0, 0.0, 0.0, 0.0, 0.0, 1.0, 1.0, 0.0, 0.0, 2.0, 0.0, 0.0, 0.0, 0.0, 0.0, 1.0, 0.0, 0.0, 2.0, 0.0, 1.0, 2.0, 0.0, 0.0, 0.0, 0.0, 1.0, 1.0, 0.0, 0.0, 0.0, 0.0, 0.0, 0.0, 0.0, 0.0, 0.0, 0.0, 0.0, 2.0, 0.0, 0.0, 0.0, 0.0, 0.0, 0.0, 1.0, 0.0, 0.0, 0.0, 0.0, 0.0, 0.0, 1.0, 0.0, 3.0, 0.0, 0.0, 0.0, 1.0, 0.0, 0.0, 1.0, 0.0, 0.0, 0.0, 0.0, 0.0, 0.0, 0.0, 0.0, 0.0, 0.0, 0.0, 0.0, 1.0, 0.0, 0.0, 0.0, 0.0, 0.0, 1.0, 0.0, 1.0, 0.0, 0.0, 0.0, 2.0, 0.0, 0.0, 0.0, 0.0, 0.0, 0.0, 2.0, 0.0, 0.0, 1.0, 0.0, 0.0, 1.0, 1.0, 0.0, 1.0, 0.0, 1.0, 0.0, 0.0, 0.0, 0.0, 0.0, 3.0, 0.0, 0.0, 0.0, 0.0, 1.0, 1.0, 1.0, 0.0, 0.0, 0.0, 0.0, 0.0, 1.0, 1.0, 0.0, 0.0, 0.0, 0.0, 1.0, 0.0, 1.0, 1.0, 0.0, 0.0, 0.0, 2.0, 0.0, 0.0, 0.0, 0.0, 1.0, 0.0, 0.0, 0.0, 0.0, 2.0, 0.0, 0.0, 0.0, 0.0, 0.0, 3.0, 0.0, 0.0, 0.0, 0.0, 0.0, 0.0, 0.0, 0.0, 0.0, 0.0, 0.0, 0.0, 0.0, 0.0, 0.0, 0.0, 1.0, 1.0, 0.0, 0.0, 0.0, 0.0, 0.0, 0.0, 0.0, 0.0, 0.0, 0.0, 0.0, 0.0, 1.0, 0.0, 1.0, 0.0, 1.0, 0.0, 0.0, 0.0, 0.0, 0.0, 0.0, 1.0, 0.0, 1.0, 1.0, 0.0, 1.0, 2.0, 0.0, 1.0, 1.0, 0.0, 0.0, 0.0, 0.0, 0.0, 0.0, 2.0, 0.0, 0.0, 3.0, 0.0, 0.0, 1.0, 1.0, 0.0, 0.0, 0.0, 0.0, 0.0, 0.0, 1.0, 0.0, 1.0, 0.0, 0.0, 0.0, 0.0, 0.0, 0.0, 0.0, 0.0, 2.0, 0.0, 1.0, 0.0, 0.0, 0.0, 1.0, 0.0, 0.0, 0.0, 0.0, 1.0, 0.0, 0.0, 0.0, 1.0, 1.0, 1.0, 0.0, 0.0, 0.0, 0.0, 0.0, 0.0, 0.0, 0.0, 0.0, 0.0, 0.0, 0.0, 0.0, 0.0, 0.0, 0.0, 0.0, 0.0, 0.0, 0.0, 0.0, 0.0, 0.0, 0.0, 0.0, 0.0, 0.0, 0.0, 2.0, 1.0, 0.0, 0.0, 0.0, 1.0, 1.0, 0.0, 0.0, 0.0, 0.0, 1.0, 1.0, 0.0, 0.0, 0.0, 0.0, 1.0, 0.0, 0.0, 1.0, 0.0, 3.0, 1.0, 0.0, 0.0, 2.0, 1.0, 2.0, 0.0, 0.0, 0.0, 0.0, 0.0, 0.0, 1.0, 0.0, 3.0, 1.0, 0.0, 1.0, 0.0, 0.0, 0.0, 0.0, 0.0, 1.0, 0.0, 0.0, 0.0, 0.0, 0.0, 1.0, 0.0, 0.0, 1.0, 0.0, 0.0, 0.0, 0.0, 0.0, 0.0, 0.0, 0.0, 0.0, 0.0, 0.0, 0.0, 0.0, 0.0, 1.0, 0.0, 2.0, 0.0, 1.0, 1.0, 0.0, 0.0, 0.0, 0.0, 3.0, 1.0, 0.0, 1.0, 1.0, 0.0, 0.0, 0.0, 0.0, 0.0, 0.0, 1.0, 0.0, 0.0, 0.0, 2.0, 0.0, 0.0, 0.0, 0.0, 1.0, 0.0, 1.0, 0.0, 0.0, 0.0, 0.0, 2.0, 1.0, 0.0, 1.0, 1.0, 0.0, 1.0, 0.0, 0.0, 0.0, 0.0, 0.0, 2.0, 0.0, 0.0, 0.0, 0.0, 0.0, 0.0, 3.0, 0.0, 1.0, 0.0, 0.0, 0.0, 0.0, 2.0, 0.0, 1.0, 0.0, 1.0, 0.0, 0.0, 0.0, 0.0, 0.0, 0.0, 0.0, 0.0, 0.0, 0.0, 2.0, 1.0, 0.0, 0.0, 0.0, 0.0, 1.0, 0.0, 0.0, 0.0, 0.0, 1.0, 0.0, 0.0, 0.0, 0.0, 0.0, 0.0, 0.0, 0.0, 0.0, 0.0, 0.0, 1.0, 3.0, 2.0, 0.0, 1.0, 0.0, 0.0, 1.0, 0.0, 1.0, 0.0, 1.0, 0.0, 3.0, 0.0, 0.0, 1.0, 1.0, 0.0, 0.0, 1.0, 0.0, 0.0, 1.0, 0.0, 0.0, 1.0, 0.0, 1.0, 0.0, 0.0, 1.0, 2.0, 0.0, 0.0, 2.0, 0.0, 0.0, 0.0, 0.0, 1.0, 0.0, 0.0, 0.0, 0.0, 0.0, 0.0, 2.0, 0.0, 0.0, 1.0, 0.0, 0.0, 0.0, 0.0, 1.0, 0.0, 0.0, 0.0, 0.0, 0.0, 1.0, 0.0, 0.0, 0.0, 3.0, 0.0, 0.0, 0.0, 0.0, 0.0, 0.0, 1.0, 0.0, 0.0, 0.0, 0.0, 0.0, 0.0, 0.0, 0.0, 0.0, 0.0, 0.0, 0.0, 0.0, 0.0, 1.0, 0.0, 0.0, 0.0, 0.0, 0.0, 0.0, 0.0, 0.0, 0.0, 0.0, 0.0, 0.0, 1.0, 0.0, 1.0, 0.0, 0.0, 0.0, 1.0, 0.0, 2.0, 0.0, 0.0, 0.0, 1.0, 0.0, 1.0, 0.0, 2.0, 1.0, 0.0, 0.0, 0.0, 0.0, 0.0, 1.0, 0.0, 0.0, 0.0, 1.0, 2.0, 1.0, 1.0, 0.0, 0.0, 0.0, 1.0, 0.0, 1.0, 0.0, 0.0, 0.0, 1.0, 1.0, 1.0, 0.0, 0.0, 0.0, 0.0, 0.0, 0.0, 0.0, 0.0, 0.0, 0.0, 0.0, 1.0, 1.0, 0.0, 0.0, 0.0, 1.0, 0.0, 1.0, 0.0, 0.0, 1.0, 0.0, 0.0, 0.0, 0.0, 0.0, 1.0, 0.0, 0.0, 2.0, 0.0, 1.0, 0.0, 0.0, 0.0, 0.0, 0.0, 2.0, 0.0, 0.0, 0.0, 0.0, 0.0, 0.0, 0.0, 0.0, 0.0, 0.0, 0.0, 1.0, 0.0, 1.0, 0.0, 0.0, 0.0, 0.0, 1.0, 0.0, 2.0, 0.0, 0.0, 1.0, 0.0, 0.0, 0.0, 0.0, 0.0, 0.0, 0.0, 0.0, 0.0, 0.0, 0.0, 0.0, 0.0, 1.0, 0.0, 0.0, 0.0, 0.0, 0.0, 0.0, 2.0, 0.0, 1.0, 1.0, 0.0, 0.0, 0.0, 0.0, 1.0, 0.0, 0.0, 0.0, 0.0, 0.0, 0.0, 1.0, 1.0, 0.0, 0.0, 0.0, 0.0, 0.0, 0.0, 0.0, 0.0, 1.0, 0.0, 1.0, 0.0, 0.0, 0.0, 0.0, 1.0, 3.0, 0.0, 0.0, 0.0, 0.0, 0.0, 1.0, 0.0, 0.0, 0.0, 0.0, 0.0, 0.0, 0.0, 0.0, 0.0, 2.0, 1.0, 0.0, 0.0, 0.0, 0.0, 0.0, 1.0, 1.0, 0.0, 1.0, 0.0, 2.0, 0.0, 0.0, 1.0, 2.0, 1.0, 0.0, 0.0, 0.0, 0.0, 1.0, 0.0 ]),(81,Array S Seq (Sz1 1000)
  [ 0.0, 0.0, 0.0, 0.0, 0.0, 0.0, 0.0, 0.0, 0.0, 0.0, 0.0, 0.0, 0.0, 0.0, 0.0, 0.0, 0.0, 0.0, -1.0, 0.0, 0.0, 0.0, -1.0, 0.0, 0.0, 0.0, 0.0, 0.0, 0.0, 0.0, 0.0, 0.0, 0.0, 0.0, 0.0, 0.0, 0.0, 0.0, 0.0, 0.0, 0.0, 0.0, 0.0, 0.0, 0.0, 0.0, 0.0, 0.0, 0.0, 0.0, 0.0, 0.0, 0.0, 0.0, 0.0, 0.0, 0.0, 0.0, 0.0, 0.0, 0.0, 0.0, 0.0, 0.0, -1.0, 0.0, 0.0, 0.0, 0.0, 0.0, 0.0, 0.0, 0.0, 0.0, 0.0, 0.0, 0.0, 0.0, 0.0, 0.0, 0.0, 0.0, 0.0, 0.0, 0.0, 0.0, -1.0, 0.0, 0.0, 0.0, 0.0, 0.0, 0.0, 0.0, 0.0, 0.0, 0.0, 0.0, 0.0, 0.0, 0.0, 0.0, 0.0, 0.0, 0.0, 0.0, 0.0, 0.0, 0.0, 0.0, 0.0, 0.0, 0.0, 0.0, 0.0, 0.0, 0.0, 0.0, 0.0, 0.0, 0.0, -1.0, 0.0, 0.0, 0.0, 0.0, 0.0, 0.0, 0.0, 0.0, 0.0, 0.0, 0.0, 0.0, 0.0, 0.0, 0.0, 0.0, 0.0, 0.0, 0.0, 0.0, 0.0, 0.0, 0.0, 0.0, 0.0, 0.0, 0.0, 0.0, 0.0, 0.0, 0.0, 0.0, 0.0, 0.0, 0.0, 0.0, 0.0, 0.0, 0.0, 0.0, 0.0, 0.0, 0.0, 0.0, 0.0, 0.0, 0.0, 0.0, 0.0, 0.0, 0.0, 0.0, 0.0, 0.0, 0.0, 0.0, 0.0, 0.0, 0.0, 0.0, 0.0, 0.0, 0.0, 0.0, 0.0, 0.0, 0.0, 0.0, 0.0, 0.0, 0.0, 0.0, 0.0, 0.0, 0.0, 0.0, 0.0, 0.0, 0.0, 0.0, 0.0, 0.0, 0.0, 0.0, 0.0, 0.0, 0.0, 0.0, 0.0, 0.0, 0.0, 0.0, 0.0, 0.0, 0.0, 0.0, 0.0, 0.0, 0.0, 0.0, 0.0, 0.0, 0.0, 0.0, 0.0, 0.0, 0.0, 0.0, 0.0, 0.0, 0.0, 0.0, 0.0, 0.0, 0.0, 0.0, 0.0, -1.0, -1.0, 0.0, 0.0, 0.0, 0.0, 0.0, 0.0, 0.0, 0.0, 0.0, 0.0, 0.0, 0.0, 0.0, 0.0, 0.0, 0.0, 0.0, 0.0, 0.0, 0.0, 0.0, 0.0, -1.0, 0.0, 0.0, 0.0, 0.0, 0.0, 0.0, 0.0, 0.0, 0.0, 0.0, 0.0, 0.0, 0.0, 0.0, 0.0, 0.0, 0.0, 0.0, 0.0, 0.0, 0.0, 0.0, 0.0, 0.0, 0.0, 0.0, 0.0, 0.0, 0.0, 0.0, 0.0, 0.0, 0.0, 0.0, 0.0, 0.0, 0.0, 0.0, 0.0, 0.0, 0.0, 0.0, 0.0, 0.0, 0.0, 0.0, 0.0, 0.0, 0.0, 0.0, 0.0, 0.0, 0.0, 0.0, 0.0, 0.0, 0.0, 0.0, 0.0, 0.0, 0.0, 0.0, 0.0, 0.0, 0.0, 0.0, 0.0, 0.0, 0.0, 0.0, 0.0, 0.0, 0.0, 0.0, 0.0, 0.0, 0.0, 0.0, 0.0, 0.0, 0.0, 0.0, 0.0, 0.0, 0.0, 0.0, 0.0, 0.0, 0.0, 0.0, 0.0, 0.0, 0.0, 0.0, 0.0, 0.0, 0.0, 0.0, 0.0, 0.0, -1.0, 0.0, 0.0, 0.0, 0.0, 0.0, 0.0, 0.0, 0.0, -1.0, 0.0, 0.0, 0.0, 0.0, -1.0, 0.0, -1.0, 0.0, 0.0, 0.0, 0.0, 0.0, 0.0, 0.0, 0.0, 0.0, 0.0, 0.0, 0.0, 0.0, 0.0, 0.0, 0.0, 0.0, 0.0, 0.0, 0.0, 0.0, 0.0, 0.0, 0.0, 0.0, 0.0, 0.0, 0.0, 0.0, 0.0, 0.0, 0.0, 0.0, 0.0, 0.0, 0.0, 0.0, 0.0, 0.0, 0.0, 0.0, 0.0, 0.0, 0.0, 0.0, 0.0, 0.0, 0.0, 0.0, 0.0, 0.0, 0.0, 0.0, 0.0, 0.0, 0.0, 0.0, 0.0, 0.0, 0.0, 0.0, 0.0, 0.0, 0.0, 0.0, 0.0, 0.0, -1.0, -1.0, 0.0, -1.0, -1.0, 0.0, 0.0, 0.0, 0.0, 0.0, 0.0, 0.0, 0.0, 0.0, 0.0, 0.0, 0.0, -1.0, 0.0, 0.0, 0.0, 0.0, 0.0, 0.0, 0.0, 0.0, 0.0, 0.0, 0.0, 0.0, 0.0, 0.0, 0.0, 0.0, 0.0, 0.0, -1.0, 0.0, -1.0, 0.0, 0.0, 0.0, 0.0, 0.0, 0.0, 0.0, 0.0, 0.0, 0.0, 0.0, 0.0, 0.0, 0.0, 0.0, 0.0, 0.0, 0.0, 0.0, 0.0, 0.0, 0.0, 0.0, 0.0, 0.0, 0.0, 0.0, 0.0, 0.0, 0.0, 0.0, 0.0, 0.0, 0.0, 0.0, 0.0, 0.0, 0.0, 0.0, 0.0, 0.0, 0.0, 0.0, -1.0, 0.0, 0.0, 0.0, 0.0, 0.0, 0.0, 0.0, 0.0, 0.0, 0.0, 0.0, 0.0, 0.0, 0.0, 0.0, 0.0, -1.0, 0.0, 0.0, 0.0, 0.0, 0.0, 0.0, 0.0, 0.0, 0.0, -1.0, 0.0, 0.0, 0.0, 0.0, 0.0, 0.0, 0.0, 0.0, 0.0, 0.0, 0.0, 0.0, -1.0, 0.0, 0.0, 0.0, 0.0, 0.0, 0.0, 0.0, 0.0, 0.0, 0.0, 0.0, 0.0, 0.0, 0.0, 0.0, 0.0, 0.0, 0.0, 0.0, 0.0, 0.0, 0.0, 0.0, 0.0, 0.0, 0.0, 0.0, 0.0, 0.0, 0.0, 0.0, 0.0, 0.0, 0.0, -1.0, 0.0, 0.0, 0.0, 0.0, 0.0, -1.0, 0.0, 0.0, 0.0, 0.0, 0.0, 0.0, 0.0, 0.0, 0.0, -1.0, 0.0, 0.0, 0.0, -1.0, 0.0, 0.0, 0.0, 0.0, 0.0, 0.0, -1.0, 0.0, 0.0, 0.0, 0.0, -1.0, 0.0, 0.0, 0.0, 0.0, 0.0, 0.0, 0.0, 0.0, 0.0, 0.0, 0.0, 0.0, 0.0, 0.0, 0.0, 0.0, 0.0, 0.0, 0.0, 0.0, 0.0, 0.0, 0.0, 0.0, 0.0, 0.0, 0.0, -1.0, 0.0, 0.0, 0.0, 0.0, 0.0, 0.0, 0.0, 0.0, 0.0, 0.0, 0.0, 0.0, 0.0, 0.0, 0.0, 0.0, 0.0, 0.0, 0.0, 0.0, 0.0, 0.0, 0.0, 0.0, 0.0, 0.0, 0.0, 0.0, 0.0, 0.0, 0.0, 0.0, 0.0, 0.0, 0.0, 0.0, 0.0, -1.0, 0.0, 0.0, 0.0, 0.0, 0.0, 0.0, 0.0, 0.0, 0.0, 0.0, 0.0, 0.0, 0.0, 0.0, -1.0, 0.0, 0.0, -1.0, 0.0, 0.0, 0.0, 0.0, 0.0, -1.0, 0.0, 0.0, 0.0, 0.0, -1.0, 0.0, 0.0, 0.0, 0.0, 0.0, 0.0, 0.0, 0.0, 0.0, 0.0, 0.0, 0.0, 0.0, 0.0, 0.0, 0.0, 0.0, 0.0, -1.0, 0.0, 0.0, 0.0, 0.0, 0.0, 0.0, 0.0, 0.0, 0.0, 0.0, -1.0, 0.0, 0.0, 0.0, 0.0, 0.0, 0.0, 0.0, 0.0, 0.0, 0.0, 0.0, 0.0, 0.0, 0.0, 0.0, 0.0, 0.0, 0.0, 0.0, 0.0, 0.0, 0.0, 0.0, 0.0, 0.0, -1.0, 0.0, 0.0, 0.0, 0.0, 0.0, 0.0, 0.0, 0.0, 0.0, 0.0, 0.0, 0.0, 0.0, 0.0, 0.0, 0.0, 0.0, 0.0, 0.0, 0.0, 0.0, 0.0, 0.0, 0.0, 0.0, 0.0, 0.0, 0.0, 0.0, 0.0, 0.0, 0.0, 0.0, 0.0, 0.0, -1.0, 0.0, 0.0, 0.0, 0.0, 0.0, -1.0, 0.0, 0.0, 0.0, 0.0, 0.0, 0.0, 0.0, 0.0, 0.0, 0.0, -1.0, -1.0, 0.0, 0.0, 0.0, 0.0, 0.0, 0.0, 0.0, 0.0, 0.0, 0.0, 0.0, 0.0, -1.0, 0.0, 0.0, 0.0, 0.0, -1.0, 0.0, 0.0, 0.0, 0.0, -1.0, 0.0, 0.0, 0.0, 0.0, 0.0, -1.0, 0.0, 0.0, 0.0, 0.0, -1.0, 0.0, 0.0, 0.0, 0.0, 0.0, 0.0, 0.0, 0.0, 0.0, 0.0, 0.0, 0.0, 0.0, 0.0, 0.0, 0.0, 0.0, 0.0, 0.0, 0.0, 0.0, 0.0, 0.0, 0.0, 0.0, 0.0, 0.0, 0.0, 0.0, 0.0, 0.0, 0.0, 0.0, 0.0, 0.0, 0.0, 0.0, 0.0, 0.0, 0.0, 0.0, 0.0, 0.0, 0.0, 0.0, 0.0, 0.0, 0.0, 0.0, 0.0, 0.0, 0.0, -1.0, -1.0, 0.0, 0.0, 0.0, 0.0, 0.0, 0.0, 0.0, 0.0, 0.0, 0.0, 0.0, 0.0, 0.0, 0.0, 0.0, 0.0, 0.0, 0.0, 0.0, 0.0, 0.0, 0.0, 0.0, 0.0, 0.0, 0.0, 0.0, 0.0, 0.0, 0.0, 0.0, 0.0, 0.0, 0.0, 0.0, 0.0, 0.0, 0.0, 0.0, 0.0, 0.0, 0.0, 0.0, 0.0, 0.0, -1.0, -1.0, 0.0, 0.0, 0.0, 0.0, 0.0, -1.0, 0.0, 0.0, -1.0, 0.0, -1.0, 0.0, 0.0, 0.0, -1.0, 0.0, 0.0, 0.0, 0.0, 0.0, 0.0, 0.0 ]),(82,Array S Seq (Sz1 1000)
  [ Infinity, Infinity, Infinity, Infinity, Infinity, Infinity, Infinity, Infinity, Infinity, Infinity, Infinity, Infinity, Infinity, Infinity, Infinity, Infinity, Infinity, Infinity, -1.0, Infinity, Infinity, Infinity, -1.0, Infinity, Infinity, Infinity, Infinity, Infinity, Infinity, Infinity, Infinity, Infinity, Infinity, Infinity, Infinity, Infinity, Infinity, Infinity, Infinity, Infinity, Infinity, Infinity, Infinity, Infinity, Infinity, Infinity, Infinity, Infinity, Infinity, Infinity, Infinity, Infinity, Infinity, Infinity, Infinity, Infinity, Infinity, Infinity, Infinity, Infinity, Infinity, Infinity, Infinity, Infinity, -1.0, Infinity, Infinity, Infinity, Infinity, Infinity, Infinity, Infinity, Infinity, Infinity, Infinity, Infinity, Infinity, Infinity, Infinity, Infinity, Infinity, Infinity, Infinity, Infinity, Infinity, Infinity, -1.0, Infinity, Infinity, Infinity, Infinity, Infinity, Infinity, Infinity, Infinity, Infinity, Infinity, Infinity, Infinity, Infinity, Infinity, Infinity, Infinity, Infinity, Infinity, Infinity, Infinity, Infinity, Infinity, Infinity, Infinity, Infinity, Infinity, Infinity, Infinity, Infinity, Infinity, Infinity, Infinity, Infinity, Infinity, -1.0, Infinity, Infinity, Infinity, Infinity, Infinity, Infinity, Infinity, Infinity, Infinity, Infinity, Infinity, Infinity, Infinity, Infinity, Infinity, Infinity, Infinity, Infinity, Infinity, Infinity, Infinity, Infinity, Infinity, Infinity, Infinity, Infinity, Infinity, Infinity, Infinity, Infinity, Infinity, Infinity, Infinity, Infinity, Infinity, Infinity, Infinity, Infinity, Infinity, Infinity, Infinity, Infinity, Infinity, Infinity, Infinity, Infinity, Infinity, Infinity, Infinity, Infinity, Infinity, Infinity, Infinity, Infinity, Infinity, Infinity, Infinity, Infinity, Infinity, Infinity, Infinity, Infinity, Infinity, Infinity, Infinity, Infinity, Infinity, Infinity, Infinity, Infinity, Infinity, Infinity, Infinity, Infinity, Infinity, Infinity, Infinity, Infinity, Infinity, Infinity, Infinity, Infinity, Infinity, Infinity, Infinity, Infinity, Infinity, Infinity, Infinity, Infinity, Infinity, Infinity, Infinity, Infinity, Infinity, Infinity, Infinity, Infinity, Infinity, Infinity, Infinity, Infinity, Infinity, Infinity, Infinity, Infinity, Infinity, Infinity, Infinity, Infinity, Infinity, Infinity, Infinity, Infinity, Infinity, Infinity, Infinity, -1.0, -1.0, Infinity, Infinity, Infinity, Infinity, Infinity, Infinity, Infinity, Infinity, Infinity, Infinity, Infinity, Infinity, Infinity, Infinity, Infinity, Infinity, Infinity, Infinity, Infinity, Infinity, Infinity, Infinity, -1.0, Infinity, Infinity, Infinity, Infinity, Infinity, Infinity, Infinity, Infinity, Infinity, Infinity, Infinity, Infinity, Infinity, Infinity, Infinity, Infinity, Infinity, Infinity, Infinity, Infinity, Infinity, Infinity, Infinity, Infinity, Infinity, Infinity, Infinity, Infinity, Infinity, Infinity, Infinity, Infinity, Infinity, Infinity, Infinity, Infinity, Infinity, Infinity, Infinity, Infinity, Infinity, Infinity, Infinity, Infinity, Infinity, Infinity, Infinity, Infinity, Infinity, Infinity, Infinity, Infinity, Infinity, Infinity, Infinity, Infinity, Infinity, Infinity, Infinity, Infinity, Infinity, Infinity, Infinity, Infinity, Infinity, Infinity, Infinity, Infinity, Infinity, Infinity, Infinity, Infinity, Infinity, Infinity, Infinity, Infinity, Infinity, Infinity, Infinity, Infinity, Infinity, Infinity, Infinity, Infinity, Infinity, Infinity, Infinity, Infinity, Infinity, Infinity, Infinity, Infinity, Infinity, Infinity, Infinity, Infinity, Infinity, Infinity, Infinity, Infinity, -1.0, Infinity, Infinity, Infinity, Infinity, Infinity, Infinity, Infinity, Infinity, -1.0, Infinity, Infinity, Infinity, Infinity, -1.0, Infinity, -1.0, Infinity, Infinity, Infinity, Infinity, Infinity, Infinity, Infinity, Infinity, Infinity, Infinity, Infinity, Infinity, Infinity, Infinity, Infinity, Infinity, Infinity, Infinity, Infinity, Infinity, Infinity, Infinity, Infinity, Infinity, Infinity, Infinity, Infinity, Infinity, Infinity, Infinity, Infinity, Infinity, Infinity, Infinity, Infinity, Infinity, Infinity, Infinity, Infinity, Infinity, Infinity, Infinity, Infinity, Infinity, Infinity, Infinity, Infinity, Infinity, Infinity, Infinity, Infinity, Infinity, Infinity, Infinity, Infinity, Infinity, Infinity, Infinity, Infinity, Infinity, Infinity, Infinity, Infinity, Infinity, Infinity, Infinity, Infinity, -1.0, -1.0, Infinity, -1.0, -1.0, Infinity, Infinity, Infinity, Infinity, Infinity, Infinity, Infinity, Infinity, Infinity, Infinity, Infinity, Infinity, -1.0, Infinity, Infinity, Infinity, Infinity, Infinity, Infinity, Infinity, Infinity, Infinity, Infinity, Infinity, Infinity, Infinity, Infinity, Infinity, Infinity, Infinity, Infinity, -1.0, Infinity, -1.0, Infinity, Infinity, Infinity, Infinity, Infinity, Infinity, Infinity, Infinity, Infinity, Infinity, Infinity, Infinity, Infinity, Infinity, Infinity, Infinity, Infinity, Infinity, Infinity, Infinity, Infinity, Infinity, Infinity, Infinity, Infinity, Infinity, Infinity, Infinity, Infinity, Infinity, Infinity, Infinity, Infinity, Infinity, Infinity, Infinity, Infinity, Infinity, Infinity, Infinity, Infinity, Infinity, Infinity, -1.0, Infinity, Infinity, Infinity, Infinity, Infinity, Infinity, Infinity, Infinity, Infinity, Infinity, Infinity, Infinity, Infinity, Infinity, Infinity, Infinity, -1.0, Infinity, Infinity, Infinity, Infinity, Infinity, Infinity, Infinity, Infinity, Infinity, -1.0, Infinity, Infinity, Infinity, Infinity, Infinity, Infinity, Infinity, Infinity, Infinity, Infinity, Infinity, Infinity, -1.0, Infinity, Infinity, Infinity, Infinity, Infinity, Infinity, Infinity, Infinity, Infinity, Infinity, Infinity, Infinity, Infinity, Infinity, Infinity, Infinity, Infinity, Infinity, Infinity, Infinity, Infinity, Infinity, Infinity, Infinity, Infinity, Infinity, Infinity, Infinity, Infinity, Infinity, Infinity, Infinity, Infinity, Infinity, -1.0, Infinity, Infinity, Infinity, Infinity, Infinity, -1.0, Infinity, Infinity, Infinity, Infinity, Infinity, Infinity, Infinity, Infinity, Infinity, -1.0, Infinity, Infinity, Infinity, -1.0, Infinity, Infinity, Infinity, Infinity, Infinity, Infinity, -1.0, Infinity, Infinity, Infinity, Infinity, -1.0, Infinity, Infinity, Infinity, Infinity, Infinity, Infinity, Infinity, Infinity, Infinity, Infinity, Infinity, Infinity, Infinity, Infinity, Infinity, Infinity, Infinity, Infinity, Infinity, Infinity, Infinity, Infinity, Infinity, Infinity, Infinity, Infinity, Infinity, -1.0, Infinity, Infinity, Infinity, Infinity, Infinity, Infinity, Infinity, Infinity, Infinity, Infinity, Infinity, Infinity, Infinity, Infinity, Infinity, Infinity, Infinity, Infinity, Infinity, Infinity, Infinity, Infinity, Infinity, Infinity, Infinity, Infinity, Infinity, Infinity, Infinity, Infinity, Infinity, Infinity, Infinity, Infinity, Infinity, Infinity, Infinity, -1.0, Infinity, Infinity, Infinity, Infinity, Infinity, Infinity, Infinity, Infinity, Infinity, Infinity, Infinity, Infinity, Infinity, Infinity, -1.0, Infinity, Infinity, -1.0, Infinity, Infinity, Infinity, Infinity, Infinity, -1.0, Infinity, Infinity, Infinity, Infinity, -1.0, Infinity, Infinity, Infinity, Infinity, Infinity, Infinity, Infinity, Infinity, Infinity, Infinity, Infinity, Infinity, Infinity, Infinity, Infinity, Infinity, Infinity, Infinity, -1.0, Infinity, Infinity, Infinity, Infinity, Infinity, Infinity, Infinity, Infinity, Infinity, Infinity, -1.0, Infinity, Infinity, Infinity, Infinity, Infinity, Infinity, Infinity, Infinity, Infinity, Infinity, Infinity, Infinity, Infinity, Infinity, Infinity, Infinity, Infinity, Infinity, Infinity, Infinity, Infinity, Infinity, Infinity, Infinity, Infinity, -1.0, Infinity, Infinity, Infinity, Infinity, Infinity, Infinity, Infinity, Infinity, Infinity, Infinity, Infinity, Infinity, Infinity, Infinity, Infinity, Infinity, Infinity, Infinity, Infinity, Infinity, Infinity, Infinity, Infinity, Infinity, Infinity, Infinity, Infinity, Infinity, Infinity, Infinity, Infinity, Infinity, Infinity, Infinity, Infinity, -1.0, Infinity, Infinity, Infinity, Infinity, Infinity, -1.0, Infinity, Infinity, Infinity, Infinity, Infinity, Infinity, Infinity, Infinity, Infinity, Infinity, -1.0, -1.0, Infinity, Infinity, Infinity, Infinity, Infinity, Infinity, Infinity, Infinity, Infinity, Infinity, Infinity, Infinity, -1.0, Infinity, Infinity, Infinity, Infinity, -1.0, Infinity, Infinity, Infinity, Infinity, -1.0, Infinity, Infinity, Infinity, Infinity, Infinity, -1.0, Infinity, Infinity, Infinity, Infinity, -1.0, Infinity, Infinity, Infinity, Infinity, Infinity, Infinity, Infinity, Infinity, Infinity, Infinity, Infinity, Infinity, Infinity, Infinity, Infinity, Infinity, Infinity, Infinity, Infinity, Infinity, Infinity, Infinity, Infinity, Infinity, Infinity, Infinity, Infinity, Infinity, Infinity, Infinity, Infinity, Infinity, Infinity, Infinity, Infinity, Infinity, Infinity, Infinity, Infinity, Infinity, Infinity, Infinity, Infinity, Infinity, Infinity, Infinity, Infinity, Infinity, Infinity, Infinity, Infinity, Infinity, -1.0, -1.0, Infinity, Infinity, Infinity, Infinity, Infinity, Infinity, Infinity, Infinity, Infinity, Infinity, Infinity, Infinity, Infinity, Infinity, Infinity, Infinity, Infinity, Infinity, Infinity, Infinity, Infinity, Infinity, Infinity, Infinity, Infinity, Infinity, Infinity, Infinity, Infinity, Infinity, Infinity, Infinity, Infinity, Infinity, Infinity, Infinity, Infinity, Infinity, Infinity, Infinity, Infinity, Infinity, Infinity, Infinity, Infinity, -1.0, -1.0, Infinity, Infinity, Infinity, Infinity, Infinity, -1.0, Infinity, Infinity, -1.0, Infinity, -1.0, Infinity, Infinity, Infinity, -1.0, Infinity, Infinity, Infinity, Infinity, Infinity, Infinity, Infinity ]),(97,Array S Seq (Sz1 1000)
  [ 0.0, 0.0, 2.0, 0.0, 0.0, 0.0, 0.0, 0.0, 0.0, 2.0, 0.0, 0.0, 0.0, 0.0, 0.0, 0.0, 0.0, 0.0, 0.0, 0.0, 0.0, 0.0, 0.0, 0.0, 0.0, 0.0, 0.0, 0.0, 0.0, 0.0, 0.0, 0.0, 0.0, 0.0, 0.0, 0.0, 0.0, 0.0, 0.0, 0.0, 0.0, 0.0, 0.0, 0.0, 0.0, 0.0, 0.0, 0.0, 0.0, 0.0, 0.0, 0.0, 0.0, 0.0, 0.0, 0.0, 3.0, 3.0, 0.0, 0.0, 0.0, 3.0, 0.0, 0.0, 0.0, 0.0, 0.0, 0.0, 0.0, 0.0, 0.0, 0.0, 1.0, 0.0, 0.0, 0.0, 0.0, 0.0, 0.0, 0.0, 0.0, 0.0, 0.0, 0.0, 0.0, 0.0, 0.0, 0.0, 0.0, 0.0, 0.0, 0.0, 0.0, 0.0, 9.0, 0.0, 0.0, 0.0, 0.0, 0.0, 0.0, 0.0, 0.0, 0.0, 0.0, 0.0, 4.0, 0.0, 0.0, 0.0, 0.0, 0.0, 0.0, 0.0, 0.0, 0.0, 0.0, 0.0, 0.0, 0.0, 2.0, 0.0, 0.0, 0.0, 0.0, 0.0, 0.0, 0.0, 0.0, 0.0, 0.0, 0.0, 0.0, 0.0, 0.0, 0.0, 0.0, 0.0, 0.0, 0.0, 0.0, 0.0, 0.0, 0.0, 15.0, 0.0, 2.0, 0.0, 0.0, 0.0, 0.0, 0.0, 0.0, 0.0, 0.0, 0.0, 0.0, 0.0, 0.0, 0.0, 4.0, 0.0, 0.0, 0.0, 0.0, 0.0, 0.0, 0.0, 0.0, 3.0, 0.0, 0.0, 0.0, 0.0, 0.0, 0.0, 0.0, 0.0, 0.0, 0.0, 0.0, 0.0, 0.0, 0.0, 0.0, 0.0, 0.0, 0.0, 0.0, 0.0, 0.0, 0.0, 0.0, 0.0, 0.0, 0.0, 0.0, 0.0, 0.0, 0.0, 2.0, 0.0, 0.0, 0.0, 6.0, 0.0, 0.0, 0.0, 0.0, 0.0, 0.0, 0.0, 0.0, 0.0, 0.0, 0.0, 3.0, 0.0, 0.0, 0.0, 0.0, 0.0, 0.0, 0.0, 0.0, 2.0, 0.0, 0.0, 0.0, 0.0, 0.0, 0.0, 0.0, 0.0, 0.0, 0.0, 0.0, 1.0, 0.0, 0.0, 0.0, 0.0, 0.0, 0.0, 0.0, 0.0, 0.0, 0.0, 0.0, 0.0, 0.0, 0.0, 0.0, 3.0, 0.0, 0.0, 0.0, 0.0, 0.0, 0.0, 0.0, 0.0, 0.0, 0.0, 0.0, 0.0, 4.0, 0.0, 0.0, 0.0, 0.0, 0.0, 0.0, 0.0, 0.0, 5.0, 0.0, 0.0, 0.0, 0.0, 0.0, 0.0, 0.0, 0.0, 0.0, 0.0, 0.0, 0.0, 0.0, 0.0, 0.0, 0.0, 0.0, 0.0, 0.0, 0.0, 0.0, 0.0, 0.0, 0.0, 0.0, 0.0, 0.0, 0.0, 0.0, 0.0, 0.0, 0.0, 0.0, 0.0, 2.0, 0.0, 0.0, 0.0, 0.0, 0.0, 0.0, 0.0, 0.0, 0.0, 0.0, 0.0, 0.0, 0.0, 0.0, 0.0, 0.0, 0.0, 0.0, 1.0, 0.0, 0.0, 0.0, 0.0, 0.0, 0.0, 0.0, 0.0, 0.0, 0.0, 0.0, 0.0, 4.0, 0.0, 0.0, 0.0, 0.0, 0.0, 2.0, 3.0, 0.0, 3.0, 0.0, 2.0, 0.0, 0.0, 0.0, 0.0, 0.0, 9.0, 0.0, 0.0, 0.0, 0.0, 0.0, 0.0, 0.0, 0.0, 0.0, 0.0, 0.0, 0.0, 3.0, 0.0, 0.0, 0.0, 0.0, 0.0, 0.0, 0.0, 0.0, 3.0, 0.0, 0.0, 0.0, 4.0, 0.0, 0.0, 0.0, 0.0, 0.0, 0.0, 0.0, 0.0, 0.0, 0.0, 0.0, 0.0, 0.0, 0.0, 0.0, 6.0, 0.0, 0.0, 0.0, 0.0, 0.0, 0.0, 0.0, 0.0, 0.0, 0.0, 0.0, 0.0, 0.0, 0.0, 0.0, 0.0, 0.0, 1.0, 0.0, 0.0, 0.0, 0.0, 0.0, 0.0, 0.0, 0.0, 0.0, 0.0, 0.0, 0.0, 0.0, 0.0, 0.0, 0.0, 0.0, 0.0, 0.0, 0.0, 0.0, 0.0, 0.0, 3.0, 0.0, 0.0, 0.0, 0.0, 0.0, 0.0, 0.0, 0.0, 0.0, 0.0, 0.0, 0.0, 0.0, 0.0, 0.0, 0.0, 0.0, 0.0, 6.0, 0.0, 0.0, 0.0, 3.0, 0.0, 0.0, 0.0, 0.0, 0.0, 0.0, 0.0, 0.0, 2.0, 0.0, 0.0, 0.0, 0.0, 0.0, 0.0, 0.0, 0.0, 0.0, 0.0, 0.0, 0.0, 0.0, 0.0, 4.0, 0.0, 0.0, 0.0, 0.0, 0.0, 0.0, 0.0, 0.0, 2.0, 3.0, 0.0, 0.0, 0.0, 0.0, 0.0, 0.0, 0.0, 0.0, 0.0, 0.0, 0.0, 0.0, 0.0, 0.0, 0.0, 0.0, 0.0, 0.0, 0.0, 0.0, 0.0, 0.0, 0.0, 0.0, 0.0, 0.0, 0.0, 0.0, 0.0, 0.0, 3.0, 0.0, 0.0, 0.0, 0.0, 0.0, 0.0, 0.0, 0.0, 0.0, 4.0, 0.0, 0.0, 0.0, 0.0, 0.0, 0.0, 0.0, 0.0, 0.0, 0.0, 6.0, 0.0, 0.0, 0.0, 8.0, 0.0, 0.0, 0.0, 0.0, 0.0, 0.0, 0.0, 0.0, 0.0, 0.0, 9.0, 3.0, 0.0, 0.0, 0.0, 0.0, 0.0, 0.0, 0.0, 0.0, 0.0, 0.0, 0.0, 0.0, 0.0, 0.0, 0.0, 0.0, 0.0, 0.0, 0.0, 0.0, 0.0, 0.0, 0.0, 0.0, 0.0, 0.0, 0.0, 0.0, 0.0, 0.0, 0.0, 0.0, 0.0, 4.0, 0.0, 2.0, 0.0, 0.0, 0.0, 0.0, 0.0, 6.0, 0.0, 0.0, 3.0, 2.0, 0.0, 0.0, 0.0, 0.0, 0.0, 0.0, 0.0, 0.0, 0.0, 0.0, 0.0, 0.0, 0.0, 0.0, 0.0, 2.0, 0.0, 0.0, 0.0, 0.0, 0.0, 0.0, 0.0, 0.0, 0.0, 0.0, 0.0, 0.0, 2.0, 0.0, 0.0, 0.0, 0.0, 0.0, 0.0, 0.0, 0.0, 0.0, 0.0, 0.0, 0.0, 6.0, 0.0, 3.0, 0.0, 0.0, 0.0, 0.0, 0.0, 0.0, 0.0, 0.0, 1.0, 0.0, 0.0, 0.0, 0.0, 0.0, 0.0, 0.0, 0.0, 0.0, 0.0, 8.0, 0.0, 0.0, 0.0, 0.0, 0.0, 0.0, 0.0, 0.0, 0.0, 0.0, 0.0, 0.0, 0.0, 0.0, 0.0, 0.0, 0.0, 0.0, 0.0, 0.0, 0.0, 0.0, 0.0, 9.0, 0.0, 0.0, 0.0, 0.0, 0.0, 0.0, 0.0, 2.0, 0.0, 0.0, 0.0, 6.0, 0.0, 0.0, 3.0, 0.0, 0.0, 0.0, 0.0, 0.0, 0.0, 0.0, 0.0, 0.0, 0.0, 0.0, 0.0, 0.0, 0.0, 0.0, 0.0, 0.0, 0.0, 0.0, 0.0, 0.0, 0.0, 0.0, 0.0, 0.0, 0.0, 0.0, 0.0, 0.0, 0.0, 0.0, 0.0, 0.0, 0.0, 0.0, 0.0, 0.0, 0.0, 0.0, 0.0, 0.0, 0.0, 0.0, 0.0, 0.0, 0.0, 0.0, 0.0, 0.0, 0.0, 0.0, 0.0, 0.0, 0.0, 0.0, 0.0, 0.0, 0.0, 0.0, 0.0, 0.0, 0.0, 0.0, 0.0, 0.0, 0.0, 0.0, 0.0, 0.0, 0.0, 0.0, 0.0, 0.0, 0.0, 0.0, 0.0, 0.0, 0.0, 0.0, 0.0, 0.0, 0.0, 0.0, 0.0, 0.0, 3.0, 0.0, 0.0, 0.0, 2.0, 0.0, 0.0, 0.0, 0.0, 0.0, 0.0, 0.0, 3.0, 0.0, 10.0, 0.0, 0.0, 0.0, 0.0, 0.0, 0.0, 0.0, 0.0, 0.0, 0.0, 0.0, 0.0, 0.0, 0.0, 0.0, 0.0, 0.0, 0.0, 0.0, 2.0, 0.0, 0.0, 0.0, 0.0, 0.0, 0.0, 0.0, 0.0, 0.0, 0.0, 0.0, 0.0, 0.0, 0.0, 0.0, 0.0, 0.0, 0.0, 2.0, 0.0, 0.0, 0.0, 0.0, 0.0, 2.0, 0.0, 0.0, 0.0, 0.0, 0.0, 0.0, 0.0, 0.0, 0.0, 0.0, 0.0, 0.0, 0.0, 0.0, 0.0, 0.0, 0.0, 0.0, 0.0, 0.0, 0.0, 0.0, 0.0, 0.0, 0.0, 0.0, 0.0, 0.0, 0.0, 0.0, 0.0, 3.0, 0.0, 0.0, 0.0, 0.0, 0.0, 0.0, 0.0, 0.0, 0.0, 0.0, 0.0, 0.0, 0.0, 0.0, 0.0, 0.0, 0.0, 0.0, 0.0, 0.0, 0.0, 0.0, 0.0, 0.0, 0.0, 0.0, 0.0, 0.0, 0.0, 0.0, 0.0, 0.0, 0.0, 0.0, 0.0, 0.0, 0.0, 0.0, 0.0, 0.0, 0.0, 0.0, 0.0, 0.0, 0.0, 0.0, 0.0, 0.0, 3.0, 0.0, 0.0, 0.0, 0.0, 0.0, 0.0, 0.0, 0.0, 2.0, 0.0, 1.0, 0.0, 0.0, 0.0, 0.0, 0.0, 12.0, 0.0, 0.0, 0.0, 0.0, 0.0, 4.0, 0.0, 0.0, 0.0, 0.0, 0.0, 0.0, 0.0, 0.0, 0.0, 2.0, 0.0, 0.0, 0.0, 0.0, 0.0, 0.0, 0.0, 0.0, 0.0, 0.0, 0.0, 2.0, 0.0, 0.0, 0.0, 0.0, 0.0, 0.0, 0.0, 0.0, 0.0, 0.0, 0.0 ]),(99,Array S Seq (Sz1 1000)
  [ 1.0, 1.0, 1.0, 1.0, 1.0, 1.0, 1.0, 1.0, 1.0, 1.0, 1.0, 1.0, 1.0, 1.0, 1.0, 1.0, 1.0, 0.0, 1.0, 1.0, 0.0, 1.0, 1.0, 1.0, 1.0, 1.0, 1.0, 1.0, 1.0, 1.0, 1.0, 1.0, 0.0, 1.0, 1.0, 1.0, 1.0, 1.0, 1.0, 1.0, 0.0, 1.0, 1.0, 1.0, 1.0, 1.0, 1.0, 1.0, 1.0, 1.0, 1.0, 1.0, 1.0, 1.0, 1.0, 1.0, 1.0, 1.0, 1.0, 1.0, 1.0, 1.0, 1.0, 1.0, 1.0, 1.0, 1.0, 1.0, 1.0, 1.0, 1.0, 1.0, 1.0, 1.0, 1.0, 1.0, 1.0, 1.0, 0.0, 1.0, 1.0, 1.0, 1.0, 0.0, 1.0, 1.0, 1.0, 1.0, 1.0, 1.0, 1.0, 1.0, 1.0, 1.0, 1.0, 0.0, 1.0, 1.0, 1.0, 1.0, 1.0, 0.0, 1.0, 1.0, 1.0, 1.0, 1.0, 0.0, 0.0, 1.0, 1.0, 1.0, 1.0, 1.0, 1.0, 1.0, 1.0, 1.0, 1.0, 1.0, 1.0, 0.0, 1.0, 1.0, 1.0, 1.0, 1.0, 1.0, 1.0, 1.0, 1.0, 0.0, 0.0, 1.0, 1.0, 1.0, 1.0, 1.0, 1.0, 1.0, 1.0, 1.0, 1.0, 1.0, 0.0, 1.0, 0.0, 1.0, 1.0, 1.0, 1.0, 1.0, 1.0, 1.0, 0.0, 1.0, 1.0, 0.0, 0.0, 1.0, 1.0, 1.0, 1.0, 1.0, 1.0, 1.0, 1.0, 1.0, 1.0, 1.0, 1.0, 1.0, 0.0, 1.0, 1.0, 1.0, 1.0, 1.0, 1.0, 1.0, 1.0, 1.0, 1.0, 1.0, 1.0, 1.0, 1.0, 1.0, 0.0, 1.0, 1.0, 1.0, 1.0, 1.0, 1.0, 1.0, 1.0, 1.0, 1.0, 1.0, 1.0, 1.0, 1.0, 1.0, 0.0, 1.0, 0.0, 1.0, 1.0, 1.0, 0.0, 1.0, 0.0, 1.0, 0.0, 1.0, 1.0, 1.0, 1.0, 1.0, 1.0, 1.0, 1.0, 1.0, 1.0, 1.0, 1.0, 1.0, 1.0, 1.0, 1.0, 1.0, 1.0, 0.0, 1.0, 1.0, 1.0, 1.0, 1.0, 1.0, 1.0, 1.0, 1.0, 1.0, 1.0, 0.0, 1.0, 1.0, 1.0, 1.0, 1.0, 1.0, 1.0, 1.0, 1.0, 1.0, 1.0, 1.0, 1.0, 1.0, 1.0, 1.0, 1.0, 1.0, 1.0, 1.0, 0.0, 1.0, 1.0, 0.0, 1.0, 1.0, 1.0, 1.0, 1.0, 1.0, 1.0, 1.0, 1.0, 1.0, 1.0, 1.0, 1.0, 1.0, 1.0, 1.0, 1.0, 0.0, 1.0, 0.0, 1.0, 1.0, 1.0, 1.0, 0.0, 1.0, 1.0, 1.0, 1.0, 1.0, 0.0, 1.0, 1.0, 1.0, 1.0, 1.0, 1.0, 1.0, 1.0, 1.0, 1.0, 1.0, 1.0, 1.0, 0.0, 1.0, 0.0, 1.0, 1.0, 1.0, 1.0, 1.0, 1.0, 1.0, 1.0, 1.0, 0.0, 1.0, 1.0, 1.0, 1.0, 1.0, 1.0, 1.0, 0.0, 1.0, 1.0, 1.0, 1.0, 1.0, 1.0, 1.0, 1.0, 1.0, 1.0, 0.0, 1.0, 1.0, 1.0, 1.0, 1.0, 1.0, 1.0, 0.0, 0.0, 1.0, 0.0, 1.0, 1.0, 1.0, 1.0, 1.0, 1.0, 1.0, 1.0, 1.0, 1.0, 1.0, 1.0, 1.0, 0.0, 1.0, 1.0, 1.0, 1.0, 0.0, 1.0, 1.0, 1.0, 1.0, 1.0, 1.0, 0.0, 1.0, 1.0, 1.0, 1.0, 1.0, 1.0, 1.0, 1.0, 1.0, 1.0, 1.0, 1.0, 1.0, 1.0, 1.0, 1.0, 1.0, 0.0, 1.0, 1.0, 1.0, 1.0, 1.0, 1.0, 1.0, 1.0, 1.0, 1.0, 1.0, 1.0, 1.0, 1.0, 1.0, 1.0, 1.0, 0.0, 1.0, 1.0, 1.0, 1.0, 1.0, 1.0, 1.0, 0.0, 1.0, 0.0, 1.0, 1.0, 0.0, 1.0, 1.0, 1.0, 1.0, 1.0, 1.0, 1.0, 0.0, 1.0, 1.0, 1.0, 1.0, 1.0, 1.0, 1.0, 1.0, 0.0, 1.0, 1.0, 1.0, 1.0, 1.0, 1.0, 1.0, 1.0, 1.0, 1.0, 1.0, 1.0, 1.0, 1.0, 1.0, 1.0, 1.0, 1.0, 1.0, 1.0, 0.0, 1.0, 1.0, 1.0, 0.0, 1.0, 0.0, 1.0, 1.0, 1.0, 1.0, 1.0, 1.0, 1.0, 1.0, 1.0, 0.0, 1.0, 1.0, 0.0, 1.0, 1.0, 1.0, 0.0, 0.0, 1.0, 1.0, 1.0, 1.0, 1.0, 1.0, 1.0, 1.0, 0.0, 0.0, 1.0, 1.0, 1.0, 1.0, 1.0, 1.0, 1.0, 1.0, 1.0, 1.0, 1.0, 1.0, 1.0, 1.0, 1.0, 1.0, 1.0, 1.0, 1.0, 1.0, 1.0, 1.0, 1.0, 1.0, 1.0, 1.0, 1.0, 1.0, 1.0, 1.0, 1.0, 1.0, 1.0, 1.0, 1.0, 1.0, 1.0, 0.0, 1.0, 1.0, 1.0, 1.0, 1.0, 1.0, 1.0, 1.0, 1.0, 1.0, 1.0, 1.0, 1.0, 1.0, 1.0, 1.0, 1.0, 1.0, 1.0, 1.0, 1.0, 1.0, 0.0, 1.0, 1.0, 1.0, 1.0, 1.0, 1.0, 1.0, 1.0, 1.0, 1.0, 0.0, 1.0, 1.0, 1.0, 0.0, 1.0, 0.0, 1.0, 1.0, 1.0, 1.0, 1.0, 1.0, 1.0, 1.0, 1.0, 1.0, 1.0, 1.0, 1.0, 1.0, 1.0, 0.0, 1.0, 1.0, 0.0, 1.0, 1.0, 1.0, 1.0, 1.0, 1.0, 1.0, 0.0, 0.0, 1.0, 1.0, 1.0, 1.0, 1.0, 1.0, 1.0, 1.0, 1.0, 1.0, 0.0, 1.0, 1.0, 1.0, 1.0, 0.0, 1.0, 0.0, 1.0, 1.0, 1.0, 1.0, 1.0, 1.0, 1.0, 1.0, 1.0, 0.0, 0.0, 1.0, 1.0, 1.0, 1.0, 1.0, 1.0, 1.0, 1.0, 0.0, 1.0, 0.0, 1.0, 1.0, 1.0, 1.0, 1.0, 0.0, 1.0, 0.0, 1.0, 1.0, 0.0, 1.0, 1.0, 1.0, 1.0, 1.0, 1.0, 1.0, 1.0, 1.0, 1.0, 1.0, 0.0, 1.0, 1.0, 1.0, 1.0, 1.0, 1.0, 0.0, 1.0, 1.0, 1.0, 1.0, 1.0, 1.0, 1.0, 1.0, 0.0, 1.0, 1.0, 0.0, 1.0, 1.0, 1.0, 0.0, 1.0, 1.0, 1.0, 1.0, 1.0, 1.0, 0.0, 1.0, 1.0, 1.0, 0.0, 1.0, 0.0, 0.0, 0.0, 1.0, 1.0, 1.0, 1.0, 0.0, 1.0, 1.0, 1.0, 1.0, 1.0, 1.0, 1.0, 1.0, 1.0, 1.0, 1.0, 0.0, 1.0, 1.0, 1.0, 1.0, 0.0, 0.0, 1.0, 1.0, 1.0, 1.0, 1.0, 1.0, 1.0, 1.0, 1.0, 1.0, 1.0, 1.0, 0.0, 1.0, 1.0, 1.0, 1.0, 1.0, 1.0, 1.0, 1.0, 1.0, 1.0, 1.0, 1.0, 1.0, 1.0, 1.0, 1.0, 1.0, 1.0, 1.0, 1.0, 1.0, 1.0, 1.0, 1.0, 0.0, 1.0, 1.0, 1.0, 1.0, 1.0, 1.0, 1.0, 1.0, 1.0, 1.0, 1.0, 1.0, 1.0, 1.0, 1.0, 1.0, 1.0, 1.0, 1.0, 1.0, 1.0, 1.0, 1.0, 1.0, 0.0, 1.0, 1.0, 1.0, 1.0, 1.0, 1.0, 1.0, 1.0, 1.0, 1.0, 1.0, 1.0, 1.0, 1.0, 1.0, 1.0, 1.0, 1.0, 1.0, 1.0, 1.0, 1.0, 1.0, 1.0, 0.0, 1.0, 1.0, 1.0, 1.0, 1.0, 1.0, 1.0, 0.0, 1.0, 0.0, 1.0, 1.0, 1.0, 1.0, 1.0, 0.0, 1.0, 1.0, 1.0, 1.0, 1.0, 1.0, 1.0, 1.0, 1.0, 1.0, 0.0, 1.0, 1.0, 1.0, 1.0, 1.0, 1.0, 1.0, 1.0, 1.0, 1.0, 1.0, 0.0, 1.0, 1.0, 0.0, 0.0, 1.0, 1.0, 1.0, 1.0, 1.0, 1.0, 1.0, 1.0, 0.0, 1.0, 0.0, 1.0, 1.0, 1.0, 1.0, 0.0, 1.0, 1.0, 1.0, 1.0, 1.0, 1.0, 1.0, 1.0, 1.0, 1.0, 1.0, 1.0, 1.0, 1.0, 1.0, 0.0, 1.0, 1.0, 1.0, 0.0, 1.0, 0.0, 1.0, 1.0, 1.0, 1.0, 0.0, 1.0, 1.0, 0.0, 1.0, 1.0, 1.0, 1.0, 1.0, 1.0, 1.0, 0.0, 1.0, 0.0, 1.0, 1.0, 1.0, 1.0, 1.0, 1.0, 0.0, 1.0, 0.0, 0.0, 1.0, 1.0, 1.0, 1.0, 1.0, 1.0, 1.0, 1.0, 1.0, 1.0, 1.0, 1.0, 1.0, 1.0, 1.0, 1.0, 1.0, 1.0, 1.0, 1.0, 1.0, 1.0, 1.0, 0.0, 1.0, 1.0, 1.0, 0.0, 1.0, 1.0, 1.0, 1.0, 1.0, 0.0, 1.0, 1.0, 1.0, 1.0, 1.0, 1.0, 1.0, 1.0, 1.0, 1.0, 1.0, 1.0, 1.0, 1.0, 1.0, 1.0, 1.0, 1.0, 1.0, 1.0, 1.0, 0.0, 1.0, 1.0, 1.0, 1.0, 1.0, 1.0, 1.0, 1.0, 1.0, 1.0, 1.0, 1.0, 1.0 ]),(103,Array S Seq (Sz1 1000)
  [ 0.0, 0.0, 0.0, 0.0, 0.0, 1.0, 1.0, 1.0, 1.0, 1.0, 0.0, 0.0, 0.0, 1.0, 1.0, 0.0, 0.0, 1.0, 0.0, 1.0, 0.0, 0.0, 0.0, 1.0, 0.0, 0.0, 0.0, 0.0, 1.0, 0.0, 1.0, 1.0, 0.0, 0.0, 1.0, 0.0, 1.0, 1.0, 1.0, 0.0, 1.0, 1.0, 0.0, 0.0, 0.0, 1.0, 0.0, 0.0, 0.0, 0.0, 1.0, 1.0, 1.0, 1.0, 0.0, 0.0, 0.0, 0.0, 0.0, 1.0, 0.0, 1.0, 0.0, 0.0, 1.0, 0.0, 0.0, 0.0, 1.0, 0.0, 0.0, 0.0, 1.0, 1.0, 1.0, 1.0, 0.0, 0.0, 1.0, 0.0, 1.0, 0.0, 1.0, 0.0, 0.0, 0.0, 0.0, 1.0, 0.0, 0.0, 1.0, 1.0, 1.0, 0.0, 1.0, 1.0, 0.0, 1.0, 0.0, 0.0, 1.0, 0.0, 1.0, 0.0, 0.0, 1.0, 1.0, 0.0, 1.0, 0.0, 1.0, 1.0, 1.0, 1.0, 1.0, 1.0, 0.0, 0.0, 0.0, 0.0, 0.0, 0.0, 1.0, 0.0, 0.0, 1.0, 1.0, 0.0, 0.0, 1.0, 1.0, 0.0, 1.0, 0.0, 1.0, 0.0, 0.0, 1.0, 0.0, 1.0, 0.0, 0.0, 1.0, 0.0, 0.0, 1.0, 0.0, 1.0, 0.0, 0.0, 1.0, 1.0, 1.0, 0.0, 1.0, 0.0, 1.0, 0.0, 1.0, 1.0, 1.0, 1.0, 1.0, 1.0, 0.0, 1.0, 1.0, 0.0, 0.0, 1.0, 0.0, 0.0, 0.0, 0.0, 0.0, 0.0, 0.0, 1.0, 0.0, 1.0, 1.0, 1.0, 0.0, 0.0, 1.0, 0.0, 0.0, 0.0, 1.0, 0.0, 1.0, 1.0, 0.0, 0.0, 0.0, 1.0, 0.0, 1.0, 1.0, 1.0, 1.0, 0.0, 0.0, 0.0, 0.0, 0.0, 0.0, 0.0, 1.0, 0.0, 0.0, 0.0, 0.0, 0.0, 0.0, 0.0, 1.0, 1.0, 1.0, 0.0, 0.0, 0.0, 0.0, 0.0, 1.0, 1.0, 1.0, 1.0, 0.0, 1.0, 0.0, 1.0, 0.0, 1.0, 1.0, 1.0, 0.0, 0.0, 1.0, 1.0, 0.0, 0.0, 1.0, 0.0, 1.0, 1.0, 1.0, 1.0, 1.0, 0.0, 0.0, 1.0, 0.0, 0.0, 1.0, 1.0, 0.0, 0.0, 0.0, 1.0, 0.0, 0.0, 1.0, 0.0, 1.0, 1.0, 1.0, 0.0, 1.0, 0.0, 1.0, 1.0, 1.0, 1.0, 1.0, 0.0, 0.0, 0.0, 1.0, 1.0, 1.0, 1.0, 1.0, 0.0, 0.0, 0.0, 1.0, 1.0, 0.0, 1.0, 1.0, 1.0, 0.0, 1.0, 0.0, 0.0, 1.0, 1.0, 0.0, 0.0, 1.0, 1.0, 1.0, 1.0, 1.0, 1.0, 1.0, 1.0, 1.0, 0.0, 1.0, 1.0, 0.0, 1.0, 1.0, 0.0, 1.0, 0.0, 0.0, 1.0, 0.0, 0.0, 1.0, 0.0, 0.0, 1.0, 0.0, 0.0, 0.0, 0.0, 0.0, 1.0, 0.0, 0.0, 1.0, 1.0, 1.0, 0.0, 1.0, 0.0, 0.0, 0.0, 0.0, 0.0, 1.0, 0.0, 1.0, 1.0, 0.0, 0.0, 0.0, 0.0, 0.0, 1.0, 0.0, 1.0, 0.0, 1.0, 1.0, 1.0, 1.0, 1.0, 1.0, 1.0, 1.0, 1.0, 0.0, 1.0, 0.0, 0.0, 1.0, 0.0, 0.0, 1.0, 0.0, 0.0, 1.0, 1.0, 0.0, 1.0, 1.0, 0.0, 1.0, 0.0, 0.0, 1.0, 1.0, 1.0, 1.0, 0.0, 1.0, 0.0, 1.0, 1.0, 0.0, 0.0, 1.0, 0.0, 0.0, 0.0, 0.0, 0.0, 0.0, 1.0, 0.0, 0.0, 1.0, 0.0, 1.0, 1.0, 1.0, 0.0, 1.0, 1.0, 1.0, 1.0, 1.0, 0.0, 0.0, 0.0, 0.0, 1.0, 0.0, 1.0, 0.0, 0.0, 0.0, 0.0, 1.0, 0.0, 0.0, 0.0, 0.0, 0.0, 0.0, 1.0, 1.0, 0.0, 0.0, 0.0, 0.0, 1.0, 0.0, 1.0, 0.0, 1.0, 1.0, 0.0, 0.0, 1.0, 0.0, 1.0, 1.0, 0.0, 1.0, 1.0, 1.0, 0.0, 0.0, 0.0, 1.0, 0.0, 0.0, 0.0, 0.0, 1.0, 1.0, 1.0, 1.0, 0.0, 1.0, 0.0, 1.0, 0.0, 1.0, 0.0, 1.0, 1.0, 1.0, 1.0, 0.0, 0.0, 1.0, 0.0, 1.0, 0.0, 0.0, 1.0, 0.0, 0.0, 0.0, 0.0, 1.0, 0.0, 1.0, 0.0, 0.0, 0.0, 1.0, 0.0, 1.0, 0.0, 1.0, 0.0, 1.0, 0.0, 0.0, 1.0, 1.0, 1.0, 1.0, 0.0, 1.0, 0.0, 1.0, 0.0, 1.0, 0.0, 1.0, 0.0, 1.0, 1.0, 1.0, 1.0, 1.0, 1.0, 0.0, 0.0, 0.0, 0.0, 1.0, 0.0, 1.0, 0.0, 1.0, 1.0, 1.0, 0.0, 0.0, 1.0, 0.0, 0.0, 0.0, 0.0, 1.0, 1.0, 0.0, 0.0, 1.0, 1.0, 1.0, 0.0, 0.0, 0.0, 1.0, 0.0, 0.0, 0.0, 1.0, 1.0, 0.0, 1.0, 0.0, 0.0, 0.0, 0.0, 1.0, 1.0, 1.0, 1.0, 0.0, 1.0, 0.0, 0.0, 0.0, 0.0, 1.0, 0.0, 0.0, 1.0, 0.0, 1.0, 1.0, 1.0, 0.0, 0.0, 1.0, 0.0, 0.0, 1.0, 0.0, 0.0, 1.0, 1.0, 0.0, 0.0, 0.0, 1.0, 0.0, 0.0, 0.0, 0.0, 1.0, 0.0, 0.0, 1.0, 0.0, 0.0, 0.0, 1.0, 0.0, 0.0, 1.0, 1.0, 1.0, 0.0, 1.0, 1.0, 0.0, 1.0, 0.0, 1.0, 0.0, 1.0, 1.0, 1.0, 1.0, 0.0, 0.0, 1.0, 0.0, 1.0, 0.0, 0.0, 1.0, 0.0, 1.0, 0.0, 0.0, 0.0, 0.0, 1.0, 1.0, 1.0, 0.0, 1.0, 0.0, 1.0, 1.0, 1.0, 0.0, 1.0, 0.0, 1.0, 0.0, 0.0, 1.0, 0.0, 1.0, 0.0, 1.0, 1.0, 1.0, 1.0, 1.0, 0.0, 0.0, 0.0, 1.0, 0.0, 1.0, 0.0, 0.0, 1.0, 0.0, 0.0, 1.0, 1.0, 0.0, 0.0, 1.0, 1.0, 1.0, 0.0, 1.0, 0.0, 0.0, 1.0, 0.0, 0.0, 0.0, 0.0, 0.0, 1.0, 0.0, 1.0, 1.0, 1.0, 0.0, 0.0, 0.0, 0.0, 1.0, 0.0, 1.0, 1.0, 0.0, 0.0, 0.0, 1.0, 0.0, 1.0, 1.0, 0.0, 0.0, 1.0, 0.0, 1.0, 1.0, 1.0, 0.0, 1.0, 0.0, 0.0, 0.0, 0.0, 0.0, 1.0, 1.0, 0.0, 0.0, 1.0, 0.0, 1.0, 1.0, 0.0, 1.0, 1.0, 0.0, 0.0, 1.0, 0.0, 0.0, 0.0, 1.0, 1.0, 1.0, 0.0, 1.0, 1.0, 0.0, 1.0, 1.0, 1.0, 1.0, 1.0, 1.0, 0.0, 0.0, 1.0, 1.0, 1.0, 1.0, 0.0, 0.0, 0.0, 0.0, 0.0, 1.0, 0.0, 0.0, 1.0, 1.0, 0.0, 1.0, 0.0, 1.0, 1.0, 0.0, 0.0, 0.0, 0.0, 1.0, 1.0, 1.0, 0.0, 1.0, 0.0, 1.0, 0.0, 0.0, 0.0, 1.0, 0.0, 0.0, 0.0, 0.0, 1.0, 0.0, 0.0, 0.0, 0.0, 1.0, 1.0, 1.0, 1.0, 1.0, 1.0, 1.0, 1.0, 0.0, 1.0, 0.0, 0.0, 0.0, 1.0, 1.0, 0.0, 1.0, 0.0, 1.0, 0.0, 1.0, 1.0, 1.0, 0.0, 0.0, 0.0, 1.0, 1.0, 1.0, 0.0, 0.0, 0.0, 0.0, 0.0, 1.0, 0.0, 0.0, 0.0, 1.0, 1.0, 1.0, 0.0, 0.0, 0.0, 0.0, 0.0, 0.0, 0.0, 1.0, 0.0, 0.0, 1.0, 0.0, 1.0, 0.0, 0.0, 1.0, 1.0, 1.0, 0.0, 0.0, 0.0, 1.0, 0.0, 0.0, 1.0, 1.0, 0.0, 1.0, 0.0, 1.0, 1.0, 0.0, 1.0, 1.0, 0.0, 0.0, 1.0, 1.0, 0.0, 1.0, 0.0, 1.0, 0.0, 0.0, 1.0, 0.0, 0.0, 0.0, 0.0, 0.0, 1.0, 1.0, 0.0, 1.0, 1.0, 0.0, 0.0, 1.0, 1.0, 0.0, 1.0, 1.0, 0.0, 0.0, 0.0, 1.0, 0.0, 0.0, 1.0, 0.0, 1.0, 1.0, 0.0, 1.0, 1.0, 1.0, 0.0, 0.0, 0.0, 1.0, 1.0, 1.0, 0.0, 0.0, 0.0, 0.0, 1.0, 0.0, 1.0, 1.0, 1.0, 0.0, 0.0, 0.0, 1.0, 1.0, 0.0, 0.0, 0.0, 1.0, 0.0, 0.0, 1.0, 0.0, 1.0, 0.0, 0.0, 0.0, 0.0, 0.0, 1.0, 0.0, 1.0, 1.0, 0.0, 1.0, 0.0, 1.0, 0.0, 1.0, 1.0, 1.0, 1.0, 1.0, 0.0, 1.0, 1.0, 1.0, 0.0, 0.0, 1.0, 0.0, 0.0, 1.0, 0.0, 1.0, 1.0, 0.0, 0.0, 0.0, 1.0, 0.0, 1.0, 1.0, 0.0, 1.0, 0.0, 0.0, 0.0, 1.0, 0.0, 1.0, 1.0, 0.0, 1.0, 1.0, 1.0 ])]
([21,43,44,51,60,70,78,80,81,82,97,99,103],[Param 0,Param 1,Param 2,Param 3,Param 4],5)
Infinity
finish f
Recip(((Abs((Abs((x0 - ((t0 * x4) * (x1 * t1)))) ^ Recip(((t2 + x8) * x7)))) ^ (x3 + (((t3 - x5) - x5) - Recip(x8)))) * ((x1 * t4) - x7)))
([21,43,44,51,60,70,78,80,81,82,97,99,103],[Param 0,Param 1,Param 2,Param 3,Param 4],5)
(Infinity,Array S Seq (Sz1 5)
  [ 0.9392951594925338, 0.4350737457151419, -0.36407617832203976, -2.6724980505802853e-2, -0.3772105317390345 ],Infinity)
(Array S Seq (Sz1 5)
  [ 0.9392951594925338, 0.4350737457151419, -0.36407617832203976, -2.6724980505802853e-2, -0.3772105317390345 ],5)
(x5 * t2)
minmized
theta 
(1,2)
(Bin Mul 5 16,True,True)
index out of bounds (2,1)