run,algorithm,dataset,r2_test,mse_test,hypervolume,size,size_mse
0,PySIPS,1028,0.4138269201873761,0.376412696273236,15.298762584183223,34,34
1,PySIPS,1028,0.4008739654234525,0.3847304727036246,16.188468983221682,16,16
2,PySIPS,1028,0.4089639593453751,0.3795354602920031,12.171258265488394,36,36
3,PySIPS,1028,0.3561324204533457,0.409572918198035,15.118668384120852,21,21
4,PySIPS,1028,0.3997744328845211,0.4162265437411453,17.10595722694788,26,26
5,PySIPS,1028,0.3458387641801332,0.4161208528552134,14.790252283228423,42,42
6,PySIPS,1028,0.3901486256692527,0.3916177798734035,16.64355183224101,27,27
7,PySIPS,1028,0.4131343660185943,0.376857421885797,16.685978661156163,28,28
8,PySIPS,1028,0.361718448093155,0.4060195700962677,15.164829100863567,27,27
9,PySIPS,1028,0.3965020903385229,0.418495750356924,16.055631543301324,20,20
10,PySIPS,1028,0.371335740263541,0.3999018798374081,17.14059018642488,24,24
11,PySIPS,1028,0.3624959459229501,0.4420773182399412,16.073662140176005,27,27
12,PySIPS,1028,0.3879721693991618,0.4244108257977081,14.969980206399619,28,28
13,PySIPS,1028,0.4153616050397246,0.4054176159841403,14.573015275886284,22,22
14,PySIPS,1028,0.3332013436593831,0.4241596878045111,14.07512803526052,26,26
15,PySIPS,1028,0.3543726063720304,0.4106923598529134,16.680463007099757,24,24
16,PySIPS,1028,0.3849412988416093,0.3949616794810003,15.806090296179542,30,30
17,PySIPS,1028,0.3802039141738291,0.3980038044053531,17.36191779076495,29,29
18,PySIPS,1028,0.3718818943445672,0.4355686303644199,15.889871702489891,21,21
19,PySIPS,1028,0.4134759267282444,0.376638087712857,15.393870647872836,30,30
20,PySIPS,1028,0.3958933962162922,0.387928759265747,16.005825175268917,20,20
21,PySIPS,1028,0.3581929861866706,0.4082621643297768,15.210730969619547,22,22
22,PySIPS,1028,0.3980213600059656,0.4174422124916021,15.006646124466268,22,22
23,PySIPS,1028,0.3852607776158616,0.4262910409909974,17.70847843412859,21,21
24,PySIPS,1028,0.4008305319955605,0.3847583636018324,14.836709064621832,24,24
25,PySIPS,1028,0.3690653103504553,0.4013461311626904,13.243743743489608,37,37
26,PySIPS,1028,0.3998773006107959,0.4161552100950701,14.87212363626837,30,30
27,PySIPS,1028,0.3812957881232038,0.3935661580261834,16.15340809042325,24,24
28,PySIPS,1028,0.373221621512763,0.4346395962823596,14.86983866557402,18,18
29,PySIPS,1028,0.3918826924797398,0.386831684277648,15.679417813879464,23,23
0,PySIPS_1000_50,1028,0.2790809143031377,0.4629402239501274,14.98761190058725,12,12
1,PySIPS_1000_50,1028,0.3505520780034393,0.4170448146235577,15.768941768029007,13,13
2,PySIPS_1000_50,1028,0.3262590111970299,0.4326446759823726,14.246852124010656,14,14
3,PySIPS_1000_50,1028,0.2758752034824347,0.4606256246945686,12.275730400820219,10,10
4,PySIPS_1000_50,1028,0.3705505201829765,0.4364918720523211,16.809691809385903,18,18
5,PySIPS_1000_50,1028,0.3516680953868262,0.412412736047796,16.267690264984513,14,14
6,PySIPS_1000_50,1028,0.2980731061514364,0.4507443343947048,14.371789418531693,26,26
7,PySIPS_1000_50,1028,0.285352822492339,0.4589127004189716,13.524659849418361,15,15
8,PySIPS_1000_50,1028,0.3226971004462114,0.4308415796762991,15.103875637117248,13,13
9,PySIPS_1000_50,1028,0.3687275647744205,0.43775600085767,16.377960797457337,25,25
10,PySIPS_1000_50,1028,0.3070014783348741,0.4408257782215968,15.571995350371168,11,11
11,PySIPS_1000_50,1028,0.2657864243842905,0.5091405559662869,14.271908047675883,8,8
12,PySIPS_1000_50,1028,0.3409327826444336,0.4570302982782209,15.626202439848742,13,13
13,PySIPS_1000_50,1028,0.3564792018229458,0.4462496306813369,16.186495757507892,19,19
14,PySIPS_1000_50,1028,0.3418538934292739,0.4186556832984865,15.585181538506605,14,14
15,PySIPS_1000_50,1028,0.3141320794634242,0.4362899059312374,13.715625595799382,13,13
16,PySIPS_1000_50,1028,0.3140057015635038,0.4405131733192013,14.513960009939064,10,10
17,PySIPS_1000_50,1028,0.3515924491536266,0.4163767373555057,15.302097458841402,10,10
18,PySIPS_1000_50,1028,0.3117240368430336,0.4772851090993524,15.183547939548115,10,10
19,PySIPS_1000_50,1028,0.3779063128147886,0.3994792155975456,16.322180598884298,21,21
20,PySIPS_1000_50,1028,0.3547800612790645,0.4143298032397444,15.027185361628826,8,8
21,PySIPS_1000_50,1028,0.3738419768112353,0.398307628706987,16.31929675609926,18,18
22,PySIPS_1000_50,1028,0.3351799255948375,0.461019618189896,15.719421949058114,11,11
23,PySIPS_1000_50,1028,0.3123517533912817,0.4768498189290552,15.237795631962868,21,21
24,PySIPS_1000_50,1028,0.2915247961192474,0.4549493501488184,14.345355314940367,15,15
25,PySIPS_1000_50,1028,0.3534138453874192,0.4113022407458108,16.38988587670969,13,13
26,PySIPS_1000_50,1028,0.2934789798613905,0.4899371476393377,14.642458806725788,9,9
27,PySIPS_1000_50,1028,0.361240330088673,0.4063237074570533,16.826802505324906,12,12
28,PySIPS_1000_50,1028,0.3277427699059032,0.4661769153416089,15.143224380494322,11,11
29,PySIPS_1000_50,1028,0.3215738782168573,0.4315560766021816,16.055682298408506,16,16
0,PySIPS_500_10_best,1028,0.3949202807873723,0.3885536480827189,12.421474262523843,19,19
1,PySIPS_500_10_best,1028,0.3585073762004511,0.4119362974515442,13.074561120364063,17,17
2,PySIPS_500_10_best,1028,0.3793028847582854,0.398582402985545,10.873562138067678,22,22
3,PySIPS_500_10_best,1028,0.359630319400586,0.4073478571375111,14.64351870572136,12,12
4,PySIPS_500_10_best,1028,0.3640542232025482,0.4409967305378969,13.57839055867711,14,14
5,PySIPS_500_10_best,1028,0.3699865777062056,0.40076010047669,11.702132966086069,22,22
6,PySIPS_500_10_best,1028,0.3713126079259706,0.4037133817868618,9.1214711024279,27,27
7,PySIPS_500_10_best,1028,0.3961781986058766,0.3877458726081019,7.496453821621541,32,32
8,PySIPS_500_10_best,1028,0.3663237035484805,0.4030901045107926,12.94196043529146,19,19
9,PySIPS_500_10_best,1028,0.3840049085727798,0.4271619236388418,11.650770202401675,20,20
10,PySIPS_500_10_best,1028,0.3560601354580044,0.4096188996660019,12.162632528116603,21,21
11,PySIPS_500_10_best,1028,-2.083874108826933e-06,0.6934516520266526,0.0,18,18
12,PySIPS_500_10_best,1028,0.3945609740417143,0.4198418178546865,11.143701462389885,22,22
13,PySIPS_500_10_best,1028,0.3959337834347507,0.4188898428969637,10.857626174080403,22,22
14,PySIPS_500_10_best,1028,0.3351799875964423,0.4229010455042624,12.88910802449479,18,18
15,PySIPS_500_10_best,1028,0.3537870450514589,0.4110648433673329,8.432495167317098,30,30
16,PySIPS_500_10_best,1028,0.4044791815103339,0.382415373026334,13.518254524650757,15,15
17,PySIPS_500_10_best,1028,0.3719604154035139,0.4032973903882702,10.671348678147416,23,23
18,PySIPS_500_10_best,1028,0.3692121127131693,0.4374199909892607,13.242450015277578,16,16
19,PySIPS_500_10_best,1028,0.3844749984563502,0.395261115588412,14.03567115467255,13,13
20,PySIPS_500_10_best,1028,0.3793132387273986,0.3985757541550797,12.021024612747555,21,21
21,PySIPS_500_10_best,1028,0.3412330661997007,0.4190505999369235,13.815491620975516,17,17
22,PySIPS_500_10_best,1028,0.3779872442175638,0.4313348742314045,12.517893266444867,19,19
23,PySIPS_500_10_best,1028,0.3819879714799812,0.4285605690832758,11.085514501748998,22,22
24,PySIPS_500_10_best,1028,0.3790841419747919,0.3987228692808437,7.9842263699816,30,30
25,PySIPS_500_10_best,1028,0.3586793206900641,0.4079528003423626,11.777056349907953,21,21
26,PySIPS_500_10_best,1028,0.3975518871984789,0.4177677685071176,10.5058886002697,24,24
27,PySIPS_500_10_best,1028,0.3683141229106816,0.4018239717025705,13.172415980935382,18,18
28,PySIPS_500_10_best,1028,0.3811516380270383,0.4291405246893097,13.657962290688122,15,15
29,PySIPS_500_10_best,1028,0.3580207906695382,0.4083717002385459,9.758229798015048,27,27
0,PySIPS_500_50_best,1028,0.266487859315442,0.471026889724255,11.827550979425443,5,5
1,PySIPS_500_50_best,1028,0.2627251911597872,0.4734430976915403,9.93604358679948,14,14
2,PySIPS_500_50_best,1028,0.2572343951223089,0.4769690278516464,11.61345391421963,5,5
3,PySIPS_500_50_best,1028,0.2565087870343139,0.4729448654075117,11.323974842746727,5,5
4,PySIPS_500_50_best,1028,0.2448370833008963,0.5236678808763203,12.09963395350226,4,4
5,PySIPS_500_50_best,1028,0.2619880447300854,0.4694594351182645,11.667824619464781,4,4
6,PySIPS_500_50_best,1028,0.2566016074573847,0.4773753742352073,11.143038130774233,7,7
7,PySIPS_500_50_best,1028,0.256601607457376,0.4773753742352128,11.143038130774228,7,7
8,PySIPS_500_50_best,1028,-21.159628875048053,14.09604110045306,0.0,7,7
9,PySIPS_500_50_best,1028,0.2448370833008963,0.5236678808763203,12.09963395350227,4,4
10,PySIPS_500_50_best,1028,0.2699788405889193,0.464376381269006,11.535671844920035,6,6
11,PySIPS_500_50_best,1028,0.2370486288743643,0.5290687862103265,11.189781862834765,6,6
12,PySIPS_500_50_best,1028,0.2448370833008964,0.5236678808763202,12.09963395350227,4,4
13,PySIPS_500_50_best,1028,0.2532201356113791,0.5178546515166282,12.196004405897245,5,5
14,PySIPS_500_50_best,1028,0.2637524049241556,0.4683371016192761,11.77503439569838,7,7
15,PySIPS_500_50_best,1028,0.2619880447300838,0.4694594351182655,11.667824619464781,4,4
16,PySIPS_500_50_best,1028,0.254411310968346,0.4787818793025167,11.583484778780148,4,4
17,PySIPS_500_50_best,1028,-0.0011000461628549,0.6428592178540129,0.0,5,5
18,PySIPS_500_50_best,1028,0.2863151693399324,0.4949048935280917,11.20737448955995,12,12
19,PySIPS_500_50_best,1028,0.2544113109758893,0.4787818792976727,11.583484778780148,4,4
20,PySIPS_500_50_best,1028,-inf,inf,0.0,21,21
22,PySIPS_500_50_best,1028,0.2488272752265259,0.5209008814596675,11.950647743157859,5,5
23,PySIPS_500_50_best,1028,0.2466337846778723,0.5224219579346042,11.430529671843813,7,7
24,PySIPS_500_50_best,1028,0.2592635235518601,0.4756660173082482,11.70301120778511,4,4
25,PySIPS_500_50_best,1028,-0.0011547524821118,0.6368481448167375,0.0,5,5
26,PySIPS_500_50_best,1028,0.2448370833008964,0.5236678808763202,12.09963395350227,4,4
27,PySIPS_500_50_best,1028,0.2619880447300859,0.4694594351182642,11.667824619464781,4,4
28,PySIPS_500_50_best,1028,0.2424622377382745,0.5253147180232272,11.67905229869383,5,5
29,PySIPS_500_50_best,1028,0.2258396260826664,0.4924539355155234,9.79248565019705,8,8
0,PySIPS_unlimited,1028,0.4240938782632062,0.3698197401909082,16.15067743725841,38,38
1,PySIPS_unlimited,1028,0.4119920698892327,0.3775909505666653,18.128267644443838,28,28
2,PySIPS_unlimited,1028,0.4123129499111581,0.3773848965556696,15.237994942212431,28,28
3,PySIPS_unlimited,1028,0.35489164155079,0.4103621945214618,17.202301656832773,33,33
4,PySIPS_unlimited,1028,0.4315619464677317,0.3941834858680059,16.78153326175223,29,29
5,PySIPS_unlimited,1028,0.379551289497849,0.394675857311372,16.167462923242162,28,28
6,PySIPS_unlimited,1028,0.4116382862462406,0.3778181337307209,17.016898894720843,34,34
7,PySIPS_unlimited,1028,0.3993968826840326,0.3856789855502764,16.9946274394611,38,38
8,PySIPS_unlimited,1028,0.3441319815609119,0.4172065604762996,18.351890412883243,33,33
9,PySIPS_unlimited,1028,0.419860416440745,0.402297914287012,16.51106484641696,36,36
10,PySIPS_unlimited,1028,0.4008696048933479,0.3811149871496093,16.55269820880552,28,28
11,PySIPS_unlimited,1028,0.3732421679659269,0.4346253483401607,16.437273948223254,30,30
12,PySIPS_unlimited,1028,0.3990466002068445,0.4167312594621151,17.629299554370263,26,26
13,PySIPS_unlimited,1028,0.3703476491837296,0.4366325529887358,11.18862998763844,23,23
14,PySIPS_unlimited,1028,0.3786752430469277,0.3952331223652104,15.863255636800584,26,26
15,PySIPS_unlimited,1028,0.3679987853188872,0.4020245622304857,17.48824862314527,37,37
16,PySIPS_unlimited,1028,0.4021891362221071,0.3838859320663444,15.5027315456775,39,39
17,PySIPS_unlimited,1028,0.3801006202550525,0.3980701348865955,15.977863319775732,32,32
18,PySIPS_unlimited,1028,0.4145319568120139,0.4059929357193534,16.256702957247903,30,30
19,PySIPS_unlimited,1028,0.4041405437119181,0.3826328302435819,15.916399909385067,36,36
20,PySIPS_unlimited,1028,0.4174760030492683,0.3740694274226631,17.000298946958907,36,36
21,PySIPS_unlimited,1028,0.3524125535541872,0.4119391760895557,17.117767455336633,28,28
22,PySIPS_unlimited,1028,0.4052904663469859,0.4124014491949803,17.271615078316778,26,26
23,PySIPS_unlimited,1028,0.4082786624577977,0.4103292839834896,16.859493292135067,46,46
24,PySIPS_unlimited,1028,0.389026153239023,0.3923385787099693,15.923042557307483,32,32
25,PySIPS_unlimited,1028,0.3722327669433302,0.3993312689748431,17.510594983710234,37,37
26,PySIPS_unlimited,1028,0.3745110344979429,0.4337454525809249,14.079326445866627,22,22
27,PySIPS_unlimited,1028,0.3684020684037717,0.4017680283791426,16.359193401493698,28,28
28,PySIPS_unlimited,1028,0.4126175343613031,0.4073204923640148,15.484982454093775,34,34
29,PySIPS_unlimited,1028,0.3292378336078596,0.426680930416622,17.355210485169906,29,29
0,PySIPS,1193,0.5809403400071651,220277.4009405253,22.25922905672445,26,26
1,PySIPS,1193,0.5765052886813545,222608.67181280183,23.405446687887014,34,34
2,PySIPS,1193,0.5766525695274025,222531.25409624964,17.91431365482908,35,35
3,PySIPS,1193,0.5623298729199884,228494.01971502413,25.970665295901483,28,28
4,PySIPS,1193,0.5710712333183771,229253.3084384828,21.794210998795467,30,30
5,PySIPS,1193,0.5611676544187548,229100.7780032942,23.571400131516327,22,22
6,PySIPS,1193,0.5738343006566136,224012.66832261445,22.381006224338154,25,25
7,PySIPS,1193,0.5791373899920338,221225.11598273585,22.87470488865043,30,30
8,PySIPS,1193,0.5609069626997978,229236.87707674093,20.330864982081014,22,22
9,PySIPS,1193,0.5762413167944516,226490.0087163334,20.838791292634674,31,31
10,PySIPS,1193,0.5627879151841328,228254.8900334258,25.959224597095393,26,26
11,PySIPS,1193,0.5740609439170312,227655.3716730902,22.437296826286694,29,29
12,PySIPS,1193,0.5787684542110485,225139.30748424845,22.494591921051317,33,33
13,PySIPS,1193,0.5757838099161963,226734.53641794884,22.447223811564157,31,31
14,PySIPS,1193,0.5636522692072905,227803.63756498383,25.555014758154776,32,32
15,PySIPS,1193,0.5488232430105977,235545.4129215695,25.75038690556024,27,27
16,PySIPS,1193,0.5758511650845308,222952.50983768996,25.503468658688995,26,26
17,PySIPS,1193,0.5772919002925486,222195.19187711336,23.412461699089732,32,32
18,PySIPS,1193,0.5730961518674934,228171.0325158517,21.72741343854552,36,36
19,PySIPS,1193,0.5756491375273023,223058.7049919202,23.450240942958438,21,21
20,PySIPS,1193,0.5726286818857389,224646.39806261836,23.294353657279267,26,26
21,PySIPS,1193,0.5627653915692719,228266.64891524037,24.677050863856,23,23
22,PySIPS,1193,0.576897525212142,226139.27926550971,20.190961249245007,39,39
23,PySIPS,1193,0.5781080800790657,225492.26342081465,23.05435166829463,26,26
24,PySIPS,1193,0.5729075556117648,224499.8089598624,25.410313731676297,16,16
25,PySIPS,1193,0.5612364632889633,229064.85502301023,25.397679452681963,25,25
26,PySIPS,1193,0.5705877365000598,229511.7272106165,24.997031710335087,22,22
27,PySIPS,1193,0.5538716761349074,232909.78232568668,22.63967110000694,23,23
28,PySIPS,1193,0.575126534392775,227085.83621410307,22.33139995155981,34,34
29,PySIPS,1193,0.5593028152616009,230074.35277748067,24.879513832941548,24,24
0,PySIPS_1000_50,1193,0.5512418955972727,235888.29545301467,24.72104000553505,12,12
1,PySIPS_1000_50,1193,0.5432428580283593,240092.96455844943,24.074772394326793,9,9
2,PySIPS_1000_50,1193,0.546296308964072,238487.9276144741,24.108475726728013,9,9
3,PySIPS_1000_50,1193,0.54438168858968,237864.21094004385,25.065095087132853,18,18
4,PySIPS_1000_50,1193,0.5552056063337583,237733.14882040457,24.71559384315545,18,18
5,PySIPS_1000_50,1193,0.5478843177482338,236035.59672470187,25.155134886629234,15,15
6,PySIPS_1000_50,1193,0.551244590954036,235886.8786471536,24.643617947488686,14,14
7,PySIPS_1000_50,1193,0.5513703459115573,235820.77594664865,24.733530223692163,11,11
8,PySIPS_1000_50,1193,0.5432038968454482,238479.09953621583,25.226661189318687,11,11
9,PySIPS_1000_50,1193,0.5452021001026935,243079.8102653778,24.232594350857354,17,17
10,PySIPS_1000_50,1193,0.0696099657486424,485727.8248511299,3.2474092741075165,8,8
11,PySIPS_1000_50,1193,0.5452010617200216,243080.365258844,24.29013851224109,10,10
12,PySIPS_1000_50,1193,0.5468125127199044,242219.07895257065,24.567502303702234,11,11
13,PySIPS_1000_50,1193,0.5434869420398792,243996.5257923804,15.229317108552376,25,25
14,PySIPS_1000_50,1193,0.5403328749289049,239977.97116992227,24.74347038009921,21,21
15,PySIPS_1000_50,1193,0.5429126179234407,238631.1672411602,25.09734645640532,13,13
16,PySIPS_1000_50,1193,0.5568099041461256,232961.48915632427,24.770742836362423,18,18
17,PySIPS_1000_50,1193,0.5399234888269105,241837.7806079581,23.93179755677049,17,17
18,PySIPS_1000_50,1193,0.5611402985942502,234561.181955585,25.13483743231665,15,15
19,PySIPS_1000_50,1193,0.5433236168934423,240050.51391334625,24.043846593499406,9,9
20,PySIPS_1000_50,1193,0.5512613530514088,235878.067703042,24.697373823809933,14,14
21,PySIPS_1000_50,1193,0.5389573789901692,240696.07500360243,25.112166010816402,18,18
22,PySIPS_1000_50,1193,0.5508128066395064,240081.0068831917,24.629318127753187,9,9
23,PySIPS_1000_50,1193,0.5618103371871805,234203.06057007116,24.623527981243438,18,18
24,PySIPS_1000_50,1193,0.5480175522211754,237583.1614743316,24.231612327058066,11,11
25,PySIPS_1000_50,1193,0.5497648864784446,235053.810027531,25.023221161643278,13,13
26,PySIPS_1000_50,1193,0.5633397061396672,233385.6453733868,25.049387207516247,18,18
27,PySIPS_1000_50,1193,0.5587858017288669,230344.26953220548,25.49082718746005,15,15
29,PySIPS_1000_50,1193,0.5430055939792766,238582.6273216621,25.176742290395886,12,12
0,PySIPS_500_10_best,1193,0.5791544476633708,221216.1496710936,15.549513996268967,23,23
1,PySIPS_500_10_best,1193,0.5695542163298313,226262.48127603973,17.470288556883148,19,19
2,PySIPS_500_10_best,1193,0.5725520023941535,224686.7043977883,18.717363512415442,17,17
3,PySIPS_500_10_best,1193,0.5624016535545632,228456.54526859315,20.10994933939829,15,15
4,PySIPS_500_10_best,1193,0.572720726614013,228371.68933376015,16.152539175509435,22,22
5,PySIPS_500_10_best,1193,0.5452884035589761,237390.84313344368,18.88618296972231,17,17
6,PySIPS_500_10_best,1193,0.5667728271930496,227724.5097854529,19.266570474065578,16,16
7,PySIPS_500_10_best,1193,0.5678443397986677,227161.2725322069,18.160823038065622,18,18
8,PySIPS_500_10_best,1193,0.0588147695297743,491363.6624946953,1.2766608733288936,29,29
9,PySIPS_500_10_best,1193,0.5711231410561108,229225.5648560201,19.015180567270335,17,17
10,PySIPS_500_10_best,1193,0.5644873012970429,227367.6931699402,18.125538640096412,19,19
11,PySIPS_500_10_best,1193,0.5754600472305622,226907.5806914881,17.71038833190068,19,19
12,PySIPS_500_10_best,1193,0.5735774725009836,227913.77686825083,17.123086661669813,20,20
13,PySIPS_500_10_best,1193,0.5803719810603825,224282.25646800685,13.141589305281833,27,27
14,PySIPS_500_10_best,1193,0.5518200639721693,233980.86550215975,20.42414446352431,14,14
15,PySIPS_500_10_best,1193,0.5557914340208038,231907.53618393,20.153992963654314,15,15
16,PySIPS_500_10_best,1193,0.5767632727238636,222473.06330691747,10.960235994960163,31,31
17,PySIPS_500_10_best,1193,0.5662865944242021,227980.09652118315,16.928205569926003,20,20
18,PySIPS_500_10_best,1193,0.5762289298866451,226496.6292552586,14.994001937440997,24,24
19,PySIPS_500_10_best,1193,0.5699073409247721,226076.8624360324,18.795502537908682,17,17
20,PySIPS_500_10_best,1193,0.5752466849348059,223270.25293971933,10.386120984032312,32,32
21,PySIPS_500_10_best,1193,0.5570248359927593,231263.6152099837,18.648552290153273,18,18
22,PySIPS_500_10_best,1193,0.5791860335434937,224916.12020716467,16.783797830499843,21,21
23,PySIPS_500_10_best,1193,0.5610727242854374,234597.2989872791,19.594906052193345,15,15
24,PySIPS_500_10_best,1193,0.5659571446895266,228153.2707448632,14.128122988219088,25,25
25,PySIPS_500_10_best,1193,0.5603564929727716,229524.26027444465,16.2413478014476,22,22
26,PySIPS_500_10_best,1193,0.5675035140276394,231160.1785635833,17.143893076363593,20,20
27,PySIPS_500_10_best,1193,0.5598332264565583,229797.4415182036,19.34784523289164,17,17
28,PySIPS_500_10_best,1193,0.57354937468836,227928.7945518482,17.69161610270131,19,19
29,PySIPS_500_10_best,1193,0.5532635174180449,233227.28315848904,9.522317858118033,33,33
0,PySIPS_500_50_best,1193,0.1549192341762498,444214.06413508585,7.037380967113094,5,5
1,PySIPS_500_50_best,1193,0.5395289152945897,242045.1869523937,23.902787317062042,5,5
2,PySIPS_500_50_best,1193,0.5393184910012634,242155.79582471863,21.77436353023883,9,9
3,PySIPS_500_50_best,1193,0.5319918632658047,244332.55505735133,23.92593600863372,6,6
4,PySIPS_500_50_best,1193,0.5409460004261569,245354.60507440544,23.950844474366583,5,5
5,PySIPS_500_50_best,1193,0.5319918632658047,244332.55505735133,24.469707281557206,5,5
6,PySIPS_500_50_best,1193,0.5395289152945919,242045.1869523925,23.371614265571772,6,6
7,PySIPS_500_50_best,1193,0.5395289152945897,242045.1869523937,23.902787317062042,5,5
8,PySIPS_500_50_best,1193,0.5319918632658047,244332.55505735133,24.469707281557206,5,5
9,PySIPS_500_50_best,1193,0.5409460004261568,245354.6050744055,23.950844474366583,5,5
10,PySIPS_500_50_best,1193,0.0507684465031733,495564.39857083495,2.306150422241211,5,5
11,PySIPS_500_50_best,1193,0.5481746024949301,241491.0709205361,21.103527163769645,11,11
12,PySIPS_500_50_best,1193,0.5412059866664174,245215.6479552797,22.3525914953542,8,8
13,PySIPS_500_50_best,1193,0.5409460004261568,245354.6050744055,23.950844474366583,5,5
14,PySIPS_500_50_best,1193,0.5319918632658047,244332.55505735133,24.469707281557206,5,5
15,PySIPS_500_50_best,1193,0.5319918632658047,244332.55505735133,24.469707281557213,5,5
16,PySIPS_500_50_best,1193,0.5395289152945897,242045.1869523937,23.902787317062042,5,5
17,PySIPS_500_50_best,1193,-1.5169096090327263,1323005.67200728,0.0,20,20
18,PySIPS_500_50_best,1193,-0.000113519461772,534539.4176391328,0.0,5,5
19,PySIPS_500_50_best,1193,0.5395289152945897,242045.1869523937,23.902787317062042,5,5
20,PySIPS_500_50_best,1193,0.5395289152945897,242045.1869523937,23.902787317062042,5,5
21,PySIPS_500_50_best,1193,0.5319918632658047,244332.55505735133,24.469707281557213,5,5
22,PySIPS_500_50_best,1193,-0.0001176460712624,534541.6232241897,0.0,5,5
23,PySIPS_500_50_best,1193,0.5409460004261568,245354.6050744055,23.950844474366583,5,5
24,PySIPS_500_50_best,1193,0.5395289152945897,242045.1869523937,23.902787317062042,5,5
25,PySIPS_500_50_best,1193,0.5319918632658049,244332.55505735127,24.469707281557206,5,5
26,PySIPS_500_50_best,1193,0.5409460004261568,245354.6050744055,23.950844474366583,5,5
27,PySIPS_500_50_best,1193,0.531991863265814,244332.5550573465,23.92593600863372,6,6
28,PySIPS_500_50_best,1193,0.5409460004261568,245354.6050744055,23.950844474366583,5,5
29,PySIPS_500_50_best,1193,0.5319918632658049,244332.55505735127,24.469707281557213,5,5
0,PySIPS_unlimited,1193,0.5790820853605689,221254.18668946828,24.77507609814816,27,27
1,PySIPS_unlimited,1193,0.5747934033229327,223508.51900274068,25.688879556934623,36,36
2,PySIPS_unlimited,1193,0.5789049256903172,221347.310116608,20.22696464943364,32,32
3,PySIPS_unlimited,1193,0.5609638741160474,229207.1653887322,21.43587521849326,34,34
4,PySIPS_unlimited,1193,0.5758690930442811,226688.9543987741,24.75647666085886,34,34
5,PySIPS_unlimited,1193,0.5602758513744945,229566.36075562096,22.95440569697018,24,24
6,PySIPS_unlimited,1193,0.5810365044637245,220226.8523943968,23.87767101676219,21,21
7,PySIPS_unlimited,1193,0.5703760172827528,225830.5041728199,22.307145466768596,34,34
8,PySIPS_unlimited,1193,0.5591930399940549,230131.6630451798,21.105748357356077,42,42
9,PySIPS_unlimited,1193,0.5785477077273186,225257.29178759275,20.79248850394616,31,31
10,PySIPS_unlimited,1193,0.5646089508112531,227304.1837257757,20.00195890115596,33,33
11,PySIPS_unlimited,1193,0.5804397776847752,224246.02061336083,22.67390095286613,30,30
12,PySIPS_unlimited,1193,0.5822359415158145,223286.00922510863,23.043980290013266,28,28
13,PySIPS_unlimited,1193,0.5775249320158689,225803.94366513964,24.15430981828849,28,28
14,PySIPS_unlimited,1193,0.5629737598831865,228157.8662712311,22.98462930190151,33,33
15,PySIPS_unlimited,1193,0.5578282697245933,230844.16733908112,26.09741836015241,41,41
16,PySIPS_unlimited,1193,0.5826335149876667,219387.38880228045,23.835888470089177,38,38
17,PySIPS_unlimited,1193,0.5768200642641158,222443.21101122675,22.513771911261113,35,35
18,PySIPS_unlimited,1193,0.575179284394252,227057.64245957287,21.710969941584914,30,30
19,PySIPS_unlimited,1193,0.5800741562894767,220732.70770537283,25.88404576559701,26,26
20,PySIPS_unlimited,1193,0.5771384251887919,222275.86558587645,25.582684953702284,23,23
21,PySIPS_unlimited,1193,0.5659623374498972,226597.62247299944,26.20711993517805,35,35
22,PySIPS_unlimited,1193,0.5719652283392682,228775.4871026642,24.728880463650725,27,27
23,PySIPS_unlimited,1193,0.5805424303932496,224191.15492267747,25.7603479285617,30,30
24,PySIPS_unlimited,1193,0.5752976675386896,223243.45409328092,19.565292370725864,26,26
25,PySIPS_unlimited,1193,0.561012716079762,229181.6665119997,22.263816614386347,37,37
26,PySIPS_unlimited,1193,0.5749263822230809,227192.81329435,21.478381404739487,41,41
27,PySIPS_unlimited,1193,0.5654140774398202,226883.8520459138,23.869577344925723,30,30
28,PySIPS_unlimited,1193,0.5788433555834076,225099.27429283364,23.64946075926111,26,26
29,PySIPS_unlimited,1193,0.5634992376369717,227883.53060881284,26.265477875050824,36,36
0,PySIPS,192,0.4091424854307581,6.7314901254744255,33.21645289537268,14,14
1,PySIPS,192,0.5161470289265927,5.512414442823193,35.151891227801414,20,20
2,PySIPS,192,0.6030315218504443,4.522561404226998,35.34505586500636,12,12
3,PySIPS,192,0.1862400902455121,6.881762004982589,35.99003197306557,21,21
4,PySIPS,192,-0.1946460249382222,11.81903134005548,37.29536916619963,9,9
5,PySIPS,192,0.345786891061726,5.532515011228863,37.592725008721956,17,17
6,PySIPS,192,0.4570011821381168,6.186248106273691,35.406986421221646,16,16
7,PySIPS,192,0.4850110850097209,5.867138371783542,35.172275131954486,14,14
8,PySIPS,192,-0.0773236284240139,9.110653798852214,37.36692620114445,16,16
9,PySIPS,192,-0.0167435257402712,10.058982614657085,38.36721528102937,33,33
10,PySIPS,192,0.2851853034530682,6.045007329967824,37.85129771661556,12,12
11,PySIPS,192,-0.1220257754838685,11.10057500545374,37.22604850836287,14,14
12,PySIPS,192,0.0106787737768487,9.78768466476771,38.46958879143442,22,22
13,PySIPS,192,-0.3323208552447352,13.181094327887914,38.23855300617938,20,20
14,PySIPS,192,0.2896703928184457,6.007078062116673,37.958567640298945,28,28
15,PySIPS,192,-0.7295955296335486,14.626752506658796,36.90633121224655,24,24
16,PySIPS,192,0.477266282530939,5.955372946319972,35.24583701276732,14,14
17,PySIPS,192,0.5830098368241253,4.750663394515269,35.21867571649957,15,15
18,PySIPS,192,0.0703633669501684,9.197205089639668,37.2420868244756,27,27
19,PySIPS,192,0.4854111463269995,5.8625805744458725,34.950556445412815,21,21
20,PySIPS,192,0.568874665569411,4.911701823200344,35.437569920972365,21,21
21,PySIPS,192,0.1996300199097136,6.768526752043805,38.17648646976694,17,17
22,PySIPS,192,0.0010765990997719,9.882682179572924,38.62671892965581,14,14
23,PySIPS,192,-0.0536312560386085,10.423925226408636,38.4402580800744,15,15
24,PySIPS,192,0.5090795189320021,5.592932795500763,32.84726524648749,13,13
25,PySIPS,192,0.2933573699031873,5.975898228223564,36.79607051427651,14,14
26,PySIPS,192,-0.0404957105102838,10.293970895981742,36.47705107284277,20,20
27,PySIPS,192,0.401496801663091,5.061390369326663,37.829590527888804,9,9
28,PySIPS,192,0.0512816428244353,9.385986946990252,37.91597029206231,12,12
29,PySIPS,192,0.2419339783572766,6.410772861227736,35.33635642231048,17,17
0,PySIPS_1000_50,192,0.5204859281914123,5.462982461615585,35.41238967514742,19,19
1,PySIPS_1000_50,192,0.0549799018262227,10.766374806740602,19.402444493156374,17,17
2,PySIPS_1000_50,192,0.5373693510406456,5.270633898059311,34.5973302897394,12,12
3,PySIPS_1000_50,192,0.2540877414922873,6.307991556376642,38.04181003905817,11,11
4,PySIPS_1000_50,192,0.2397890368214212,7.521020462380073,36.88711354474181,16,16
5,PySIPS_1000_50,192,0.1275050734939592,7.37846920546977,36.86142830947488,9,9
6,PySIPS_1000_50,192,0.5546700008915184,5.073531972867848,34.79208558164829,20,20
7,PySIPS_1000_50,192,0.497740302574024,5.722117617665536,35.015420653433495,12,12
8,PySIPS_1000_50,192,0.213381856757288,6.652230941471238,36.213548669523526,23,23
9,PySIPS_1000_50,192,-0.466230539666709,14.505907472435975,30.238848047898756,9,9
10,PySIPS_1000_50,192,0.1756803063724553,6.971063429846779,36.86449776218549,24,24
11,PySIPS_1000_50,192,0.1117803949071989,8.787452626384779,38.30766293868113,13,13
12,PySIPS_1000_50,192,0.17354479924083,8.176396786177389,37.23122986055632,13,13
13,PySIPS_1000_50,192,0.1324310796595672,8.583148518568015,36.53722671810215,14,14
14,PySIPS_1000_50,192,0.2645294984929291,6.21968825495945,37.73524110070292,15,15
15,PySIPS_1000_50,192,0.2624577819744187,6.237208238250936,36.774785099809165,12,12
16,PySIPS_1000_50,192,0.3693901631866191,7.184378272028988,33.808538333107606,24,24
17,PySIPS_1000_50,192,0.5299643971251781,5.3549966639249575,33.89186938405719,15,15
18,PySIPS_1000_50,192,-0.2660448203615628,12.525403422777062,36.585637472972834,8,8
19,PySIPS_1000_50,192,0.4650876827944981,6.094120650879039,34.03822561258107,17,17
20,PySIPS_1000_50,192,0.5251603103130112,5.409728409126843,34.82580288982463,19,19
21,PySIPS_1000_50,192,0.1437661868675487,7.240953077147788,36.89152754738611,7,7
22,PySIPS_1000_50,192,-3.5407047470727084,44.92270563103933,35.197957029568045,19,19
23,PySIPS_1000_50,192,0.2539348876728476,7.381070844623294,33.03401996907394,7,7
24,PySIPS_1000_50,192,0.5612135074456054,4.998983458769781,33.755851374078,17,17
25,PySIPS_1000_50,192,0.4014968016630905,5.061390369326666,37.83409246765844,9,9
27,PySIPS_1000_50,192,0.4154421653148528,4.943457951455016,38.00040612733077,18,18
28,PySIPS_1000_50,192,-0.4120244508112123,13.96962856669226,37.79490438650099,16,16
29,PySIPS_1000_50,192,0.1663841592244191,7.049678598115984,38.64041857089802,15,15
0,PySIPS_500_10_best,192,0.3662944942850327,7.219646444353003,29.778597764037986,8,8
1,PySIPS_500_10_best,192,0.5237974417660876,5.425255225558423,30.079131188902153,10,10
2,PySIPS_500_10_best,192,0.3662944942850339,7.219646444352989,29.778597764037986,8,8
3,PySIPS_500_10_best,192,0.2650749321978313,6.215075659891005,31.554279813724513,10,10
4,PySIPS_500_10_best,192,-0.0260304347772193,10.150861101395956,26.14727415214611,11,11
5,PySIPS_500_10_best,192,0.1966390598117227,6.793820546090482,32.958124450583796,6,6
6,PySIPS_500_10_best,192,0.3662944942850306,7.219646444353027,29.778597764037983,8,8
7,PySIPS_500_10_best,192,0.3662944942850324,7.219646444353005,29.77859776403798,8,8
8,PySIPS_500_10_best,192,-0.1107037643207853,9.392941176470586,31.141679796388317,5,5
9,PySIPS_500_10_best,192,-0.1820747459375093,11.694659486475096,32.49591911047565,9,9
10,PySIPS_500_10_best,192,0.1479774747642889,7.205339279155979,32.350782930376496,8,8
11,PySIPS_500_10_best,192,0.043219725816313,9.465746179257277,32.98956988116164,6,6
12,PySIPS_500_10_best,192,0.0710281155885086,9.190628509777689,33.73322694613494,5,5
13,PySIPS_500_10_best,192,0.0432197258163115,9.465746179257293,32.98956988116164,6,6
14,PySIPS_500_10_best,192,-0.1107037643207853,9.392941176470586,31.141679796388317,5,5
15,PySIPS_500_10_best,192,0.1966390598117219,6.7938205460904895,32.958124450583796,6,6
16,PySIPS_500_10_best,192,0.5451147267744407,5.182392792573597,30.682493591658094,7,7
17,PySIPS_500_10_best,192,0.5237974417660891,5.425255225558406,30.07913118890215,10,10
18,PySIPS_500_10_best,192,0.0710281155885115,9.19062850977766,33.73322694613494,5,5
19,PySIPS_500_10_best,192,-0.1775106425112218,13.415080738177616,23.437773922571214,3,3
20,PySIPS_500_10_best,192,0.3662944942850371,7.219646444352953,31.196626228992177,6,6
21,PySIPS_500_10_best,192,0.1479774747642882,7.205339279155984,32.350782930376496,8,8
22,PySIPS_500_10_best,192,0.296454570841077,6.960409445812277,30.857836504235824,10,10
23,PySIPS_500_10_best,192,0.225612209548471,7.66127654020046,29.56811300091899,13,13
24,PySIPS_500_10_best,192,0.5893483617929582,4.678450183739946,28.322947075684944,10,10
25,PySIPS_500_10_best,192,0.147977474764293,7.205339279155943,32.350782930376496,8,8
26,PySIPS_500_10_best,192,-4.720675863968743,56.59655321419743,30.474969872331933,11,11
27,PySIPS_500_10_best,192,0.2900212179422019,6.004111222661794,30.108730326499487,12,12
28,PySIPS_500_10_best,192,0.0432197258163146,9.46574617925726,32.98956988116164,6,6
29,PySIPS_500_10_best,192,-8.976266127679947,84.36676268529338,0.0,9,9
0,PySIPS_500_50_best,192,0.3662944942850324,7.219646444353005,29.77859776403798,8,8
1,PySIPS_500_50_best,192,0.5827711084925968,4.753383165977476,29.03370027172888,6,6
2,PySIPS_500_50_best,192,-0.1775106425112218,13.415080738177616,23.437773922571214,3,3
3,PySIPS_500_50_best,192,0.0439056659881141,8.085448277941346,24.770896524871056,9,9
4,PySIPS_500_50_best,192,0.2773414033392194,7.149502382963989,30.838057205350022,9,9
5,PySIPS_500_50_best,192,0.3729438605897465,5.3028553796493405,32.13121658985394,10,10
6,PySIPS_500_50_best,192,0.5326551118742642,5.324342031771983,30.92255466462278,7,7
7,PySIPS_500_50_best,192,0.5492788124057997,5.134952418849048,20.575384522780706,22,22
8,PySIPS_500_50_best,192,-0.1107037643207853,9.392941176470586,31.141679796388317,5,5
9,PySIPS_500_50_best,192,-0.0163118060874305,10.05471146822498,29.71249068256841,5,5
10,PySIPS_500_50_best,192,0.1966390598117234,6.793820546090477,32.958124450583796,6,6
11,PySIPS_500_50_best,192,0.2773414033392185,7.149502382963998,30.838057205350026,9,9
12,PySIPS_500_50_best,192,-0.0163118060874305,10.05471146822498,29.71249068256841,5,5
13,PySIPS_500_50_best,192,0.1818555479683355,8.094175778766601,29.718817612437693,14,14
14,PySIPS_500_50_best,192,0.2785998018329738,6.100699253703155,31.30323730587805,11,11
15,PySIPS_500_50_best,192,-0.1107037643207842,9.392941176470575,31.141679796388317,5,5
16,PySIPS_500_50_best,192,-0.1775106425112218,13.415080738177616,23.437773922571218,3,3
17,PySIPS_500_50_best,192,0.1407731658477394,9.788953862853491,28.04895805486974,9,9
18,PySIPS_500_50_best,192,-1.0574452958547234,20.354992126989394,31.32619955661951,11,11
19,PySIPS_500_50_best,192,0.3662944942850318,7.219646444353013,29.778597764037983,8,8
20,PySIPS_500_50_best,192,0.3662944942850318,7.219646444353013,29.77859776403798,8,8
21,PySIPS_500_50_best,192,0.2204093280283885,6.5928013920367405,32.04234040610909,6,6
22,PySIPS_500_50_best,192,-0.0163118060874305,10.05471146822498,29.71249068256841,5,5
23,PySIPS_500_50_best,192,-0.0163118060874305,10.05471146822498,29.71249068256841,5,5
24,PySIPS_500_50_best,192,0.2926653682868493,8.058484442318418,27.570989388412865,9,9
25,PySIPS_500_50_best,192,-0.0783340454274876,9.119198640224152,1.3596866024651806,9,9
26,PySIPS_500_50_best,192,0.0691251427726175,9.209455254169573,31.705507844971393,10,10
27,PySIPS_500_50_best,192,-0.0194036329070614,8.620839027075633,32.50612106582407,9,9
28,PySIPS_500_50_best,192,0.0432197258163132,9.465746179257277,32.98956988116164,6,6
29,PySIPS_500_50_best,192,-0.1107037643207853,9.392941176470586,31.141679796388317,5,5
0,PySIPS_unlimited,192,0.5380060932756495,5.263379654926724,35.09605050989701,22,22
1,PySIPS_unlimited,192,0.52663634131384,5.392912361497803,35.08000449427158,18,18
2,PySIPS_unlimited,192,0.4611086522518954,6.1394527388123175,35.0178709456041,19,19
3,PySIPS_unlimited,192,0.334655162798351,5.626653225331591,36.22041751288209,10,10
4,PySIPS_unlimited,192,0.0948872651408658,8.954581990206368,38.35261699703655,20,20
5,PySIPS_unlimited,192,0.2080367586674707,6.697433085870939,36.73885691454511,17,17
6,PySIPS_unlimited,192,-0.0068674505167227,11.470986039258806,35.27987193932292,13,13
7,PySIPS_unlimited,192,0.4108611323662756,6.711910015904275,35.05750762039942,21,21
8,PySIPS_unlimited,192,0.3413780339829654,5.569799601888001,37.949948385834176,20,20
9,PySIPS_unlimited,192,0.0153710480124423,9.74126243166357,38.49010683774329,17,17
10,PySIPS_unlimited,192,-0.1771292326695315,9.954684583544411,38.13520474709574,13,13
11,PySIPS_unlimited,192,-0.0287412562218225,10.177680161554566,37.161880970684,29,29
12,PySIPS_unlimited,192,0.0439805852997432,9.458218742767874,38.652985868908175,15,15
13,PySIPS_unlimited,192,0.1771884239393157,8.140349192493703,38.34429460817031,17,17
14,PySIPS_unlimited,192,0.3823364069338046,5.223424987729347,34.15110506151403,20,20
15,PySIPS_unlimited,192,-0.0728665543365005,9.072961449129435,38.06541979902029,19,19
16,PySIPS_unlimited,192,0.5793201291229986,4.792699300539294,35.041847824859865,13,13
17,PySIPS_unlimited,192,0.4920329410168359,5.787140143430877,35.45681297480536,17,17
18,PySIPS_unlimited,192,0.0021796892117674,9.871768941398248,37.257334868594285,21,21
19,PySIPS_unlimited,192,0.3909355859998997,6.938916722771203,34.211485780416254,17,17
20,PySIPS_unlimited,192,0.5722313975077427,4.8734594257702,35.188898695840805,12,12
21,PySIPS_unlimited,192,0.2655243464520302,6.211275077063107,36.91304002156738,25,25
22,PySIPS_unlimited,192,-0.1433454334154362,11.311497487923384,38.001765174910865,15,15
23,PySIPS_unlimited,192,0.0209317436206545,9.686248616446326,38.00868443999518,24,24
24,PySIPS_unlimited,192,0.5373557067714652,5.270789343764905,35.203686575113856,12,12
25,PySIPS_unlimited,192,0.3255112334659147,5.703981125983752,38.121300848212705,17,17
26,PySIPS_unlimited,192,0.108030535199795,8.824551238423362,37.4783145882712,21,21
27,PySIPS_unlimited,192,0.2787634464509329,6.099315352504913,37.45953095349992,11,11
28,PySIPS_unlimited,192,-0.2230062246331929,12.099608249037722,37.53857317368235,20,20
29,PySIPS_unlimited,192,0.2555462966448378,6.295656923875488,37.168878287554264,16,16
0,PySIPS,522,0.1662505165721496,0.5875569755486904,12.785567040228688,20,20
1,PySIPS,522,0.1043782962106413,0.6311593469908021,12.017281422844057,19,19
2,PySIPS,522,0.1264237186012605,0.6156235752008499,12.084304790408481,22,22
3,PySIPS,522,0.1370240487670163,0.8162553061205367,9.769431023156631,37,37
4,PySIPS,522,0.1122850055365476,0.6080600593574105,12.538057957230377,31,31
5,PySIPS,522,0.1680769521811028,0.78688357548774,11.682302236750715,25,25
6,PySIPS,522,0.1378515214430273,0.6075702145591502,11.664647227959188,18,18
7,PySIPS,522,0.0998458522739812,0.634353434788397,10.834620472676963,18,18
8,PySIPS,522,0.2077324089876502,0.7493750250017959,11.760017395328688,18,18
9,PySIPS,522,0.1384473815924928,0.590139560056704,11.92793101634156,15,15
10,PySIPS,522,0.1975154247073729,0.7590388720874662,10.330268600239595,19,19
11,PySIPS,522,0.2136175910902149,0.5386500591085754,10.772069670911655,14,14
12,PySIPS,522,0.0722068878908002,0.6355124542663598,12.365406579044109,14,14
13,PySIPS,522,0.1383956489760428,0.5901749954588607,12.03930172637124,15,15
14,PySIPS,522,0.1581105118427876,0.7963104428270446,10.86954350239926,19,19
16,PySIPS,522,0.1525547812009012,0.5972085855497684,12.083451330036775,16,16
17,PySIPS,522,0.1345176714292304,0.6099196335032988,11.19288357749614,17,17
18,PySIPS,522,0.1582438505317005,0.5765795299194217,11.526228898175505,10,10
19,PySIPS,522,0.1697413427013721,0.5850969329538577,12.223900955014019,15,15
20,PySIPS,522,0.1170802088461966,0.6222081002192333,12.463005194824094,24,24
21,PySIPS,522,0.1706600316548344,0.7844403413239699,10.031520063168983,14,14
22,PySIPS,522,0.1630398150525781,0.5732944277307362,11.53096065854119,17,17
23,PySIPS,522,0.1245271828904763,0.5996745086627384,11.991949612017763,14,14
24,PySIPS,522,0.1655968618845663,0.588017616759178,11.94524528725601,15,15
25,PySIPS,522,0.2558579307882054,0.7038549702732751,9.677409157634816,13,13
26,PySIPS,522,0.1471150030472268,0.5842024806459426,9.834653626493141,15,15
27,PySIPS,522,0.1959829114349828,0.7604884166414035,9.790295883067543,19,19
28,PySIPS,522,0.185818462307448,0.557691688463896,10.96428954487537,17,17
29,PySIPS,522,0.2097054362442791,0.7475088154451531,11.036608813107442,21,21
0,PySIPS_1000_50,522,0.1180730219422684,0.6215084484993729,9.982565101044614,6,6
1,PySIPS_1000_50,522,0.1304635857354773,0.6127766143784694,9.015245506803527,15,15
2,PySIPS_1000_50,522,0.072229165355342,0.6538153683345242,6.8070008122794246,3,3
3,PySIPS_1000_50,522,0.0888713957748308,0.8618010231854157,9.052448167109638,15,15
4,PySIPS_1000_50,522,0.2074299176989007,0.5428884431316828,7.9505602122994325,14,14
5,PySIPS_1000_50,522,0.1389309109008796,0.8144516795738382,7.816497750720075,12,12
6,PySIPS_1000_50,522,0.0729625512048588,0.653298539262702,6.3932563531719815,4,4
7,PySIPS_1000_50,522,0.0967070306287601,0.6365654140331344,10.468019828373933,13,13
8,PySIPS_1000_50,522,0.1685417810279434,0.7864439120044999,9.658184456526461,11,11
9,PySIPS_1000_50,522,0.1072748362214274,0.611491885867206,9.319960980533935,8,8
10,PySIPS_1000_50,522,0.1853207117697876,0.7705733756013811,7.368610998226422,7,7
11,PySIPS_1000_50,522,0.0390603065289537,0.6582169397781333,9.002538397693304,6,6
12,PySIPS_1000_50,522,0.0441602962324451,0.6547235888026871,8.829213100981415,8,8
13,PySIPS_1000_50,522,0.0951375575770262,0.6198055838659795,5.625805994603019,5,5
14,PySIPS_1000_50,522,0.1608127016068996,0.793754546883537,7.544627441092295,12,12
15,PySIPS_1000_50,522,0.1730827362310039,0.7821487995230247,8.79113275169367,14,14
16,PySIPS_1000_50,522,0.133263356860531,0.6108035696124304,9.91067265591462,9,9
17,PySIPS_1000_50,522,0.0448907287513669,0.6730812143068908,11.030899351952897,19,19
18,PySIPS_1000_50,522,0.094938541461836,0.6199419043647548,5.543866201191427,4,4
19,PySIPS_1000_50,522,0.1313798710602619,0.6121308930378617,8.978482045842636,6,6
20,PySIPS_1000_50,522,0.0550444104482468,0.6659257477943661,7.354447533464382,18,18
21,PySIPS_1000_50,522,0.1626283142855171,0.7920372296388747,8.840945719129484,14,14
22,PySIPS_1000_50,522,0.1515830954436589,0.5811419617353311,10.201225648611098,13,13
23,PySIPS_1000_50,522,0.1201982522696282,0.6026397056310041,9.646034910271075,10,10
24,PySIPS_1000_50,522,0.0660905889387601,0.6581413241104398,9.622863287439792,26,26
26,PySIPS_1000_50,522,0.1964184597474415,0.550430985295931,7.301577026326486,15,15
27,PySIPS_1000_50,522,0.1792624081533868,0.7763036887878736,9.583929850454817,9,9
28,PySIPS_1000_50,522,0.2236080479154522,0.531806874293574,8.680774558966936,9,9
29,PySIPS_1000_50,522,0.1519403373818949,0.8021465702836641,8.905335450629515,18,18
0,PySIPS_500_10_best,522,0.1682601275495354,0.5861407696362767,9.122295839636616,13,13
1,PySIPS_500_10_best,522,0.1490582840910221,0.5996726245779533,9.920104602610273,14,14
2,PySIPS_500_10_best,522,0.1974393443536268,0.5655776955773828,10.065559706179627,10,10
3,PySIPS_500_10_best,522,0.1414742033540632,0.8120460784015675,7.727744772939222,9,9
4,PySIPS_500_10_best,522,0.2408930269985781,0.5199671447938715,9.147043587760512,15,15
5,PySIPS_500_10_best,522,0.1462021627332106,0.8075740859609467,7.720372023300124,8,8
6,PySIPS_500_10_best,522,0.118073021943887,0.6215084484982323,8.677916456777483,10,10
7,PySIPS_500_10_best,522,0.1511853585271398,0.5981736402339823,10.387670455523097,13,13
8,PySIPS_500_10_best,522,0.1613487195801695,0.7932475483811657,7.07361658288298,14,14
9,PySIPS_500_10_best,522,0.0803977662380109,0.6299019306128706,9.302794641031713,11,11
10,PySIPS_500_10_best,522,0.1937499877371731,0.7626004521087827,9.695120236467867,12,12
11,PySIPS_500_10_best,522,0.1412779066261711,0.5882007292036425,9.418783554707598,12,12
12,PySIPS_500_10_best,522,0.099495709721621,0.6168203709674043,8.343537177656172,11,11
13,PySIPS_500_10_best,522,0.0737982432428288,0.6344224201497253,9.000405071864598,8,8
14,PySIPS_500_10_best,522,0.2144225757166801,0.7430470571324718,6.5991805247249085,18,18
15,PySIPS_500_10_best,522,0.1357358079213361,0.8174738029098682,7.78076045097047,6,6
16,PySIPS_500_10_best,522,0.1221259449882568,0.6186522869612068,9.401869668398865,7,7
17,PySIPS_500_10_best,522,0.1490857937856325,0.5996532380436468,10.437031671377245,12,12
18,PySIPS_500_10_best,522,0.1403553207078177,0.5888326748751419,9.980585521194637,9,9
19,PySIPS_500_10_best,522,0.1180730219371087,0.621508448503009,9.545708102455231,6,6
20,PySIPS_500_10_best,522,0.1082772757110096,0.6284116720014945,9.30559678121278,8,8
21,PySIPS_500_10_best,522,0.1792624081533891,0.7763036887878714,8.76959479537992,9,9
22,PySIPS_500_10_best,522,0.1027021483301231,0.6146240497801182,8.658694051411153,6,6
23,PySIPS_500_10_best,522,0.1427190446107089,0.587213589802049,9.3813660506551,10,10
24,PySIPS_500_10_best,522,0.113411783069904,0.6247933002067424,9.179011403856133,14,14
25,PySIPS_500_10_best,522,0.1792624081533891,0.7763036887878714,8.76959479537992,9,9
26,PySIPS_500_10_best,522,0.0960852298630361,0.6191564547309795,9.118906812425486,8,8
27,PySIPS_500_10_best,522,0.1675672417600748,0.787365690702138,7.608401637069587,9,9
28,PySIPS_500_10_best,522,0.2114639067152114,0.5401252729520605,8.753333507450733,14,14
29,PySIPS_500_10_best,522,0.1874878775856043,0.7685235379507765,8.396335113204165,14,14
0,PySIPS_500_50_best,522,0.0602265215694213,0.6622738288452876,5.932191702948633,5,5
1,PySIPS_500_50_best,522,0.0722291654048568,0.6538153682996304,6.8070008122794246,3,3
2,PySIPS_500_50_best,522,0.0722291653492018,0.6538153683388512,6.807000812279429,3,3
3,PySIPS_500_50_best,522,0.1581509151674812,0.7962722268974826,4.529379956718196,3,3
4,PySIPS_500_50_best,522,0.0949385414618365,0.6199419043647545,5.543866201191427,4,4
5,PySIPS_500_50_best,522,0.1457539141197461,0.807998066847875,4.6037779159284815,4,4
6,PySIPS_500_50_best,522,0.0722291653378934,0.6538153683468205,6.8070008122794246,3,3
7,PySIPS_500_50_best,522,0.0729625512048587,0.6532985392627021,6.3932563531719815,4,4
8,PySIPS_500_50_best,522,0.1603836923870799,0.7941603299781321,5.275873526492179,8,8
9,PySIPS_500_50_best,522,0.0951375571076895,0.619805584187462,5.87584181658537,3,3
10,PySIPS_500_50_best,522,0.1481605923644909,0.8057216837289815,4.438687050574599,7,7
11,PySIPS_500_50_best,522,0.0951375575925856,0.6198055838553217,5.875841816585376,3,3
12,PySIPS_500_50_best,522,0.1791395169775533,0.562266580089102,6.540278509268693,11,11
13,PySIPS_500_50_best,522,0.0951375575498924,0.6198055838845654,5.750823905594197,4,4
14,PySIPS_500_50_best,522,0.1467576182000387,0.8070487022912578,4.647704633243253,5,5
15,PySIPS_500_50_best,522,0.1457539142803502,0.807998066695966,4.603777915928477,4,4
16,PySIPS_500_50_best,522,0.0722291655789323,0.6538153681769564,6.8070008122794246,3,3
17,PySIPS_500_50_best,522,0.1157334462655574,0.623157185963082,8.105577034835616,10,10
18,PySIPS_500_50_best,522,0.1272181020934896,0.5978313039173919,6.235505143511119,10,10
19,PySIPS_500_50_best,522,0.0729625512048578,0.6532985392627026,6.393256353171987,4,4
20,PySIPS_500_50_best,522,0.0722291656913799,0.6538153680977128,6.662171007762841,4,4
21,PySIPS_500_50_best,522,-0.1539419401291883,1.09146869068566,0.0,9,9
22,PySIPS_500_50_best,522,0.0950339767328053,0.6198765338608293,5.652859103306446,5,5
23,PySIPS_500_50_best,522,0.094938541461836,0.6199419043647548,5.302828540270056,6,6
24,PySIPS_500_50_best,522,0.0722291658900137,0.6538153679577323,6.807000812279416,3,3
25,PySIPS_500_50_best,522,0.1581509175295872,0.7962722246632586,4.529379956718285,3,3
26,PySIPS_500_50_best,522,0.0951375565631468,0.6198055845604586,5.875841816585376,3,3
27,PySIPS_500_50_best,522,0.1457539142803502,0.807998066695966,4.603777915928477,4,4
28,PySIPS_500_50_best,522,-0.0403272955056666,0.7125952372119739,0.0,1,1
29,PySIPS_500_50_best,522,0.190129310708529,0.766025109345357,7.149536916364603,6,6
0,PySIPS_unlimited,522,0.1090643836029159,0.6278569841227116,11.698490655689486,17,17
1,PySIPS_unlimited,522,0.1561749030724987,0.5946574261184624,13.156128924149716,28,28
2,PySIPS_unlimited,522,0.1309429575200702,0.612438793196547,12.801564446432941,39,39
3,PySIPS_unlimited,522,0.2063811529210718,0.750653125431705,10.668371414307739,17,17
6,PySIPS_unlimited,522,0.1121979521821574,0.6256487067999792,8.667927383010264,17,17
7,PySIPS_unlimited,522,0.0982228594985434,0.6354971844943075,12.575460707454354,21,21
10,PySIPS_unlimited,522,0.1819820726777393,0.7737312641499693,10.177967428649252,14,14
14,PySIPS_unlimited,522,0.2083992867763719,0.7487442513020186,11.346557297090788,15,15
15,PySIPS_unlimited,522,0.2219956544818415,0.7358839771915999,10.563388459130591,15,15
16,PySIPS_unlimited,522,0.0655587626124308,0.6585161108707632,11.910822442998956,18,18
17,PySIPS_unlimited,522,0.1218400811356587,0.6188537399203866,12.336627992894254,19,19
19,PySIPS_unlimited,522,0.1200163067487254,0.6201389837306306,12.083911738743744,23,23
20,PySIPS_unlimited,522,0.1134809226494948,0.6247445764077086,12.047985697542881,22,22
21,PySIPS_unlimited,522,0.1898299138030419,0.7663082972052164,10.02413497157313,26,26
24,PySIPS_unlimited,522,0.1521311938468115,0.5975070945259017,12.085902404076478,16,16
25,PySIPS_unlimited,522,0.1625679210378803,0.7920943532571714,9.93233237628504,13,13
27,PySIPS_unlimited,522,0.195155630411365,0.761270909507185,10.24221085421318,15,15
0,PySIPS,579,0.9235299320197708,0.0817679135870523,28.530537716471976,32,32
1,PySIPS,579,0.8188207019747924,0.1937313981271495,28.05845766323158,23,23
2,PySIPS,579,0.8319097355075238,0.1797355564715736,27.42709453105617,36,36
3,PySIPS,579,0.818955714710383,0.1820642012378839,27.7600304714245,29,29
4,PySIPS,579,0.7519702890950712,0.2254278172889838,32.714841140285145,16,16
5,PySIPS,579,0.8586919299897134,0.1421041313385508,27.895343458569954,26,26
6,PySIPS,579,0.9345256406708656,0.0700104223416727,32.71412331545989,34,34
7,PySIPS,579,0.8666885150394068,0.1425473034133784,30.621228899975105,24,24
8,PySIPS,579,0.862000319951913,0.1387771035072788,29.35826548646974,24,24
9,PySIPS,579,0.8495289024447675,0.1367593058234692,33.52768774461605,28,28
10,PySIPS,579,0.8632241212103673,0.1375464079443784,29.656993113802137,22,22
11,PySIPS,579,0.7966877772796191,0.1847852437871646,33.333849571169125,20,20
12,PySIPS,579,0.8564258777498207,0.1304908225710329,30.786052106205588,27,27
13,PySIPS,579,0.8053598945032436,0.1769033797561848,31.70534127164101,23,23
14,PySIPS,579,0.8127078529236506,0.1883472604563864,35.441390747714365,26,26
15,PySIPS,579,0.8441201491498126,0.1567580025446264,32.20686122286537,27,27
16,PySIPS,579,0.8450079246003198,0.165729924958816,29.78430819712958,23,23
17,PySIPS,579,0.8870031468931157,0.1208252740515592,29.17898744528926,25,25
18,PySIPS,579,0.7785725413403725,0.2012497152513297,33.439701029235025,24,24
19,PySIPS,579,0.8796388000503466,0.1286998227759087,30.91081867324271,23,23
20,PySIPS,579,0.8695945185037577,0.1394399720557268,28.027563465111214,27,27
21,PySIPS,579,0.8447479111727905,0.1561267040140038,33.26312475656879,22,22
22,PySIPS,579,0.8547797468837498,0.1319869485260908,31.234207973607653,25,25
23,PySIPS,579,0.7786696247194596,0.2011614786680479,32.268036822698974,22,22
24,PySIPS,579,0.9015913707304148,0.1052263782008945,28.458135032796104,28,28
25,PySIPS,579,0.8590141745606881,0.1417800713975043,29.40082982771256,24,24
26,PySIPS,579,0.8447069293748201,0.1411418729772937,30.475346295277852,20,20
27,PySIPS,579,0.846843672638505,0.1540191360417252,35.328674643077406,31,31
28,PySIPS,579,0.7898366615044462,0.1910120464938102,33.9232987884038,25,25
29,PySIPS,579,0.8863732155757139,0.1142669027765401,31.12527496623939,31,31
0,PySIPS_1000_50,579,0.7374568097892098,0.2807321800155223,29.678175557298612,11,11
1,PySIPS_1000_50,579,0.6805382972534086,0.3415940065766578,28.72871984082703,11,11
2,PySIPS_1000_50,579,0.5610233069992434,0.4693889942571523,26.906328962416186,17,17
3,PySIPS_1000_50,579,0.6985946103243892,0.3031033618780031,29.810701759853533,9,9
4,PySIPS_1000_50,579,0.783713114670424,0.1965775805252941,33.17923891548659,15,15
5,PySIPS_1000_50,579,0.7216012406531656,0.2799671233202199,29.11546192408391,17,17
6,PySIPS_1000_50,579,0.5077028473232388,0.5264034948894348,26.25484398970657,11,11
7,PySIPS_1000_50,579,0.7160163214279811,0.3036580652133543,27.946999832527858,12,12
8,PySIPS_1000_50,579,0.722712092500115,0.2788500134711851,31.545930430221958,11,11
9,PySIPS_1000_50,579,0.6166376300798713,0.3484281861496509,27.60922578223983,9,9
10,PySIPS_1000_50,579,0.6985946103243892,0.3031033618780031,29.80015359449976,9,9
11,PySIPS_1000_50,579,0.6480243173866893,0.319901634287403,32.498021020962994,11,11
12,PySIPS_1000_50,579,0.5548293403749607,0.4046041490522722,31.696597639757336,11,11
13,PySIPS_1000_50,579,0.5688400558081612,0.3918701705815474,26.462231262046842,9,9
14,PySIPS_1000_50,579,0.5268660477250269,0.4757993601491838,29.36278960254636,9,9
15,PySIPS_1000_50,579,0.5966207206593572,0.4056517231216867,30.889325501526013,9,9
16,PySIPS_1000_50,579,0.7060009873465904,0.3143672615478515,29.363226466176066,11,11
17,PySIPS_1000_50,579,0.7343946474400829,0.2840064889440519,32.13521365501006,15,15
18,PySIPS_1000_50,579,0.6753679163473434,0.2950497413104027,30.63198732463777,8,8
19,PySIPS_1000_50,579,0.6987347612906716,0.3221368916781393,29.338849285365647,9,9
21,PySIPS_1000_50,579,0.607223146408818,0.3949895684330058,29.06619416622363,13,13
22,PySIPS_1000_50,579,0.6233152114345706,0.3423591044091312,27.21095449084811,16,16
23,PySIPS_1000_50,579,0.5352836729989572,0.4223687028146151,27.199810777189946,9,9
24,PySIPS_1000_50,579,0.5059318947860107,0.5282971390021649,26.73150327835318,12,12
25,PySIPS_1000_50,579,0.6171289496505163,0.3850279606864017,33.26499959067521,10,10
26,PySIPS_1000_50,579,0.587359115252128,0.3750386743327026,26.619594021633212,8,8
27,PySIPS_1000_50,579,0.5204203543804873,0.4822813654128166,29.392769989307364,13,13
28,PySIPS_1000_50,579,0.6358794111147035,0.3309398268574957,31.937952231382006,15,15
29,PySIPS_1000_50,579,0.62314448968217,0.3789785320113927,32.998418095128734,9,9
0,PySIPS_500_10_best,579,0.8178252383689296,0.194795827442477,26.134571711726725,18,18
1,PySIPS_500_10_best,579,0.8549359485201855,0.1551140876330318,26.14968617789421,18,18
2,PySIPS_500_10_best,579,0.8344565021006454,0.1770123499122882,20.550996749886004,26,26
3,PySIPS_500_10_best,579,0.822148881019011,0.1788530461745243,21.441667289589944,25,25
4,PySIPS_500_10_best,579,0.750462735961775,0.2267979935112042,26.811035694290602,16,16
5,PySIPS_500_10_best,579,0.8069719182841071,0.1941155085777266,25.400434942988976,19,19
6,PySIPS_500_10_best,579,0.2125773678501248,0.8419752648679063,3.0041199319122325,25,25
7,PySIPS_500_10_best,579,0.8173971336754633,0.195253591225172,24.473685619645533,20,20
8,PySIPS_500_10_best,579,0.7799133250663721,0.2213265368238099,25.04404839176482,20,20
9,PySIPS_500_10_best,579,0.8251620015846376,0.1589057545491287,28.18313588861078,17,17
10,PySIPS_500_10_best,579,0.7843915042771066,0.2168231297171,24.50457776103613,21,21
11,PySIPS_500_10_best,579,0.7920735598195077,0.1889789872170731,26.721046666820147,18,18
12,PySIPS_500_10_best,579,0.83428713951968,0.1506121516591669,25.84725044314524,20,20
13,PySIPS_500_10_best,579,0.7062389989786316,0.2669918092605336,24.500283640470837,20,20
14,PySIPS_500_10_best,579,-inf,inf,0.0,20,20
15,PySIPS_500_10_best,579,0.7164704762055747,0.285126792013413,23.731283859582312,21,21
16,PySIPS_500_10_best,579,0.8364316864149616,0.1749003248468305,23.89213442394422,22,22
17,PySIPS_500_10_best,579,0.7762776342408657,0.2392218492026633,24.925814209187898,18,18
18,PySIPS_500_10_best,579,0.7339377972915516,0.2418170847389107,27.85329682630555,16,16
19,PySIPS_500_10_best,579,0.9088056959318338,0.0975122446158291,19.61604801963726,28,28
20,PySIPS_500_10_best,579,0.8307912160600914,0.1809315669360436,25.457365238918968,18,18
21,PySIPS_500_10_best,579,0.7320118805252513,0.2694978349377974,25.407026581227825,19,19
22,PySIPS_500_10_best,579,0.7375313894355878,0.2385509613769098,25.65579910609382,19,19
23,PySIPS_500_10_best,579,0.8521431176407172,0.1343833129498876,24.28762816169215,23,23
24,PySIPS_500_10_best,579,0.8129409691203772,0.2000184788196772,27.751383094444023,16,16
25,PySIPS_500_10_best,579,0.7335466788610028,0.2679543902904681,27.34132899255657,17,17
26,PySIPS_500_10_best,579,0.737300393229352,0.2387609078804307,23.884971602160686,21,21
27,PySIPS_500_10_best,579,0.7838027434978377,0.217415207289868,21.636005879907774,23,23
28,PySIPS_500_10_best,579,0.7350362016089349,0.2408187733395823,21.97537084522987,23,23
29,PySIPS_500_10_best,579,0.6972007883563014,0.3045050359649911,25.52883355056135,18,18
0,PySIPS_500_50_best,579,0.3881839306034848,0.6542026810610181,18.561848993869898,7,7
1,PySIPS_500_50_best,579,0.29682293629782,0.7518931642124677,14.028082459003638,3,3
2,PySIPS_500_50_best,579,0.29682293629782,0.7518931642124675,14.028082459003638,3,3
3,PySIPS_500_50_best,579,0.293231177935883,0.7107504158062661,14.150881947609182,3,3
4,PySIPS_500_50_best,579,0.3038708749853251,0.6326938358747647,13.913240631422495,3,3
5,PySIPS_500_50_best,579,0.3067202954654197,0.6971853071120572,19.142691563919467,7,7
6,PySIPS_500_50_best,579,0.2968229362978201,0.7518931642124675,14.028082459003638,3,3
7,PySIPS_500_50_best,579,0.29682293629782,0.7518931642124675,14.028082459003638,3,3
8,PySIPS_500_50_best,579,0.3546682984052607,0.6489671883118472,22.384829910133867,5,5
9,PySIPS_500_50_best,579,0.3875347815789746,0.556653865580621,17.87489200991657,7,7
10,PySIPS_500_50_best,579,0.4581712955271064,0.5448811053594317,16.45656272061458,7,7
11,PySIPS_500_50_best,579,0.3038708749853251,0.6326938358747647,13.913240631422495,3,3
12,PySIPS_500_50_best,579,0.4846316753795519,0.4684049991236734,19.557490302523682,5,5
13,PySIPS_500_50_best,579,0.4846316753795525,0.4684049991236728,19.557490302523682,5,5
14,PySIPS_500_50_best,579,0.293231177935883,0.7107504158062661,14.150881947609182,3,3
15,PySIPS_500_50_best,579,0.3522716971554974,0.6513772908540282,21.409186691193547,7,7
16,PySIPS_500_50_best,579,0.3918874506850159,0.6502425811422781,19.387377959046947,5,5
17,PySIPS_500_50_best,579,0.369677753249948,0.6739909662115151,18.439798252201356,7,7
18,PySIPS_500_50_best,579,0.3301004637500727,0.6088544380782195,15.243236313828087,4,4
19,PySIPS_500_50_best,579,-0.2893984218525058,1.378727932667405,0.0,7,7
20,PySIPS_500_50_best,579,0.4871325461855083,0.5483989063009227,19.41573220809424,6,6
21,PySIPS_500_50_best,579,0.2932311779358831,0.7107504158062659,14.150881947609188,3,3
22,PySIPS_500_50_best,579,0.2710506661715596,0.6625232785204153,16.48858653807655,5,5
23,PySIPS_500_50_best,579,0.4300741939919285,0.5179908890605064,17.423334810548123,10,10
24,PySIPS_500_50_best,579,0.29682293629782,0.7518931642124675,14.028082459003638,3,3
25,PySIPS_500_50_best,579,0.293231177935883,0.7107504158062661,14.150881947609177,3,3
26,PySIPS_500_50_best,579,0.5683123135479904,0.3923498219320546,24.578106649612106,7,7
27,PySIPS_500_50_best,579,0.2932311779358831,0.7107504158062659,14.150881947609182,3,3
28,PySIPS_500_50_best,579,0.3904647037095881,0.5539909348038158,18.68380834204152,5,5
29,PySIPS_500_50_best,579,0.293231177935883,0.7107504158062661,14.150881947609188,3,3
0,PySIPS_unlimited,579,0.8601900611837293,0.1494959700924491,34.40635464432831,29,29
1,PySIPS_unlimited,579,0.8532130859618938,0.156956310093527,34.3086089553164,24,24
2,PySIPS_unlimited,579,0.8646255444651788,0.1447531965700279,32.58700082907251,22,22
3,PySIPS_unlimited,579,0.8094707753679322,0.1916025741415666,34.551859521311826,21,21
5,PySIPS_unlimited,579,0.8377793088950117,0.163134564026921,34.03211493845839,23,23
6,PySIPS_unlimited,579,0.8771338659720063,0.1313782986641732,29.546523805791775,24,24
7,PySIPS_unlimited,579,0.8317302421407375,0.1799274851371611,32.507446707330125,25,25
8,PySIPS_unlimited,579,0.8889847462670541,0.1116406599842506,34.85091898543006,24,24
10,PySIPS_unlimited,579,0.8512864416063155,0.1495513386621232,32.74714620528784,24,24
14,PySIPS_unlimited,579,0.8329772559772636,0.1679636693884809,25.454518152178565,35,35
15,PySIPS_unlimited,579,0.9044021464657256,0.0961364056088881,31.577275103772337,25,25
16,PySIPS_unlimited,579,0.8870163628166441,0.1208111425289702,31.06805962586691,25,25
17,PySIPS_unlimited,579,0.8724617223253098,0.1363741283797704,27.927614847372677,26,26
19,PySIPS_unlimited,579,0.803047812988001,0.210597032717975,31.492122169059748,20,20
20,PySIPS_unlimited,579,0.8740503964418309,0.1346753909350584,29.73386673526987,24,24
21,PySIPS_unlimited,579,0.8546680658114825,0.1461506640215759,31.22320275568698,32,32
24,PySIPS_unlimited,579,0.9043970723214038,0.1022262976294694,33.207747722939985,25,25
25,PySIPS_unlimited,579,0.8698051438110561,0.1309283110450139,31.295423038186343,28,28
27,PySIPS_unlimited,579,0.8839867781069395,0.1166667842799056,32.68882539189346,25,25
28,PySIPS_unlimited,579,0.9023836876928196,0.08872095256218,25.776278656692945,32,32
29,PySIPS_unlimited,579,0.8470235227558552,0.1538382727357914,28.71656944459905,27,27
0,PySIPS,650,0.6918012582297342,0.286690385054481,31.147978238144354,13,13
1,PySIPS,650,0.69103353829848,0.2874045278879041,32.358473470577714,15,15
2,PySIPS,650,0.6903217510670066,0.2880666414134036,30.89493218577766,14,14
3,PySIPS,650,0.7694939737964729,0.2376122392136562,28.578658224952456,15,15
4,PySIPS,650,0.7393646745805984,0.2668053221702876,29.983555080956243,14,14
5,PySIPS,650,0.7430110911618677,0.2649115560570468,28.358464111353342,13,13
6,PySIPS,650,0.6981388561893715,0.2807950709174645,32.387409530222165,14,14
7,PySIPS,650,0.6912917094730456,0.2871643737814303,31.011270267775362,13,13
8,PySIPS,650,0.7257620659373275,0.2826923471945287,29.83030263907871,19,19
9,PySIPS,650,0.7429126402331836,0.2631733658440918,28.533427858622883,13,13
10,PySIPS,650,0.7530801053977338,0.2545321266830579,29.16762024667665,28,28
11,PySIPS,650,0.7454105801083262,0.2606162924616674,30.932175909914054,13,13
13,PySIPS,650,0.7515660908296783,0.254315062885476,30.511465212321898,12,12
14,PySIPS,650,0.8447034197311946,0.160084179956808,28.397332738382786,21,21
15,PySIPS,650,0.7570491006050769,0.2504407723086073,28.91333643255562,13,13
16,PySIPS,650,0.6856697525510856,0.2923939895334565,32.20241331025366,14,14
17,PySIPS,650,0.6912917094730456,0.2871643737814304,31.100796625083557,13,13
18,PySIPS,650,0.7431948244543936,0.2628845015010479,28.576710728088734,13,13
19,PySIPS,650,0.6794798193737085,0.2981519440140317,30.94463411010372,15,15
20,PySIPS,650,0.7282937885255976,0.2527445697599725,28.78934136679125,21,21
21,PySIPS,650,0.7508900060644678,0.2567897440445156,30.9193914717433,12,12
22,PySIPS,650,0.7454105801083264,0.2606162924616673,29.927325020800453,13,13
23,PySIPS,650,0.741818059831375,0.2642938581498675,28.550814241442144,15,15
24,PySIPS,650,0.6912917094730455,0.2871643737814304,31.262690831719464,13,13
25,PySIPS,650,0.752171195121357,0.2554690575285167,29.760088703724264,12,12
26,PySIPS,650,0.7454105801083263,0.2606162924616674,29.833423244622686,13,13
27,PySIPS,650,0.7570491006050748,0.2504407723086094,32.478438178836726,13,13
28,PySIPS,650,0.7719399281381385,0.2334589175483785,28.20769203653179,22,22
29,PySIPS,650,0.7566546200328933,0.2508474142243378,29.64310131044202,18,18
0,PySIPS_1000_50,650,0.4352596290333815,0.5253286677234921,22.861118807843695,5,5
1,PySIPS_1000_50,650,0.2820471754604542,0.6678488384992252,16.957954369147895,8,8
2,PySIPS_1000_50,650,0.4601234831688098,0.5021999947280071,23.134630842914728,10,10
3,PySIPS_1000_50,650,0.5092331382785662,0.5058965913651429,22.59351316499699,5,5
4,PySIPS_1000_50,650,0.4916829847748912,0.520350358469399,22.810706808117484,5,5
5,PySIPS_1000_50,650,0.3083814475294921,0.712940288984559,18.40664377572962,5,5
6,PySIPS_1000_50,650,0.4515779280949554,0.510149178623293,23.28978767652451,5,5
7,PySIPS_1000_50,650,0.4655945548328444,0.4971107343597999,22.504053648174537,11,11
8,PySIPS_1000_50,650,0.3478551602439796,0.6722496509884648,22.550536777033617,7,7
9,PySIPS_1000_50,650,0.5185006173050406,0.4928978745225769,23.681881927935557,7,7
10,PySIPS_1000_50,650,0.4908159450599701,0.5248815636575255,23.321268432220748,14,14
11,PySIPS_1000_50,650,0.4916829847748912,0.5203503584693991,22.949448457933105,5,5
12,PySIPS_1000_50,650,0.2239018958646446,0.7944706051506282,9.945197070215954,5,5
13,PySIPS_1000_50,650,0.5185006173050406,0.4928978745225769,23.849277830241537,7,7
14,PySIPS_1000_50,650,0.3111663590134838,0.7100695221563686,21.274653233801534,5,5
15,PySIPS_1000_50,650,0.4684409764834132,0.5479463245810277,20.95208042208183,8,8
16,PySIPS_1000_50,650,0.4515779280949558,0.5101491786232928,23.616584524397087,5,5
17,PySIPS_1000_50,650,0.4677475162375164,0.495108022309233,26.013724282440194,11,11
18,PySIPS_1000_50,650,0.491682984774891,0.5203503584693993,22.477565702857987,5,5
19,PySIPS_1000_50,650,0.3902003899917027,0.5672433443276881,19.780755308436667,5,5
20,PySIPS_1000_50,650,0.3902003899917027,0.5672433443276881,19.586995797825818,5,5
21,PySIPS_1000_50,650,0.400984186143166,0.6174827235503098,24.113929418859662,5,5
22,PySIPS_1000_50,650,0.561711517855675,0.4486640461874174,20.08994145377453,5,5
23,PySIPS_1000_50,650,0.5185006173050408,0.4928978745225768,23.606189575950456,7,7
24,PySIPS_1000_50,650,0.4515779280949558,0.5101491786232928,23.81034403500793,5,5
25,PySIPS_1000_50,650,0.418552342935398,0.5993729624173274,24.839175804577422,7,7
26,PySIPS_1000_50,650,0.4515564514854653,0.5614268035930006,19.6353972488888,5,5
27,PySIPS_1000_50,650,0.4009841861431643,0.6174827235503115,23.555513726263126,5,5
28,PySIPS_1000_50,650,0.4835108180322501,0.5287159841845285,21.55787336554966,6,6
29,PySIPS_1000_50,650,0.5092331382785666,0.5058965913651425,22.510234928056978,5,5
0,PySIPS_500_10_best,650,0.6367751921098024,0.3378763308287689,29.2818074921955,10,10
1,PySIPS_500_10_best,650,0.5590538164575224,0.4101737418588415,28.085705167594696,7,7
2,PySIPS_500_10_best,650,0.6855175068783919,0.2925356103923761,29.592244993144792,11,11
3,PySIPS_500_10_best,650,0.6427842748278147,0.3682282400094326,26.450638749380328,7,7
4,PySIPS_500_10_best,650,0.7501257514139443,0.2557894993273938,28.391504649969743,11,11
5,PySIPS_500_10_best,650,0.7377406464447855,0.2703444820048133,27.29735416323973,12,12
6,PySIPS_500_10_best,650,0.6249405579889957,0.3488850578390888,22.65253337125428,19,19
7,PySIPS_500_10_best,650,0.6919201527159626,0.2865797878929161,29.185087081623582,11,11
8,PySIPS_500_10_best,650,0.7427792294587214,0.2651505657670309,28.23890364167611,11,11
9,PySIPS_500_10_best,650,0.7499060286234192,0.2560144235958899,26.932181530323074,13,13
10,PySIPS_500_10_best,650,0.7400772660326754,0.2679358273522065,27.531221683432562,12,12
11,PySIPS_500_10_best,650,0.7456676990817213,0.2603530867338086,28.19445639648649,11,11
12,PySIPS_500_10_best,650,0.7456676990817221,0.2603530867338077,28.19445639648649,11,11
13,PySIPS_500_10_best,650,0.750125751413945,0.2557894993273931,28.391504649969743,11,11
14,PySIPS_500_10_best,650,0.7427792294587214,0.2651505657670309,28.23890364167611,11,11
15,PySIPS_500_10_best,650,0.7427792294587214,0.2651505657670309,28.23890364167611,11,11
16,PySIPS_500_10_best,650,0.6988648050698797,0.2801197840461188,28.682759313808436,12,12
17,PySIPS_500_10_best,650,0.6905520542869998,0.2878524104323167,29.46794709426107,11,11
18,PySIPS_500_10_best,650,0.7501257514139443,0.2557894993273938,28.391504649969743,11,11
19,PySIPS_500_10_best,650,0.630587117793884,0.3436325561727996,29.277675531774683,9,9
20,PySIPS_500_10_best,650,0.6857309011009782,0.2923371083754948,28.834614167809413,12,12
21,PySIPS_500_10_best,650,0.7040292812700077,0.3050951264806134,26.516505992715217,11,11
22,PySIPS_500_10_best,650,0.8745986074461647,0.1283700085055244,26.932008945815905,19,19
23,PySIPS_500_10_best,650,0.7515660908296784,0.2543150628854759,27.713287292593098,12,12
24,PySIPS_500_10_best,650,0.6305871177938837,0.3436325561728,29.277675531774683,9,9
25,PySIPS_500_10_best,650,0.751990836192995,0.255654976697469,25.79429484455288,18,18
26,PySIPS_500_10_best,650,0.7443479922230649,0.2617040348949128,28.3519841488454,9,9
27,PySIPS_500_10_best,650,0.7429419473676209,0.264982831468147,26.810861697202768,13,13
28,PySIPS_500_10_best,650,0.7192469496890977,0.2873992921640821,27.76748663698421,10,10
29,PySIPS_500_10_best,650,0.7483367119966555,0.2594217529807511,25.4772525437053,15,15
0,PySIPS_500_50_best,650,0.0965763899806957,0.8403761194353181,7.484652717560091,3,3
1,PySIPS_500_50_best,650,0.3523966342593613,0.6024088781814545,16.63241105591007,3,3
2,PySIPS_500_50_best,650,0.3409531605776612,0.6130537427818846,15.876664174131893,4,4
3,PySIPS_500_50_best,650,0.3084186228451965,0.7129019676002835,17.84789919336336,3,3
4,PySIPS_500_50_best,650,0.3991887509539011,0.6150342000161756,15.573317928032807,3,3
5,PySIPS_500_50_best,650,0.3084186228451967,0.7129019676002832,17.847899193363357,3,3
6,PySIPS_500_50_best,650,0.1801189419680905,0.7626637762241527,9.115760638756512,3,3
7,PySIPS_500_50_best,650,0.3523966342593611,0.6024088781814547,16.63241105591007,3,3
8,PySIPS_500_50_best,650,0.3084186228451965,0.7129019676002835,17.84789919336336,3,3
9,PySIPS_500_50_best,650,0.3643672436631247,0.6506800337350728,14.615368932920793,2,2
10,PySIPS_500_50_best,650,0.3084186228451965,0.7129019676002835,17.84789919336336,3,3
11,PySIPS_500_50_best,650,0.3991887509539011,0.6150342000161756,15.573317928032807,3,3
12,PySIPS_500_50_best,650,0.3643672436631247,0.6506800337350728,14.615368932920793,2,2
13,PySIPS_500_50_best,650,0.3397562991794749,0.6758735909066075,11.698288906035753,4,4
14,PySIPS_500_50_best,650,0.3084186228451964,0.7129019676002835,17.847899193363357,3,3
15,PySIPS_500_50_best,650,0.3084186228451965,0.7129019676002835,17.84789919336336,3,3
16,PySIPS_500_50_best,650,0.3169326482156035,0.6353979285456847,15.686248697883567,2,2
17,PySIPS_500_50_best,650,0.3523966342593613,0.6024088781814545,16.63241105591007,3,3
18,PySIPS_500_50_best,650,0.3991887509539011,0.6150342000161756,15.573317928032807,3,3
19,PySIPS_500_50_best,650,0.3523966342593613,0.6024088781814545,16.63241105591007,3,3
20,PySIPS_500_50_best,650,0.3523966342593611,0.6024088781814547,16.63241105591007,3,3
21,PySIPS_500_50_best,650,0.3084186228451965,0.7129019676002835,17.84789919336336,3,3
22,PySIPS_500_50_best,650,0.3991887509539013,0.6150342000161755,15.573317928032807,3,3
23,PySIPS_500_50_best,650,0.3991887509539014,0.6150342000161754,15.57331792803281,3,3
24,PySIPS_500_50_best,650,0.314314833734164,0.6378330528339095,15.042462655343478,4,4
25,PySIPS_500_50_best,650,0.1504859619500477,0.8757034952581019,10.48100084909714,1,1
26,PySIPS_500_50_best,650,0.3991887509539008,0.6150342000161759,15.573317928032807,3,3
27,PySIPS_500_50_best,650,0.3084186228451965,0.7129019676002835,17.84789919336336,3,3
28,PySIPS_500_50_best,650,0.3643672436631247,0.6506800337350728,14.615368932920793,2,2
29,PySIPS_500_50_best,650,0.3084186228451965,0.7129019676002835,17.84789919336336,3,3
0,PySIPS_unlimited,650,0.6638982307174426,0.3126461357357982,31.095771715284,16,16
1,PySIPS_unlimited,650,0.879446965738847,0.1121399640157467,33.61198031882919,19,19
2,PySIPS_unlimited,650,0.8271277625287851,0.1608079515223828,35.14973758491937,18,18
3,PySIPS_unlimited,650,0.9176400763945584,0.0848989772270655,23.797741666416318,30,30
4,PySIPS_unlimited,650,0.7478391011722118,0.2581302812358113,29.877852494161527,16,16
5,PySIPS_unlimited,650,0.7710659294928481,0.2359918220856866,31.841119549863482,17,17
6,PySIPS_unlimited,650,0.8114874879432826,0.1753567336410906,33.776807405835456,22,22
7,PySIPS_unlimited,650,0.819967457449255,0.1674685582742695,35.932637914446744,22,22
8,PySIPS_unlimited,650,0.8587356850575604,0.1456193174091629,32.79258993524962,21,21
9,PySIPS_unlimited,650,0.7610964937282889,0.2445590476113194,31.315347864069388,15,15
10,PySIPS_unlimited,650,0.7397665250669265,0.2682561480739817,30.643302775264832,20,20
11,PySIPS_unlimited,650,0.7713652389220529,0.234047211330884,31.107995168212895,15,15
12,PySIPS_unlimited,650,0.8907609823534054,0.1118250231424532,32.04745221899921,23,23
13,PySIPS_unlimited,650,0.9034053011420538,0.0988813765258613,27.076704346262275,37,37
14,PySIPS_unlimited,650,0.704127587570211,0.3049937895199064,32.61243257261572,14,14
15,PySIPS_unlimited,650,0.7502776950335176,0.2574209318601037,34.728505217292636,20,20
16,PySIPS_unlimited,650,0.8549620208956008,0.1349161707738536,34.0790750352033,29,29
17,PySIPS_unlimited,650,0.8163039071929966,0.1708764392656075,36.73485958383674,28,28
18,PySIPS_unlimited,650,0.7526356498174953,0.2532201843233876,32.24082713232183,20,20
19,PySIPS_unlimited,650,0.7472358490930857,0.2351244243738293,33.000901629644105,12,12
20,PySIPS_unlimited,650,0.6912917094730442,0.2871643737814316,31.10141141637115,13,13
21,PySIPS_unlimited,650,0.7483959233044033,0.2593607162623084,29.80035887278,15,15
22,PySIPS_unlimited,650,0.8500549610492005,0.1534946744487857,33.56582125450856,25,25
23,PySIPS_unlimited,650,0.7992093982304476,0.205543899729194,28.688886547466673,20,20
24,PySIPS_unlimited,650,0.7093429056130038,0.2703729218036148,32.39220398794045,20,20
25,PySIPS_unlimited,650,0.7752771127083433,0.2316508133491547,32.749878098230994,14,14
26,PySIPS_unlimited,650,0.8181774390412574,0.18612683018452,33.1426431401962,15,15
27,PySIPS_unlimited,650,0.8513834678192369,0.1531981943259892,34.048274012750326,18,18
29,PySIPS_unlimited,650,0.882935889284022,0.1206730510994044,29.327301343018508,18,18
0,PySIPS,1089,0.5516320021812575,697.1001446086899,38.35714877271926,21,21
1,PySIPS,1089,0.8647970480829845,210.2067894929799,37.23067082757623,17,17
2,PySIPS,1089,0.8807387616105056,185.42141038606647,38.2867488131448,26,26
3,PySIPS,1089,0.4279016799200008,802.6450040359875,40.1791406418467,30,30
4,PySIPS,1089,0.7629438447638454,377.10471741802615,40.64338918435149,31,31
5,PySIPS,1089,0.7188075454522154,394.5086200984396,39.47263180636992,20,20
6,PySIPS,1089,0.8917414222378286,168.3150237757359,37.377006785083196,19,19
7,PySIPS,1089,0.8808768341826042,185.20674205459613,38.228609630123415,37,37
8,PySIPS,1089,0.7252477464535801,385.4731187216654,39.411677201298296,15,15
9,PySIPS,1089,0.5890468925798247,653.7368974509941,40.132610345795875,18,18
10,PySIPS,1089,0.725253774316203,385.4646617245909,39.37103586942355,15,15
11,PySIPS,1089,0.7842050459100212,343.28277661159905,40.97333330221204,17,17
12,PySIPS,1089,0.751820143834282,394.80010310209246,40.81041124641422,18,18
13,PySIPS,1089,0.7828550650395114,345.430302180746,40.56635012867041,16,16
14,PySIPS,1089,0.8223990695698775,249.17133037892395,40.631450447583006,14,14
15,PySIPS,1089,0.859269324033728,197.4429394638676,39.57292511899223,17,17
16,PySIPS,1089,0.7992155322410417,312.1696512482404,37.65327967402686,15,15
17,PySIPS,1089,0.8329631900288312,259.7004803026746,37.87870890049807,11,11
18,PySIPS,1089,0.7699387739127483,365.9773084822472,40.97834867292116,19,19
19,PySIPS,1089,0.6362481795537069,565.543142838874,33.44954790102723,17,17
20,PySIPS,1089,0.8301453825099421,264.0814665426676,39.77899101257176,33,33
21,PySIPS,1089,0.7363865376598512,369.84556870287975,38.873532706633895,20,20
22,PySIPS,1089,0.8021199597693016,314.7840501316131,41.265915273746955,20,20
23,PySIPS,1089,0.7703473023604028,365.3274286904464,41.19103730009818,32,32
24,PySIPS,1089,0.8790481626488382,188.0498691217188,39.05181072905785,14,14
25,PySIPS,1089,0.7349807556085662,371.817858955488,39.39838181545369,16,16
26,PySIPS,1089,0.6924974650048497,489.169565958552,40.62561335178942,25,25
27,PySIPS,1089,0.8167021128845838,257.1640715934427,40.30866814652186,20,20
28,PySIPS,1089,0.7599278231006099,381.9025510617383,41.070954380848676,13,13
29,PySIPS,1089,0.7271859528555709,382.75384542414736,39.660247499562416,17,17
0,PySIPS_1000_50,1089,0.8071914527850593,299.76908878242904,34.97453471358868,18,18
1,PySIPS_1000_50,1089,0.6186092069541087,592.9673354880996,37.496022185390686,20,20
2,PySIPS_1000_50,1089,0.7227479030604924,431.0576977166993,37.52979983264362,17,17
3,PySIPS_1000_50,1089,0.720928784601901,391.5325547157922,39.95723359850116,13,13
4,PySIPS_1000_50,1089,0.6824610414030767,505.1353301989437,37.78777400998099,10,10
5,PySIPS_1000_50,1089,0.6468513852333078,495.46198857056345,38.78083733917929,15,15
6,PySIPS_1000_50,1089,0.8590748394619492,219.1033933465346,34.965649968531466,20,20
7,PySIPS_1000_50,1089,0.8930057989486446,166.34923408459477,37.81926336718439,17,17
8,PySIPS_1000_50,1089,0.7295611287582251,379.421510744847,37.350748876834665,13,13
9,PySIPS_1000_50,1089,0.7890893497401289,335.5129129107317,39.77284741724961,14,14
10,PySIPS_1000_50,1089,0.7209926613720276,391.4429366053793,38.64775188245678,7,7
11,PySIPS_1000_50,1089,0.7549464275419003,389.8268665583902,38.16997414067958,14,14
12,PySIPS_1000_50,1089,0.6984341121245403,479.7256532609414,38.70351299565711,17,17
13,PySIPS_1000_50,1089,0.7779701294032111,353.20117094767227,37.23063734109735,17,17
14,PySIPS_1000_50,1089,0.8511553330591578,208.8267420200807,40.20058116730623,20,20
15,PySIPS_1000_50,1089,0.7133513277977612,402.1636082142379,39.04496657368834,9,9
16,PySIPS_1000_50,1089,0.8158385706336726,286.32498230729743,33.71388061583853,10,10
17,PySIPS_1000_50,1089,0.8029833778007529,306.31159336427936,34.82746346200902,8,8
18,PySIPS_1000_50,1089,0.7093701784528685,462.3287533647936,39.586838390275865,17,17
19,PySIPS_1000_50,1089,0.857715832273424,221.2163097728941,38.139420009150136,11,11
20,PySIPS_1000_50,1089,0.6605277305954751,527.7945108566852,34.610977288079646,15,15
21,PySIPS_1000_50,1089,0.7209926613720284,391.44293660537807,37.538101971044654,17,17
22,PySIPS_1000_50,1089,0.761359403761122,379.6252179973184,38.43611125916942,24,24
23,PySIPS_1000_50,1089,0.7727276820521916,361.5407629946102,39.269101071673695,9,9
24,PySIPS_1000_50,1089,0.8203168895211959,279.36231601692083,36.318464953207496,12,12
25,PySIPS_1000_50,1089,0.7232649778843612,388.2549120435208,38.879032280559464,15,15
26,PySIPS_1000_50,1089,0.7593624620142234,382.8019174270981,39.314528450336624,10,10
27,PySIPS_1000_50,1089,0.6582918282309385,479.4112258018096,38.377387465334486,10,10
28,PySIPS_1000_50,1089,0.7005546337011859,476.35236523497485,38.98815018883957,14,14
29,PySIPS_1000_50,1089,0.6815949426003679,446.717320452662,37.416122023285446,5,5
0,PySIPS_500_10_best,1089,0.7302282300242973,419.4276593697238,30.357802674215634,5,5
1,PySIPS_500_10_best,1089,0.682050704780899,494.3316667418973,34.85419676851979,7,7
2,PySIPS_500_10_best,1089,0.8185671592983099,282.0827090809525,33.68440708433965,5,5
3,PySIPS_500_10_best,1089,0.68159494260037,446.717320452659,36.55997213743753,5,5
4,PySIPS_500_10_best,1089,0.7243364981792776,438.5205980119284,34.751519286615405,11,11
5,PySIPS_500_10_best,1089,0.7199114660433104,392.9598367578924,36.53210012118176,8,8
6,PySIPS_500_10_best,1089,0.8185671592983056,282.0827090809594,33.68440708433965,5,5
7,PySIPS_500_10_best,1089,0.8185671592983043,282.0827090809615,33.68440708433965,5,5
8,PySIPS_500_10_best,1089,0.6815949426003682,446.7173204526615,36.55997213743753,5,5
9,PySIPS_500_10_best,1089,0.7243364981792784,438.5205980119272,34.75151928661541,11,11
10,PySIPS_500_10_best,1089,0.6815949426003742,446.7173204526532,36.55997213743753,5,5
11,PySIPS_500_10_best,1089,0.740163966833266,413.34254225438406,36.68098097865954,7,7
12,PySIPS_500_10_best,1089,0.7445081299227472,406.4319248412034,35.66296732385839,5,5
13,PySIPS_500_10_best,1089,0.7445081299227453,406.4319248412065,35.66296732385839,5,5
14,PySIPS_500_10_best,1089,0.5096019904354757,688.0207449501281,34.42023536258488,5,5
15,PySIPS_500_10_best,1089,-0.1284568406724773,1583.20731532535,0.0,5,5
16,PySIPS_500_10_best,1089,0.8261725187639919,270.2582764516835,34.63224945585407,7,7
17,PySIPS_500_10_best,1089,0.8185671592983045,282.0827090809611,33.684407084339654,5,5
18,PySIPS_500_10_best,1089,0.7445081299227458,406.4319248412056,35.66296732385839,5,5
19,PySIPS_500_10_best,1089,0.8185671592983043,282.0827090809615,33.68440708433965,5,5
20,PySIPS_500_10_best,1089,0.8185671592983039,282.0827090809619,33.68440708433965,5,5
21,PySIPS_500_10_best,1089,0.6913434307701367,433.0403438706039,34.613439224710305,9,9
22,PySIPS_500_10_best,1089,0.7751633826051746,357.66609385626793,31.313391532410826,16,16
23,PySIPS_500_10_best,1089,0.6824610414030766,505.135330198944,33.730742116446336,10,10
24,PySIPS_500_10_best,1089,0.8185671592983044,282.08270908096125,33.684407084339654,5,5
25,PySIPS_500_10_best,1089,0.6815949426003703,446.7173204526585,36.55997213743753,5,5
26,PySIPS_500_10_best,1089,0.7445081299227446,406.4319248412076,35.66296732385839,5,5
27,PySIPS_500_10_best,1089,0.681594942600368,446.71732045266185,36.55997213743753,5,5
28,PySIPS_500_10_best,1089,0.7134536546680668,455.83283199678897,31.902278582403426,14,14
29,PySIPS_500_10_best,1089,0.5096019904354757,688.0207449501281,34.42023536258488,5,5
0,PySIPS_500_50_best,1089,0.7302282300242973,419.4276593697238,30.357802674215634,5,5
1,PySIPS_500_50_best,1089,0.8185671592983043,282.0827090809615,33.68440708433965,5,5
2,PySIPS_500_50_best,1089,0.7392551513634582,405.39305341766334,29.17994017019722,11,11
3,PySIPS_500_50_best,1089,0.6815949426003671,446.7173204526632,35.747528312161144,6,6
4,PySIPS_500_50_best,1089,0.7445081299227452,406.4319248412068,35.66296732385839,5,5
5,PySIPS_500_50_best,1089,0.6683111296699791,465.3543024344205,34.773296899026946,6,6
6,PySIPS_500_50_best,1089,0.8185671592983043,282.0827090809615,33.68440708433965,5,5
7,PySIPS_500_50_best,1089,0.7302282300242973,419.4276593697238,30.357802674215634,5,5
8,PySIPS_500_50_best,1089,0.7209926613720228,391.442936605386,36.166714346056104,7,7
9,PySIPS_500_50_best,1089,0.7445081299227453,406.4319248412065,35.66296732385839,5,5
10,PySIPS_500_50_best,1089,0.5096019904354757,688.0207449501281,34.42023536258488,5,5
11,PySIPS_500_50_best,1089,0.7440750213145457,407.1209063154219,34.82233290883625,6,6
12,PySIPS_500_50_best,1089,0.7062164676548648,467.3456204362882,33.18556968367151,7,7
13,PySIPS_500_50_best,1089,0.7445081299227468,406.4319248412041,35.66296732385839,5,5
14,PySIPS_500_50_best,1089,0.5096019904354775,688.0207449501256,34.4202353625849,5,5
15,PySIPS_500_50_best,1089,-24.42740363733559,35674.25,0.0,5,5
16,PySIPS_500_50_best,1089,0.8185671592983126,282.0827090809484,33.68440708433965,5,5
17,PySIPS_500_50_best,1089,0.8185671592983044,282.08270908096125,33.684407084339654,5,5
18,PySIPS_500_50_best,1089,-0.0090634734023038,1605.200234582191,0.0,5,5
19,PySIPS_500_50_best,1089,-0.0632228554519696,1653.0457345139498,0.0,5,5
20,PySIPS_500_50_best,1089,0.7302282300242973,419.4276593697238,30.357802674215634,5,5
21,PySIPS_500_50_best,1089,0.5096019904354757,688.0207449501281,34.42023536258488,5,5
22,PySIPS_500_50_best,1089,0.7445081299227458,406.4319248412056,35.66296732385839,5,5
23,PySIPS_500_50_best,1089,0.7647555617904955,374.22267018033375,29.960354968825463,5,5
24,PySIPS_500_50_best,1089,0.8185671592982997,282.0827090809686,33.68440708433965,5,5
25,PySIPS_500_50_best,1089,0.6815949426003689,446.7173204526605,36.55997213743753,5,5
26,PySIPS_500_50_best,1089,0.7445081299227454,406.43192484120647,35.66296732385839,5,5
27,PySIPS_500_50_best,1089,0.6815949426003682,446.7173204526614,36.55997213743753,5,5
28,PySIPS_500_50_best,1089,0.7445081299227453,406.4319248412065,35.66296732385839,5,5
29,PySIPS_500_50_best,1089,0.6815949426003663,446.7173204526641,36.55997213743753,5,5
0,PySIPS_unlimited,1089,0.8787812934479948,188.46478401173,40.28478017267897,21,21
1,PySIPS_unlimited,1089,0.8785923144098713,188.7585991712525,40.67542266665038,19,19
2,PySIPS_unlimited,1089,0.8530302017157223,228.5012938824808,38.38517487877973,21,21
3,PySIPS_unlimited,1089,0.7265725547353614,383.6144334024556,37.895691596765694,11,11
4,PySIPS_unlimited,1089,0.783567573729937,344.2968560228381,40.45061794309743,25,25
5,PySIPS_unlimited,1089,0.75265554914412,347.0203997937549,39.88116244891547,26,26
6,PySIPS_unlimited,1089,0.8891086154051115,172.4083801989029,40.48057409519835,21,21
7,PySIPS_unlimited,1089,0.8761904206185268,192.4929435433455,39.8314144567195,11,11
8,PySIPS_unlimited,1089,0.7209287846018995,391.53255471579456,39.184078682150464,9,9
9,PySIPS_unlimited,1089,0.7842007963554989,343.2895367273854,40.70556129035548,22,22
10,PySIPS_unlimited,1089,0.8107332174231062,265.53833866190416,39.81575301135937,29,29
11,PySIPS_unlimited,1089,0.7730115355437228,361.0892139065664,41.10950388226115,17,17
12,PySIPS_unlimited,1089,0.7665472386777138,371.3725024401804,41.14708136273145,15,15
13,PySIPS_unlimited,1089,0.7756712845423428,356.85813248398847,41.17828186431126,14,14
14,PySIPS_unlimited,1089,0.807406957228834,270.20502974165254,39.65047329883236,17,17
15,PySIPS_unlimited,1089,0.6936350765133097,429.8252006998971,40.37898177019451,23,23
16,PySIPS_unlimited,1089,0.8427519282294195,244.4814395853101,38.71808402921167,28,28
17,PySIPS_unlimited,1089,0.742771915028992,399.9253651086748,37.31271632574303,15,15
18,PySIPS_unlimited,1089,0.7629946306188315,377.0239281827738,40.94197379321747,26,26
19,PySIPS_unlimited,1089,0.8634675497551458,212.27382701818695,34.93091710307161,13,13
20,PySIPS_unlimited,1089,0.7787878512178534,343.9295883190424,40.42091817934006,28,28
21,PySIPS_unlimited,1089,0.7220061184145332,390.02107221001006,40.14227226528401,33,33
22,PySIPS_unlimited,1089,0.7587381113458049,383.7951233708508,41.858322458545075,18,18
23,PySIPS_unlimited,1089,0.7725887082838809,361.761839994594,39.100638314458934,15,15
24,PySIPS_unlimited,1089,0.8512755662207525,231.22931341828507,40.25741989505323,12,12
25,PySIPS_unlimited,1089,0.7324792779585444,375.3273930128803,39.673176552018205,16,16
26,PySIPS_unlimited,1089,0.7666377839779877,371.228464586199,39.45741993324539,21,21
27,PySIPS_unlimited,1089,0.7249508733005638,385.88962711670433,40.865739788178345,21,21
28,PySIPS_unlimited,1089,0.7922495362623081,330.4857443723428,40.241915928109435,15,15
29,PySIPS_unlimited,1089,0.7209287846018989,391.5325547157952,39.14530584153621,9,9
0,PySIPS,1199,0.4327375374136891,140.8359741338599,18.658323223495817,20,20
1,PySIPS,1199,0.4385341495106277,139.39683164657745,17.037671776992546,23,23
2,PySIPS,1199,0.4100976145884883,146.45685652199683,19.57651954563441,31,31
3,PySIPS,1199,0.4169888600366481,145.35493238980897,16.445168667556565,17,17
4,PySIPS,1199,0.438309623787719,140.60676992984963,18.480514440902958,33,33
5,PySIPS,1199,0.4188799100463576,144.88346035871817,17.26449813937933,19,19
6,PySIPS,1199,0.4324824355948036,140.8993090370761,17.83656866505543,28,28
7,PySIPS,1199,0.4356419679505207,140.1148823448954,17.56018560660923,22,22
8,PySIPS,1199,0.413606464502334,146.19822309303072,19.838442076801222,23,23
9,PySIPS,1199,0.443193221087549,139.38426929418316,16.997156347821303,26,26
10,PySIPS,1199,0.4185246617548033,144.97203000663902,19.046223308844183,24,24
11,PySIPS,1199,0.4376424837993378,140.7737736792994,18.11764168360318,17,17
12,PySIPS,1199,0.4295882950753273,142.78996179440526,16.982685051415494,20,20
13,PySIPS,1199,0.4359481160203218,141.1979212000157,18.683106883093476,21,21
14,PySIPS,1199,0.4212825208760656,144.28444721681973,18.24452488290367,17,17
15,PySIPS,1199,0.4121691786167254,146.5565637462481,17.488469134904364,15,15
16,PySIPS,1199,0.4304642231848955,141.40037676058196,19.07479297310615,25,25
17,PySIPS,1199,0.4263872023296393,142.41259110858616,17.863462934986465,25,25
18,PySIPS,1199,0.4284805762211168,143.06725472424185,18.54120038789506,19,19
19,PySIPS,1199,0.4261196113038508,142.47902674512483,15.068511013053744,15,15
20,PySIPS,1199,0.4208093447254816,143.7974227536767,18.166777521368363,29,29
21,PySIPS,1199,0.4216901049843923,144.18282932918777,15.156136911126252,19,19
22,PySIPS,1199,0.432755598476997,141.99709739872208,18.21512387498381,16,16
23,PySIPS,1199,0.425814749224633,143.73458558665584,18.275937914632376,26,26
24,PySIPS,1199,0.2853524527396635,177.427716655003,12.385658749828504,27,27
25,PySIPS,1199,0.4247736071091048,143.41405801053065,18.569959924184197,22,22
26,PySIPS,1199,0.4368161601445967,140.9806255409839,17.888290214792395,25,25
27,PySIPS,1199,0.4207176268622471,144.42528523098042,17.409655851557744,23,23
28,PySIPS,1199,0.4381959955617991,140.63521424453984,16.96573193811265,22,22
29,PySIPS,1199,0.4216203804690783,144.20021287731348,17.34319997166552,21,21
0,PySIPS_1000_50,1199,0.4261933550550131,142.4607181600937,18.780700058653665,9,9
1,PySIPS_1000_50,1199,0.4299975618878046,141.51623617787305,19.01588376834395,16,16
2,PySIPS_1000_50,1199,0.4082074160986266,146.9261418408461,17.757577686290503,11,11
3,PySIPS_1000_50,1199,0.3895410372166777,152.19815742749012,17.399713679547745,8,8
4,PySIPS_1000_50,1199,0.4301068369071097,142.6601563088064,18.394140067988488,12,12
5,PySIPS_1000_50,1199,0.4117466019995668,146.66191953005088,19.44447206927732,9,9
6,PySIPS_1000_50,1199,0.4261933550550131,142.4607181600937,18.761104770281083,12,12
7,PySIPS_1000_50,1199,0.4285387519707363,141.8784193458016,19.28607603808753,16,16
8,PySIPS_1000_50,1199,0.3896556021549814,152.16959437316766,18.8788324724338,7,7
9,PySIPS_1000_50,1199,0.4141134316801921,146.66375178484174,16.503928638069567,10,10
10,PySIPS_1000_50,1199,0.4082450059851258,147.53492900971108,18.711458975961502,17,17
11,PySIPS_1000_50,1199,0.4169983296058227,145.94158135771846,17.16722490578063,7,7
12,PySIPS_1000_50,1199,0.4253231628382705,143.85764337232422,17.87649269316759,23,23
13,PySIPS_1000_50,1199,0.4289536426173098,142.9488330087416,18.42965679339068,13,13
14,PySIPS_1000_50,1199,0.407236440845198,147.7863820398095,13.885462542816674,19,19
15,PySIPS_1000_50,1199,0.4079303960518441,147.61336680008364,18.818346863918325,15,15
16,PySIPS_1000_50,1199,0.424078263098228,142.98583846288685,19.18018902609229,11,11
17,PySIPS_1000_50,1199,0.4241067064543962,142.97877674447997,18.78918591786458,14,14
18,PySIPS_1000_50,1199,0.4233893584780911,144.34172854856433,17.316266196373466,9,9
19,PySIPS_1000_50,1199,0.4170577488560912,144.72884285225544,18.028211762093488,11,11
20,PySIPS_1000_50,1199,0.4187003021414098,144.32104116033682,18.61342464688541,15,15
21,PySIPS_1000_50,1199,0.4031239216195037,148.81170542220687,18.985326256432547,8,8
22,PySIPS_1000_50,1199,0.4206711961562747,145.02216040284125,17.156060865771433,13,13
23,PySIPS_1000_50,1199,0.4294132012629255,142.83379266001938,17.998234162178925,11,11
24,PySIPS_1000_50,1199,0.4295279035005623,141.632839691837,18.847039779307405,15,15
25,PySIPS_1000_50,1199,0.3897133658642164,152.15519286438862,18.27534531382586,9,9
26,PySIPS_1000_50,1199,0.4330655582013988,141.91950583315108,17.99489681469904,14,14
27,PySIPS_1000_50,1199,0.4079608630525781,147.60577084088447,18.003968754982466,8,8
28,PySIPS_1000_50,1199,0.4284113082548447,143.08459442848036,17.82416640014297,17,17
29,PySIPS_1000_50,1199,0.3897075694229813,152.15663801914826,17.7590930074054,7,7
0,PySIPS_500_10_best,1199,0.4283391242974383,141.9279815144401,16.75431621385505,11,11
1,PySIPS_500_10_best,1199,0.4263652259714906,142.41804724575707,16.715960986777237,11,11
2,PySIPS_500_10_best,1199,0.423497580539103,143.1300062851398,14.680405133969368,16,16
3,PySIPS_500_10_best,1199,-0.4038110487242086,349.99478755792,0.0,20,20
4,PySIPS_500_10_best,1199,0.4373657828388704,140.8430396484801,14.719169253340349,14,14
5,PySIPS_500_10_best,1199,0.4117466019995668,146.66191953005088,17.77935011212101,9,9
6,PySIPS_500_10_best,1199,0.4244099022877848,142.90350139424098,14.771919179280713,16,16
7,PySIPS_500_10_best,1199,0.4280232960604708,142.00639314987512,12.651433931279959,21,21
8,PySIPS_500_10_best,1199,0.4160948355891167,145.57782841051608,14.166156765794039,18,18
9,PySIPS_500_10_best,1199,0.4328881033710735,141.96392772741376,15.751045859356815,12,12
10,PySIPS_500_10_best,1199,0.4131267033840357,146.3178359788461,16.630727226799188,12,12
11,PySIPS_500_10_best,1199,0.4272154638319347,143.38394764648964,15.957753354762907,10,10
12,PySIPS_500_10_best,1199,0.428277338446734,143.11813080863627,15.024322133997448,13,13
13,PySIPS_500_10_best,1199,0.4212712823658991,144.87194208472846,16.14812844232452,10,10
14,PySIPS_500_10_best,1199,0.4178196632494282,145.1477985349902,16.63123468009883,12,12
15,PySIPS_500_10_best,1199,0.4118533451061489,146.63530659596304,17.17378136871858,11,11
17,PySIPS_500_10_best,1199,0.4265742437711146,142.3661537619416,15.943375220704297,13,13
18,PySIPS_500_10_best,1199,0.4362554162460977,141.1209953811394,14.720453278908899,14,14
19,PySIPS_500_10_best,1199,0.4297052633535757,141.58880602255894,16.00417057926636,13,13
20,PySIPS_500_10_best,1199,0.4285357787369233,141.87915751958886,13.56303811506039,19,19
21,PySIPS_500_10_best,1199,0.4117466019995677,146.66191953005065,16.478422055136544,12,12
22,PySIPS_500_10_best,1199,0.4284906106504333,143.0647428266662,15.776336769870849,11,11
23,PySIPS_500_10_best,1199,0.4282773384465376,143.11813080868544,15.836447654754068,11,11
24,PySIPS_500_10_best,1199,0.4285683535611977,141.87107006904964,16.7447304495115,11,11
25,PySIPS_500_10_best,1199,0.4099467483031757,147.1106547160834,16.861270196859476,11,11
26,PySIPS_500_10_best,1199,0.3734103078050311,156.85287913420896,10.885901911502328,20,20
27,PySIPS_500_10_best,1199,0.4209682116341017,144.36281003955764,14.744199432408303,17,17
28,PySIPS_500_10_best,1199,0.4309146894902959,142.45792827159616,6.829214819728612,34,34
29,PySIPS_500_10_best,1199,0.4117466019995667,146.66191953005088,17.77935011212101,9,9
0,PySIPS_500_50_best,1199,0.4082074160986265,146.9261418408461,18.038690998591413,5,5
1,PySIPS_500_50_best,1199,0.4111130631285952,146.20474802943642,17.417653456946564,7,7
2,PySIPS_500_50_best,1199,0.4173965324906944,144.6447320105431,15.54689463481764,12,12
3,PySIPS_500_50_best,1199,0.3895120900372234,152.20537446851048,17.333955341773567,8,8
4,PySIPS_500_50_best,1199,0.4163635820183106,146.10047638562102,16.51471336978881,6,6
5,PySIPS_500_50_best,1199,0.3895410371942996,152.19815743306938,18.159432748360583,6,6
6,PySIPS_500_50_best,1199,0.408949580903505,146.74188233108342,14.84071984327508,14,14
7,PySIPS_500_50_best,1199,0.4082074161429442,146.92614182984323,17.637831198622713,6,6
8,PySIPS_500_50_best,1199,0.3895410371942991,152.19815743306953,18.572147129005142,5,5
9,PySIPS_500_50_best,1199,-0.0080741697659629,252.3490856587829,0.0,5,5
10,PySIPS_500_50_best,1199,0.3895410371942991,152.19815743306953,18.572147129005142,5,5
11,PySIPS_500_50_best,1199,0.4163635820180156,146.10047638569486,16.890047764556737,5,5
12,PySIPS_500_50_best,1199,0.4163635820180149,146.10047638569503,16.890047764556737,5,5
13,PySIPS_500_50_best,1199,0.4051765678715731,148.90089809649223,13.48688866860481,13,13
14,PySIPS_500_50_best,1199,0.392671284841983,151.4177316332794,17.860717993291583,7,7
15,PySIPS_500_50_best,1199,-0.0008622663089254,249.53256821128625,0.0,1,1
16,PySIPS_500_50_best,1199,0.4131483352880151,145.69944483011568,17.451957752011428,7,7
17,PySIPS_500_50_best,1199,0.4082074160986265,146.9261418408461,18.038690998591413,5,5
18,PySIPS_500_50_best,1199,0.4163635820180156,146.10047638569486,16.890047764556737,5,5
19,PySIPS_500_50_best,1199,0.4100165008719457,146.47699487071256,17.750154515871035,7,7
20,PySIPS_500_50_best,1199,-0.003345320745782,249.1035895370602,0.0,5,5
21,PySIPS_500_50_best,1199,0.3895410371942649,152.19815743307802,18.159432748360583,6,6
22,PySIPS_500_50_best,1199,0.416363582660341,146.10047622490288,16.51471336978881,6,6
23,PySIPS_500_50_best,1199,0.4179712191883413,145.6980399557475,15.0057375648109,10,10
24,PySIPS_500_50_best,1199,0.4082074160986265,146.9261418408461,18.038690998591413,5,5
25,PySIPS_500_50_best,1199,0.38957532313927,152.18960934389665,17.746613481445618,7,7
26,PySIPS_500_50_best,1199,0.4163635820180156,146.10047638569486,16.890047764556737,5,5
27,PySIPS_500_50_best,1199,-0.0008954648947565,249.54084520269876,0.0,9,9
28,PySIPS_500_50_best,1199,0.4163635820180151,146.10047638569498,16.890047764556737,5,5
29,PySIPS_500_50_best,1199,0.3895410371942991,152.19815743306953,18.572147129005142,5,5
0,PySIPS_unlimited,1199,0.4256495261789963,142.5957362065316,19.556619592947044,26,26
1,PySIPS_unlimited,1199,0.4373204780913209,139.69815353527986,18.404120886518005,21,21
2,PySIPS_unlimited,1199,0.4389196464006956,139.30112316308154,18.036890146979875,23,23
3,PySIPS_unlimited,1199,0.4098018857147757,147.14677150751214,16.9074460872216,34,34
4,PySIPS_unlimited,1199,0.4315035497480534,142.31052012239184,15.618012735238679,24,24
5,PySIPS_unlimited,1199,0.4146552771556374,145.93673564989183,17.267489035958896,16,16
6,PySIPS_unlimited,1199,0.4318703295120951,141.0512784729497,17.54737086185436,24,24
7,PySIPS_unlimited,1199,0.4405458699257371,138.89737571033382,16.67973847778449,30,30
8,PySIPS_unlimited,1199,0.357001294282828,160.3108877167069,10.305654172189012,23,23
9,PySIPS_unlimited,1199,0.4237550805971027,144.25017810008967,17.540686071694694,27,27
10,PySIPS_unlimited,1199,0.4156338419936838,145.69276222275937,17.7359991003772,24,24
11,PySIPS_unlimited,1199,0.4355920020197152,141.2870664684281,15.957622346589933,18,18
12,PySIPS_unlimited,1199,0.4262100364191314,143.63563417504744,16.230118336954163,21,21
13,PySIPS_unlimited,1199,0.4409674333379059,139.9414460578963,18.71696365054408,22,22
14,PySIPS_unlimited,1199,0.4230940300835352,143.83280610685432,18.22316456285553,33,33
15,PySIPS_unlimited,1199,0.4236916398317276,143.6838114846427,17.56769181565696,19,19
16,PySIPS_unlimited,1199,0.4264936281146784,142.3861684557623,14.417428181129726,20,20
17,PySIPS_unlimited,1199,0.4355409690502241,140.139957648565,18.314943988903387,39,39
18,PySIPS_unlimited,1199,0.4368547820987938,140.9709573884607,17.569142511035235,19,19
19,PySIPS_unlimited,1199,0.4378119194121161,139.57614190625674,18.76425820230986,23,23
21,PySIPS_unlimited,1199,0.4158950134807696,145.62764757700853,18.115554638312013,16,16
22,PySIPS_unlimited,1199,0.4333155179222642,141.8569339422092,18.759848810665563,25,25
23,PySIPS_unlimited,1199,0.4410090346994187,139.93103207660917,16.008437089192334,44,44
24,PySIPS_unlimited,1199,0.4223501428072446,143.4148841351344,16.79759435523376,27,27
25,PySIPS_unlimited,1199,0.4152826951433437,145.78030930924092,18.085973072503045,15,15
26,PySIPS_unlimited,1199,0.4353271584094094,141.35336421209388,14.993698888589861,33,33
27,PySIPS_unlimited,1199,0.4174519991070394,145.23946367291953,16.482537720011727,25,25
28,PySIPS_unlimited,1199,0.4251012562103529,143.91319279153973,16.695607945815155,25,25
29,PySIPS_unlimited,1199,0.4166270638518058,145.44513454270427,18.601906947211422,22,22
0,PySIPS,210,0.7657371126295467,0.1480582552979466,34.61155401214495,16,16
1,PySIPS,210,0.750052438760236,0.1579712443935482,28.783098926191496,22,22
2,PySIPS,210,0.8877875317938868,0.0709202488356629,41.941726889282634,18,18
3,PySIPS,210,0.8957234910115193,0.0783599580817824,42.40430521259083,20,20
4,PySIPS,210,0.7990756140726931,0.3854137001312455,38.62447408383963,18,18
5,PySIPS,210,0.8787386346293591,0.0911234524396362,40.703476591946675,17,17
6,PySIPS,210,0.8919917026036338,0.0682631391156697,40.17006576856393,29,29
7,PySIPS,210,0.7853284334818091,0.1356761967613707,42.91870353271298,26,26
8,PySIPS,210,0.854047341019786,0.1096780506995844,40.902011932231055,16,16
9,PySIPS,210,0.8308029639093901,0.3245542119238562,41.945158958698,13,13
10,PySIPS,210,0.8609510104308199,0.1044901972615788,40.995668757001,19,19
11,PySIPS,210,0.8423807216672018,0.3023457257012042,41.58535679845305,19,19
12,PySIPS,210,0.7953391010793454,0.3925810894538917,43.98575079528538,22,22
13,PySIPS,210,0.8265074607297156,0.3327938577327172,42.21184919347889,14,14
14,PySIPS,210,0.852463834801819,0.1108679973334503,41.65073121943899,29,29
15,PySIPS,210,0.8697476039703004,0.0978798810196694,44.996775855605485,18,18
16,PySIPS,210,0.8285425370166374,0.1083641250736617,42.11481689950321,18,18
17,PySIPS,210,0.8313146134906602,0.1066121241020044,42.175240277480526,22,22
18,PySIPS,210,0.7623865617608169,0.4557907394366934,42.12737596326916,13,13
19,PySIPS,210,0.8556762930606431,0.0912151151530135,43.421031857716486,21,21
20,PySIPS,210,0.8557518312855008,0.0911673736694764,37.58121719735213,23,23
21,PySIPS,210,0.857637141231448,0.1069804479812302,42.50519180395262,17,17
22,PySIPS,210,0.8202077041863236,0.3448780677608278,40.317871421222954,11,11
23,PySIPS,210,0.5218063368734287,0.9172723770404136,42.32125728244259,16,16
24,PySIPS,210,0.8484338014663263,0.0957924969205697,39.309810546235276,20,20
25,PySIPS,210,0.7745412453150953,0.1694239549986435,40.95697543635927,17,17
26,PySIPS,210,0.7708232834896173,0.4396073970142806,41.595032974696,18,18
27,PySIPS,210,0.8955674449117311,0.0784772209817091,43.10220151099423,15,15
28,PySIPS,210,0.8184888780621502,0.3481751246777497,42.188539903132266,13,13
29,PySIPS,210,0.877173201579757,0.0922998177527501,40.40387831030624,22,22
0,PySIPS_1000_50,210,0.8543221358502878,0.092070966270597,35.785394904140865,8,8
1,PySIPS_1000_50,210,0.8341682008482324,0.1048086068217179,42.50745766367763,7,7
2,PySIPS_1000_50,210,0.8510144687245929,0.0941614699318207,44.734867422307055,11,11
3,PySIPS_1000_50,210,0.858753528681067,0.1061415239071145,39.20172467123648,8,8
4,PySIPS_1000_50,210,0.85521352646479,0.2777298048547926,42.6581021843828,7,7
5,PySIPS_1000_50,210,0.70765740434068,0.2196846994936739,40.53510075768362,16,16
6,PySIPS_1000_50,210,0.8565835771912295,0.0906416956628759,42.19276890236542,7,7
7,PySIPS_1000_50,210,0.7559243400257455,0.1542600997627798,40.19563383509325,10,10
8,PySIPS_1000_50,210,0.7356430968796135,0.1986544817052866,38.645488390017135,7,7
9,PySIPS_1000_50,210,0.8064895708914994,0.3711922281234463,40.812909388083,10,10
10,PySIPS_1000_50,210,0.8652361743846647,0.1012700542873454,41.90427513684402,9,9
11,PySIPS_1000_50,210,0.6883507197153458,0.5978064917476202,39.8145185723662,13,13
12,PySIPS_1000_50,210,0.8413083158323698,0.3044028174720083,42.532500993394365,7,7
13,PySIPS_1000_50,210,0.8413083158323685,0.3044028174720108,42.532500993394365,7,7
14,PySIPS_1000_50,210,0.8613063557356028,0.1042231683453114,41.90504848688705,17,17
15,PySIPS_1000_50,210,0.8627888712914121,0.1031091124765861,41.280042047360105,7,7
16,PySIPS_1000_50,210,0.7826714945596839,0.1373554287799746,38.40988336272427,11,11
17,PySIPS_1000_50,210,0.7081822423901956,0.1844339431723241,39.896913083858976,11,11
18,PySIPS_1000_50,210,0.4697937430930633,1.0170430750061978,42.432784828091435,9,9
19,PySIPS_1000_50,210,0.8384786161706883,0.1020843487054796,39.67949665756886,9,9
20,PySIPS_1000_50,210,0.824473378814607,0.1109359044565872,40.95475902390814,7,7
21,PySIPS_1000_50,210,0.8903190534557947,0.0824211939673161,38.90935128789315,8,8
22,PySIPS_1000_50,210,0.7838457971036662,0.414627576203401,41.07453605431963,12,12
23,PySIPS_1000_50,210,0.842404151135189,0.3023007832323875,42.88772144043185,16,16
24,PySIPS_1000_50,210,-1.778761386627238,1.7562259537198146,39.32513622690678,11,11
25,PySIPS_1000_50,210,0.8326022501836426,0.1257932470681725,40.560652489164994,16,16
26,PySIPS_1000_50,210,0.8283458850644246,0.3292673872051035,41.867081475482635,5,5
27,PySIPS_1000_50,210,0.8813322335408527,0.0891744583281433,41.657226251640175,7,7
28,PySIPS_1000_50,210,0.3845770079014848,1.1805060467689854,43.38564617866201,10,10
29,PySIPS_1000_50,210,0.856720950852702,0.1076689313258482,43.22546684372304,12,12
0,PySIPS_500_10_best,210,0.8523441946516068,0.093321059813991,35.64855503555448,12,12
1,PySIPS_500_10_best,210,0.8559802678481133,0.0910229977536568,37.35052374655647,7,7
2,PySIPS_500_10_best,210,0.8719347667675676,0.0809394744918953,33.27944303967742,14,14
3,PySIPS_500_10_best,210,0.8752134823419211,0.0937724746226291,36.480415240700395,11,11
4,PySIPS_500_10_best,210,0.8413083158323684,0.3044028174720108,37.960569505021226,7,7
5,PySIPS_500_10_best,210,0.8806585031535517,0.0896807419141536,34.31595169039669,13,13
6,PySIPS_500_10_best,210,0.8706245056861937,0.0817675824857418,32.97363748202534,15,15
7,PySIPS_500_10_best,210,0.7121728622377052,0.1819118014075242,34.94325288667162,12,12
8,PySIPS_500_10_best,210,0.7129544102421488,0.2157041945417494,28.520023362613504,13,13
9,PySIPS_500_10_best,210,0.8408141908209027,0.3053506494044937,37.88656833354041,7,7
10,PySIPS_500_10_best,210,0.8641852931096343,0.102059752882543,37.422211544065604,6,6
11,PySIPS_500_10_best,210,0.7003781586493467,0.5747354258774323,29.241901792591403,9,9
12,PySIPS_500_10_best,210,0.7955466049954845,0.3921830548811256,37.340782387515326,8,8
13,PySIPS_500_10_best,210,0.8373476357283463,0.3120002047522173,36.08934163310365,9,9
14,PySIPS_500_10_best,210,0.6794488512644892,0.2408823887723037,27.591636559218884,19,19
15,PySIPS_500_10_best,210,0.8738433602160275,0.0948020709659801,34.79099914045163,13,13
16,PySIPS_500_10_best,210,0.7677709956320409,0.1467728055529631,31.008552924869733,17,17
17,PySIPS_500_10_best,210,0.7555589666310052,0.1544910221592582,32.68689573559477,15,15
18,PySIPS_500_10_best,210,0.8413083158323684,0.3044028174720108,37.960569505021226,7,7
19,PySIPS_500_10_best,210,0.8593316902271327,0.0889048400045831,34.70310926663763,13,13
20,PySIPS_500_10_best,210,0.6746262804923455,0.2056418998794549,29.259514143487635,19,19
21,PySIPS_500_10_best,210,0.8787338573139887,0.0911270424162839,34.67286549998519,13,13
22,PySIPS_500_10_best,210,0.8490621192854171,0.2895294507318925,33.18611760031989,13,13
23,PySIPS_500_10_best,210,0.8408141908209046,0.3053506494044902,37.88656833354041,7,7
24,PySIPS_500_10_best,210,0.4638706016598853,0.3388431869135535,34.46885129756568,11,11
25,PySIPS_500_10_best,210,0.8703110506243484,0.0974564715996494,35.56101504764386,12,12
26,PySIPS_500_10_best,210,0.8408141908209027,0.3053506494044937,37.88656833354041,7,7
27,PySIPS_500_10_best,210,0.8766485318838417,0.092694087716115,35.57127927639121,12,12
28,PySIPS_500_10_best,210,0.8413083158323684,0.3044028174720108,37.960569505021226,7,7
29,PySIPS_500_10_best,210,0.8069933618877443,0.1450373839581917,28.029707880626315,20,20
0,PySIPS_500_50_best,210,0.7409919028605474,0.1636976620623057,33.74024611046426,12,12
2,PySIPS_500_50_best,210,0.8529859026036696,0.0929154891285969,37.52098978426031,6,6
3,PySIPS_500_50_best,210,0.7072443897465029,0.219995064758112,34.777679739330914,3,3
4,PySIPS_500_50_best,210,0.7338466533841567,0.5105360688206286,34.588935357317965,1,1
5,PySIPS_500_50_best,210,0.8733545757246932,0.0951693745190383,38.2211476317855,5,5
6,PySIPS_500_50_best,210,0.8529859026036696,0.0929154891285969,37.52098978426031,6,6
7,PySIPS_500_50_best,210,0.8565835771912296,0.0906416956628758,37.39264889594015,7,7
8,PySIPS_500_50_best,210,0.8733545757246932,0.0951693745190383,38.2211476317855,5,5
9,PySIPS_500_50_best,210,0.8130566965921839,0.3585951498551892,34.97678338164496,9,9
10,PySIPS_500_50_best,210,0.8733545757246934,0.0951693745190382,38.22114763178549,5,5
11,PySIPS_500_50_best,210,0.7225551757885275,0.5321954116624428,33.28997442490789,3,3
12,PySIPS_500_50_best,210,0.6538142807112743,0.6640543823880923,34.3222102965405,5,5
13,PySIPS_500_50_best,210,0.2324212828839649,1.4723715697342827,32.54713468714128,12,12
14,PySIPS_500_50_best,210,0.8664058794765233,0.1003910639677116,37.430223014032485,6,6
15,PySIPS_500_50_best,210,0.7513297095931707,0.1868665696759792,35.745190376382986,5,5
16,PySIPS_500_50_best,210,0.8343031856474796,0.1047232940600909,38.59282002872131,5,5
17,PySIPS_500_50_best,210,0.8529859026036696,0.0929154891285969,38.37373955208441,5,5
18,PySIPS_500_50_best,210,0.8157533034136442,0.353422511362049,35.850823340906715,10,10
19,PySIPS_500_50_best,210,0.7635260618067474,0.1494556782140275,36.116121234757045,7,7
20,PySIPS_500_50_best,210,-inf,inf,0.0,5,5
21,PySIPS_500_50_best,210,0.7513297095931712,0.1868665696759787,35.745190376382986,5,5
22,PySIPS_500_50_best,210,0.7338466533841567,0.5105360688206286,34.588935357317965,1,1
23,PySIPS_500_50_best,210,0.8283458850644244,0.3292673872051039,39.02980812604483,5,5
24,PySIPS_500_50_best,210,-inf,inf,0.0,8,8
25,PySIPS_500_50_best,210,0.8733545757246932,0.0951693745190383,38.2211476317855,5,5
26,PySIPS_500_50_best,210,0.8283458850644245,0.3292673872051035,39.02980812604483,5,5
27,PySIPS_500_50_best,210,0.7163903300513507,0.2131222272814995,36.06399731528831,1,1
28,PySIPS_500_50_best,210,0.7338466533841567,0.5105360688206286,34.588935357317965,1,1
29,PySIPS_500_50_best,210,-inf,inf,0.0,14,14
1,PySIPS_unlimited,210,0.6763412872102537,0.2045579855414736,43.3437334077783,17,17
2,PySIPS_unlimited,210,0.8650129663691298,0.085314173796667,41.845839237679826,26,26
3,PySIPS_unlimited,210,0.868120493990448,0.0991025942755358,39.54914626524587,19,19
4,PySIPS_unlimited,210,0.7397581566051104,0.4991966073649652,42.7982836730252,16,16
5,PySIPS_unlimited,210,0.8342444567065552,0.1245591893159008,42.099536196592865,17,17
6,PySIPS_unlimited,210,0.6104329716767605,0.2462131974149798,43.82008765013961,20,20
7,PySIPS_unlimited,210,0.2861645342977799,0.4511565395953458,41.20874784340748,22,22
8,PySIPS_unlimited,210,0.8974445375795106,0.0770666549377397,44.2964071975163,18,18
9,PySIPS_unlimited,210,0.830157984989214,0.3257914122317454,41.18589337606172,13,13
10,PySIPS_unlimited,210,0.8792278566753899,0.0907558200803299,40.78943102709005,15,15
11,PySIPS_unlimited,210,-1630166700.249865,3126990172.247026,41.94461042210489,13,13
12,PySIPS_unlimited,210,-73703641291.69627,141378523929.1032,42.20628609390286,22,22
13,PySIPS_unlimited,210,0.8368012074792015,0.3130483648965779,43.61671595418382,18,18
14,PySIPS_unlimited,210,0.866680616066094,0.1001846095337156,41.30879956303688,12,12
15,PySIPS_unlimited,210,0.8520202128369654,0.111201362910293,40.78649099338078,15,15
16,PySIPS_unlimited,210,0.8683151709102316,0.0832271225847551,33.948470586537056,22,22
17,PySIPS_unlimited,210,0.805215667915202,0.1231071156492902,40.191575302244274,27,27
18,PySIPS_unlimited,210,0.8638312141897532,0.261199332969437,42.06765987437511,12,12
19,PySIPS_unlimited,210,0.8632651154511863,0.0864188462453695,36.018066302910455,28,28
20,PySIPS_unlimited,210,0.5070853407484304,0.3115307135447438,43.23556637228411,21,21
21,PySIPS_unlimited,210,0.8967045688215373,0.0776227142210729,40.254857084352246,27,27
22,PySIPS_unlimited,210,0.7975795796575611,0.3882833973897371,42.171055537610115,18,18
23,PySIPS_unlimited,210,0.8221966792388891,0.341062810439323,42.07743626419156,19,19
24,PySIPS_unlimited,210,0.85029064474863,0.0946189393851635,40.1587084816134,22,22
25,PySIPS_unlimited,210,0.8959250036155852,0.078208528777515,39.33689351594319,18,18
26,PySIPS_unlimited,210,-884.0747286111076,1697.752736544781,42.03300694563154,12,12
27,PySIPS_unlimited,210,0.8784324649059657,0.0913535277166449,43.31039030225254,29,29
28,PySIPS_unlimited,210,0.8482678508615994,0.2910530185691571,42.08277680111251,15,15
29,PySIPS_unlimited,210,0.866374519600081,0.1004146297604994,39.43385065902339,21,21
0,PySIPS,557,-1.937969939790583,25248034.894960854,26.368961069698443,25,25
1,PySIPS,557,-1.9492477085683453,25344952.6665765,32.6907156064977,21,21
2,PySIPS,557,-1.912109095767636,25025794.536589097,33.38409003674814,18,18
3,PySIPS,557,0.8812349468350146,1599320.6326518948,33.39987760596081,16,16
4,PySIPS,557,0.7205689067109451,2335937.6804251145,36.388301952605914,23,23
5,PySIPS,557,0.8810982769968075,1601161.063706996,35.20337926303729,16,16
6,PySIPS,557,-48288.60683858105,414986437407.6408,29.93729586123854,20,20
7,PySIPS,557,0.8424635173716806,1353821.411431022,29.80346891645594,20,20
8,PySIPS,557,0.8855604410755392,1541072.4190492113,35.94615337682092,14,14
9,PySIPS,557,0.6176470321666158,3196325.413437296,37.2303746114236,17,17
10,PySIPS,557,0.8708795716606594,1738768.7677206383,30.544151476515243,22,22
11,PySIPS,557,0.6530983464245377,2899965.907338925,26.055930184331828,24,24
12,PySIPS,557,0.726931077217642,2282752.354336477,36.8224417505854,18,18
13,PySIPS,557,0.8773074998795928,1025662.644637579,37.31950575072558,21,21
14,PySIPS,557,0.873038992245653,1709689.4568954604,25.84657917218331,28,28
15,PySIPS,557,0.8783136272682404,1638659.87035864,30.523274516069126,27,27
16,PySIPS,557,-3.5276910094963974,38909622.27119108,29.661157183391154,18,18
17,PySIPS,557,0.3987918177395222,5166603.292724807,31.4677903948184,23,23
18,PySIPS,557,0.8891976042087497,926265.893904716,36.24706425838894,19,19
19,PySIPS,557,-42091.9030135918,361733818213.6478,28.266176678848392,23,23
20,PySIPS,557,0.3739577002932185,5380020.269998075,28.18300353666507,29,29
21,PySIPS,557,0.9080708820318596,1237941.054122162,36.740451090833844,23,23
22,PySIPS,557,0.8805742519446512,998353.8396239476,18.031835910288898,30,30
23,PySIPS,557,0.9002731130588687,833678.8516097771,33.04649128714103,24,24
24,PySIPS,557,0.8307531502915743,1454456.8034637943,22.675639770474127,25,25
25,PySIPS,557,0.8597656875348557,1888431.178653997,29.102812369478837,33,33
26,PySIPS,557,0.8850978515188631,960538.2673761388,37.2840348214865,17,17
27,PySIPS,557,0.8909758831211305,1468146.6890669,36.98678990074905,19,19
28,PySIPS,557,0.752786880669581,2066607.669684035,36.45252393644173,25,25
29,PySIPS,557,0.8827710316918972,1578635.3204354823,35.561706937183274,21,21
0,PySIPS_1000_50,557,0.8329738556455588,1435372.7258803376,37.41437880251386,10,10
1,PySIPS_1000_50,557,0.4382016575051028,4827926.917541363,16.597600238530934,11,11
2,PySIPS_1000_50,557,0.1995181212270028,6879101.83638062,9.596642127064735,18,18
3,PySIPS_1000_50,557,0.8819042633858463,1590307.4445044224,38.2043938568433,12,12
4,PySIPS_1000_50,557,0.8865172210838247,948672.8775577884,36.7331027526408,20,20
5,PySIPS_1000_50,557,0.8860208636247305,1534872.251044935,36.06630481044879,10,10
6,PySIPS_1000_50,557,0.1381208406405591,7406731.701379417,7.830169710464457,12,12
7,PySIPS_1000_50,557,0.2008971137550579,6867251.187060938,8.943110089707048,13,13
8,PySIPS_1000_50,557,0.8859989012202497,1535168.0024102794,35.55555192422144,11,11
9,PySIPS_1000_50,557,0.650684118157342,2920147.9375922885,22.619246047186664,26,26
10,PySIPS_1000_50,557,0.8868075599691184,1524278.3965255965,36.712347876612,16,16
11,PySIPS_1000_50,557,0.1497405253817746,7107845.879000359,7.0221999866087215,13,13
12,PySIPS_1000_50,557,0.8700395334717154,1086420.0800123983,38.35290704491317,12,12
13,PySIPS_1000_50,557,0.8702287124496214,1084838.6156963354,33.245550892948344,20,20
14,PySIPS_1000_50,557,0.8860910187690479,1533927.5238983254,36.860800226068264,15,15
15,PySIPS_1000_50,557,0.7583960256050715,3253501.0163615136,31.02344726746763,12,12
16,PySIPS_1000_50,557,0.0910154497324903,7811541.341287601,9.546998961779218,16,16
17,PySIPS_1000_50,557,0.2633612868823365,6330452.766681313,9.409587533509725,15,15
18,PySIPS_1000_50,557,0.8700303335167251,1086496.988137643,36.967051549557816,9,9
19,PySIPS_1000_50,557,0.833562238850499,1430316.3366066625,38.7213816053984,11,11
20,PySIPS_1000_50,557,0.833933353528413,1427127.0880676955,38.561531722525565,11,11
21,PySIPS_1000_50,557,0.896818812236865,1389464.308678998,33.48550062596744,13,13
22,PySIPS_1000_50,557,0.8833516895248323,975135.5176319054,34.698736342643905,16,16
23,PySIPS_1000_50,557,0.7218985411352823,2324822.4422587347,37.67603922208376,13,13
24,PySIPS_1000_50,557,-34.461237868440726,304743271.5341932,36.0122154321161,20,20
25,PySIPS_1000_50,557,0.7609398768185861,3219244.8642043737,27.339060767634198,17,17
26,PySIPS_1000_50,557,0.8760098494881855,1036510.5084512562,38.28530437205213,21,21
27,PySIPS_1000_50,557,0.8815591627353222,1594954.6582766254,38.3058318173938,15,15
28,PySIPS_1000_50,557,0.7025100638947274,2486902.7391189947,28.915516009280847,12,12
29,PySIPS_1000_50,557,0.8860528234399154,1534441.8719857852,37.49537987511001,13,13
0,PySIPS_500_10_best,557,-0.3079204234064263,11239876.910500742,17.70725483091506,31,31
1,PySIPS_500_10_best,557,-1.8830887942798684,24776402.74578076,25.642095774977722,23,23
2,PySIPS_500_10_best,557,-4.407600386287489,46471300.26821248,19.000695243700036,30,30
3,PySIPS_500_10_best,557,-0.0037350414244941,13516553.217349743,0.0,12,12
4,PySIPS_500_10_best,557,0.8901391503420693,918394.926272619,28.395854213075538,19,19
5,PySIPS_500_10_best,557,0.8880016110112022,1508198.99928581,25.49704811561154,22,22
6,PySIPS_500_10_best,557,-0.0035290448498828,8624028.448801147,0.0,24,24
7,PySIPS_500_10_best,557,-0.0570482778606573,9083956.729314424,0.0,20,20
8,PySIPS_500_10_best,557,0.8227484370266263,2386914.957544852,23.15891456916265,25,25
9,PySIPS_500_10_best,557,0.9050945649144864,793373.3475539268,24.57405232878382,23,23
10,PySIPS_500_10_best,557,-1.1604873379545522,29093675.99384517,10.764373132350698,29,29
11,PySIPS_500_10_best,557,-0.0773627404989065,9006342.821033636,0.0,22,22
12,PySIPS_500_10_best,557,-0.0543497172364828,8813962.697739387,0.0,25,25
13,PySIPS_500_10_best,557,0.8814339003527238,991167.5058316056,27.65435657719145,19,19
14,PySIPS_500_10_best,557,0.8681899532338132,1774987.858516987,21.53370172850941,26,26
15,PySIPS_500_10_best,557,0.905189066184988,1276748.3246161393,25.48167157333755,21,21
16,PySIPS_500_10_best,557,-20.73257157347985,186763219.7365386,24.528601514449864,24,24
17,PySIPS_500_10_best,557,-1.6472924461718277,22750039.458496574,25.143051042168565,23,23
18,PySIPS_500_10_best,557,0.8604809255743098,1166326.4071757153,27.14202199040369,20,20
21,PySIPS_500_10_best,557,0.0053459234241342,13394266.61822178,0.249318803200599,20,20
22,PySIPS_500_10_best,557,0.7023786646513515,2488001.186826329,29.09530940413234,18,18
23,PySIPS_500_10_best,557,-0.7026654170723965,14233635.41287029,20.029784432880408,25,25
24,PySIPS_500_10_best,557,-1.9002920528817784,24924242.404589187,27.922202667011874,20,20
25,PySIPS_500_10_best,557,0.8814830719894157,1595979.3157548911,32.292638626520095,14,14
26,PySIPS_500_10_best,557,-0.0077448412351397,8424363.656839304,0.0637698394864709,21,21
27,PySIPS_500_10_best,557,-0.0579214826732721,14246241.717373084,0.0,11,11
28,PySIPS_500_10_best,557,0.0361212773787456,8057659.586229042,1.4866770183370406,19,19
29,PySIPS_500_10_best,557,0.8617234781937189,1862067.068070192,25.670582529800694,22,22
0,PySIPS_500_50_best,557,-0.0004614799658426,8597666.71371807,0.0,1,1
1,PySIPS_500_50_best,557,-34.523775144680506,305280698.180856,34.85532528457145,12,12
2,PySIPS_500_50_best,557,-0.0004614799658428,8597666.713718072,0.0,1,1
3,PySIPS_500_50_best,557,-0.0003641230574906,13471159.567015208,0.0,1,1
4,PySIPS_500_50_best,557,-5.61410382649008e-06,8359666.66102323,0.0,1,1
5,PySIPS_500_50_best,557,-0.0003641230574902,13471159.567015205,0.0,1,1
6,PySIPS_500_50_best,557,0.0034599675277956,8563966.966890438,0.13552504792894,10,10
7,PySIPS_500_50_best,557,-0.0004614799658422,8597666.713718066,0.0,1,1
8,PySIPS_500_50_best,557,-0.0003641230574908,13471159.567015214,0.0,1,1
9,PySIPS_500_50_best,557,-5.61410382649008e-06,8359666.66102323,0.0,1,1
10,PySIPS_500_50_best,557,-0.0003641230574904,13471159.567015206,0.0,1,1
11,PySIPS_500_50_best,557,-5.61410382649008e-06,8359666.66102323,0.0,1,1
12,PySIPS_500_50_best,557,-5.61410382649008e-06,8359666.66102323,0.0,1,1
13,PySIPS_500_50_best,557,-2.2801645356951283e-05,8359810.342334506,0.0,11,11
14,PySIPS_500_50_best,557,-0.0003641230574902,13471159.567015205,0.0,1,1
16,PySIPS_500_50_best,557,-0.0004614799658428,8597666.713718072,0.0,1,1
17,PySIPS_500_50_best,557,-0.0004614799658428,8597666.713718072,0.0,1,1
18,PySIPS_500_50_best,557,-5.61410382649008e-06,8359666.66102323,0.0,1,1
19,PySIPS_500_50_best,557,-0.0004614799658426,8597666.71371807,0.0,1,1
20,PySIPS_500_50_best,557,-0.0004614799658426,8597666.71371807,0.0,1,1
21,PySIPS_500_50_best,557,-0.0003641230574904,13471159.567015206,0.0,1,1
22,PySIPS_500_50_best,557,-5.61410382649008e-06,8359666.66102323,0.0,1,1
23,PySIPS_500_50_best,557,-5.614103826268035e-06,8359666.661023229,0.0,1,1
24,PySIPS_500_50_best,557,-0.0004614799658428,8597666.713718072,0.0,1,1
25,PySIPS_500_50_best,557,-0.0003641230574902,13471159.567015205,0.0,1,1
26,PySIPS_500_50_best,557,-5.61410382649008e-06,8359666.66102323,0.0,1,1
27,PySIPS_500_50_best,557,-0.0003641230574902,13471159.567015205,0.0,1,1
28,PySIPS_500_50_best,557,-0.0832712077887563,9055735.360759491,0.0,14,14
29,PySIPS_500_50_best,557,-0.0003641230574902,13471159.567015205,0.0,1,1
1,PySIPS_unlimited,557,0.4402628669444351,4810213.50014207,36.524087170451075,26,26
2,PySIPS_unlimited,557,-1.8407777848285192,24412794.586078204,26.127966227736092,22,22
6,PySIPS_unlimited,557,-2.1336181873652715,26929377.414842386,32.723071339490595,23,23
7,PySIPS_unlimited,557,-0.3074059774635098,11235455.91594174,32.92065635079917,15,15
16,PySIPS_unlimited,557,-1.9295400920150767,25175591.30460528,37.24739620140064,20,20
19,PySIPS_unlimited,557,-0.5621201598844099,13424393.412852518,6.976877734600125,11,11
20,PySIPS_unlimited,557,-1.8909016309445508,24843543.92720231,34.778819967790945,20,20
0,PySIPS,606,0.7854700738900904,0.2284888642842404,33.721801349841016,15,15
1,PySIPS,606,0.8100365680314349,0.2023238883874722,34.83196971524599,18,18
2,PySIPS,606,0.7519619571591365,0.2641772723072633,33.27440240025806,16,16
3,PySIPS,606,0.7827187706086041,0.2062879956280695,33.80447664484217,14,14
4,PySIPS,606,0.8052625561407347,0.1912071493523928,36.11468599774966,15,15
5,PySIPS,606,0.7790138279566734,0.2098054885828198,28.419523326303004,15,15
6,PySIPS,606,0.7976851871204712,0.2154789434786778,31.673174575067364,16,16
7,PySIPS,606,0.7736815027437568,0.2410444889544309,33.32596025695702,17,17
8,PySIPS,606,0.7742890813639767,0.2142911890144124,29.08029082320726,16,16
9,PySIPS,606,0.8101941580025112,0.1863649499528121,32.05925571283914,17,17
10,PySIPS,606,0.8118103488188078,0.1786682910845632,31.21743194715536,27,27
11,PySIPS,606,0.784207281758845,0.2118807235434101,34.24356632819434,16,16
12,PySIPS,606,0.8078194639293707,0.1886965944240077,33.477822750236555,19,19
13,PySIPS,606,0.7584141793614554,0.2372062361136759,33.060769937892445,20,20
14,PySIPS,606,0.8423576108919623,0.1496665522659503,33.37819445047808,22,22
15,PySIPS,606,0.8640305840104089,0.1290901122465879,32.00428006242525,23,23
16,PySIPS,606,0.7595057034308607,0.2561426728957497,34.64960613389637,16,16
17,PySIPS,606,0.804453772028617,0.2082699432868754,33.603597123473705,15,15
18,PySIPS,606,0.8144323839304457,0.1822035566330075,31.903294110929927,18,18
19,PySIPS,606,0.8947454301362099,0.112103227577594,30.84858709785577,27,27
20,PySIPS,606,0.7609726220330384,0.2545803054839543,33.922523708934634,14,14
21,PySIPS,606,0.7650437837543814,0.2230687254735461,33.04086119927488,16,16
22,PySIPS,606,0.8016290986387067,0.1947747377806251,33.990443698582006,15,15
23,PySIPS,606,0.798729010375255,0.1976222518423053,31.26669749967003,17,17
24,PySIPS,606,0.8034216722060352,0.2093691993233915,32.75828079377851,21,21
25,PySIPS,606,0.8088012668237341,0.1815251300999856,32.549927454199654,17,17
26,PySIPS,606,0.8428950712828587,0.154256854634103,33.85579179805495,19,19
27,PySIPS,606,0.7630660972830308,0.2249463518994386,31.37313654906255,22,22
28,PySIPS,606,0.7955104267866905,0.2007824873919029,33.39623484395474,18,18
29,PySIPS,606,0.8067345814799826,0.1834872525454015,33.01353097639999,18,18
0,PySIPS_1000_50,606,0.5224082148192215,0.5086675158389397,25.422405949622657,6,6
1,PySIPS_1000_50,606,0.6344446097702447,0.3893411863843496,29.005728642986615,8,8
2,PySIPS_1000_50,606,0.6215561295227996,0.4030682885536752,28.88850454102123,6,6
3,PySIPS_1000_50,606,0.6771398352977818,0.3065252181751801,29.409791511470132,8,8
4,PySIPS_1000_50,606,0.4430903483468863,0.5468137243106758,22.832594000083446,12,12
5,PySIPS_1000_50,606,0.6544961667471754,0.3280232417829014,27.913535987597022,8,8
6,PySIPS_1000_50,606,0.6370415675831569,0.3865752508711739,30.00450464212273,8,8
7,PySIPS_1000_50,606,0.6207942099057522,0.4038797844187596,28.87188766198296,8,8
8,PySIPS_1000_50,606,0.6726271560595641,0.3108095806926961,29.224241061433553,8,8
9,PySIPS_1000_50,606,0.624955524571781,0.3682454879032828,29.858483860857135,8,8
10,PySIPS_1000_50,606,0.6783871168374482,0.3053410422133522,27.553095613486214,11,11
11,PySIPS_1000_50,606,0.4378024055230036,0.5520058047511676,23.31018404532955,10,10
12,PySIPS_1000_50,606,0.6128067240271615,0.380174049119616,29.41390807667094,8,8
13,PySIPS_1000_50,606,0.6239314580199107,0.3692509896817275,30.24081120502717,12,12
14,PySIPS_1000_50,606,0.6726242657507548,0.3108123247677949,29.22424105219501,8,8
15,PySIPS_1000_50,606,0.7518135509002981,0.2356295813965638,31.857537265403256,20,20
16,PySIPS_1000_50,606,0.6880935684223313,0.3322014210624375,30.284355859900007,11,11
17,PySIPS_1000_50,606,0.6215559400560051,0.4030684903486113,28.888504540645176,6,6
18,PySIPS_1000_50,606,0.6355401530740257,0.3578527426625119,28.54409990109841,11,11
19,PySIPS_1000_50,606,0.7465367701599301,0.2699554629702444,32.40974123549902,13,13
20,PySIPS_1000_50,606,0.6215569752914831,0.4030673877528898,28.698789985295104,6,6
21,PySIPS_1000_50,606,0.6524578365775526,0.3299584436698636,28.313168706451272,6,6
22,PySIPS_1000_50,606,0.6012972712601625,0.3914748529638643,28.792236979613065,17,17
23,PySIPS_1000_50,606,0.6128067239881418,0.3801740491579283,29.738787474540782,8,8
24,PySIPS_1000_50,606,0.4813861634823461,0.5523587718354125,23.2589011498167,7,7
25,PySIPS_1000_50,606,0.663368083590165,0.3196001950795781,29.803052043849096,9,9
26,PySIPS_1000_50,606,0.6340418861941379,0.3593238482362271,29.851920181946447,8,8
27,PySIPS_1000_50,606,0.699707059232334,0.2850997715068774,30.40964504208351,15,15
28,PySIPS_1000_50,606,0.6340404059252118,0.3593253016701228,30.07390455852269,8,8
29,PySIPS_1000_50,606,0.5891001916725476,0.3901105406171115,26.851470690962667,6,6
0,PySIPS_500_10_best,606,-0.0075079906430646,1.073064074153416,0.194120354975262,20,20
1,PySIPS_500_10_best,606,0.7825904146582079,0.2315558959070516,27.90381541985445,15,15
2,PySIPS_500_10_best,606,0.8229833536888712,0.1885346870175731,25.953241941704555,18,18
3,PySIPS_500_10_best,606,0.5390474992602987,0.4376308424049472,15.930356358341703,20,20
4,PySIPS_500_10_best,606,-0.92453456932072,1.8896456764416023,0.0,10,10
5,PySIPS_500_10_best,606,0.801938949873619,0.1880402515992927,28.124329289189436,14,14
6,PySIPS_500_10_best,606,0.8151729297893134,0.1968533161186438,22.90184553944154,22,22
7,PySIPS_500_10_best,606,0.7832209928490893,0.2308842875338539,27.29314272374708,15,15
8,PySIPS_500_10_best,606,0.7908823368342406,0.1985374609013442,28.489094595224703,14,14
9,PySIPS_500_10_best,606,0.764214726393387,0.2315108442019814,25.97037321780374,17,17
10,PySIPS_500_10_best,606,0.5313089189859168,0.4449778931293959,18.172207315128798,19,19
11,PySIPS_500_10_best,606,0.6512856209519101,0.3423927162367479,23.608705650941783,16,16
12,PySIPS_500_10_best,606,0.2601301759683533,0.7264571062521773,7.400546915599433,22,22
13,PySIPS_500_10_best,606,-0.8038629769032857,1.7711616769770404,0.0,30,30
14,PySIPS_500_10_best,606,0.7293246419695478,0.2569806753690207,22.611321795742164,18,18
15,PySIPS_500_10_best,606,0.7784959740326821,0.2102971419497834,27.815753175630498,14,14
16,PySIPS_500_10_best,606,0.8590991535565362,0.1500689202869588,26.40545268055954,19,19
17,PySIPS_500_10_best,606,0.8622523844704075,0.1467105163411741,25.727217434470308,20,20
18,PySIPS_500_10_best,606,0.7573491480116838,0.2382519600603654,28.08576383387824,14,14
19,PySIPS_500_10_best,606,0.6576088620637197,0.3646696927866776,23.09515102986102,16,16
20,PySIPS_500_10_best,606,-inf,inf,0.0,22,22
21,PySIPS_500_10_best,606,0.2390636264912684,0.7224371830520586,6.43832625467445,16,16
22,PySIPS_500_10_best,606,0.793703756535838,0.2025564054512101,28.179342607384946,15,15
23,PySIPS_500_10_best,606,0.7909834760600145,0.2052273713677448,26.533907530221782,17,17
24,PySIPS_500_10_best,606,0.7089282023865133,0.3100111283672593,19.315003734137786,23,23
25,PySIPS_500_10_best,606,0.7812455194831612,0.207686708358919,19.53937355645329,26,26
26,PySIPS_500_10_best,606,-inf,inf,0.0,17,17
27,PySIPS_500_10_best,606,0.7784959740186762,0.2102971419630807,27.815753175630498,14,14
28,PySIPS_500_10_best,606,0.5463595584269259,0.4454166283852109,21.72410241826896,14,14
29,PySIPS_500_10_best,606,0.8362481096343355,0.1554669464014822,24.647107064616065,20,20
0,PySIPS_500_50_best,606,0.2060854823434825,0.8455725957094287,8.916584142168112,3,3
1,PySIPS_500_50_best,606,0.5235213768825897,0.5074819230396721,22.556169570780344,9,9
2,PySIPS_500_50_best,606,0.4607133945857175,0.5743766672985436,19.90340184215715,6,6
3,PySIPS_500_50_best,606,0.2670669113461845,0.6958507102126738,9.738418215361857,4,4
4,PySIPS_500_50_best,606,0.3792980925495935,0.6094495232614622,20.853963938558092,4,4
5,PySIPS_500_50_best,606,0.479011490091635,0.494629360093758,23.039785296083533,4,4
6,PySIPS_500_50_best,606,0.5229119958545397,0.5081309550024398,21.983442114876276,4,4
7,PySIPS_500_50_best,606,0.2060854823434827,0.8455725957094283,8.916584142168112,3,3
8,PySIPS_500_50_best,606,0.3658861343381175,0.6020311957629992,12.80766085259285,7,7
9,PySIPS_500_50_best,606,0.4392001434267802,0.5506334057156945,18.910103171689737,10,10
10,PySIPS_500_50_best,606,-0.5689702628754594,1.4895890069988729,0.0,6,6
11,PySIPS_500_50_best,606,-0.4441461067171379,1.4179659280795402,0.0,4,4
12,PySIPS_500_50_best,606,0.4104293958051775,0.5788825833183309,18.03572422525946,9,9
13,PySIPS_500_50_best,606,0.4747532432592578,0.5157248296612512,23.137560121788162,4,4
14,PySIPS_500_50_best,606,0.481089481337343,0.4926565037627696,19.083818608215104,7,7
15,PySIPS_500_50_best,606,0.2112800967058895,0.748815019218359,11.578659521280949,7,7
16,PySIPS_500_50_best,606,0.2725215935618306,0.7748136490440355,14.630980734671313,6,6
17,PySIPS_500_50_best,606,-0.3705227775332613,1.4596993463458454,0.0,4,4
18,PySIPS_500_50_best,606,-0.5627133449492852,1.5343837221086072,0.0,4,4
19,PySIPS_500_50_best,606,0.3823690419423349,0.6578186955654971,16.245779607692963,5,5
20,PySIPS_500_50_best,606,0.5224088098603935,0.5086668820798923,23.17339457930146,8,8
21,PySIPS_500_50_best,606,0.4606263437407135,0.5120843192758441,18.42972270433643,6,6
22,PySIPS_500_50_best,606,0.3792984211004845,0.6094492006667006,20.853963937935912,4,4
23,PySIPS_500_50_best,606,0.4747532394418092,0.5157248334094953,23.137560121788106,4,4
24,PySIPS_500_50_best,606,0.5235209256011566,0.5074824036848856,24.206621002511095,6,6
25,PySIPS_500_50_best,606,0.4810895214320525,0.4926564656966316,19.527628343346446,6,6
26,PySIPS_500_50_best,606,0.2503251152024941,0.736084416137285,7.159031045750488,24,24
27,PySIPS_500_50_best,606,0.5544242820834568,0.4230320401214628,23.54026216883467,6,6
28,PySIPS_500_50_best,606,0.2124392496603849,0.7732834683970545,14.123018321651548,5,5
29,PySIPS_500_50_best,606,0.2843051318336069,0.6794846487608605,11.850418947709718,9,9
0,PySIPS_unlimited,606,0.8196913511944088,0.1920408920716652,35.572703218093274,17,17
1,PySIPS_unlimited,606,0.8486315848000328,0.1612175881691513,29.069748923910694,21,21
2,PySIPS_unlimited,606,0.7927332087263104,0.2207531350087781,32.798695988571005,16,16
6,PySIPS_unlimited,606,0.7981632239619739,0.2149698019477894,34.076648345616206,20,20
7,PySIPS_unlimited,606,0.8390753547953035,0.1713956187134815,33.798978600875415,24,24
10,PySIPS_unlimited,606,0.7726669779977721,0.2158312228822856,33.41383324437484,21,21
14,PySIPS_unlimited,606,0.7883124553068589,0.2009773205743131,26.256260763283812,19,19
16,PySIPS_unlimited,606,0.8061484407464155,0.2064650066158517,33.533591393002126,20,20
17,PySIPS_unlimited,606,0.7917019203557276,0.221851526794096,33.75748298383945,19,19
19,PySIPS_unlimited,606,0.8589772174784132,0.1501987904477836,32.96705910910486,26,26
20,PySIPS_unlimited,606,0.7554425213526207,0.2604702363050687,32.9924142474786,19,19
21,PySIPS_unlimited,606,0.9024373939378448,0.0926264754170703,31.57843071434311,30,30
24,PySIPS_unlimited,606,0.8349405435186361,0.1757994720581724,32.15450068830665,17,17
0,PySIPS,678,0.2118614137541645,10.853561146824717,25.12018953768776,14,14
1,PySIPS,678,0.1460524959326555,11.759824494473222,23.07689095815079,13,13
2,PySIPS,678,0.1885366323106089,11.17476980993538,24.528768491811064,20,20
3,PySIPS,678,0.3954498864338098,5.177413028106119,19.062586665022135,11,11
4,PySIPS,678,0.4613565883258747,7.024154083288551,15.789891464119584,10,10
5,PySIPS,678,0.4206245258916092,4.9618155062765,19.58852666033705,10,10
6,PySIPS,678,0.1586194141324781,11.586763794884058,22.891805623493116,7,7
7,PySIPS,678,0.1817044188626073,11.268857128739633,24.085214188213325,10,10
8,PySIPS,678,-0.0936034232936255,9.365702667628312,18.539375840956033,13,13
9,PySIPS,678,0.4923668709482143,6.619765950834388,16.910987800827314,9,9
10,PySIPS,678,0.2934382377798751,6.051048524829318,19.287895063479695,13,13
11,PySIPS,678,0.3662012558897136,8.265022721783117,17.174668256027708,19,19
12,PySIPS,678,0.5156678257670333,6.315910945114672,17.74855536889143,17,17
13,PySIPS,678,0.4515144871699224,7.152499540643827,15.513145356327518,14,14
14,PySIPS,678,0.0265746765483135,8.336488304993727,19.506698293262893,13,13
15,PySIPS,678,0.0058504489109698,8.513972162426288,19.030203663382153,13,13
16,PySIPS,678,0.1804534810141151,11.286083959992952,24.400135729559352,11,11
17,PySIPS,678,0.1947827336891262,11.088753918283734,24.493205937008568,11,11
18,PySIPS,678,0.5650973253860572,5.671327879474335,16.752647447575157,9,9
19,PySIPS,678,0.1861479932388311,11.207664075836922,24.258755774290847,12,12
20,PySIPS,678,0.2016744979744807,10.993846516989128,23.39424221803658,14,14
21,PySIPS,678,0.413615828048313,5.021838526220848,18.000643192067127,8,8
22,PySIPS,678,0.4498611363458201,7.174059984326098,15.099403050378125,19,19
23,PySIPS,678,0.4365034268056154,7.348250567514695,16.012721765025535,15,15
24,PySIPS,678,0.2055730302431792,10.94015931133823,23.97527701806954,9,9
25,PySIPS,678,0.3463094648195384,5.598255326144163,16.292869861965286,5,5
26,PySIPS,678,0.3599017251957873,8.347171455597604,18.222434003695255,16,16
27,PySIPS,678,0.4170746934987668,4.992216540145933,18.90294725488336,13,13
28,PySIPS,678,0.5339684118558543,6.077263012704546,14.579753911489469,14,14
29,PySIPS,678,0.4206252271466447,4.9618095006751854,19.596332005210172,9,9
0,PySIPS_1000_50,678,0.1569003502809903,11.610437251498196,20.570180704365733,7,7
1,PySIPS_1000_50,678,0.134035451353666,11.925312811399122,23.187732735307314,8,8
2,PySIPS_1000_50,678,0.1658818055656892,11.48675243791194,20.75592441604156,8,8
3,PySIPS_1000_50,678,0.3725894308357359,5.373191703828675,18.514992213519207,12,12
4,PySIPS_1000_50,678,0.4488990789772218,7.18660564820602,15.844300351991976,8,8
5,PySIPS_1000_50,678,0.0318269621568757,8.29150733265267,19.01723714913484,12,12
6,PySIPS_1000_50,678,0.1586194141324824,11.586763794883998,22.066611903824377,13,13
7,PySIPS_1000_50,678,0.1943633636275801,11.094529119099391,22.531612069144373,12,12
8,PySIPS_1000_50,678,0.2102555746572765,6.763431161271172,21.28645205480428,21,21
9,PySIPS_1000_50,678,0.3857257626147035,8.010414309864952,16.628728093022296,8,8
10,PySIPS_1000_50,678,0.3107547081895182,5.902748958775422,18.15019908183681,20,20
11,PySIPS_1000_50,678,0.562886493813497,5.700158124644505,16.344657169160136,11,11
12,PySIPS_1000_50,678,0.4200351669581115,7.563004135729662,16.09450842194503,9,9
13,PySIPS_1000_50,678,0.4637315209901582,6.993183885547685,16.096446335474027,14,14
14,PySIPS_1000_50,678,0.372782559381563,5.371537736313283,18.606353591495242,13,13
15,PySIPS_1000_50,678,0.4124847474928839,5.03152518589075,18.02948378776174,7,7
16,PySIPS_1000_50,678,0.0781441772121244,12.694998970731444,23.380640155126304,8,8
17,PySIPS_1000_50,678,0.1437259137813084,11.7918641662815,20.44718210824886,23,23
18,PySIPS_1000_50,678,0.565097337293708,5.671327724193175,16.429077292511465,9,9
19,PySIPS_1000_50,678,0.1367676522742054,11.887687309648552,20.339504270340882,4,4
20,PySIPS_1000_50,678,0.1580227574348984,11.594980433510637,19.686972607756662,17,17
21,PySIPS_1000_50,678,0.3394541894058875,5.656964424763836,17.17256507915802,17,17
22,PySIPS_1000_50,678,0.5606034166463989,5.72993048509331,16.15010653582694,27,27
23,PySIPS_1000_50,678,0.4640737359742464,6.9887212471384,14.738058965057657,11,11
24,PySIPS_1000_50,678,0.1450106899406852,11.774171343154794,22.973876140822433,12,12
25,PySIPS_1000_50,678,0.4206279008525627,4.961786602854901,19.588861255898433,9,9
26,PySIPS_1000_50,678,0.4835549024849409,6.734678011246924,14.981984839800145,16,16
27,PySIPS_1000_50,678,0.1452953540533297,7.319755417798995,18.35998313229516,13,13
28,PySIPS_1000_50,678,0.4176045297754533,7.594700745623203,14.607852723867879,13,13
29,PySIPS_1000_50,678,0.4240037413246679,4.932875648992064,19.181163730315888,10,10
0,PySIPS_500_10_best,678,0.1367676522742048,11.88768730964856,20.339504270340885,4,4
1,PySIPS_500_10_best,678,0.1435263398798578,11.794612524984531,18.955895830687002,7,7
2,PySIPS_500_10_best,678,0.1367676522742051,11.887687309648555,20.339504270340882,4,4
3,PySIPS_500_10_best,678,0.3463094648195386,5.598255326144161,16.292869861965286,5,5
4,PySIPS_500_10_best,678,0.4627612279281183,7.005836946600694,14.21152194635148,5,5
5,PySIPS_500_10_best,678,0.3463094648195384,5.598255326144163,16.292869861965286,5,5
6,PySIPS_500_10_best,678,0.1367676522742054,11.887687309648552,20.339504270340882,4,4
7,PySIPS_500_10_best,678,0.1635033247686919,11.51950681286232,19.746053885643498,5,5
8,PySIPS_500_10_best,678,0.3463094648195386,5.598255326144161,16.292869861965286,5,5
9,PySIPS_500_10_best,678,0.4627612279281201,7.005836946600671,14.211521946351473,5,5
10,PySIPS_500_10_best,678,0.3463094648195403,5.598255326144147,16.29286986196528,5,5
11,PySIPS_500_10_best,678,0.4627612279281231,7.005836946600633,14.21152194635148,5,5
12,PySIPS_500_10_best,678,0.4627612279281236,7.005836946600627,14.211521946351478,5,5
13,PySIPS_500_10_best,678,0.4627612279281151,7.005836946600737,14.211521946351478,5,5
14,PySIPS_500_10_best,678,0.3463094648195384,5.598255326144163,16.292869861965286,5,5
15,PySIPS_500_10_best,678,0.346309464819538,5.598255326144167,16.29286986196529,5,5
16,PySIPS_500_10_best,678,0.1367676522742048,11.88768730964856,20.339504270340885,4,4
17,PySIPS_500_10_best,678,0.1367676522742044,11.887687309648566,20.339504270340882,4,4
18,PySIPS_500_10_best,678,0.4627612279281142,7.005836946600748,14.21152194635148,5,5
19,PySIPS_500_10_best,678,-0.2418770571032966,17.102053891706134,0.0,5,5
20,PySIPS_500_10_best,678,0.136767652274205,11.887687309648555,20.339504270340885,4,4
21,PySIPS_500_10_best,678,0.3520098429380711,5.5494368555596045,15.949185701223072,4,4
22,PySIPS_500_10_best,678,0.4627612279281177,7.005836946600703,14.21152194635148,5,5
23,PySIPS_500_10_best,678,0.4627612279281122,7.005836946600774,14.211521946351478,5,5
24,PySIPS_500_10_best,678,0.1367676522742051,11.887687309648555,20.339504270340882,4,4
25,PySIPS_500_10_best,678,0.346309464819538,5.598255326144167,16.29286986196529,5,5
26,PySIPS_500_10_best,678,0.4627612279281182,7.005836946600695,14.211521946351473,5,5
28,PySIPS_500_10_best,678,0.4627612279281197,7.005836946600677,14.211521946351478,5,5
29,PySIPS_500_10_best,678,0.3463094648195391,5.598255326144156,16.292869861965286,5,5
0,PySIPS_500_50_best,678,0.1367676522742051,11.887687309648555,20.339504270340882,4,4
1,PySIPS_500_50_best,678,0.1367676522742049,11.887687309648555,20.339504270340882,4,4
2,PySIPS_500_50_best,678,0.1635033247686947,11.519506812862282,19.746053885643494,5,5
4,PySIPS_500_50_best,678,0.462761227928119,7.005836946600686,14.211521946351473,5,5
5,PySIPS_500_50_best,678,0.3520098429380716,5.549436855559602,15.949185701223072,4,4
6,PySIPS_500_50_best,678,0.1635033247686973,11.519506812862248,19.746053885643498,5,5
7,PySIPS_500_50_best,678,0.1367676522742054,11.887687309648552,20.339504270340882,4,4
8,PySIPS_500_50_best,678,0.3463094648195384,5.598255326144163,16.292869861965286,5,5
9,PySIPS_500_50_best,678,0.4627612279281179,7.0058369466007,14.21152194635148,5,5
10,PySIPS_500_50_best,678,0.3463094648195384,5.598255326144163,16.292869861965286,5,5
11,PySIPS_500_50_best,678,0.4627612279281162,7.005836946600722,14.21152194635148,5,5
12,PySIPS_500_50_best,678,0.4627612279281191,7.0058369466006845,14.211521946351473,5,5
13,PySIPS_500_50_best,678,0.4627612279281022,7.005836946600905,14.211521946351478,5,5
14,PySIPS_500_50_best,678,0.3463094648195345,5.598255326144197,16.29286986196528,5,5
15,PySIPS_500_50_best,678,0.3520098429380716,5.549436855559602,15.949185701223078,4,4
16,PySIPS_500_50_best,678,0.1635033247687011,11.519506812862192,19.746053885643505,5,5
17,PySIPS_500_50_best,678,0.1635033247686906,11.519506812862335,19.746053885643498,5,5
18,PySIPS_500_50_best,678,0.4627612279281181,7.005836946600697,14.21152194635148,5,5
19,PySIPS_500_50_best,678,0.1367676522742048,11.88768730964856,20.339504270340885,4,4
21,PySIPS_500_50_best,678,0.3463094648195384,5.598255326144163,16.292869861965286,5,5
22,PySIPS_500_50_best,678,0.5193973784297314,6.267275888977792,13.820523942345522,9,9
23,PySIPS_500_50_best,678,-0.0303170520184226,13.435801072037274,0.0,5,5
24,PySIPS_500_50_best,678,0.1635033247686923,11.519506812862314,19.746053885643498,5,5
25,PySIPS_500_50_best,678,0.3463094648195384,5.598255326144163,16.292869861965286,5,5
26,PySIPS_500_50_best,678,0.4627612279281278,7.005836946600571,14.21152194635148,5,5
27,PySIPS_500_50_best,678,0.3463094648195384,5.598255326144163,16.292869861965286,5,5
28,PySIPS_500_50_best,678,0.4627612279281177,7.005836946600703,14.21152194635148,5,5
29,PySIPS_500_50_best,678,0.3463094648195384,5.598255326144163,16.292869861965286,5,5
0,PySIPS_unlimited,678,0.1603311743145899,11.563190918070925,24.01622339064452,12,12
1,PySIPS_unlimited,678,0.2050042749087485,10.947991716587198,24.19857792034574,18,18
2,PySIPS_unlimited,678,0.1746862622757562,11.365505095204782,24.467975796014112,10,10
3,PySIPS_unlimited,678,0.3426312717147695,5.62975565088678,20.119497530097544,20,20
4,PySIPS_unlimited,678,0.5565869489355239,5.782307043425388,15.98646071269846,15,15
5,PySIPS_unlimited,678,0.4171421050374432,4.9916392226155,18.852349246064033,9,9
6,PySIPS_unlimited,678,0.1824434372881627,11.258680007849506,24.107004083064503,15,15
7,PySIPS_unlimited,678,0.1947827336891257,11.088753918283745,24.502273037911216,12,12
8,PySIPS_unlimited,678,0.3401007328972725,5.651427377262864,17.233273767756,7,7
9,PySIPS_unlimited,678,0.4656862812326935,6.9676929265164045,16.13569652286004,10,10
10,PySIPS_unlimited,678,0.3992466543465609,5.1448972197139655,19.943815339445536,15,15
11,PySIPS_unlimited,678,0.5610381682585679,5.724261127136545,16.76105544969178,10,10
12,PySIPS_unlimited,678,0.5028649557846558,6.482866169137602,16.898800321829558,17,17
13,PySIPS_unlimited,678,0.5267362598677385,6.171573550654688,15.96056010849561,15,15
14,PySIPS_unlimited,678,0.4032422524997326,5.110678614061444,19.542969569462166,18,18
15,PySIPS_unlimited,678,0.4206134604673401,4.96191027140926,19.596160020811638,9,9
16,PySIPS_unlimited,678,0.2171952247236791,10.780108527560149,24.7605178613537,17,17
17,PySIPS_unlimited,678,0.1586194141324781,11.586763794884058,22.450966366171723,7,7
18,PySIPS_unlimited,678,0.5221088856318096,6.231916606802322,15.749338650699674,11,11
19,PySIPS_unlimited,678,0.1833772107084516,11.245820890060768,24.365350007736566,13,13
20,PySIPS_unlimited,678,0.2028398125748846,10.977798814857175,25.01514970297695,12,12
21,PySIPS_unlimited,678,0.2717781321049205,6.236547312762946,19.522971356016637,13,13
22,PySIPS_unlimited,678,0.5298388856834687,6.13111390458802,17.45792641525478,19,19
23,PySIPS_unlimited,678,0.330560011932428,8.729800687780985,17.615838047198654,12,12
24,PySIPS_unlimited,678,0.206001104800783,10.934264239751284,24.605085674020387,21,21
25,PySIPS_unlimited,678,0.4167530747933707,4.994970907133936,19.465907075976656,11,11
26,PySIPS_unlimited,678,0.3265478439704586,8.782121175439631,18.383724576218057,23,23
27,PySIPS_unlimited,678,0.4206137942505651,4.961907412864404,19.628068009908993,9,9
28,PySIPS_unlimited,678,0.4584439522529541,7.062136177047299,15.815245824217325,13,13
29,PySIPS_unlimited,678,0.4208469509908926,4.9599106408551465,18.780012114938142,8,8
